municipio,exames,tat_mediano_dias,tat_p90_dias,tat_lab_mediano_dias,logistica_mediana_dias,pct_liberado_48h,pct_liberado_48h_coleta,pct_liberado_7d,pct_liberado_14d,pct_rejeitado,backlog_estimado,pct_inconclusivo,pct_liberado,fonte,anos_referencia,interpretacao,volume_norm,backlog_norm,tat_p90_norm,rejeicao_norm,indice_pressao_rede,faixa_pressao,formula_pressao,sla_48h_fonte,sla_crise,tipo_sinal_sla,pct_liberado_48h_limiar_crise,tat_p90_limiar_crise,exames_ultima_se,exames_mediana_8se,razao_exames_vs_hist,silencio_gal_alerta,tipo_silencio_gal,silencio_gal_vs_vizinhos,exames_mediana_vizinhos,epi_year_ref,epi_week_ref,fonte_silencio,nota_silencio,silencio_sinan_territorial,silencio_gal_distinto_sinan,divergencia_gal_notif,tipo_divergencia,fonte_divergencia,exames_janela,notificacoes_janela,prioridade_emergencia,sinal,acao_sugerida,responsavel,prazo_acao,checklist_operacional,tipo_sinal_pressao,prob_pressao_alta_proxima_janela,limiar_pressao_predita,pressao_predita_acima_limiar,faixa_pressao_predita,drivers_pressao_predita,acao_pressao_predita,tipo_sinal_pressao_predita
CUIABA,96629.0,8.672916666666667,151.79722222222222,2.9451388888888888,3.588888888888889,0.4236510094586495,0.1504125099695357,0.43939176026045,0.6214975876992272,0.0634074656676567,34944.0,0.0,0.5103540345030995,gal_lacen_microdados,>=2024,Rejeição elevada — capacitar coleta/envio de amostras,1.0,0.3616,1.0,0.6341,75.36,critica,"indice_pressao_rede = 100 × clip( 0,30·volume_norm + 0,30·backlog_norm + 0,25·tat_p90_norm + 0,15·rejeicao_norm ; 0–1 ). volume_norm = exames/p95(exames); backlog_norm = backlog/max(exames,1) limitado a 1; tat_p90_norm = min(tat_p90/14, 2)/2; rejeicao_norm = min(pct_rejeitado/0,05, 2)/2.",gal_lacen_microdados,True,Observado,0.2768586387434555,151.14791666666676,2.0,4.0,0.5,False,estavel,False,0.0,2026.0,21.0,gal_weekly_vs_historico,Alerta de silêncio GAL (exames) — distinto do silêncio SINAN/territorial em municipios_silenciosos.,False,False,False,,,,,CRÍTICO,risco,"SLA de crise: reforçar liberação ≤48h, triagem de backlog e comunicação CIEVS/LACEN.",CIEVS / Sala de Situação + vigilância municipal,24–48h,1) Conferir % liberado ≤48h e TAT p90; 2) Priorizar backlog; 3) Articular rede municipal; 4) Reavaliar em 48h,Derivado,0.5528,0.44999999999999996,True,alta,backlog_estimado=3.15e+04 (imp=0.229); cnes_leitos_total=6.2e+04 (imp=0.00226); cnes_estabelecimentos=5.25e+04 (imp=0.00149); tests_ma8=21 (imp=0.267); tests_ma4=14.2 (imp=0.358),"Pressão predita alta: antecipar triagem de backlog, reforçar liberação ≤48h e articular rede municipal.",Predito
VARZEA GRANDE,62551.0,6.479861111111111,123.38333333333334,3.8694444444444445,1.5854166666666667,0.365007075775119,0.1875603123080972,0.52112027370822,0.6468988507763839,0.11023005227734169,22465.0,0.0,0.3809851161452255,gal_lacen_microdados,>=2024,SLA crise: baixa liberação ≤48h — priorizar liberação/triagem,1.0,0.3591,1.0,1.0,80.77,critica,"indice_pressao_rede = 100 × clip( 0,30·volume_norm + 0,30·backlog_norm + 0,25·tat_p90_norm + 0,15·rejeicao_norm ; 0–1 ). volume_norm = exames/p95(exames); backlog_norm = backlog/max(exames,1) limitado a 1; tat_p90_norm = min(tat_p90/14, 2)/2; rejeicao_norm = min(pct_rejeitado/0,05, 2)/2.",gal_lacen_microdados,False,Observado,0.2768586387434555,151.14791666666676,0.0,3.0,0.0,True,queda_absoluta,False,0.0,2026.0,21.0,gal_weekly_vs_historico,Alerta de silêncio GAL (exames) — distinto do silêncio SINAN/territorial em municipios_silenciosos.,False,True,False,,,,,ALTO,silencio,Silêncio GAL: verificar fluxo de coleta/envio e queda abrupta de exames vs histórico/vizinhos.,Vigilância municipal + referência LACEN,7 dias,1) Verificar fluxo GAL/coleta; 2) Conferir casos SINAN sem exame; 3) Sensibilizar SMS; 4) Checar vizinhos em alerta,Derivado,0.4455,0.44999999999999996,False,alta,backlog_estimado=1.95e+04 (imp=0.229); cnes_leitos_total=1.51e+04 (imp=0.00226); cnes_estabelecimentos=6.79e+03 (imp=0.00149); tests_ma8=6.75 (imp=0.267); tests_ma4=4 (imp=0.358),Monitorar volume/TAT na próxima SE e revisar capacidade de liberação.,Predito
TANGARA DA SERRA,9574.0,10.656944444444445,182.71666666666667,5.922916666666667,4.646527777777778,0.2521489971346705,0.08313974813546889,0.2656804010270204,0.5769653991930553,0.12210152496344266,1100.0,0.0,0.5092960100271569,gal_lacen_microdados,>=2024,SLA crise: baixa liberação ≤48h — priorizar liberação/triagem,0.9643,0.1149,1.0,1.0,72.37,alta,"indice_pressao_rede = 100 × clip( 0,30·volume_norm + 0,30·backlog_norm + 0,25·tat_p90_norm + 0,15·rejeicao_norm ; 0–1 ). volume_norm = exames/p95(exames); backlog_norm = backlog/max(exames,1) limitado a 1; tat_p90_norm = min(tat_p90/14, 2)/2; rejeicao_norm = min(pct_rejeitado/0,05, 2)/2.",gal_lacen_microdados,True,Observado,0.2768586387434555,151.14791666666676,0.0,2.0,0.0,False,estavel,False,0.0,2026.0,21.0,gal_weekly_vs_historico,Alerta de silêncio GAL (exames) — distinto do silêncio SINAN/territorial em municipios_silenciosos.,False,False,False,,,,,ALTO,risco,"SLA de crise: reforçar liberação ≤48h, triagem de backlog e comunicação CIEVS/LACEN.",CIEVS / Sala de Situação + vigilância municipal,24–48h,1) Conferir % liberado ≤48h e TAT p90; 2) Priorizar backlog; 3) Articular rede municipal; 4) Reavaliar em 48h,Derivado,0.438,0.44999999999999996,False,alta,backlog_estimado=971 (imp=0.229); cnes_leitos_total=8.32e+03 (imp=0.00226); cnes_estabelecimentos=8.86e+03 (imp=0.00149); tests_ma4=4.25 (imp=0.358); tests_ma8=5.38 (imp=0.267),Monitorar volume/TAT na próxima SE e revisar capacidade de liberação.,Predito
SINOP,18737.0,10.539583333333333,148.31805555555556,5.13125,4.440277777777778,0.3175228490387646,0.10842541436464088,0.37196132596685083,0.5839779005524862,0.04114852964722207,6944.0,0.0,0.43128569141271283,gal_lacen_microdados,>=2024,SLA crise: baixa liberação ≤48h — priorizar liberação/triagem,1.0,0.3706,1.0,0.4115,72.29,alta,"indice_pressao_rede = 100 × clip( 0,30·volume_norm + 0,30·backlog_norm + 0,25·tat_p90_norm + 0,15·rejeicao_norm ; 0–1 ). volume_norm = exames/p95(exames); backlog_norm = backlog/max(exames,1) limitado a 1; tat_p90_norm = min(tat_p90/14, 2)/2; rejeicao_norm = min(pct_rejeitado/0,05, 2)/2.",gal_lacen_microdados,False,Observado,0.2768586387434555,151.14791666666676,0.0,1.5,0.0,False,estavel,False,0.0,2026.0,21.0,gal_weekly_vs_historico,Alerta de silêncio GAL (exames) — distinto do silêncio SINAN/territorial em municipios_silenciosos.,False,False,False,,,,,ALTO,risco,"Monitorar tendência, validar positivos e articular resposta municipal em 48–72h.",CIEVS / Sala de Situação + vigilância municipal,48–72h,1) Revisar score de risco; 2) Validar exames/positivos; 3) Articular resposta municipal; 4) Reavaliar na próxima SE,Derivado,0.6517,0.44999999999999996,True,critica,backlog_estimado=6.08e+03 (imp=0.229); cnes_estabelecimentos=1.76e+04 (imp=0.00149); cnes_leitos_total=1.12e+04 (imp=0.00226); tests_ma4=4.25 (imp=0.358); tests_ma8=3.88 (imp=0.267),"Pressão predita alta: antecipar triagem de backlog, reforçar liberação ≤48h e articular rede municipal.",Predito
CAMPO VERDE,10461.0,8.317361111111111,119.48055555555555,6.836111111111111,0.5826388888888889,0.2416346290758935,0.17024559598817024,0.4665037932364665,0.6472933007586473,0.027722015103718575,4547.0,0.0,0.4364783481502724,gal_lacen_microdados,>=2024,SLA crise: baixa liberação ≤48h — priorizar liberação/triagem,1.0,0.4347,1.0,0.2772,72.2,alta,"indice_pressao_rede = 100 × clip( 0,30·volume_norm + 0,30·backlog_norm + 0,25·tat_p90_norm + 0,15·rejeicao_norm ; 0–1 ). volume_norm = exames/p95(exames); backlog_norm = backlog/max(exames,1) limitado a 1; tat_p90_norm = min(tat_p90/14, 2)/2; rejeicao_norm = min(pct_rejeitado/0,05, 2)/2.",gal_lacen_microdados,True,Observado,0.2768586387434555,151.14791666666676,0.0,1.0,0.0,False,estavel,False,0.0,2026.0,21.0,gal_weekly_vs_historico,Alerta de silêncio GAL (exames) — distinto do silêncio SINAN/territorial em municipios_silenciosos.,False,False,False,,,,,ALTO,risco,"SLA de crise: reforçar liberação ≤48h, triagem de backlog e comunicação CIEVS/LACEN.",CIEVS / Sala de Situação + vigilância municipal,24–48h,1) Conferir % liberado ≤48h e TAT p90; 2) Priorizar backlog; 3) Articular rede municipal; 4) Reavaliar em 48h,Derivado,0.5611,0.44999999999999996,True,alta,backlog_estimado=4.4e+03 (imp=0.229); cnes_leitos_total=1.87e+03 (imp=0.00226); cnes_estabelecimentos=2.51e+03 (imp=0.00149); tests_ma8=9.88 (imp=0.267); indice_pressao_proxy=39.3 (imp=0.0139),"Pressão predita alta: antecipar triagem de backlog, reforçar liberação ≤48h e articular rede municipal.",Predito
RONDONOPOLIS,8136.0,10.72048611111111,88.625,6.199305555555555,2.501388888888889,0.39308346912909653,0.1985759493670886,0.37041139240506327,0.5545886075949367,0.04633726647000983,3473.0,0.0,0.42551622418879054,gal_lacen_microdados,>=2024,SLA crise: baixa liberação ≤48h — priorizar liberação/triagem,0.8194,0.4269,1.0,0.4634,69.34,alta,"indice_pressao_rede = 100 × clip( 0,30·volume_norm + 0,30·backlog_norm + 0,25·tat_p90_norm + 0,15·rejeicao_norm ; 0–1 ). volume_norm = exames/p95(exames); backlog_norm = backlog/max(exames,1) limitado a 1; tat_p90_norm = min(tat_p90/14, 2)/2; rejeicao_norm = min(pct_rejeitado/0,05, 2)/2.",gal_lacen_microdados,False,Observado,0.2768586387434555,151.14791666666676,0.0,1.0,0.0,False,estavel,False,0.0,2026.0,21.0,gal_weekly_vs_historico,Alerta de silêncio GAL (exames) — distinto do silêncio SINAN/territorial em municipios_silenciosos.,False,False,False,,,,,ALTO,risco,"Monitorar tendência, validar positivos e articular resposta municipal em 48–72h.",CIEVS / Sala de Situação + vigilância municipal,48–72h,1) Revisar score de risco; 2) Validar exames/positivos; 3) Articular resposta municipal; 4) Reavaliar na próxima SE,Derivado,0.6793,0.44999999999999996,True,critica,backlog_estimado=2.42e+03 (imp=0.229); cnes_leitos_total=1.74e+04 (imp=0.00226); cnes_estabelecimentos=2.14e+04 (imp=0.00149); tests_ma8=16.2 (imp=0.267); indice_pressao_proxy=51.6 (imp=0.0139),"Pressão predita alta: antecipar triagem de backlog, reforçar liberação ≤48h e articular rede municipal.",Predito
SORRISO,35316.0,17.69375,102.32986111111111,8.903472222222222,5.5680555555555555,0.262541670054476,0.04296364343002509,0.2579938522418118,0.43751545772532946,0.040265035677879715,8872.0,0.0,0.5907803828293124,gal_lacen_microdados,>=2024,SLA crise: baixa liberação ≤48h — priorizar liberação/triagem,1.0,0.2512,1.0,0.4027,68.58,alta,"indice_pressao_rede = 100 × clip( 0,30·volume_norm + 0,30·backlog_norm + 0,25·tat_p90_norm + 0,15·rejeicao_norm ; 0–1 ). volume_norm = exames/p95(exames); backlog_norm = backlog/max(exames,1) limitado a 1; tat_p90_norm = min(tat_p90/14, 2)/2; rejeicao_norm = min(pct_rejeitado/0,05, 2)/2.",gal_lacen_microdados,True,Observado,0.2768586387434555,151.14791666666676,0.0,1.0,0.0,False,estavel,False,0.0,2026.0,21.0,gal_weekly_vs_historico,Alerta de silêncio GAL (exames) — distinto do silêncio SINAN/territorial em municipios_silenciosos.,False,False,False,,,,,ALTO,risco,"SLA de crise: reforçar liberação ≤48h, triagem de backlog e comunicação CIEVS/LACEN.",CIEVS / Sala de Situação + vigilância municipal,24–48h,1) Conferir % liberado ≤48h e TAT p90; 2) Priorizar backlog; 3) Articular rede municipal; 4) Reavaliar em 48h,Derivado,0.7308,0.44999999999999996,True,critica,backlog_estimado=7.7e+03 (imp=0.229); cnes_leitos_total=8.46e+03 (imp=0.00226); tests_ma8=56.5 (imp=0.267); cnes_estabelecimentos=8.87e+03 (imp=0.00149); indice_pressao_proxy=43.8 (imp=0.0139),"Pressão predita alta: antecipar triagem de backlog, reforçar liberação ≤48h e articular rede municipal.",Predito
COLIDER,8899.0,11.555555555555555,92.41458333333334,6.036111111111111,4.499305555555556,0.3000506842372022,0.1250703432751829,0.3269555430500844,0.550365785030951,0.057984043150915834,2160.0,0.0,0.4328576244521856,gal_lacen_microdados,>=2024,SLA crise: baixa liberação ≤48h — priorizar liberação/triagem,0.8963,0.2427,1.0,0.5798,67.87,alta,"indice_pressao_rede = 100 × clip( 0,30·volume_norm + 0,30·backlog_norm + 0,25·tat_p90_norm + 0,15·rejeicao_norm ; 0–1 ). volume_norm = exames/p95(exames); backlog_norm = backlog/max(exames,1) limitado a 1; tat_p90_norm = min(tat_p90/14, 2)/2; rejeicao_norm = min(pct_rejeitado/0,05, 2)/2.",gal_lacen_microdados,False,Observado,0.2768586387434555,151.14791666666676,0.0,1.0,0.0,False,estavel,False,0.0,2026.0,21.0,gal_weekly_vs_historico,Alerta de silêncio GAL (exames) — distinto do silêncio SINAN/territorial em municipios_silenciosos.,False,False,False,,,,,ALTO,risco,"Monitorar tendência, validar positivos e articular resposta municipal em 48–72h.",CIEVS / Sala de Situação + vigilância municipal,48–72h,1) Revisar score de risco; 2) Validar exames/positivos; 3) Articular resposta municipal; 4) Reavaliar na próxima SE,Derivado,0.7197,0.44999999999999996,True,critica,backlog_estimado=2.08e+03 (imp=0.229); tests_ma4=51.2 (imp=0.358); tests_ma8=58.8 (imp=0.267); cnes_leitos_total=2.92e+03 (imp=0.00226); cnes_estabelecimentos=1.97e+03 (imp=0.00149),"Pressão predita alta: antecipar triagem de backlog, reforçar liberação ≤48h e articular rede municipal.",Predito
LUCAS DO RIO VERDE,8050.0,9.477777777777778,95.41458333333334,4.233333333333333,3.5097222222222224,0.33154088633413686,0.12024580634446105,0.39162929745889385,0.5846204949343963,0.04236024844720497,3189.0,0.0,0.4683229813664596,gal_lacen_microdados,>=2024,SLA crise: baixa liberação ≤48h — priorizar liberação/triagem,0.8108,0.3961,1.0,0.4236,67.56,alta,"indice_pressao_rede = 100 × clip( 0,30·volume_norm + 0,30·backlog_norm + 0,25·tat_p90_norm + 0,15·rejeicao_norm ; 0–1 ). volume_norm = exames/p95(exames); backlog_norm = backlog/max(exames,1) limitado a 1; tat_p90_norm = min(tat_p90/14, 2)/2; rejeicao_norm = min(pct_rejeitado/0,05, 2)/2.",gal_lacen_microdados,False,Observado,0.2768586387434555,151.14791666666676,0.0,2.0,0.0,False,estavel,False,0.0,2026.0,21.0,gal_weekly_vs_historico,Alerta de silêncio GAL (exames) — distinto do silêncio SINAN/territorial em municipios_silenciosos.,False,False,False,,,,,ALTO,risco,"Monitorar tendência, validar positivos e articular resposta municipal em 48–72h.",CIEVS / Sala de Situação + vigilância municipal,48–72h,1) Revisar score de risco; 2) Validar exames/positivos; 3) Articular resposta municipal; 4) Reavaliar na próxima SE,Derivado,0.6625,0.44999999999999996,True,critica,backlog_estimado=3.06e+03 (imp=0.229); cnes_estabelecimentos=6.74e+03 (imp=0.00149); cnes_leitos_total=3.92e+03 (imp=0.00226); tests_ma8=30.6 (imp=0.267); tests_ma4=20.5 (imp=0.358),"Pressão predita alta: antecipar triagem de backlog, reforçar liberação ≤48h e articular rede municipal.",Predito
PONTES E LACERDA,8516.0,7.536111111111111,86.53194444444445,3.8020833333333335,1.6090277777777777,0.25799256505576207,0.15046222505578577,0.4751354797577303,0.641536499840612,0.030883043682480037,3225.0,0.0,0.46923438233912634,gal_lacen_microdados,>=2024,SLA crise: baixa liberação ≤48h — priorizar liberação/triagem,0.8577,0.3787,1.0,0.3088,66.72,alta,"indice_pressao_rede = 100 × clip( 0,30·volume_norm + 0,30·backlog_norm + 0,25·tat_p90_norm + 0,15·rejeicao_norm ; 0–1 ). volume_norm = exames/p95(exames); backlog_norm = backlog/max(exames,1) limitado a 1; tat_p90_norm = min(tat_p90/14, 2)/2; rejeicao_norm = min(pct_rejeitado/0,05, 2)/2.",gal_lacen_microdados,True,Observado,0.2768586387434555,151.14791666666676,0.0,1.0,0.0,False,estavel,False,0.0,2026.0,21.0,gal_weekly_vs_historico,Alerta de silêncio GAL (exames) — distinto do silêncio SINAN/territorial em municipios_silenciosos.,False,False,False,,,,,ALTO,risco,"SLA de crise: reforçar liberação ≤48h, triagem de backlog e comunicação CIEVS/LACEN.",CIEVS / Sala de Situação + vigilância municipal,24–48h,1) Conferir % liberado ≤48h e TAT p90; 2) Priorizar backlog; 3) Articular rede municipal; 4) Reavaliar em 48h,Derivado,0.5633,0.44999999999999996,True,alta,backlog_estimado=3.06e+03 (imp=0.229); cnes_leitos_total=2.14e+03 (imp=0.00226); cnes_estabelecimentos=2.85e+03 (imp=0.00149); tests_ma8=3.75 (imp=0.267); indice_pressao_proxy=40.8 (imp=0.0139),"Pressão predita alta: antecipar triagem de backlog, reforçar liberação ≤48h e articular rede municipal.",Predito
PRIMAVERA DO LESTE,7237.0,9.6375,146.31805555555556,4.190277777777778,2.4270833333333335,0.39238927011852776,0.14543812104787715,0.44607046070460704,0.5721770551038844,0.06950393809589608,2203.0,0.0,0.4794804476993229,gal_lacen_microdados,>=2024,SLA crise: baixa liberação ≤48h — priorizar liberação/triagem,0.7289,0.3044,1.0,0.695,66.42,alta,"indice_pressao_rede = 100 × clip( 0,30·volume_norm + 0,30·backlog_norm + 0,25·tat_p90_norm + 0,15·rejeicao_norm ; 0–1 ). volume_norm = exames/p95(exames); backlog_norm = backlog/max(exames,1) limitado a 1; tat_p90_norm = min(tat_p90/14, 2)/2; rejeicao_norm = min(pct_rejeitado/0,05, 2)/2.",gal_lacen_microdados,False,Observado,0.2768586387434555,151.14791666666676,0.0,1.0,0.0,False,estavel,False,0.0,2026.0,21.0,gal_weekly_vs_historico,Alerta de silêncio GAL (exames) — distinto do silêncio SINAN/territorial em municipios_silenciosos.,False,False,False,,,,,ALTO,risco,"Monitorar tendência, validar positivos e articular resposta municipal em 48–72h.",CIEVS / Sala de Situação + vigilância municipal,48–72h,1) Revisar score de risco; 2) Validar exames/positivos; 3) Articular resposta municipal; 4) Reavaliar na próxima SE,Derivado,0.5299,0.44999999999999996,True,alta,backlog_estimado=1.92e+03 (imp=0.229); cnes_leitos_total=5.96e+03 (imp=0.00226); cnes_estabelecimentos=5.58e+03 (imp=0.00149); tests_ma8=3.62 (imp=0.267); indice_pressao_proxy=40.9 (imp=0.0139),"Pressão predita alta: antecipar triagem de backlog, reforçar liberação ≤48h e articular rede municipal.",Predito
CHAPADA DOS GUIMARAES,7360.0,13.657291666666666,93.8802777777779,9.152777777777779,2.35625,0.24775545104745617,0.0969989281886388,0.36584494462307965,0.5062522329403358,0.04918478260869565,2660.0,0.0,0.421875,gal_lacen_microdados,>=2024,SLA crise: baixa liberação ≤48h — priorizar liberação/triagem,0.7413,0.3614,1.0,0.4918,65.46,alta,"indice_pressao_rede = 100 × clip( 0,30·volume_norm + 0,30·backlog_norm + 0,25·tat_p90_norm + 0,15·rejeicao_norm ; 0–1 ). volume_norm = exames/p95(exames); backlog_norm = backlog/max(exames,1) limitado a 1; tat_p90_norm = min(tat_p90/14, 2)/2; rejeicao_norm = min(pct_rejeitado/0,05, 2)/2.",gal_lacen_microdados,True,Observado,0.2768586387434555,151.14791666666676,0.0,2.0,0.0,False,estavel,False,0.0,2026.0,21.0,gal_weekly_vs_historico,Alerta de silêncio GAL (exames) — distinto do silêncio SINAN/territorial em municipios_silenciosos.,False,False,False,,,,,ALTO,risco,"SLA de crise: reforçar liberação ≤48h, triagem de backlog e comunicação CIEVS/LACEN.",CIEVS / Sala de Situação + vigilância municipal,24–48h,1) Conferir % liberado ≤48h e TAT p90; 2) Priorizar backlog; 3) Articular rede municipal; 4) Reavaliar em 48h,Derivado,0.2705,0.44999999999999996,False,moderada,backlog_estimado=1.97e+03 (imp=0.229); cnes_estabelecimentos=812 (imp=0.00149); tests_ma4=1.75 (imp=0.358); indice_pressao_proxy=44.5 (imp=0.0139); tests_ma8=1.88 (imp=0.267),Manter rotina de desempenho da rede laboratorial.,Predito
NOVA MUTUM,4778.0,16.604861111111113,186.91631944444458,3.036111111111111,7.352777777777778,0.339919624916276,0.0721830985915493,0.2737676056338028,0.4448356807511737,0.10925073252406865,1448.0,0.0,0.42611971536207616,gal_lacen_microdados,>=2024,SLA crise: baixa liberação ≤48h — priorizar liberação/triagem,0.4812,0.3031,1.0,1.0,63.53,alta,"indice_pressao_rede = 100 × clip( 0,30·volume_norm + 0,30·backlog_norm + 0,25·tat_p90_norm + 0,15·rejeicao_norm ; 0–1 ). volume_norm = exames/p95(exames); backlog_norm = backlog/max(exames,1) limitado a 1; tat_p90_norm = min(tat_p90/14, 2)/2; rejeicao_norm = min(pct_rejeitado/0,05, 2)/2.",gal_lacen_microdados,True,Observado,0.2768586387434555,151.14791666666676,0.0,1.0,0.0,False,estavel,False,0.0,2026.0,21.0,gal_weekly_vs_historico,Alerta de silêncio GAL (exames) — distinto do silêncio SINAN/territorial em municipios_silenciosos.,False,False,False,,,,,ALTO,risco,"SLA de crise: reforçar liberação ≤48h, triagem de backlog e comunicação CIEVS/LACEN.",CIEVS / Sala de Situação + vigilância municipal,24–48h,1) Conferir % liberado ≤48h e TAT p90; 2) Priorizar backlog; 3) Articular rede municipal; 4) Reavaliar em 48h,Derivado,0.4712,0.44999999999999996,True,alta,backlog_estimado=1.06e+03 (imp=0.229); cnes_leitos_total=5.2e+03 (imp=0.00226); cnes_estabelecimentos=5.27e+03 (imp=0.00149); tests_ma8=7.5 (imp=0.267); indice_pressao_proxy=45.1 (imp=0.0139),"Pressão predita alta: antecipar triagem de backlog, reforçar liberação ≤48h e articular rede municipal.",Predito
GUARANTA DO NORTE,7776.0,22.417361111111113,118.74138888888889,8.221527777777778,8.411111111111111,0.2768586387434555,0.1211344922232388,0.24208600182982618,0.36925892040256175,0.03780864197530864,1166.0,0.0,0.41203703703703703,gal_lacen_microdados,>=2024,SLA crise: baixa liberação ≤48h — priorizar liberação/triagem,0.7832,0.1499,1.0,0.3781,58.67,alta,"indice_pressao_rede = 100 × clip( 0,30·volume_norm + 0,30·backlog_norm + 0,25·tat_p90_norm + 0,15·rejeicao_norm ; 0–1 ). volume_norm = exames/p95(exames); backlog_norm = backlog/max(exames,1) limitado a 1; tat_p90_norm = min(tat_p90/14, 2)/2; rejeicao_norm = min(pct_rejeitado/0,05, 2)/2.",gal_lacen_microdados,True,Observado,0.2768586387434555,151.14791666666676,,,,False,,,,,,,,True,False,True,sinan_sem_exame,qualidade_dado_municipal,0.0,49.0,ALTO,risco,"SLA de crise: reforçar liberação ≤48h, triagem de backlog e comunicação CIEVS/LACEN.",CIEVS / Sala de Situação + vigilância municipal,24–48h,1) Conferir % liberado ≤48h e TAT p90; 2) Priorizar backlog; 3) Articular rede municipal; 4) Reavaliar em 48h,Derivado,0.811,0.44999999999999996,True,critica,backlog_estimado=937 (imp=0.229); tests_ma4=72.2 (imp=0.358); tests_ma8=69 (imp=0.267); cnes_leitos_total=1.46e+03 (imp=0.00226); cnes_estabelecimentos=1.63e+03 (imp=0.00149),"Pressão predita alta: antecipar triagem de backlog, reforçar liberação ≤48h e articular rede municipal.",Predito
ARAPUTANGA,5938.0,15.706597222222221,90.7375,12.065972222222221,5.465972222222222,0.21787314312662107,0.06333333333333334,0.21791666666666668,0.43291666666666667,0.02172448635904345,2321.0,0.0,0.5436173795890872,gal_lacen_microdados,>=2024,SLA crise: baixa liberação ≤48h — priorizar liberação/triagem,0.5981,0.3909,1.0,0.2172,57.93,alta,"indice_pressao_rede = 100 × clip( 0,30·volume_norm + 0,30·backlog_norm + 0,25·tat_p90_norm + 0,15·rejeicao_norm ; 0–1 ). volume_norm = exames/p95(exames); backlog_norm = backlog/max(exames,1) limitado a 1; tat_p90_norm = min(tat_p90/14, 2)/2; rejeicao_norm = min(pct_rejeitado/0,05, 2)/2.",gal_lacen_microdados,True,Observado,0.2768586387434555,151.14791666666676,0.0,1.0,0.0,False,estavel,False,0.0,2026.0,21.0,gal_weekly_vs_historico,Alerta de silêncio GAL (exames) — distinto do silêncio SINAN/territorial em municipios_silenciosos.,False,False,False,,,,,ALTO,risco,"SLA de crise: reforçar liberação ≤48h, triagem de backlog e comunicação CIEVS/LACEN.",CIEVS / Sala de Situação + vigilância municipal,24–48h,1) Conferir % liberado ≤48h e TAT p90; 2) Priorizar backlog; 3) Articular rede municipal; 4) Reavaliar em 48h,Derivado,0.4338,0.44999999999999996,False,alta,backlog_estimado=1.86e+03 (imp=0.229); tests_ma8=8 (imp=0.267); cnes_estabelecimentos=833 (imp=0.00149); cnes_leitos_total=475 (imp=0.00226); tests_ma4=1.5 (imp=0.358),Monitorar volume/TAT na próxima SE e revisar capacidade de liberação.,Predito
JUINA,5183.0,10.404861111111112,180.38333333333333,5.095138888888889,2.6020833333333333,0.39078087375300996,0.13616071428571427,0.4075255102040816,0.5628188775510204,0.04765579780050164,1598.0,0.0,0.2934593864557206,gal_lacen_microdados,>=2024,SLA crise: baixa liberação ≤48h — priorizar liberação/triagem,0.522,0.3083,1.0,0.4766,57.06,alta,"indice_pressao_rede = 100 × clip( 0,30·volume_norm + 0,30·backlog_norm + 0,25·tat_p90_norm + 0,15·rejeicao_norm ; 0–1 ). volume_norm = exames/p95(exames); backlog_norm = backlog/max(exames,1) limitado a 1; tat_p90_norm = min(tat_p90/14, 2)/2; rejeicao_norm = min(pct_rejeitado/0,05, 2)/2.",gal_lacen_microdados,True,Observado,0.2768586387434555,151.14791666666676,,,,False,,,,,,,,True,False,True,sinan_sem_exame,qualidade_dado_municipal,0.0,29.0,ALTO,risco,"SLA de crise: reforçar liberação ≤48h, triagem de backlog e comunicação CIEVS/LACEN.",CIEVS / Sala de Situação + vigilância municipal,24–48h,1) Conferir % liberado ≤48h e TAT p90; 2) Priorizar backlog; 3) Articular rede municipal; 4) Reavaliar em 48h,Derivado,0.4309,0.44999999999999996,False,alta,backlog_estimado=1.14e+03 (imp=0.229); cnes_leitos_total=3.02e+03 (imp=0.00226); tests_ma8=22.4 (imp=0.267); tests_ma4=15.8 (imp=0.358); cnes_estabelecimentos=2.65e+03 (imp=0.00149),Monitorar volume/TAT na próxima SE e revisar capacidade de liberação.,Predito
ALTO BOA VISTA,104.0,4.752777777777778,29.674027777777795,2.15625,2.350347222222222,0.4857142857142857,0.2564102564102564,0.6666666666666666,0.7692307692307693,0.0673076923076923,67.0,0.0,0.19230769230769232,gal_lacen_microdados,>=2024,Rejeição elevada — capacitar coleta/envio de amostras,0.0105,0.6442,1.0,0.6731,54.74,moderada,"indice_pressao_rede = 100 × clip( 0,30·volume_norm + 0,30·backlog_norm + 0,25·tat_p90_norm + 0,15·rejeicao_norm ; 0–1 ). volume_norm = exames/p95(exames); backlog_norm = backlog/max(exames,1) limitado a 1; tat_p90_norm = min(tat_p90/14, 2)/2; rejeicao_norm = min(pct_rejeitado/0,05, 2)/2.",gal_lacen_microdados,False,Observado,0.2768586387434555,151.14791666666676,,,,False,,,,,,,,True,False,True,sinan_sem_exame,qualidade_dado_municipal,0.0,1.0,ALTO,utilizacao,Avaliar subutilização da rede e reforçar encaminhamento de amostras em 15 dias.,Vigilância municipal + LACEN,15 dias,1) Comparar exames×notificações; 2) Identificar subutilização; 3) Reforçar encaminhamento laboratorial,Derivado,0.1244,0.44999999999999996,False,baixa,backlog_estimado=64 (imp=0.229); tests_ma4=2.75 (imp=0.358); cnes_estabelecimentos=468 (imp=0.00149); indice_pressao_proxy=49.2 (imp=0.0139); tests_ma8=2.12 (imp=0.267),Manter rotina de desempenho da rede laboratorial.,Predito
TESOURO,53.0,23.085069444444443,263.5965277777778,2.3944444444444444,1.6072916666666668,0.5,0.25,0.35714285714285715,0.4642857142857143,0.05660377358490566,34.0,0.0,0.20754716981132076,gal_lacen_microdados,>=2024,TAT mediano elevado — revisar fluxo coleta→liberação,0.0053,0.6415,1.0,0.566,52.9,moderada,"indice_pressao_rede = 100 × clip( 0,30·volume_norm + 0,30·backlog_norm + 0,25·tat_p90_norm + 0,15·rejeicao_norm ; 0–1 ). volume_norm = exames/p95(exames); backlog_norm = backlog/max(exames,1) limitado a 1; tat_p90_norm = min(tat_p90/14, 2)/2; rejeicao_norm = min(pct_rejeitado/0,05, 2)/2.",gal_lacen_microdados,True,Observado,0.2768586387434555,151.14791666666676,,,,False,,,,,,,,False,False,True,sinan_sem_exame,qualidade_dado_municipal,0.0,4.0,ALTO,risco,"SLA de crise: reforçar liberação ≤48h, triagem de backlog e comunicação CIEVS/LACEN.",CIEVS / Sala de Situação + vigilância municipal,24–48h,1) Conferir % liberado ≤48h e TAT p90; 2) Priorizar backlog; 3) Articular rede municipal; 4) Reavaliar em 48h,Derivado,0.0243,0.44999999999999996,False,baixa,backlog_estimado=27 (imp=0.229); tat_p90_dias=265 (imp=0.00364); cnes_leitos_total=360 (imp=0.00226); tests_ma4=2 (imp=0.358); indice_pressao_proxy=47.4 (imp=0.0139),Manter rotina de desempenho da rede laboratorial.,Predito
PEIXOTO DE AZEVEDO,2786.0,21.44097222222222,119.68652777777778,10.077083333333333,4.481597222222222,0.3019271948608137,0.1070389761489238,0.2914485165794066,0.42117510180337403,0.05061019382627423,1072.0,0.0,0.36432160804020103,gal_lacen_microdados,>=2024,SLA crise: baixa liberação ≤48h — priorizar liberação/triagem,0.2806,0.3848,1.0,0.5061,52.55,moderada,"indice_pressao_rede = 100 × clip( 0,30·volume_norm + 0,30·backlog_norm + 0,25·tat_p90_norm + 0,15·rejeicao_norm ; 0–1 ). volume_norm = exames/p95(exames); backlog_norm = backlog/max(exames,1) limitado a 1; tat_p90_norm = min(tat_p90/14, 2)/2; rejeicao_norm = min(pct_rejeitado/0,05, 2)/2.",gal_lacen_microdados,False,Observado,0.2768586387434555,151.14791666666676,0.0,7.0,0.0,True,queda_absoluta,False,0.0,2026.0,21.0,gal_weekly_vs_historico,Alerta de silêncio GAL (exames) — distinto do silêncio SINAN/territorial em municipios_silenciosos.,True,False,True,sinan_sem_exame,qualidade_dado_municipal,0.0,14.0,ALTO,silencio,Silêncio GAL: verificar fluxo de coleta/envio e queda abrupta de exames vs histórico/vizinhos.,Vigilância municipal + referência LACEN,7 dias,1) Verificar fluxo GAL/coleta; 2) Conferir casos SINAN sem exame; 3) Sensibilizar SMS; 4) Checar vizinhos em alerta,Derivado,0.5937,0.44999999999999996,True,alta,backlog_estimado=1.02e+03 (imp=0.229); tests_ma8=23.4 (imp=0.267); tests_ma4=13.2 (imp=0.358); cnes_leitos_total=1.61e+03 (imp=0.00226); cnes_estabelecimentos=1.27e+03 (imp=0.00149),"Pressão predita alta: antecipar triagem de backlog, reforçar liberação ≤48h e articular rede municipal.",Predito
ITANHANGA,119.0,7.649652777777778,244.57916666666668,2.900347222222222,2.3333333333333335,0.3870967741935484,0.18055555555555555,0.4861111111111111,0.5833333333333334,0.11764705882352941,47.0,0.0,0.2689075630252101,gal_lacen_microdados,>=2024,SLA crise: baixa liberação ≤48h — priorizar liberação/triagem,0.012,0.395,1.0,1.0,52.21,moderada,"indice_pressao_rede = 100 × clip( 0,30·volume_norm + 0,30·backlog_norm + 0,25·tat_p90_norm + 0,15·rejeicao_norm ; 0–1 ). volume_norm = exames/p95(exames); backlog_norm = backlog/max(exames,1) limitado a 1; tat_p90_norm = min(tat_p90/14, 2)/2; rejeicao_norm = min(pct_rejeitado/0,05, 2)/2.",gal_lacen_microdados,True,Observado,0.2768586387434555,151.14791666666676,,,,False,,,,,,,,True,False,True,sinan_sem_exame,qualidade_dado_municipal,0.0,1.0,ALTO,risco,"SLA de crise: reforçar liberação ≤48h, triagem de backlog e comunicação CIEVS/LACEN.",CIEVS / Sala de Situação + vigilância municipal,24–48h,1) Conferir % liberado ≤48h e TAT p90; 2) Priorizar backlog; 3) Articular rede municipal; 4) Reavaliar em 48h,Derivado,0.1677,0.44999999999999996,False,baixa,backlog_estimado=36 (imp=0.229); tests_ma4=4.5 (imp=0.358); tat_p90_dias=245 (imp=0.00364); tests_ma8=3.12 (imp=0.267); indice_pressao_proxy=46.9 (imp=0.0139),Manter rotina de desempenho da rede laboratorial.,Predito
JACIARA,782.0,2.3743055555555554,236.73513888888888,0.9145833333333333,1.4458333333333333,0.642,0.43159922928709055,0.6820809248554913,0.74373795761079,0.06905370843989769,371.0,0.0,0.31074168797953966,gal_lacen_microdados,>=2024,Rejeição elevada — capacitar coleta/envio de amostras,0.0788,0.4744,1.0,0.6905,51.95,moderada,"indice_pressao_rede = 100 × clip( 0,30·volume_norm + 0,30·backlog_norm + 0,25·tat_p90_norm + 0,15·rejeicao_norm ; 0–1 ). volume_norm = exames/p95(exames); backlog_norm = backlog/max(exames,1) limitado a 1; tat_p90_norm = min(tat_p90/14, 2)/2; rejeicao_norm = min(pct_rejeitado/0,05, 2)/2.",gal_lacen_microdados,True,Observado,0.2768586387434555,151.14791666666676,,,,False,,,,,,,,True,False,True,sinan_sem_exame,qualidade_dado_municipal,0.0,8.0,ALTO,risco,"SLA de crise: reforçar liberação ≤48h, triagem de backlog e comunicação CIEVS/LACEN.",CIEVS / Sala de Situação + vigilância municipal,24–48h,1) Conferir % liberado ≤48h e TAT p90; 2) Priorizar backlog; 3) Articular rede municipal; 4) Reavaliar em 48h,Derivado,0.2299,0.44999999999999996,False,baixa,backlog_estimado=224 (imp=0.229); cnes_leitos_total=1.39e+03 (imp=0.00226); cnes_estabelecimentos=1.68e+03 (imp=0.00149); tests_ma4=6.75 (imp=0.358); tests_ma8=7 (imp=0.267),Manter rotina de desempenho da rede laboratorial.,Predito
PONTAL DO ARAGUAIA,242.0,14.713888888888889,44.74652777777778,3.1680555555555556,5.597916666666666,0.2710843373493976,0.1746031746031746,0.3386243386243386,0.48677248677248675,0.08677685950413223,104.0,0.0,0.3305785123966942,gal_lacen_microdados,>=2024,SLA crise: baixa liberação ≤48h — priorizar liberação/triagem,0.0244,0.4298,1.0,0.8678,51.64,moderada,"indice_pressao_rede = 100 × clip( 0,30·volume_norm + 0,30·backlog_norm + 0,25·tat_p90_norm + 0,15·rejeicao_norm ; 0–1 ). volume_norm = exames/p95(exames); backlog_norm = backlog/max(exames,1) limitado a 1; tat_p90_norm = min(tat_p90/14, 2)/2; rejeicao_norm = min(pct_rejeitado/0,05, 2)/2.",gal_lacen_microdados,True,Observado,0.2768586387434555,151.14791666666676,,,,False,,,,,,,,True,False,True,sinan_sem_exame,qualidade_dado_municipal,0.0,11.0,ALTO,risco,"SLA de crise: reforçar liberação ≤48h, triagem de backlog e comunicação CIEVS/LACEN.",CIEVS / Sala de Situação + vigilância municipal,24–48h,1) Conferir % liberado ≤48h e TAT p90; 2) Priorizar backlog; 3) Articular rede municipal; 4) Reavaliar em 48h,Derivado,0.1763,0.44999999999999996,False,baixa,backlog_estimado=87 (imp=0.229); tests_ma8=13 (imp=0.267); tests_ma4=1.75 (imp=0.358); indice_pressao_proxy=43.3 (imp=0.0139); cnes_estabelecimentos=302 (imp=0.00149),Manter rotina de desempenho da rede laboratorial.,Predito
ACORIZAL,297.0,19.435416666666665,176.48333333333332,12.7375,1.5638888888888889,0.36,0.2315270935960591,0.3793103448275862,0.458128078817734,0.12794612794612795,103.0,0.0,0.40404040404040403,gal_lacen_microdados,>=2024,SLA crise: baixa liberação ≤48h — priorizar liberação/triagem,0.0299,0.3468,1.0,1.0,51.3,moderada,"indice_pressao_rede = 100 × clip( 0,30·volume_norm + 0,30·backlog_norm + 0,25·tat_p90_norm + 0,15·rejeicao_norm ; 0–1 ). volume_norm = exames/p95(exames); backlog_norm = backlog/max(exames,1) limitado a 1; tat_p90_norm = min(tat_p90/14, 2)/2; rejeicao_norm = min(pct_rejeitado/0,05, 2)/2.",gal_lacen_microdados,True,Observado,0.2768586387434555,151.14791666666676,,,,False,,,,,,,,True,False,True,sinan_sem_exame,qualidade_dado_municipal,0.0,2.0,ALTO,risco,"SLA de crise: reforçar liberação ≤48h, triagem de backlog e comunicação CIEVS/LACEN.",CIEVS / Sala de Situação + vigilância municipal,24–48h,1) Conferir % liberado ≤48h e TAT p90; 2) Priorizar backlog; 3) Articular rede municipal; 4) Reavaliar em 48h,Derivado,0.1854,0.44999999999999996,False,baixa,backlog_estimado=97 (imp=0.229); tests_ma4=3.5 (imp=0.358); tests_ma8=3.62 (imp=0.267); tat_p90_dias=231 (imp=0.00364); indice_pressao_proxy=48.2 (imp=0.0139),Manter rotina de desempenho da rede laboratorial.,Predito
DIAMANTINO,805.0,7.600694444444445,152.22152777777777,2.91875,1.6701388888888888,0.4296724470134875,0.15734265734265734,0.479020979020979,0.6311188811188811,0.10062111801242236,237.0,0.0,0.4372670807453416,gal_lacen_microdados,>=2024,Rejeição elevada — capacitar coleta/envio de amostras,0.0811,0.2944,1.0,1.0,51.26,moderada,"indice_pressao_rede = 100 × clip( 0,30·volume_norm + 0,30·backlog_norm + 0,25·tat_p90_norm + 0,15·rejeicao_norm ; 0–1 ). volume_norm = exames/p95(exames); backlog_norm = backlog/max(exames,1) limitado a 1; tat_p90_norm = min(tat_p90/14, 2)/2; rejeicao_norm = min(pct_rejeitado/0,05, 2)/2.",gal_lacen_microdados,True,Observado,0.2768586387434555,151.14791666666676,0.0,1.0,0.0,False,estavel,False,0.0,2026.0,21.0,gal_weekly_vs_historico,Alerta de silêncio GAL (exames) — distinto do silêncio SINAN/territorial em municipios_silenciosos.,False,False,False,,,,,ALTO,risco,"SLA de crise: reforçar liberação ≤48h, triagem de backlog e comunicação CIEVS/LACEN.",CIEVS / Sala de Situação + vigilância municipal,24–48h,1) Conferir % liberado ≤48h e TAT p90; 2) Priorizar backlog; 3) Articular rede municipal; 4) Reavaliar em 48h,Derivado,0.2416,0.44999999999999996,False,baixa,backlog_estimado=207 (imp=0.229); cnes_estabelecimentos=1.58e+03 (imp=0.00149); cnes_leitos_total=720 (imp=0.00226); tests_ma8=5.62 (imp=0.267); indice_pressao_proxy=58.8 (imp=0.0139),Manter rotina de desempenho da rede laboratorial.,Predito
JUSCIMEIRA,210.0,5.574999999999999,78.82458333333345,2.814583333333333,1.7006944444444445,0.3652173913043478,0.2,0.5384615384615384,0.7,0.09047619047619047,84.0,0.0,0.3523809523809524,gal_lacen_microdados,>=2024,SLA crise: baixa liberação ≤48h — priorizar liberação/triagem,0.0212,0.4,1.0,0.9048,51.21,moderada,"indice_pressao_rede = 100 × clip( 0,30·volume_norm + 0,30·backlog_norm + 0,25·tat_p90_norm + 0,15·rejeicao_norm ; 0–1 ). volume_norm = exames/p95(exames); backlog_norm = backlog/max(exames,1) limitado a 1; tat_p90_norm = min(tat_p90/14, 2)/2; rejeicao_norm = min(pct_rejeitado/0,05, 2)/2.",gal_lacen_microdados,False,Observado,0.2768586387434555,151.14791666666676,,,,False,,,,,,,,True,False,True,sinan_sem_exame,qualidade_dado_municipal,0.0,3.0,ALTO,utilizacao,Avaliar subutilização da rede e reforçar encaminhamento de amostras em 15 dias.,Vigilância municipal + LACEN,15 dias,1) Comparar exames×notificações; 2) Identificar subutilização; 3) Reforçar encaminhamento laboratorial,Derivado,0.1434,0.44999999999999996,False,baixa,backlog_estimado=59 (imp=0.229); tests_ma4=2.75 (imp=0.358); tat_p90_dias=232 (imp=0.00364); cnes_leitos_total=360 (imp=0.00226); cnes_estabelecimentos=495 (imp=0.00149),Manter rotina de desempenho da rede laboratorial.,Predito
ALTA FLORESTA,2310.0,30.469791666666666,137.5986111111111,8.324652777777779,9.56423611111111,0.29797191887675506,0.07331571994715984,0.20145310435931307,0.28797886393659183,0.045454545454545456,938.0,0.0,0.45021645021645024,gal_lacen_microdados,>=2024,SLA crise: baixa liberação ≤48h — priorizar liberação/triagem,0.2327,0.4061,1.0,0.4545,50.98,moderada,"indice_pressao_rede = 100 × clip( 0,30·volume_norm + 0,30·backlog_norm + 0,25·tat_p90_norm + 0,15·rejeicao_norm ; 0–1 ). volume_norm = exames/p95(exames); backlog_norm = backlog/max(exames,1) limitado a 1; tat_p90_norm = min(tat_p90/14, 2)/2; rejeicao_norm = min(pct_rejeitado/0,05, 2)/2.",gal_lacen_microdados,False,Observado,0.2768586387434555,151.14791666666676,0.0,13.0,0.0,True,queda_absoluta,False,0.0,2026.0,21.0,gal_weekly_vs_historico,Alerta de silêncio GAL (exames) — distinto do silêncio SINAN/territorial em municipios_silenciosos.,False,True,False,,,,,ALTO,silencio,Silêncio GAL: verificar fluxo de coleta/envio e queda abrupta de exames vs histórico/vizinhos.,Vigilância municipal + referência LACEN,7 dias,1) Verificar fluxo GAL/coleta; 2) Conferir casos SINAN sem exame; 3) Sensibilizar SMS; 4) Checar vizinhos em alerta,Derivado,0.3362,0.44999999999999996,False,moderada,backlog_estimado=815 (imp=0.229); cnes_leitos_total=5.08e+03 (imp=0.00226); cnes_estabelecimentos=5.44e+03 (imp=0.00149); tests_ma4=16 (imp=0.358); tests_ma8=11.2 (imp=0.267),Monitorar volume/TAT na próxima SE e revisar capacidade de liberação.,Predito
ARENAPOLIS,2956.0,23.6,109.57430555555555,5.172569444444445,8.453472222222222,0.2504911591355599,0.026758409785932722,0.19762996941896024,0.382262996941896,0.08389715832205684,420.0,0.0,0.40121786197564274,gal_lacen_microdados,>=2024,SLA crise: baixa liberação ≤48h — priorizar liberação/triagem,0.2977,0.1421,1.0,0.839,50.78,moderada,"indice_pressao_rede = 100 × clip( 0,30·volume_norm + 0,30·backlog_norm + 0,25·tat_p90_norm + 0,15·rejeicao_norm ; 0–1 ). volume_norm = exames/p95(exames); backlog_norm = backlog/max(exames,1) limitado a 1; tat_p90_norm = min(tat_p90/14, 2)/2; rejeicao_norm = min(pct_rejeitado/0,05, 2)/2.",gal_lacen_microdados,True,Observado,0.2768586387434555,151.14791666666676,,,,False,,,,,,,,True,False,True,sinan_sem_exame,qualidade_dado_municipal,0.0,12.0,ALTO,risco,"SLA de crise: reforçar liberação ≤48h, triagem de backlog e comunicação CIEVS/LACEN.",CIEVS / Sala de Situação + vigilância municipal,24–48h,1) Conferir % liberado ≤48h e TAT p90; 2) Priorizar backlog; 3) Articular rede municipal; 4) Reavaliar em 48h,Derivado,0.3495,0.44999999999999996,False,moderada,backlog_estimado=266 (imp=0.229); tests_ma4=10 (imp=0.358); cnes_leitos_total=984 (imp=0.00226); tests_ma8=6.75 (imp=0.267); cnes_estabelecimentos=707 (imp=0.00149),Monitorar volume/TAT na próxima SE e revisar capacidade de liberação.,Predito
NOVA CANAA DO NORTE,289.0,12.588888888888889,139.48916666666653,4.394444444444445,4.340277777777778,0.38181818181818183,0.12432432432432433,0.33513513513513515,0.518918918918919,0.16262975778546712,95.0,0.0,0.3633217993079585,gal_lacen_microdados,>=2024,SLA crise: baixa liberação ≤48h — priorizar liberação/triagem,0.0291,0.3287,1.0,1.0,50.73,moderada,"indice_pressao_rede = 100 × clip( 0,30·volume_norm + 0,30·backlog_norm + 0,25·tat_p90_norm + 0,15·rejeicao_norm ; 0–1 ). volume_norm = exames/p95(exames); backlog_norm = backlog/max(exames,1) limitado a 1; tat_p90_norm = min(tat_p90/14, 2)/2; rejeicao_norm = min(pct_rejeitado/0,05, 2)/2.",gal_lacen_microdados,False,Observado,0.2768586387434555,151.14791666666676,,,,False,,,,,,,,True,False,True,sinan_sem_exame,qualidade_dado_municipal,0.0,11.0,ALTO,utilizacao,Avaliar subutilização da rede e reforçar encaminhamento de amostras em 15 dias.,Vigilância municipal + LACEN,15 dias,1) Comparar exames×notificações; 2) Identificar subutilização; 3) Reforçar encaminhamento laboratorial,Derivado,0.2161,0.44999999999999996,False,baixa,backlog_estimado=87 (imp=0.229); tests_ma4=3.75 (imp=0.358); cnes_estabelecimentos=599 (imp=0.00149); tests_ma8=3 (imp=0.267); indice_pressao_proxy=46.3 (imp=0.0139),Manter rotina de desempenho da rede laboratorial.,Predito
MATUPA,3433.0,29.110416666666666,191.9420833333334,13.919444444444444,10.370833333333334,0.2616568583069262,0.03375527426160337,0.13578826237054084,0.25738396624472576,0.04777162831342849,891.0,0.0,0.3888727060879697,gal_lacen_microdados,>=2024,SLA crise: baixa liberação ≤48h — priorizar liberação/triagem,0.3458,0.2595,1.0,0.4777,50.32,moderada,"indice_pressao_rede = 100 × clip( 0,30·volume_norm + 0,30·backlog_norm + 0,25·tat_p90_norm + 0,15·rejeicao_norm ; 0–1 ). volume_norm = exames/p95(exames); backlog_norm = backlog/max(exames,1) limitado a 1; tat_p90_norm = min(tat_p90/14, 2)/2; rejeicao_norm = min(pct_rejeitado/0,05, 2)/2.",gal_lacen_microdados,True,Observado,0.2768586387434555,151.14791666666676,0.0,1.0,0.0,False,estavel,False,0.0,2026.0,21.0,gal_weekly_vs_historico,Alerta de silêncio GAL (exames) — distinto do silêncio SINAN/territorial em municipios_silenciosos.,False,False,False,,,,,ALTO,risco,"SLA de crise: reforçar liberação ≤48h, triagem de backlog e comunicação CIEVS/LACEN.",CIEVS / Sala de Situação + vigilância municipal,24–48h,1) Conferir % liberado ≤48h e TAT p90; 2) Priorizar backlog; 3) Articular rede municipal; 4) Reavaliar em 48h,Derivado,0.8186,0.44999999999999996,True,critica,backlog_estimado=781 (imp=0.229); tests_ma4=63.8 (imp=0.358); tests_ma8=53.5 (imp=0.267); cnes_leitos_total=928 (imp=0.00226); cnes_estabelecimentos=1.2e+03 (imp=0.00149),"Pressão predita alta: antecipar triagem de backlog, reforçar liberação ≤48h e articular rede municipal.",Predito
DOM AQUINO,159.0,9.467361111111112,150.32569444444445,6.245833333333334,1.4534722222222223,0.3904761904761905,0.27350427350427353,0.42735042735042733,0.5897435897435898,0.08176100628930817,66.0,0.0,0.3710691823899371,gal_lacen_microdados,>=2024,SLA crise: baixa liberação ≤48h — priorizar liberação/triagem,0.016,0.4151,1.0,0.8176,50.2,moderada,"indice_pressao_rede = 100 × clip( 0,30·volume_norm + 0,30·backlog_norm + 0,25·tat_p90_norm + 0,15·rejeicao_norm ; 0–1 ). volume_norm = exames/p95(exames); backlog_norm = backlog/max(exames,1) limitado a 1; tat_p90_norm = min(tat_p90/14, 2)/2; rejeicao_norm = min(pct_rejeitado/0,05, 2)/2.",gal_lacen_microdados,False,Observado,0.2768586387434555,151.14791666666676,,,,False,,,,,,,,True,False,True,sinan_sem_exame,qualidade_dado_municipal,0.0,3.0,ALTO,utilizacao,Avaliar subutilização da rede e reforçar encaminhamento de amostras em 15 dias.,Vigilância municipal + LACEN,15 dias,1) Comparar exames×notificações; 2) Identificar subutilização; 3) Reforçar encaminhamento laboratorial,Derivado,0.2193,0.44999999999999996,False,baixa,backlog_estimado=39 (imp=0.229); tests_ma4=5.25 (imp=0.358); cnes_leitos_total=516 (imp=0.00226); tat_p90_dias=299 (imp=0.00364); tests_ma8=3.12 (imp=0.267),Manter rotina de desempenho da rede laboratorial.,Predito
VERA,3695.0,23.497222222222224,118.74166666666666,12.759027777777778,7.370833333333334,0.22046621888581588,0.06260351109638954,0.19509771447499172,0.38489566081483934,0.007307171853856563,1497.0,0.0,0.46820027063599456,gal_lacen_microdados,>=2024,SLA crise: baixa liberação ≤48h — priorizar liberação/triagem,0.3721,0.4051,1.0,0.0731,49.41,moderada,"indice_pressao_rede = 100 × clip( 0,30·volume_norm + 0,30·backlog_norm + 0,25·tat_p90_norm + 0,15·rejeicao_norm ; 0–1 ). volume_norm = exames/p95(exames); backlog_norm = backlog/max(exames,1) limitado a 1; tat_p90_norm = min(tat_p90/14, 2)/2; rejeicao_norm = min(pct_rejeitado/0,05, 2)/2.",gal_lacen_microdados,True,Observado,0.2768586387434555,151.14791666666676,,,,False,,,,,,,,True,False,True,sinan_sem_exame,qualidade_dado_municipal,0.0,15.0,ALTO,risco,"SLA de crise: reforçar liberação ≤48h, triagem de backlog e comunicação CIEVS/LACEN.",CIEVS / Sala de Situação + vigilância municipal,24–48h,1) Conferir % liberado ≤48h e TAT p90; 2) Priorizar backlog; 3) Articular rede municipal; 4) Reavaliar em 48h,Derivado,0.6699,0.44999999999999996,True,critica,backlog_estimado=1.49e+03 (imp=0.229); tests_ma8=42.4 (imp=0.267); tests_ma4=26.2 (imp=0.358); cnes_leitos_total=726 (imp=0.00226); cnes_estabelecimentos=625 (imp=0.00149),"Pressão predita alta: antecipar triagem de backlog, reforçar liberação ≤48h e articular rede municipal.",Predito
ALTO ARAGUAIA,173.0,6.531944444444444,271.53125,1.00625,3.5215277777777776,0.5943396226415094,0.24113475177304963,0.5460992907801419,0.6170212765957447,0.11560693641618497,51.0,0.0,0.49710982658959535,gal_lacen_microdados,>=2024,Rejeição elevada — capacitar coleta/envio de amostras,0.0174,0.2948,1.0,1.0,49.37,moderada,"indice_pressao_rede = 100 × clip( 0,30·volume_norm + 0,30·backlog_norm + 0,25·tat_p90_norm + 0,15·rejeicao_norm ; 0–1 ). volume_norm = exames/p95(exames); backlog_norm = backlog/max(exames,1) limitado a 1; tat_p90_norm = min(tat_p90/14, 2)/2; rejeicao_norm = min(pct_rejeitado/0,05, 2)/2.",gal_lacen_microdados,True,Observado,0.2768586387434555,151.14791666666676,0.0,1.0,0.0,False,estavel,False,0.0,2026.0,21.0,gal_weekly_vs_historico,Alerta de silêncio GAL (exames) — distinto do silêncio SINAN/territorial em municipios_silenciosos.,False,False,False,,,,,ALTO,risco,"SLA de crise: reforçar liberação ≤48h, triagem de backlog e comunicação CIEVS/LACEN.",CIEVS / Sala de Situação + vigilância municipal,24–48h,1) Conferir % liberado ≤48h e TAT p90; 2) Priorizar backlog; 3) Articular rede municipal; 4) Reavaliar em 48h,Derivado,0.1849,0.44999999999999996,False,baixa,backlog_estimado=41 (imp=0.229); cnes_leitos_total=2.39e+03 (imp=0.00226); tests_ma4=5.75 (imp=0.358); cnes_estabelecimentos=1.04e+03 (imp=0.00149); tat_p90_dias=272 (imp=0.00364),Manter rotina de desempenho da rede laboratorial.,Predito
CAMPINAPOLIS,2755.0,25.447222222222223,86.68083333333362,3.1993055555555556,12.598611111111111,0.35936370209689084,0.0627062706270627,0.25676567656765675,0.3702970297029703,0.05335753176043557,731.0,0.0,0.3448275862068966,gal_lacen_microdados,>=2024,SLA crise: baixa liberação ≤48h — priorizar liberação/triagem,0.2775,0.2653,1.0,0.5336,49.29,moderada,"indice_pressao_rede = 100 × clip( 0,30·volume_norm + 0,30·backlog_norm + 0,25·tat_p90_norm + 0,15·rejeicao_norm ; 0–1 ). volume_norm = exames/p95(exames); backlog_norm = backlog/max(exames,1) limitado a 1; tat_p90_norm = min(tat_p90/14, 2)/2; rejeicao_norm = min(pct_rejeitado/0,05, 2)/2.",gal_lacen_microdados,False,Observado,0.2768586387434555,151.14791666666676,,,,False,,,,,,,,True,False,True,sinan_sem_exame,qualidade_dado_municipal,0.0,12.0,ALTO,utilizacao,Avaliar subutilização da rede e reforçar encaminhamento de amostras em 15 dias.,Vigilância municipal + LACEN,15 dias,1) Comparar exames×notificações; 2) Identificar subutilização; 3) Reforçar encaminhamento laboratorial,Derivado,0.5467,0.44999999999999996,True,alta,backlog_estimado=662 (imp=0.229); tests_ma4=22.2 (imp=0.358); tests_ma8=29.5 (imp=0.267); cnes_leitos_total=570 (imp=0.00226); cnes_estabelecimentos=639 (imp=0.00149),"Pressão predita alta: antecipar triagem de backlog, reforçar liberação ≤48h e articular rede municipal.",Predito
NOVA OLIMPIA,345.0,10.503472222222221,151.24180555555557,3.1972222222222224,2.5375,0.43824701195219123,0.20848056537102475,0.43109540636042404,0.5335689045936396,0.09565217391304348,100.0,0.0,0.3884057971014493,gal_lacen_microdados,>=2024,Rejeição elevada — capacitar coleta/envio de amostras,0.0347,0.2899,1.0,0.9565,49.09,moderada,"indice_pressao_rede = 100 × clip( 0,30·volume_norm + 0,30·backlog_norm + 0,25·tat_p90_norm + 0,15·rejeicao_norm ; 0–1 ). volume_norm = exames/p95(exames); backlog_norm = backlog/max(exames,1) limitado a 1; tat_p90_norm = min(tat_p90/14, 2)/2; rejeicao_norm = min(pct_rejeitado/0,05, 2)/2.",gal_lacen_microdados,True,Observado,0.2768586387434555,151.14791666666676,0.0,1.0,0.0,False,estavel,False,0.0,2026.0,21.0,gal_weekly_vs_historico,Alerta de silêncio GAL (exames) — distinto do silêncio SINAN/territorial em municipios_silenciosos.,False,False,False,,,,,ALTO,risco,"SLA de crise: reforçar liberação ≤48h, triagem de backlog e comunicação CIEVS/LACEN.",CIEVS / Sala de Situação + vigilância municipal,24–48h,1) Conferir % liberado ≤48h e TAT p90; 2) Priorizar backlog; 3) Articular rede municipal; 4) Reavaliar em 48h,Derivado,0.0785,0.44999999999999996,False,baixa,backlog_estimado=62 (imp=0.229); cnes_leitos_total=1.39e+03 (imp=0.00226); cnes_estabelecimentos=867 (imp=0.00149); indice_pressao_proxy=40.2 (imp=0.0139); tests_ma4=1.25 (imp=0.358),Manter rotina de desempenho da rede laboratorial.,Predito
BARRA DO GARCAS,1548.0,5.545138888888889,92.42118055555555,1.3083333333333333,1.6111111111111112,0.5509049773755657,0.3148148148148148,0.594541910331384,0.6715399610136452,0.060077519379844964,512.0,0.0,0.35335917312661497,gal_lacen_microdados,>=2024,Rejeição elevada — capacitar coleta/envio de amostras,0.1559,0.3307,1.0,0.6008,48.61,moderada,"indice_pressao_rede = 100 × clip( 0,30·volume_norm + 0,30·backlog_norm + 0,25·tat_p90_norm + 0,15·rejeicao_norm ; 0–1 ). volume_norm = exames/p95(exames); backlog_norm = backlog/max(exames,1) limitado a 1; tat_p90_norm = min(tat_p90/14, 2)/2; rejeicao_norm = min(pct_rejeitado/0,05, 2)/2.",gal_lacen_microdados,False,Observado,0.2768586387434555,151.14791666666676,,,,False,,,,,,,,True,False,True,sinan_sem_exame,qualidade_dado_municipal,0.0,177.0,ALTO,utilizacao,Avaliar subutilização da rede e reforçar encaminhamento de amostras em 15 dias.,Vigilância municipal + LACEN,15 dias,1) Comparar exames×notificações; 2) Identificar subutilização; 3) Reforçar encaminhamento laboratorial,Derivado,0.3612,0.44999999999999996,False,moderada,backlog_estimado=430 (imp=0.229); cnes_estabelecimentos=5.93e+03 (imp=0.00149); cnes_leitos_total=3.32e+03 (imp=0.00226); tests_ma4=6.25 (imp=0.358); tests_ma8=7.5 (imp=0.267),Monitorar volume/TAT na próxima SE e revisar capacidade de liberação.,Predito
SAO JOSE DO XINGU,323.0,31.46875,213.47458333333333,3.1597222222222223,5.434722222222222,0.3779527559055118,0.11904761904761904,0.27380952380952384,0.375,0.11145510835913312,81.0,0.0,0.33126934984520123,gal_lacen_microdados,>=2024,SLA crise: baixa liberação ≤48h — priorizar liberação/triagem,0.0325,0.2508,1.0,1.0,48.5,moderada,"indice_pressao_rede = 100 × clip( 0,30·volume_norm + 0,30·backlog_norm + 0,25·tat_p90_norm + 0,15·rejeicao_norm ; 0–1 ). volume_norm = exames/p95(exames); backlog_norm = backlog/max(exames,1) limitado a 1; tat_p90_norm = min(tat_p90/14, 2)/2; rejeicao_norm = min(pct_rejeitado/0,05, 2)/2.",gal_lacen_microdados,True,Observado,0.2768586387434555,151.14791666666676,,,,False,,,,,,,,True,False,True,sinan_sem_exame,qualidade_dado_municipal,0.0,7.0,ALTO,risco,"SLA de crise: reforçar liberação ≤48h, triagem de backlog e comunicação CIEVS/LACEN.",CIEVS / Sala de Situação + vigilância municipal,24–48h,1) Conferir % liberado ≤48h e TAT p90; 2) Priorizar backlog; 3) Articular rede municipal; 4) Reavaliar em 48h,Derivado,0.1857,0.44999999999999996,False,baixa,backlog_estimado=76 (imp=0.229); tests_ma4=3 (imp=0.358); tests_ma8=2.88 (imp=0.267); tat_p90_dias=210 (imp=0.00364); indice_pressao_proxy=44.9 (imp=0.0139),Manter rotina de desempenho da rede laboratorial.,Predito
ALTO PARAGUAI,164.0,11.468055555555555,182.62451388888914,4.084722222222222,3.6333333333333333,0.4375,0.10576923076923077,0.3942307692307692,0.5576923076923077,0.08536585365853659,55.0,0.0,0.3597560975609756,gal_lacen_microdados,>=2024,Rejeição elevada — capacitar coleta/envio de amostras,0.0165,0.3354,1.0,0.8537,48.36,moderada,"indice_pressao_rede = 100 × clip( 0,30·volume_norm + 0,30·backlog_norm + 0,25·tat_p90_norm + 0,15·rejeicao_norm ; 0–1 ). volume_norm = exames/p95(exames); backlog_norm = backlog/max(exames,1) limitado a 1; tat_p90_norm = min(tat_p90/14, 2)/2; rejeicao_norm = min(pct_rejeitado/0,05, 2)/2.",gal_lacen_microdados,True,Observado,0.2768586387434555,151.14791666666676,0.0,1.0,0.0,False,estavel,False,0.0,2026.0,21.0,gal_weekly_vs_historico,Alerta de silêncio GAL (exames) — distinto do silêncio SINAN/territorial em municipios_silenciosos.,False,False,False,,,,,ALTO,risco,"SLA de crise: reforçar liberação ≤48h, triagem de backlog e comunicação CIEVS/LACEN.",CIEVS / Sala de Situação + vigilância municipal,24–48h,1) Conferir % liberado ≤48h e TAT p90; 2) Priorizar backlog; 3) Articular rede municipal; 4) Reavaliar em 48h,Derivado,0.1407,0.44999999999999996,False,baixa,backlog_estimado=43 (imp=0.229); tests_ma4=3 (imp=0.358); tat_p90_dias=294 (imp=0.00364); tests_ma8=2.75 (imp=0.267); indice_pressao_proxy=46 (imp=0.0139),Manter rotina de desempenho da rede laboratorial.,Predito
SANTO ANTONIO DO LESTE,81.0,4.293055555555555,54.72222222222222,1.976388888888889,1.4006944444444445,0.5,0.2903225806451613,0.6774193548387096,0.7096774193548387,0.037037037037037035,46.0,0.0,0.2962962962962963,gal_lacen_microdados,>=2024,Desempenho dentro do esperado (janela recente),0.0082,0.5679,1.0,0.3704,47.84,moderada,"indice_pressao_rede = 100 × clip( 0,30·volume_norm + 0,30·backlog_norm + 0,25·tat_p90_norm + 0,15·rejeicao_norm ; 0–1 ). volume_norm = exames/p95(exames); backlog_norm = backlog/max(exames,1) limitado a 1; tat_p90_norm = min(tat_p90/14, 2)/2; rejeicao_norm = min(pct_rejeitado/0,05, 2)/2.",gal_lacen_microdados,False,Observado,0.2768586387434555,151.14791666666676,,,,False,,,,,,,,True,False,True,sinan_sem_exame,qualidade_dado_municipal,0.0,1.0,ALTO,utilizacao,Avaliar subutilização da rede e reforçar encaminhamento de amostras em 15 dias.,Vigilância municipal + LACEN,15 dias,1) Comparar exames×notificações; 2) Identificar subutilização; 3) Reforçar encaminhamento laboratorial,Derivado,0.1256,0.44999999999999996,False,baixa,backlog_estimado=40 (imp=0.229); indice_pressao_proxy=47.1 (imp=0.0139); tests_ma4=1.5 (imp=0.358); tests_ma8=2 (imp=0.267); cnes_estabelecimentos=273 (imp=0.00149),Manter rotina de desempenho da rede laboratorial.,Predito
PORTO ALEGRE DO NORTE,210.0,6.549305555555556,59.600416666666675,0.5055555555555555,1.4395833333333332,0.7083333333333334,0.34591194968553457,0.5220125786163522,0.7610062893081762,0.05714285714285714,95.0,0.0,0.3952380952380952,gal_lacen_microdados,>=2024,Rejeição elevada — capacitar coleta/envio de amostras,0.0212,0.4524,1.0,0.5714,47.78,moderada,"indice_pressao_rede = 100 × clip( 0,30·volume_norm + 0,30·backlog_norm + 0,25·tat_p90_norm + 0,15·rejeicao_norm ; 0–1 ). volume_norm = exames/p95(exames); backlog_norm = backlog/max(exames,1) limitado a 1; tat_p90_norm = min(tat_p90/14, 2)/2; rejeicao_norm = min(pct_rejeitado/0,05, 2)/2.",gal_lacen_microdados,False,Observado,0.2768586387434555,151.14791666666676,,,,False,,,,,,,,True,False,True,sinan_sem_exame,qualidade_dado_municipal,0.0,10.0,ALTO,utilizacao,Avaliar subutilização da rede e reforçar encaminhamento de amostras em 15 dias.,Vigilância municipal + LACEN,15 dias,1) Comparar exames×notificações; 2) Identificar subutilização; 3) Reforçar encaminhamento laboratorial,Derivado,0.0605,0.44999999999999996,False,baixa,backlog_estimado=79 (imp=0.229); cnes_leitos_total=432 (imp=0.00226); tests_ma4=1.75 (imp=0.358); indice_pressao_proxy=38.6 (imp=0.0139); cnes_estabelecimentos=343 (imp=0.00149),Manter rotina de desempenho da rede laboratorial.,Predito
SANTO AFONSO,61.0,10.145833333333332,35.571527777777774,3.959722222222222,6.479861111111111,0.42424242424242425,0.023809523809523808,0.09523809523809523,0.6190476190476191,0.13114754098360656,15.0,0.0,0.2786885245901639,gal_lacen_microdados,>=2024,Rejeição elevada — capacitar coleta/envio de amostras,0.0061,0.2459,1.0,1.0,47.56,moderada,"indice_pressao_rede = 100 × clip( 0,30·volume_norm + 0,30·backlog_norm + 0,25·tat_p90_norm + 0,15·rejeicao_norm ; 0–1 ). volume_norm = exames/p95(exames); backlog_norm = backlog/max(exames,1) limitado a 1; tat_p90_norm = min(tat_p90/14, 2)/2; rejeicao_norm = min(pct_rejeitado/0,05, 2)/2.",gal_lacen_microdados,False,Observado,0.2768586387434555,151.14791666666676,,,,False,,,,,,,,False,False,True,sinan_sem_exame,qualidade_dado_municipal,0.0,2.0,ALTO,utilizacao,Avaliar subutilização da rede e reforçar encaminhamento de amostras em 15 dias.,Vigilância municipal + LACEN,15 dias,1) Comparar exames×notificações; 2) Identificar subutilização; 3) Reforçar encaminhamento laboratorial,Derivado,0.0246,0.44999999999999996,False,baixa,backlog_estimado=9 (imp=0.229); tests_ma4=1.25 (imp=0.358); indice_pressao_proxy=30.8 (imp=0.0139); tat_p90_dias=105 (imp=0.00364); tests_ma8=1.38 (imp=0.267),Manter rotina de desempenho da rede laboratorial.,Predito
NOVA MONTE VERDE,143.0,9.760416666666666,149.43402777777777,2.7777777777777777,1.6923611111111112,0.44155844155844154,0.07228915662650602,0.37349397590361444,0.5783132530120482,0.06993006993006994,54.0,0.0,0.36363636363636365,gal_lacen_microdados,>=2024,Rejeição elevada — capacitar coleta/envio de amostras,0.0144,0.3776,1.0,0.6993,47.25,moderada,"indice_pressao_rede = 100 × clip( 0,30·volume_norm + 0,30·backlog_norm + 0,25·tat_p90_norm + 0,15·rejeicao_norm ; 0–1 ). volume_norm = exames/p95(exames); backlog_norm = backlog/max(exames,1) limitado a 1; tat_p90_norm = min(tat_p90/14, 2)/2; rejeicao_norm = min(pct_rejeitado/0,05, 2)/2.",gal_lacen_microdados,False,Observado,0.2768586387434555,151.14791666666676,,,,False,,,,,,,,True,False,True,sinan_sem_exame,qualidade_dado_municipal,0.0,10.0,ALTO,utilizacao,Avaliar subutilização da rede e reforçar encaminhamento de amostras em 15 dias.,Vigilância municipal + LACEN,15 dias,1) Comparar exames×notificações; 2) Identificar subutilização; 3) Reforçar encaminhamento laboratorial,Derivado,0.1552,0.44999999999999996,False,baixa,backlog_estimado=49 (imp=0.229); tests_ma4=2.75 (imp=0.358); tests_ma8=3.38 (imp=0.267); cnes_leitos_total=312 (imp=0.00226); indice_pressao_proxy=40.1 (imp=0.0139),Manter rotina de desempenho da rede laboratorial.,Predito
UNIAO DO SUL,176.0,12.487152777777778,239.4597222222222,6.016319444444445,4.381944444444445,0.3942307692307692,0.09322033898305085,0.4152542372881356,0.5084745762711864,0.09090909090909091,46.0,0.0,0.4318181818181818,gal_lacen_microdados,>=2024,SLA crise: baixa liberação ≤48h — priorizar liberação/triagem,0.0177,0.2614,1.0,0.9091,47.01,moderada,"indice_pressao_rede = 100 × clip( 0,30·volume_norm + 0,30·backlog_norm + 0,25·tat_p90_norm + 0,15·rejeicao_norm ; 0–1 ). volume_norm = exames/p95(exames); backlog_norm = backlog/max(exames,1) limitado a 1; tat_p90_norm = min(tat_p90/14, 2)/2; rejeicao_norm = min(pct_rejeitado/0,05, 2)/2.",gal_lacen_microdados,True,Observado,0.2768586387434555,151.14791666666676,,,,False,,,,,,,,True,False,True,sinan_sem_exame,qualidade_dado_municipal,0.0,13.0,ALTO,risco,"SLA de crise: reforçar liberação ≤48h, triagem de backlog e comunicação CIEVS/LACEN.",CIEVS / Sala de Situação + vigilância municipal,24–48h,1) Conferir % liberado ≤48h e TAT p90; 2) Priorizar backlog; 3) Articular rede municipal; 4) Reavaliar em 48h,Derivado,0.1676,0.44999999999999996,False,baixa,backlog_estimado=36 (imp=0.229); tests_ma4=2.25 (imp=0.358); tests_ma8=2.5 (imp=0.267); cnes_estabelecimentos=389 (imp=0.00149); indice_pressao_proxy=33.3 (imp=0.0139),Manter rotina de desempenho da rede laboratorial.,Predito
CURVELANDIA,514.0,10.599305555555556,97.88708333333355,3.0319444444444446,2.9937500000000004,0.41904761904761906,0.0700280112044818,0.4005602240896359,0.5658263305322129,0.07198443579766536,164.0,0.0,0.3424124513618677,gal_lacen_microdados,>=2024,Rejeição elevada — capacitar coleta/envio de amostras,0.0518,0.3191,1.0,0.7198,46.92,moderada,"indice_pressao_rede = 100 × clip( 0,30·volume_norm + 0,30·backlog_norm + 0,25·tat_p90_norm + 0,15·rejeicao_norm ; 0–1 ). volume_norm = exames/p95(exames); backlog_norm = backlog/max(exames,1) limitado a 1; tat_p90_norm = min(tat_p90/14, 2)/2; rejeicao_norm = min(pct_rejeitado/0,05, 2)/2.",gal_lacen_microdados,False,Observado,0.2768586387434555,151.14791666666676,,,,False,,,,,,,,True,False,True,sinan_sem_exame,qualidade_dado_municipal,0.0,1.0,ALTO,utilizacao,Avaliar subutilização da rede e reforçar encaminhamento de amostras em 15 dias.,Vigilância municipal + LACEN,15 dias,1) Comparar exames×notificações; 2) Identificar subutilização; 3) Reforçar encaminhamento laboratorial,Derivado,0.2012,0.44999999999999996,False,baixa,backlog_estimado=146 (imp=0.229); tests_ma8=6.12 (imp=0.267); indice_pressao_proxy=40.8 (imp=0.0139); tests_ma4=1.5 (imp=0.358); tat_p90_dias=100 (imp=0.00364),Manter rotina de desempenho da rede laboratorial.,Predito
GUIRATINGA,183.0,2.6847222222222222,38.52805555555555,0.7381944444444445,1.479861111111111,0.5853658536585366,0.43609022556390975,0.5864661654135338,0.6691729323308271,0.04371584699453552,89.0,0.0,0.4371584699453552,gal_lacen_microdados,>=2024,Backlog pendente relevante — priorizar liberação,0.0184,0.4863,1.0,0.4372,46.7,moderada,"indice_pressao_rede = 100 × clip( 0,30·volume_norm + 0,30·backlog_norm + 0,25·tat_p90_norm + 0,15·rejeicao_norm ; 0–1 ). volume_norm = exames/p95(exames); backlog_norm = backlog/max(exames,1) limitado a 1; tat_p90_norm = min(tat_p90/14, 2)/2; rejeicao_norm = min(pct_rejeitado/0,05, 2)/2.",gal_lacen_microdados,False,Observado,0.2768586387434555,151.14791666666676,,,,False,,,,,,,,True,False,True,sinan_sem_exame,qualidade_dado_municipal,0.0,7.0,ALTO,utilizacao,Avaliar subutilização da rede e reforçar encaminhamento de amostras em 15 dias.,Vigilância municipal + LACEN,15 dias,1) Comparar exames×notificações; 2) Identificar subutilização; 3) Reforçar encaminhamento laboratorial,Derivado,0.0319,0.44999999999999996,False,baixa,backlog_estimado=55 (imp=0.229); cnes_estabelecimentos=536 (imp=0.00149); cnes_leitos_total=335 (imp=0.00226); indice_pressao_proxy=46.5 (imp=0.0139); tests_ma4=1.5 (imp=0.358),Manter rotina de desempenho da rede laboratorial.,Predito
LUCIARA,42.0,4.606944444444444,57.75444444444445,2.8711805555555556,3.3722222222222222,0.4666666666666667,0.12121212121212122,0.5454545454545454,0.5454545454545454,0.11904761904761904,9.0,0.0,0.47619047619047616,gal_lacen_microdados,>=2024,Rejeição elevada — capacitar coleta/envio de amostras,0.0042,0.2143,1.0,1.0,46.56,moderada,"indice_pressao_rede = 100 × clip( 0,30·volume_norm + 0,30·backlog_norm + 0,25·tat_p90_norm + 0,15·rejeicao_norm ; 0–1 ). volume_norm = exames/p95(exames); backlog_norm = backlog/max(exames,1) limitado a 1; tat_p90_norm = min(tat_p90/14, 2)/2; rejeicao_norm = min(pct_rejeitado/0,05, 2)/2.",gal_lacen_microdados,False,Observado,0.2768586387434555,151.14791666666676,,,,False,,,,,,,,False,False,True,sinan_sem_exame,qualidade_dado_municipal,0.0,1.0,ALTO,utilizacao,Avaliar subutilização da rede e reforçar encaminhamento de amostras em 15 dias.,Vigilância municipal + LACEN,15 dias,1) Comparar exames×notificações; 2) Identificar subutilização; 3) Reforçar encaminhamento laboratorial,Derivado,0.0306,0.44999999999999996,False,baixa,backlog_estimado=4 (imp=0.229); tests_ma4=1.25 (imp=0.358); indice_pressao_proxy=28.9 (imp=0.0139); tests_ma8=1.38 (imp=0.267); cnes_estabelecimentos=203 (imp=0.00149),Manter rotina de desempenho da rede laboratorial.,Predito
SALTO DO CEU,148.0,9.652083333333334,96.89131944444443,6.815972222222222,1.6788194444444444,0.31521739130434784,0.08490566037735849,0.36792452830188677,0.5566037735849056,0.07432432432432433,48.0,0.0,0.4391891891891892,gal_lacen_microdados,>=2024,SLA crise: baixa liberação ≤48h — priorizar liberação/triagem,0.0149,0.3243,1.0,0.7432,46.33,moderada,"indice_pressao_rede = 100 × clip( 0,30·volume_norm + 0,30·backlog_norm + 0,25·tat_p90_norm + 0,15·rejeicao_norm ; 0–1 ). volume_norm = exames/p95(exames); backlog_norm = backlog/max(exames,1) limitado a 1; tat_p90_norm = min(tat_p90/14, 2)/2; rejeicao_norm = min(pct_rejeitado/0,05, 2)/2.",gal_lacen_microdados,False,Observado,0.2768586387434555,151.14791666666676,,,,False,,,,,,,,True,False,True,sinan_sem_exame,qualidade_dado_municipal,0.0,3.0,ALTO,utilizacao,Avaliar subutilização da rede e reforçar encaminhamento de amostras em 15 dias.,Vigilância municipal + LACEN,15 dias,1) Comparar exames×notificações; 2) Identificar subutilização; 3) Reforçar encaminhamento laboratorial,Derivado,0.1476,0.44999999999999996,False,baixa,backlog_estimado=43 (imp=0.229); tests_ma8=4.12 (imp=0.267); tests_ma4=2.5 (imp=0.358); cnes_leitos_total=336 (imp=0.00226); indice_pressao_proxy=33.9 (imp=0.0139),Manter rotina de desempenho da rede laboratorial.,Predito
CANABRAVA DO NORTE,100.0,3.4090277777777778,31.54409722222223,1.9201388888888888,1.4145833333333333,0.625,0.265625,0.71875,0.828125,0.04,50.0,0.0,0.29,gal_lacen_microdados,>=2024,Desempenho dentro do esperado (janela recente),0.0101,0.5,1.0,0.4,46.3,moderada,"indice_pressao_rede = 100 × clip( 0,30·volume_norm + 0,30·backlog_norm + 0,25·tat_p90_norm + 0,15·rejeicao_norm ; 0–1 ). volume_norm = exames/p95(exames); backlog_norm = backlog/max(exames,1) limitado a 1; tat_p90_norm = min(tat_p90/14, 2)/2; rejeicao_norm = min(pct_rejeitado/0,05, 2)/2.",gal_lacen_microdados,False,Observado,0.2768586387434555,151.14791666666676,,,,False,,,,,,,,True,False,True,sinan_sem_exame,qualidade_dado_municipal,0.0,19.0,ALTO,utilizacao,Avaliar subutilização da rede e reforçar encaminhamento de amostras em 15 dias.,Vigilância municipal + LACEN,15 dias,1) Comparar exames×notificações; 2) Identificar subutilização; 3) Reforçar encaminhamento laboratorial,Derivado,0.0256,0.44999999999999996,False,baixa,backlog_estimado=34 (imp=0.229); cnes_estabelecimentos=393 (imp=0.00149); tests_ma4=1.5 (imp=0.358); indice_pressao_proxy=35.4 (imp=0.0139); tests_ma8=1.38 (imp=0.267),Manter rotina de desempenho da rede laboratorial.,Predito
NOVA NAZARE,56.0,17.458333333333332,187.65722222222232,5.13125,3.4944444444444445,0.45454545454545453,0.2571428571428571,0.4,0.4857142857142857,0.14285714285714285,11.0,0.0,0.5,gal_lacen_microdados,>=2024,TAT mediano elevado — revisar fluxo coleta→liberação,0.0056,0.1964,1.0,1.0,46.06,moderada,"indice_pressao_rede = 100 × clip( 0,30·volume_norm + 0,30·backlog_norm + 0,25·tat_p90_norm + 0,15·rejeicao_norm ; 0–1 ). volume_norm = exames/p95(exames); backlog_norm = backlog/max(exames,1) limitado a 1; tat_p90_norm = min(tat_p90/14, 2)/2; rejeicao_norm = min(pct_rejeitado/0,05, 2)/2.",gal_lacen_microdados,True,Observado,0.2768586387434555,151.14791666666676,,,,False,,,,,,,,True,False,True,sinan_sem_exame,qualidade_dado_municipal,0.0,1.0,ALTO,risco,"SLA de crise: reforçar liberação ≤48h, triagem de backlog e comunicação CIEVS/LACEN.",CIEVS / Sala de Situação + vigilância municipal,24–48h,1) Conferir % liberado ≤48h e TAT p90; 2) Priorizar backlog; 3) Articular rede municipal; 4) Reavaliar em 48h,Derivado,0.0263,0.44999999999999996,False,baixa,backlog_estimado=8 (imp=0.229); indice_pressao_proxy=41.4 (imp=0.0139); tests_ma8=1.88 (imp=0.267); cnes_estabelecimentos=246 (imp=0.00149); tests_ma4=1 (imp=0.358),Manter rotina de desempenho da rede laboratorial.,Predito
JUARA,1398.0,15.490972222222222,188.7798611111111,5.279861111111111,4.708333333333333,0.38651994497936726,0.14580941446613088,0.3214695752009185,0.4489092996555683,0.05793991416309013,379.0,0.0,0.3218884120171674,gal_lacen_microdados,>=2024,SLA crise: baixa liberação ≤48h — priorizar liberação/triagem,0.1408,0.2711,1.0,0.5794,46.05,moderada,"indice_pressao_rede = 100 × clip( 0,30·volume_norm + 0,30·backlog_norm + 0,25·tat_p90_norm + 0,15·rejeicao_norm ; 0–1 ). volume_norm = exames/p95(exames); backlog_norm = backlog/max(exames,1) limitado a 1; tat_p90_norm = min(tat_p90/14, 2)/2; rejeicao_norm = min(pct_rejeitado/0,05, 2)/2.",gal_lacen_microdados,True,Observado,0.2768586387434555,151.14791666666676,0.0,1.0,0.0,False,estavel,False,0.0,2026.0,21.0,gal_weekly_vs_historico,Alerta de silêncio GAL (exames) — distinto do silêncio SINAN/territorial em municipios_silenciosos.,False,False,False,,,,,ALTO,risco,"SLA de crise: reforçar liberação ≤48h, triagem de backlog e comunicação CIEVS/LACEN.",CIEVS / Sala de Situação + vigilância municipal,24–48h,1) Conferir % liberado ≤48h e TAT p90; 2) Priorizar backlog; 3) Articular rede municipal; 4) Reavaliar em 48h,Derivado,0.2896,0.44999999999999996,False,moderada,backlog_estimado=319 (imp=0.229); cnes_estabelecimentos=2.65e+03 (imp=0.00149); tests_ma4=10.8 (imp=0.358); tests_ma8=13.4 (imp=0.267); cnes_leitos_total=1.46e+03 (imp=0.00226),Manter rotina de desempenho da rede laboratorial.,Predito
NOVA LACERDA,222.0,7.631944444444445,93.36465277777795,5.954861111111111,2.6475694444444446,0.2627118644067797,0.19718309859154928,0.4295774647887324,0.5633802816901409,0.06756756756756757,74.0,0.0,0.3738738738738739,gal_lacen_microdados,>=2024,SLA crise: baixa liberação ≤48h — priorizar liberação/triagem,0.0224,0.3333,1.0,0.6757,45.81,moderada,"indice_pressao_rede = 100 × clip( 0,30·volume_norm + 0,30·backlog_norm + 0,25·tat_p90_norm + 0,15·rejeicao_norm ; 0–1 ). volume_norm = exames/p95(exames); backlog_norm = backlog/max(exames,1) limitado a 1; tat_p90_norm = min(tat_p90/14, 2)/2; rejeicao_norm = min(pct_rejeitado/0,05, 2)/2.",gal_lacen_microdados,True,Observado,0.2768586387434555,151.14791666666676,0.0,1.0,0.0,False,estavel,False,0.0,2026.0,21.0,gal_weekly_vs_historico,Alerta de silêncio GAL (exames) — distinto do silêncio SINAN/territorial em municipios_silenciosos.,False,False,False,,,,,ALTO,risco,"SLA de crise: reforçar liberação ≤48h, triagem de backlog e comunicação CIEVS/LACEN.",CIEVS / Sala de Situação + vigilância municipal,24–48h,1) Conferir % liberado ≤48h e TAT p90; 2) Priorizar backlog; 3) Articular rede municipal; 4) Reavaliar em 48h,Derivado,0.0296,0.44999999999999996,False,baixa,backlog_estimado=57 (imp=0.229); indice_pressao_proxy=42.7 (imp=0.0139); cnes_estabelecimentos=334 (imp=0.00149); tests_ma8=1.5 (imp=0.267); tests_ma4=1 (imp=0.358),Manter rotina de desempenho da rede laboratorial.,Predito
SAO PEDRO DA CIPA,69.0,4.1149305555555555,264.6486111111111,1.0618055555555554,0.6256944444444444,0.5555555555555556,0.3392857142857143,0.5535714285714286,0.6607142857142857,0.028985507246376812,37.0,0.0,0.34782608695652173,gal_lacen_microdados,>=2024,Desempenho dentro do esperado (janela recente),0.0069,0.5362,1.0,0.2899,45.64,moderada,"indice_pressao_rede = 100 × clip( 0,30·volume_norm + 0,30·backlog_norm + 0,25·tat_p90_norm + 0,15·rejeicao_norm ; 0–1 ). volume_norm = exames/p95(exames); backlog_norm = backlog/max(exames,1) limitado a 1; tat_p90_norm = min(tat_p90/14, 2)/2; rejeicao_norm = min(pct_rejeitado/0,05, 2)/2.",gal_lacen_microdados,True,Observado,0.2768586387434555,151.14791666666676,,,,False,,,,,,,,True,False,False,,,,,ALTO,risco,"SLA de crise: reforçar liberação ≤48h, triagem de backlog e comunicação CIEVS/LACEN.",CIEVS / Sala de Situação + vigilância municipal,24–48h,1) Conferir % liberado ≤48h e TAT p90; 2) Priorizar backlog; 3) Articular rede municipal; 4) Reavaliar em 48h,Derivado,0.1548,0.44999999999999996,False,baixa,backlog_estimado=21 (imp=0.229); tests_ma4=2.75 (imp=0.358); tat_p90_dias=267 (imp=0.00364); tests_ma8=2.88 (imp=0.267); indice_pressao_proxy=41.7 (imp=0.0139),Manter rotina de desempenho da rede laboratorial.,Predito
PLANALTO DA SERRA,81.0,30.447222222222223,229.76291666666677,30.05,1.479861111111111,0.09090909090909091,0.031746031746031744,0.2222222222222222,0.38095238095238093,0.06172839506172839,30.0,0.0,0.49382716049382713,gal_lacen_microdados,>=2024,SLA crise: baixa liberação ≤48h — priorizar liberação/triagem,0.0082,0.3704,1.0,0.6173,45.62,moderada,"indice_pressao_rede = 100 × clip( 0,30·volume_norm + 0,30·backlog_norm + 0,25·tat_p90_norm + 0,15·rejeicao_norm ; 0–1 ). volume_norm = exames/p95(exames); backlog_norm = backlog/max(exames,1) limitado a 1; tat_p90_norm = min(tat_p90/14, 2)/2; rejeicao_norm = min(pct_rejeitado/0,05, 2)/2.",gal_lacen_microdados,True,Observado,0.2768586387434555,151.14791666666676,,,,False,,,,,,,,True,False,True,sinan_sem_exame,qualidade_dado_municipal,0.0,10.0,ALTO,risco,"SLA de crise: reforçar liberação ≤48h, triagem de backlog e comunicação CIEVS/LACEN.",CIEVS / Sala de Situação + vigilância municipal,24–48h,1) Conferir % liberado ≤48h e TAT p90; 2) Priorizar backlog; 3) Articular rede municipal; 4) Reavaliar em 48h,Derivado,0.1122,0.44999999999999996,False,baixa,backlog_estimado=27 (imp=0.229); tests_ma4=3 (imp=0.358); tests_ma8=3 (imp=0.267); indice_pressao_proxy=34.7 (imp=0.0139); cnes_estabelecimentos=243 (imp=0.00149),Manter rotina de desempenho da rede laboratorial.,Predito
SAPEZAL,1901.0,15.729861111111111,151.14791666666676,7.967361111111111,6.353472222222222,0.25301204819277107,0.07054545454545455,0.25236363636363635,0.45381818181818184,0.03577064702788006,601.0,0.0,0.4618621778011573,gal_lacen_microdados,>=2024,SLA crise: baixa liberação ≤48h — priorizar liberação/triagem,0.1915,0.3161,1.0,0.3577,45.59,moderada,"indice_pressao_rede = 100 × clip( 0,30·volume_norm + 0,30·backlog_norm + 0,25·tat_p90_norm + 0,15·rejeicao_norm ; 0–1 ). volume_norm = exames/p95(exames); backlog_norm = backlog/max(exames,1) limitado a 1; tat_p90_norm = min(tat_p90/14, 2)/2; rejeicao_norm = min(pct_rejeitado/0,05, 2)/2.",gal_lacen_microdados,True,Observado,0.2768586387434555,151.14791666666676,0.0,2.0,0.0,False,estavel,False,0.0,2026.0,21.0,gal_weekly_vs_historico,Alerta de silêncio GAL (exames) — distinto do silêncio SINAN/territorial em municipios_silenciosos.,False,False,False,,,,,ALTO,risco,"SLA de crise: reforçar liberação ≤48h, triagem de backlog e comunicação CIEVS/LACEN.",CIEVS / Sala de Situação + vigilância municipal,24–48h,1) Conferir % liberado ≤48h e TAT p90; 2) Priorizar backlog; 3) Articular rede municipal; 4) Reavaliar em 48h,Derivado,0.4305,0.44999999999999996,False,alta,backlog_estimado=569 (imp=0.229); cnes_estabelecimentos=2.12e+03 (imp=0.00149); cnes_leitos_total=1.27e+03 (imp=0.00226); tests_ma8=6.5 (imp=0.267); indice_pressao_proxy=53.9 (imp=0.0139),Monitorar volume/TAT na próxima SE e revisar capacidade de liberação.,Predito
JAURU,180.0,4.713888888888889,91.61597222222223,2.142361111111111,2.4298611111111112,0.4251968503937008,0.296551724137931,0.6,0.7379310344827587,0.07222222222222222,55.0,0.0,0.4444444444444444,gal_lacen_microdados,>=2024,Rejeição elevada — capacitar coleta/envio de amostras,0.0181,0.3056,1.0,0.7222,45.54,moderada,"indice_pressao_rede = 100 × clip( 0,30·volume_norm + 0,30·backlog_norm + 0,25·tat_p90_norm + 0,15·rejeicao_norm ; 0–1 ). volume_norm = exames/p95(exames); backlog_norm = backlog/max(exames,1) limitado a 1; tat_p90_norm = min(tat_p90/14, 2)/2; rejeicao_norm = min(pct_rejeitado/0,05, 2)/2.",gal_lacen_microdados,False,Observado,0.2768586387434555,151.14791666666676,,,,False,,,,,,,,True,False,True,sinan_sem_exame,qualidade_dado_municipal,0.0,2.0,ALTO,utilizacao,Avaliar subutilização da rede e reforçar encaminhamento de amostras em 15 dias.,Vigilância municipal + LACEN,15 dias,1) Comparar exames×notificações; 2) Identificar subutilização; 3) Reforçar encaminhamento laboratorial,Derivado,0.0375,0.44999999999999996,False,baixa,backlog_estimado=47 (imp=0.229); cnes_leitos_total=912 (imp=0.00226); tests_ma4=2.25 (imp=0.358); cnes_estabelecimentos=418 (imp=0.00149); tests_ma8=1.88 (imp=0.267),Manter rotina de desempenho da rede laboratorial.,Predito
RIBEIRAO CASCALHEIRA,148.0,4.677777777777778,71.17097222222223,1.7375,2.392361111111111,0.6086956521739131,0.16853932584269662,0.550561797752809,0.7528089887640449,0.08783783783783784,34.0,0.0,0.3581081081081081,gal_lacen_microdados,>=2024,Rejeição elevada — capacitar coleta/envio de amostras,0.0149,0.2297,1.0,0.8784,45.51,moderada,"indice_pressao_rede = 100 × clip( 0,30·volume_norm + 0,30·backlog_norm + 0,25·tat_p90_norm + 0,15·rejeicao_norm ; 0–1 ). volume_norm = exames/p95(exames); backlog_norm = backlog/max(exames,1) limitado a 1; tat_p90_norm = min(tat_p90/14, 2)/2; rejeicao_norm = min(pct_rejeitado/0,05, 2)/2.",gal_lacen_microdados,False,Observado,0.2768586387434555,151.14791666666676,,,,False,,,,,,,,True,False,True,sinan_sem_exame,qualidade_dado_municipal,0.0,16.0,ALTO,utilizacao,Avaliar subutilização da rede e reforçar encaminhamento de amostras em 15 dias.,Vigilância municipal + LACEN,15 dias,1) Comparar exames×notificações; 2) Identificar subutilização; 3) Reforçar encaminhamento laboratorial,Derivado,0.1411,0.44999999999999996,False,baixa,backlog_estimado=27 (imp=0.229); cnes_leitos_total=878 (imp=0.00226); cnes_estabelecimentos=772 (imp=0.00149); tests_ma8=2.88 (imp=0.267); tests_ma4=1.25 (imp=0.358),Manter rotina de desempenho da rede laboratorial.,Predito
ALTO GARCAS,2090.0,14.515277777777778,100.33958333333334,11.567361111111111,4.376388888888889,0.22174226061915048,0.09118357487922706,0.29045893719806765,0.4897342995169082,0.03349282296650718,637.0,0.0,0.5110047846889952,gal_lacen_microdados,>=2024,SLA crise: baixa liberação ≤48h — priorizar liberação/triagem,0.2105,0.3048,1.0,0.3349,45.48,moderada,"indice_pressao_rede = 100 × clip( 0,30·volume_norm + 0,30·backlog_norm + 0,25·tat_p90_norm + 0,15·rejeicao_norm ; 0–1 ). volume_norm = exames/p95(exames); backlog_norm = backlog/max(exames,1) limitado a 1; tat_p90_norm = min(tat_p90/14, 2)/2; rejeicao_norm = min(pct_rejeitado/0,05, 2)/2.",gal_lacen_microdados,True,Observado,0.2768586387434555,151.14791666666676,,,,False,,,,,,,,True,False,True,sinan_sem_exame,qualidade_dado_municipal,0.0,11.0,ALTO,risco,"SLA de crise: reforçar liberação ≤48h, triagem de backlog e comunicação CIEVS/LACEN.",CIEVS / Sala de Situação + vigilância municipal,24–48h,1) Conferir % liberado ≤48h e TAT p90; 2) Priorizar backlog; 3) Articular rede municipal; 4) Reavaliar em 48h,Derivado,0.5545,0.44999999999999996,True,alta,backlog_estimado=628 (imp=0.229); tests_ma4=26.8 (imp=0.358); tests_ma8=25 (imp=0.267); indice_pressao_proxy=62.2 (imp=0.0139); cnes_leitos_total=339 (imp=0.00226),"Pressão predita alta: antecipar triagem de backlog, reforçar liberação ≤48h e articular rede municipal.",Predito
SAO JOSE DO POVO,90.0,11.078819444444445,37.758194444444456,4.632638888888889,1.5583333333333333,0.23333333333333334,0.0625,0.375,0.59375,0.05555555555555555,35.0,0.0,0.23333333333333334,gal_lacen_microdados,>=2024,SLA crise: baixa liberação ≤48h — priorizar liberação/triagem,0.0091,0.3889,1.0,0.5556,45.27,moderada,"indice_pressao_rede = 100 × clip( 0,30·volume_norm + 0,30·backlog_norm + 0,25·tat_p90_norm + 0,15·rejeicao_norm ; 0–1 ). volume_norm = exames/p95(exames); backlog_norm = backlog/max(exames,1) limitado a 1; tat_p90_norm = min(tat_p90/14, 2)/2; rejeicao_norm = min(pct_rejeitado/0,05, 2)/2.",gal_lacen_microdados,True,Observado,0.2768586387434555,151.14791666666676,,,,False,,,,,,,,False,False,True,sinan_sem_exame,qualidade_dado_municipal,0.0,7.0,ALTO,risco,"SLA de crise: reforçar liberação ≤48h, triagem de backlog e comunicação CIEVS/LACEN.",CIEVS / Sala de Situação + vigilância municipal,24–48h,1) Conferir % liberado ≤48h e TAT p90; 2) Priorizar backlog; 3) Articular rede municipal; 4) Reavaliar em 48h,Derivado,0.027,0.44999999999999996,False,baixa,backlog_estimado=29 (imp=0.229); indice_pressao_proxy=39.9 (imp=0.0139); tests_ma4=1 (imp=0.358); tests_ma8=1.25 (imp=0.267); cnes_estabelecimentos=96 (imp=0.00149),Manter rotina de desempenho da rede laboratorial.,Predito
NORTELANDIA,298.0,10.340972222222222,103.57326388888889,2.6618055555555555,3.69375,0.4577777777777778,0.18333333333333332,0.4625,0.5333333333333333,0.08389261744966443,67.0,0.0,0.5100671140939598,gal_lacen_microdados,>=2024,Rejeição elevada — capacitar coleta/envio de amostras,0.03,0.2248,1.0,0.8389,45.23,moderada,"indice_pressao_rede = 100 × clip( 0,30·volume_norm + 0,30·backlog_norm + 0,25·tat_p90_norm + 0,15·rejeicao_norm ; 0–1 ). volume_norm = exames/p95(exames); backlog_norm = backlog/max(exames,1) limitado a 1; tat_p90_norm = min(tat_p90/14, 2)/2; rejeicao_norm = min(pct_rejeitado/0,05, 2)/2.",gal_lacen_microdados,False,Observado,0.2768586387434555,151.14791666666676,,,,False,,,,,,,,True,False,True,sinan_sem_exame,qualidade_dado_municipal,0.0,3.0,ALTO,utilizacao,Avaliar subutilização da rede e reforçar encaminhamento de amostras em 15 dias.,Vigilância municipal + LACEN,15 dias,1) Comparar exames×notificações; 2) Identificar subutilização; 3) Reforçar encaminhamento laboratorial,Derivado,0.0311,0.44999999999999996,False,baixa,backlog_estimado=43 (imp=0.229); cnes_leitos_total=486 (imp=0.00226); tests_ma4=2 (imp=0.358); indice_pressao_proxy=34.3 (imp=0.0139); tests_ma8=1.75 (imp=0.267),Manter rotina de desempenho da rede laboratorial.,Predito
NOVO SANTO ANTONIO,92.0,11.745138888888889,152.38888888888889,7.24375,6.528819444444444,0.37254901960784315,0.26229508196721313,0.4262295081967213,0.5573770491803278,0.07608695652173914,26.0,0.0,0.44565217391304346,gal_lacen_microdados,>=2024,SLA crise: baixa liberação ≤48h — priorizar liberação/triagem,0.0093,0.2826,1.0,0.7609,45.17,moderada,"indice_pressao_rede = 100 × clip( 0,30·volume_norm + 0,30·backlog_norm + 0,25·tat_p90_norm + 0,15·rejeicao_norm ; 0–1 ). volume_norm = exames/p95(exames); backlog_norm = backlog/max(exames,1) limitado a 1; tat_p90_norm = min(tat_p90/14, 2)/2; rejeicao_norm = min(pct_rejeitado/0,05, 2)/2.",gal_lacen_microdados,True,Observado,0.2768586387434555,151.14791666666676,,,,False,,,,,,,,False,False,True,sinan_sem_exame,qualidade_dado_municipal,0.0,1.0,ALTO,risco,"SLA de crise: reforçar liberação ≤48h, triagem de backlog e comunicação CIEVS/LACEN.",CIEVS / Sala de Situação + vigilância municipal,24–48h,1) Conferir % liberado ≤48h e TAT p90; 2) Priorizar backlog; 3) Articular rede municipal; 4) Reavaliar em 48h,Derivado,0.1206,0.44999999999999996,False,baixa,backlog_estimado=22 (imp=0.229); tests_ma4=3 (imp=0.358); tests_ma8=2.75 (imp=0.267); indice_pressao_proxy=43.9 (imp=0.0139); cnes_estabelecimentos=161 (imp=0.00149),Manter rotina de desempenho da rede laboratorial.,Predito
VALE DE SAO DOMINGOS,34.0,13.567361111111111,20.572222222222223,11.150694444444444,1.4534722222222223,0.3125,0.23529411764705882,0.4117647058823529,0.5882352941176471,0.058823529411764705,20.0,0.0,0.35294117647058826,gal_lacen_microdados,>=2024,SLA crise: baixa liberação ≤48h — priorizar liberação/triagem,0.0034,0.5882,0.7347,0.5882,44.94,moderada,"indice_pressao_rede = 100 × clip( 0,30·volume_norm + 0,30·backlog_norm + 0,25·tat_p90_norm + 0,15·rejeicao_norm ; 0–1 ). volume_norm = exames/p95(exames); backlog_norm = backlog/max(exames,1) limitado a 1; tat_p90_norm = min(tat_p90/14, 2)/2; rejeicao_norm = min(pct_rejeitado/0,05, 2)/2.",gal_lacen_microdados,False,Observado,0.2768586387434555,151.14791666666676,,,,False,,,,,,,,False,False,True,sinan_sem_exame,qualidade_dado_municipal,0.0,3.0,ALTO,utilizacao,Avaliar subutilização da rede e reforçar encaminhamento de amostras em 15 dias.,Vigilância municipal + LACEN,15 dias,1) Comparar exames×notificações; 2) Identificar subutilização; 3) Reforçar encaminhamento laboratorial,Derivado,0.0233,0.44999999999999996,False,baixa,backlog_estimado=16 (imp=0.229); cnes_estabelecimentos=310 (imp=0.00149); tests_ma4=1.25 (imp=0.358); tests_ma8=1.62 (imp=0.267); indice_pressao_proxy=30.1 (imp=0.0139),Manter rotina de desempenho da rede laboratorial.,Predito
CARLINDA,161.0,14.028125,143.42291666666668,7.970833333333333,2.651388888888889,0.2727272727272727,0.175,0.4125,0.5,0.08074534161490683,39.0,0.0,0.2732919254658385,gal_lacen_microdados,>=2024,SLA crise: baixa liberação ≤48h — priorizar liberação/triagem,0.0162,0.2422,1.0,0.8075,44.87,moderada,"indice_pressao_rede = 100 × clip( 0,30·volume_norm + 0,30·backlog_norm + 0,25·tat_p90_norm + 0,15·rejeicao_norm ; 0–1 ). volume_norm = exames/p95(exames); backlog_norm = backlog/max(exames,1) limitado a 1; tat_p90_norm = min(tat_p90/14, 2)/2; rejeicao_norm = min(pct_rejeitado/0,05, 2)/2.",gal_lacen_microdados,True,Observado,0.2768586387434555,151.14791666666676,0.0,2.0,0.0,False,estavel,False,0.0,2026.0,21.0,gal_weekly_vs_historico,Alerta de silêncio GAL (exames) — distinto do silêncio SINAN/territorial em municipios_silenciosos.,False,False,False,,,,,ALTO,risco,"SLA de crise: reforçar liberação ≤48h, triagem de backlog e comunicação CIEVS/LACEN.",CIEVS / Sala de Situação + vigilância municipal,24–48h,1) Conferir % liberado ≤48h e TAT p90; 2) Priorizar backlog; 3) Articular rede municipal; 4) Reavaliar em 48h,Derivado,0.2155,0.44999999999999996,False,baixa,backlog_estimado=27 (imp=0.229); tests_ma4=2.5 (imp=0.358); cnes_estabelecimentos=532 (imp=0.00149); tat_p90_dias=207 (imp=0.00364); indice_pressao_proxy=42 (imp=0.0139),Manter rotina de desempenho da rede laboratorial.,Predito
INDIAVAI,172.0,70.33541666666666,187.60972222222222,29.865277777777777,1.9784722222222224,0.3300970873786408,0.1504424778761062,0.37168141592920356,0.4247787610619469,0.08139534883720931,40.0,0.0,0.38372093023255816,gal_lacen_microdados,>=2024,SLA crise: baixa liberação ≤48h — priorizar liberação/triagem,0.0173,0.2326,1.0,0.814,44.71,moderada,"indice_pressao_rede = 100 × clip( 0,30·volume_norm + 0,30·backlog_norm + 0,25·tat_p90_norm + 0,15·rejeicao_norm ; 0–1 ). volume_norm = exames/p95(exames); backlog_norm = backlog/max(exames,1) limitado a 1; tat_p90_norm = min(tat_p90/14, 2)/2; rejeicao_norm = min(pct_rejeitado/0,05, 2)/2.",gal_lacen_microdados,True,Observado,0.2768586387434555,151.14791666666676,0.0,1.0,0.0,False,estavel,False,0.0,2026.0,21.0,gal_weekly_vs_historico,Alerta de silêncio GAL (exames) — distinto do silêncio SINAN/territorial em municipios_silenciosos.,False,False,False,,,,,ALTO,risco,"SLA de crise: reforçar liberação ≤48h, triagem de backlog e comunicação CIEVS/LACEN.",CIEVS / Sala de Situação + vigilância municipal,24–48h,1) Conferir % liberado ≤48h e TAT p90; 2) Priorizar backlog; 3) Articular rede municipal; 4) Reavaliar em 48h,Derivado,0.1343,0.44999999999999996,False,baixa,backlog_estimado=30 (imp=0.229); tests_ma8=2.75 (imp=0.267); tests_ma4=1.75 (imp=0.358); tat_p90_dias=152 (imp=0.00364); indice_pressao_proxy=39.8 (imp=0.0139),Manter rotina de desempenho da rede laboratorial.,Predito
ITAUBA,1956.0,22.43611111111111,93.34097222222222,18.986805555555556,1.4791666666666667,0.19028974158183243,0.10956175298804781,0.2151394422310757,0.3804780876494024,0.015337423312883436,744.0,0.0,0.4274028629856851,gal_lacen_microdados,>=2024,SLA crise: baixa liberação ≤48h — priorizar liberação/triagem,0.197,0.3804,1.0,0.1534,44.62,moderada,"indice_pressao_rede = 100 × clip( 0,30·volume_norm + 0,30·backlog_norm + 0,25·tat_p90_norm + 0,15·rejeicao_norm ; 0–1 ). volume_norm = exames/p95(exames); backlog_norm = backlog/max(exames,1) limitado a 1; tat_p90_norm = min(tat_p90/14, 2)/2; rejeicao_norm = min(pct_rejeitado/0,05, 2)/2.",gal_lacen_microdados,True,Observado,0.2768586387434555,151.14791666666676,,,,False,,,,,,,,True,False,True,sinan_sem_exame,qualidade_dado_municipal,0.0,18.0,ALTO,risco,"SLA de crise: reforçar liberação ≤48h, triagem de backlog e comunicação CIEVS/LACEN.",CIEVS / Sala de Situação + vigilância municipal,24–48h,1) Conferir % liberado ≤48h e TAT p90; 2) Priorizar backlog; 3) Articular rede municipal; 4) Reavaliar em 48h,Derivado,0.7841,0.44999999999999996,True,critica,backlog_estimado=734 (imp=0.229); tests_ma4=61.2 (imp=0.358); tests_ma8=58 (imp=0.267); cnes_leitos_total=384 (imp=0.00226); tests_lag1=69 (imp=0.00821),"Pressão predita alta: antecipar triagem de backlog, reforçar liberação ≤48h e articular rede municipal.",Predito
CONFRESA,752.0,8.341666666666667,30.438194444444445,3.1694444444444443,1.61875,0.38940092165898615,0.21792260692464357,0.4419551934826884,0.6354378818737271,0.0425531914893617,272.0,0.0,0.3617021276595745,gal_lacen_microdados,>=2024,SLA crise: baixa liberação ≤48h — priorizar liberação/triagem,0.0757,0.3617,1.0,0.4255,44.51,moderada,"indice_pressao_rede = 100 × clip( 0,30·volume_norm + 0,30·backlog_norm + 0,25·tat_p90_norm + 0,15·rejeicao_norm ; 0–1 ). volume_norm = exames/p95(exames); backlog_norm = backlog/max(exames,1) limitado a 1; tat_p90_norm = min(tat_p90/14, 2)/2; rejeicao_norm = min(pct_rejeitado/0,05, 2)/2.",gal_lacen_microdados,False,Observado,0.2768586387434555,151.14791666666676,,,,False,,,,,,,,True,False,True,sinan_sem_exame,qualidade_dado_municipal,0.0,42.0,ALTO,utilizacao,Avaliar subutilização da rede e reforçar encaminhamento de amostras em 15 dias.,Vigilância municipal + LACEN,15 dias,1) Comparar exames×notificações; 2) Identificar subutilização; 3) Reforçar encaminhamento laboratorial,Derivado,0.2853,0.44999999999999996,False,moderada,backlog_estimado=205 (imp=0.229); cnes_leitos_total=1.87e+03 (imp=0.00226); cnes_estabelecimentos=1.88e+03 (imp=0.00149); tests_ma8=2.25 (imp=0.267); indice_pressao_proxy=41 (imp=0.0139),Manter rotina de desempenho da rede laboratorial.,Predito
TERRA NOVA DO NORTE,936.0,15.616666666666667,125.44166666666632,5.3381944444444445,6.377083333333333,0.2857142857142857,0.09273182957393483,0.2807017543859649,0.40601503759398494,0.019230769230769232,418.0,0.0,0.26282051282051283,gal_lacen_microdados,>=2024,SLA crise: baixa liberação ≤48h — priorizar liberação/triagem,0.0943,0.4466,1.0,0.1923,44.11,moderada,"indice_pressao_rede = 100 × clip( 0,30·volume_norm + 0,30·backlog_norm + 0,25·tat_p90_norm + 0,15·rejeicao_norm ; 0–1 ). volume_norm = exames/p95(exames); backlog_norm = backlog/max(exames,1) limitado a 1; tat_p90_norm = min(tat_p90/14, 2)/2; rejeicao_norm = min(pct_rejeitado/0,05, 2)/2.",gal_lacen_microdados,False,Observado,0.2768586387434555,151.14791666666676,,,,False,,,,,,,,True,False,True,sinan_sem_exame,qualidade_dado_municipal,0.0,7.0,ALTO,utilizacao,Avaliar subutilização da rede e reforçar encaminhamento de amostras em 15 dias.,Vigilância municipal + LACEN,15 dias,1) Comparar exames×notificações; 2) Identificar subutilização; 3) Reforçar encaminhamento laboratorial,Derivado,0.2372,0.44999999999999996,False,baixa,backlog_estimado=389 (imp=0.229); cnes_leitos_total=826 (imp=0.00226); tests_ma8=3.38 (imp=0.267); tests_ma4=2.5 (imp=0.358); cnes_estabelecimentos=480 (imp=0.00149),Manter rotina de desempenho da rede laboratorial.,Predito
NOVA SANTA HELENA,1547.0,19.48125,109.73770833333275,10.01736111111111,7.450694444444444,0.21832358674463936,0.07899022801302931,0.21091205211726385,0.3973941368078176,0.02068519715578539,574.0,0.0,0.4473173884938591,gal_lacen_microdados,>=2024,SLA crise: baixa liberação ≤48h — priorizar liberação/triagem,0.1558,0.371,1.0,0.2069,43.91,moderada,"indice_pressao_rede = 100 × clip( 0,30·volume_norm + 0,30·backlog_norm + 0,25·tat_p90_norm + 0,15·rejeicao_norm ; 0–1 ). volume_norm = exames/p95(exames); backlog_norm = backlog/max(exames,1) limitado a 1; tat_p90_norm = min(tat_p90/14, 2)/2; rejeicao_norm = min(pct_rejeitado/0,05, 2)/2.",gal_lacen_microdados,True,Observado,0.2768586387434555,151.14791666666676,,,,False,,,,,,,,True,False,True,sinan_sem_exame,qualidade_dado_municipal,0.0,5.0,ALTO,risco,"SLA de crise: reforçar liberação ≤48h, triagem de backlog e comunicação CIEVS/LACEN.",CIEVS / Sala de Situação + vigilância municipal,24–48h,1) Conferir % liberado ≤48h e TAT p90; 2) Priorizar backlog; 3) Articular rede municipal; 4) Reavaliar em 48h,Derivado,0.3272,0.44999999999999996,False,moderada,backlog_estimado=447 (imp=0.229); tests_ma4=11.8 (imp=0.358); tests_ma8=10.5 (imp=0.267); indice_pressao_proxy=34.6 (imp=0.0139); tat_p90_dias=95.6 (imp=0.00364),Monitorar volume/TAT na próxima SE e revisar capacidade de liberação.,Predito
APIACAS,470.0,9.690972222222221,274.46666666666664,3.9368055555555554,6.377083333333333,0.22509225092250923,0.10927152317880795,0.32781456953642385,0.7483443708609272,0.01276595744680851,242.0,0.0,0.39787234042553193,gal_lacen_microdados,>=2024,SLA crise: baixa liberação ≤48h — priorizar liberação/triagem,0.0473,0.5149,1.0,0.1277,43.78,moderada,"indice_pressao_rede = 100 × clip( 0,30·volume_norm + 0,30·backlog_norm + 0,25·tat_p90_norm + 0,15·rejeicao_norm ; 0–1 ). volume_norm = exames/p95(exames); backlog_norm = backlog/max(exames,1) limitado a 1; tat_p90_norm = min(tat_p90/14, 2)/2; rejeicao_norm = min(pct_rejeitado/0,05, 2)/2.",gal_lacen_microdados,True,Observado,0.2768586387434555,151.14791666666676,0.0,1.0,0.0,False,estavel,False,0.0,2026.0,21.0,gal_weekly_vs_historico,Alerta de silêncio GAL (exames) — distinto do silêncio SINAN/territorial em municipios_silenciosos.,False,False,False,,,,,ALTO,risco,"SLA de crise: reforçar liberação ≤48h, triagem de backlog e comunicação CIEVS/LACEN.",CIEVS / Sala de Situação + vigilância municipal,24–48h,1) Conferir % liberado ≤48h e TAT p90; 2) Priorizar backlog; 3) Articular rede municipal; 4) Reavaliar em 48h,Derivado,0.2884,0.44999999999999996,False,moderada,backlog_estimado=232 (imp=0.229); tests_ma4=10.8 (imp=0.358); tests_ma8=7 (imp=0.267); cnes_leitos_total=768 (imp=0.00226); tat_p90_dias=274 (imp=0.00364),Manter rotina de desempenho da rede laboratorial.,Predito
SAO JOSE DOS QUATRO MARCOS,1463.0,25.37638888888889,94.41597222222222,25.011111111111113,4.477777777777778,0.1574973031283711,0.04919423240033927,0.18405428329092452,0.3256997455470738,0.04032809295967191,385.0,0.0,0.6008202323991798,gal_lacen_microdados,>=2024,SLA crise: baixa liberação ≤48h — priorizar liberação/triagem,0.1473,0.2632,1.0,0.4033,43.36,moderada,"indice_pressao_rede = 100 × clip( 0,30·volume_norm + 0,30·backlog_norm + 0,25·tat_p90_norm + 0,15·rejeicao_norm ; 0–1 ). volume_norm = exames/p95(exames); backlog_norm = backlog/max(exames,1) limitado a 1; tat_p90_norm = min(tat_p90/14, 2)/2; rejeicao_norm = min(pct_rejeitado/0,05, 2)/2.",gal_lacen_microdados,True,Observado,0.2768586387434555,151.14791666666676,,,,False,,,,,,,,True,False,True,sinan_sem_exame,qualidade_dado_municipal,0.0,9.0,ALTO,risco,"SLA de crise: reforçar liberação ≤48h, triagem de backlog e comunicação CIEVS/LACEN.",CIEVS / Sala de Situação + vigilância municipal,24–48h,1) Conferir % liberado ≤48h e TAT p90; 2) Priorizar backlog; 3) Articular rede municipal; 4) Reavaliar em 48h,Derivado,0.2934,0.44999999999999996,False,moderada,backlog_estimado=148 (imp=0.229); cnes_leitos_total=1.21e+03 (imp=0.00226); tests_ma4=4.25 (imp=0.358); cnes_estabelecimentos=987 (imp=0.00149); tests_ma8=3.38 (imp=0.267),Manter rotina de desempenho da rede laboratorial.,Predito
NOVA BANDEIRANTES,186.0,9.603819444444444,71.40416666666667,8.152083333333334,2.323611111111111,0.23893805309734514,0.19696969696969696,0.4090909090909091,0.5151515151515151,0.05913978494623656,54.0,0.0,0.3763440860215054,gal_lacen_microdados,>=2024,SLA crise: baixa liberação ≤48h — priorizar liberação/triagem,0.0187,0.2903,1.0,0.5914,43.14,moderada,"indice_pressao_rede = 100 × clip( 0,30·volume_norm + 0,30·backlog_norm + 0,25·tat_p90_norm + 0,15·rejeicao_norm ; 0–1 ). volume_norm = exames/p95(exames); backlog_norm = backlog/max(exames,1) limitado a 1; tat_p90_norm = min(tat_p90/14, 2)/2; rejeicao_norm = min(pct_rejeitado/0,05, 2)/2.",gal_lacen_microdados,True,Observado,0.2768586387434555,151.14791666666676,0.0,1.0,0.0,False,estavel,False,0.0,2026.0,21.0,gal_weekly_vs_historico,Alerta de silêncio GAL (exames) — distinto do silêncio SINAN/territorial em municipios_silenciosos.,False,False,False,,,,,ALTO,risco,"SLA de crise: reforçar liberação ≤48h, triagem de backlog e comunicação CIEVS/LACEN.",CIEVS / Sala de Situação + vigilância municipal,24–48h,1) Conferir % liberado ≤48h e TAT p90; 2) Priorizar backlog; 3) Articular rede municipal; 4) Reavaliar em 48h,Derivado,0.035,0.44999999999999996,False,baixa,backlog_estimado=43 (imp=0.229); cnes_estabelecimentos=706 (imp=0.00149); cnes_leitos_total=336 (imp=0.00226); tests_ma4=1.75 (imp=0.358); indice_pressao_proxy=44.2 (imp=0.0139),Manter rotina de desempenho da rede laboratorial.,Predito
SANTA RITA DO TRIVELATO,110.0,16.614583333333332,93.475,12.122569444444444,4.330555555555556,0.27941176470588236,0.10666666666666667,0.26666666666666666,0.48,0.045454545454545456,40.0,0.0,0.3,gal_lacen_microdados,>=2024,SLA crise: baixa liberação ≤48h — priorizar liberação/triagem,0.0111,0.3636,1.0,0.4545,43.06,moderada,"indice_pressao_rede = 100 × clip( 0,30·volume_norm + 0,30·backlog_norm + 0,25·tat_p90_norm + 0,15·rejeicao_norm ; 0–1 ). volume_norm = exames/p95(exames); backlog_norm = backlog/max(exames,1) limitado a 1; tat_p90_norm = min(tat_p90/14, 2)/2; rejeicao_norm = min(pct_rejeitado/0,05, 2)/2.",gal_lacen_microdados,False,Observado,0.2768586387434555,151.14791666666676,,,,False,,,,,,,,True,False,True,sinan_sem_exame,qualidade_dado_municipal,0.0,3.0,ALTO,utilizacao,Avaliar subutilização da rede e reforçar encaminhamento de amostras em 15 dias.,Vigilância municipal + LACEN,15 dias,1) Comparar exames×notificações; 2) Identificar subutilização; 3) Reforçar encaminhamento laboratorial,Derivado,0.0335,0.44999999999999996,False,baixa,backlog_estimado=38 (imp=0.229); indice_pressao_proxy=38.9 (imp=0.0139); cnes_estabelecimentos=336 (imp=0.00149); tests_ma8=1.75 (imp=0.267); tests_ma4=1.25 (imp=0.358),Manter rotina de desempenho da rede laboratorial.,Predito
CANARANA,1595.0,13.43125,206.07333333333335,6.045833333333333,5.459027777777778,0.2763873775843308,0.12338308457711443,0.26965174129353237,0.5343283582089552,0.03761755485893417,391.0,0.0,0.4369905956112853,gal_lacen_microdados,>=2024,SLA crise: baixa liberação ≤48h — priorizar liberação/triagem,0.1606,0.2451,1.0,0.3762,42.82,moderada,"indice_pressao_rede = 100 × clip( 0,30·volume_norm + 0,30·backlog_norm + 0,25·tat_p90_norm + 0,15·rejeicao_norm ; 0–1 ). volume_norm = exames/p95(exames); backlog_norm = backlog/max(exames,1) limitado a 1; tat_p90_norm = min(tat_p90/14, 2)/2; rejeicao_norm = min(pct_rejeitado/0,05, 2)/2.",gal_lacen_microdados,True,Observado,0.2768586387434555,151.14791666666676,,,,False,,,,,,,,True,False,True,sinan_sem_exame,qualidade_dado_municipal,0.0,22.0,ALTO,risco,"SLA de crise: reforçar liberação ≤48h, triagem de backlog e comunicação CIEVS/LACEN.",CIEVS / Sala de Situação + vigilância municipal,24–48h,1) Conferir % liberado ≤48h e TAT p90; 2) Priorizar backlog; 3) Articular rede municipal; 4) Reavaliar em 48h,Derivado,0.4502,0.44999999999999996,True,alta,backlog_estimado=340 (imp=0.229); tests_ma8=16 (imp=0.267); tests_ma4=10.8 (imp=0.358); cnes_estabelecimentos=1.94e+03 (imp=0.00149); cnes_leitos_total=1.06e+03 (imp=0.00226),"Pressão predita alta: antecipar triagem de backlog, reforçar liberação ≤48h e articular rede municipal.",Predito
TAPURAH,1416.0,16.334722222222222,93.13500000000019,8.056944444444444,4.44375,0.275,0.05624404194470925,0.2697807435653003,0.4356530028598665,0.03884180790960452,359.0,0.0,0.4625706214689266,gal_lacen_microdados,>=2024,SLA crise: baixa liberação ≤48h — priorizar liberação/triagem,0.1426,0.2535,1.0,0.3884,42.71,moderada,"indice_pressao_rede = 100 × clip( 0,30·volume_norm + 0,30·backlog_norm + 0,25·tat_p90_norm + 0,15·rejeicao_norm ; 0–1 ). volume_norm = exames/p95(exames); backlog_norm = backlog/max(exames,1) limitado a 1; tat_p90_norm = min(tat_p90/14, 2)/2; rejeicao_norm = min(pct_rejeitado/0,05, 2)/2.",gal_lacen_microdados,True,Observado,0.2768586387434555,151.14791666666676,,,,False,,,,,,,,True,False,True,sinan_sem_exame,qualidade_dado_municipal,0.0,16.0,ALTO,risco,"SLA de crise: reforçar liberação ≤48h, triagem de backlog e comunicação CIEVS/LACEN.",CIEVS / Sala de Situação + vigilância municipal,24–48h,1) Conferir % liberado ≤48h e TAT p90; 2) Priorizar backlog; 3) Articular rede municipal; 4) Reavaliar em 48h,Derivado,0.3564,0.44999999999999996,False,moderada,backlog_estimado=306 (imp=0.229); tests_ma4=10 (imp=0.358); tests_ma8=9.5 (imp=0.267); cnes_estabelecimentos=765 (imp=0.00149); cnes_leitos_total=493 (imp=0.00226),Monitorar volume/TAT na próxima SE e revisar capacidade de liberação.,Predito
COTRIGUACU,406.0,10.470833333333333,152.3875,4.314583333333333,1.6715277777777777,0.40408163265306124,0.2490272373540856,0.4708171206225681,0.5369649805447471,0.06403940886699508,93.0,0.0,0.35960591133004927,gal_lacen_microdados,>=2024,Rejeição elevada — capacitar coleta/envio de amostras,0.0409,0.2291,1.0,0.6404,42.7,moderada,"indice_pressao_rede = 100 × clip( 0,30·volume_norm + 0,30·backlog_norm + 0,25·tat_p90_norm + 0,15·rejeicao_norm ; 0–1 ). volume_norm = exames/p95(exames); backlog_norm = backlog/max(exames,1) limitado a 1; tat_p90_norm = min(tat_p90/14, 2)/2; rejeicao_norm = min(pct_rejeitado/0,05, 2)/2.",gal_lacen_microdados,True,Observado,0.2768586387434555,151.14791666666676,,,,False,,,,,,,,True,False,True,sinan_sem_exame,qualidade_dado_municipal,0.0,8.0,ALTO,risco,"SLA de crise: reforçar liberação ≤48h, triagem de backlog e comunicação CIEVS/LACEN.",CIEVS / Sala de Situação + vigilância municipal,24–48h,1) Conferir % liberado ≤48h e TAT p90; 2) Priorizar backlog; 3) Articular rede municipal; 4) Reavaliar em 48h,Derivado,0.218,0.44999999999999996,False,baixa,backlog_estimado=80 (imp=0.229); cnes_leitos_total=816 (imp=0.00226); tests_ma4=3.75 (imp=0.358); tests_ma8=4 (imp=0.267); cnes_estabelecimentos=432 (imp=0.00149),Manter rotina de desempenho da rede laboratorial.,Predito
SANTA TEREZINHA,154.0,7.701041666666667,41.158680555555556,2.08125,3.357638888888889,0.4818181818181818,0.10317460317460317,0.4365079365079365,0.6825396825396826,0.032467532467532464,63.0,0.0,0.487012987012987,gal_lacen_microdados,>=2024,Backlog pendente relevante — priorizar liberação,0.0155,0.4091,1.0,0.3247,42.61,moderada,"indice_pressao_rede = 100 × clip( 0,30·volume_norm + 0,30·backlog_norm + 0,25·tat_p90_norm + 0,15·rejeicao_norm ; 0–1 ). volume_norm = exames/p95(exames); backlog_norm = backlog/max(exames,1) limitado a 1; tat_p90_norm = min(tat_p90/14, 2)/2; rejeicao_norm = min(pct_rejeitado/0,05, 2)/2.",gal_lacen_microdados,False,Observado,0.2768586387434555,151.14791666666676,,,,False,,,,,,,,True,False,True,sinan_sem_exame,qualidade_dado_municipal,0.0,9.0,ALTO,utilizacao,Avaliar subutilização da rede e reforçar encaminhamento de amostras em 15 dias.,Vigilância municipal + LACEN,15 dias,1) Comparar exames×notificações; 2) Identificar subutilização; 3) Reforçar encaminhamento laboratorial,Derivado,0.1791,0.44999999999999996,False,baixa,backlog_estimado=57 (imp=0.229); cnes_leitos_total=431 (imp=0.00226); tests_ma8=3.62 (imp=0.267); tests_ma4=2.25 (imp=0.358); indice_pressao_proxy=39.2 (imp=0.0139),Manter rotina de desempenho da rede laboratorial.,Predito
MARCELANDIA,1343.0,24.406944444444445,95.4875,9.0875,8.407291666666666,0.26425591098748263,0.09193954659949623,0.24181360201511334,0.3501259445843829,0.03648548026805659,361.0,0.0,0.44080416976917347,gal_lacen_microdados,>=2024,SLA crise: baixa liberação ≤48h — priorizar liberação/triagem,0.1353,0.2688,1.0,0.3649,42.59,moderada,"indice_pressao_rede = 100 × clip( 0,30·volume_norm + 0,30·backlog_norm + 0,25·tat_p90_norm + 0,15·rejeicao_norm ; 0–1 ). volume_norm = exames/p95(exames); backlog_norm = backlog/max(exames,1) limitado a 1; tat_p90_norm = min(tat_p90/14, 2)/2; rejeicao_norm = min(pct_rejeitado/0,05, 2)/2.",gal_lacen_microdados,True,Observado,0.2768586387434555,151.14791666666676,,,,False,,,,,,,,True,False,True,sinan_sem_exame,qualidade_dado_municipal,0.0,22.0,ALTO,risco,"SLA de crise: reforçar liberação ≤48h, triagem de backlog e comunicação CIEVS/LACEN.",CIEVS / Sala de Situação + vigilância municipal,24–48h,1) Conferir % liberado ≤48h e TAT p90; 2) Priorizar backlog; 3) Articular rede municipal; 4) Reavaliar em 48h,Derivado,0.2492,0.44999999999999996,False,baixa,backlog_estimado=288 (imp=0.229); tests_ma8=8 (imp=0.267); cnes_leitos_total=531 (imp=0.00226); tests_ma4=2 (imp=0.358); cnes_estabelecimentos=466 (imp=0.00149),Manter rotina de desempenho da rede laboratorial.,Predito
CASTANHEIRA,572.0,14.48263888888889,155.38680555555555,10.97638888888889,1.5659722222222223,0.2601880877742947,0.12609970674486803,0.30791788856304986,0.49560117302052786,0.05244755244755245,152.0,0.0,0.39335664335664333,gal_lacen_microdados,>=2024,SLA crise: baixa liberação ≤48h — priorizar liberação/triagem,0.0576,0.2657,1.0,0.5245,42.57,moderada,"indice_pressao_rede = 100 × clip( 0,30·volume_norm + 0,30·backlog_norm + 0,25·tat_p90_norm + 0,15·rejeicao_norm ; 0–1 ). volume_norm = exames/p95(exames); backlog_norm = backlog/max(exames,1) limitado a 1; tat_p90_norm = min(tat_p90/14, 2)/2; rejeicao_norm = min(pct_rejeitado/0,05, 2)/2.",gal_lacen_microdados,True,Observado,0.2768586387434555,151.14791666666676,,,,False,,,,,,,,True,False,True,sinan_sem_exame,qualidade_dado_municipal,0.0,9.0,ALTO,risco,"SLA de crise: reforçar liberação ≤48h, triagem de backlog e comunicação CIEVS/LACEN.",CIEVS / Sala de Situação + vigilância municipal,24–48h,1) Conferir % liberado ≤48h e TAT p90; 2) Priorizar backlog; 3) Articular rede municipal; 4) Reavaliar em 48h,Derivado,0.2181,0.44999999999999996,False,baixa,backlog_estimado=127 (imp=0.229); tests_ma4=6.25 (imp=0.358); tests_ma8=5.62 (imp=0.267); cnes_estabelecimentos=429 (imp=0.00149); indice_pressao_proxy=33.6 (imp=0.0139),Manter rotina de desempenho da rede laboratorial.,Predito
COLNIZA,1850.0,15.73611111111111,124.42291666666667,6.691666666666666,7.347569444444444,0.34393638170974156,0.09304143862392494,0.22439405785770133,0.42376856919468336,0.01783783783783784,571.0,0.0,0.36,gal_lacen_microdados,>=2024,SLA crise: baixa liberação ≤48h — priorizar liberação/triagem,0.1863,0.3086,1.0,0.1784,42.52,moderada,"indice_pressao_rede = 100 × clip( 0,30·volume_norm + 0,30·backlog_norm + 0,25·tat_p90_norm + 0,15·rejeicao_norm ; 0–1 ). volume_norm = exames/p95(exames); backlog_norm = backlog/max(exames,1) limitado a 1; tat_p90_norm = min(tat_p90/14, 2)/2; rejeicao_norm = min(pct_rejeitado/0,05, 2)/2.",gal_lacen_microdados,False,Observado,0.2768586387434555,151.14791666666676,,,,False,,,,,,,,True,False,True,sinan_sem_exame,qualidade_dado_municipal,0.0,42.0,ALTO,utilizacao,Avaliar subutilização da rede e reforçar encaminhamento de amostras em 15 dias.,Vigilância municipal + LACEN,15 dias,1) Comparar exames×notificações; 2) Identificar subutilização; 3) Reforçar encaminhamento laboratorial,Derivado,0.5365,0.44999999999999996,True,alta,backlog_estimado=494 (imp=0.229); tests_ma4=19.2 (imp=0.358); tests_ma8=15.9 (imp=0.267); cnes_leitos_total=864 (imp=0.00226); cnes_estabelecimentos=962 (imp=0.00149),"Pressão predita alta: antecipar triagem de backlog, reforçar liberação ≤48h e articular rede municipal.",Predito
VILA BELA DA SANTISSIMA TRINDADE,224.0,6.547916666666667,158.62333333333376,1.71875,1.6284722222222223,0.5374149659863946,0.18120805369127516,0.5234899328859061,0.7315436241610739,0.05357142857142857,65.0,0.0,0.5133928571428571,gal_lacen_microdados,>=2024,Rejeição elevada — capacitar coleta/envio de amostras,0.0226,0.2902,1.0,0.5357,42.42,moderada,"indice_pressao_rede = 100 × clip( 0,30·volume_norm + 0,30·backlog_norm + 0,25·tat_p90_norm + 0,15·rejeicao_norm ; 0–1 ). volume_norm = exames/p95(exames); backlog_norm = backlog/max(exames,1) limitado a 1; tat_p90_norm = min(tat_p90/14, 2)/2; rejeicao_norm = min(pct_rejeitado/0,05, 2)/2.",gal_lacen_microdados,True,Observado,0.2768586387434555,151.14791666666676,0.0,4.0,0.0,True,queda_absoluta,False,0.0,2026.0,21.0,gal_weekly_vs_historico,Alerta de silêncio GAL (exames) — distinto do silêncio SINAN/territorial em municipios_silenciosos.,False,True,False,,,,,ALTO,risco,Silêncio GAL: verificar fluxo de coleta/envio e queda abrupta de exames vs histórico/vizinhos.,Vigilância municipal + referência LACEN,7 dias,1) Conferir % liberado ≤48h e TAT p90; 2) Priorizar backlog; 3) Articular rede municipal; 4) Reavaliar em 48h,Derivado,0.3052,0.44999999999999996,False,moderada,backlog_estimado=44 (imp=0.229); tests_ma4=4.5 (imp=0.358); tests_ma8=3.5 (imp=0.267); tat_p90_dias=163 (imp=0.00364); indice_pressao_proxy=41.4 (imp=0.0139),Monitorar volume/TAT na próxima SE e revisar capacidade de liberação.,Predito
DENISE,425.0,8.472222222222221,149.49791666666667,5.189583333333333,2.3583333333333334,0.304635761589404,0.15942028985507245,0.42028985507246375,0.6521739130434783,0.04,143.0,0.0,0.4470588235294118,gal_lacen_microdados,>=2024,SLA crise: baixa liberação ≤48h — priorizar liberação/triagem,0.0428,0.3365,1.0,0.4,42.38,moderada,"indice_pressao_rede = 100 × clip( 0,30·volume_norm + 0,30·backlog_norm + 0,25·tat_p90_norm + 0,15·rejeicao_norm ; 0–1 ). volume_norm = exames/p95(exames); backlog_norm = backlog/max(exames,1) limitado a 1; tat_p90_norm = min(tat_p90/14, 2)/2; rejeicao_norm = min(pct_rejeitado/0,05, 2)/2.",gal_lacen_microdados,False,Observado,0.2768586387434555,151.14791666666676,,,,False,,,,,,,,True,False,True,sinan_sem_exame,qualidade_dado_municipal,0.0,7.0,ALTO,utilizacao,Avaliar subutilização da rede e reforçar encaminhamento de amostras em 15 dias.,Vigilância municipal + LACEN,15 dias,1) Comparar exames×notificações; 2) Identificar subutilização; 3) Reforçar encaminhamento laboratorial,Derivado,0.1563,0.44999999999999996,False,baixa,backlog_estimado=117 (imp=0.229); tests_ma4=2.5 (imp=0.358); tests_ma8=2.38 (imp=0.267); cnes_estabelecimentos=399 (imp=0.00149); indice_pressao_proxy=35.9 (imp=0.0139),Manter rotina de desempenho da rede laboratorial.,Predito
BARRA DO BUGRES,1720.0,37.469791666666666,120.44583333333334,11.917361111111111,17.658333333333335,0.16859946476360393,0.08780487804878048,0.23252032520325203,0.2731707317073171,0.044767441860465114,298.0,0.0,0.6546511627906977,gal_lacen_microdados,>=2024,SLA crise: baixa liberação ≤48h — priorizar liberação/triagem,0.1732,0.1733,1.0,0.4477,42.11,moderada,"indice_pressao_rede = 100 × clip( 0,30·volume_norm + 0,30·backlog_norm + 0,25·tat_p90_norm + 0,15·rejeicao_norm ; 0–1 ). volume_norm = exames/p95(exames); backlog_norm = backlog/max(exames,1) limitado a 1; tat_p90_norm = min(tat_p90/14, 2)/2; rejeicao_norm = min(pct_rejeitado/0,05, 2)/2.",gal_lacen_microdados,True,Observado,0.2768586387434555,151.14791666666676,0.0,1.0,0.0,False,estavel,False,0.0,2026.0,21.0,gal_weekly_vs_historico,Alerta de silêncio GAL (exames) — distinto do silêncio SINAN/territorial em municipios_silenciosos.,False,False,False,,,,,ALTO,risco,"SLA de crise: reforçar liberação ≤48h, triagem de backlog e comunicação CIEVS/LACEN.",CIEVS / Sala de Situação + vigilância municipal,24–48h,1) Conferir % liberado ≤48h e TAT p90; 2) Priorizar backlog; 3) Articular rede municipal; 4) Reavaliar em 48h,Derivado,0.0958,0.44999999999999996,False,baixa,backlog_estimado=228 (imp=0.229); cnes_estabelecimentos=1.73e+03 (imp=0.00149); cnes_leitos_total=768 (imp=0.00226); tests_ma4=2 (imp=0.358); indice_pressao_proxy=46.5 (imp=0.0139),Manter rotina de desempenho da rede laboratorial.,Predito
CLAUDIA,348.0,10.67986111111111,35.43888888888889,2.1173611111111112,3.484027777777778,0.45539906103286387,0.15789473684210525,0.3481781376518219,0.6194331983805668,0.028735632183908046,134.0,0.0,0.3706896551724138,gal_lacen_microdados,>=2024,Backlog pendente relevante — priorizar liberação,0.035,0.3851,1.0,0.2874,41.91,moderada,"indice_pressao_rede = 100 × clip( 0,30·volume_norm + 0,30·backlog_norm + 0,25·tat_p90_norm + 0,15·rejeicao_norm ; 0–1 ). volume_norm = exames/p95(exames); backlog_norm = backlog/max(exames,1) limitado a 1; tat_p90_norm = min(tat_p90/14, 2)/2; rejeicao_norm = min(pct_rejeitado/0,05, 2)/2.",gal_lacen_microdados,False,Observado,0.2768586387434555,151.14791666666676,,,,False,,,,,,,,True,False,True,sinan_sem_exame,qualidade_dado_municipal,0.0,19.0,ALTO,utilizacao,Avaliar subutilização da rede e reforçar encaminhamento de amostras em 15 dias.,Vigilância municipal + LACEN,15 dias,1) Comparar exames×notificações; 2) Identificar subutilização; 3) Reforçar encaminhamento laboratorial,Derivado,0.172,0.44999999999999996,False,baixa,backlog_estimado=121 (imp=0.229); cnes_leitos_total=657 (imp=0.00226); tests_ma4=2 (imp=0.358); cnes_estabelecimentos=429 (imp=0.00149); indice_pressao_proxy=40.7 (imp=0.0139),Manter rotina de desempenho da rede laboratorial.,Predito
COCALINHO,364.0,55.334722222222226,239.62152777777777,29.927083333333332,6.395833333333333,0.15181518151815182,0.03197674418604651,0.34011627906976744,0.4418604651162791,0.23351648351648352,9.0,0.0,0.2967032967032967,gal_lacen_microdados,>=2024,SLA crise: baixa liberação ≤48h — priorizar liberação/triagem,0.0367,0.0247,1.0,1.0,41.84,moderada,"indice_pressao_rede = 100 × clip( 0,30·volume_norm + 0,30·backlog_norm + 0,25·tat_p90_norm + 0,15·rejeicao_norm ; 0–1 ). volume_norm = exames/p95(exames); backlog_norm = backlog/max(exames,1) limitado a 1; tat_p90_norm = min(tat_p90/14, 2)/2; rejeicao_norm = min(pct_rejeitado/0,05, 2)/2.",gal_lacen_microdados,True,Observado,0.2768586387434555,151.14791666666676,,,,False,,,,,,,,True,False,True,sinan_sem_exame,qualidade_dado_municipal,0.0,5.0,ALTO,risco,"SLA de crise: reforçar liberação ≤48h, triagem de backlog e comunicação CIEVS/LACEN.",CIEVS / Sala de Situação + vigilância municipal,24–48h,1) Conferir % liberado ≤48h e TAT p90; 2) Priorizar backlog; 3) Articular rede municipal; 4) Reavaliar em 48h,Derivado,0.1563,0.44999999999999996,False,baixa,tests_ma8=7.62 (imp=0.267); tests_ma4=4 (imp=0.358); backlog_estimado=5 (imp=0.229); cnes_leitos_total=408 (imp=0.00226); cnes_estabelecimentos=536 (imp=0.00149),Manter rotina de desempenho da rede laboratorial.,Predito
NOVA MARILANDIA,289.0,28.570833333333333,128.50111111111107,13.948611111111111,1.4048611111111111,0.24691358024691357,0.08571428571428572,0.29714285714285715,0.42857142857142855,0.05536332179930796,73.0,0.0,0.44982698961937717,gal_lacen_microdados,>=2024,SLA crise: baixa liberação ≤48h — priorizar liberação/triagem,0.0291,0.2526,1.0,0.5536,41.76,moderada,"indice_pressao_rede = 100 × clip( 0,30·volume_norm + 0,30·backlog_norm + 0,25·tat_p90_norm + 0,15·rejeicao_norm ; 0–1 ). volume_norm = exames/p95(exames); backlog_norm = backlog/max(exames,1) limitado a 1; tat_p90_norm = min(tat_p90/14, 2)/2; rejeicao_norm = min(pct_rejeitado/0,05, 2)/2.",gal_lacen_microdados,True,Observado,0.2768586387434555,151.14791666666676,0.0,1.0,0.0,False,estavel,False,0.0,2026.0,21.0,gal_weekly_vs_historico,Alerta de silêncio GAL (exames) — distinto do silêncio SINAN/territorial em municipios_silenciosos.,False,False,False,,,,,ALTO,risco,"SLA de crise: reforçar liberação ≤48h, triagem de backlog e comunicação CIEVS/LACEN.",CIEVS / Sala de Situação + vigilância municipal,24–48h,1) Conferir % liberado ≤48h e TAT p90; 2) Priorizar backlog; 3) Articular rede municipal; 4) Reavaliar em 48h,Derivado,0.0626,0.44999999999999996,False,baixa,backlog_estimado=71 (imp=0.229); indice_pressao_proxy=38.3 (imp=0.0139); tests_ma8=1.62 (imp=0.267); tests_ma4=1 (imp=0.358); cnes_estabelecimentos=179 (imp=0.00149),Manter rotina de desempenho da rede laboratorial.,Predito
FELIZ NATAL,365.0,17.412152777777777,126.74166666666666,5.278819444444444,6.5256944444444445,0.36086956521739133,0.1,0.312,0.456,0.03561643835616438,125.0,0.0,0.3972602739726027,gal_lacen_microdados,>=2024,SLA crise: baixa liberação ≤48h — priorizar liberação/triagem,0.0368,0.3425,1.0,0.3562,41.72,moderada,"indice_pressao_rede = 100 × clip( 0,30·volume_norm + 0,30·backlog_norm + 0,25·tat_p90_norm + 0,15·rejeicao_norm ; 0–1 ). volume_norm = exames/p95(exames); backlog_norm = backlog/max(exames,1) limitado a 1; tat_p90_norm = min(tat_p90/14, 2)/2; rejeicao_norm = min(pct_rejeitado/0,05, 2)/2.",gal_lacen_microdados,False,Observado,0.2768586387434555,151.14791666666676,,,,False,,,,,,,,True,False,True,sinan_sem_exame,qualidade_dado_municipal,0.0,11.0,ALTO,utilizacao,Avaliar subutilização da rede e reforçar encaminhamento de amostras em 15 dias.,Vigilância municipal + LACEN,15 dias,1) Comparar exames×notificações; 2) Identificar subutilização; 3) Reforçar encaminhamento laboratorial,Derivado,0.2367,0.44999999999999996,False,baixa,backlog_estimado=111 (imp=0.229); tests_ma8=3.75 (imp=0.267); tests_ma4=2.25 (imp=0.358); cnes_estabelecimentos=524 (imp=0.00149); indice_pressao_proxy=35.5 (imp=0.0139),Manter rotina de desempenho da rede laboratorial.,Predito
NOVA UBIRATA,1540.0,21.364583333333332,125.0482638888889,10.189583333333333,8.473958333333334,0.20792951541850221,0.041401273885350316,0.17754777070063693,0.3479299363057325,0.02922077922077922,394.0,0.0,0.5766233766233766,gal_lacen_microdados,>=2024,SLA crise: baixa liberação ≤48h — priorizar liberação/triagem,0.1551,0.2558,1.0,0.2922,41.71,moderada,"indice_pressao_rede = 100 × clip( 0,30·volume_norm + 0,30·backlog_norm + 0,25·tat_p90_norm + 0,15·rejeicao_norm ; 0–1 ). volume_norm = exames/p95(exames); backlog_norm = backlog/max(exames,1) limitado a 1; tat_p90_norm = min(tat_p90/14, 2)/2; rejeicao_norm = min(pct_rejeitado/0,05, 2)/2.",gal_lacen_microdados,True,Observado,0.2768586387434555,151.14791666666676,,,,False,,,,,,,,True,False,True,sinan_sem_exame,qualidade_dado_municipal,0.0,16.0,ALTO,risco,"SLA de crise: reforçar liberação ≤48h, triagem de backlog e comunicação CIEVS/LACEN.",CIEVS / Sala de Situação + vigilância municipal,24–48h,1) Conferir % liberado ≤48h e TAT p90; 2) Priorizar backlog; 3) Articular rede municipal; 4) Reavaliar em 48h,Derivado,0.424,0.44999999999999996,False,alta,backlog_estimado=378 (imp=0.229); tests_ma8=29.5 (imp=0.267); tests_ma4=16.2 (imp=0.358); cnes_estabelecimentos=629 (imp=0.00149); indice_pressao_proxy=37.6 (imp=0.0139),Monitorar volume/TAT na próxima SE e revisar capacidade de liberação.,Predito
PEDRA PRETA,490.0,14.468055555555555,121.61770833333333,10.009027777777778,2.564583333333333,0.2923076923076923,0.1196808510638298,0.2898936170212766,0.4920212765957447,0.02040816326530612,193.0,0.0,0.47551020408163264,gal_lacen_microdados,>=2024,SLA crise: baixa liberação ≤48h — priorizar liberação/triagem,0.0494,0.3939,1.0,0.2041,41.36,moderada,"indice_pressao_rede = 100 × clip( 0,30·volume_norm + 0,30·backlog_norm + 0,25·tat_p90_norm + 0,15·rejeicao_norm ; 0–1 ). volume_norm = exames/p95(exames); backlog_norm = backlog/max(exames,1) limitado a 1; tat_p90_norm = min(tat_p90/14, 2)/2; rejeicao_norm = min(pct_rejeitado/0,05, 2)/2.",gal_lacen_microdados,False,Observado,0.2768586387434555,151.14791666666676,,,,False,,,,,,,,True,False,True,sinan_sem_exame,qualidade_dado_municipal,0.0,20.0,ALTO,utilizacao,Avaliar subutilização da rede e reforçar encaminhamento de amostras em 15 dias.,Vigilância municipal + LACEN,15 dias,1) Comparar exames×notificações; 2) Identificar subutilização; 3) Reforçar encaminhamento laboratorial,Derivado,0.2273,0.44999999999999996,False,baixa,backlog_estimado=168 (imp=0.229); tests_ma8=6.12 (imp=0.267); cnes_leitos_total=688 (imp=0.00226); tests_ma4=3.75 (imp=0.358); cnes_estabelecimentos=584 (imp=0.00149),Manter rotina de desempenho da rede laboratorial.,Predito
VILA RICA,1352.0,13.660416666666666,221.41805555555555,4.055555555555555,8.439583333333333,0.34764397905759165,0.11329588014981273,0.28277153558052437,0.5056179775280899,0.019970414201183433,416.0,0.0,0.5399408284023669,gal_lacen_microdados,>=2024,SLA crise: baixa liberação ≤48h — priorizar liberação/triagem,0.1362,0.3077,1.0,0.1997,41.31,moderada,"indice_pressao_rede = 100 × clip( 0,30·volume_norm + 0,30·backlog_norm + 0,25·tat_p90_norm + 0,15·rejeicao_norm ; 0–1 ). volume_norm = exames/p95(exames); backlog_norm = backlog/max(exames,1) limitado a 1; tat_p90_norm = min(tat_p90/14, 2)/2; rejeicao_norm = min(pct_rejeitado/0,05, 2)/2.",gal_lacen_microdados,True,Observado,0.2768586387434555,151.14791666666676,0.0,1.0,0.0,False,estavel,False,0.0,2026.0,21.0,gal_weekly_vs_historico,Alerta de silêncio GAL (exames) — distinto do silêncio SINAN/territorial em municipios_silenciosos.,False,False,False,,,,,ALTO,risco,"SLA de crise: reforçar liberação ≤48h, triagem de backlog e comunicação CIEVS/LACEN.",CIEVS / Sala de Situação + vigilância municipal,24–48h,1) Conferir % liberado ≤48h e TAT p90; 2) Priorizar backlog; 3) Articular rede municipal; 4) Reavaliar em 48h,Derivado,0.2436,0.44999999999999996,False,baixa,backlog_estimado=365 (imp=0.229); tests_ma8=6.75 (imp=0.267); tests_ma4=4.25 (imp=0.358); cnes_estabelecimentos=931 (imp=0.00149); cnes_leitos_total=504 (imp=0.00226),Manter rotina de desempenho da rede laboratorial.,Predito
NOVO SAO JOAQUIM,288.0,10.645138888888889,58.71527777777778,8.109722222222222,1.5944444444444446,0.19393939393939394,0.14222222222222222,0.38666666666666666,0.5466666666666666,0.03125,102.0,0.0,0.4826388888888889,gal_lacen_microdados,>=2024,SLA crise: baixa liberação ≤48h — priorizar liberação/triagem,0.029,0.3542,1.0,0.3125,41.18,moderada,"indice_pressao_rede = 100 × clip( 0,30·volume_norm + 0,30·backlog_norm + 0,25·tat_p90_norm + 0,15·rejeicao_norm ; 0–1 ). volume_norm = exames/p95(exames); backlog_norm = backlog/max(exames,1) limitado a 1; tat_p90_norm = min(tat_p90/14, 2)/2; rejeicao_norm = min(pct_rejeitado/0,05, 2)/2.",gal_lacen_microdados,True,Observado,0.2768586387434555,151.14791666666676,,,,False,,,,,,,,True,False,True,sinan_sem_exame,qualidade_dado_municipal,0.0,7.0,ALTO,risco,"SLA de crise: reforçar liberação ≤48h, triagem de backlog e comunicação CIEVS/LACEN.",CIEVS / Sala de Situação + vigilância municipal,24–48h,1) Conferir % liberado ≤48h e TAT p90; 2) Priorizar backlog; 3) Articular rede municipal; 4) Reavaliar em 48h,Derivado,0.1629,0.44999999999999996,False,baixa,backlog_estimado=65 (imp=0.229); tests_ma8=10.8 (imp=0.267); cnes_leitos_total=754 (imp=0.00226); tests_ma4=4.5 (imp=0.358); cnes_estabelecimentos=368 (imp=0.00149),Manter rotina de desempenho da rede laboratorial.,Predito
ALTO TAQUARI,185.0,6.735416666666667,213.61805555555523,3.122916666666667,3.442361111111111,0.41732283464566927,0.16129032258064516,0.5032258064516129,0.535483870967742,0.05405405405405406,46.0,0.0,0.31351351351351353,gal_lacen_microdados,>=2024,Rejeição elevada — capacitar coleta/envio de amostras,0.0186,0.2486,1.0,0.5405,41.13,moderada,"indice_pressao_rede = 100 × clip( 0,30·volume_norm + 0,30·backlog_norm + 0,25·tat_p90_norm + 0,15·rejeicao_norm ; 0–1 ). volume_norm = exames/p95(exames); backlog_norm = backlog/max(exames,1) limitado a 1; tat_p90_norm = min(tat_p90/14, 2)/2; rejeicao_norm = min(pct_rejeitado/0,05, 2)/2.",gal_lacen_microdados,True,Observado,0.2768586387434555,151.14791666666676,,,,False,,,,,,,,True,False,True,sinan_sem_exame,qualidade_dado_municipal,0.0,19.0,ALTO,risco,"SLA de crise: reforçar liberação ≤48h, triagem de backlog e comunicação CIEVS/LACEN.",CIEVS / Sala de Situação + vigilância municipal,24–48h,1) Conferir % liberado ≤48h e TAT p90; 2) Priorizar backlog; 3) Articular rede municipal; 4) Reavaliar em 48h,Derivado,0.1734,0.44999999999999996,False,baixa,backlog_estimado=26 (imp=0.229); tests_ma4=5 (imp=0.358); tests_ma8=4.75 (imp=0.267); cnes_leitos_total=488 (imp=0.00226); tat_p90_dias=262 (imp=0.00364),Manter rotina de desempenho da rede laboratorial.,Predito
RIO BRANCO,796.0,12.518402777777778,147.31805555555556,7.267361111111111,1.4854166666666666,0.31274900398406374,0.07342657342657342,0.40384615384615385,0.5506993006993007,0.026381909547738693,256.0,0.0,0.46733668341708545,gal_lacen_microdados,>=2024,SLA crise: baixa liberação ≤48h — priorizar liberação/triagem,0.0802,0.3216,1.0,0.2638,41.01,moderada,"indice_pressao_rede = 100 × clip( 0,30·volume_norm + 0,30·backlog_norm + 0,25·tat_p90_norm + 0,15·rejeicao_norm ; 0–1 ). volume_norm = exames/p95(exames); backlog_norm = backlog/max(exames,1) limitado a 1; tat_p90_norm = min(tat_p90/14, 2)/2; rejeicao_norm = min(pct_rejeitado/0,05, 2)/2.",gal_lacen_microdados,False,Observado,0.2768586387434555,151.14791666666676,,,,False,,,,,,,,True,False,True,sinan_sem_exame,qualidade_dado_municipal,0.0,2.0,ALTO,utilizacao,Avaliar subutilização da rede e reforçar encaminhamento de amostras em 15 dias.,Vigilância municipal + LACEN,15 dias,1) Comparar exames×notificações; 2) Identificar subutilização; 3) Reforçar encaminhamento laboratorial,Derivado,0.2653,0.44999999999999996,False,moderada,backlog_estimado=240 (imp=0.229); tests_ma8=4.62 (imp=0.267); tests_ma4=2.75 (imp=0.358); cnes_leitos_total=432 (imp=0.00226); tat_p90_dias=147 (imp=0.00364),Manter rotina de desempenho da rede laboratorial.,Predito
NOVO HORIZONTE DO NORTE,284.0,13.636111111111111,61.4744444444445,2.1590277777777778,10.368055555555555,0.47794117647058826,0.06134969325153374,0.1901840490797546,0.5337423312883436,0.04929577464788732,69.0,0.0,0.3732394366197183,gal_lacen_microdados,>=2024,Atraso logístico coleta→recebimento — revisar transporte,0.0286,0.243,1.0,0.493,40.54,moderada,"indice_pressao_rede = 100 × clip( 0,30·volume_norm + 0,30·backlog_norm + 0,25·tat_p90_norm + 0,15·rejeicao_norm ; 0–1 ). volume_norm = exames/p95(exames); backlog_norm = backlog/max(exames,1) limitado a 1; tat_p90_norm = min(tat_p90/14, 2)/2; rejeicao_norm = min(pct_rejeitado/0,05, 2)/2.",gal_lacen_microdados,False,Observado,0.2768586387434555,151.14791666666676,,,,False,,,,,,,,True,False,True,sinan_sem_exame,qualidade_dado_municipal,0.0,9.0,ALTO,utilizacao,Avaliar subutilização da rede e reforçar encaminhamento de amostras em 15 dias.,Vigilância municipal + LACEN,15 dias,1) Comparar exames×notificações; 2) Identificar subutilização; 3) Reforçar encaminhamento laboratorial,Derivado,0.1492,0.44999999999999996,False,baixa,backlog_estimado=50 (imp=0.229); tests_ma8=3.62 (imp=0.267); cnes_leitos_total=312 (imp=0.00226); tests_ma4=1.5 (imp=0.358); indice_pressao_proxy=31.6 (imp=0.0139),Manter rotina de desempenho da rede laboratorial.,Predito
SERRA NOVA DOURADA,49.0,7.409722222222222,152.38819444444445,2.8048611111111112,4.625,0.36,0.2413793103448276,0.41379310344827586,0.6551724137931034,0.02040816326530612,20.0,0.0,0.3469387755102041,gal_lacen_microdados,>=2024,SLA crise: baixa liberação ≤48h — priorizar liberação/triagem,0.0049,0.4082,1.0,0.2041,40.45,moderada,"indice_pressao_rede = 100 × clip( 0,30·volume_norm + 0,30·backlog_norm + 0,25·tat_p90_norm + 0,15·rejeicao_norm ; 0–1 ). volume_norm = exames/p95(exames); backlog_norm = backlog/max(exames,1) limitado a 1; tat_p90_norm = min(tat_p90/14, 2)/2; rejeicao_norm = min(pct_rejeitado/0,05, 2)/2.",gal_lacen_microdados,True,Observado,0.2768586387434555,151.14791666666676,,,,False,,,,,,,,False,False,False,,,,,ALTO,risco,"SLA de crise: reforçar liberação ≤48h, triagem de backlog e comunicação CIEVS/LACEN.",CIEVS / Sala de Situação + vigilância municipal,24–48h,1) Conferir % liberado ≤48h e TAT p90; 2) Priorizar backlog; 3) Articular rede municipal; 4) Reavaliar em 48h,Derivado,0.159,0.44999999999999996,False,baixa,backlog_estimado=18 (imp=0.229); tests_ma4=4.5 (imp=0.358); tests_ma8=4.14 (imp=0.267); indice_pressao_proxy=26.2 (imp=0.0139); cnes_estabelecimentos=178 (imp=0.00149),Manter rotina de desempenho da rede laboratorial.,Predito
ARIPUANA,1266.0,24.516666666666666,198.60763888888889,5.026388888888889,7.704166666666667,0.33243606998654107,0.07781649245063879,0.22880371660859466,0.37514518002322883,0.036334913112164295,258.0,0.0,0.38941548183254343,gal_lacen_microdados,>=2024,SLA crise: baixa liberação ≤48h — priorizar liberação/triagem,0.1275,0.2038,1.0,0.3633,40.39,moderada,"indice_pressao_rede = 100 × clip( 0,30·volume_norm + 0,30·backlog_norm + 0,25·tat_p90_norm + 0,15·rejeicao_norm ; 0–1 ). volume_norm = exames/p95(exames); backlog_norm = backlog/max(exames,1) limitado a 1; tat_p90_norm = min(tat_p90/14, 2)/2; rejeicao_norm = min(pct_rejeitado/0,05, 2)/2.",gal_lacen_microdados,True,Observado,0.2768586387434555,151.14791666666676,0.0,1.0,0.0,False,estavel,False,0.0,2026.0,21.0,gal_weekly_vs_historico,Alerta de silêncio GAL (exames) — distinto do silêncio SINAN/territorial em municipios_silenciosos.,False,False,False,,,,,ALTO,risco,"SLA de crise: reforçar liberação ≤48h, triagem de backlog e comunicação CIEVS/LACEN.",CIEVS / Sala de Situação + vigilância municipal,24–48h,1) Conferir % liberado ≤48h e TAT p90; 2) Priorizar backlog; 3) Articular rede municipal; 4) Reavaliar em 48h,Derivado,0.2737,0.44999999999999996,False,moderada,backlog_estimado=196 (imp=0.229); cnes_leitos_total=903 (imp=0.00226); cnes_estabelecimentos=1.05e+03 (imp=0.00149); tests_ma8=5.25 (imp=0.267); tests_ma4=3 (imp=0.358),Manter rotina de desempenho da rede laboratorial.,Predito
NOVA GUARITA,1176.0,49.86805555555556,233.70763888888888,3.754166666666667,7.715972222222222,0.28542914171656686,0.02824858757062147,0.19350282485875706,0.3093220338983051,0.05442176870748299,144.0,0.0,0.3078231292517007,gal_lacen_microdados,>=2024,SLA crise: baixa liberação ≤48h — priorizar liberação/triagem,0.1184,0.1224,1.0,0.5442,40.39,moderada,"indice_pressao_rede = 100 × clip( 0,30·volume_norm + 0,30·backlog_norm + 0,25·tat_p90_norm + 0,15·rejeicao_norm ; 0–1 ). volume_norm = exames/p95(exames); backlog_norm = backlog/max(exames,1) limitado a 1; tat_p90_norm = min(tat_p90/14, 2)/2; rejeicao_norm = min(pct_rejeitado/0,05, 2)/2.",gal_lacen_microdados,True,Observado,0.2768586387434555,151.14791666666676,0.0,1.0,0.0,False,estavel,False,0.0,2026.0,21.0,gal_weekly_vs_historico,Alerta de silêncio GAL (exames) — distinto do silêncio SINAN/territorial em municipios_silenciosos.,False,False,False,,,,,ALTO,risco,"SLA de crise: reforçar liberação ≤48h, triagem de backlog e comunicação CIEVS/LACEN.",CIEVS / Sala de Situação + vigilância municipal,24–48h,1) Conferir % liberado ≤48h e TAT p90; 2) Priorizar backlog; 3) Articular rede municipal; 4) Reavaliar em 48h,Derivado,0.599,0.44999999999999996,True,alta,backlog_estimado=142 (imp=0.229); tests_ma4=65.2 (imp=0.358); tests_ma8=43.9 (imp=0.267); tat_p90_dias=234 (imp=0.00364); indice_pressao_proxy=31 (imp=0.0139),"Pressão predita alta: antecipar triagem de backlog, reforçar liberação ≤48h e articular rede municipal.",Predito
PARANATINGA,404.0,6.397222222222222,149.51388888888889,0.11041666666666666,1.4430555555555555,0.7365079365079366,0.34626865671641793,0.5134328358208955,0.5970149253731343,0.04950495049504951,79.0,0.0,0.6707920792079208,gal_lacen_microdados,>=2024,Backlog pendente relevante — priorizar liberação,0.0407,0.1955,1.0,0.495,39.51,moderada,"indice_pressao_rede = 100 × clip( 0,30·volume_norm + 0,30·backlog_norm + 0,25·tat_p90_norm + 0,15·rejeicao_norm ; 0–1 ). volume_norm = exames/p95(exames); backlog_norm = backlog/max(exames,1) limitado a 1; tat_p90_norm = min(tat_p90/14, 2)/2; rejeicao_norm = min(pct_rejeitado/0,05, 2)/2.",gal_lacen_microdados,False,Observado,0.2768586387434555,151.14791666666676,,,,False,,,,,,,,True,False,True,sinan_sem_exame,qualidade_dado_municipal,0.0,31.0,ALTO,utilizacao,Avaliar subutilização da rede e reforçar encaminhamento de amostras em 15 dias.,Vigilância municipal + LACEN,15 dias,1) Comparar exames×notificações; 2) Identificar subutilização; 3) Reforçar encaminhamento laboratorial,Derivado,0.2127,0.44999999999999996,False,baixa,backlog_estimado=66 (imp=0.229); tests_ma4=20.8 (imp=0.358); tests_ma8=11.4 (imp=0.267); cnes_leitos_total=810 (imp=0.00226); cnes_estabelecimentos=972 (imp=0.00149),Manter rotina de desempenho da rede laboratorial.,Predito
GAUCHA DO NORTE,217.0,9.318055555555556,140.625,6.773263888888889,1.679861111111111,0.36065573770491804,0.18543046357615894,0.44370860927152317,0.5364238410596026,0.02304147465437788,74.0,0.0,0.4147465437788018,gal_lacen_microdados,>=2024,SLA crise: baixa liberação ≤48h — priorizar liberação/triagem,0.0219,0.341,1.0,0.2304,39.34,moderada,"indice_pressao_rede = 100 × clip( 0,30·volume_norm + 0,30·backlog_norm + 0,25·tat_p90_norm + 0,15·rejeicao_norm ; 0–1 ). volume_norm = exames/p95(exames); backlog_norm = backlog/max(exames,1) limitado a 1; tat_p90_norm = min(tat_p90/14, 2)/2; rejeicao_norm = min(pct_rejeitado/0,05, 2)/2.",gal_lacen_microdados,False,Observado,0.2768586387434555,151.14791666666676,,,,False,,,,,,,,True,False,True,sinan_sem_exame,qualidade_dado_municipal,0.0,3.0,ALTO,utilizacao,Avaliar subutilização da rede e reforçar encaminhamento de amostras em 15 dias.,Vigilância municipal + LACEN,15 dias,1) Comparar exames×notificações; 2) Identificar subutilização; 3) Reforçar encaminhamento laboratorial,Derivado,0.165,0.44999999999999996,False,baixa,backlog_estimado=54 (imp=0.229); tests_ma4=3.75 (imp=0.358); cnes_estabelecimentos=806 (imp=0.00149); tests_ma8=3.38 (imp=0.267); tat_p90_dias=149 (imp=0.00364),Manter rotina de desempenho da rede laboratorial.,Predito
SANTA CARMEM,138.0,13.488541666666666,95.60138888888889,8.029861111111112,6.524305555555555,0.25773195876288657,0.1574074074074074,0.3333333333333333,0.5277777777777778,0.007246376811594203,59.0,0.0,0.4927536231884058,gal_lacen_microdados,>=2024,SLA crise: baixa liberação ≤48h — priorizar liberação/triagem,0.0139,0.4275,1.0,0.0725,39.33,moderada,"indice_pressao_rede = 100 × clip( 0,30·volume_norm + 0,30·backlog_norm + 0,25·tat_p90_norm + 0,15·rejeicao_norm ; 0–1 ). volume_norm = exames/p95(exames); backlog_norm = backlog/max(exames,1) limitado a 1; tat_p90_norm = min(tat_p90/14, 2)/2; rejeicao_norm = min(pct_rejeitado/0,05, 2)/2.",gal_lacen_microdados,True,Observado,0.2768586387434555,151.14791666666676,,,,False,,,,,,,,True,False,False,,,,,ALTO,risco,"SLA de crise: reforçar liberação ≤48h, triagem de backlog e comunicação CIEVS/LACEN.",CIEVS / Sala de Situação + vigilância municipal,24–48h,1) Conferir % liberado ≤48h e TAT p90; 2) Priorizar backlog; 3) Articular rede municipal; 4) Reavaliar em 48h,Derivado,0.1414,0.44999999999999996,False,baixa,backlog_estimado=55 (imp=0.229); tests_ma4=2.25 (imp=0.358); tests_ma8=2 (imp=0.267); cnes_estabelecimentos=335 (imp=0.00149); indice_pressao_proxy=33.1 (imp=0.0139),Manter rotina de desempenho da rede laboratorial.,Predito
NOVA BRASILANDIA,339.0,9.411111111111111,88.61527777777778,6.095833333333333,3.6680555555555556,0.32653061224489793,0.05303030303030303,0.3560606060606061,0.5606060606060606,0.014749262536873156,124.0,0.0,0.504424778761062,gal_lacen_microdados,>=2024,SLA crise: baixa liberação ≤48h — priorizar liberação/triagem,0.0341,0.3658,1.0,0.1475,39.21,moderada,"indice_pressao_rede = 100 × clip( 0,30·volume_norm + 0,30·backlog_norm + 0,25·tat_p90_norm + 0,15·rejeicao_norm ; 0–1 ). volume_norm = exames/p95(exames); backlog_norm = backlog/max(exames,1) limitado a 1; tat_p90_norm = min(tat_p90/14, 2)/2; rejeicao_norm = min(pct_rejeitado/0,05, 2)/2.",gal_lacen_microdados,False,Observado,0.2768586387434555,151.14791666666676,,,,False,,,,,,,,True,False,True,sinan_sem_exame,qualidade_dado_municipal,0.0,2.0,ALTO,utilizacao,Avaliar subutilização da rede e reforçar encaminhamento de amostras em 15 dias.,Vigilância municipal + LACEN,15 dias,1) Comparar exames×notificações; 2) Identificar subutilização; 3) Reforçar encaminhamento laboratorial,Derivado,0.1905,0.44999999999999996,False,baixa,backlog_estimado=115 (imp=0.229); tests_ma4=2.5 (imp=0.358); tests_ma8=2.88 (imp=0.267); indice_pressao_proxy=35.7 (imp=0.0139); cnes_estabelecimentos=257 (imp=0.00149),Manter rotina de desempenho da rede laboratorial.,Predito
BOM JESUS DO ARAGUAIA,125.0,11.644097222222221,109.43194444444444,4.084722222222222,2.71875,0.3114754098360656,0.15,0.425,0.5375,0.048,27.0,0.0,0.456,gal_lacen_microdados,>=2024,SLA crise: baixa liberação ≤48h — priorizar liberação/triagem,0.0126,0.216,1.0,0.48,39.06,moderada,"indice_pressao_rede = 100 × clip( 0,30·volume_norm + 0,30·backlog_norm + 0,25·tat_p90_norm + 0,15·rejeicao_norm ; 0–1 ). volume_norm = exames/p95(exames); backlog_norm = backlog/max(exames,1) limitado a 1; tat_p90_norm = min(tat_p90/14, 2)/2; rejeicao_norm = min(pct_rejeitado/0,05, 2)/2.",gal_lacen_microdados,False,Observado,0.2768586387434555,151.14791666666676,,,,False,,,,,,,,True,False,True,sinan_sem_exame,qualidade_dado_municipal,0.0,5.0,ALTO,utilizacao,Avaliar subutilização da rede e reforçar encaminhamento de amostras em 15 dias.,Vigilância municipal + LACEN,15 dias,1) Comparar exames×notificações; 2) Identificar subutilização; 3) Reforçar encaminhamento laboratorial,Derivado,0.0291,0.44999999999999996,False,baixa,backlog_estimado=9 (imp=0.229); cnes_estabelecimentos=356 (imp=0.00149); tests_ma4=1.25 (imp=0.358); tests_ma8=1.5 (imp=0.267); indice_pressao_proxy=19.3 (imp=0.0139),Manter rotina de desempenho da rede laboratorial.,Predito
JURUENA,776.0,10.667361111111111,77.34513888888888,1.8993055555555556,4.4,0.5021551724137931,0.148,0.396,0.606,0.02577319587628866,189.0,0.0,0.33505154639175255,gal_lacen_microdados,>=2024,Backlog pendente relevante — priorizar liberação,0.0782,0.2436,1.0,0.2577,38.52,moderada,"indice_pressao_rede = 100 × clip( 0,30·volume_norm + 0,30·backlog_norm + 0,25·tat_p90_norm + 0,15·rejeicao_norm ; 0–1 ). volume_norm = exames/p95(exames); backlog_norm = backlog/max(exames,1) limitado a 1; tat_p90_norm = min(tat_p90/14, 2)/2; rejeicao_norm = min(pct_rejeitado/0,05, 2)/2.",gal_lacen_microdados,False,Observado,0.2768586387434555,151.14791666666676,,,,False,,,,,,,,True,False,True,sinan_sem_exame,qualidade_dado_municipal,0.0,6.0,ALTO,utilizacao,Avaliar subutilização da rede e reforçar encaminhamento de amostras em 15 dias.,Vigilância municipal + LACEN,15 dias,1) Comparar exames×notificações; 2) Identificar subutilização; 3) Reforçar encaminhamento laboratorial,Derivado,0.1915,0.44999999999999996,False,baixa,backlog_estimado=155 (imp=0.229); tests_ma8=10 (imp=0.267); cnes_estabelecimentos=722 (imp=0.00149); cnes_leitos_total=474 (imp=0.00226); tests_ma4=2.75 (imp=0.358),Manter rotina de desempenho da rede laboratorial.,Predito
RESERVA DO CABACAL,159.0,5.429861111111111,65.56236111111112,2.7006944444444443,3.3381944444444445,0.4406779661016949,0.23076923076923078,0.6,0.6307692307692307,0.025157232704402517,48.0,0.0,0.29559748427672955,gal_lacen_microdados,>=2024,Desempenho dentro do esperado (janela recente),0.016,0.3019,1.0,0.2516,38.31,moderada,"indice_pressao_rede = 100 × clip( 0,30·volume_norm + 0,30·backlog_norm + 0,25·tat_p90_norm + 0,15·rejeicao_norm ; 0–1 ). volume_norm = exames/p95(exames); backlog_norm = backlog/max(exames,1) limitado a 1; tat_p90_norm = min(tat_p90/14, 2)/2; rejeicao_norm = min(pct_rejeitado/0,05, 2)/2.",gal_lacen_microdados,False,Observado,0.2768586387434555,151.14791666666676,,,,False,,,,,,,,False,False,True,sinan_sem_exame,qualidade_dado_municipal,0.0,1.0,ALTO,utilizacao,Avaliar subutilização da rede e reforçar encaminhamento de amostras em 15 dias.,Vigilância municipal + LACEN,15 dias,1) Comparar exames×notificações; 2) Identificar subutilização; 3) Reforçar encaminhamento laboratorial,Derivado,0.1183,0.44999999999999996,False,baixa,backlog_estimado=35 (imp=0.229); tests_ma8=2.5 (imp=0.267); tests_ma4=1.75 (imp=0.358); indice_pressao_proxy=27.1 (imp=0.0139); cnes_estabelecimentos=120 (imp=0.00149),Manter rotina de desempenho da rede laboratorial.,Predito
COMODORO,1077.0,21.740277777777777,122.72888888888889,8.014583333333334,7.5940972222222225,0.21448467966573817,0.0832282471626734,0.21311475409836064,0.3656998738965952,0.019498607242339833,222.0,0.0,0.45403899721448465,gal_lacen_microdados,>=2024,SLA crise: baixa liberação ≤48h — priorizar liberação/triagem,0.1085,0.2061,1.0,0.195,37.36,moderada,"indice_pressao_rede = 100 × clip( 0,30·volume_norm + 0,30·backlog_norm + 0,25·tat_p90_norm + 0,15·rejeicao_norm ; 0–1 ). volume_norm = exames/p95(exames); backlog_norm = backlog/max(exames,1) limitado a 1; tat_p90_norm = min(tat_p90/14, 2)/2; rejeicao_norm = min(pct_rejeitado/0,05, 2)/2.",gal_lacen_microdados,True,Observado,0.2768586387434555,151.14791666666676,,,,False,,,,,,,,True,False,True,sinan_sem_exame,qualidade_dado_municipal,0.0,8.0,ALTO,risco,"SLA de crise: reforçar liberação ≤48h, triagem de backlog e comunicação CIEVS/LACEN.",CIEVS / Sala de Situação + vigilância municipal,24–48h,1) Conferir % liberado ≤48h e TAT p90; 2) Priorizar backlog; 3) Articular rede municipal; 4) Reavaliar em 48h,Derivado,0.2365,0.44999999999999996,False,baixa,backlog_estimado=182 (imp=0.229); tests_ma4=7.75 (imp=0.358); cnes_leitos_total=1.01e+03 (imp=0.00226); tests_ma8=7.88 (imp=0.267); cnes_estabelecimentos=1.4e+03 (imp=0.00149),Manter rotina de desempenho da rede laboratorial.,Predito
GENERAL CARNEIRO,456.0,7.675694444444445,49.128125000000026,2.272222222222222,4.4586805555555555,0.4865771812080537,0.05026455026455026,0.42063492063492064,0.6666666666666666,0.019736842105263157,113.0,0.0,0.5021929824561403,gal_lacen_microdados,>=2024,Backlog pendente relevante — priorizar liberação,0.0459,0.2478,1.0,0.1974,36.77,moderada,"indice_pressao_rede = 100 × clip( 0,30·volume_norm + 0,30·backlog_norm + 0,25·tat_p90_norm + 0,15·rejeicao_norm ; 0–1 ). volume_norm = exames/p95(exames); backlog_norm = backlog/max(exames,1) limitado a 1; tat_p90_norm = min(tat_p90/14, 2)/2; rejeicao_norm = min(pct_rejeitado/0,05, 2)/2.",gal_lacen_microdados,False,Observado,0.2768586387434555,151.14791666666676,,,,False,,,,,,,,True,False,True,sinan_sem_exame,qualidade_dado_municipal,0.0,9.0,ALTO,utilizacao,Avaliar subutilização da rede e reforçar encaminhamento de amostras em 15 dias.,Vigilância municipal + LACEN,15 dias,1) Comparar exames×notificações; 2) Identificar subutilização; 3) Reforçar encaminhamento laboratorial,Derivado,0.1691,0.44999999999999996,False,baixa,backlog_estimado=92 (imp=0.229); tests_ma4=6 (imp=0.358); tests_ma8=4.5 (imp=0.267); cnes_leitos_total=360 (imp=0.00226); indice_pressao_proxy=36.5 (imp=0.0139),Manter rotina de desempenho da rede laboratorial.,Predito
RIBEIRAOZINHO,29.0,4.953819444444445,62.53333333333333,0.914236111111111,36.178125,0.8333333333333334,0.08333333333333333,0.6666666666666666,0.6666666666666666,0.0,11.0,0.0,0.20689655172413793,gal_lacen_microdados,>=2024,Atraso logístico coleta→recebimento — revisar transporte,0.0029,0.3793,1.0,0.0,36.47,moderada,"indice_pressao_rede = 100 × clip( 0,30·volume_norm + 0,30·backlog_norm + 0,25·tat_p90_norm + 0,15·rejeicao_norm ; 0–1 ). volume_norm = exames/p95(exames); backlog_norm = backlog/max(exames,1) limitado a 1; tat_p90_norm = min(tat_p90/14, 2)/2; rejeicao_norm = min(pct_rejeitado/0,05, 2)/2.",gal_lacen_microdados,False,Observado,0.2768586387434555,151.14791666666676,,,,False,,,,,,,,False,False,True,sinan_sem_exame,qualidade_dado_municipal,0.0,10.0,ALTO,utilizacao,Avaliar subutilização da rede e reforçar encaminhamento de amostras em 15 dias.,Vigilância municipal + LACEN,15 dias,1) Comparar exames×notificações; 2) Identificar subutilização; 3) Reforçar encaminhamento laboratorial,Derivado,0.1286,0.44999999999999996,False,baixa,backlog_estimado=11 (imp=0.229); tests_ma4=3 (imp=0.358); tests_ma8=3 (imp=0.267); cnes_leitos_total=344 (imp=0.00226); cnes_estabelecimentos=232 (imp=0.00149),Manter rotina de desempenho da rede laboratorial.,Predito
TORIXOREU,16.0,3.661111111111111,13.32097222222223,0.04027777777777778,2.3826388888888888,0.6923076923076923,0.35714285714285715,0.6428571428571429,0.8571428571428571,0.125,5.0,0.0,0.5625,gal_lacen_microdados,>=2024,Rejeição elevada — capacitar coleta/envio de amostras,0.0016,0.3125,0.4757,1.0,36.32,moderada,"indice_pressao_rede = 100 × clip( 0,30·volume_norm + 0,30·backlog_norm + 0,25·tat_p90_norm + 0,15·rejeicao_norm ; 0–1 ). volume_norm = exames/p95(exames); backlog_norm = backlog/max(exames,1) limitado a 1; tat_p90_norm = min(tat_p90/14, 2)/2; rejeicao_norm = min(pct_rejeitado/0,05, 2)/2.",gal_lacen_microdados,False,Observado,0.2768586387434555,151.14791666666676,,,,False,,,,,,,,True,False,True,sinan_sem_exame,qualidade_dado_municipal,0.0,4.0,ALTO,utilizacao,Avaliar subutilização da rede e reforçar encaminhamento de amostras em 15 dias.,Vigilância municipal + LACEN,15 dias,1) Comparar exames×notificações; 2) Identificar subutilização; 3) Reforçar encaminhamento laboratorial,Derivado,0.1159,0.44999999999999996,False,baixa,cnes_leitos_total=608 (imp=0.00226); tests_ma4=2 (imp=0.358); tests_ma8=2 (imp=0.267); cnes_estabelecimentos=327 (imp=0.00149); indice_pressao_proxy=22.8 (imp=0.0139),Manter rotina de desempenho da rede laboratorial.,Predito
ARAGUAIANA,23.0,1.6569444444444446,6.314166666666667,1.0576388888888888,0.6041666666666666,0.7692307692307693,0.7692307692307693,0.9230769230769231,0.9230769230769231,0.08695652173913043,13.0,0.0,0.2608695652173913,gal_lacen_microdados,>=2024,Rejeição elevada — capacitar coleta/envio de amostras,0.0023,0.5652,0.2255,0.8696,35.71,moderada,"indice_pressao_rede = 100 × clip( 0,30·volume_norm + 0,30·backlog_norm + 0,25·tat_p90_norm + 0,15·rejeicao_norm ; 0–1 ). volume_norm = exames/p95(exames); backlog_norm = backlog/max(exames,1) limitado a 1; tat_p90_norm = min(tat_p90/14, 2)/2; rejeicao_norm = min(pct_rejeitado/0,05, 2)/2.",gal_lacen_microdados,False,Observado,0.2768586387434555,151.14791666666676,,,,False,,,,,,,,True,False,True,sinan_sem_exame,qualidade_dado_municipal,0.0,3.0,ALTO,utilizacao,Avaliar subutilização da rede e reforçar encaminhamento de amostras em 15 dias.,Vigilância municipal + LACEN,15 dias,1) Comparar exames×notificações; 2) Identificar subutilização; 3) Reforçar encaminhamento laboratorial,Derivado,0.0881,0.44999999999999996,False,baixa,backlog_estimado=13 (imp=0.229); tests_ma4=2.5 (imp=0.358); indice_pressao_proxy=51.6 (imp=0.0139); tests_ma8=2.5 (imp=0.267); cnes_leitos_total=229 (imp=0.00226),Manter rotina de desempenho da rede laboratorial.,Predito
IPIRANGA DO NORTE,1760.0,25.352083333333333,99.32986111111111,10.134722222222223,11.43125,0.21799628942486085,0.027842227378190254,0.1500386697602475,0.32791956689868523,0.003977272727272727,238.0,0.0,0.47670454545454544,gal_lacen_microdados,>=2024,SLA crise: baixa liberação ≤48h — priorizar liberação/triagem,0.1773,0.1352,1.0,0.0398,34.97,baixa,"indice_pressao_rede = 100 × clip( 0,30·volume_norm + 0,30·backlog_norm + 0,25·tat_p90_norm + 0,15·rejeicao_norm ; 0–1 ). volume_norm = exames/p95(exames); backlog_norm = backlog/max(exames,1) limitado a 1; tat_p90_norm = min(tat_p90/14, 2)/2; rejeicao_norm = min(pct_rejeitado/0,05, 2)/2.",gal_lacen_microdados,True,Observado,0.2768586387434555,151.14791666666676,,,,False,,,,,,,,True,False,True,sinan_sem_exame,qualidade_dado_municipal,0.0,4.0,ALTO,risco,"SLA de crise: reforçar liberação ≤48h, triagem de backlog e comunicação CIEVS/LACEN.",CIEVS / Sala de Situação + vigilância municipal,24–48h,1) Conferir % liberado ≤48h e TAT p90; 2) Priorizar backlog; 3) Articular rede municipal; 4) Reavaliar em 48h,Derivado,0.3287,0.44999999999999996,False,moderada,backlog_estimado=226 (imp=0.229); tests_ma4=11 (imp=0.358); tests_ma8=13.1 (imp=0.267); cnes_estabelecimentos=448 (imp=0.00149); indice_pressao_proxy=38.2 (imp=0.0139),Monitorar volume/TAT na próxima SE e revisar capacidade de liberação.,Predito
PORTO DOS GAUCHOS,96.0,10.496527777777779,91.57777777777778,6.172916666666667,2.5850694444444446,0.4528301886792453,0.16393442622950818,0.4262295081967213,0.5737704918032787,0.0,29.0,0.0,0.3958333333333333,gal_lacen_microdados,>=2024,Desempenho dentro do esperado (janela recente),0.0097,0.3021,1.0,0.0,34.35,baixa,"indice_pressao_rede = 100 × clip( 0,30·volume_norm + 0,30·backlog_norm + 0,25·tat_p90_norm + 0,15·rejeicao_norm ; 0–1 ). volume_norm = exames/p95(exames); backlog_norm = backlog/max(exames,1) limitado a 1; tat_p90_norm = min(tat_p90/14, 2)/2; rejeicao_norm = min(pct_rejeitado/0,05, 2)/2.",gal_lacen_microdados,False,Observado,0.2768586387434555,151.14791666666676,,,,False,,,,,,,,True,False,True,sinan_sem_exame,qualidade_dado_municipal,0.0,5.0,ALTO,utilizacao,Avaliar subutilização da rede e reforçar encaminhamento de amostras em 15 dias.,Vigilância municipal + LACEN,15 dias,1) Comparar exames×notificações; 2) Identificar subutilização; 3) Reforçar encaminhamento laboratorial,Derivado,0.1442,0.44999999999999996,False,baixa,backlog_estimado=22 (imp=0.229); cnes_leitos_total=486 (imp=0.00226); cnes_estabelecimentos=383 (imp=0.00149); tests_ma8=2 (imp=0.267); tests_ma4=1.25 (imp=0.358),Manter rotina de desempenho da rede laboratorial.,Predito
PONTE BRANCA,14.0,10.460416666666667,164.25958333333338,0.04236111111111111,3.5479166666666666,0.6,0.14285714285714285,0.42857142857142855,0.5714285714285714,0.0,3.0,0.0,0.2857142857142857,gal_lacen_microdados,>=2024,Desempenho dentro do esperado (janela recente),0.0014,0.2143,1.0,0.0,31.47,baixa,"indice_pressao_rede = 100 × clip( 0,30·volume_norm + 0,30·backlog_norm + 0,25·tat_p90_norm + 0,15·rejeicao_norm ; 0–1 ). volume_norm = exames/p95(exames); backlog_norm = backlog/max(exames,1) limitado a 1; tat_p90_norm = min(tat_p90/14, 2)/2; rejeicao_norm = min(pct_rejeitado/0,05, 2)/2.",gal_lacen_microdados,True,Observado,0.2768586387434555,151.14791666666676,,,,False,,,,,,,,False,False,True,sinan_sem_exame,qualidade_dado_municipal,0.0,14.0,ALTO,risco,"SLA de crise: reforçar liberação ≤48h, triagem de backlog e comunicação CIEVS/LACEN.",CIEVS / Sala de Situação + vigilância municipal,24–48h,1) Conferir % liberado ≤48h e TAT p90; 2) Priorizar backlog; 3) Articular rede municipal; 4) Reavaliar em 48h,Derivado,0.0297,0.44999999999999996,False,baixa,cnes_leitos_total=408 (imp=0.00226); tat_p90_dias=201 (imp=0.00364); backlog_estimado=2 (imp=0.229); tests_ma4=1.25 (imp=0.358); indice_pressao_proxy=24.9 (imp=0.0139),Manter rotina de desempenho da rede laboratorial.,Predito
SAO FELIX DO ARAGUAIA,306.0,6.35,11.313263888888892,3.69375,2.567361111111111,0.40454545454545454,0.3181818181818182,0.8140495867768595,0.9173553719008265,0.0392156862745098,135.0,0.0,0.45751633986928103,gal_lacen_microdados,>=2024,Backlog pendente relevante — priorizar liberação,0.0308,0.4412,0.404,0.3922,30.14,baixa,"indice_pressao_rede = 100 × clip( 0,30·volume_norm + 0,30·backlog_norm + 0,25·tat_p90_norm + 0,15·rejeicao_norm ; 0–1 ). volume_norm = exames/p95(exames); backlog_norm = backlog/max(exames,1) limitado a 1; tat_p90_norm = min(tat_p90/14, 2)/2; rejeicao_norm = min(pct_rejeitado/0,05, 2)/2.",gal_lacen_microdados,False,Observado,0.2768586387434555,151.14791666666676,,,,False,,,,,,,,True,False,True,sinan_sem_exame,qualidade_dado_municipal,0.0,1.0,ALTO,utilizacao,Avaliar subutilização da rede e reforçar encaminhamento de amostras em 15 dias.,Vigilância municipal + LACEN,15 dias,1) Comparar exames×notificações; 2) Identificar subutilização; 3) Reforçar encaminhamento laboratorial,Derivado,0.1877,0.44999999999999996,False,baixa,backlog_estimado=131 (imp=0.229); cnes_leitos_total=764 (imp=0.00226); cnes_estabelecimentos=710 (imp=0.00149); tests_ma4=2.75 (imp=0.358); tests_ma8=2.5 (imp=0.267),Manter rotina de desempenho da rede laboratorial.,Predito
SANTA CRUZ DO XINGU,18.0,4.079861111111111,12.449305555555554,1.1145833333333333,2.1006944444444446,0.6153846153846154,0.25,0.5625,1.0,0.0,10.0,0.0,0.4444444444444444,gal_lacen_microdados,>=2024,Desempenho dentro do esperado (janela recente),0.0018,0.5556,0.4446,0.0,27.84,baixa,"indice_pressao_rede = 100 × clip( 0,30·volume_norm + 0,30·backlog_norm + 0,25·tat_p90_norm + 0,15·rejeicao_norm ; 0–1 ). volume_norm = exames/p95(exames); backlog_norm = backlog/max(exames,1) limitado a 1; tat_p90_norm = min(tat_p90/14, 2)/2; rejeicao_norm = min(pct_rejeitado/0,05, 2)/2.",gal_lacen_microdados,False,Observado,0.2768586387434555,151.14791666666676,,,,False,,,,,,,,False,False,True,sinan_sem_exame,qualidade_dado_municipal,0.0,4.0,ALTO,utilizacao,Avaliar subutilização da rede e reforçar encaminhamento de amostras em 15 dias.,Vigilância municipal + LACEN,15 dias,1) Comparar exames×notificações; 2) Identificar subutilização; 3) Reforçar encaminhamento laboratorial,Derivado,0.1309,0.44999999999999996,False,baixa,backlog_estimado=9 (imp=0.229); tests_ma4=3 (imp=0.358); tests_ma8=2.29 (imp=0.267); cnes_leitos_total=186 (imp=0.00226); cnes_estabelecimentos=210 (imp=0.00149),Manter rotina de desempenho da rede laboratorial.,Predito
CACERES,16698.0,16.6625,116.59583333333333,9.759374999999999,2.657638888888889,0.3210193599367839,0.09870189722712958,0.3605499654351333,0.4741531607650357,0.08498023715415019,4729.0,0.0,0.5325188645346748,gal_lacen_microdados,>=2024,SLA crise: baixa liberação ≤48h — priorizar liberação/triagem,1.0,0.2832,1.0,0.8498,76.24,critica,"indice_pressao_rede = 100 × clip( 0,30·volume_norm + 0,30·backlog_norm + 0,25·tat_p90_norm + 0,15·rejeicao_norm ; 0–1 ). volume_norm = exames/p95(exames); backlog_norm = backlog/max(exames,1) limitado a 1; tat_p90_norm = min(tat_p90/14, 2)/2; rejeicao_norm = min(pct_rejeitado/0,05, 2)/2.",gal_lacen_microdados,False,Observado,0.2768586387434555,151.14791666666676,2.0,1.5,1.333,False,estavel,False,0.0,2026.0,21.0,gal_weekly_vs_historico,Alerta de silêncio GAL (exames) — distinto do silêncio SINAN/territorial em municipios_silenciosos.,False,False,False,,,,,MODERADO,risco,"Monitorar tendência, validar positivos e articular resposta municipal em 48–72h.",CIEVS / Sala de Situação + vigilância municipal,48–72h,1) Revisar score de risco; 2) Validar exames/positivos; 3) Articular resposta municipal; 4) Reavaliar na próxima SE,Derivado,0.4259,0.44999999999999996,False,alta,backlog_estimado=2.4e+03 (imp=0.229); cnes_leitos_total=8.38e+03 (imp=0.00226); cnes_estabelecimentos=6.3e+03 (imp=0.00149); tests_ma8=16 (imp=0.267); indice_pressao_proxy=83 (imp=0.0139),Monitorar volume/TAT na próxima SE e revisar capacidade de liberação.,Predito
CAMPO NOVO DO PARECIS,21892.0,7.480555555555555,93.32708333333333,4.204166666666667,1.5583333333333333,0.3151041666666667,0.12698500832870627,0.48678511937812324,0.6330927262631871,0.05211949570619404,5968.0,0.0,0.5324319386077105,gal_lacen_microdados,>=2024,SLA crise: baixa liberação ≤48h — priorizar liberação/triagem,1.0,0.2726,1.0,0.5212,71.0,alta,"indice_pressao_rede = 100 × clip( 0,30·volume_norm + 0,30·backlog_norm + 0,25·tat_p90_norm + 0,15·rejeicao_norm ; 0–1 ). volume_norm = exames/p95(exames); backlog_norm = backlog/max(exames,1) limitado a 1; tat_p90_norm = min(tat_p90/14, 2)/2; rejeicao_norm = min(pct_rejeitado/0,05, 2)/2.",gal_lacen_microdados,False,Observado,0.2768586387434555,151.14791666666676,0.0,1.0,0.0,False,estavel,False,0.0,2026.0,21.0,gal_weekly_vs_historico,Alerta de silêncio GAL (exames) — distinto do silêncio SINAN/territorial em municipios_silenciosos.,False,False,False,,,,,MODERADO,risco,"Monitorar tendência, validar positivos e articular resposta municipal em 48–72h.",CIEVS / Sala de Situação + vigilância municipal,48–72h,1) Revisar score de risco; 2) Validar exames/positivos; 3) Articular resposta municipal; 4) Reavaliar na próxima SE,Derivado,0.3726,0.44999999999999996,False,moderada,backlog_estimado=5.79e+03 (imp=0.229); cnes_estabelecimentos=2.99e+03 (imp=0.00149); cnes_leitos_total=828 (imp=0.00226); tests_ma4=2.25 (imp=0.358); indice_pressao_proxy=37.8 (imp=0.0139),Monitorar volume/TAT na próxima SE e revisar capacidade de liberação.,Predito
NOSSA SENHORA DO LIVRAMENTO,3602.0,3.7263888888888888,119.54930555555555,6.142361111111111,0.6777777777777778,0.2857733664185277,0.2961876832844575,0.5858585858585859,0.6546106223525578,0.1812881732370905,1150.0,0.0,0.337034980566352,gal_lacen_microdados,>=2024,SLA crise: baixa liberação ≤48h — priorizar liberação/triagem,0.3628,0.3193,1.0,1.0,60.46,alta,"indice_pressao_rede = 100 × clip( 0,30·volume_norm + 0,30·backlog_norm + 0,25·tat_p90_norm + 0,15·rejeicao_norm ; 0–1 ). volume_norm = exames/p95(exames); backlog_norm = backlog/max(exames,1) limitado a 1; tat_p90_norm = min(tat_p90/14, 2)/2; rejeicao_norm = min(pct_rejeitado/0,05, 2)/2.",gal_lacen_microdados,False,Observado,0.2768586387434555,151.14791666666676,0.0,1.5,0.0,False,estavel,False,0.0,2026.0,21.0,gal_weekly_vs_historico,Alerta de silêncio GAL (exames) — distinto do silêncio SINAN/territorial em municipios_silenciosos.,False,False,False,,,,,MODERADO,risco,"Monitorar tendência, validar positivos e articular resposta municipal em 48–72h.",CIEVS / Sala de Situação + vigilância municipal,48–72h,1) Revisar score de risco; 2) Validar exames/positivos; 3) Articular resposta municipal; 4) Reavaliar na próxima SE,Derivado,0.3711,0.44999999999999996,False,moderada,backlog_estimado=592 (imp=0.229); tests_ma8=7.5 (imp=0.267); cnes_leitos_total=384 (imp=0.00226); tat_p90_dias=207 (imp=0.00364); indice_pressao_proxy=52.6 (imp=0.0139),Monitorar volume/TAT na próxima SE e revisar capacidade de liberação.,Predito
AGUA BOA,3632.0,8.58125,86.53194444444445,2.0819444444444444,2.5833333333333335,0.49108469539375926,0.22363575493806495,0.4516237027117509,0.6049548041513224,0.054515418502202644,1303.0,0.0,0.4801762114537445,gal_lacen_microdados,>=2024,Rejeição elevada — capacitar coleta/envio de amostras,0.3658,0.3588,1.0,0.5452,54.91,moderada,"indice_pressao_rede = 100 × clip( 0,30·volume_norm + 0,30·backlog_norm + 0,25·tat_p90_norm + 0,15·rejeicao_norm ; 0–1 ). volume_norm = exames/p95(exames); backlog_norm = backlog/max(exames,1) limitado a 1; tat_p90_norm = min(tat_p90/14, 2)/2; rejeicao_norm = min(pct_rejeitado/0,05, 2)/2.",gal_lacen_microdados,False,Observado,0.2768586387434555,151.14791666666676,0.0,1.0,0.0,False,estavel,False,0.0,2026.0,21.0,gal_weekly_vs_historico,Alerta de silêncio GAL (exames) — distinto do silêncio SINAN/territorial em municipios_silenciosos.,False,False,False,,,,,MONITORAMENTO,padrao,Acompanhar indicadores e reavaliar na próxima janela epidemiológica.,Vigilância municipal,próxima SE,1) Acompanhar indicadores; 2) Reavaliar na próxima janela epidemiológica,Derivado,0.4397,0.44999999999999996,False,alta,backlog_estimado=1.22e+03 (imp=0.229); cnes_leitos_total=2.17e+03 (imp=0.00226); cnes_estabelecimentos=2.22e+03 (imp=0.00149); tests_ma8=5.25 (imp=0.267); indice_pressao_proxy=42.9 (imp=0.0139),Monitorar volume/TAT na próxima SE e revisar capacidade de liberação.,Predito
POCONE,1204.0,5.566666666666666,118.31597222222223,2.8131944444444446,1.5618055555555554,0.4457652303120357,0.19186785260482847,0.5209656925031766,0.6429479034307497,0.10215946843853821,404.0,0.0,0.3579734219269103,gal_lacen_microdados,>=2024,Rejeição elevada — capacitar coleta/envio de amostras,0.1213,0.3355,1.0,1.0,53.7,moderada,"indice_pressao_rede = 100 × clip( 0,30·volume_norm + 0,30·backlog_norm + 0,25·tat_p90_norm + 0,15·rejeicao_norm ; 0–1 ). volume_norm = exames/p95(exames); backlog_norm = backlog/max(exames,1) limitado a 1; tat_p90_norm = min(tat_p90/14, 2)/2; rejeicao_norm = min(pct_rejeitado/0,05, 2)/2.",gal_lacen_microdados,False,Observado,0.2768586387434555,151.14791666666676,0.0,1.0,0.0,False,estavel,False,0.0,2026.0,21.0,gal_weekly_vs_historico,Alerta de silêncio GAL (exames) — distinto do silêncio SINAN/territorial em municipios_silenciosos.,False,False,False,,,,,MONITORAMENTO,padrao,Acompanhar indicadores e reavaliar na próxima janela epidemiológica.,Vigilância municipal,próxima SE,1) Acompanhar indicadores; 2) Reavaliar na próxima janela epidemiológica,Derivado,0.2668,0.44999999999999996,False,moderada,backlog_estimado=362 (imp=0.229); cnes_leitos_total=1.31e+03 (imp=0.00226); cnes_estabelecimentos=895 (imp=0.00149); tests_ma8=3.12 (imp=0.267); indice_pressao_proxy=48.3 (imp=0.0139),Manter rotina de desempenho da rede laboratorial.,Predito
SANTO ANTONIO DO LEVERGER,1092.0,7.586805555555555,148.76527777777778,3.1694444444444443,1.7965277777777777,0.4158125915080527,0.16731016731016732,0.48133848133848134,0.601029601029601,0.09065934065934066,405.0,0.0,0.4230769230769231,gal_lacen_microdados,>=2024,Rejeição elevada — capacitar coleta/envio de amostras,0.11,0.3709,1.0,0.9066,53.02,moderada,"indice_pressao_rede = 100 × clip( 0,30·volume_norm + 0,30·backlog_norm + 0,25·tat_p90_norm + 0,15·rejeicao_norm ; 0–1 ). volume_norm = exames/p95(exames); backlog_norm = backlog/max(exames,1) limitado a 1; tat_p90_norm = min(tat_p90/14, 2)/2; rejeicao_norm = min(pct_rejeitado/0,05, 2)/2.",gal_lacen_microdados,False,Observado,0.2768586387434555,151.14791666666676,0.0,1.5,0.0,False,estavel,False,0.0,2026.0,21.0,gal_weekly_vs_historico,Alerta de silêncio GAL (exames) — distinto do silêncio SINAN/territorial em municipios_silenciosos.,False,False,False,,,,,MONITORAMENTO,padrao,Acompanhar indicadores e reavaliar na próxima janela epidemiológica.,Vigilância municipal,próxima SE,1) Acompanhar indicadores; 2) Reavaliar na próxima janela epidemiológica,Derivado,0.3062,0.44999999999999996,False,moderada,backlog_estimado=345 (imp=0.229); tests_ma4=8.75 (imp=0.358); tests_ma8=7.12 (imp=0.267); cnes_leitos_total=424 (imp=0.00226); indice_pressao_proxy=45.2 (imp=0.0139),Monitorar volume/TAT na próxima SE e revisar capacidade de liberação.,Predito
PARANAITA,2992.0,21.713194444444444,119.42291666666667,4.9743055555555555,10.728472222222223,0.30155544405418966,0.1034025629695095,0.2129916040653999,0.3561643835616438,0.12065508021390374,388.0,0.0,0.4391711229946524,gal_lacen_microdados,>=2024,SLA crise: baixa liberação ≤48h — priorizar liberação/triagem,0.3013,0.1297,1.0,1.0,52.93,moderada,"indice_pressao_rede = 100 × clip( 0,30·volume_norm + 0,30·backlog_norm + 0,25·tat_p90_norm + 0,15·rejeicao_norm ; 0–1 ). volume_norm = exames/p95(exames); backlog_norm = backlog/max(exames,1) limitado a 1; tat_p90_norm = min(tat_p90/14, 2)/2; rejeicao_norm = min(pct_rejeitado/0,05, 2)/2.",gal_lacen_microdados,False,Observado,0.2768586387434555,151.14791666666676,0.0,1.0,0.0,False,estavel,False,0.0,2026.0,21.0,gal_weekly_vs_historico,Alerta de silêncio GAL (exames) — distinto do silêncio SINAN/territorial em municipios_silenciosos.,False,False,False,,,,,MONITORAMENTO,padrao,Acompanhar indicadores e reavaliar na próxima janela epidemiológica.,Vigilância municipal,próxima SE,1) Acompanhar indicadores; 2) Reavaliar na próxima janela epidemiológica,Derivado,0.2796,0.44999999999999996,False,moderada,backlog_estimado=264 (imp=0.229); tests_ma4=10.5 (imp=0.358); tests_ma8=12.8 (imp=0.267); cnes_leitos_total=922 (imp=0.00226); cnes_estabelecimentos=636 (imp=0.00149),Manter rotina de desempenho da rede laboratorial.,Predito
PORTO ESTRELA,97.0,6.578819444444445,95.134375,1.9506944444444445,1.7083333333333333,0.5471698113207547,0.25,0.5714285714285714,0.6607142857142857,0.08247422680412371,46.0,0.0,0.3402061855670103,gal_lacen_microdados,>=2024,Rejeição elevada — capacitar coleta/envio de amostras,0.0098,0.4742,1.0,0.8247,51.89,moderada,"indice_pressao_rede = 100 × clip( 0,30·volume_norm + 0,30·backlog_norm + 0,25·tat_p90_norm + 0,15·rejeicao_norm ; 0–1 ). volume_norm = exames/p95(exames); backlog_norm = backlog/max(exames,1) limitado a 1; tat_p90_norm = min(tat_p90/14, 2)/2; rejeicao_norm = min(pct_rejeitado/0,05, 2)/2.",gal_lacen_microdados,False,Observado,0.2768586387434555,151.14791666666676,0.0,1.0,0.0,False,estavel,False,0.0,2026.0,21.0,gal_weekly_vs_historico,Alerta de silêncio GAL (exames) — distinto do silêncio SINAN/territorial em municipios_silenciosos.,False,False,False,,,,,MONITORAMENTO,padrao,Acompanhar indicadores e reavaliar na próxima janela epidemiológica.,Vigilância municipal,próxima SE,1) Acompanhar indicadores; 2) Reavaliar na próxima janela epidemiológica,Derivado,0.0341,0.44999999999999996,False,baixa,backlog_estimado=38 (imp=0.229); indice_pressao_proxy=42.9 (imp=0.0139); cnes_estabelecimentos=337 (imp=0.00149); tests_ma8=1.75 (imp=0.267); tests_ma4=1 (imp=0.358),Manter rotina de desempenho da rede laboratorial.,Predito
BARAO DE MELGACO,210.0,8.504166666666666,72.5997222222224,3.3499999999999996,2.0972222222222223,0.39705882352941174,0.14965986394557823,0.4557823129251701,0.7074829931972789,0.1,75.0,0.0,0.42857142857142855,gal_lacen_microdados,>=2024,SLA crise: baixa liberação ≤48h — priorizar liberação/triagem,0.0212,0.3571,1.0,1.0,51.35,moderada,"indice_pressao_rede = 100 × clip( 0,30·volume_norm + 0,30·backlog_norm + 0,25·tat_p90_norm + 0,15·rejeicao_norm ; 0–1 ). volume_norm = exames/p95(exames); backlog_norm = backlog/max(exames,1) limitado a 1; tat_p90_norm = min(tat_p90/14, 2)/2; rejeicao_norm = min(pct_rejeitado/0,05, 2)/2.",gal_lacen_microdados,False,Observado,0.2768586387434555,151.14791666666676,0.0,1.0,0.0,False,estavel,False,0.0,2026.0,21.0,gal_weekly_vs_historico,Alerta de silêncio GAL (exames) — distinto do silêncio SINAN/territorial em municipios_silenciosos.,False,False,False,,,,,MONITORAMENTO,padrao,Acompanhar indicadores e reavaliar na próxima janela epidemiológica.,Vigilância municipal,próxima SE,1) Acompanhar indicadores; 2) Reavaliar na próxima janela epidemiológica,Derivado,0.1498,0.44999999999999996,False,baixa,backlog_estimado=61 (imp=0.229); tests_ma8=3.88 (imp=0.267); tests_ma4=2.25 (imp=0.358); cnes_leitos_total=288 (imp=0.00226); indice_pressao_proxy=37.8 (imp=0.0139),Manter rotina de desempenho da rede laboratorial.,Predito
QUERENCIA,2557.0,12.572222222222223,99.42291666666667,4.907638888888889,7.4534722222222225,0.3219257540603248,0.03130755064456722,0.16482504604051565,0.5469613259668509,0.1931951505670708,289.0,0.0,0.4751662104028158,gal_lacen_microdados,>=2024,SLA crise: baixa liberação ≤48h — priorizar liberação/triagem,0.2575,0.113,1.0,1.0,51.12,moderada,"indice_pressao_rede = 100 × clip( 0,30·volume_norm + 0,30·backlog_norm + 0,25·tat_p90_norm + 0,15·rejeicao_norm ; 0–1 ). volume_norm = exames/p95(exames); backlog_norm = backlog/max(exames,1) limitado a 1; tat_p90_norm = min(tat_p90/14, 2)/2; rejeicao_norm = min(pct_rejeitado/0,05, 2)/2.",gal_lacen_microdados,False,Observado,0.2768586387434555,151.14791666666676,0.0,1.0,0.0,False,estavel,False,0.0,2026.0,21.0,gal_weekly_vs_historico,Alerta de silêncio GAL (exames) — distinto do silêncio SINAN/territorial em municipios_silenciosos.,False,False,False,,,,,MONITORAMENTO,padrao,Acompanhar indicadores e reavaliar na próxima janela epidemiológica.,Vigilância municipal,próxima SE,1) Acompanhar indicadores; 2) Reavaliar na próxima janela epidemiológica,Derivado,0.3137,0.44999999999999996,False,moderada,backlog_estimado=234 (imp=0.229); tests_ma8=13.5 (imp=0.267); cnes_estabelecimentos=1.52e+03 (imp=0.00149); cnes_leitos_total=693 (imp=0.00226); tat_p90_dias=234 (imp=0.00364),Monitorar volume/TAT na próxima SE e revisar capacidade de liberação.,Predito
NOBRES,441.0,6.45,65.64444444444445,2.0131944444444443,1.5625,0.4833948339483395,0.24193548387096775,0.5096774193548387,0.6806451612903226,0.12018140589569161,140.0,0.0,0.4126984126984127,gal_lacen_microdados,>=2024,Rejeição elevada — capacitar coleta/envio de amostras,0.0444,0.3175,1.0,1.0,50.86,moderada,"indice_pressao_rede = 100 × clip( 0,30·volume_norm + 0,30·backlog_norm + 0,25·tat_p90_norm + 0,15·rejeicao_norm ; 0–1 ). volume_norm = exames/p95(exames); backlog_norm = backlog/max(exames,1) limitado a 1; tat_p90_norm = min(tat_p90/14, 2)/2; rejeicao_norm = min(pct_rejeitado/0,05, 2)/2.",gal_lacen_microdados,False,Observado,0.2768586387434555,151.14791666666676,0.0,2.0,0.0,False,estavel,False,0.0,2026.0,21.0,gal_weekly_vs_historico,Alerta de silêncio GAL (exames) — distinto do silêncio SINAN/territorial em municipios_silenciosos.,False,False,False,,,,,MONITORAMENTO,padrao,Acompanhar indicadores e reavaliar na próxima janela epidemiológica.,Vigilância municipal,próxima SE,1) Acompanhar indicadores; 2) Reavaliar na próxima janela epidemiológica,Derivado,0.2469,0.44999999999999996,False,baixa,backlog_estimado=93 (imp=0.229); cnes_leitos_total=955 (imp=0.00226); cnes_estabelecimentos=1.01e+03 (imp=0.00149); tests_ma4=3.25 (imp=0.358); indice_pressao_proxy=58.2 (imp=0.0139),Manter rotina de desempenho da rede laboratorial.,Predito
BRASNORTE,689.0,9.596527777777778,119.725625,6.221180555555556,3.3447916666666666,0.35406698564593303,0.14224137931034483,0.3728448275862069,0.5366379310344828,0.0899854862119013,169.0,0.0,0.37445573294629897,gal_lacen_microdados,>=2024,SLA crise: baixa liberação ≤48h — priorizar liberação/triagem,0.0694,0.2453,1.0,0.8999,47.94,moderada,"indice_pressao_rede = 100 × clip( 0,30·volume_norm + 0,30·backlog_norm + 0,25·tat_p90_norm + 0,15·rejeicao_norm ; 0–1 ). volume_norm = exames/p95(exames); backlog_norm = backlog/max(exames,1) limitado a 1; tat_p90_norm = min(tat_p90/14, 2)/2; rejeicao_norm = min(pct_rejeitado/0,05, 2)/2.",gal_lacen_microdados,False,Observado,0.2768586387434555,151.14791666666676,0.0,1.0,0.0,False,estavel,False,0.0,2026.0,21.0,gal_weekly_vs_historico,Alerta de silêncio GAL (exames) — distinto do silêncio SINAN/territorial em municipios_silenciosos.,False,False,False,,,,,MONITORAMENTO,padrao,Acompanhar indicadores e reavaliar na próxima janela epidemiológica.,Vigilância municipal,próxima SE,1) Acompanhar indicadores; 2) Reavaliar na próxima janela epidemiológica,Derivado,0.2321,0.44999999999999996,False,baixa,backlog_estimado=125 (imp=0.229); cnes_leitos_total=960 (imp=0.00226); cnes_estabelecimentos=1.06e+03 (imp=0.00149); tests_ma8=2.5 (imp=0.267); tests_ma4=1.75 (imp=0.358),Manter rotina de desempenho da rede laboratorial.,Predito
SAO JOSE DO RIO CLARO,388.0,7.416666666666667,92.475,2.9402777777777778,1.578472222222222,0.45643153526970953,0.19636363636363635,0.49454545454545457,0.610909090909091,0.08762886597938144,104.0,0.0,0.45618556701030927,gal_lacen_microdados,>=2024,Rejeição elevada — capacitar coleta/envio de amostras,0.0391,0.268,1.0,0.8763,47.36,moderada,"indice_pressao_rede = 100 × clip( 0,30·volume_norm + 0,30·backlog_norm + 0,25·tat_p90_norm + 0,15·rejeicao_norm ; 0–1 ). volume_norm = exames/p95(exames); backlog_norm = backlog/max(exames,1) limitado a 1; tat_p90_norm = min(tat_p90/14, 2)/2; rejeicao_norm = min(pct_rejeitado/0,05, 2)/2.",gal_lacen_microdados,False,Observado,0.2768586387434555,151.14791666666676,0.0,1.0,0.0,False,estavel,False,0.0,2026.0,21.0,gal_weekly_vs_historico,Alerta de silêncio GAL (exames) — distinto do silêncio SINAN/territorial em municipios_silenciosos.,False,False,False,,,,,MONITORAMENTO,padrao,Acompanhar indicadores e reavaliar na próxima janela epidemiológica.,Vigilância municipal,próxima SE,1) Acompanhar indicadores; 2) Reavaliar na próxima janela epidemiológica,Derivado,0.2341,0.44999999999999996,False,baixa,backlog_estimado=85 (imp=0.229); cnes_estabelecimentos=960 (imp=0.00149); cnes_leitos_total=528 (imp=0.00226); tat_p90_dias=208 (imp=0.00364); indice_pressao_proxy=53.5 (imp=0.0139),Manter rotina de desempenho da rede laboratorial.,Predito
ROSARIO OESTE,1154.0,7.3590277777777775,89.2684027777784,5.924305555555556,1.5729166666666667,0.35218508997429304,0.15748898678414097,0.4977973568281938,0.6960352422907489,0.05632582322357019,397.0,0.0,0.4584055459272097,gal_lacen_microdados,>=2024,SLA crise: baixa liberação ≤48h — priorizar liberação/triagem,0.1162,0.344,1.0,0.5633,47.26,moderada,"indice_pressao_rede = 100 × clip( 0,30·volume_norm + 0,30·backlog_norm + 0,25·tat_p90_norm + 0,15·rejeicao_norm ; 0–1 ). volume_norm = exames/p95(exames); backlog_norm = backlog/max(exames,1) limitado a 1; tat_p90_norm = min(tat_p90/14, 2)/2; rejeicao_norm = min(pct_rejeitado/0,05, 2)/2.",gal_lacen_microdados,False,Observado,0.2768586387434555,151.14791666666676,0.0,1.0,0.0,False,estavel,False,0.0,2026.0,21.0,gal_weekly_vs_historico,Alerta de silêncio GAL (exames) — distinto do silêncio SINAN/territorial em municipios_silenciosos.,False,False,False,,,,,MONITORAMENTO,padrao,Acompanhar indicadores e reavaliar na próxima janela epidemiológica.,Vigilância municipal,próxima SE,1) Acompanhar indicadores; 2) Reavaliar na próxima janela epidemiológica,Derivado,0.297,0.44999999999999996,False,moderada,backlog_estimado=368 (imp=0.229); cnes_leitos_total=2e+03 (imp=0.00226); tests_ma8=7.38 (imp=0.267); cnes_estabelecimentos=645 (imp=0.00149); indice_pressao_proxy=38.9 (imp=0.0139),Manter rotina de desempenho da rede laboratorial.,Predito
NOVA XAVANTINA,766.0,5.529166666666667,149.06166666666667,0.740625,1.6125,0.5909090909090909,0.26990291262135924,0.5514563106796116,0.6368932038834951,0.04569190600522193,328.0,0.0,0.42428198433420367,gal_lacen_microdados,>=2024,Backlog pendente relevante — priorizar liberação,0.0771,0.4282,1.0,0.4569,47.01,moderada,"indice_pressao_rede = 100 × clip( 0,30·volume_norm + 0,30·backlog_norm + 0,25·tat_p90_norm + 0,15·rejeicao_norm ; 0–1 ). volume_norm = exames/p95(exames); backlog_norm = backlog/max(exames,1) limitado a 1; tat_p90_norm = min(tat_p90/14, 2)/2; rejeicao_norm = min(pct_rejeitado/0,05, 2)/2.",gal_lacen_microdados,False,Observado,0.2768586387434555,151.14791666666676,0.0,2.0,0.0,False,estavel,False,0.0,2026.0,21.0,gal_weekly_vs_historico,Alerta de silêncio GAL (exames) — distinto do silêncio SINAN/territorial em municipios_silenciosos.,False,False,False,,,,,MONITORAMENTO,padrao,Acompanhar indicadores e reavaliar na próxima janela epidemiológica.,Vigilância municipal,próxima SE,1) Acompanhar indicadores; 2) Reavaliar na próxima janela epidemiológica,Derivado,0.2732,0.44999999999999996,False,moderada,backlog_estimado=287 (imp=0.229); cnes_leitos_total=1.28e+03 (imp=0.00226); cnes_estabelecimentos=1.11e+03 (imp=0.00149); tests_ma8=3.5 (imp=0.267); tests_ma4=1.75 (imp=0.358),Manter rotina de desempenho da rede laboratorial.,Predito
JANGADA,300.0,6.341666666666667,91.62430555555555,2.6458333333333335,1.6604166666666667,0.4494949494949495,0.17511520737327188,0.5345622119815668,0.6589861751152074,0.07333333333333333,99.0,0.0,0.44666666666666666,gal_lacen_microdados,>=2024,Rejeição elevada — capacitar coleta/envio de amostras,0.0302,0.33,1.0,0.7333,46.81,moderada,"indice_pressao_rede = 100 × clip( 0,30·volume_norm + 0,30·backlog_norm + 0,25·tat_p90_norm + 0,15·rejeicao_norm ; 0–1 ). volume_norm = exames/p95(exames); backlog_norm = backlog/max(exames,1) limitado a 1; tat_p90_norm = min(tat_p90/14, 2)/2; rejeicao_norm = min(pct_rejeitado/0,05, 2)/2.",gal_lacen_microdados,False,Observado,0.2768586387434555,151.14791666666676,,,,False,,,,,,,,True,False,False,,,,,MONITORAMENTO,padrao,Acompanhar indicadores e reavaliar na próxima janela epidemiológica.,Vigilância municipal,próxima SE,1) Acompanhar indicadores; 2) Reavaliar na próxima janela epidemiológica,Derivado,0.2127,0.44999999999999996,False,baixa,backlog_estimado=95 (imp=0.229); tests_ma4=2.25 (imp=0.358); tests_ma8=2.75 (imp=0.267); indice_pressao_proxy=41.6 (imp=0.0139); cnes_estabelecimentos=384 (imp=0.00149),Manter rotina de desempenho da rede laboratorial.,Predito
ITIQUIRA,136.0,5.559027777777778,139.18152777777897,1.167361111111111,1.5604166666666666,0.58,0.4090909090909091,0.5454545454545454,0.6636363636363637,0.03676470588235294,70.0,0.0,0.41911764705882354,gal_lacen_microdados,>=2024,Backlog pendente relevante — priorizar liberação,0.0137,0.5147,1.0,0.3676,46.37,moderada,"indice_pressao_rede = 100 × clip( 0,30·volume_norm + 0,30·backlog_norm + 0,25·tat_p90_norm + 0,15·rejeicao_norm ; 0–1 ). volume_norm = exames/p95(exames); backlog_norm = backlog/max(exames,1) limitado a 1; tat_p90_norm = min(tat_p90/14, 2)/2; rejeicao_norm = min(pct_rejeitado/0,05, 2)/2.",gal_lacen_microdados,False,Observado,0.2768586387434555,151.14791666666676,,,,False,,,,,,,,True,False,False,,,,,MONITORAMENTO,padrao,Acompanhar indicadores e reavaliar na próxima janela epidemiológica.,Vigilância municipal,próxima SE,1) Acompanhar indicadores; 2) Reavaliar na próxima janela epidemiológica,Derivado,0.1692,0.44999999999999996,False,baixa,backlog_estimado=43 (imp=0.229); cnes_leitos_total=888 (imp=0.00226); tests_ma4=3.25 (imp=0.358); tat_p90_dias=296 (imp=0.00364); cnes_estabelecimentos=692 (imp=0.00149),Manter rotina de desempenho da rede laboratorial.,Predito
NOVO MUNDO,309.0,14.327777777777778,122.42361111111111,3.0541666666666667,6.406944444444444,0.32275132275132273,0.05394190871369295,0.2572614107883817,0.49377593360995853,0.1423948220064725,52.0,0.0,0.459546925566343,gal_lacen_microdados,>=2024,SLA crise: baixa liberação ≤48h — priorizar liberação/triagem,0.0311,0.1683,1.0,1.0,45.98,moderada,"indice_pressao_rede = 100 × clip( 0,30·volume_norm + 0,30·backlog_norm + 0,25·tat_p90_norm + 0,15·rejeicao_norm ; 0–1 ). volume_norm = exames/p95(exames); backlog_norm = backlog/max(exames,1) limitado a 1; tat_p90_norm = min(tat_p90/14, 2)/2; rejeicao_norm = min(pct_rejeitado/0,05, 2)/2.",gal_lacen_microdados,False,Observado,0.2768586387434555,151.14791666666676,0.0,1.0,0.0,False,estavel,False,0.0,2026.0,21.0,gal_weekly_vs_historico,Alerta de silêncio GAL (exames) — distinto do silêncio SINAN/territorial em municipios_silenciosos.,True,False,False,,,,,MONITORAMENTO,padrao,Acompanhar indicadores e reavaliar na próxima janela epidemiológica.,Vigilância municipal,próxima SE,1) Acompanhar indicadores; 2) Reavaliar na próxima janela epidemiológica,Derivado,0.1694,0.44999999999999996,False,baixa,backlog_estimado=39 (imp=0.229); tests_ma4=2.5 (imp=0.358); tests_ma8=2.88 (imp=0.267); cnes_estabelecimentos=301 (imp=0.00149); indice_pressao_proxy=29.4 (imp=0.0139),Manter rotina de desempenho da rede laboratorial.,Predito
NOVA MARINGA,152.0,16.714583333333334,96.30388888888896,2.1899305555555557,5.538888888888889,0.4696969696969697,0.16161616161616163,0.26262626262626265,0.43434343434343436,0.046052631578947366,57.0,0.0,0.4868421052631579,gal_lacen_microdados,>=2024,TAT mediano elevado — revisar fluxo coleta→liberação,0.0153,0.375,1.0,0.4605,43.62,moderada,"indice_pressao_rede = 100 × clip( 0,30·volume_norm + 0,30·backlog_norm + 0,25·tat_p90_norm + 0,15·rejeicao_norm ; 0–1 ). volume_norm = exames/p95(exames); backlog_norm = backlog/max(exames,1) limitado a 1; tat_p90_norm = min(tat_p90/14, 2)/2; rejeicao_norm = min(pct_rejeitado/0,05, 2)/2.",gal_lacen_microdados,False,Observado,0.2768586387434555,151.14791666666676,0.0,1.0,0.0,False,estavel,False,0.0,2026.0,21.0,gal_weekly_vs_historico,Alerta de silêncio GAL (exames) — distinto do silêncio SINAN/territorial em municipios_silenciosos.,False,False,False,,,,,MONITORAMENTO,padrao,Acompanhar indicadores e reavaliar na próxima janela epidemiológica.,Vigilância municipal,próxima SE,1) Acompanhar indicadores; 2) Reavaliar na próxima janela epidemiológica,Derivado,0.15,0.44999999999999996,False,baixa,backlog_estimado=43 (imp=0.229); tests_ma8=3.25 (imp=0.267); tests_ma4=2 (imp=0.358); indice_pressao_proxy=46.4 (imp=0.0139); cnes_estabelecimentos=258 (imp=0.00149),Manter rotina de desempenho da rede laboratorial.,Predito
CAMPOS DE JULIO,415.0,17.471527777777776,92.56666666666666,10.781944444444445,3.517708333333333,0.29896907216494845,0.1838006230529595,0.3956386292834891,0.4392523364485981,0.05301204819277108,95.0,0.0,0.4891566265060241,gal_lacen_microdados,>=2024,SLA crise: baixa liberação ≤48h — priorizar liberação/triagem,0.0418,0.2289,1.0,0.5301,41.07,moderada,"indice_pressao_rede = 100 × clip( 0,30·volume_norm + 0,30·backlog_norm + 0,25·tat_p90_norm + 0,15·rejeicao_norm ; 0–1 ). volume_norm = exames/p95(exames); backlog_norm = backlog/max(exames,1) limitado a 1; tat_p90_norm = min(tat_p90/14, 2)/2; rejeicao_norm = min(pct_rejeitado/0,05, 2)/2.",gal_lacen_microdados,False,Observado,0.2768586387434555,151.14791666666676,0.0,1.0,0.0,False,estavel,False,0.0,2026.0,21.0,gal_weekly_vs_historico,Alerta de silêncio GAL (exames) — distinto do silêncio SINAN/territorial em municipios_silenciosos.,False,False,False,,,,,MONITORAMENTO,padrao,Acompanhar indicadores e reavaliar na próxima janela epidemiológica.,Vigilância municipal,próxima SE,1) Acompanhar indicadores; 2) Reavaliar na próxima janela epidemiológica,Derivado,0.181,0.44999999999999996,False,baixa,backlog_estimado=71 (imp=0.229); cnes_estabelecimentos=805 (imp=0.00149); cnes_leitos_total=408 (imp=0.00226); tests_ma8=2.25 (imp=0.267); indice_pressao_proxy=39.4 (imp=0.0139),Manter rotina de desempenho da rede laboratorial.,Predito
PORTO ESPERIDIAO,377.0,8.499305555555555,118.42291666666667,4.040625,2.39375,0.39351851851851855,0.21739130434782608,0.4384057971014493,0.5507246376811594,0.042440318302387266,99.0,0.0,0.5172413793103449,gal_lacen_microdados,>=2024,SLA crise: baixa liberação ≤48h — priorizar liberação/triagem,0.038,0.2626,1.0,0.4244,40.38,moderada,"indice_pressao_rede = 100 × clip( 0,30·volume_norm + 0,30·backlog_norm + 0,25·tat_p90_norm + 0,15·rejeicao_norm ; 0–1 ). volume_norm = exames/p95(exames); backlog_norm = backlog/max(exames,1) limitado a 1; tat_p90_norm = min(tat_p90/14, 2)/2; rejeicao_norm = min(pct_rejeitado/0,05, 2)/2.",gal_lacen_microdados,False,Observado,0.2768586387434555,151.14791666666676,0.0,2.0,0.0,False,estavel,False,0.0,2026.0,21.0,gal_weekly_vs_historico,Alerta de silêncio GAL (exames) — distinto do silêncio SINAN/territorial em municipios_silenciosos.,False,False,False,,,,,MONITORAMENTO,padrao,Acompanhar indicadores e reavaliar na próxima janela epidemiológica.,Vigilância municipal,próxima SE,1) Acompanhar indicadores; 2) Reavaliar na próxima janela epidemiológica,Derivado,0.204,0.44999999999999996,False,baixa,backlog_estimado=77 (imp=0.229); tests_ma4=2 (imp=0.358); tests_ma8=2.38 (imp=0.267); cnes_estabelecimentos=400 (imp=0.00149); indice_pressao_proxy=34.6 (imp=0.0139),Manter rotina de desempenho da rede laboratorial.,Predito
TABAPORA,607.0,14.682638888888889,86.63312499999996,6.0368055555555555,6.663541666666667,0.29945054945054944,0.16273584905660377,0.3089622641509434,0.4693396226415094,0.014827018121911038,164.0,0.0,0.40197693574958815,gal_lacen_microdados,>=2024,SLA crise: baixa liberação ≤48h — priorizar liberação/triagem,0.0611,0.2702,1.0,0.1483,37.16,moderada,"indice_pressao_rede = 100 × clip( 0,30·volume_norm + 0,30·backlog_norm + 0,25·tat_p90_norm + 0,15·rejeicao_norm ; 0–1 ). volume_norm = exames/p95(exames); backlog_norm = backlog/max(exames,1) limitado a 1; tat_p90_norm = min(tat_p90/14, 2)/2; rejeicao_norm = min(pct_rejeitado/0,05, 2)/2.",gal_lacen_microdados,False,Observado,0.2768586387434555,151.14791666666676,0.0,1.5,0.0,False,estavel,False,0.0,2026.0,21.0,gal_weekly_vs_historico,Alerta de silêncio GAL (exames) — distinto do silêncio SINAN/territorial em municipios_silenciosos.,False,False,False,,,,,MONITORAMENTO,padrao,Acompanhar indicadores e reavaliar na próxima janela epidemiológica.,Vigilância municipal,próxima SE,1) Acompanhar indicadores; 2) Reavaliar na próxima janela epidemiológica,Derivado,0.2545,0.44999999999999996,False,moderada,backlog_estimado=151 (imp=0.229); tests_ma4=6.25 (imp=0.358); tests_ma8=5.62 (imp=0.267); cnes_estabelecimentos=571 (imp=0.00149); cnes_leitos_total=342 (imp=0.00226),Manter rotina de desempenho da rede laboratorial.,Predito
APARECIDA DE GOIANIA,,,,,,,,,,,,,,,,,,,,,,,"indice_pressao_rede = 100 × clip( 0,30·volume_norm + 0,30·backlog_norm + 0,25·tat_p90_norm + 0,15·rejeicao_norm ; 0–1 ). volume_norm = exames/p95(exames); backlog_norm = backlog/max(exames,1) limitado a 1; tat_p90_norm = min(tat_p90/14, 2)/2; rejeicao_norm = min(pct_rejeitado/0,05, 2)/2.",,False,,,,0.0,1.0,0.0,False,estavel,False,0.0,2026.0,21.0,gal_weekly_vs_historico,Alerta de silêncio GAL (exames) — distinto do silêncio SINAN/territorial em municipios_silenciosos.,False,False,False,,,,,MONITORAMENTO,padrao,Acompanhar indicadores e reavaliar na próxima janela epidemiológica.,Vigilância municipal,próxima SE,1) Acompanhar indicadores; 2) Reavaliar na próxima janela epidemiológica,Derivado,0.1497,0.44999999999999996,False,baixa,tests_ma4=2.75 (imp=0.358); tests_ma8=2.38 (imp=0.267); indice_pressao_proxy=13.9 (imp=0.0139); tests_lag1=5 (imp=0.00821); tests_pct_estadual=0.31 (imp=0.0755),Manter rotina de desempenho da rede laboratorial.,Predito
ARACAS,,,,,,,,,,,,,,,,,,,,,,,"indice_pressao_rede = 100 × clip( 0,30·volume_norm + 0,30·backlog_norm + 0,25·tat_p90_norm + 0,15·rejeicao_norm ; 0–1 ). volume_norm = exames/p95(exames); backlog_norm = backlog/max(exames,1) limitado a 1; tat_p90_norm = min(tat_p90/14, 2)/2; rejeicao_norm = min(pct_rejeitado/0,05, 2)/2.",,False,,,,0.0,1.0,0.0,False,estavel,False,0.0,2026.0,21.0,gal_weekly_vs_historico,Alerta de silêncio GAL (exames) — distinto do silêncio SINAN/territorial em municipios_silenciosos.,False,False,False,,,,,MONITORAMENTO,padrao,Acompanhar indicadores e reavaliar na próxima janela epidemiológica.,Vigilância municipal,próxima SE,1) Acompanhar indicadores; 2) Reavaliar na próxima janela epidemiológica,Derivado,0.0181,0.44999999999999996,False,baixa,tests=1 (imp=0.0058); tests_lag1=nan (imp=0.00821); tests_ma4=nan (imp=0.358); tests_ma8=nan (imp=0.267); tests_trend=nan (imp=0.00934),Manter rotina de desempenho da rede laboratorial.,Predito
ARIQUEMES,,,,,,,,,,,,,,,,,,,,,,,"indice_pressao_rede = 100 × clip( 0,30·volume_norm + 0,30·backlog_norm + 0,25·tat_p90_norm + 0,15·rejeicao_norm ; 0–1 ). volume_norm = exames/p95(exames); backlog_norm = backlog/max(exames,1) limitado a 1; tat_p90_norm = min(tat_p90/14, 2)/2; rejeicao_norm = min(pct_rejeitado/0,05, 2)/2.",,False,,,,0.0,1.0,0.0,False,estavel,False,0.0,2026.0,21.0,gal_weekly_vs_historico,Alerta de silêncio GAL (exames) — distinto do silêncio SINAN/territorial em municipios_silenciosos.,False,False,False,,,,,MONITORAMENTO,padrao,Acompanhar indicadores e reavaliar na próxima janela epidemiológica.,Vigilância municipal,próxima SE,1) Acompanhar indicadores; 2) Reavaliar na próxima janela epidemiológica,Derivado,0.0304,0.44999999999999996,False,baixa,tests_ma8=1.38 (imp=0.267); tests_ma4=1 (imp=0.358); indice_pressao_proxy=17.1 (imp=0.0139); tests_pct_estadual=0.321 (imp=0.0755); tests_lag1=1 (imp=0.00821),Manter rotina de desempenho da rede laboratorial.,Predito
BARREIRAS,,,,,,,,,,,,,,,,,,,,,,,"indice_pressao_rede = 100 × clip( 0,30·volume_norm + 0,30·backlog_norm + 0,25·tat_p90_norm + 0,15·rejeicao_norm ; 0–1 ). volume_norm = exames/p95(exames); backlog_norm = backlog/max(exames,1) limitado a 1; tat_p90_norm = min(tat_p90/14, 2)/2; rejeicao_norm = min(pct_rejeitado/0,05, 2)/2.",,False,,,,0.0,1.0,0.0,False,estavel,False,0.0,2026.0,21.0,gal_weekly_vs_historico,Alerta de silêncio GAL (exames) — distinto do silêncio SINAN/territorial em municipios_silenciosos.,False,False,False,,,,,MONITORAMENTO,padrao,Acompanhar indicadores e reavaliar na próxima janela epidemiológica.,Vigilância municipal,próxima SE,1) Acompanhar indicadores; 2) Reavaliar na próxima janela epidemiológica,Derivado,0.0304,0.44999999999999996,False,baixa,tests_ma4=1.25 (imp=0.358); tests_ma8=1.4 (imp=0.267); indice_pressao_proxy=13.6 (imp=0.0139); tests_pct_estadual=0.25 (imp=0.0755); tests_lag1=1 (imp=0.00821),Manter rotina de desempenho da rede laboratorial.,Predito
BRASILIA,,,,,,,,,,,,,,,,,,,,,,,"indice_pressao_rede = 100 × clip( 0,30·volume_norm + 0,30·backlog_norm + 0,25·tat_p90_norm + 0,15·rejeicao_norm ; 0–1 ). volume_norm = exames/p95(exames); backlog_norm = backlog/max(exames,1) limitado a 1; tat_p90_norm = min(tat_p90/14, 2)/2; rejeicao_norm = min(pct_rejeitado/0,05, 2)/2.",,False,,,,0.0,1.0,0.0,False,estavel,False,0.0,2026.0,21.0,gal_weekly_vs_historico,Alerta de silêncio GAL (exames) — distinto do silêncio SINAN/territorial em municipios_silenciosos.,False,False,False,,,,,MONITORAMENTO,padrao,Acompanhar indicadores e reavaliar na próxima janela epidemiológica.,Vigilância municipal,próxima SE,1) Acompanhar indicadores; 2) Reavaliar na próxima janela epidemiológica,Derivado,0.1583,0.44999999999999996,False,baixa,tests_ma8=2 (imp=0.267); tests_ma4=1.25 (imp=0.358); indice_pressao_proxy=17.1 (imp=0.0139); tests_pct_estadual=0.321 (imp=0.0755); tests_lag1=2 (imp=0.00821),Manter rotina de desempenho da rede laboratorial.,Predito
CARMOLANDIA,,,,,,,,,,,,,,,,,,,,,,,"indice_pressao_rede = 100 × clip( 0,30·volume_norm + 0,30·backlog_norm + 0,25·tat_p90_norm + 0,15·rejeicao_norm ; 0–1 ). volume_norm = exames/p95(exames); backlog_norm = backlog/max(exames,1) limitado a 1; tat_p90_norm = min(tat_p90/14, 2)/2; rejeicao_norm = min(pct_rejeitado/0,05, 2)/2.",,False,,,,0.0,1.0,0.0,False,estavel,False,0.0,2026.0,21.0,gal_weekly_vs_historico,Alerta de silêncio GAL (exames) — distinto do silêncio SINAN/territorial em municipios_silenciosos.,False,False,False,,,,,MONITORAMENTO,padrao,Acompanhar indicadores e reavaliar na próxima janela epidemiológica.,Vigilância municipal,próxima SE,1) Acompanhar indicadores; 2) Reavaliar na próxima janela epidemiológica,Derivado,0.0282,0.44999999999999996,False,baixa,tests=1 (imp=0.0058); tests_lag1=nan (imp=0.00821); tests_ma4=nan (imp=0.358); tests_ma8=nan (imp=0.267); tests_trend=nan (imp=0.00934),Manter rotina de desempenho da rede laboratorial.,Predito
CASSILANDIA,,,,,,,,,,,,,,,,,,,,,,,"indice_pressao_rede = 100 × clip( 0,30·volume_norm + 0,30·backlog_norm + 0,25·tat_p90_norm + 0,15·rejeicao_norm ; 0–1 ). volume_norm = exames/p95(exames); backlog_norm = backlog/max(exames,1) limitado a 1; tat_p90_norm = min(tat_p90/14, 2)/2; rejeicao_norm = min(pct_rejeitado/0,05, 2)/2.",,False,,,,0.0,1.0,0.0,False,estavel,False,0.0,2026.0,21.0,gal_weekly_vs_historico,Alerta de silêncio GAL (exames) — distinto do silêncio SINAN/territorial em municipios_silenciosos.,False,False,False,,,,,MONITORAMENTO,padrao,Acompanhar indicadores e reavaliar na próxima janela epidemiológica.,Vigilância municipal,próxima SE,1) Acompanhar indicadores; 2) Reavaliar na próxima janela epidemiológica,Derivado,0.0282,0.44999999999999996,False,baixa,tests_ma4=1 (imp=0.358); tests_ma8=1 (imp=0.267); indice_pressao_proxy=17.1 (imp=0.0139); tests_pct_estadual=0.321 (imp=0.0755); tests_lag1=1 (imp=0.00821),Manter rotina de desempenho da rede laboratorial.,Predito
CURITIBA,,,,,,,,,,,,,,,,,,,,,,,"indice_pressao_rede = 100 × clip( 0,30·volume_norm + 0,30·backlog_norm + 0,25·tat_p90_norm + 0,15·rejeicao_norm ; 0–1 ). volume_norm = exames/p95(exames); backlog_norm = backlog/max(exames,1) limitado a 1; tat_p90_norm = min(tat_p90/14, 2)/2; rejeicao_norm = min(pct_rejeitado/0,05, 2)/2.",,False,,,,0.0,1.0,0.0,False,estavel,False,0.0,2026.0,21.0,gal_weekly_vs_historico,Alerta de silêncio GAL (exames) — distinto do silêncio SINAN/territorial em municipios_silenciosos.,False,False,False,,,,,MONITORAMENTO,padrao,Acompanhar indicadores e reavaliar na próxima janela epidemiológica.,Vigilância municipal,próxima SE,1) Acompanhar indicadores; 2) Reavaliar na próxima janela epidemiológica,Derivado,0.1672,0.44999999999999996,False,baixa,tests_ma4=3.25 (imp=0.358); tests_ma8=2.5 (imp=0.267); indice_pressao_proxy=13.9 (imp=0.0139); tests_lag1=7 (imp=0.00821); tests_pct_estadual=0.31 (imp=0.0755),Manter rotina de desempenho da rede laboratorial.,Predito
FIRMINOPOLIS,,,,,,,,,,,,,,,,,,,,,,,"indice_pressao_rede = 100 × clip( 0,30·volume_norm + 0,30·backlog_norm + 0,25·tat_p90_norm + 0,15·rejeicao_norm ; 0–1 ). volume_norm = exames/p95(exames); backlog_norm = backlog/max(exames,1) limitado a 1; tat_p90_norm = min(tat_p90/14, 2)/2; rejeicao_norm = min(pct_rejeitado/0,05, 2)/2.",,False,,,,0.0,1.0,0.0,False,estavel,False,0.0,2026.0,21.0,gal_weekly_vs_historico,Alerta de silêncio GAL (exames) — distinto do silêncio SINAN/territorial em municipios_silenciosos.,False,False,False,,,,,MONITORAMENTO,padrao,Acompanhar indicadores e reavaliar na próxima janela epidemiológica.,Vigilância municipal,próxima SE,1) Acompanhar indicadores; 2) Reavaliar na próxima janela epidemiológica,Derivado,0.0402,0.44999999999999996,False,baixa,tests_ma4=1 (imp=0.358); tests_ma8=1 (imp=0.267); indice_pressao_proxy=17.1 (imp=0.0139); tests_pct_estadual=0.321 (imp=0.0755); tests_lag1=1 (imp=0.00821),Manter rotina de desempenho da rede laboratorial.,Predito
FLORIANOPOLIS,,,,,,,,,,,,,,,,,,,,,,,"indice_pressao_rede = 100 × clip( 0,30·volume_norm + 0,30·backlog_norm + 0,25·tat_p90_norm + 0,15·rejeicao_norm ; 0–1 ). volume_norm = exames/p95(exames); backlog_norm = backlog/max(exames,1) limitado a 1; tat_p90_norm = min(tat_p90/14, 2)/2; rejeicao_norm = min(pct_rejeitado/0,05, 2)/2.",,False,,,,0.0,1.0,0.0,False,estavel,False,0.0,2026.0,21.0,gal_weekly_vs_historico,Alerta de silêncio GAL (exames) — distinto do silêncio SINAN/territorial em municipios_silenciosos.,False,False,False,,,,,MONITORAMENTO,padrao,Acompanhar indicadores e reavaliar na próxima janela epidemiológica.,Vigilância municipal,próxima SE,1) Acompanhar indicadores; 2) Reavaliar na próxima janela epidemiológica,Derivado,0.1411,0.44999999999999996,False,baixa,tests_ma4=2 (imp=0.358); tests_ma8=2.12 (imp=0.267); indice_pressao_proxy=14.9 (imp=0.0139); tests_pct_estadual=0.353 (imp=0.0755); tests_lag1=1 (imp=0.00821),Manter rotina de desempenho da rede laboratorial.,Predito
GUAIRA,,,,,,,,,,,,,,,,,,,,,,,"indice_pressao_rede = 100 × clip( 0,30·volume_norm + 0,30·backlog_norm + 0,25·tat_p90_norm + 0,15·rejeicao_norm ; 0–1 ). volume_norm = exames/p95(exames); backlog_norm = backlog/max(exames,1) limitado a 1; tat_p90_norm = min(tat_p90/14, 2)/2; rejeicao_norm = min(pct_rejeitado/0,05, 2)/2.",,False,,,,0.0,1.0,0.0,False,estavel,False,0.0,2026.0,21.0,gal_weekly_vs_historico,Alerta de silêncio GAL (exames) — distinto do silêncio SINAN/territorial em municipios_silenciosos.,False,False,False,,,,,MONITORAMENTO,padrao,Acompanhar indicadores e reavaliar na próxima janela epidemiológica.,Vigilância municipal,próxima SE,1) Acompanhar indicadores; 2) Reavaliar na próxima janela epidemiológica,Derivado,0.0293,0.44999999999999996,False,baixa,tests_ma4=1.25 (imp=0.358); tests_ma8=1.17 (imp=0.267); indice_pressao_proxy=17.1 (imp=0.0139); tests_pct_estadual=0.321 (imp=0.0755); tests_lag1=2 (imp=0.00821),Manter rotina de desempenho da rede laboratorial.,Predito
IPORA,,,,,,,,,,,,,,,,,,,,,,,"indice_pressao_rede = 100 × clip( 0,30·volume_norm + 0,30·backlog_norm + 0,25·tat_p90_norm + 0,15·rejeicao_norm ; 0–1 ). volume_norm = exames/p95(exames); backlog_norm = backlog/max(exames,1) limitado a 1; tat_p90_norm = min(tat_p90/14, 2)/2; rejeicao_norm = min(pct_rejeitado/0,05, 2)/2.",,False,,,,0.0,1.0,0.0,False,estavel,False,0.0,2026.0,21.0,gal_weekly_vs_historico,Alerta de silêncio GAL (exames) — distinto do silêncio SINAN/territorial em municipios_silenciosos.,False,False,False,,,,,MONITORAMENTO,padrao,Acompanhar indicadores e reavaliar na próxima janela epidemiológica.,Vigilância municipal,próxima SE,1) Acompanhar indicadores; 2) Reavaliar na próxima janela epidemiológica,Derivado,0.0304,0.44999999999999996,False,baixa,tests_ma8=1.62 (imp=0.267); tests_ma4=1 (imp=0.358); indice_pressao_proxy=18 (imp=0.0139); tests_pct_estadual=0.31 (imp=0.0755); tests_lag1=1 (imp=0.00821),Manter rotina de desempenho da rede laboratorial.,Predito
IPORA DO OESTE,,,,,,,,,,,,,,,,,,,,,,,"indice_pressao_rede = 100 × clip( 0,30·volume_norm + 0,30·backlog_norm + 0,25·tat_p90_norm + 0,15·rejeicao_norm ; 0–1 ). volume_norm = exames/p95(exames); backlog_norm = backlog/max(exames,1) limitado a 1; tat_p90_norm = min(tat_p90/14, 2)/2; rejeicao_norm = min(pct_rejeitado/0,05, 2)/2.",,False,,,,0.0,1.0,0.0,False,estavel,False,0.0,2026.0,21.0,gal_weekly_vs_historico,Alerta de silêncio GAL (exames) — distinto do silêncio SINAN/territorial em municipios_silenciosos.,False,False,False,,,,,MONITORAMENTO,padrao,Acompanhar indicadores e reavaliar na próxima janela epidemiológica.,Vigilância municipal,próxima SE,1) Acompanhar indicadores; 2) Reavaliar na próxima janela epidemiológica,Derivado,0.0282,0.44999999999999996,False,baixa,tests_ma4=1.67 (imp=0.358); tests_ma8=1.67 (imp=0.267); indice_pressao_proxy=13.9 (imp=0.0139); tests_pct_estadual=0.31 (imp=0.0755); tests_lag1=1 (imp=0.00821),Manter rotina de desempenho da rede laboratorial.,Predito
ITAITUBA,,,,,,,,,,,,,,,,,,,,,,,"indice_pressao_rede = 100 × clip( 0,30·volume_norm + 0,30·backlog_norm + 0,25·tat_p90_norm + 0,15·rejeicao_norm ; 0–1 ). volume_norm = exames/p95(exames); backlog_norm = backlog/max(exames,1) limitado a 1; tat_p90_norm = min(tat_p90/14, 2)/2; rejeicao_norm = min(pct_rejeitado/0,05, 2)/2.",,False,,,,0.0,2.0,0.0,False,estavel,False,0.0,2026.0,21.0,gal_weekly_vs_historico,Alerta de silêncio GAL (exames) — distinto do silêncio SINAN/territorial em municipios_silenciosos.,False,False,False,,,,,MONITORAMENTO,padrao,Acompanhar indicadores e reavaliar na próxima janela epidemiológica.,Vigilância municipal,próxima SE,1) Acompanhar indicadores; 2) Reavaliar na próxima janela epidemiológica,Derivado,0.1516,0.44999999999999996,False,baixa,tests_ma4=2.25 (imp=0.358); tests_ma8=2.75 (imp=0.267); indice_pressao_proxy=11.8 (imp=0.0139); tests_pct_estadual=0.705 (imp=0.0755); tests_lag1=2 (imp=0.00821),Manter rotina de desempenho da rede laboratorial.,Predito
JACOBINA,,,,,,,,,,,,,,,,,,,,,,,"indice_pressao_rede = 100 × clip( 0,30·volume_norm + 0,30·backlog_norm + 0,25·tat_p90_norm + 0,15·rejeicao_norm ; 0–1 ). volume_norm = exames/p95(exames); backlog_norm = backlog/max(exames,1) limitado a 1; tat_p90_norm = min(tat_p90/14, 2)/2; rejeicao_norm = min(pct_rejeitado/0,05, 2)/2.",,False,,,,0.0,1.0,0.0,False,estavel,False,0.0,2026.0,21.0,gal_weekly_vs_historico,Alerta de silêncio GAL (exames) — distinto do silêncio SINAN/territorial em municipios_silenciosos.,False,False,False,,,,,MONITORAMENTO,padrao,Acompanhar indicadores e reavaliar na próxima janela epidemiológica.,Vigilância municipal,próxima SE,1) Acompanhar indicadores; 2) Reavaliar na próxima janela epidemiológica,Derivado,0.0282,0.44999999999999996,False,baixa,tests=1 (imp=0.0058); tests_lag1=nan (imp=0.00821); tests_ma4=nan (imp=0.358); tests_ma8=nan (imp=0.267); tests_trend=nan (imp=0.00934),Manter rotina de desempenho da rede laboratorial.,Predito
JACUNDA,,,,,,,,,,,,,,,,,,,,,,,"indice_pressao_rede = 100 × clip( 0,30·volume_norm + 0,30·backlog_norm + 0,25·tat_p90_norm + 0,15·rejeicao_norm ; 0–1 ). volume_norm = exames/p95(exames); backlog_norm = backlog/max(exames,1) limitado a 1; tat_p90_norm = min(tat_p90/14, 2)/2; rejeicao_norm = min(pct_rejeitado/0,05, 2)/2.",,False,,,,0.0,1.0,0.0,False,estavel,False,0.0,2026.0,21.0,gal_weekly_vs_historico,Alerta de silêncio GAL (exames) — distinto do silêncio SINAN/territorial em municipios_silenciosos.,False,False,False,,,,,MONITORAMENTO,padrao,Acompanhar indicadores e reavaliar na próxima janela epidemiológica.,Vigilância municipal,próxima SE,1) Acompanhar indicadores; 2) Reavaliar na próxima janela epidemiológica,Derivado,0.0282,0.44999999999999996,False,baixa,tests=1 (imp=0.0058); tests_lag1=nan (imp=0.00821); tests_ma4=nan (imp=0.358); tests_ma8=nan (imp=0.267); tests_trend=nan (imp=0.00934),Manter rotina de desempenho da rede laboratorial.,Predito
JURUTI,,,,,,,,,,,,,,,,,,,,,,,"indice_pressao_rede = 100 × clip( 0,30·volume_norm + 0,30·backlog_norm + 0,25·tat_p90_norm + 0,15·rejeicao_norm ; 0–1 ). volume_norm = exames/p95(exames); backlog_norm = backlog/max(exames,1) limitado a 1; tat_p90_norm = min(tat_p90/14, 2)/2; rejeicao_norm = min(pct_rejeitado/0,05, 2)/2.",,False,,,,0.0,1.0,0.0,False,estavel,False,0.0,2026.0,21.0,gal_weekly_vs_historico,Alerta de silêncio GAL (exames) — distinto do silêncio SINAN/territorial em municipios_silenciosos.,False,False,False,,,,,MONITORAMENTO,padrao,Acompanhar indicadores e reavaliar na próxima janela epidemiológica.,Vigilância municipal,próxima SE,1) Acompanhar indicadores; 2) Reavaliar na próxima janela epidemiológica,Derivado,0.0293,0.44999999999999996,False,baixa,tests_ma4=2 (imp=0.358); indice_pressao_proxy=16.4 (imp=0.0139); tests_lag1=3 (imp=0.00821); tests_pct_estadual=0.324 (imp=0.0755); tests=1 (imp=0.0058),Manter rotina de desempenho da rede laboratorial.,Predito
MINEIROS,,,,,,,,,,,,,,,,,,,,,,,"indice_pressao_rede = 100 × clip( 0,30·volume_norm + 0,30·backlog_norm + 0,25·tat_p90_norm + 0,15·rejeicao_norm ; 0–1 ). volume_norm = exames/p95(exames); backlog_norm = backlog/max(exames,1) limitado a 1; tat_p90_norm = min(tat_p90/14, 2)/2; rejeicao_norm = min(pct_rejeitado/0,05, 2)/2.",,False,,,,0.0,1.0,0.0,False,estavel,False,0.0,2026.0,21.0,gal_weekly_vs_historico,Alerta de silêncio GAL (exames) — distinto do silêncio SINAN/territorial em municipios_silenciosos.,False,False,False,,,,,MONITORAMENTO,padrao,Acompanhar indicadores e reavaliar na próxima janela epidemiológica.,Vigilância municipal,próxima SE,1) Acompanhar indicadores; 2) Reavaliar na próxima janela epidemiológica,Derivado,0.021,0.44999999999999996,False,baixa,tests_ma4=1.25 (imp=0.358); tests_ma8=1.62 (imp=0.267); indice_pressao_proxy=11.6 (imp=0.0139); tests_pct_estadual=0.265 (imp=0.0755); tests_lag1=1 (imp=0.00821),Manter rotina de desempenho da rede laboratorial.,Predito
MIRASSOL D''OESTE,,,,,,,,,,,,,,,,,,,,,,,"indice_pressao_rede = 100 × clip( 0,30·volume_norm + 0,30·backlog_norm + 0,25·tat_p90_norm + 0,15·rejeicao_norm ; 0–1 ). volume_norm = exames/p95(exames); backlog_norm = backlog/max(exames,1) limitado a 1; tat_p90_norm = min(tat_p90/14, 2)/2; rejeicao_norm = min(pct_rejeitado/0,05, 2)/2.",,False,,,,0.0,1.0,0.0,False,estavel,False,0.0,2026.0,21.0,gal_weekly_vs_historico,Alerta de silêncio GAL (exames) — distinto do silêncio SINAN/territorial em municipios_silenciosos.,False,False,False,,,,,MONITORAMENTO,padrao,Acompanhar indicadores e reavaliar na próxima janela epidemiológica.,Vigilância municipal,próxima SE,1) Acompanhar indicadores; 2) Reavaliar na próxima janela epidemiológica,Derivado,0.2124,0.44999999999999996,False,baixa,tests_ma8=8.25 (imp=0.267); tests_ma4=1 (imp=0.358); indice_pressao_proxy=14.9 (imp=0.0139); tests_trend=-7.25 (imp=0.00934); tests_pct_estadual=0.353 (imp=0.0755),Manter rotina de desempenho da rede laboratorial.,Predito
PACARAIMA,,,,,,,,,,,,,,,,,,,,,,,"indice_pressao_rede = 100 × clip( 0,30·volume_norm + 0,30·backlog_norm + 0,25·tat_p90_norm + 0,15·rejeicao_norm ; 0–1 ). volume_norm = exames/p95(exames); backlog_norm = backlog/max(exames,1) limitado a 1; tat_p90_norm = min(tat_p90/14, 2)/2; rejeicao_norm = min(pct_rejeitado/0,05, 2)/2.",,False,,,,0.0,1.0,0.0,False,estavel,False,0.0,2026.0,21.0,gal_weekly_vs_historico,Alerta de silêncio GAL (exames) — distinto do silêncio SINAN/territorial em municipios_silenciosos.,False,False,False,,,,,MONITORAMENTO,padrao,Acompanhar indicadores e reavaliar na próxima janela epidemiológica.,Vigilância municipal,próxima SE,1) Acompanhar indicadores; 2) Reavaliar na próxima janela epidemiológica,Derivado,0.1659,0.44999999999999996,False,baixa,tests_ma4=7.25 (imp=0.358); tests_ma8=6 (imp=0.267); indice_pressao_proxy=13.6 (imp=0.0139); tests_pct_estadual=0.25 (imp=0.0755); tests_trend=1.25 (imp=0.00934),Manter rotina de desempenho da rede laboratorial.,Predito
PARAGOMINAS,,,,,,,,,,,,,,,,,,,,,,,"indice_pressao_rede = 100 × clip( 0,30·volume_norm + 0,30·backlog_norm + 0,25·tat_p90_norm + 0,15·rejeicao_norm ; 0–1 ). volume_norm = exames/p95(exames); backlog_norm = backlog/max(exames,1) limitado a 1; tat_p90_norm = min(tat_p90/14, 2)/2; rejeicao_norm = min(pct_rejeitado/0,05, 2)/2.",,False,,,,0.0,1.0,0.0,False,estavel,False,0.0,2026.0,21.0,gal_weekly_vs_historico,Alerta de silêncio GAL (exames) — distinto do silêncio SINAN/territorial em municipios_silenciosos.,False,False,False,,,,,MONITORAMENTO,padrao,Acompanhar indicadores e reavaliar na próxima janela epidemiológica.,Vigilância municipal,próxima SE,1) Acompanhar indicadores; 2) Reavaliar na próxima janela epidemiológica,Derivado,0.0304,0.44999999999999996,False,baixa,tests_ma4=1.5 (imp=0.358); tests_ma8=1.75 (imp=0.267); indice_pressao_proxy=13.6 (imp=0.0139); tests_pct_estadual=0.25 (imp=0.0755); tests_lag1=1 (imp=0.00821),Manter rotina de desempenho da rede laboratorial.,Predito
PIMENTA BUENO,,,,,,,,,,,,,,,,,,,,,,,"indice_pressao_rede = 100 × clip( 0,30·volume_norm + 0,30·backlog_norm + 0,25·tat_p90_norm + 0,15·rejeicao_norm ; 0–1 ). volume_norm = exames/p95(exames); backlog_norm = backlog/max(exames,1) limitado a 1; tat_p90_norm = min(tat_p90/14, 2)/2; rejeicao_norm = min(pct_rejeitado/0,05, 2)/2.",,False,,,,0.0,1.0,0.0,False,estavel,False,0.0,2026.0,21.0,gal_weekly_vs_historico,Alerta de silêncio GAL (exames) — distinto do silêncio SINAN/territorial em municipios_silenciosos.,False,False,False,,,,,MONITORAMENTO,padrao,Acompanhar indicadores e reavaliar na próxima janela epidemiológica.,Vigilância municipal,próxima SE,1) Acompanhar indicadores; 2) Reavaliar na próxima janela epidemiológica,Derivado,0.0304,0.44999999999999996,False,baixa,tests_ma4=1 (imp=0.358); tests_ma8=1.25 (imp=0.267); indice_pressao_proxy=16.4 (imp=0.0139); tests_pct_estadual=0.324 (imp=0.0755); tests_lag1=1 (imp=0.00821),Manter rotina de desempenho da rede laboratorial.,Predito
QUIRINOPOLIS,,,,,,,,,,,,,,,,,,,,,,,"indice_pressao_rede = 100 × clip( 0,30·volume_norm + 0,30·backlog_norm + 0,25·tat_p90_norm + 0,15·rejeicao_norm ; 0–1 ). volume_norm = exames/p95(exames); backlog_norm = backlog/max(exames,1) limitado a 1; tat_p90_norm = min(tat_p90/14, 2)/2; rejeicao_norm = min(pct_rejeitado/0,05, 2)/2.",,False,,,,0.0,1.0,0.0,False,estavel,False,0.0,2026.0,21.0,gal_weekly_vs_historico,Alerta de silêncio GAL (exames) — distinto do silêncio SINAN/territorial em municipios_silenciosos.,False,False,False,,,,,MONITORAMENTO,padrao,Acompanhar indicadores e reavaliar na próxima janela epidemiológica.,Vigilância municipal,próxima SE,1) Acompanhar indicadores; 2) Reavaliar na próxima janela epidemiológica,Derivado,0.1393,0.44999999999999996,False,baixa,tests_ma4=1.5 (imp=0.358); tests_ma8=2 (imp=0.267); indice_pressao_proxy=17.1 (imp=0.0139); tests_lag1=3 (imp=0.00821); tests_pct_estadual=0.321 (imp=0.0755),Manter rotina de desempenho da rede laboratorial.,Predito
REDENCAO,,,,,,,,,,,,,,,,,,,,,,,"indice_pressao_rede = 100 × clip( 0,30·volume_norm + 0,30·backlog_norm + 0,25·tat_p90_norm + 0,15·rejeicao_norm ; 0–1 ). volume_norm = exames/p95(exames); backlog_norm = backlog/max(exames,1) limitado a 1; tat_p90_norm = min(tat_p90/14, 2)/2; rejeicao_norm = min(pct_rejeitado/0,05, 2)/2.",,False,,,,0.0,1.0,0.0,False,estavel,False,0.0,2026.0,21.0,gal_weekly_vs_historico,Alerta de silêncio GAL (exames) — distinto do silêncio SINAN/territorial em municipios_silenciosos.,False,False,False,,,,,MONITORAMENTO,padrao,Acompanhar indicadores e reavaliar na próxima janela epidemiológica.,Vigilância municipal,próxima SE,1) Acompanhar indicadores; 2) Reavaliar na próxima janela epidemiológica,Derivado,0.021,0.44999999999999996,False,baixa,tests_ma4=1.75 (imp=0.358); tests_ma8=1.88 (imp=0.267); indice_pressao_proxy=11.6 (imp=0.0139); tests_pct_estadual=0.265 (imp=0.0755); tests_lag1=1 (imp=0.00821),Manter rotina de desempenho da rede laboratorial.,Predito
RIO BRILHANTE,,,,,,,,,,,,,,,,,,,,,,,"indice_pressao_rede = 100 × clip( 0,30·volume_norm + 0,30·backlog_norm + 0,25·tat_p90_norm + 0,15·rejeicao_norm ; 0–1 ). volume_norm = exames/p95(exames); backlog_norm = backlog/max(exames,1) limitado a 1; tat_p90_norm = min(tat_p90/14, 2)/2; rejeicao_norm = min(pct_rejeitado/0,05, 2)/2.",,False,,,,0.0,1.0,0.0,False,estavel,False,0.0,2026.0,21.0,gal_weekly_vs_historico,Alerta de silêncio GAL (exames) — distinto do silêncio SINAN/territorial em municipios_silenciosos.,False,False,False,,,,,MONITORAMENTO,padrao,Acompanhar indicadores e reavaliar na próxima janela epidemiológica.,Vigilância municipal,próxima SE,1) Acompanhar indicadores; 2) Reavaliar na próxima janela epidemiológica,Derivado,0.0196,0.44999999999999996,False,baixa,tests_ma4=1.5 (imp=0.358); tests_ma8=1.88 (imp=0.267); indice_pressao_proxy=10.9 (imp=0.0139); tests_pct_estadual=0.318 (imp=0.0755); tests_lag1=1 (imp=0.00821),Manter rotina de desempenho da rede laboratorial.,Predito
RIO DE JANEIRO,,,,,,,,,,,,,,,,,,,,,,,"indice_pressao_rede = 100 × clip( 0,30·volume_norm + 0,30·backlog_norm + 0,25·tat_p90_norm + 0,15·rejeicao_norm ; 0–1 ). volume_norm = exames/p95(exames); backlog_norm = backlog/max(exames,1) limitado a 1; tat_p90_norm = min(tat_p90/14, 2)/2; rejeicao_norm = min(pct_rejeitado/0,05, 2)/2.",,False,,,,0.0,1.0,0.0,False,estavel,False,0.0,2026.0,21.0,gal_weekly_vs_historico,Alerta de silêncio GAL (exames) — distinto do silêncio SINAN/territorial em municipios_silenciosos.,False,False,False,,,,,MONITORAMENTO,padrao,Acompanhar indicadores e reavaliar na próxima janela epidemiológica.,Vigilância municipal,próxima SE,1) Acompanhar indicadores; 2) Reavaliar na próxima janela epidemiológica,Derivado,0.0196,0.44999999999999996,False,baixa,tests_ma4=2.25 (imp=0.358); tests_ma8=1.88 (imp=0.267); indice_pressao_proxy=10.9 (imp=0.0139); tests_pct_estadual=0.318 (imp=0.0755); tests_lag1=1 (imp=0.00821),Manter rotina de desempenho da rede laboratorial.,Predito
SAO GONCALO DO AMARANTE,,,,,,,,,,,,,,,,,,,,,,,"indice_pressao_rede = 100 × clip( 0,30·volume_norm + 0,30·backlog_norm + 0,25·tat_p90_norm + 0,15·rejeicao_norm ; 0–1 ). volume_norm = exames/p95(exames); backlog_norm = backlog/max(exames,1) limitado a 1; tat_p90_norm = min(tat_p90/14, 2)/2; rejeicao_norm = min(pct_rejeitado/0,05, 2)/2.",,False,,,,0.0,1.0,0.0,False,estavel,False,0.0,2026.0,21.0,gal_weekly_vs_historico,Alerta de silêncio GAL (exames) — distinto do silêncio SINAN/territorial em municipios_silenciosos.,False,False,False,,,,,MONITORAMENTO,padrao,Acompanhar indicadores e reavaliar na próxima janela epidemiológica.,Vigilância municipal,próxima SE,1) Acompanhar indicadores; 2) Reavaliar na próxima janela epidemiológica,Derivado,0.0188,0.44999999999999996,False,baixa,tests_ma4=1.5 (imp=0.358); indice_pressao_proxy=10.9 (imp=0.0139); tests_pct_estadual=0.318 (imp=0.0755); tests_lag1=2 (imp=0.00821); tests=1 (imp=0.0058),Manter rotina de desempenho da rede laboratorial.,Predito
SAO JOSE,,,,,,,,,,,,,,,,,,,,,,,"indice_pressao_rede = 100 × clip( 0,30·volume_norm + 0,30·backlog_norm + 0,25·tat_p90_norm + 0,15·rejeicao_norm ; 0–1 ). volume_norm = exames/p95(exames); backlog_norm = backlog/max(exames,1) limitado a 1; tat_p90_norm = min(tat_p90/14, 2)/2; rejeicao_norm = min(pct_rejeitado/0,05, 2)/2.",,False,,,,0.0,1.0,0.0,False,estavel,False,0.0,2026.0,21.0,gal_weekly_vs_historico,Alerta de silêncio GAL (exames) — distinto do silêncio SINAN/territorial em municipios_silenciosos.,False,False,False,,,,,MONITORAMENTO,padrao,Acompanhar indicadores e reavaliar na próxima janela epidemiológica.,Vigilância municipal,próxima SE,1) Acompanhar indicadores; 2) Reavaliar na próxima janela epidemiológica,Derivado,0.0293,0.44999999999999996,False,baixa,tests_ma4=1.5 (imp=0.358); indice_pressao_proxy=13.9 (imp=0.0139); tests_pct_estadual=0.31 (imp=0.0755); tests_lag1=2 (imp=0.00821); tests=1 (imp=0.0058),Manter rotina de desempenho da rede laboratorial.,Predito
SAO JOSE DOS CAMPOS,,,,,,,,,,,,,,,,,,,,,,,"indice_pressao_rede = 100 × clip( 0,30·volume_norm + 0,30·backlog_norm + 0,25·tat_p90_norm + 0,15·rejeicao_norm ; 0–1 ). volume_norm = exames/p95(exames); backlog_norm = backlog/max(exames,1) limitado a 1; tat_p90_norm = min(tat_p90/14, 2)/2; rejeicao_norm = min(pct_rejeitado/0,05, 2)/2.",,False,,,,0.0,1.0,0.0,False,estavel,False,0.0,2026.0,21.0,gal_weekly_vs_historico,Alerta de silêncio GAL (exames) — distinto do silêncio SINAN/territorial em municipios_silenciosos.,False,False,False,,,,,MONITORAMENTO,padrao,Acompanhar indicadores e reavaliar na próxima janela epidemiológica.,Vigilância municipal,próxima SE,1) Acompanhar indicadores; 2) Reavaliar na próxima janela epidemiológica,Derivado,0.0293,0.44999999999999996,False,baixa,tests_ma4=1.33 (imp=0.358); tests_ma8=1.33 (imp=0.267); indice_pressao_proxy=14.9 (imp=0.0139); tests_pct_estadual=0.353 (imp=0.0755); tests_lag1=2 (imp=0.00821),Manter rotina de desempenho da rede laboratorial.,Predito
VILHENA,,,,,,,,,,,,,,,,,,,,,,,"indice_pressao_rede = 100 × clip( 0,30·volume_norm + 0,30·backlog_norm + 0,25·tat_p90_norm + 0,15·rejeicao_norm ; 0–1 ). volume_norm = exames/p95(exames); backlog_norm = backlog/max(exames,1) limitado a 1; tat_p90_norm = min(tat_p90/14, 2)/2; rejeicao_norm = min(pct_rejeitado/0,05, 2)/2.",,False,,,,0.0,1.0,0.0,False,estavel,False,0.0,2026.0,21.0,gal_weekly_vs_historico,Alerta de silêncio GAL (exames) — distinto do silêncio SINAN/territorial em municipios_silenciosos.,False,False,False,,,,,MONITORAMENTO,padrao,Acompanhar indicadores e reavaliar na próxima janela epidemiológica.,Vigilância municipal,próxima SE,1) Acompanhar indicadores; 2) Reavaliar na próxima janela epidemiológica,Derivado,0.1494,0.44999999999999996,False,baixa,tests_ma4=3.25 (imp=0.358); tests_ma8=3.38 (imp=0.267); indice_pressao_proxy=14.9 (imp=0.0139); tests_lag1=4 (imp=0.00821); tests_pct_estadual=0.353 (imp=0.0755),Manter rotina de desempenho da rede laboratorial.,Predito
