target,municipio,semanas,testes,positivos,notificacoes,obitos,positividade_media,incidencia_media_100k,risco_max
anaplasmose_pesquisa_de_arbov_rus_zdc,SORRISO,6,7,0,0.0,0.0,0.0,0.0,0.5590169943749473
arenav_rus_adenov_rus,ARAPUTANGA,1,1,0,0.0,0.0,0.0,0.0,0.0
arenav_rus_arbov_rus,TANGARA DA SERRA,1,1,0,0.0,0.0,0.0,0.0,0.0
arenav_rus_arenav_rus,CURVELANDIA,1,1,0,0.0,0.0,0.0,0.0,0.0
arenav_rus_arenav_rus,SAO PEDRO DA CIPA,1,1,0,0.0,0.0,0.0,,0.02677016821509017
arenav_rus_arenav_rus,VARZEA GRANDE,1,1,0,0.0,0.0,0.0,0.0,0.0
arenav_rus_parvov_rus_b19_igg,ARAPUTANGA,1,1,0,0.0,0.0,0.0,0.0,0.0
arenav_rus_parvov_rus_b19_igm,ARAPUTANGA,1,1,0,0.0,0.0,0.0,0.0,0.0
arenav_rus_pesquisa_de_arbov_rus_zdc,CURVELANDIA,2,2,0,0.0,0.0,0.0,0.0,0.0
arenav_rus_pesquisa_de_arbov_rus_zdc,TANGARA DA SERRA,1,1,0,0.0,0.0,0.0,0.0,0.0
arenav_rus_pesquisa_de_arbov_rus_zdc,VARZEA GRANDE,1,1,0,0.0,0.0,0.0,0.0,0.0
arenav_rus_rub_ola_igg,TANGARA DA SERRA,1,1,0,0.0,0.0,0.0,0.0,0.0
arenav_rus_rub_ola_igm,TANGARA DA SERRA,1,1,0,0.0,0.0,0.0,0.0,0.0
arenav_rus_sarampo_igg,TANGARA DA SERRA,1,1,0,0.0,0.0,0.0,0.0,0.0
arenav_rus_sarampo_igm,TANGARA DA SERRA,1,1,0,0.0,0.0,0.0,0.0,0.0
arenav_rus_v_rus_respirat_rios,NOVA MUTUM,1,4,0,0.0,0.0,0.0,0.0,0.0
arenav_rus_v_rus_respirat_rios,SAO PEDRO DA CIPA,1,1,0,0.0,0.0,0.0,,0.02677016821509017
arenav_rus_v_rus_respirat_rios,VARZEA GRANDE,1,1,0,0.0,0.0,0.0,,0.0
aspergilose,BARAO DE MELGACO,1,1,0,0.0,0.0,0.0,0.0,0.5
aspergilose,CASCAVEL,1,1,0,0.0,0.0,0.0,,0.0
aspergilose,COLIDER,1,1,0,0.0,0.0,0.0,0.0,0.0
aspergilose,JANGADA,1,1,0,0.0,0.0,0.0,0.0,0.056065913569820006
aspergilose,PARANAITA,1,1,0,0.0,0.0,0.0,0.0,0.0
aspergilose,SINOP,2,2,0,0.0,0.0,0.0,0.0,0.0
aspergilose_aspergilose,CACERES,1,1,0,0.0,0.0,0.0,0.0,0.01077642877252243
aspergilose_aspergilose,CUIABA,1,2,0,0.0,0.0,0.0,0.0,0.0
aspergilose_aspergilose,FELIZ NATAL,1,1,0,0.0,0.0,0.0,0.0,0.0
aspergilose_aspergilose,INDIAVAI,1,1,0,0.0,0.0,0.0,0.0,0.02767690737612621
aspergilose_aspergilose,IPORA DO OESTE,1,1,0,0.0,0.0,0.0,,0.0
aspergilose_aspergilose,VARZEA GRANDE,1,1,0,0.0,0.0,0.0,0.0,0.0
aspergilose_aspergilose,VERA,1,1,0,0.0,0.0,0.0,0.0,0.0
aspergilose_bact_rias_cultura,VARZEA GRANDE,1,1,0,0.0,0.0,0.0,0.0,0.0
aspergilose_bact_rias_teste_de_sensibilidade,VARZEA GRANDE,1,1,0,0.0,0.0,0.0,0.0,0.0
aspergilose_cultura_para_fungos,CACERES,1,1,0,0.0,0.0,0.0,0.0,0.01077642877252243
aspergilose_cultura_para_fungos,CUIABA,1,1,0,0.0,0.0,0.0,0.0,0.0
aspergilose_cultura_para_fungos,FELIZ NATAL,1,1,0,0.0,0.0,0.0,0.0,0.0
aspergilose_cultura_para_fungos,NOVA MARINGA,1,1,0,0.0,0.0,0.0,,0.025659294059684753
aspergilose_cultura_para_fungos,SORRISO,1,1,0,0.0,0.0,0.0,0.0,0.0
aspergilose_cultura_para_fungos,VARZEA GRANDE,1,1,0,0.0,0.0,0.0,0.0,0.0
aspergilose_fungos,CUIABA,1,1,0,0.0,0.0,0.0,0.0,0.0
aspergilose_fungos,NOVA MARINGA,1,1,0,0.0,0.0,0.0,,0.025659294059684753
aspergilose_fungos,SORRISO,1,1,0,0.0,0.0,0.0,0.0,0.0
aspergilose_fungos,VARZEA GRANDE,1,1,0,0.0,0.0,0.0,0.0,0.0
aspergilose_fungos_teste_de_sensibilidade,CACERES,1,2,0,0.0,0.0,0.0,0.0,0.01077642877252243
aspergilose_fungos_teste_de_sensibilidade,CUIABA,1,1,0,0.0,0.0,0.0,0.0,0.0
aspergilose_fungos_teste_de_sensibilidade,NOVA MARINGA,1,1,0,0.0,0.0,0.0,,0.025659294059684753
aspergilose_fungos_teste_de_sensibilidade,SORRISO,1,1,0,0.0,0.0,0.0,0.0,0.0
aspergilose_fungos_teste_de_sensibilidade,VARZEA GRANDE,1,2,0,0.0,0.0,0.0,0.0,0.0
aspergilose_histoplasmose,FELIZ NATAL,1,1,0,0.0,0.0,0.0,0.0,0.0
aspergilose_histoplasmose,INDIAVAI,1,1,0,0.0,0.0,0.0,0.0,0.02767690737612621
aspergilose_histoplasmose,IPORA DO OESTE,1,1,0,0.0,0.0,0.0,,0.0
aspergilose_histoplasmose,VERA,1,1,0,0.0,0.0,0.0,0.0,0.0
aspergilose_paracoccidioidomicose,INDIAVAI,1,1,0,0.0,0.0,0.0,0.0,0.02767690737612621
aspergilose_paracoccidioidomicose,IPORA DO OESTE,1,1,0,0.0,0.0,0.0,,0.0
astrov_rus_pesquisa_de_arbov_rus_zdc,CURVELANDIA,1,1,0,0.0,0.0,0.0,0.0,0.0
baciloscopia,BARRA DO BUGRES,3,4,4,2.0,0.0,1.0,4.493321763679182,1.3552861643826881
baciloscopia,BRASNORTE,2,3,3,0.0,0.0,1.0,8.642046436596186,0.30352500000000004
baciloscopia,CAMPINA GRANDE,1,1,1,0.0,0.0,1.0,,0.0
baciloscopia,CAMPO GRANDE,1,1,1,1.0,0.0,1.0,,0.0
baciloscopia,CARLINDA,1,1,1,0.0,0.0,1.0,9.67866821525358,0.01948302364864872
baciloscopia,CLAUDIA,1,2,2,0.0,0.0,1.0,20.885547201336674,0.0
baciloscopia,CUIABA,108,232,232,1007.0,54.0,1.0,0.3273689020623482,1.915420609413003
baciloscopia,JANGADA,1,1,1,0.0,0.0,1.0,13.349352556401014,0.056065913569820006
baciloscopia,JUINA,2,2,2,1.0,0.0,1.0,2.1098381754119457,0.101175
baciloscopia,NOBRES,1,1,1,0.0,0.0,1.0,6.357279084551812,0.021030651745495524
baciloscopia,POCONE,1,1,1,0.0,0.0,1.0,3.2033827722074513,0.06830926590653164
baciloscopia,PONTES E LACERDA,2,2,2,0.0,0.0,1.0,1.8581834398691837,0.0
baciloscopia,RECIFE,1,1,1,0.0,0.0,1.0,,0.0
baciloscopia,RONDONOPOLIS,1,2,2,1.0,0.0,1.0,0.8166231814822527,0.0
baciloscopia,SANTO ANTONIO DO LEVERGER,1,1,1,0.0,0.0,1.0,6.559097468188377,0.07961264780405415
baciloscopia,SINOP,33,62,62,32.0,1.0,1.0,0.9945371304787364,1.9757480419227864
baciloscopia,VARZEA GRANDE,49,62,62,227.0,18.0,1.0,0.42123186105967597,2.0823358718333242
bacteremia_bact_rias_cultura,ALTO BOA VISTA,1,1,0,0.0,0.0,0.0,,0.1979444819819821
bacteremia_bact_rias_cultura,ARIPUANA,1,2,0,0.0,0.0,0.0,0.0,0.05382992328265769
bacteremia_bact_rias_cultura,CACERES,2,2,0,0.0,0.0,0.0,0.0,0.01077642877252243
bacteremia_bact_rias_cultura,CHAPADA DOS GUIMARAES,1,1,0,0.0,0.0,0.0,,0.03629330306869366
bacteremia_bact_rias_cultura,CUIABA,10,28,0,0.0,0.0,0.0,0.0,0.7441187094668154
bacteremia_bact_rias_cultura,DIAMANTINO,1,1,0,0.0,0.0,0.0,0.0,0.0
bacteremia_bact_rias_cultura,IPIRANGA DO NORTE,1,1,0,0.0,0.0,0.0,0.0,0.0
bacteremia_bact_rias_cultura,NORTELANDIA,1,1,0,0.0,0.0,0.0,0.0,0.0
bacteremia_bact_rias_cultura,NOVA MARILANDIA,2,2,0,0.0,0.0,0.0,0.0,0.0
bacteremia_bact_rias_cultura,NOVA MUTUM,1,2,0,0.0,0.0,0.0,0.0,0.0
bacteremia_bact_rias_cultura,PONTES E LACERDA,2,4,0,0.0,0.0,0.0,0.0,0.0
bacteremia_bact_rias_cultura,PORTO ALEGRE DO NORTE,1,2,0,0.0,0.0,0.0,0.0,0.08777804757882886
bacteremia_bact_rias_cultura,RONDONOPOLIS,1,1,0,0.0,0.0,0.0,,0.0
bacteremia_bact_rias_cultura,SAO JOSE DO POVO,1,1,0,0.0,0.0,0.0,,0.021652551379504583
bacteremia_bact_rias_cultura,SAO JOSE DO XINGU,1,2,0,0.0,0.0,0.0,0.0,0.10040118595157664
bacteremia_bact_rias_cultura,SAO JOSE DOS QUATRO MARCOS,1,1,0,0.0,0.0,0.0,0.0,0.0
bacteremia_bact_rias_cultura,SAPEZAL,1,1,0,0.0,0.0,0.0,0.0,0.0
bacteremia_bact_rias_cultura,SORRISO,1,1,0,0.0,0.0,0.0,,0.0
bacteremia_bact_rias_cultura,VARZEA GRANDE,5,7,0,0.0,0.0,0.0,0.0,0.30618621784789735
bacteremia_bact_rias_identifica_o,AGUA BOA,1,1,0,0.0,0.0,0.0,,0.0
bacteremia_bact_rias_identifica_o,ALTO BOA VISTA,1,1,0,0.0,0.0,0.0,,0.1979444819819821
bacteremia_bact_rias_identifica_o,CUIABA,2,3,0,0.0,0.0,0.0,0.0,0.168625
bacteremia_bact_rias_identifica_o,NOVA MARILANDIA,1,2,0,0.0,0.0,0.0,0.0,0.0
bacteremia_bact_rias_identifica_o,SINOP,2,2,0,0.0,0.0,0.0,0.0,0.0
bacteremia_bact_rias_identifica_o,VARZEA GRANDE,4,4,0,0.0,0.0,0.0,0.0,0.0
bacteremia_bact_rias_teste_de_sensibilidade,AGUA BOA,1,1,0,0.0,0.0,0.0,,0.0
bacteremia_bact_rias_teste_de_sensibilidade,ALTO BOA VISTA,1,1,0,0.0,0.0,0.0,,0.1979444819819821
bacteremia_bact_rias_teste_de_sensibilidade,ARIPUANA,1,2,0,0.0,0.0,0.0,0.0,0.05382992328265769
bacteremia_bact_rias_teste_de_sensibilidade,CACERES,1,1,0,0.0,0.0,0.0,0.0,0.01077642877252243
bacteremia_bact_rias_teste_de_sensibilidade,CUIABA,8,29,0,0.0,0.0,0.0,0.0,1.25
bacteremia_bact_rias_teste_de_sensibilidade,DIAMANTINO,1,1,0,0.0,0.0,0.0,0.0,0.0
bacteremia_bact_rias_teste_de_sensibilidade,NORTELANDIA,1,1,0,0.0,0.0,0.0,0.0,0.0
bacteremia_bact_rias_teste_de_sensibilidade,NOVA MARILANDIA,1,2,0,0.0,0.0,0.0,0.0,0.0
bacteremia_bact_rias_teste_de_sensibilidade,NOVA MUTUM,1,2,0,0.0,0.0,0.0,0.0,0.0
bacteremia_bact_rias_teste_de_sensibilidade,PONTES E LACERDA,2,3,0,0.0,0.0,0.0,0.0,0.168625
bacteremia_bact_rias_teste_de_sensibilidade,PORTO ALEGRE DO NORTE,1,2,0,0.0,0.0,0.0,0.0,0.08777804757882886
bacteremia_bact_rias_teste_de_sensibilidade,RONDONOPOLIS,1,1,0,0.0,0.0,0.0,,0.0
bacteremia_bact_rias_teste_de_sensibilidade,SAO JOSE DO POVO,1,1,0,0.0,0.0,0.0,,0.021652551379504583
bacteremia_bact_rias_teste_de_sensibilidade,SAO JOSE DO XINGU,1,2,0,0.0,0.0,0.0,0.0,0.10040118595157664
bacteremia_bact_rias_teste_de_sensibilidade,SAO JOSE DOS QUATRO MARCOS,1,1,0,0.0,0.0,0.0,0.0,0.0
bacteremia_bact_rias_teste_de_sensibilidade,SINOP,2,2,0,0.0,0.0,0.0,0.0,0.0
bacteremia_bact_rias_teste_de_sensibilidade,VARZEA GRANDE,5,7,0,0.0,0.0,0.0,0.0,0.30618621784789735
bacteremia_bact_rias_teste_de_sensibilidade_ii,CACERES,1,1,0,0.0,0.0,0.0,0.0,0.01077642877252243
bacteremia_bact_rias_teste_de_sensibilidade_ii,CUIABA,4,5,0,0.0,0.0,0.0,0.0,0.43301270189221935
bacteremia_bact_rias_teste_de_sensibilidade_ii,NOVA MARILANDIA,1,2,0,0.0,0.0,0.0,0.0,0.0
bacteremia_bact_rias_teste_de_sensibilidade_ii,NOVA MUTUM,1,2,0,0.0,0.0,0.0,0.0,0.0
bacteremia_bact_rias_teste_de_sensibilidade_ii,PONTES E LACERDA,2,3,0,0.0,0.0,0.0,0.0,0.168625
bacteremia_bact_rias_teste_de_sensibilidade_ii,PORTO ALEGRE DO NORTE,1,2,0,0.0,0.0,0.0,0.0,0.08777804757882886
bacteremia_bact_rias_teste_de_sensibilidade_ii,SAO JOSE DO XINGU,1,2,0,0.0,0.0,0.0,0.0,0.10040118595157664
bacteremia_bact_rias_teste_de_sensibilidade_ii,SAO JOSE DOS QUATRO MARCOS,1,1,0,0.0,0.0,0.0,0.0,0.0
bacteremia_bact_rias_teste_de_sensibilidade_ii,VARZEA GRANDE,3,4,0,0.0,0.0,0.0,0.0,0.3535533905932738
bacteremia_criptococos,NOVA MUTUM,1,1,0,0.0,0.0,0.0,0.0,0.0
bacteremia_cultura_para_fungos,CUIABA,1,1,0,0.0,0.0,0.0,,0.0
bacteremia_fungos,CUIABA,1,1,0,0.0,0.0,0.0,,0.0
bacteremia_fungos_teste_de_sensibilidade,CUIABA,1,1,0,0.0,0.0,0.0,,0.0
bacteremia_histoplasmose,NOVA MUTUM,1,1,0,0.0,0.0,0.0,0.0,0.0
bacteremia_micobact_rias_identifica_o,CACERES,1,1,0,0.0,0.0,0.0,0.0,0.01077642877252243
bacteremia_micobact_rias_identifica_o,CUIABA,1,1,0,0.0,0.0,0.0,,0.0
bacteremia_parvov_rus_b19_biologia_molecular,NOVA MUTUM,1,1,0,0.0,0.0,0.0,0.0,0.0
bacteremia_parvov_rus_b19_igg,NOVA MUTUM,1,1,0,0.0,0.0,0.0,0.0,0.0
bacteremia_parvov_rus_b19_igm,NOVA MUTUM,1,1,0,0.0,0.0,0.0,0.0,0.0
bacteremia_pesquisa_de_carbapenemases,VARZEA GRANDE,1,1,0,0.0,0.0,0.0,0.0,0.0
bacteremia_pesquisa_de_genes_de_resist_ncia,ALTO BOA VISTA,1,1,0,0.0,0.0,0.0,,0.1979444819819821
bacteremia_pesquisa_de_genes_de_resist_ncia,ARIPUANA,1,1,0,0.0,0.0,0.0,0.0,0.05382992328265769
bacteremia_pesquisa_de_genes_de_resist_ncia,BARRA DO BUGRES,1,1,0,0.0,0.0,0.0,0.0,0.0017327737894144602
bacteremia_pesquisa_de_genes_de_resist_ncia,CACERES,1,1,0,0.0,0.0,0.0,0.0,0.01077642877252243
bacteremia_pesquisa_de_genes_de_resist_ncia,CUIABA,6,8,0,0.0,0.0,0.0,0.0,0.3535533905932738
bacteremia_pesquisa_de_genes_de_resist_ncia,NOVA MARILANDIA,1,2,0,0.0,0.0,0.0,0.0,0.0
bacteremia_pesquisa_de_genes_de_resist_ncia,NOVA MUTUM,1,2,0,0.0,0.0,0.0,0.0,0.0
bacteremia_pesquisa_de_genes_de_resist_ncia,PONTES E LACERDA,2,4,0,0.0,0.0,0.0,0.0,0.0
bacteremia_pesquisa_de_genes_de_resist_ncia,PORTO ALEGRE DO NORTE,1,2,0,0.0,0.0,0.0,0.0,0.08777804757882886
bacteremia_pesquisa_de_genes_de_resist_ncia,SAO JOSE DO XINGU,1,2,0,0.0,0.0,0.0,0.0,0.10040118595157664
bacteremia_pesquisa_de_genes_de_resist_ncia,SAO JOSE DOS QUATRO MARCOS,1,1,0,0.0,0.0,0.0,0.0,0.0
bacteremia_pesquisa_de_genes_de_resist_ncia,SINOP,1,2,0,0.0,0.0,0.0,0.0,0.0
bacteremia_pesquisa_de_genes_de_resist_ncia,VARZEA GRANDE,3,4,0,0.0,0.0,0.0,0.0,0.3535533905932738
bacteremia_pesquisa_de_multipat_genos_ist,VARZEA GRANDE,1,1,0,0.0,0.0,0.0,0.0,0.0
bacterias_cultura,JUARA,1,1,0,0.0,0.0,0.0,0.0,0.0
bacterias_teste_de_sensibilidade,AGUA BOA,2,2,2,0.0,0.0,1.0,3.282886313646958,0.0
bacterias_teste_de_sensibilidade,ARAPUTANGA,1,1,1,0.0,0.0,1.0,6.7631543351819285,0.0
bacterias_teste_de_sensibilidade,ARIPUANA,1,1,0,0.0,0.0,0.0,0.0,0.05382992328265769
bacterias_teste_de_sensibilidade,BARRA DO BUGRES,1,1,0,0.0,0.0,0.0,0.0,0.0017327737894144602
bacterias_teste_de_sensibilidade,CAMPINAPOLIS,1,1,1,0.0,0.0,1.0,6.404918977774931,0.27897658009572107
bacterias_teste_de_sensibilidade,CAMPO NOVO DO PARECIS,1,1,1,0.0,0.0,1.0,2.0821621171424405,0.0
bacterias_teste_de_sensibilidade,COLNIZA,1,1,1,0.0,0.0,1.0,3.8080731150038076,0.15800048564189215
bacterias_teste_de_sensibilidade,CUIABA,11,22,16,0.0,0.0,0.6818181818181818,0.22043450274819928,1.7233050812239812
bacterias_teste_de_sensibilidade,DENISE,1,1,0,0.0,0.0,0.0,0.0,0.0
bacterias_teste_de_sensibilidade,GAUCHA DO NORTE,1,1,1,0.0,0.0,1.0,11.188185276348175,0.07570559895833356
bacterias_teste_de_sensibilidade,ITIQUIRA,1,2,2,0.0,0.0,1.0,14.569825890580606,0.00106340090090095
bacterias_teste_de_sensibilidade,JACIARA,2,2,1,0.0,0.0,0.5,1.8053148469093008,0.2698
bacterias_teste_de_sensibilidade,JUARA,4,4,4,0.0,0.0,1.0,2.788466900897886,0.0
bacterias_teste_de_sensibilidade,JUINA,1,1,1,0.0,0.0,1.0,2.4277737314882253,0.0
bacterias_teste_de_sensibilidade,LUCAS DO RIO VERDE,5,6,5,0.0,0.0,0.8,1.1581816992453438,0.9253107140534278
bacterias_teste_de_sensibilidade,NORTELANDIA,1,1,1,0.0,0.0,1.0,16.778523489932883,0.0
bacterias_teste_de_sensibilidade,NOVA MONTE VERDE,1,1,1,0.0,0.0,1.0,11.825922421948912,0.007011799690315371
bacterias_teste_de_sensibilidade,NOVA OLIMPIA,1,1,1,0.0,0.0,1.0,6.084945843981989,0.0
bacterias_teste_de_sensibilidade,NOVA XAVANTINA,1,1,0,0.0,0.0,0.0,0.0,0.0
bacterias_teste_de_sensibilidade,NOVO MUNDO,2,2,2,0.0,0.0,1.0,15.337423312883436,0.0122480996621622
bacterias_teste_de_sensibilidade,PARANATINGA,1,2,2,0.0,0.0,1.0,8.602150537634408,0.02608180602477483
bacterias_teste_de_sensibilidade,PEIXOTO DE AZEVEDO,3,5,5,0.0,0.0,1.0,5.069002532502814,1.3741947616518324
bacterias_teste_de_sensibilidade,PORTO ESPERIDIAO,1,1,1,0.0,0.0,1.0,9.767532721234616,0.05470817849099111
bacterias_teste_de_sensibilidade,POXOREO,1,1,1,0.0,0.0,1.0,,0.0
bacterias_teste_de_sensibilidade,QUERENCIA,1,2,2,0.0,0.0,1.0,7.035069823067994,0.0
bacterias_teste_de_sensibilidade,RONDONOPOLIS,7,8,3,0.0,0.0,0.42857142857142855,0.17628040118530833,0.6123724356957945
bacterias_teste_de_sensibilidade,SINOP,4,6,5,0.0,0.0,0.75,0.6641533312794794,0.43929251739183806
bacterias_teste_de_sensibilidade,SORRISO,2,3,3,0.0,0.0,1.0,1.505222272927217,0.303525
bacterias_teste_de_sensibilidade,VARZEA GRANDE,7,8,3,0.0,0.0,0.35714285714285715,0.13783046577049296,0.9082011118239499
bartonelose_bordetella,CUIABA,1,1,0,0.0,0.0,0.0,,0.0
bartonelose_borreliose_biologia_molecular,CUIABA,1,1,0,0.0,0.0,0.0,,0.0
bartonelose_lyme_igg,CUIABA,1,1,0,0.0,0.0,0.0,,0.0
bartonelose_lyme_igm,CUIABA,1,1,0,0.0,0.0,0.0,,0.0
bartonelose_toxoplasmose_igg,CUIABA,1,1,0,0.0,0.0,0.0,,0.0
bartonelose_toxoplasmose_igm,CUIABA,1,1,0,0.0,0.0,0.0,,0.0
bordetella,VARZEA GRANDE,2,15,0,0.0,0.0,0.0,0.0,0.168625
borreliose_biologia_molecular,CAMPO NOVO DO PARECIS,1,1,0,0.0,0.0,0.0,0.0,0.0
borreliose_biologia_molecular,CUIABA,2,2,0,0.0,0.0,0.0,0.0,0.0
borreliose_borreliose_biologia_molecular,CUIABA,2,2,0,0.0,0.0,0.0,0.0,0.0
borreliose_brucelose,BARRA DO BUGRES,1,1,1,0.0,0.0,1.0,3.381119826886665,0.0017327737894144602
borreliose_brucelose_igg,BARRA DO BUGRES,1,1,0,0.0,0.0,0.0,0.0,0.0017327737894144602
borreliose_brucelose_igm,BARRA DO BUGRES,1,1,0,0.0,0.0,0.0,0.0,0.0017327737894144602
borreliose_lyme,CUIABA,1,1,0,0.0,0.0,0.0,0.0,0.0
borreliose_lyme_igg,CUIABA,1,4,0,0.0,0.0,0.0,0.0,0.0
borreliose_lyme_igg,VARZEA GRANDE,1,1,0,0.0,0.0,0.0,,0.0
borreliose_lyme_igm,CUIABA,1,4,0,0.0,0.0,0.0,0.0,0.0
borreliose_lyme_igm,VARZEA GRANDE,1,1,0,0.0,0.0,0.0,,0.0
botulismo_botulismo,BRASNORTE,1,2,0,0.0,0.0,0.0,,0.0
botulismo_botulismo,CURVELANDIA,1,2,0,0.0,0.0,0.0,0.0,0.0
botulismo_botulismo,SINOP,1,2,0,0.0,0.0,0.0,0.0,0.0
botulismo_brucelose_igg,CANARANA,1,1,0,0.0,0.0,0.0,0.0,0.0
botulismo_brucelose_igm,CANARANA,1,1,0,0.0,0.0,0.0,0.0,0.0
brucelose,ALTO BOA VISTA,1,1,1,0.0,0.0,1.0,17.497812773403325,0.1979444819819821
brucelose,ARAPUTANGA,2,2,1,0.0,0.0,0.5,3.3815771675909643,0.2698
brucelose,ARIPUANA,1,1,0,0.0,0.0,0.0,0.0,0.05382992328265769
brucelose,CABIXI,1,1,0,0.0,0.0,0.0,,0.0
brucelose,CAMPO NOVO DO PARECIS,1,1,0,0.0,0.0,0.0,0.0,0.0
brucelose,CANARANA,2,2,1,0.0,0.0,0.5,1.9336375589759454,0.2698
brucelose,CASTANHEIRA,1,1,0,0.0,0.0,0.0,0.0,0.0
brucelose,CLAUDIA,1,1,1,0.0,0.0,1.0,10.442773600668337,0.0
brucelose,COCALINHO,1,1,1,0.0,0.0,1.0,15.681354869060687,0.15397950098536037
brucelose,CUIABA,6,7,2,0.0,0.0,0.3333333333333333,0.05345186819624533,0.565685424949238
brucelose,GUARANTA DO NORTE,7,7,3,0.0,0.0,0.42857142857142855,1.312990626087531,0.4817534656241287
brucelose,INDIAVAI,1,1,0,0.0,0.0,0.0,0.0,0.02767690737612621
brucelose,JUARA,2,2,0,0.0,0.0,0.0,0.0,0.0
brucelose,JURUENA,2,2,0,0.0,0.0,0.0,0.0,0.0634907305743244
brucelose,MARCELANDIA,1,1,1,0.0,0.0,1.0,9.894132779261898,0.006850390625000021
brucelose,NOBRES,1,1,1,0.0,0.0,1.0,6.454944487477407,0.021030651745495524
brucelose,NOVA MONTE VERDE,2,2,2,0.0,0.0,1.0,12.029351617947793,0.007011799690315371
brucelose,NOVA XAVANTINA,1,1,1,0.0,0.0,1.0,3.9866050071758887,0.0
brucelose,PEDRA PRETA,1,1,0,0.0,0.0,0.0,0.0,0.0
brucelose,PONTES E LACERDA,2,2,1,0.0,0.0,0.5,0.9612057364758353,0.2698
brucelose,RONDONOPOLIS,2,2,0,0.0,0.0,0.0,0.0,0.0
brucelose,SAO JOSE DOS QUATRO MARCOS,1,1,1,0.0,0.0,1.0,5.602554764972827,0.0
brucelose,SAPEZAL,2,2,1,0.0,0.0,0.5,1.6500016500016499,0.2698
brucelose,TANGARA DA SERRA,3,3,0,0.0,0.0,0.0,0.0,0.0
brucelose,TERRA NOVA DO NORTE,1,1,0,0.0,0.0,0.0,0.0,0.0
brucelose,VARZEA GRANDE,1,1,0,0.0,0.0,0.0,0.0,0.0
brucelose_biologia_molecular,CLAUDIA,1,1,0,0.0,0.0,0.0,0.0,0.0
brucelose_biologia_molecular,PRIMAVERA DO LESTE,1,1,0,0.0,0.0,0.0,0.0,0.0
brucelose_borreliose_biologia_molecular,BARRA DO BUGRES,1,1,0,0.0,0.0,0.0,0.0,0.0017327737894144602
brucelose_brucelose,AGUA BOA,3,5,0,0.0,0.0,0.0,0.0,0.17677669529663684
brucelose_brucelose,ALTO BOA VISTA,1,1,1,0.0,0.0,1.0,16.89189189189189,0.1979444819819821
brucelose_brucelose,BARRA DO BUGRES,4,11,1,0.0,0.0,0.25,1.127039942295555,0.630985647777809
brucelose_brucelose,BELEM,1,1,0,0.0,0.0,0.0,,0.0
brucelose_brucelose,BOM CONSELHO,1,1,0,0.0,0.0,0.0,,0.0
brucelose_brucelose,BOM JESUS DO ARAGUAIA,1,1,0,0.0,0.0,0.0,0.0,0.12204424268018027
brucelose_brucelose,BRASNORTE,1,1,1,0.0,0.0,1.0,5.715592135345221,0.0
brucelose_brucelose,CACERES,5,8,0,0.0,0.0,0.0,0.0,0.4482764287725224
brucelose_brucelose,CAMPO NOVO DO PARECIS,3,3,2,0.0,0.0,0.6666666666666666,1.332453913750258,0.28284271247461906
brucelose_brucelose,CHAPADA DOS GUIMARAES,1,1,0,0.0,0.0,0.0,0.0,0.03629330306869366
brucelose_brucelose,COCALINHO,3,4,1,0.0,0.0,0.3333333333333333,5.185646131507986,0.7196649259345984
brucelose_brucelose,COLNIZA,1,1,0,0.0,0.0,0.0,0.0,0.15800048564189215
brucelose_brucelose,COMODORO,1,1,0,0.0,0.0,0.0,0.0,0.0
brucelose_brucelose,CONFRESA,1,1,0,0.0,0.0,0.0,0.0,0.047710620777027084
brucelose_brucelose,COTRIGUACU,1,1,1,0.0,0.0,1.0,9.617234083477591,0.10213395974099129
brucelose_brucelose,CUIABA,6,7,1,0.0,0.0,0.16666666666666666,0.02440457712724937,0.8944271909999157
brucelose_brucelose,DIAMANTINO,2,2,0,0.0,0.0,0.0,0.0,0.0
brucelose_brucelose,GAUCHA DO NORTE,2,2,0,0.0,0.0,0.0,0.0,0.07570559895833356
brucelose_brucelose,GUARANTA DO NORTE,5,5,0,0.0,0.0,0.0,0.0,0.0
brucelose_brucelose,IPIRANGA DO NORTE,1,2,0,0.0,0.0,0.0,,0.0
brucelose_brucelose,ITIQUIRA,1,1,0,0.0,0.0,0.0,0.0,0.00106340090090095
brucelose_brucelose,JURUENA,1,1,0,0.0,0.0,0.0,0.0,0.0634907305743244
brucelose_brucelose,LUCAS DO RIO VERDE,5,6,3,0.0,0.0,0.6,0.6343594726949436,0.5
brucelose_brucelose,MATUPA,4,4,0,0.0,0.0,0.0,0.0,0.0
brucelose_brucelose,MIRASSOL D''OESTE,2,2,1,0.0,0.0,0.5,,0.1349
brucelose_brucelose,NOVA CANAA DO NORTE,1,1,0,0.0,0.0,0.0,0.0,0.0
brucelose_brucelose,NOVA MUTUM,1,1,0,0.0,0.0,0.0,,0.0
brucelose_brucelose,NOVA XAVANTINA,1,1,0,0.0,0.0,0.0,0.0,0.0
brucelose_brucelose,PARANATINGA,1,1,0,0.0,0.0,0.0,,0.02608180602477483
brucelose_brucelose,PEDRA PRETA,1,2,0,0.0,0.0,0.0,0.0,0.0
brucelose_brucelose,PONTES E LACERDA,1,1,0,0.0,0.0,0.0,0.0,0.0
brucelose_brucelose,PORTO ESPERIDIAO,2,2,1,0.0,0.0,0.5,4.91787154519524,0.3245081784909911
brucelose_brucelose,PORTO ESTRELA,2,2,0,0.0,0.0,0.0,0.0,0.10080470861486512
brucelose_brucelose,PRIMAVERA DO LESTE,1,2,0,0.0,0.0,0.0,,0.0
brucelose_brucelose,RESERVA DO CABACAL,1,2,0,0.0,0.0,0.0,0.0,0.004149162443693711
brucelose_brucelose,RONDONOPOLIS,2,2,0,0.0,0.0,0.0,0.0,0.0
brucelose_brucelose,ROSARIO OESTE,1,1,0,0.0,0.0,0.0,,0.06282135768581094
brucelose_brucelose,SANTO AFONSO,1,1,0,0.0,0.0,0.0,0.0,0.0
brucelose_brucelose,SAO JOSE DO XINGU,1,1,0,0.0,0.0,0.0,0.0,0.10040118595157664
brucelose_brucelose,SINOP,5,7,1,0.0,0.0,0.2,0.15430027141417743,0.682842712474619
brucelose_brucelose,SORRISO,1,1,0,0.0,0.0,0.0,,0.0
brucelose_brucelose,TANGARA DA SERRA,1,1,0,0.0,0.0,0.0,0.0,0.0
brucelose_brucelose,TAPURAH,1,1,1,0.0,0.0,1.0,6.39467962655071,0.0
brucelose_brucelose,TERRA NOVA DO NORTE,1,4,0,0.0,0.0,0.0,,0.0
brucelose_brucelose,UNIAO DO SUL,1,1,0,0.0,0.0,0.0,0.0,0.00187994087837845
brucelose_brucelose,VARZEA GRANDE,2,4,0,0.0,0.0,0.0,0.0,0.0
brucelose_brucelose,VILA RICA,1,1,1,0.0,0.0,1.0,5.043627376809401,0.04660449394707213
brucelose_brucelose_biologia_molecular,BARRA DO BUGRES,1,3,0,0.0,0.0,0.0,0.0,0.0017327737894144602
brucelose_brucelose_biologia_molecular,CACERES,2,2,0,0.0,0.0,0.0,,0.01077642877252243
brucelose_brucelose_biologia_molecular,PRIMAVERA DO LESTE,2,2,0,0.0,0.0,0.0,0.0,0.0
brucelose_brucelose_biologia_molecular,SORRISO,1,1,0,0.0,0.0,0.0,,0.0
brucelose_brucelose_igg,AGUA BOA,3,3,0,0.0,0.0,0.0,0.0,0.0
brucelose_brucelose_igg,ALTO BOA VISTA,2,2,0,0.0,0.0,0.0,0.0,0.1979444819819821
brucelose_brucelose_igg,ARENAPOLIS,2,2,0,0.0,0.0,0.0,0.0,0.0
brucelose_brucelose_igg,BARRA DO BUGRES,4,4,0,0.0,0.0,0.0,0.0,0.0017327737894144602
brucelose_brucelose_igg,BELEM,1,1,0,0.0,0.0,0.0,,0.0
brucelose_brucelose_igg,BOM CONSELHO,1,1,0,0.0,0.0,0.0,,0.0
brucelose_brucelose_igg,BOM JESUS DO ARAGUAIA,1,1,0,0.0,0.0,0.0,0.0,0.12204424268018027
brucelose_brucelose_igg,BRASNORTE,1,1,0,0.0,0.0,0.0,0.0,0.0
brucelose_brucelose_igg,CACERES,6,9,0,0.0,0.0,0.0,0.0,0.5017666818035053
brucelose_brucelose_igg,CAMPO NOVO DO PARECIS,6,6,0,0.0,0.0,0.0,0.0,0.0
brucelose_brucelose_igg,CANARANA,2,3,0,0.0,0.0,0.0,0.0,0.168625
brucelose_brucelose_igg,CHAPADA DOS GUIMARAES,2,2,0,0.0,0.0,0.0,0.0,0.03629330306869366
brucelose_brucelose_igg,COCALINHO,4,4,0,0.0,0.0,0.0,0.0,0.15397950098536037
brucelose_brucelose_igg,COLNIZA,1,1,0,0.0,0.0,0.0,0.0,0.15800048564189215
brucelose_brucelose_igg,COMODORO,2,2,0,0.0,0.0,0.0,0.0,0.0
brucelose_brucelose_igg,CONFRESA,1,1,0,0.0,0.0,0.0,0.0,0.047710620777027084
brucelose_brucelose_igg,COTRIGUACU,3,3,0,0.0,0.0,0.0,0.0,0.10213395974099129
brucelose_brucelose_igg,CUIABA,11,11,0,0.0,0.0,0.0,0.0,0.0
brucelose_brucelose_igg,DIAMANTINO,4,4,0,0.0,0.0,0.0,0.0,0.0
brucelose_brucelose_igg,GAUCHA DO NORTE,2,2,0,0.0,0.0,0.0,0.0,0.07570559895833356
brucelose_brucelose_igg,GUARANTA DO NORTE,9,9,0,0.0,0.0,0.0,0.0,0.0
brucelose_brucelose_igg,IPIRANGA DO NORTE,1,1,0,0.0,0.0,0.0,,0.0
brucelose_brucelose_igg,JANGADA,2,2,0,0.0,0.0,0.0,0.0,0.056065913569820006
brucelose_brucelose_igg,JI-PARANA,1,1,0,0.0,0.0,0.0,,0.0
brucelose_brucelose_igg,JURUENA,1,1,0,0.0,0.0,0.0,0.0,0.0634907305743244
brucelose_brucelose_igg,LUCAS DO RIO VERDE,4,4,0,0.0,0.0,0.0,0.0,0.0
brucelose_brucelose_igg,MATUPA,3,3,0,0.0,0.0,0.0,0.0,0.0
brucelose_brucelose_igg,MIRASSOL D''OESTE,4,5,0,0.0,0.0,0.0,,0.43301270189221935
brucelose_brucelose_igg,NOBRES,1,1,0,0.0,0.0,0.0,,0.021030651745495524
brucelose_brucelose_igg,NOVA CANAA DO NORTE,2,2,0,0.0,0.0,0.0,0.0,0.0
brucelose_brucelose_igg,NOVA MUTUM,5,5,0,0.0,0.0,0.0,,0.0
brucelose_brucelose_igg,NOVA OLIMPIA,1,1,0,0.0,0.0,0.0,0.0,0.0
brucelose_brucelose_igg,NOVA SANTA HELENA,1,1,0,0.0,0.0,0.0,0.0,0.0
brucelose_brucelose_igg,NOVA XAVANTINA,1,1,0,0.0,0.0,0.0,0.0,0.0
brucelose_brucelose_igg,NOVO MUNDO,1,2,0,0.0,0.0,0.0,,0.0122480996621622
brucelose_brucelose_igg,PALMAS,1,1,0,0.0,0.0,0.0,,0.0
brucelose_brucelose_igg,PALMEIRAS DE GOIAS,1,1,0,0.0,0.0,0.0,,0.0
brucelose_brucelose_igg,PARANATINGA,2,2,0,0.0,0.0,0.0,0.0,0.02608180602477483
brucelose_brucelose_igg,PEDRA PRETA,2,2,0,0.0,0.0,0.0,,0.0
brucelose_brucelose_igg,PEIXOTO DE AZEVEDO,1,1,0,0.0,0.0,0.0,0.0,0.02064137105855867
brucelose_brucelose_igg,PONTES E LACERDA,1,1,0,0.0,0.0,0.0,0.0,0.0
brucelose_brucelose_igg,PORTO ESPERIDIAO,2,2,0,0.0,0.0,0.0,0.0,0.05470817849099111
brucelose_brucelose_igg,PORTO ESTRELA,3,4,0,0.0,0.0,0.0,0.0,0.4543580992081389
brucelose_brucelose_igg,PRIMAVERA DO LESTE,2,2,0,0.0,0.0,0.0,0.0,0.0
brucelose_brucelose_igg,RESERVA DO CABACAL,1,1,0,0.0,0.0,0.0,0.0,0.004149162443693711
brucelose_brucelose_igg,RONDONOPOLIS,4,4,0,0.0,0.0,0.0,0.0,0.0
brucelose_brucelose_igg,ROSARIO OESTE,1,1,0,0.0,0.0,0.0,,0.06282135768581094
brucelose_brucelose_igg,SANTO AFONSO,1,1,0,0.0,0.0,0.0,0.0,0.0
brucelose_brucelose_igg,SAO JOSE DO XINGU,1,1,0,0.0,0.0,0.0,0.0,0.10040118595157664
brucelose_brucelose_igg,SAPEZAL,1,1,0,0.0,0.0,0.0,0.0,0.0
brucelose_brucelose_igg,SINOP,7,7,0,0.0,0.0,0.0,0.0,0.0
brucelose_brucelose_igg,SORRISO,1,1,0,0.0,0.0,0.0,0.0,0.0
brucelose_brucelose_igg,TABAPORA,1,1,0,0.0,0.0,0.0,0.0,0.0
brucelose_brucelose_igg,TANGARA DA SERRA,1,1,0,0.0,0.0,0.0,0.0,0.0
brucelose_brucelose_igg,TAPURAH,1,1,0,0.0,0.0,0.0,0.0,0.0
brucelose_brucelose_igg,TERRA NOVA DO NORTE,1,4,0,0.0,0.0,0.0,,0.0
brucelose_brucelose_igg,UNIAO DO SUL,1,2,0,0.0,0.0,0.0,0.0,0.00187994087837845
brucelose_brucelose_igg,VARZEA GRANDE,2,2,0,0.0,0.0,0.0,0.0,0.0
brucelose_brucelose_igg,VILA RICA,1,1,0,0.0,0.0,0.0,0.0,0.04660449394707213
brucelose_brucelose_igm,AGUA BOA,3,3,0,0.0,0.0,0.0,0.0,0.0
brucelose_brucelose_igm,ALTO BOA VISTA,2,2,0,0.0,0.0,0.0,0.0,0.1979444819819821
brucelose_brucelose_igm,ARENAPOLIS,2,2,0,0.0,0.0,0.0,0.0,0.0
brucelose_brucelose_igm,BARRA DO BUGRES,4,4,0,0.0,0.0,0.0,0.0,0.0017327737894144602
brucelose_brucelose_igm,BELEM,1,1,0,0.0,0.0,0.0,,0.0
brucelose_brucelose_igm,BOM CONSELHO,1,1,0,0.0,0.0,0.0,,0.0
brucelose_brucelose_igm,BOM JESUS DO ARAGUAIA,1,1,0,0.0,0.0,0.0,0.0,0.12204424268018027
brucelose_brucelose_igm,BRASNORTE,1,1,0,0.0,0.0,0.0,0.0,0.0
brucelose_brucelose_igm,CACERES,6,9,0,0.0,0.0,0.0,0.0,0.5017666818035053
brucelose_brucelose_igm,CAMPO NOVO DO PARECIS,6,6,0,0.0,0.0,0.0,0.0,0.0
brucelose_brucelose_igm,CANARANA,2,3,0,0.0,0.0,0.0,0.0,0.168625
brucelose_brucelose_igm,CHAPADA DOS GUIMARAES,2,2,0,0.0,0.0,0.0,0.0,0.03629330306869366
brucelose_brucelose_igm,COCALINHO,4,4,0,0.0,0.0,0.0,0.0,0.15397950098536037
brucelose_brucelose_igm,COLNIZA,1,1,0,0.0,0.0,0.0,0.0,0.15800048564189215
brucelose_brucelose_igm,COMODORO,2,2,0,0.0,0.0,0.0,0.0,0.0
brucelose_brucelose_igm,CONFRESA,1,1,0,0.0,0.0,0.0,0.0,0.047710620777027084
brucelose_brucelose_igm,COTRIGUACU,3,3,0,0.0,0.0,0.0,0.0,0.10213395974099129
brucelose_brucelose_igm,CUIABA,11,11,0,0.0,0.0,0.0,0.0,0.0
brucelose_brucelose_igm,DIAMANTINO,4,4,0,0.0,0.0,0.0,0.0,0.0
brucelose_brucelose_igm,GAUCHA DO NORTE,2,2,0,0.0,0.0,0.0,0.0,0.07570559895833356
brucelose_brucelose_igm,GUARANTA DO NORTE,9,9,0,0.0,0.0,0.0,0.0,0.0
brucelose_brucelose_igm,IPIRANGA DO NORTE,1,1,0,0.0,0.0,0.0,,0.0
brucelose_brucelose_igm,JANGADA,2,2,0,0.0,0.0,0.0,0.0,0.056065913569820006
brucelose_brucelose_igm,JI-PARANA,1,1,0,0.0,0.0,0.0,,0.0
brucelose_brucelose_igm,JURUENA,1,1,0,0.0,0.0,0.0,0.0,0.0634907305743244
brucelose_brucelose_igm,LUCAS DO RIO VERDE,4,4,0,0.0,0.0,0.0,0.0,0.0
brucelose_brucelose_igm,MATUPA,3,3,0,0.0,0.0,0.0,0.0,0.0
brucelose_brucelose_igm,MIRASSOL D''OESTE,4,5,0,0.0,0.0,0.0,,0.43301270189221935
brucelose_brucelose_igm,NOBRES,1,1,0,0.0,0.0,0.0,,0.021030651745495524
brucelose_brucelose_igm,NOVA CANAA DO NORTE,2,2,0,0.0,0.0,0.0,0.0,0.0
brucelose_brucelose_igm,NOVA MUTUM,5,5,0,0.0,0.0,0.0,,0.0
brucelose_brucelose_igm,NOVA OLIMPIA,1,1,0,0.0,0.0,0.0,0.0,0.0
brucelose_brucelose_igm,NOVA SANTA HELENA,1,1,0,0.0,0.0,0.0,0.0,0.0
brucelose_brucelose_igm,NOVA XAVANTINA,1,1,0,0.0,0.0,0.0,0.0,0.0
brucelose_brucelose_igm,NOVO MUNDO,1,2,0,0.0,0.0,0.0,,0.0122480996621622
brucelose_brucelose_igm,PALMAS,1,1,0,0.0,0.0,0.0,,0.0
brucelose_brucelose_igm,PALMEIRAS DE GOIAS,1,1,0,0.0,0.0,0.0,,0.0
brucelose_brucelose_igm,PARANATINGA,2,2,0,0.0,0.0,0.0,0.0,0.02608180602477483
brucelose_brucelose_igm,PEDRA PRETA,2,2,0,0.0,0.0,0.0,,0.0
brucelose_brucelose_igm,PEIXOTO DE AZEVEDO,1,1,0,0.0,0.0,0.0,0.0,0.02064137105855867
brucelose_brucelose_igm,PONTES E LACERDA,1,1,0,0.0,0.0,0.0,0.0,0.0
brucelose_brucelose_igm,PORTO ESPERIDIAO,2,2,0,0.0,0.0,0.0,0.0,0.05470817849099111
brucelose_brucelose_igm,PORTO ESTRELA,3,4,0,0.0,0.0,0.0,0.0,0.4543580992081389
brucelose_brucelose_igm,PRIMAVERA DO LESTE,2,2,0,0.0,0.0,0.0,0.0,0.0
brucelose_brucelose_igm,RESERVA DO CABACAL,1,1,0,0.0,0.0,0.0,0.0,0.004149162443693711
brucelose_brucelose_igm,RONDONOPOLIS,4,4,0,0.0,0.0,0.0,0.0,0.0
brucelose_brucelose_igm,ROSARIO OESTE,1,1,0,0.0,0.0,0.0,,0.06282135768581094
brucelose_brucelose_igm,SANTO AFONSO,1,1,0,0.0,0.0,0.0,0.0,0.0
brucelose_brucelose_igm,SAO JOSE DO XINGU,1,1,0,0.0,0.0,0.0,0.0,0.10040118595157664
brucelose_brucelose_igm,SAPEZAL,1,1,0,0.0,0.0,0.0,0.0,0.0
brucelose_brucelose_igm,SINOP,7,7,0,0.0,0.0,0.0,0.0,0.0
brucelose_brucelose_igm,SORRISO,1,1,0,0.0,0.0,0.0,0.0,0.0
brucelose_brucelose_igm,TABAPORA,1,1,0,0.0,0.0,0.0,0.0,0.0
brucelose_brucelose_igm,TANGARA DA SERRA,1,1,0,0.0,0.0,0.0,0.0,0.0
brucelose_brucelose_igm,TAPURAH,1,1,0,0.0,0.0,0.0,0.0,0.0
brucelose_brucelose_igm,TERRA NOVA DO NORTE,1,4,0,0.0,0.0,0.0,,0.0
brucelose_brucelose_igm,UNIAO DO SUL,1,2,0,0.0,0.0,0.0,0.0,0.00187994087837845
brucelose_brucelose_igm,VARZEA GRANDE,2,2,0,0.0,0.0,0.0,0.0,0.0
brucelose_brucelose_igm,VILA RICA,1,1,0,0.0,0.0,0.0,0.0,0.04660449394707213
brucelose_histoplasmose,COCALINHO,1,1,0,0.0,0.0,0.0,0.0,0.15397950098536037
brucelose_histoplasmose,COTRIGUACU,1,1,0,0.0,0.0,0.0,0.0,0.10213395974099129
brucelose_histoplasmose,CUIABA,1,1,0,0.0,0.0,0.0,0.0,0.0
brucelose_igg,ALTO BOA VISTA,1,1,1,0.0,0.0,1.0,17.497812773403325,0.1979444819819821
brucelose_igg,ARAPUTANGA,2,2,0,0.0,0.0,0.0,0.0,0.0
brucelose_igg,ARIPUANA,1,1,0,0.0,0.0,0.0,0.0,0.05382992328265769
brucelose_igg,CABIXI,1,1,0,0.0,0.0,0.0,,0.0
brucelose_igg,CACERES,1,1,0,0.0,0.0,0.0,0.0,0.01077642877252243
brucelose_igg,CAMPO NOVO DO PARECIS,1,1,0,0.0,0.0,0.0,0.0,0.0
brucelose_igg,CAMPOS DE JULIO,1,1,0,0.0,0.0,0.0,0.0,0.0
brucelose_igg,CANARANA,2,2,1,0.0,0.0,0.5,1.9336375589759454,0.2698
brucelose_igg,CASTANHEIRA,1,1,0,0.0,0.0,0.0,0.0,0.0
brucelose_igg,CLAUDIA,1,1,1,0.0,0.0,1.0,10.442773600668337,0.0
brucelose_igg,COCALINHO,1,1,1,0.0,0.0,1.0,15.681354869060687,0.15397950098536037
brucelose_igg,CUIABA,7,9,0,0.0,0.0,0.0,0.0,0.39528470752104733
brucelose_igg,GUARANTA DO NORTE,8,8,3,0.0,0.0,0.375,1.1488667978265896,0.5367202436658562
brucelose_igg,INDIAVAI,1,1,0,0.0,0.0,0.0,0.0,0.02767690737612621
brucelose_igg,JUARA,3,3,1,0.0,0.0,0.3333333333333333,0.9549456635917416,0.5656854249492381
brucelose_igg,JURUENA,2,2,0,0.0,0.0,0.0,0.0,0.0634907305743244
brucelose_igg,LUCAS DO RIO VERDE,1,1,0,0.0,0.0,0.0,0.0,0.0
brucelose_igg,MARCELANDIA,1,1,1,0.0,0.0,1.0,9.894132779261898,0.006850390625000021
brucelose_igg,NOBRES,1,1,0,0.0,0.0,0.0,0.0,0.021030651745495524
brucelose_igg,NOVA CANAA DO NORTE,1,1,0,0.0,0.0,0.0,0.0,0.0
brucelose_igg,NOVA MONTE VERDE,2,2,0,0.0,0.0,0.0,0.0,0.007011799690315371
brucelose_igg,NOVA XAVANTINA,1,1,0,0.0,0.0,0.0,0.0,0.0
brucelose_igg,NOVO SAO JOAQUIM,1,1,0,0.0,0.0,0.0,0.0,0.04090770340653165
brucelose_igg,PEDRA PRETA,1,1,0,0.0,0.0,0.0,0.0,0.0
brucelose_igg,PONTES E LACERDA,2,2,0,0.0,0.0,0.0,0.0,0.0
brucelose_igg,PRIMAVERA DO LESTE,1,1,0,0.0,0.0,0.0,0.0,0.0
brucelose_igg,RONDONOPOLIS,3,3,0,0.0,0.0,0.0,0.0,0.0
brucelose_igg,SAO JOSE DOS QUATRO MARCOS,1,1,0,0.0,0.0,0.0,0.0,0.0
brucelose_igg,SAPEZAL,2,2,1,0.0,0.0,0.5,1.6500016500016499,0.2698
brucelose_igg,TANGARA DA SERRA,3,3,0,0.0,0.0,0.0,0.0,0.0
brucelose_igg,TERRA NOVA DO NORTE,1,1,0,0.0,0.0,0.0,0.0,0.0
brucelose_igg,VARZEA GRANDE,1,1,0,0.0,0.0,0.0,0.0,0.0
brucelose_igg,VERA,1,1,0,0.0,0.0,0.0,0.0,0.0
brucelose_igm,ALTO BOA VISTA,1,1,1,0.0,0.0,1.0,17.497812773403325,0.1979444819819821
brucelose_igm,ARAPUTANGA,2,2,0,0.0,0.0,0.0,0.0,0.0
brucelose_igm,ARIPUANA,1,1,0,0.0,0.0,0.0,0.0,0.05382992328265769
brucelose_igm,CABIXI,1,1,0,0.0,0.0,0.0,,0.0
brucelose_igm,CACERES,1,1,0,0.0,0.0,0.0,0.0,0.01077642877252243
brucelose_igm,CAMPO NOVO DO PARECIS,1,1,0,0.0,0.0,0.0,0.0,0.0
brucelose_igm,CAMPOS DE JULIO,1,1,0,0.0,0.0,0.0,0.0,0.0
brucelose_igm,CANARANA,2,2,1,0.0,0.0,0.5,1.9336375589759454,0.2698
brucelose_igm,CASTANHEIRA,1,1,0,0.0,0.0,0.0,0.0,0.0
brucelose_igm,COCALINHO,1,1,1,0.0,0.0,1.0,15.681354869060687,0.15397950098536037
brucelose_igm,CUIABA,7,9,4,0.0,0.0,0.42857142857142855,0.08889313327172013,0.4574283410360822
brucelose_igm,GUARANTA DO NORTE,7,7,1,0.0,0.0,0.14285714285714285,0.46047299786340534,0.9797958971132713
brucelose_igm,JUARA,3,3,0,0.0,0.0,0.0,0.0,0.0
brucelose_igm,JURUENA,2,2,0,0.0,0.0,0.0,0.0,0.0634907305743244
brucelose_igm,LUCAS DO RIO VERDE,1,1,0,0.0,0.0,0.0,0.0,0.0
brucelose_igm,MARCELANDIA,1,1,1,0.0,0.0,1.0,9.894132779261898,0.006850390625000021
brucelose_igm,NOBRES,1,1,1,0.0,0.0,1.0,6.454944487477407,0.021030651745495524
brucelose_igm,NOVA CANAA DO NORTE,1,1,0,0.0,0.0,0.0,0.0,0.0
brucelose_igm,NOVA MONTE VERDE,2,2,0,0.0,0.0,0.0,0.0,0.007011799690315371
brucelose_igm,NOVA XAVANTINA,1,1,1,0.0,0.0,1.0,3.9866050071758887,0.0
brucelose_igm,NOVO SAO JOAQUIM,1,1,0,0.0,0.0,0.0,0.0,0.04090770340653165
brucelose_igm,PONTES E LACERDA,2,2,0,0.0,0.0,0.0,0.0,0.0
brucelose_igm,PRIMAVERA DO LESTE,1,1,0,0.0,0.0,0.0,0.0,0.0
brucelose_igm,RONDONOPOLIS,3,3,1,0.0,0.0,0.3333333333333333,0.13085853668749933,0.5656854249492381
brucelose_igm,SAO JOSE DOS QUATRO MARCOS,1,1,1,0.0,0.0,1.0,5.602554764972827,0.0
brucelose_igm,SAPEZAL,2,2,1,0.0,0.0,0.5,1.6500016500016499,0.2698
brucelose_igm,TANGARA DA SERRA,3,3,1,0.0,0.0,0.3333333333333333,0.30152541708503316,0.5656854249492381
brucelose_igm,TERRA NOVA DO NORTE,1,1,0,0.0,0.0,0.0,0.0,0.0
brucelose_igm,VARZEA GRANDE,1,1,0,0.0,0.0,0.0,0.0,0.0
brucelose_igm,VERA,1,1,0,0.0,0.0,0.0,0.0,0.0
brucelose_lyme_igg,DIAMANTINO,1,1,0,0.0,0.0,0.0,0.0,0.0
brucelose_lyme_igm,DIAMANTINO,1,1,0,0.0,0.0,0.0,0.0,0.0
brucelose_toxoplasmose_avidez_igg,NOVA CANAA DO NORTE,1,1,0,0.0,0.0,0.0,0.0,0.0
brucelose_toxoplasmose_igg,GUARANTA DO NORTE,1,1,0,0.0,0.0,0.0,0.0,0.0
brucelose_toxoplasmose_igg,NOVA CANAA DO NORTE,1,1,0,0.0,0.0,0.0,0.0,0.0
brucelose_toxoplasmose_igm,GUARANTA DO NORTE,1,1,0,0.0,0.0,0.0,0.0,0.0
brucelose_toxoplasmose_igm,NOVA CANAA DO NORTE,1,1,0,0.0,0.0,0.0,0.0,0.0
carb_nculo_ou_antraz_cultura_para_fungos,JUINA,1,1,0,0.0,0.0,0.0,,0.0
carb_nculo_ou_antraz_fungos,JUINA,1,1,0,0.0,0.0,0.0,,0.0
carb_nculo_ou_antraz_fungos_teste_de_sensibilidade,JUINA,1,1,0,0.0,0.0,0.0,,0.0
carb_nculo_ou_antraz_micobact_rias_identifica_o,JUINA,1,1,0,0.0,0.0,0.0,,0.0
carb_nculo_ou_antraz_pesquisa_de_arbov_rus_zdc,CAMPO NOVO DO PARECIS,1,1,0,0.0,0.0,0.0,0.0,0.0
carb_nculo_ou_antraz_pesquisa_de_arbov_rus_zdc,CUIABA,1,2,0,0.0,0.0,0.0,0.0,0.0
caxumba_biologia_molecular,CUIABA,1,1,0,0.0,0.0,0.0,0.0,0.0
caxumba_bordetella,PRIMAVERA DO LESTE,1,1,0,0.0,0.0,0.0,0.0,0.0
caxumba_caxumba_biologia_molecular,CAMPO NOVO DO PARECIS,1,1,0,0.0,0.0,0.0,0.0,0.0
caxumba_caxumba_biologia_molecular,CAMPO VERDE,1,1,0,0.0,0.0,0.0,0.0,0.0
caxumba_caxumba_biologia_molecular,CUIABA,5,7,0,0.0,0.0,0.0,0.0,0.30618621784789735
caxumba_caxumba_biologia_molecular,NOVO SAO JOAQUIM,1,1,0,0.0,0.0,0.0,0.0,0.04090770340653165
caxumba_caxumba_biologia_molecular,PRIMAVERA DO LESTE,2,2,0,0.0,0.0,0.0,0.0,0.0
caxumba_caxumba_biologia_molecular,ROSARIO OESTE,1,1,0,0.0,0.0,0.0,,0.06282135768581094
caxumba_caxumba_biologia_molecular,SORRISO,2,2,0,0.0,0.0,0.0,0.0,0.0
caxumba_caxumba_biologia_molecular,VARZEA GRANDE,1,1,0,0.0,0.0,0.0,,0.0
caxumba_pesquisa_de_arbov_rus_zdc,CAMPO NOVO DO PARECIS,2,2,0,0.0,0.0,0.0,0.0,0.0
caxumba_pesquisa_de_arbov_rus_zdc,PRIMAVERA DO LESTE,1,1,0,0.0,0.0,0.0,0.0,0.0
caxumba_rub_ola_igg,PRIMAVERA DO LESTE,2,4,0,0.0,0.0,0.0,0.0,0.0
caxumba_rub_ola_igm,PRIMAVERA DO LESTE,2,4,0,0.0,0.0,0.0,0.0,0.0
caxumba_sarampo_igg,PRIMAVERA DO LESTE,2,2,0,0.0,0.0,0.0,0.0,0.0
caxumba_sarampo_igm,PRIMAVERA DO LESTE,2,2,0,0.0,0.0,0.0,0.0,0.0
caxumba_var_ola,CUIABA,1,1,0,0.0,0.0,0.0,,0.0
caxumba_varicela_zoster_biologia_molecular,CUIABA,1,1,0,0.0,0.0,0.0,,0.0
chagas,ARACAJU,1,1,0,0.0,0.0,0.0,,0.0
chagas,BIGUACU,1,1,0,0.0,0.0,0.0,,0.0
chagas,CAMPO VERDE,3,4,0,0.0,0.0,0.0,0.0,0.3535533905932738
chagas,CANARANA,2,2,0,0.0,0.0,0.0,0.0,0.0
chagas,COLIDER,1,1,0,0.0,0.0,0.0,0.0,0.0
chagas,CUIABA,6,8,1,0.0,0.0,0.16666666666666666,0.02465031069251597,0.8944271909999159
chagas,DENISE,1,1,0,0.0,0.0,0.0,0.0,0.0
chagas,GUARANTA DO NORTE,7,7,1,0.0,0.0,0.14285714285714285,0.4527673138220805,0.9797958971132713
chagas,JANGADA,1,1,0,0.0,0.0,0.0,0.0,0.056065913569820006
chagas,JUARA,1,1,0,0.0,0.0,0.0,0.0,0.0
chagas,MIRASSOL D''OESTE,4,4,0,0.0,0.0,0.0,,0.0
chagas,NOSSA SENHORA DO LIVRAMENTO,1,1,0,0.0,0.0,0.0,0.0,0.10755540540540556
chagas,NOVA MARINGA,2,2,1,0.0,0.0,0.5,8.628127696289905,0.29545929405968474
chagas,NOVA MUTUM,6,6,1,0.0,0.0,0.16666666666666666,0.2847007510405813,0.8944271909999159
chagas,PRIMAVERA DO LESTE,1,1,0,0.0,0.0,0.0,0.0,0.0
chagas,RONDONOPOLIS,1,1,1,0.0,0.0,1.0,0.392575610062498,0.0
chagas,SORRISO,32,122,3,0.0,0.0,0.05078125,0.08074587657723613,1.6091489704915403
chagas,TANGARA DA SERRA,1,1,0,0.0,0.0,0.0,0.0,0.0
chagas,UNIAO DO SUL,1,1,0,0.0,0.0,0.0,0.0,0.00187994087837845
chagas_igg,ALTO TAQUARI,1,1,0,0.0,0.0,0.0,0.0,0.0
chagas_igg,AMAPA DO MARANHAO,1,2,0,0.0,0.0,0.0,,0.0
chagas_igg,ARACAJU,1,1,0,0.0,0.0,0.0,,0.0
chagas_igg,BARRA DO BUGRES,2,4,0,0.0,0.0,0.0,0.0,0.0017327737894144602
chagas_igg,BIGUACU,1,1,0,0.0,0.0,0.0,,0.0
chagas_igg,CACERES,2,2,1,0.0,0.0,0.5,0.5244443512098931,0.2805764287725224
chagas_igg,CAJAPIO,1,2,1,0.0,0.0,0.5,,0.0
chagas_igg,CAMPO NOVO DO PARECIS,1,1,0,0.0,0.0,0.0,0.0,0.0
chagas_igg,CAMPO VERDE,19,38,5,0.0,0.0,0.15789473684210525,0.5817182661611255,1.0191255608666143
chagas_igg,CAMPOS DE JULIO,1,2,0,0.0,0.0,0.0,0.0,0.0
chagas_igg,CANARANA,17,26,7,0.0,0.0,0.2647058823529412,1.6730425936462885,1.264974822499684
chagas_igg,CHAPADA DOS GUIMARAES,1,2,0,0.0,0.0,0.0,0.0,0.03629330306869366
chagas_igg,COLIDER,11,16,4,0.0,0.0,0.2727272727272727,1.1379136783485722,1.116704492278258
chagas_igg,COLNIZA,1,2,0,0.0,0.0,0.0,0.0,0.15800048564189215
chagas_igg,CONFRESA,2,2,0,0.0,0.0,0.0,0.0,0.047710620777027084
chagas_igg,CUIABA,35,60,8,0.0,0.0,0.15714285714285714,0.03481761815234046,1.7170076089145319
chagas_igg,DENISE,2,2,1,0.0,0.0,0.5,5.194265530853937,0.2698
chagas_igg,FORMOSA,1,1,0,0.0,0.0,0.0,,0.0
chagas_igg,GUARANTA DO NORTE,16,19,2,0.0,0.0,0.125,0.39617139959432046,1.058300524425836
chagas_igg,JACIARA,2,3,2,0.0,0.0,0.75,3.5002975252896493,0.168625
chagas_igg,JANGADA,1,1,1,0.0,0.0,1.0,13.349352556401014,0.056065913569820006
chagas_igg,JUARA,4,5,0,0.0,0.0,0.0,0.0,0.43301270189221935
chagas_igg,JUINA,2,4,3,0.0,0.0,0.75,3.1647572631179184,0.26980000000000004
chagas_igg,JURUENA,1,1,0,0.0,0.0,0.0,0.0,0.0634907305743244
chagas_igg,JUSCIMEIRA,1,2,0,0.0,0.0,0.0,0.0,0.0
chagas_igg,LUCAS DO RIO VERDE,7,12,3,0.0,0.0,0.21428571428571427,0.48631666996281303,1.0210248776164288
chagas_igg,MARCELANDIA,3,5,2,0.0,0.0,0.3333333333333333,5.798614131222638,0.749312510870875
chagas_igg,MATUPA,4,4,0,0.0,0.0,0.0,0.0,0.0
chagas_igg,MIRASSOL D''OESTE,12,16,2,0.0,0.0,0.16666666666666666,,0.4472135954999581
chagas_igg,NORTELANDIA,1,2,0,0.0,0.0,0.0,0.0,0.0
chagas_igg,NOSSA SENHORA DO LIVRAMENTO,1,1,0,0.0,0.0,0.0,0.0,0.10755540540540556
chagas_igg,NOVA MARINGA,3,3,1,0.0,0.0,0.3333333333333333,5.752085130859936,0.5913447190089228
chagas_igg,NOVA MUTUM,17,22,4,0.0,0.0,0.17647058823529413,0.4067927373893118,1.4604894525931855
chagas_igg,NOVA UBIRATA,4,5,0,0.0,0.0,0.0,0.0,0.45031195583366085
chagas_igg,NOVO MUNDO,1,1,0,0.0,0.0,0.0,0.0,0.0122480996621622
chagas_igg,PEIXOTO DE AZEVEDO,3,4,0,0.0,0.0,0.0,0.0,0.37419476165183246
chagas_igg,PORTO ALEGRE,1,2,0,0.0,0.0,0.0,,0.0
chagas_igg,PORTO DOS GAUCHOS,1,2,0,0.0,0.0,0.0,0.0,0.00188468820382883
chagas_igg,POXOREO,1,1,0,0.0,0.0,0.0,,0.0
chagas_igg,PRIMAVERA DO LESTE,2,2,0,0.0,0.0,0.0,0.0,0.0
chagas_igg,RIO BRANCO,1,1,0,0.0,0.0,0.0,0.0,0.014241976351351361
chagas_igg,RONDONOPOLIS,1,1,1,0.0,0.0,1.0,0.392575610062498,0.0
chagas_igg,ROSARIO OESTE,6,10,0,0.0,0.0,0.0,0.0,0.23959805298244774
chagas_igg,SANTO ANTONIO DO LESTE,1,1,1,0.0,0.0,1.0,18.318373328448434,0.00947566159909919
chagas_igg,SAO BENTO,1,2,0,0.0,0.0,0.0,,0.0
chagas_igg,SAO JOSE DOS QUATRO MARCOS,3,5,0,0.0,0.0,0.0,0.0,0.17677669529663684
chagas_igg,SINOP,2,3,0,0.0,0.0,0.0,0.0,0.168625
chagas_igg,SORRISO,91,586,32,0.0,0.0,0.06853020702066392,0.3056786997955007,1.6351201881031616
chagas_igg,TANGARA DA SERRA,9,14,1,0.0,0.0,0.1111111111111111,0.1032333724587815,1.1313708498984762
chagas_igg,TAPURAH,1,2,0,0.0,0.0,0.0,0.0,0.0
chagas_igg,UNIAO DO SUL,7,10,0,0.0,0.0,0.0,0.0,0.2905550754731913
chagas_igg,VARZEA GRANDE,6,11,3,0.0,0.0,0.3333333333333333,0.16274258824274057,0.843125
chagas_igg,VERA,1,1,0,0.0,0.0,0.0,0.0,0.0
chagas_igg,VILHENA,1,2,0,0.0,0.0,0.0,,0.0
chikungunya,ACAILANDIA,1,2,0,0.0,0.0,0.0,,0.0
chikungunya,ACORIZAL,10,31,0,0.0,0.0,0.0,0.0,0.6526170714170835
chikungunya,ACRELANDIA,3,6,0,0.0,0.0,0.0,,0.0
chikungunya,AFONSO CUNHA,2,3,0,0.0,0.0,0.0,,0.168625
chikungunya,AGUA BOA,33,237,8,0.0,0.0,0.10606060606060606,0.7907747286305303,1.25
chikungunya,AGUDOS,1,4,0,0.0,0.0,0.0,,0.0
chikungunya,ALCINOPOLIS,2,2,0,0.0,0.0,0.0,,0.0
chikungunya,ALDEIAS ALTAS,1,2,0,0.0,0.0,0.0,,0.0
chikungunya,ALEGRETE DO PIAUI,3,4,0,0.0,0.0,0.0,,0.3535533905932738
chikungunya,ALEXANIA,2,2,0,0.0,0.0,0.0,,0.0
chikungunya,ALFENAS,2,4,0,0.0,0.0,0.0,,0.0
chikungunya,ALMEIRIM,3,7,0,0.0,0.0,0.0,,0.3535533905932737
chikungunya,ALTA FLORESTA,73,209,12,0.0,0.0,0.04246575342465753,0.30492802245689177,1.8975645647816615
chikungunya,ALTAMIRA,8,11,1,0.0,0.0,0.0625,,0.8518988743968694
chikungunya,ALTO ARAGUAIA,2,4,0,0.0,0.0,0.0,0.0,0.0
chikungunya,ALTO BOA VISTA,1,1,0,0.0,0.0,0.0,0.0,0.1979444819819821
chikungunya,ALTO GARCAS,47,738,41,0.0,0.0,0.05392680092032544,9.476788801671612,2.64281563893639
chikungunya,ALTO PARAGUAI,9,17,0,0.0,0.0,0.0,0.0,0.5444952998387035
chikungunya,ALTO TAQUARI,4,15,0,0.0,0.0,0.0,0.0,0.4330127018922193
chikungunya,ALTOS,1,2,0,0.0,0.0,0.0,,0.0
chikungunya,ALVARAES,1,1,0,0.0,0.0,0.0,,0.0
chikungunya,AMAMBAI,2,4,0,0.0,0.0,0.0,,0.0
chikungunya,AMARANTE DO MARANHAO,1,3,0,0.0,0.0,0.0,,0.0
chikungunya,ANANINDEUA,1,6,0,0.0,0.0,0.0,,0.0
chikungunya,ANAPOLIS,2,3,1,0.0,0.0,0.25,,0.303525
chikungunya,ANDIRA,2,4,0,0.0,0.0,0.0,,0.0
chikungunya,APARECIDA DE GOIANIA,5,8,0,0.0,0.0,0.0,,0.20412414523193148
chikungunya,APIACAS,5,11,0,0.0,0.0,0.0,0.0,0.5050653962556306
chikungunya,AQUIDAUANA,1,2,0,0.0,0.0,0.0,,0.0
chikungunya,ARACRUZ,2,2,0,0.0,0.0,0.0,,0.0
chikungunya,ARAGARCAS,4,9,0,0.0,0.0,0.0,,0.43301270189221935
chikungunya,ARAGUAINA,1,1,0,0.0,0.0,0.0,,0.0
chikungunya,ARAPIRACA,1,2,0,0.0,0.0,0.0,,0.0
chikungunya,ARAPONGAS,1,2,0,0.0,0.0,0.0,,0.0
chikungunya,ARAPOTI,2,2,0,0.0,0.0,0.0,,0.0
chikungunya,ARAPUTANGA,81,2171,3,0.0,0.0,0.019547325102880656,0.2719294077569289,1.8607332827348544
chikungunya,ARARI,1,2,0,0.0,0.0,0.0,,0.0
chikungunya,ARAUCARIA,1,2,0,0.0,0.0,0.0,,0.0
chikungunya,ARENAPOLIS,64,1197,0,0.0,0.0,0.0,0.0,1.25
chikungunya,ARIPUANA,32,208,1,0.0,0.0,0.015625,0.12258266975248107,2.053829923282658
chikungunya,ARIQUEMES,13,22,0,0.0,0.0,0.0,,0.168625
chikungunya,ASSARE,1,1,0,0.0,0.0,0.0,,0.0
chikungunya,ASSIS,2,2,0,0.0,0.0,0.0,,0.0
chikungunya,ASSIS BRASIL,2,4,0,0.0,0.0,0.0,,0.0
chikungunya,ASSIS CHATEAUBRIAND,1,2,0,0.0,0.0,0.0,,0.0
chikungunya,AUGUSTO CORREA,2,3,0,0.0,0.0,0.0,,0.168625
chikungunya,BACABAL,1,2,0,0.0,0.0,0.0,,0.0
chikungunya,BADY BASSITT,2,4,0,0.0,0.0,0.0,,0.0
chikungunya,BAIXA GRANDE DO RIBEIRO,1,1,1,0.0,0.0,1.0,,0.0
chikungunya,BALNEARIO BARRA DO SUL,1,1,0,0.0,0.0,0.0,,0.0
chikungunya,BALSAS,1,2,0,0.0,0.0,0.0,,0.0
chikungunya,BARAO DE GRAJAU,1,3,0,0.0,0.0,0.0,,0.0
chikungunya,BARAO DE MELGACO,13,26,0,0.0,0.0,0.0,0.0,1.2806247497997998
chikungunya,BARCELOS,1,2,0,0.0,0.0,0.0,,0.0
chikungunya,BARRA DE SANTO ANTONIO,4,7,0,0.0,0.0,0.0,,0.14433756729740646
chikungunya,BARRA DO BUGRES,45,149,4,0.0,0.0,0.025,0.2748383623965489,2.251713250478411
chikungunya,BARRA DO CORDA,1,2,0,0.0,0.0,0.0,,0.0
chikungunya,BARRA DO GARCAS,45,168,9,0.0,0.0,0.07037037037037036,0.335201403561428,1.7616758262530232
chikungunya,BARREIRAS,2,2,0,0.0,0.0,0.0,,0.0
chikungunya,BATALHA,1,1,0,0.0,0.0,0.0,,0.0
chikungunya,BEBEDOURO,2,4,0,0.0,0.0,0.0,,0.0
chikungunya,BEBERIBE,1,2,0,0.0,0.0,0.0,,0.0
chikungunya,BELEM,3,5,0,0.0,0.0,0.0,,0.17677669529663684
chikungunya,BELO HORIZONTE,8,16,0,0.0,0.0,0.0,,0.0
chikungunya,BELO ORIENTE,1,2,0,0.0,0.0,0.0,,0.0
chikungunya,BENEVIDES,1,3,0,0.0,0.0,0.0,,0.0
chikungunya,BIGUACU,1,2,0,0.0,0.0,0.0,,0.0
chikungunya,BOA ESPERANCA DO NORTE,5,8,0,0.0,0.0,0.0,,0.20412414523193148
chikungunya,BOA VISTA,12,37,0,0.0,0.0,0.0,,1.25
chikungunya,BOA VISTA DO GURUPI,1,2,0,0.0,0.0,0.0,,0.0
chikungunya,BOCA DO ACRE,1,2,0,0.0,0.0,0.0,,0.0
chikungunya,BOM JESUS DAS SELVAS,2,4,0,0.0,0.0,0.0,,0.0
chikungunya,BOM LUGAR,3,4,0,0.0,0.0,0.0,,0.3535533905932738
chikungunya,BOMBINHAS,1,2,0,0.0,0.0,0.0,,0.0
chikungunya,BORDA DA MATA,1,2,0,0.0,0.0,0.0,,0.0
chikungunya,BRANQUINHA,5,8,0,0.0,0.0,0.0,,0.43749999999999994
chikungunya,BRASILANDIA DE MINAS,2,4,0,0.0,0.0,0.0,,0.0
chikungunya,BRASILIA,15,27,1,0.0,0.0,0.03333333333333333,,0.7483314773547882
chikungunya,BRASNORTE,17,30,1,0.0,0.0,0.029411764705882353,0.3459393637483222,1.7078327732034384
chikungunya,BREJO,1,1,0,0.0,0.0,0.0,,0.0
chikungunya,BRITANIA,1,2,0,0.0,0.0,0.0,,0.0
chikungunya,BRUSQUE,1,2,0,0.0,0.0,0.0,,0.0
chikungunya,BURITI BRAVO,1,2,0,0.0,0.0,0.0,,0.0
chikungunya,BURITIS,4,8,0,0.0,0.0,0.0,,0.0
chikungunya,CABEDELO,2,4,0,0.0,0.0,0.0,,0.0
chikungunya,CABO DE SANTO AGOSTINHO,1,2,0,0.0,0.0,0.0,,0.0
chikungunya,CACERES,82,448,31,0.0,0.0,0.05660258005641281,0.16097398879749816,1.550808118892222
chikungunya,CACHOEIRA DO SUL,2,4,0,0.0,0.0,0.0,,0.0
chikungunya,CACOAL,3,11,0,0.0,0.0,0.0,,0.505875
chikungunya,CACU,1,2,0,0.0,0.0,0.0,,0.0
chikungunya,CAFELANDIA,1,2,0,0.0,0.0,0.0,,0.0
chikungunya,CAMBE,2,4,0,0.0,0.0,0.0,,0.0
chikungunya,CAMPESTRE,1,2,0,0.0,0.0,0.0,,0.0
chikungunya,CAMPINA DA LAGOA,1,1,0,0.0,0.0,0.0,,0.0
chikungunya,CAMPINAPOLIS,40,267,6,0.0,0.0,0.1125,1.0607967475569895,1.6948350922086821
chikungunya,CAMPINORTE,2,3,0,0.0,0.0,0.0,,0.168625
chikungunya,CAMPO ALEGRE,1,2,0,0.0,0.0,0.0,,0.0
chikungunya,CAMPO FORMOSO,1,2,0,0.0,0.0,0.0,,0.0
chikungunya,CAMPO GRANDE,29,73,0,0.0,0.0,0.0,,1.180375
chikungunya,CAMPO MOURAO,1,2,0,0.0,0.0,0.0,,0.0
chikungunya,CAMPO NOVO DE RONDONIA,1,1,0,0.0,0.0,0.0,,0.0
chikungunya,CAMPO NOVO DO PARECIS,197,12783,49,0.0,1.0,0.030055773244490887,0.6445157380275283,2.4558967573868697
chikungunya,CAMPO VERDE,48,1053,5,0.0,0.0,0.01875,0.23630345452630486,3.092548937594519
chikungunya,CAMPOS DE JULIO,9,53,0,0.0,0.0,0.0,0.0,1.25
chikungunya,CANAA DOS CARAJAS,4,5,0,0.0,0.0,0.0,,0.43301270189221935
chikungunya,CANABRAVA DO NORTE,2,3,0,0.0,0.0,0.0,0.0,0.2639228110923424
chikungunya,CANARANA,21,51,3,0.0,0.0,0.04365079365079365,0.567739620790727,1.2670863250578588
chikungunya,CANDEIAS,1,2,0,0.0,0.0,0.0,,0.0
chikungunya,CANDEIAS DO JAMARI,4,6,0,0.0,0.0,0.0,,0.168625
chikungunya,CANTA,1,2,0,0.0,0.0,0.0,,0.0
chikungunya,CAPINZAL,1,4,0,0.0,0.0,0.0,,0.0
chikungunya,CAPIXABA,1,2,0,0.0,0.0,0.0,,0.0
chikungunya,CARAPICUIBA,1,2,0,0.0,0.0,0.0,,0.0
chikungunya,CAREIRO,1,1,0,0.0,0.0,0.0,,0.0
chikungunya,CARIACICA,2,2,0,0.0,0.0,0.0,,0.0
chikungunya,CARIRIACU,2,6,0,0.0,0.0,0.0,,0.168625
chikungunya,CARLINDA,5,7,0,0.0,0.0,0.0,0.0,0.3256692414965461
chikungunya,CARNAUBAIS,2,2,0,0.0,0.0,0.0,,0.0
chikungunya,CAROEBE,1,2,1,0.0,0.0,0.5,,0.0
chikungunya,CASCAVEL,4,8,0,0.0,0.0,0.0,,0.0
chikungunya,CASTANHEIRA,6,13,0,0.0,0.0,0.0,0.0,0.33725
chikungunya,CASTANHEIRAS,1,1,0,0.0,0.0,0.0,,0.0
chikungunya,CATALAO,1,1,0,0.0,0.0,0.0,,0.0
chikungunya,CATANDUVAS,2,3,0,0.0,0.0,0.0,,0.168625
chikungunya,CAUCAIA,1,2,0,0.0,0.0,0.0,,0.0
chikungunya,CAXIAS,6,10,0,0.0,0.0,0.0,,0.17677669529663684
chikungunya,CHAPADA DOS GUIMARAES,122,3113,8,0.0,1.0,0.030327868852459017,0.3919149923753317,1.7393607877312702
chikungunya,CHAPADAO DO CEU,1,1,0,0.0,0.0,0.0,,0.0
chikungunya,CHAPADAO DO SUL,1,2,0,0.0,0.0,0.0,,0.0
chikungunya,CHAPADINHA,1,1,0,0.0,0.0,0.0,,0.0
chikungunya,CHAPECO,4,9,0,0.0,0.0,0.0,,0.43301270189221935
chikungunya,CHOPINZINHO,2,2,0,0.0,0.0,0.0,,0.0
chikungunya,CHUPINGUAIA,1,3,0,0.0,0.0,0.0,,0.0
chikungunya,CIDADE OCIDENTAL,1,2,0,0.0,0.0,0.0,,0.0
chikungunya,CLAUDIA,15,59,0,0.0,0.0,0.0,0.0,0.840052775965573
chikungunya,COCALINHO,5,14,0,0.0,0.0,0.0,0.0,0.8284795009853604
chikungunya,CODO,2,4,0,0.0,0.0,0.0,,0.0
chikungunya,COELHO NETO,2,4,0,0.0,0.0,0.0,,0.0
chikungunya,COLATINA,1,2,0,0.0,0.0,0.0,,0.0
chikungunya,COLIDER,53,281,7,0.0,0.0,0.04465408805031447,0.4040065023221521,1.9778980957777605
chikungunya,COLINAS DO TOCANTINS,1,2,0,0.0,0.0,0.0,,0.0
chikungunya,COLNIZA,22,616,0,0.0,0.0,0.0,0.0,1.4080004856418922
chikungunya,COLORADO DO OESTE,1,1,0,0.0,0.0,0.0,,0.0
chikungunya,COMODORO,7,31,0,0.0,0.0,0.0,0.0,1.25
chikungunya,CONCEICAO DE MACABU,2,2,0,0.0,0.0,0.0,,0.0
chikungunya,CONCEICAO DO ARAGUAIA,1,1,0,0.0,0.0,0.0,,0.0
chikungunya,CONCEICAO DO LAGO-ACU,2,4,0,0.0,0.0,0.0,,0.0
chikungunya,CONFRESA,18,94,2,0.0,0.0,0.08333333333333333,0.34788661922826747,1.2817859575519184
chikungunya,CONQUISTA D''OESTE,8,50,0,0.0,0.0,0.0,,0.40469999999999995
chikungunya,CORACAO DE JESUS,1,1,0,0.0,0.0,0.0,,0.0
chikungunya,COROATA,2,4,0,0.0,0.0,0.0,,0.168625
chikungunya,CORUMBA,7,18,0,0.0,0.0,0.0,,0.505875
chikungunya,CORUMBIARA,1,1,0,0.0,0.0,0.0,,0.0
chikungunya,COSTA MARQUES,1,2,0,0.0,0.0,0.0,,0.0
chikungunya,COTRIGUACU,5,9,0,0.0,0.0,0.0,0.0,0.2707589597409913
chikungunya,COXIM,3,5,0,0.0,0.0,0.0,,0.17677669529663684
chikungunya,CRAIBAS,1,1,0,0.0,0.0,0.0,,0.0
chikungunya,CRISTIANOPOLIS,1,1,0,0.0,0.0,0.0,,0.0
chikungunya,CRUZ,3,5,0,0.0,0.0,0.0,,0.17677669529663684
chikungunya,CRUZ MACHADO,2,4,0,0.0,0.0,0.0,,0.0
chikungunya,CRUZEIRO,2,2,0,0.0,0.0,0.0,,0.0
chikungunya,CRUZEIRO DO SUL,2,5,0,0.0,0.0,0.0,,0.168625
chikungunya,CUIABA,247,20547,115,0.0,23.0,0.08187713080368038,0.08026250457500331,2.2646030689773564
chikungunya,CUJUBIM,2,2,0,0.0,0.0,0.0,,0.0
chikungunya,CURITIBA,4,7,0,0.0,0.0,0.0,,0.14433756729740646
chikungunya,CURITIBANOS,2,4,0,0.0,0.0,0.0,,0.0
chikungunya,CURUCA,2,4,0,0.0,0.0,0.0,,0.0
chikungunya,CURVELANDIA,15,149,0,0.0,0.0,0.0,0.0,1.25
chikungunya,DENISE,35,160,0,0.0,0.0,0.0,0.0,0.9274375
chikungunya,DIADEMA,2,5,0,0.0,0.0,0.0,,0.168625
chikungunya,DIAMANTINO,34,94,0,0.0,0.0,0.0,0.0,1.01175
chikungunya,DIANOPOLIS,1,1,0,0.0,0.0,0.0,,0.0
chikungunya,DIAS D''AVILA,1,2,0,0.0,0.0,0.0,,0.0
chikungunya,DOIS RIACHOS,1,2,0,0.0,0.0,0.0,,0.0
chikungunya,DOM AQUINO,7,13,0,0.0,0.0,0.0,0.0,0.10206207261596568
chikungunya,DOM PEDRO,1,3,0,0.0,0.0,0.0,,0.0
chikungunya,DOURADOS,6,11,0,0.0,0.0,0.0,,0.843125
chikungunya,ERECHIM,3,6,0,0.0,0.0,0.0,,0.0
chikungunya,ESPIGAO D''OESTE,1,2,0,0.0,0.0,0.0,,0.0
chikungunya,ESTANCIA,1,1,0,0.0,0.0,0.0,,0.0
chikungunya,FARIAS BRITO,2,3,0,0.0,0.0,0.0,,0.168625
chikungunya,FARROUPILHA,1,2,0,0.0,0.0,0.0,,0.0
chikungunya,FEIRA DE SANTANA,1,2,0,0.0,0.0,0.0,,0.0
chikungunya,FELIZ NATAL,13,43,2,0.0,0.0,0.07692307692307693,1.461998991220696,1.3856406460551018
chikungunya,FERNANDOPOLIS,2,4,0,0.0,0.0,0.0,,0.0
chikungunya,FIGUEIROPOLIS D''OESTE,6,10,0,0.0,0.0,0.0,,0.5276448530110863
chikungunya,FLOR DO SERTAO,3,6,0,0.0,0.0,0.0,,0.0
chikungunya,FLORIANOPOLIS,2,4,0,0.0,0.0,0.0,,0.0
chikungunya,FORQUILHINHA,1,1,0,0.0,0.0,0.0,,0.0
chikungunya,FORTALEZA,3,7,0,0.0,0.0,0.0,,0.33725
chikungunya,FOZ DO IGUACU,3,6,0,0.0,0.0,0.0,,0.0
chikungunya,FRANCA,3,4,0,0.0,0.0,0.0,,0.3535533905932738
chikungunya,FRANCISCO BELTRAO,3,6,0,0.0,0.0,0.0,,0.0
chikungunya,GAUCHA DO NORTE,11,26,0,0.0,0.0,0.0,0.0,0.40642451284140735
chikungunya,GAURAMA,1,2,0,0.0,0.0,0.0,,0.0
chikungunya,GENERAL CARNEIRO,8,35,1,0.0,0.0,0.125,2.0193861066235868,1.3318533854166665
chikungunya,GLORIA D''OESTE,3,6,0,0.0,0.0,0.0,,0.0
chikungunya,GOIANESIA,1,1,0,0.0,0.0,0.0,,0.0
chikungunya,GOIANIA,12,23,0,0.0,0.0,0.0,,0.6745
chikungunya,GOVERNADOR NEWTON BELLO,1,3,0,0.0,0.0,0.0,,0.0
chikungunya,GOVERNADOR NUNES FREIRE,2,3,0,0.0,0.0,0.0,,0.168625
chikungunya,GRAMADO,2,4,0,0.0,0.0,0.0,,0.0
chikungunya,GRANJA,2,3,0,0.0,0.0,0.0,,0.168625
chikungunya,GRANJEIRO,3,3,0,0.0,0.0,0.0,,0.0
chikungunya,GUAIRA,3,4,0,0.0,0.0,0.0,,0.3535533905932738
chikungunya,GUAJARA-MIRIM,3,5,0,0.0,0.0,0.0,,0.17677669529663684
chikungunya,GUANAMBI,2,4,0,0.0,0.0,0.0,,0.168625
chikungunya,GUARANI DAS MISSOES,1,1,0,0.0,0.0,0.0,,0.0
chikungunya,GUARANTA DO NORTE,78,206,14,0.0,0.0,0.05277777777777777,0.5736070059573969,2.448992895160019
chikungunya,GUARAPUAVA,1,2,0,0.0,0.0,0.0,,0.0
chikungunya,GUARULHOS,5,10,0,0.0,0.0,0.0,,0.0
chikungunya,GUIRATINGA,14,29,2,0.0,0.0,0.07142857142857142,1.4335273373663235,1.4310446863692223
chikungunya,GURUPI,1,1,0,0.0,0.0,0.0,,0.0
chikungunya,HORTOLANDIA,5,8,0,0.0,0.0,0.0,,0.43749999999999994
chikungunya,HUMAITA,2,3,0,0.0,0.0,0.0,,0.168625
chikungunya,ICARA,5,8,0,0.0,0.0,0.0,,0.43749999999999994
chikungunya,IGUATEMI,1,2,0,0.0,0.0,0.0,,0.0
chikungunya,ILHA COMPRIDA,1,2,0,0.0,0.0,0.0,,0.0
chikungunya,ILHA SOLTEIRA,2,4,0,0.0,0.0,0.0,,0.0
chikungunya,IMPERATRIZ,2,4,0,0.0,0.0,0.0,,0.0
chikungunya,INDIAVAI,10,22,0,0.0,0.0,0.0,0.0,0.48695623414797207
chikungunya,INHAPI,2,4,0,0.0,0.0,0.0,,0.0
chikungunya,IPAMERI,2,3,0,0.0,0.0,0.0,,0.168625
chikungunya,IPAUMIRIM,1,1,0,0.0,0.0,0.0,,0.0
chikungunya,IPIAU,1,2,0,0.0,0.0,0.0,,0.0
chikungunya,IPIRANGA DO NORTE,27,113,0,0.0,0.0,0.0,0.0,0.9274375
chikungunya,IPIXUNA,1,4,0,0.0,0.0,0.0,,0.0
chikungunya,IRITUIA,1,2,0,0.0,0.0,0.0,,0.0
chikungunya,ITABERABA,1,2,0,0.0,0.0,0.0,,0.0
chikungunya,ITACOATIARA,2,4,0,0.0,0.0,0.0,,0.0
chikungunya,ITAIPAVA DO GRAJAU,1,1,0,0.0,0.0,0.0,,0.0
chikungunya,ITAITUBA,12,22,0,0.0,0.0,0.0,,0.6776718456854931
chikungunya,ITAJAI,4,8,0,0.0,0.0,0.0,,0.0
chikungunya,ITANHANGA,6,10,0,0.0,0.0,0.0,0.0,0.5276448530110863
chikungunya,ITAPAGE,2,4,0,0.0,0.0,0.0,,0.0
chikungunya,ITAPEMA,3,5,0,0.0,0.0,0.0,,0.17677669529663684
chikungunya,ITAPIRA,1,2,0,0.0,0.0,0.0,,0.0
chikungunya,ITAPOA,2,2,0,0.0,0.0,0.0,,0.0
chikungunya,ITAPURA,1,1,0,0.0,0.0,0.0,,0.0
chikungunya,ITAUBA,7,21,0,0.0,0.0,0.0,0.0,0.5671782581081439
chikungunya,ITAUNA,2,6,0,0.0,0.0,0.0,,0.0
chikungunya,ITIQUIRA,8,15,0,0.0,0.0,0.0,0.0,0.09555451915320774
chikungunya,ITUMBIARA,3,5,0,0.0,0.0,0.0,,0.17677669529663684
chikungunya,ITUPIRANGA,1,2,0,0.0,0.0,0.0,,0.0
chikungunya,IUNA,2,2,0,0.0,0.0,0.0,,0.0
chikungunya,IVAIPORA,2,4,0,0.0,0.0,0.0,,0.0
chikungunya,IVINHEMA,1,2,0,0.0,0.0,0.0,,0.0
chikungunya,JACAREZINHO,2,4,0,0.0,0.0,0.0,,0.0
chikungunya,JACIARA,16,46,1,0.0,0.0,0.03125,0.23335316835264328,1.5229281465962718
chikungunya,JACUIPE,1,2,0,0.0,0.0,0.0,,0.0
chikungunya,JANGADA,17,45,2,0.0,0.0,0.058823529411764705,1.4921352794177634,1.1896503011228754
chikungunya,JAPURA,1,3,0,0.0,0.0,0.0,,0.0
chikungunya,JARAGUA DO SUL,1,2,0,0.0,0.0,0.0,,0.0
chikungunya,JARDIM,2,2,0,0.0,0.0,0.0,,0.0
chikungunya,JARDIM DE PIRANHAS,1,2,0,0.0,0.0,0.0,,0.0
chikungunya,JARDINOPOLIS,1,2,1,0.0,0.0,0.5,,0.0
chikungunya,JARU,6,8,0,0.0,0.0,0.0,,0.3535533905932738
chikungunya,JATAI,4,6,0,0.0,0.0,0.0,,0.168625
chikungunya,JAU,2,2,0,0.0,0.0,0.0,,0.0
chikungunya,JAURU,4,8,0,0.0,0.0,0.0,0.0,0.00011868313626129
chikungunya,JI-PARANA,10,21,0,0.0,0.0,0.0,,0.5718328021574036
chikungunya,JOACABA,1,2,0,0.0,0.0,0.0,,0.0
chikungunya,JOAO DOURADO,1,2,0,0.0,0.0,0.0,,0.0
chikungunya,JOAO PESSOA,1,2,0,0.0,0.0,0.0,,0.0
chikungunya,JOAQUIM GOMES,2,3,0,0.0,0.0,0.0,,0.168625
chikungunya,JOCA MARQUES,1,1,0,0.0,0.0,0.0,,0.0
chikungunya,JOIA,1,2,0,0.0,0.0,0.0,,0.0
chikungunya,JOINVILLE,4,7,0,0.0,0.0,0.0,,0.14433756729740646
chikungunya,JOSELANDIA,2,2,0,0.0,0.0,0.0,,0.0
chikungunya,JUARA,22,53,0,0.0,0.0,0.0,0.0,0.7874268115873102
chikungunya,JUINA,22,44,0,0.0,0.0,0.0,0.0,1.0054995831748048
chikungunya,JUNCO DO MARANHAO,1,2,0,0.0,0.0,0.0,,0.0
chikungunya,JUNDIA,1,2,0,0.0,0.0,0.0,,0.0
chikungunya,JUNDIAI,2,2,0,0.0,0.0,0.0,,0.0
chikungunya,JUNQUEIROPOLIS,2,4,0,0.0,0.0,0.0,,0.0
chikungunya,JURUENA,10,18,0,0.0,0.0,0.0,0.0,0.7379907305743244
chikungunya,JUSCIMEIRA,5,7,0,0.0,0.0,0.0,0.0,0.30618621784789735
chikungunya,LAGO VERDE,2,3,0,0.0,0.0,0.0,,0.168625
chikungunya,LAGOA DO MATO,1,2,0,0.0,0.0,0.0,,0.0
chikungunya,LAMBARI D''OESTE,16,79,0,0.0,0.0,0.0,,0.8332603737339805
chikungunya,LARANJAL DO JARI,2,4,0,0.0,0.0,0.0,,0.0
chikungunya,LENCOIS,2,8,0,0.0,0.0,0.0,,0.168625
chikungunya,LIMA CAMPOS,1,1,0,0.0,0.0,0.0,,0.0
chikungunya,LINS,1,2,0,0.0,0.0,0.0,,0.0
chikungunya,LONDRINA,2,5,0,0.0,0.0,0.0,,0.168625
chikungunya,LUCAS DO RIO VERDE,80,536,12,0.0,0.0,0.065625,0.17209821350072,1.8663945822301045
chikungunya,LUIS ANTONIO,1,1,0,0.0,0.0,0.0,,0.0
chikungunya,LUIS EDUARDO MAGALHAES,2,2,0,0.0,0.0,0.0,,0.0
chikungunya,LUIZIANIA,2,4,0,0.0,0.0,0.0,,0.0
chikungunya,LUZIANIA,2,4,0,0.0,0.0,0.0,,0.0
chikungunya,MACAPA,3,8,0,0.0,0.0,0.0,,0.168625
chikungunya,MACAUBAS,1,2,0,0.0,0.0,0.0,,0.0
chikungunya,MACEIO,7,16,0,0.0,0.0,0.0,,0.5884823492763706
chikungunya,MACHADINHO D''OESTE,1,2,0,0.0,0.0,0.0,,0.0
chikungunya,MAIRI,2,2,0,0.0,0.0,0.0,,0.0
chikungunya,MANAUS,13,42,1,0.0,0.0,0.038461538461538464,,1.01175
chikungunya,MANOEL RIBAS,2,4,0,0.0,0.0,0.0,,0.0
chikungunya,MANTENA,1,2,0,0.0,0.0,0.0,,0.0
chikungunya,MARABA,1,4,0,0.0,0.0,0.0,,0.0
chikungunya,MARACACUME,1,1,0,0.0,0.0,0.0,,0.0
chikungunya,MARACAJU,3,10,0,0.0,0.0,0.0,,0.35355339059327373
chikungunya,MARACANA,2,2,0,0.0,0.0,0.0,,0.0
chikungunya,MARACAS,1,1,0,0.0,0.0,0.0,,0.0
chikungunya,MARAGOGI,1,2,0,0.0,0.0,0.0,,0.0
chikungunya,MARANGUAPE,1,2,0,0.0,0.0,0.0,,0.0
chikungunya,MARAVILHA,2,4,0,0.0,0.0,0.0,,0.0
chikungunya,MARCELANDIA,72,456,52,0.0,0.0,0.142335388732636,6.963493765640356,2.4063929768707037
chikungunya,MARIALVA,3,5,0,0.0,0.0,0.0,,0.17677669529663684
chikungunya,MARINGA,11,25,0,0.0,0.0,0.0,,0.7383503845211843
chikungunya,MATA ROMA,2,4,0,0.0,0.0,0.0,,0.0
chikungunya,MATAO,4,6,0,0.0,0.0,0.0,,0.168625
chikungunya,MATIAS OLIMPIO,1,1,0,0.0,0.0,0.0,,0.0
chikungunya,MATOES DO NORTE,1,2,0,0.0,0.0,0.0,,0.0
chikungunya,MATRIZ DE CAMARAGIBE,3,4,0,0.0,0.0,0.0,,0.3535533905932738
chikungunya,MATUPA,23,68,6,0.0,0.0,0.09057971014492752,1.4274319111983356,1.3048691165147153
chikungunya,MIGUEL ALVES,2,3,0,0.0,0.0,0.0,,0.168625
chikungunya,MINEIROS,7,14,0,0.0,0.0,0.0,,0.5400617248673217
chikungunya,MINISTRO ANDREAZZA,1,2,0,0.0,0.0,0.0,,0.0
chikungunya,MIRASSOL,1,2,0,0.0,0.0,0.0,,0.0
chikungunya,MIRASSOL D''OESTE,71,371,4,0.0,0.0,0.017605633802816902,,1.25
chikungunya,MOJUI DOS CAMPOS,1,2,0,0.0,0.0,0.0,,0.0
chikungunya,MONTALVANIA,2,4,0,0.0,0.0,0.0,,0.0
chikungunya,MONTE ALEGRE,2,4,0,0.0,0.0,0.0,,0.0
chikungunya,MONTES CLAROS,2,4,0,0.0,0.0,0.0,,0.0
chikungunya,MONTIVIDIU,2,2,0,0.0,0.0,0.0,,0.0
chikungunya,MORPARA,1,1,0,0.0,0.0,0.0,,0.0
chikungunya,MOSSORO,1,1,0,0.0,0.0,0.0,,0.0
chikungunya,NITEROI,2,4,0,0.0,0.0,0.0,,0.0
chikungunya,NOBRES,20,46,1,0.0,0.0,0.008333333333333333,0.37395759320893013,2.36731044045363
chikungunya,NORTELANDIA,24,72,1,0.0,0.0,0.020833333333333332,0.6991051454138701,1.9183326093250876
chikungunya,NOSSA SENHORA DE NAZARE,2,3,0,0.0,0.0,0.0,,0.168625
chikungunya,NOSSA SENHORA DO LIVRAMENTO,48,231,6,0.0,0.0,0.05381944444444444,1.0804444918068101,2.0819447951907613
chikungunya,NOSSA SENHORA DO SOCORRO,2,4,0,0.0,0.0,0.0,,0.0
chikungunya,NOVA ALVORADA DO SUL,1,2,0,0.0,0.0,0.0,,0.0
chikungunya,NOVA BANDEIRANTES,6,17,0,0.0,0.0,0.0,0.0,1.2078050464527028
chikungunya,NOVA BRASILANDIA,6,14,0,0.0,0.0,0.0,0.0,0.6081897913907133
chikungunya,NOVA BRASILANDIA D''OESTE,2,3,0,0.0,0.0,0.0,,0.168625
chikungunya,NOVA CANAA DO NORTE,10,21,3,0.0,0.0,0.15,2.588795692243968,1.0309907904212605
chikungunya,NOVA CANAA PAULISTA,2,4,0,0.0,0.0,0.0,,0.0
chikungunya,NOVA FATIMA,2,4,0,0.0,0.0,0.0,,0.0
chikungunya,NOVA GUARITA,8,96,2,0.0,0.0,0.020833333333333332,5.499340079190498,1.7328005244258362
chikungunya,NOVA LACERDA,4,6,0,0.0,0.0,0.0,0.0,0.20206041314752268
chikungunya,NOVA MARILANDIA,15,31,4,0.0,0.0,0.13333333333333333,7.147324220494952,1.019803902718557
chikungunya,NOVA MARINGA,6,14,0,0.0,0.0,0.0,0.0,1.2756592940596847
chikungunya,NOVA MONTE VERDE,6,11,2,0.0,0.0,0.16666666666666666,3.745507018234291,0.7054315516667725
chikungunya,NOVA MUTUM,57,260,4,0.0,0.0,0.01644736842105263,0.12309552945143204,1.7791264599591978
chikungunya,NOVA OLIMPIA,18,44,0,0.0,0.0,0.0,0.0,0.843125
chikungunya,NOVA OLINDA DO MARANHAO,1,2,0,0.0,0.0,0.0,,0.0
chikungunya,NOVA SANTA HELENA,63,555,27,0.0,0.0,0.06179855207940126,11.018015251805755,2.401907392500918
chikungunya,NOVA UBIRATA,22,67,2,0.0,0.0,0.031818181818181815,0.9758001561280251,1.9504023423075614
chikungunya,NOVA XAVANTINA,2,3,0,0.0,0.0,0.0,0.0,0.168625
chikungunya,NOVO HORIZONTE DO NORTE,7,16,0,0.0,0.0,0.0,0.0,0.5083578512105856
chikungunya,NOVO HORIZONTE DO OESTE,1,1,0,0.0,0.0,0.0,,0.0
chikungunya,NOVO MUNDO,9,18,3,0.0,0.0,0.16666666666666666,4.653747171337743,1.0469436773440242
chikungunya,NOVO PROGRESSO,5,10,0,0.0,0.0,0.0,,0.3952847075210474
chikungunya,NOVO REPARTIMENTO,2,4,0,0.0,0.0,0.0,,0.0
chikungunya,NOVO SANTO ANTONIO,1,2,0,0.0,0.0,0.0,0.0,0.20666531883445952
chikungunya,OLIMPIA,1,2,0,0.0,0.0,0.0,,0.0
chikungunya,ORIXIMINA,1,1,0,0.0,0.0,0.0,,0.0
chikungunya,OSORIO,2,4,0,0.0,0.0,0.0,,0.0
chikungunya,OURILANDIA DO NORTE,2,4,0,0.0,0.0,0.0,,0.168625
chikungunya,OURO PRETO DO OESTE,1,1,0,0.0,0.0,0.0,,0.0
chikungunya,OUROESTE,3,6,0,0.0,0.0,0.0,,0.0
chikungunya,PACARAIMA,22,71,0,0.0,0.0,0.0,,0.843125
chikungunya,PACO DO LUMIAR,1,1,0,0.0,0.0,0.0,,0.0
chikungunya,PALHOCA,1,1,0,0.0,0.0,0.0,,0.0
chikungunya,PALMAS,1,2,0,0.0,0.0,0.0,,0.0
chikungunya,PALMEIRA DOS INDIOS,1,1,0,0.0,0.0,0.0,,0.0
chikungunya,PALMITINHO,1,2,0,0.0,0.0,0.0,,0.0
chikungunya,PANORAMA,1,2,0,0.0,0.0,0.0,,0.0
chikungunya,PAO DE ACUCAR,3,4,0,0.0,0.0,0.0,,0.3535533905932738
chikungunya,PARAGOMINAS,4,8,0,0.0,0.0,0.0,,0.0
chikungunya,PARAISO,2,2,0,0.0,0.0,0.0,,0.0
chikungunya,PARANAITA,3,5,0,0.0,0.0,0.0,0.0,0.17677669529663684
chikungunya,PARANATINGA,11,34,1,0.0,0.0,0.045454545454545456,0.39100684261974583,1.2909928700921267
chikungunya,PARANAVAI,2,4,0,0.0,0.0,0.0,,0.0
chikungunya,PARANHOS,1,1,0,0.0,0.0,0.0,,0.0
chikungunya,PARAUAPEBAS,7,14,0,0.0,0.0,0.0,,0.46770717334674267
chikungunya,PARAZINHO,2,4,0,0.0,0.0,0.0,,0.0
chikungunya,PARNAIBA,2,6,0,0.0,0.0,0.0,,0.168625
chikungunya,PAROBE,1,2,0,0.0,0.0,0.0,,0.0
chikungunya,PASSAGEM FRANCA DO PIAUI,3,4,0,0.0,0.0,0.0,,0.3535533905932738
chikungunya,PASSO FUNDO,1,2,0,0.0,0.0,0.0,,0.0
chikungunya,PAULICEIA,3,4,0,0.0,0.0,0.0,,0.3535533905932738
chikungunya,PEABIRU,1,1,0,0.0,0.0,0.0,,0.0
chikungunya,PEDRA PRETA,30,185,6,0.0,1.0,0.05555555555555555,1.092032892030708,1.5190085331330336
chikungunya,PEIXOTO DE AZEVEDO,20,67,1,0.0,0.0,0.025,0.1400756408460569,1.7642009484748284
chikungunya,PELOTAS,2,2,0,0.0,0.0,0.0,,0.0
chikungunya,PEREIRA BARRETO,1,2,0,0.0,0.0,0.0,,0.0
chikungunya,PETROLINA,2,8,0,0.0,0.0,0.0,,0.0
chikungunya,PILAR,1,1,0,0.0,0.0,0.0,,0.0
chikungunya,PIMENTA BUENO,7,15,0,0.0,0.0,0.0,,0.5573704017131538
chikungunya,PINHALZINHO,1,1,0,0.0,0.0,0.0,,0.0
chikungunya,PINHEIRO,3,5,0,0.0,0.0,0.0,,0.17677669529663684
chikungunya,PIRAMBU,2,4,0,0.0,0.0,0.0,,0.0
chikungunya,PIRAPEMAS,2,4,0,0.0,0.0,0.0,,0.0
chikungunya,PIRATININGA,1,2,0,0.0,0.0,0.0,,0.0
chikungunya,PLACIDO DE CASTRO,1,2,0,0.0,0.0,0.0,,0.0
chikungunya,PLANALTO DA SERRA,7,13,1,0.0,0.0,0.07142857142857142,4.512228138254669,1.1349378155907233
chikungunya,POCONE,31,87,2,0.0,0.0,0.03225806451612903,0.21360676071872267,1.5783978634127496
chikungunya,PONTA GROSSA,3,6,0,0.0,0.0,0.0,,0.0
chikungunya,PONTA PORA,8,14,1,0.0,0.0,0.0625,,0.6734878295103245
chikungunya,PONTAL DO PARANA,1,1,0,0.0,0.0,0.0,,0.0
chikungunya,PONTES E LACERDA,53,263,10,0.0,0.0,0.07547169811320754,0.3870797774645364,1.5725935295293654
chikungunya,PORTEIRAO,1,2,0,0.0,0.0,0.0,,0.0
chikungunya,PORTO ACRE,1,1,0,0.0,0.0,0.0,,0.0
chikungunya,PORTO ALEGRE,3,4,0,0.0,0.0,0.0,,0.3535533905932738
chikungunya,PORTO ALEGRE DO NORTE,2,3,0,0.0,0.0,0.0,0.0,0.25640304757882887
chikungunya,PORTO CALVO,2,2,0,0.0,0.0,0.0,,0.0
chikungunya,PORTO DE PEDRAS,2,2,0,0.0,0.0,0.0,,0.0
chikungunya,PORTO DOS GAUCHOS,1,2,0,0.0,0.0,0.0,0.0,0.00188468820382883
chikungunya,PORTO ESPERIDIAO,14,35,1,0.0,0.0,0.03571428571428571,0.6844064826982041,1.439143391654869
chikungunya,PORTO ESTRELA,5,8,0,0.0,0.0,0.0,0.0,0.3049288538467966
chikungunya,PORTO FRANCO,1,2,0,0.0,0.0,0.0,,0.0
chikungunya,PORTO LUCENA,5,5,0,0.0,0.0,0.0,,0.0
chikungunya,PORTO NACIONAL,1,2,0,0.0,0.0,0.0,,0.0
chikungunya,PORTO VELHO,17,51,0,0.0,0.0,0.0,,1.25
chikungunya,POSSE,2,2,0,0.0,0.0,0.0,,0.0
chikungunya,POXOREO,10,25,0,0.0,0.0,0.0,,0.7197078935615439
chikungunya,PRESIDENTE MEDICI,1,2,0,0.0,0.0,0.0,,0.0
chikungunya,PRESIDENTE PRUDENTE,2,4,0,0.0,0.0,0.0,,0.0
chikungunya,PRIMAVERA DO LESTE,83,1155,90,0.0,0.0,0.02600631344478951,1.354965376808679,2.8887092056676034
chikungunya,QUEBRANGULO,1,3,0,0.0,0.0,0.0,,0.0
chikungunya,QUERENCIA,73,1494,44,0.0,0.0,0.06338084530225842,2.2265784370620096,2.1262449716724636
chikungunya,QUIRINOPOLIS,2,4,0,0.0,0.0,0.0,,0.0
chikungunya,RECIFE,3,8,0,0.0,0.0,0.0,,0.3535533905932738
chikungunya,REGENTE FEIJO,2,5,0,0.0,0.0,0.0,,0.168625
chikungunya,RENASCENCA,1,1,0,0.0,0.0,0.0,,0.0
chikungunya,RESERVA DO CABACAL,7,16,0,0.0,0.0,0.0,0.0,0.6165215981394881
chikungunya,RIBEIRAO CASCALHEIRA,5,10,2,0.0,0.0,0.2,3.8684719535783367,0.9080443799268019
chikungunya,RIBEIRAO PRETO,3,5,0,0.0,0.0,0.0,,0.35355339059327373
chikungunya,RIO BRANCO,21,72,2,0.0,0.0,0.047619047619047616,2.0803329980584566,1.2731755988919293
chikungunya,RIO CLARO,1,2,0,0.0,0.0,0.0,,0.0
chikungunya,RIO DE JANEIRO,5,19,0,0.0,0.0,0.0,,0.168625
chikungunya,RIO LARGO,2,2,0,0.0,0.0,0.0,,0.0
chikungunya,RIO PRETO DA EVA,2,3,0,0.0,0.0,0.0,,0.168625
chikungunya,RIO VERDE,4,7,0,0.0,0.0,0.0,,0.14433756729740646
chikungunya,RIO VERDE DE MATO GROSSO,1,2,0,0.0,0.0,0.0,,0.0
chikungunya,RODEIO BONITO,1,3,0,0.0,0.0,0.0,,0.0
chikungunya,RODRIGUES ALVES,1,2,0,0.0,0.0,0.0,,0.0
chikungunya,ROLIM DE MOURA,7,19,0,0.0,0.0,0.0,,0.33725
chikungunya,RONDONOPOLIS,128,3155,52,0.0,2.0,0.08023003472222222,0.16440093217276622,2.051667786483032
chikungunya,ROSANA,1,2,0,0.0,0.0,0.0,,0.0
chikungunya,ROSARIO OESTE,43,547,0,0.0,0.0,0.0,0.0,1.312821357685811
chikungunya,SALTO DO CEU,9,16,0,0.0,0.0,0.0,0.0,0.16384022646015375
chikungunya,SALVADOR,1,2,0,0.0,0.0,0.0,,0.0
chikungunya,SANTA CARMEM,6,16,1,0.0,0.0,0.08333333333333333,3.6231884057971016,1.01175
chikungunya,SANTA CRUZ CABRALIA,1,2,0,0.0,0.0,0.0,,0.0
chikungunya,SANTA CRUZ DO SUL,1,2,0,0.0,0.0,0.0,,0.0
chikungunya,SANTA LUZIA,3,4,0,0.0,0.0,0.0,,0.3535533905932738
chikungunya,SANTA MARIA,2,4,0,0.0,0.0,0.0,,0.0
chikungunya,SANTA MARIANA,1,2,0,0.0,0.0,0.0,,0.0
chikungunya,SANTA MERCEDES,1,1,0,0.0,0.0,0.0,,0.0
chikungunya,SANTA QUITERIA DO MARANHAO,2,4,0,0.0,0.0,0.0,,0.0
chikungunya,SANTA RITA DO TRIVELATO,3,8,0,0.0,0.0,0.0,0.0,0.3535533905932738
chikungunya,SANTA ROSA,1,2,0,0.0,0.0,0.0,,0.0
chikungunya,SANTA TEREZINHA,8,16,0,0.0,0.0,0.0,0.0,0.5155690385698201
chikungunya,SANTANA DO ARAGUAIA,2,4,1,0.0,0.0,0.25,,0.1349
chikungunya,SANTANA DO IPANEMA,1,2,0,0.0,0.0,0.0,,0.0
chikungunya,SANTAREM,3,6,0,0.0,0.0,0.0,,0.168625
chikungunya,SANTO AFONSO,7,13,0,0.0,0.0,0.0,0.0,0.33725
chikungunya,SANTO ANDRE,5,10,0,0.0,0.0,0.0,,0.0
chikungunya,SANTO ANTONIO DE POSSE,1,1,0,0.0,0.0,0.0,,0.0
chikungunya,SANTO ANTONIO DO LESTE,1,2,0,0.0,0.0,0.0,0.0,0.00947566159909919
chikungunya,SANTO ANTONIO DO LEVERGER,37,159,3,0.0,0.0,0.04054054054054054,0.5133580696072566,2.079612647804054
chikungunya,SAO BERNARDO DO CAMPO,3,6,0,0.0,0.0,0.0,,0.0
chikungunya,SAO CRISTOVAO,1,2,0,0.0,0.0,0.0,,0.0
chikungunya,SAO DOMINGOS DO MARANHAO,2,3,0,0.0,0.0,0.0,,0.168625
chikungunya,SAO FELIX DO ARAGUAIA,5,8,0,0.0,0.0,0.0,0.0,0.36679599911706673
chikungunya,SAO FRANCISCO,1,2,0,0.0,0.0,0.0,,0.0
chikungunya,SAO FRANCISCO DO MARANHAO,2,3,0,0.0,0.0,0.0,,0.168625
chikungunya,SAO GABRIEL DO OESTE,1,2,0,0.0,0.0,0.0,,0.0
chikungunya,SAO JERONIMO,2,6,0,0.0,0.0,0.0,,0.168625
chikungunya,SAO JOAO DA BALIZA,1,2,0,0.0,0.0,0.0,,0.0
chikungunya,SAO JOAO DA BOA VISTA,1,2,0,0.0,0.0,0.0,,0.0
chikungunya,SAO JOSE DA TAPERA,2,4,0,0.0,0.0,0.0,,0.0
chikungunya,SAO JOSE DO EGITO,1,1,0,0.0,0.0,0.0,,0.0
chikungunya,SAO JOSE DO POVO,5,11,0,0.0,0.0,0.0,0.0,0.5216525513795045
chikungunya,SAO JOSE DO RIO CLARO,19,41,0,0.0,0.0,0.0,0.0,0.8821470462541682
chikungunya,SAO JOSE DO RIO PRETO,2,2,0,0.0,0.0,0.0,,0.0
chikungunya,SAO JOSE DO XINGU,1,5,0,0.0,0.0,0.0,0.0,0.10040118595157664
chikungunya,SAO JOSE DOS CAMPOS,2,4,0,0.0,0.0,0.0,,0.0
chikungunya,SAO JOSE DOS QUATRO MARCOS,26,60,2,0.0,0.0,0.038461538461538464,0.40942663893483566,1.3856406460551018
chikungunya,SAO LUIS,1,1,0,0.0,0.0,0.0,,0.0
chikungunya,SAO LUIS DO QUITUNDE,7,9,0,0.0,0.0,0.0,,0.39528470752104733
chikungunya,SAO LUIS GONZAGA DO MARANHAO,1,1,0,0.0,0.0,0.0,,0.0
chikungunya,SAO MIGUEL DAS MISSOES,1,1,0,0.0,0.0,0.0,,0.0
chikungunya,SAO MIGUEL DOS CAMPOS,3,4,0,0.0,0.0,0.0,,0.3535533905932738
chikungunya,SAO PAULO,7,32,0,0.0,0.0,0.0,,0.5901875
chikungunya,SAO PEDRO DA CIPA,3,6,0,0.0,0.0,0.0,0.0,0.02677016821509017
chikungunya,SAO PEDRO DO IGUACU,3,7,0,0.0,0.0,0.0,,0.3535533905932737
chikungunya,SAO VALERIO DO SUL,1,2,0,0.0,0.0,0.0,,0.0
chikungunya,SAO VICENTE,2,4,0,0.0,0.0,0.0,,0.0
chikungunya,SAPEZAL,89,952,18,0.0,0.0,0.029700636442209476,0.8479473037335139,2.261347483834138
chikungunya,SAQUAREMA,1,2,0,0.0,0.0,0.0,,0.0
chikungunya,SARANDI,5,8,0,0.0,0.0,0.0,,0.20412414523193148
chikungunya,SENADOR CANEDO,3,6,0,0.0,0.0,0.0,,0.0
chikungunya,SENADOR LA ROCQUE,1,2,0,0.0,0.0,0.0,,0.0
chikungunya,SERINGUEIRAS,1,1,0,0.0,0.0,0.0,,0.0
chikungunya,SERRA,3,6,0,0.0,0.0,0.0,,0.168625
chikungunya,SERRA NOVA DOURADA,1,2,0,0.0,0.0,0.0,0.0,0.08282183980855864
chikungunya,SIDROLANDIA,2,4,0,0.0,0.0,0.0,,0.0
chikungunya,SIMOES FILHO,1,2,0,0.0,0.0,0.0,,0.0
chikungunya,SINOP,137,4616,37,0.0,11.0,0.08466833141247279,0.14274283642117025,1.9439598154226931
chikungunya,SOBRAL,1,4,0,0.0,0.0,0.0,,0.0
chikungunya,SOROCABA,3,11,0,0.0,0.0,0.0,,0.168625
chikungunya,SORRISO,118,1143,17,0.0,3.0,0.04122120817036071,0.13039451567180296,2.108178837035871
chikungunya,SUMARE,2,8,0,0.0,0.0,0.0,,0.0
chikungunya,TABAPORA,9,16,0,0.0,0.0,0.0,0.0,0.4861359120657515
chikungunya,TABOCAS DO BREJO VELHO,1,2,0,0.0,0.0,0.0,,0.0
chikungunya,TANABI,2,4,0,0.0,0.0,0.0,,0.0
chikungunya,TANGARA DA SERRA,130,2342,20,0.0,7.0,0.05124135124135124,0.14821579969147092,1.8071612400482213
chikungunya,TAPURAH,35,235,11,0.0,0.0,0.01311638168781026,2.1981711216268067,3.15100697402388
chikungunya,TEOTONIO VILELA,2,2,0,0.0,0.0,0.0,,0.0
chikungunya,TERESINA,1,2,0,0.0,0.0,0.0,,0.0
chikungunya,TERRA NOVA DO NORTE,15,32,0,0.0,0.0,0.0,0.0,0.33725
chikungunya,TIJUCAS,1,2,0,0.0,0.0,0.0,,0.0
chikungunya,TIMBO,1,2,0,0.0,0.0,0.0,,0.0
chikungunya,TOLEDO,1,2,0,0.0,0.0,0.0,,0.0
chikungunya,TOME-ACU,2,6,0,0.0,0.0,0.0,,0.0
chikungunya,TRES RIOS,1,2,0,0.0,0.0,0.0,,0.0
chikungunya,TRINDADE,1,2,0,0.0,0.0,0.0,,0.0
chikungunya,TUBARAO,1,1,0,0.0,0.0,0.0,,0.0
chikungunya,TUCUMA,1,2,0,0.0,0.0,0.0,,0.0
chikungunya,TUFILANDIA,1,2,0,0.0,0.0,0.0,,0.0
chikungunya,TUIUTI,1,2,0,0.0,0.0,0.0,,0.0
chikungunya,TUNTUM,3,7,0,0.0,0.0,0.0,,0.3535533905932737
chikungunya,TUPA,1,2,0,0.0,0.0,0.0,,0.0
chikungunya,TUPACIGUARA,1,1,0,0.0,0.0,0.0,,0.0
chikungunya,TUPANCIRETA,1,1,0,0.0,0.0,0.0,,0.0
chikungunya,UBERABA,2,3,0,0.0,0.0,0.0,,0.168625
chikungunya,UBERLANDIA,2,2,0,0.0,0.0,0.0,,0.0
chikungunya,UMUARAMA,2,4,0,0.0,0.0,0.0,,0.0
chikungunya,UNIAO DO SUL,6,22,1,0.0,0.0,0.08333333333333333,4.296640027498497,0.8963071318782942
chikungunya,UNIAO DOS PALMARES,3,5,0,0.0,0.0,0.0,,0.35355339059327373
chikungunya,VALE DO ANARI,2,3,0,0.0,0.0,0.0,,0.168625
chikungunya,VARZEA ALEGRE,3,4,0,0.0,0.0,0.0,,0.3535533905932738
chikungunya,VARZEA GRANDE,232,6991,103,0.0,13.0,0.06177950615498089,0.16447515335700236,2.307367626941836
chikungunya,VERA,21,518,3,0.0,1.0,0.004336043360433604,1.3943112102621302,2.119851892490329
chikungunya,VILA BELA DA SANTISSIMA TRINDADE,4,12,0,0.0,0.0,0.0,0.0,0.5447932269485258
chikungunya,VILA NOVA DOS MARTIRIOS,3,4,0,0.0,0.0,0.0,,0.3535533905932738
chikungunya,VILA RICA,30,258,55,0.0,0.0,0.17560008232683755,9.847030851642842,2.077482544123937
chikungunya,VILHENA,9,17,0,0.0,0.0,0.0,,0.6032506032509048
chikungunya,VITORIA DA CONQUISTA,1,2,0,0.0,0.0,0.0,,0.0
chikungunya,VITORINO FREIRE,3,3,0,0.0,0.0,0.0,,0.0
chikungunya,VOLTA REDONDA,3,8,0,0.0,0.0,0.0,,0.3535533905932738
chikungunya,VOTUPORANGA,1,2,0,0.0,0.0,0.0,,0.0
chikungunya,XAMBIOA,1,2,0,0.0,0.0,0.0,,0.0
chikungunya,XEXEU,2,4,0,0.0,0.0,0.0,,0.0
chikungunya,XINGUARA,1,2,0,0.0,0.0,0.0,,0.0
chikungunya,ZE DOCA,4,8,0,0.0,0.0,0.0,,0.843125
cisticercose_mayaro_biologia_molecular,CAMPO NOVO DO PARECIS,1,1,0,0.0,0.0,0.0,0.0,0.0
cisticercose_pesquisa_de_arbov_rus_zdc,CAMPO NOVO DO PARECIS,5,7,0,0.0,0.0,0.0,0.0,0.5
citomegalov_rus_chagas,CANARANA,1,1,0,0.0,0.0,0.0,0.0,0.0
citomegalov_rus_chagas_igg,CANARANA,1,1,0,0.0,0.0,0.0,0.0,0.0
citomegalov_rus_chagas_igm,CANARANA,1,1,0,0.0,0.0,0.0,0.0,0.0
citomegalov_rus_citomegalov_rus_igg,BARRA DO BUGRES,1,1,1,0.0,0.0,1.0,3.400666530640005,0.0017327737894144602
citomegalov_rus_citomegalov_rus_igg,BARRA DO GARCAS,2,2,0,0.0,0.0,0.0,0.0,0.0
citomegalov_rus_citomegalov_rus_igg,BARRA DO GUARITA,1,1,0,0.0,0.0,0.0,,0.0
citomegalov_rus_citomegalov_rus_igg,BOM JESUS DO ARAGUAIA,1,1,0,0.0,0.0,0.0,0.0,0.12204424268018027
citomegalov_rus_citomegalov_rus_igg,CANARANA,24,134,44,0.0,0.0,0.23677248677248677,6.754143052749858,1.3431565267275891
citomegalov_rus_citomegalov_rus_igg,CONFRESA,1,1,0,0.0,0.0,0.0,,0.047710620777027084
citomegalov_rus_citomegalov_rus_igg,CUIABA,5,5,1,0.0,0.0,0.2,0.14453477868112014,0.39999999999999997
citomegalov_rus_citomegalov_rus_igg,CURITIBA,1,1,0,0.0,0.0,0.0,,0.0
citomegalov_rus_citomegalov_rus_igg,GAUCHA DO NORTE,1,1,0,0.0,0.0,0.0,0.0,0.07570559895833356
citomegalov_rus_citomegalov_rus_igg,GOIANIA,1,1,0,0.0,0.0,0.0,,0.0
citomegalov_rus_citomegalov_rus_igg,GUARANTA DO NORTE,4,5,0,0.0,0.0,0.0,0.0,0.43301270189221935
citomegalov_rus_citomegalov_rus_igg,NOVA MUTUM,1,1,0,0.0,0.0,0.0,0.0,0.0
citomegalov_rus_citomegalov_rus_igg,NOVA NAZARE,1,1,0,0.0,0.0,0.0,0.0,0.12084791666666697
citomegalov_rus_citomegalov_rus_igg,PONTA PORA,1,1,0,0.0,0.0,0.0,,0.0
citomegalov_rus_citomegalov_rus_igg,QUERENCIA,1,4,0,0.0,0.0,0.0,0.0,0.0
citomegalov_rus_citomegalov_rus_igg,RONDONOPOLIS,2,2,0,0.0,0.0,0.0,0.0,0.0
citomegalov_rus_citomegalov_rus_igg,SAO FELIX DO XINGU,1,1,0,0.0,0.0,0.0,,0.0
citomegalov_rus_citomegalov_rus_igg,SORRISO,2,2,0,0.0,0.0,0.0,0.0,0.0
citomegalov_rus_citomegalov_rus_igg,TAIPAS DO TOCANTINS,1,1,0,0.0,0.0,0.0,,0.0
citomegalov_rus_citomegalov_rus_igg,TANGARA DA SERRA,2,2,0,0.0,0.0,0.0,0.0,0.0
citomegalov_rus_citomegalov_rus_igg,VARZEA GRANDE,1,1,0,0.0,0.0,0.0,0.0,0.0
citomegalov_rus_citomegalov_rus_igg_avidez,CANARANA,2,2,0,0.0,0.0,0.0,0.0,0.0
citomegalov_rus_citomegalov_rus_igg_avidez,CONFRESA,1,1,0,0.0,0.0,0.0,,0.047710620777027084
citomegalov_rus_citomegalov_rus_igg_avidez,CUIABA,3,4,0,0.0,0.0,0.0,0.0,0.3535533905932738
citomegalov_rus_citomegalov_rus_igg_avidez,GUARANTA DO NORTE,1,1,0,0.0,0.0,0.0,0.0,0.0
citomegalov_rus_citomegalov_rus_igg_avidez,RONDONOPOLIS,1,1,0,0.0,0.0,0.0,0.0,0.0
citomegalov_rus_citomegalov_rus_igg_avidez,SORRISO,1,1,0,0.0,0.0,0.0,,0.0
citomegalov_rus_citomegalov_rus_igg_avidez,TAIPAS DO TOCANTINS,1,1,0,0.0,0.0,0.0,,0.0
citomegalov_rus_citomegalov_rus_igg_avidez,TANGARA DA SERRA,2,2,0,0.0,0.0,0.0,0.0,0.0
citomegalov_rus_citomegalov_rus_igg_avidez,VARZEA GRANDE,1,1,0,0.0,0.0,0.0,0.0,0.0
citomegalov_rus_citomegalov_rus_igm,BARRA DO BUGRES,1,1,0,0.0,0.0,0.0,0.0,0.0017327737894144602
citomegalov_rus_citomegalov_rus_igm,BARRA DO GARCAS,2,2,0,0.0,0.0,0.0,0.0,0.0
citomegalov_rus_citomegalov_rus_igm,BARRA DO GUARITA,1,1,0,0.0,0.0,0.0,,0.0
citomegalov_rus_citomegalov_rus_igm,CANARANA,24,111,0,0.0,0.0,0.0,0.0,1.25
citomegalov_rus_citomegalov_rus_igm,CONFRESA,1,1,0,0.0,0.0,0.0,,0.047710620777027084
citomegalov_rus_citomegalov_rus_igm,CUIABA,5,5,0,0.0,0.0,0.0,0.0,0.0
citomegalov_rus_citomegalov_rus_igm,CURITIBA,1,1,0,0.0,0.0,0.0,,0.0
citomegalov_rus_citomegalov_rus_igm,GAUCHA DO NORTE,1,1,0,0.0,0.0,0.0,0.0,0.07570559895833356
citomegalov_rus_citomegalov_rus_igm,GOIANIA,1,1,0,0.0,0.0,0.0,,0.0
citomegalov_rus_citomegalov_rus_igm,GUARANTA DO NORTE,4,5,0,0.0,0.0,0.0,0.0,0.43301270189221935
citomegalov_rus_citomegalov_rus_igm,NOVA MUTUM,1,1,0,0.0,0.0,0.0,0.0,0.0
citomegalov_rus_citomegalov_rus_igm,NOVA NAZARE,1,1,0,0.0,0.0,0.0,0.0,0.12084791666666697
citomegalov_rus_citomegalov_rus_igm,PONTA PORA,1,1,0,0.0,0.0,0.0,,0.0
citomegalov_rus_citomegalov_rus_igm,RONDONOPOLIS,2,2,0,0.0,0.0,0.0,0.0,0.0
citomegalov_rus_citomegalov_rus_igm,SAO FELIX DO XINGU,1,1,0,0.0,0.0,0.0,,0.0
citomegalov_rus_citomegalov_rus_igm,SORRISO,2,2,0,0.0,0.0,0.0,0.0,0.0
citomegalov_rus_citomegalov_rus_igm,TAIPAS DO TOCANTINS,1,1,0,0.0,0.0,0.0,,0.0
citomegalov_rus_citomegalov_rus_igm,TANGARA DA SERRA,2,2,0,0.0,0.0,0.0,0.0,0.0
citomegalov_rus_citomegalov_rus_igm,VARZEA GRANDE,1,1,0,0.0,0.0,0.0,0.0,0.0
citomegalov_rus_epstein_barr_igg,CANARANA,4,4,0,0.0,0.0,0.0,0.0,0.0
citomegalov_rus_epstein_barr_igg,CUIABA,1,1,0,0.0,0.0,0.0,,0.0
citomegalov_rus_epstein_barr_igm,CANARANA,4,4,0,0.0,0.0,0.0,0.0,0.0
citomegalov_rus_epstein_barr_igm,CUIABA,1,1,0,0.0,0.0,0.0,,0.0
citomegalov_rus_herpes_simplex_1_e_2_biologia_molecular,CUIABA,1,1,0,0.0,0.0,0.0,,0.0
citomegalov_rus_herpes_v_rus_igg,CANARANA,2,3,0,0.0,0.0,0.0,0.0,0.168625
citomegalov_rus_herpes_v_rus_igg,CUIABA,1,1,0,0.0,0.0,0.0,,0.0
citomegalov_rus_herpes_v_rus_igg,VARZEA GRANDE,1,1,0,0.0,0.0,0.0,0.0,0.0
citomegalov_rus_herpes_v_rus_igm,CANARANA,2,3,0,0.0,0.0,0.0,0.0,0.168625
citomegalov_rus_herpes_v_rus_igm,CUIABA,1,1,0,0.0,0.0,0.0,,0.0
citomegalov_rus_herpes_v_rus_igm,VARZEA GRANDE,1,1,0,0.0,0.0,0.0,0.0,0.0
citomegalov_rus_htlv_i_ii_v_rus_linfotr_pico_humano_tipo_i_e_ii,CANARANA,2,3,0,0.0,0.0,0.0,0.0,0.168625
citomegalov_rus_htlv_i_ii_v_rus_linfotr_pico_humano_tipo_i_e_ii,CURITIBA,1,1,0,0.0,0.0,0.0,,0.0
citomegalov_rus_htlv_i_ii_v_rus_linfotr_pico_humano_tipo_i_e_ii,GUARANTA DO NORTE,1,1,0,0.0,0.0,0.0,0.0,0.0
citomegalov_rus_parvov_rus_b19_igg,CANARANA,2,2,1,0.0,0.0,0.5,1.7652873887868945,0.2698
citomegalov_rus_parvov_rus_b19_igm,CANARANA,2,2,0,0.0,0.0,0.0,0.0,0.0
citomegalov_rus_pesquisa_de_arbov_rus_zdc,CUIABA,1,1,0,0.0,0.0,0.0,,0.0
citomegalov_rus_pesquisa_qualitativa_do_dna_do_citomegalov_rus,ALTO BOA VISTA,1,1,0,0.0,0.0,0.0,,0.1979444819819821
citomegalov_rus_pesquisa_qualitativa_do_dna_do_citomegalov_rus,BOA ESPERANCA DO NORTE,2,2,0,0.0,0.0,0.0,,0.0
citomegalov_rus_pesquisa_qualitativa_do_dna_do_citomegalov_rus,SORRISO,1,1,0,0.0,0.0,0.0,0.0,0.0
citomegalov_rus_rub_ola_igg,CANARANA,1,2,0,0.0,0.0,0.0,0.0,0.0
citomegalov_rus_rub_ola_igg,GUARANTA DO NORTE,1,2,0,0.0,0.0,0.0,0.0,0.0
citomegalov_rus_rub_ola_igg,VARZEA GRANDE,1,1,0,0.0,0.0,0.0,0.0,0.0
citomegalov_rus_rub_ola_igm,CANARANA,1,2,0,0.0,0.0,0.0,0.0,0.0
citomegalov_rus_rub_ola_igm,GUARANTA DO NORTE,1,2,0,0.0,0.0,0.0,0.0,0.0
citomegalov_rus_rub_ola_igm,VARZEA GRANDE,1,1,0,0.0,0.0,0.0,0.0,0.0
citomegalov_rus_toxoplasmose_avidez_igg,CANARANA,3,6,0,0.0,0.0,0.0,0.0,0.35355339059327373
citomegalov_rus_toxoplasmose_igg,CANARANA,4,7,0,0.0,0.0,0.0,0.0,0.4330127018922193
citomegalov_rus_toxoplasmose_igg,GUARANTA DO NORTE,1,2,0,0.0,0.0,0.0,0.0,0.0
citomegalov_rus_toxoplasmose_igg,VARZEA GRANDE,1,2,1,0.0,0.0,0.5,0.3135562927612394,0.0
citomegalov_rus_toxoplasmose_igm,CANARANA,4,7,0,0.0,0.0,0.0,0.0,0.4330127018922193
citomegalov_rus_toxoplasmose_igm,GUARANTA DO NORTE,1,2,0,0.0,0.0,0.0,0.0,0.0
citomegalov_rus_toxoplasmose_igm,VARZEA GRANDE,1,2,0,0.0,0.0,0.0,0.0,0.0
citomegalovirus_igg,AGUA BOA,2,2,2,0.0,0.0,1.0,3.282886313646958,0.0
citomegalovirus_igg,BARRA DO GARCAS,1,1,1,0.0,0.0,1.0,1.397624039133473,0.0
citomegalovirus_igg,BARRA DO GUARITA,1,1,1,0.0,0.0,1.0,,0.0
citomegalovirus_igg,BOM JESUS DO ARAGUAIA,1,2,2,0.0,0.0,1.0,26.51464934376243,0.12204424268018027
citomegalovirus_igg,CAMPINAPOLIS,1,1,1,0.0,0.0,1.0,6.404918977774931,0.27897658009572107
citomegalovirus_igg,CANARANA,37,192,186,0.0,0.0,0.9755255255255254,18.81509173030443,0.9795870603067873
citomegalovirus_igg,CASTANHEIRA,1,1,1,0.0,0.0,1.0,11.386927806877704,0.0
citomegalovirus_igg,CHAPADA DOS GUIMARAES,1,1,1,0.0,0.0,1.0,5.163688939378292,0.03629330306869366
citomegalovirus_igg,CONFRESA,1,1,1,0.0,0.0,1.0,2.740476842970677,0.047710620777027084
citomegalovirus_igg,CUIABA,1,10,10,0.0,0.0,1.0,1.479018641550958,0.0
citomegalovirus_igg,FELIZ NATAL,1,1,1,0.0,0.0,1.0,9.407337723424272,0.0
citomegalovirus_igg,GAUCHA DO NORTE,7,8,8,0.0,0.0,1.0,12.786497458683629,1.1779759832107637
citomegalovirus_igg,GOIANIA,1,1,1,0.0,0.0,1.0,,0.0
citomegalovirus_igg,GUARANTA DO NORTE,5,5,5,0.0,0.0,1.0,3.084359439908659,0.09999999999999937
citomegalovirus_igg,JANGADA,1,1,1,0.0,0.0,1.0,13.349352556401014,0.056065913569820006
citomegalovirus_igg,JUINA,1,1,1,0.0,0.0,1.0,2.1098381754119457,0.0
citomegalovirus_igg,MARABA,1,1,1,0.0,0.0,1.0,,0.0
citomegalovirus_igg,NOVA MUTUM,3,3,3,0.0,0.0,1.0,1.7357573431249378,0.282842712474619
citomegalovirus_igg,NOVA NAZARE,1,1,1,0.0,0.0,1.0,23.05209774089442,0.12084791666666697
citomegalovirus_igg,NOVA XAVANTINA,2,2,2,0.0,0.0,1.0,3.9866050071758887,0.0
citomegalovirus_igg,POCONE,1,1,1,0.0,0.0,1.0,3.1853220360578454,0.06830926590653164
citomegalovirus_igg,PONTES E LACERDA,1,1,1,0.0,0.0,1.0,1.8581834398691837,0.0
citomegalovirus_igg,QUERENCIA,5,8,8,0.0,0.0,1.0,5.628055858454395,0.36742346141747667
citomegalovirus_igg,RIBEIRAO CASCALHEIRA,1,1,1,0.0,0.0,1.0,9.671179883945841,0.10804437992680185
citomegalovirus_igg,RIO VERDE,1,1,1,0.0,0.0,1.0,,0.0
citomegalovirus_igg,SAO FELIX DO XINGU,1,1,1,0.0,0.0,1.0,,0.0
citomegalovirus_igg,SENADOR ALEXANDRE COSTA,1,1,1,0.0,0.0,1.0,,0.0
citomegalovirus_igg,SINOP,1,1,1,0.0,0.0,1.0,0.48325287173019027,0.0
citomegalovirus_igg,SORRISO,1,1,1,0.0,0.0,1.0,0.8612893501571853,0.0
citomegalovirus_igg,VARGEM GRANDE DO SUL,1,1,1,0.0,0.0,1.0,,0.0
citomegalovirus_igg,VARZEA GRANDE,3,3,3,0.0,0.0,1.0,0.32160442013115026,0.0
citomegalovirus_igm,AGUA BOA,2,2,0,0.0,0.0,0.0,0.0,0.0
citomegalovirus_igm,BARRA DO GARCAS,1,1,0,0.0,0.0,0.0,0.0,0.0
citomegalovirus_igm,BARRA DO GUARITA,1,1,0,0.0,0.0,0.0,,0.0
citomegalovirus_igm,BOM JESUS DO ARAGUAIA,1,2,0,0.0,0.0,0.0,0.0,0.12204424268018027
citomegalovirus_igm,CAMPINAPOLIS,1,1,0,0.0,0.0,0.0,0.0,0.27897658009572107
citomegalovirus_igm,CANARANA,37,192,3,0.0,0.0,0.009020709020709021,0.3013718446367866,1.7067104857566118
citomegalovirus_igm,CASTANHEIRA,1,1,0,0.0,0.0,0.0,0.0,0.0
citomegalovirus_igm,CHAPADA DOS GUIMARAES,1,1,0,0.0,0.0,0.0,0.0,0.03629330306869366
citomegalovirus_igm,CONFRESA,1,1,0,0.0,0.0,0.0,0.0,0.047710620777027084
citomegalovirus_igm,CUIABA,1,10,0,0.0,0.0,0.0,0.0,0.0
citomegalovirus_igm,FELIZ NATAL,1,1,0,0.0,0.0,0.0,0.0,0.0
citomegalovirus_igm,GAUCHA DO NORTE,7,8,1,0.0,0.0,0.14285714285714285,1.5983121823354536,1.055501496071605
citomegalovirus_igm,GOIANIA,1,1,0,0.0,0.0,0.0,,0.0
citomegalovirus_igm,GUARANTA DO NORTE,5,5,0,0.0,0.0,0.0,0.0,0.0
citomegalovirus_igm,JANGADA,1,1,0,0.0,0.0,0.0,0.0,0.056065913569820006
citomegalovirus_igm,JUINA,1,1,0,0.0,0.0,0.0,0.0,0.0
citomegalovirus_igm,MARABA,1,1,1,0.0,0.0,1.0,,0.0
citomegalovirus_igm,NOVA MUTUM,3,3,0,0.0,0.0,0.0,0.0,0.0
citomegalovirus_igm,NOVA NAZARE,1,1,0,0.0,0.0,0.0,0.0,0.12084791666666697
citomegalovirus_igm,NOVA XAVANTINA,2,2,0,0.0,0.0,0.0,0.0,0.0
citomegalovirus_igm,POCONE,1,1,0,0.0,0.0,0.0,0.0,0.06830926590653164
citomegalovirus_igm,PONTES E LACERDA,1,1,0,0.0,0.0,0.0,0.0,0.0
citomegalovirus_igm,QUERENCIA,5,8,0,0.0,0.0,0.0,0.0,0.20412414523193148
citomegalovirus_igm,RIBEIRAO CASCALHEIRA,1,1,0,0.0,0.0,0.0,0.0,0.10804437992680185
citomegalovirus_igm,RIO VERDE,1,1,0,0.0,0.0,0.0,,0.0
citomegalovirus_igm,SAO FELIX DO XINGU,1,1,0,0.0,0.0,0.0,,0.0
citomegalovirus_igm,SENADOR ALEXANDRE COSTA,1,1,0,0.0,0.0,0.0,,0.0
citomegalovirus_igm,SINOP,1,1,0,0.0,0.0,0.0,0.0,0.0
citomegalovirus_igm,SORRISO,1,1,0,0.0,0.0,0.0,0.0,0.0
citomegalovirus_igm,VARGEM GRANDE DO SUL,1,1,0,0.0,0.0,0.0,,0.0
citomegalovirus_igm,VARZEA GRANDE,3,3,0,0.0,0.0,0.0,0.0,0.0
coqueluche_bordetella,ALTO BOA VISTA,1,1,0,0.0,0.0,0.0,,0.1979444819819821
coqueluche_bordetella,ARAPUTANGA,2,3,0,0.0,0.0,0.0,0.0,0.168625
coqueluche_bordetella,BARRA DO GARCAS,1,2,0,0.0,0.0,0.0,0.0,0.0
coqueluche_bordetella,CACERES,4,4,0,0.0,0.0,0.0,0.0,0.01077642877252243
coqueluche_bordetella,CANARANA,1,1,0,0.0,0.0,0.0,0.0,0.0
coqueluche_bordetella,CHAPADA DOS GUIMARAES,5,9,0,0.0,0.0,0.0,0.0,0.20491830306869366
coqueluche_bordetella,CUIABA,12,23,0,0.0,0.0,0.0,0.0,0.681608232991455
coqueluche_bordetella,GENERAL CARNEIRO,3,3,0,0.0,0.0,0.0,0.0,0.0818533854166666
coqueluche_bordetella,JUINA,1,1,0,0.0,0.0,0.0,0.0,0.0
coqueluche_bordetella,LUCAS DO RIO VERDE,2,2,0,0.0,0.0,0.0,0.0,0.0
coqueluche_bordetella,NOVA MUTUM,1,1,0,0.0,0.0,0.0,0.0,0.0
coqueluche_bordetella,NOVA NAZARE,1,1,0,0.0,0.0,0.0,0.0,0.12084791666666697
coqueluche_bordetella,POXOREO,2,2,0,0.0,0.0,0.0,,0.0
coqueluche_bordetella,PRIMAVERA DO LESTE,2,2,0,0.0,0.0,0.0,0.0,0.0
coqueluche_bordetella,QUERENCIA,1,2,0,0.0,0.0,0.0,0.0,0.0
coqueluche_bordetella,RONDONOPOLIS,1,1,0,0.0,0.0,0.0,0.0,0.0
coqueluche_bordetella,SALTO DO CEU,1,1,0,0.0,0.0,0.0,0.0,0.0302096055039415
coqueluche_bordetella,SAO JOSE DO XINGU,2,2,0,0.0,0.0,0.0,0.0,0.10040118595157664
coqueluche_bordetella,SINOP,3,3,0,0.0,0.0,0.0,0.0,0.0
coqueluche_bordetella,SORRISO,2,2,0,0.0,0.0,0.0,0.0,0.0
coqueluche_bordetella,VARZEA GRANDE,3,6,0,0.0,0.0,0.0,0.0,0.168625
coqueluche_borreliose_biologia_molecular,SAO JOSE DO XINGU,1,1,0,0.0,0.0,0.0,0.0,0.10040118595157664
coqueluche_caxumba_biologia_molecular,VILA RICA,1,1,0,0.0,0.0,0.0,0.0,0.04660449394707213
coqueluche_coqueluche_detec_o_de_bordetella_pertussis,ARAPUTANGA,1,1,0,0.0,0.0,0.0,0.0,0.0
coqueluche_coqueluche_detec_o_de_bordetella_pertussis,BELO HORIZONTE,1,2,0,0.0,0.0,0.0,,0.0
coqueluche_coqueluche_detec_o_de_bordetella_pertussis,CACERES,4,6,0,0.0,0.0,0.0,0.0,0.17940142877252244
coqueluche_coqueluche_detec_o_de_bordetella_pertussis,CANARANA,1,1,0,0.0,0.0,0.0,0.0,0.0
coqueluche_coqueluche_detec_o_de_bordetella_pertussis,CHAPADA DOS GUIMARAES,8,11,0,0.0,0.0,0.0,0.0,0.35904191525264506
coqueluche_coqueluche_detec_o_de_bordetella_pertussis,COTRIGUACU,1,2,0,0.0,0.0,0.0,0.0,0.10213395974099129
coqueluche_coqueluche_detec_o_de_bordetella_pertussis,CUIABA,18,25,0,0.0,0.0,0.0,0.0,0.3133915852640044
coqueluche_coqueluche_detec_o_de_bordetella_pertussis,LUCAS DO RIO VERDE,1,1,0,0.0,0.0,0.0,0.0,0.0
coqueluche_coqueluche_detec_o_de_bordetella_pertussis,MARCELANDIA,2,3,0,0.0,0.0,0.0,,0.175475390625
coqueluche_coqueluche_detec_o_de_bordetella_pertussis,MATUPA,1,1,0,0.0,0.0,0.0,0.0,0.0
coqueluche_coqueluche_detec_o_de_bordetella_pertussis,NOVA MUTUM,1,1,0,0.0,0.0,0.0,0.0,0.0
coqueluche_coqueluche_detec_o_de_bordetella_pertussis,POXOREO,2,2,0,0.0,0.0,0.0,,0.0
coqueluche_coqueluche_detec_o_de_bordetella_pertussis,PRIMAVERA DO LESTE,1,1,0,0.0,0.0,0.0,0.0,0.0
coqueluche_coqueluche_detec_o_de_bordetella_pertussis,QUERENCIA,1,1,0,0.0,0.0,0.0,0.0,0.0
coqueluche_coqueluche_detec_o_de_bordetella_pertussis,RIBEIRAO CASCALHEIRA,1,2,0,0.0,0.0,0.0,0.0,0.10804437992680185
coqueluche_coqueluche_detec_o_de_bordetella_pertussis,SAO JOSE DO XINGU,2,3,0,0.0,0.0,0.0,0.0,0.2690261859515766
coqueluche_coqueluche_detec_o_de_bordetella_pertussis,SINOP,2,2,0,0.0,0.0,0.0,0.0,0.0
coqueluche_coqueluche_detec_o_de_bordetella_pertussis,SORRISO,3,6,0,0.0,0.0,0.0,0.0,0.168625
coqueluche_coqueluche_detec_o_de_bordetella_pertussis,VARZEA GRANDE,5,8,0,0.0,0.0,0.0,0.0,0.5
coqueluche_pesquisa_de_v_rus_respirat_rios,ALTO BOA VISTA,1,1,0,0.0,0.0,0.0,,0.1979444819819821
coqueluche_pesquisa_de_v_rus_respirat_rios,SAO JOSE DOS QUATRO MARCOS,1,1,0,0.0,0.0,0.0,0.0,0.0
coqueluche_v_rus_respirat_rios,BELO HORIZONTE,1,1,0,0.0,0.0,0.0,,0.0
coqueluche_v_rus_respirat_rios,CUIABA,4,10,0,0.0,0.0,0.0,0.0,0.168625
coqueluche_v_rus_respirat_rios,NOVA MUTUM,1,3,0,0.0,0.0,0.0,0.0,0.0
coqueluche_v_rus_respirat_rios,VARZEA GRANDE,2,7,0,0.0,0.0,0.0,0.0,0.168625
criptococose_bact_rias_cultura,CUIABA,1,1,0,0.0,0.0,0.0,0.0,0.0
criptococose_citomegalov_rus_igg,CUIABA,1,1,0,0.0,0.0,0.0,,0.0
criptococose_citomegalov_rus_igm,CUIABA,1,1,0,0.0,0.0,0.0,,0.0
criptococose_criptococos,BOA VISTA,1,1,0,0.0,0.0,0.0,,0.0
criptococose_criptococos,COLNIZA,1,1,0,0.0,0.0,0.0,,0.15800048564189215
criptococose_criptococos,CUIABA,3,3,0,0.0,0.0,0.0,0.0,0.0
criptococose_criptococos,PEIXOTO DE AZEVEDO,1,1,0,0.0,0.0,0.0,0.0,0.02064137105855867
criptococose_criptococos,SINOP,3,4,0,0.0,0.0,0.0,0.0,0.3535533905932738
criptococose_criptococos,SORRISO,1,1,0,0.0,0.0,0.0,0.0,0.0
criptococose_criptococos,VARZEA GRANDE,1,1,0,0.0,0.0,0.0,,0.0
criptococose_criptococos_teste_r_pido,BOA VISTA,1,1,0,0.0,0.0,0.0,,0.0
criptococose_criptococos_teste_r_pido,CACERES,7,9,2,0.0,0.0,0.14285714285714285,0.5448581734174595,1.242369246363981
criptococose_criptococos_teste_r_pido,CAMPO NOVO DO PARECIS,3,3,2,0.0,0.0,0.6666666666666666,1.288942165165049,0.282842712474619
criptococose_criptococos_teste_r_pido,CAMPO VERDE,1,1,1,0.0,0.0,1.0,,0.0
criptococose_criptococos_teste_r_pido,CUIABA,2,2,0,0.0,0.0,0.0,0.0,0.0
criptococose_criptococos_teste_r_pido,DIAMANTINO,1,1,0,0.0,0.0,0.0,,0.0
criptococose_criptococos_teste_r_pido,LARANJAL DO JARI,1,1,0,0.0,0.0,0.0,,0.0
criptococose_criptococos_teste_r_pido,LUCAS DO RIO VERDE,1,1,0,0.0,0.0,0.0,,0.0
criptococose_criptococos_teste_r_pido,MIRASSOL D''OESTE,5,5,2,0.0,0.0,0.4,,0.2449489742783178
criptococose_criptococos_teste_r_pido,NOVO PROGRESSO,1,1,0,0.0,0.0,0.0,,0.0
criptococose_criptococos_teste_r_pido,PIMENTA BUENO,1,1,0,0.0,0.0,0.0,,0.0
criptococose_criptococos_teste_r_pido,PONTES E LACERDA,3,4,0,0.0,0.0,0.0,0.0,0.3535533905932738
criptococose_criptococos_teste_r_pido,ROSARIO OESTE,1,1,0,0.0,0.0,0.0,0.0,0.06282135768581094
criptococose_criptococos_teste_r_pido,SANTA RITA DO TRIVELATO,1,1,0,0.0,0.0,0.0,0.0,0.0
criptococose_criptococos_teste_r_pido,SAO JOSE DOS QUATRO MARCOS,1,1,0,0.0,0.0,0.0,0.0,0.0
criptococose_criptococos_teste_r_pido,SAPEZAL,1,1,0,0.0,0.0,0.0,,0.0
criptococose_criptococos_teste_r_pido,SINOP,15,23,2,0.0,0.0,0.1,0.0,0.8462279213753551
criptococose_criptococos_teste_r_pido,SORRISO,2,2,0,0.0,0.0,0.0,0.0,0.0
criptococose_criptococos_teste_r_pido,TANGARA DA SERRA,2,2,0,0.0,0.0,0.0,,0.0
criptococose_cultura_para_fungos,CHAPADA DOS GUIMARAES,1,2,2,0.0,0.0,1.0,10.278548668927948,0.03629330306869366
criptococose_cultura_para_fungos,COLNIZA,1,1,0,0.0,0.0,0.0,,0.15800048564189215
criptococose_cultura_para_fungos,CUIABA,2,3,0,0.0,0.0,0.0,0.0,0.168625
criptococose_cultura_para_fungos,MIRASSOL D''OESTE,1,1,1,0.0,0.0,1.0,,0.0
criptococose_cultura_para_fungos,SINOP,1,2,0,0.0,0.0,0.0,0.0,0.0
criptococose_cultura_para_fungos,SORRISO,3,3,0,0.0,0.0,0.0,0.0,0.0
criptococose_cultura_para_fungos,TANGARA DA SERRA,1,1,0,0.0,0.0,0.0,,0.0
criptococose_cultura_para_fungos,VARZEA GRANDE,1,1,1,0.0,0.0,1.0,0.3135562927612394,0.0
criptococose_epstein_barr_igg,CUIABA,1,1,0,0.0,0.0,0.0,,0.0
criptococose_epstein_barr_igm,CUIABA,1,1,0,0.0,0.0,0.0,,0.0
criptococose_fungos,CHAPADA DOS GUIMARAES,1,1,0,0.0,0.0,0.0,0.0,0.03629330306869366
criptococose_fungos,COLNIZA,1,1,0,0.0,0.0,0.0,,0.15800048564189215
criptococose_fungos,CUIABA,2,3,0,0.0,0.0,0.0,0.0,0.168625
criptococose_fungos,MIRASSOL D''OESTE,1,1,1,0.0,0.0,1.0,,0.0
criptococose_fungos,SINOP,1,2,0,0.0,0.0,0.0,0.0,0.0
criptococose_fungos,SORRISO,3,4,0,0.0,0.0,0.0,0.0,0.3535533905932738
criptococose_fungos,VARZEA GRANDE,1,1,1,0.0,0.0,1.0,0.3135562927612394,0.0
criptococose_fungos_teste_de_sensibilidade,CHAPADA DOS GUIMARAES,1,2,0,0.0,0.0,0.0,0.0,0.03629330306869366
criptococose_fungos_teste_de_sensibilidade,COLNIZA,1,1,0,0.0,0.0,0.0,,0.15800048564189215
criptococose_fungos_teste_de_sensibilidade,CUIABA,2,3,0,0.0,0.0,0.0,0.0,0.168625
criptococose_fungos_teste_de_sensibilidade,MIRASSOL D''OESTE,1,1,0,0.0,0.0,0.0,,0.0
criptococose_fungos_teste_de_sensibilidade,SINOP,1,2,0,0.0,0.0,0.0,0.0,0.0
criptococose_fungos_teste_de_sensibilidade,SORRISO,2,3,0,0.0,0.0,0.0,0.0,0.168625
criptococose_fungos_teste_de_sensibilidade,TANGARA DA SERRA,1,1,0,0.0,0.0,0.0,,0.0
criptococose_histoplasmose,COLNIZA,1,1,0,0.0,0.0,0.0,,0.15800048564189215
criptococose_histoplasmose,SINOP,2,3,0,0.0,0.0,0.0,0.0,0.168625
criptococose_micobact_rias_identifica_o,SORRISO,1,1,0,0.0,0.0,0.0,,0.0
criptococose_pesquisa_de_arbov_rus_zdc,TANGARA DA SERRA,1,1,0,0.0,0.0,0.0,0.0,0.0
criptococose_rub_ola_igg,TANGARA DA SERRA,1,1,0,0.0,0.0,0.0,0.0,0.0
criptococose_rub_ola_igm,TANGARA DA SERRA,1,1,0,0.0,0.0,0.0,0.0,0.0
criptococose_sarampo_igg,TANGARA DA SERRA,1,1,0,0.0,0.0,0.0,0.0,0.0
criptococose_sarampo_igm,TANGARA DA SERRA,1,1,0,0.0,0.0,0.0,0.0,0.0
criptococose_toxoplasmose_igg,CUIABA,1,1,0,0.0,0.0,0.0,,0.0
criptococose_toxoplasmose_igm,CUIABA,1,1,0,0.0,0.0,0.0,,0.0
cultura_para_fungos,AGUA BOA,1,1,0,0.0,0.0,0.0,0.0,0.0
cultura_para_fungos,ALTA FLORESTA,2,3,2,0.0,0.0,0.5,1.9192016121293543,0.43842499999999995
cultura_para_fungos,ARENAPOLIS,1,1,1,0.0,0.0,1.0,9.311853990129435,0.0
cultura_para_fungos,ARIPUANA,1,1,0,0.0,0.0,0.0,0.0,0.05382992328265769
cultura_para_fungos,BARRA DO GARCAS,1,2,0,0.0,0.0,0.0,0.0,0.0
cultura_para_fungos,BRASNORTE,1,1,1,0.0,0.0,1.0,5.761364291064124,0.0
cultura_para_fungos,CACERES,1,1,1,0.0,0.0,1.0,1.0914290080001745,0.01077642877252243
cultura_para_fungos,CAMPO VERDE,1,1,0,0.0,0.0,0.0,0.0,0.0
cultura_para_fungos,CANARANA,1,1,0,0.0,0.0,0.0,0.0,0.0
cultura_para_fungos,COLIDER,3,3,2,0.0,0.0,0.6666666666666666,2.0777493818695585,0.28284271247461906
cultura_para_fungos,CUIABA,18,19,10,0.0,0.0,0.5,0.0838701732129231,1.5703764064044152
cultura_para_fungos,DIAMANTINO,1,2,2,0.0,0.0,1.0,8.94134477825465,0.0
cultura_para_fungos,FELIZ NATAL,1,1,0,0.0,0.0,0.0,0.0,0.0
cultura_para_fungos,GUARANTA DO NORTE,7,8,3,0.0,0.0,0.35714285714285715,1.236856574543521,0.9467493109437095
cultura_para_fungos,GUIRATINGA,1,1,0,0.0,0.0,0.0,0.0,0.017114108248873782
cultura_para_fungos,ITANHANGA,1,1,0,0.0,0.0,0.0,0.0,0.0
cultura_para_fungos,JAURU,1,1,1,0.0,0.0,1.0,11.937447773665989,0.00011868313626129
cultura_para_fungos,JI-PARANA,1,1,1,0.0,0.0,1.0,,0.0
cultura_para_fungos,JUARA,2,2,0,0.0,0.0,0.0,0.0,0.0
cultura_para_fungos,JUINA,9,12,8,0.0,0.0,0.6666666666666666,1.946064057272014,0.9505681184065925
cultura_para_fungos,LUCAS DO RIO VERDE,1,1,0,0.0,0.0,0.0,0.0,0.0
cultura_para_fungos,MIRASSOL D''OESTE,1,1,0,0.0,0.0,0.0,,0.0
cultura_para_fungos,NOVA MUTUM,2,2,1,0.0,0.0,0.5,0.8541022531217438,0.2698
cultura_para_fungos,NOVA OLIMPIA,1,1,1,0.0,0.0,1.0,6.084945843981989,0.0
cultura_para_fungos,NOVA SANTA HELENA,1,1,0,0.0,0.0,0.0,0.0,0.0
cultura_para_fungos,NOVO MUNDO,2,2,1,0.0,0.0,0.5,5.238344683080147,0.2820480996621622
cultura_para_fungos,PARANAITA,5,5,1,0.0,0.0,0.2,1.7136492160054835,0.7999999999999999
cultura_para_fungos,PEIXOTO DE AZEVEDO,3,3,1,0.0,0.0,0.3333333333333333,1.0189317519512542,0.5863267960077968
cultura_para_fungos,PONTES E LACERDA,1,1,0,0.0,0.0,0.0,0.0,0.0
cultura_para_fungos,POXOREO,2,3,2,0.0,0.0,0.5,,0.303525
cultura_para_fungos,PRIMAVERA DO LESTE,2,4,2,0.0,0.0,0.5,1.5655332206149415,0.2698
cultura_para_fungos,RONDONOPOLIS,7,9,5,0.0,0.0,0.42857142857142855,0.2955202945609957,1.288994805491239
cultura_para_fungos,SAO JOSE DO RIO CLARO,1,1,1,0.0,0.0,1.0,6.750826976304597,0.0
cultura_para_fungos,SAPEZAL,1,1,0,0.0,0.0,0.0,0.0,0.0
cultura_para_fungos,SINOP,8,8,4,0.0,0.0,0.5,0.24489397824973214,0.28439414707200783
cultura_para_fungos,SORRISO,3,3,2,0.0,0.0,0.6666666666666666,0.6523862736786209,0.2763213562373095
cultura_para_fungos,TANGARA DA SERRA,1,2,0,0.0,0.0,0.0,0.0,0.0
cultura_para_fungos,VARZEA GRANDE,12,14,6,0.0,0.0,0.3333333333333333,0.16468296641990599,1.2420846855864869
cultura_para_fungos,VILA BELA DA SANTISSIMA TRINDADE,1,1,1,0.0,0.0,1.0,6.093102607847916,0.11178052505630645
cultura_para_fungos,VILA RICA,1,1,0,0.0,0.0,0.0,0.0,0.04660449394707213
dengue,ACAILANDIA,2,3,0,0.0,0.0,0.0,,0.168625
dengue,ACARA,1,1,0,0.0,0.0,0.0,,0.0
dengue,ACORIZAL,46,189,11,0.0,0.0,0.06763558266115811,4.758014724498414,1.9899897234030752
dengue,ACRELANDIA,2,2,0,0.0,0.0,0.0,,0.0
dengue,ACREUNA,2,3,0,0.0,0.0,0.0,,0.168625
dengue,ACU,1,1,0,0.0,0.0,0.0,,0.0
dengue,AFONSO CUNHA,2,2,0,0.0,0.0,0.0,,0.0
dengue,AGUA AZUL DO NORTE,1,1,0,0.0,0.0,0.0,,0.0
dengue,AGUA BOA,58,515,23,0.0,0.0,0.07662138627655869,1.6485466669365791,1.9987095596736717
dengue,AGUA CLARA,1,1,0,0.0,0.0,0.0,,0.0
dengue,AGUAS BELAS,2,6,0,0.0,0.0,0.0,,0.0
dengue,AGUAS LINDAS DE GOIAS,1,1,0,0.0,0.0,0.0,,0.0
dengue,AGUDOS,1,1,0,0.0,0.0,0.0,,0.0
dengue,ALDEIAS ALTAS,1,1,0,0.0,0.0,0.0,,0.0
dengue,ALEGRETE,2,5,0,0.0,0.0,0.0,,0.168625
dengue,ALMEIRIM,4,7,0,0.0,0.0,0.0,,0.505875
dengue,ALTA FLORESTA,168,2515,405,0.0,1.0,0.14690197195705013,4.742627449675067,2.353360805044178
dengue,ALTA FLORESTA D''OESTE,1,4,0,0.0,0.0,0.0,,0.0
dengue,ALTAMIRA,9,16,1,0.0,0.0,0.1111111111111111,,0.5656854249492381
dengue,ALTAMIRA DO MARANHAO,1,1,0,0.0,0.0,0.0,,0.0
dengue,ALTO ALEGRE DO MARANHAO,3,4,0,0.0,0.0,0.0,,0.3535533905932738
dengue,ALTO ALEGRE DO PINDARE,9,15,0,0.0,0.0,0.0,,0.408248290463863
dengue,ALTO ARAGUAIA,4,4,0,0.0,0.0,0.0,0.0,0.0
dengue,ALTO BOA VISTA,3,7,0,0.0,0.0,0.0,0.0,0.535194481981982
dengue,ALTO GARCAS,69,735,4,0.0,0.0,0.034782608695652174,0.5727134368376073,1.5668413545251663
dengue,ALTO PARAGUAI,16,42,0,0.0,0.0,0.0,0.0,1.3042049619932434
dengue,ALTO PARAISO,2,3,0,0.0,0.0,0.0,,0.168625
dengue,ALTO TAQUARI,10,17,0,0.0,0.0,0.0,0.0,0.7231232535460359
dengue,ALTONIA,2,2,0,0.0,0.0,0.0,,0.0
dengue,ALVORADA D''OESTE,1,1,0,0.0,0.0,0.0,,0.0
dengue,AMAMBAI,2,2,0,0.0,0.0,0.0,,0.0
dengue,AMARANTE DO MARANHAO,3,9,0,0.0,0.0,0.0,,0.35355339059327373
dengue,AMERICANA,2,2,0,0.0,0.0,0.0,,0.0
dengue,AMORINOPOLIS,1,2,0,0.0,0.0,0.0,,0.0
dengue,ANANINDEUA,7,9,0,0.0,0.0,0.0,,0.6123724356957945
dengue,ANAPOLIS,5,15,0,0.0,0.0,0.0,,0.1976423537605237
dengue,ANAPU,1,1,0,0.0,0.0,0.0,,0.0
dengue,ANDIRA,1,1,0,0.0,0.0,0.0,,0.0
dengue,ANICUNS,8,10,0,0.0,0.0,0.0,,0.43301270189221935
dengue,ANTONIO PRADO,1,1,0,0.0,0.0,0.0,,0.0
dengue,APARECIDA DE GOIANIA,10,24,0,0.0,0.0,0.0,,0.505875
dengue,APARECIDA DO TABOADO,1,1,0,0.0,0.0,0.0,,0.0
dengue,APIACAS,17,251,0,0.0,0.0,0.0,0.0,1.2550653962556306
dengue,AQUIDAUANA,2,2,0,0.0,0.0,0.0,,0.0
dengue,ARACAJU,3,3,0,0.0,0.0,0.0,,0.0
dengue,ARACATUBA,3,3,1,0.0,0.0,0.3333333333333333,,0.28284271247461906
dengue,ARAGARCAS,3,4,0,0.0,0.0,0.0,,0.3535533905932738
dengue,ARAGUAINA,1,4,0,0.0,0.0,0.0,,0.0
dengue,ARAGUAPAZ,1,4,0,0.0,0.0,0.0,,0.0
dengue,ARAGUARI,1,1,0,0.0,0.0,0.0,,0.0
dengue,ARAGUATINS,2,6,0,0.0,0.0,0.0,,0.168625
dengue,ARAME,3,4,0,0.0,0.0,0.0,,0.3535533905932738
dengue,ARAPIRACA,5,12,0,0.0,0.0,0.0,,0.33725
dengue,ARAPONGAS,1,1,0,0.0,0.0,0.0,,0.0
dengue,ARAPOTI,1,1,1,0.0,0.0,1.0,,0.0
dengue,ARAPUTANGA,107,1923,21,0.0,1.0,0.010888948797827301,1.6066407395040463,2.586290061895614
dengue,ARARAQUARA,3,3,1,0.0,0.0,0.3333333333333333,,0.28284271247461906
dengue,ARARI,1,1,0,0.0,0.0,0.0,,0.0
dengue,ARARIPINA,2,4,0,0.0,0.0,0.0,,0.0
dengue,ARAXA,1,2,0,0.0,0.0,0.0,,0.0
dengue,ARENAPOLIS,84,1412,1,0.0,0.0,0.011904761904761904,0.13495440565404979,2.0
dengue,ARIPUANA,41,232,2,0.0,0.0,0.03048780487804878,0.19134855766240946,1.9370060099154425
dengue,ARIQUEMES,7,18,1,0.0,0.0,0.14285714285714285,,0.505875
dengue,ASPASIA,1,4,0,0.0,0.0,0.0,,0.0
dengue,ASSIS,2,2,0,0.0,0.0,0.0,,0.0
dengue,ASSIS BRASIL,3,3,0,0.0,0.0,0.0,,0.0
dengue,ASSIS CHATEAUBRIAND,1,1,0,0.0,0.0,0.0,,0.0
dengue,ASTORGA,3,3,0,0.0,0.0,0.0,,0.0
dengue,AUGUSTINOPOLIS,2,3,0,0.0,0.0,0.0,,0.168625
dengue,AUGUSTO CORREA,2,4,0,0.0,0.0,0.0,,0.168625
dengue,AURIFLAMA,1,2,0,0.0,0.0,0.0,,0.0
dengue,AURORA,1,5,0,0.0,0.0,0.0,,0.0
dengue,AUTAZES,3,7,0,0.0,0.0,0.0,,0.35355339059327373
dengue,BACABAL,7,10,0,0.0,0.0,0.0,,0.28867513459481287
dengue,BADY BASSITT,1,1,0,0.0,0.0,0.0,,0.0
dengue,BAIAO,2,2,0,0.0,0.0,0.0,,0.0
dengue,BALNEARIO ARROIO DO SILVA,1,1,0,0.0,0.0,0.0,,0.0
dengue,BALNEARIO CAMBORIU,3,11,0,0.0,0.0,0.0,,0.1767766952966369
dengue,BALSAS,2,2,1,0.0,0.0,0.5,,0.1349
dengue,BARAO DE ANTONINA,1,1,0,0.0,0.0,0.0,,0.0
dengue,BARAO DE GRAJAU,1,1,0,0.0,0.0,0.0,,0.0
dengue,BARAO DE MELGACO,23,77,2,0.0,0.0,0.06521739130434782,1.311370164545293,1.95263789874973
dengue,BARCARENA,1,3,0,0.0,0.0,0.0,,0.0
dengue,BARCELOS,2,3,0,0.0,0.0,0.0,,0.168625
dengue,BARRA,2,2,0,0.0,0.0,0.0,,0.0
dengue,BARRA DA ESTIVA,1,1,0,0.0,0.0,0.0,,0.0
dengue,BARRA DE SANTO ANTONIO,2,2,0,0.0,0.0,0.0,,0.0
dengue,BARRA DO BUGRES,67,1080,16,0.0,0.0,0.07977967306325515,0.8751020481712997,1.8730691487153228
dengue,BARRA DO CHOCA,1,1,0,0.0,0.0,0.0,,0.0
dengue,BARRA DO CORDA,5,13,0,0.0,0.0,0.0,,0.4716211091418993
dengue,BARRA DO GARCAS,42,121,1,0.0,0.0,0.023809523809523808,0.04235224361010525,2.0
dengue,BARRA DOS COQUEIROS,3,6,0,0.0,0.0,0.0,,0.168625
dengue,BARRA MANSA,1,1,0,0.0,0.0,0.0,,0.0
dengue,BARRA VELHA,1,1,0,0.0,0.0,0.0,,0.0
dengue,BARRACAO,2,2,0,0.0,0.0,0.0,,0.0
dengue,BARRAS,4,8,0,0.0,0.0,0.0,,0.43301270189221935
dengue,BARREIRAS,5,7,1,0.0,0.0,0.2,,0.49999999999999994
dengue,BARREIRINHAS,4,8,0,0.0,0.0,0.0,,0.33725
dengue,BARRETOS,4,12,0,0.0,0.0,0.0,,0.22483333333333333
dengue,BARRO,1,1,0,0.0,0.0,0.0,,0.0
dengue,BARROLANDIA,2,3,0,0.0,0.0,0.0,,0.168625
dengue,BARUERI,3,7,0,0.0,0.0,0.0,,0.33725
dengue,BATAGUASSU,1,1,0,0.0,0.0,0.0,,0.0
dengue,BAURU,5,5,0,0.0,0.0,0.0,,0.0
dengue,BEBERIBE,2,2,0,0.0,0.0,0.0,,0.0
dengue,BELEM,16,31,0,0.0,0.0,0.0,,0.505875
dengue,BELO HORIZONTE,7,10,0,0.0,0.0,0.0,,0.5393193716300061
dengue,BENEVIDES,1,1,0,0.0,0.0,0.0,,0.0
dengue,BEQUIMAO,1,1,0,0.0,0.0,0.0,,0.0
dengue,BERNARDO DO MEARIM,1,1,0,0.0,0.0,0.0,,0.0
dengue,BIGUACU,2,5,0,0.0,0.0,0.0,,0.168625
dengue,BOA ESPERANCA DO NORTE,21,68,0,0.0,0.0,0.0,,0.33725
dengue,BOA ESPERANCA DO SUL,1,3,0,0.0,0.0,0.0,,0.0
dengue,BOA VISTA,29,86,1,0.0,0.0,0.034482758620689655,,1.0
dengue,BOA VISTA DO CADEADO,2,3,0,0.0,0.0,0.0,,0.168625
dengue,BOA VISTA DO GURUPI,3,4,0,0.0,0.0,0.0,,0.3535533905932738
dengue,BOM JARDIM,9,17,2,0.0,0.0,0.07407407407407407,,0.7343104249492381
dengue,BOM JESUS DAS SELVAS,4,4,0,0.0,0.0,0.0,,0.0
dengue,BOM JESUS DO ARAGUAIA,2,2,1,0.0,0.0,0.5,6.868131868131868,0.39184424268018025
dengue,BOM JESUS DO TOCANTINS,1,1,0,0.0,0.0,0.0,,0.0
dengue,BOM LUGAR,2,7,0,0.0,0.0,0.0,,0.168625
dengue,BOMBINHAS,2,3,0,0.0,0.0,0.0,,0.168625
dengue,BRAGANCA,2,3,0,0.0,0.0,0.0,,0.168625
dengue,BRASILEIA,3,10,0,0.0,0.0,0.0,,0.33725
dengue,BRASILIA,26,67,1,0.0,0.0,0.038461538461538464,,1.25
dengue,BRASNORTE,31,102,9,0.0,0.0,0.09324116743471582,1.7144411117285936,2.4573226497478697
dengue,BREJO,1,1,0,0.0,0.0,0.0,,0.0
dengue,BREJO DE AREIA,1,3,0,0.0,0.0,0.0,,0.0
dengue,BREJOLANDIA,3,10,0,0.0,0.0,0.0,,0.33725
dengue,BREU BRANCO,2,2,0,0.0,0.0,0.0,,0.0
dengue,BRUSQUE,1,1,0,0.0,0.0,0.0,,0.0
dengue,BURITI,3,9,0,0.0,0.0,0.0,,0.35355339059327373
dengue,BURITI BRAVO,5,7,0,0.0,0.0,0.0,,0.30618621784789735
dengue,BURITICUPU,5,7,0,0.0,0.0,0.0,,0.30618621784789735
dengue,BURITIS,3,3,0,0.0,0.0,0.0,,0.0
dengue,CABECEIRAS DO PIAUI,3,6,0,0.0,0.0,0.0,,0.168625
dengue,CABROBO,2,6,0,0.0,0.0,0.0,,0.0
dengue,CACERES,161,11616,46,0.0,0.0,0.10143986448334275,0.3521536926333289,1.644359078228853
dengue,CACHOEIRA DO ARARI,2,2,0,0.0,0.0,0.0,,0.0
dengue,CACOAL,10,23,1,0.0,0.0,0.1,,0.6
dengue,CAIBI,3,9,0,0.0,0.0,0.0,,0.168625
dengue,CAICARA,1,2,0,0.0,0.0,0.0,,0.0
dengue,CAIEIRAS,2,4,0,0.0,0.0,0.0,,0.0
dengue,CALDAS NOVAS,1,3,0,0.0,0.0,0.0,,0.0
dengue,CAMBORIU,2,2,0,0.0,0.0,0.0,,0.0
dengue,CAMOCIM,2,6,0,0.0,0.0,0.0,,0.0
dengue,CAMPINA DA LAGOA,2,2,0,0.0,0.0,0.0,,0.0
dengue,CAMPINA GRANDE,2,6,0,0.0,0.0,0.0,,0.168625
dengue,CAMPINACU,1,3,0,0.0,0.0,0.0,,0.0
dengue,CAMPINAPOLIS,84,1048,3,0.0,1.0,0.024436090225563912,0.3149152988687665,2.166171615032829
dengue,CAMPINAS,8,13,0,0.0,0.0,0.0,,0.505875
dengue,CAMPO FORMOSO,1,1,1,0.0,0.0,1.0,,0.0
dengue,CAMPO GRANDE,49,138,1,0.0,0.0,0.006802721088435374,,1.25
dengue,CAMPO LARGO,5,12,0,0.0,0.0,0.0,,0.18750000000000003
dengue,CAMPO LARGO DO PIAUI,3,4,0,0.0,0.0,0.0,,0.3535533905932738
dengue,CAMPO LIMPO PAULISTA,2,5,0,0.0,0.0,0.0,,0.168625
dengue,CAMPO MOURAO,2,5,0,0.0,0.0,0.0,,0.168625
dengue,CAMPO NOVO DE RONDONIA,2,2,0,0.0,0.0,0.0,,0.0
dengue,CAMPO NOVO DO PARECIS,180,1964,91,0.0,0.0,0.09996144206670524,1.3393930915263093,2.499802563628327
dengue,CAMPO VERDE,153,6356,48,0.0,3.0,0.059456074570839165,0.8495212392518514,1.6468946384812113
dengue,CAMPOS BORGES,1,2,0,0.0,0.0,0.0,,0.0
dengue,CAMPOS DE JULIO,23,71,6,0.0,0.0,0.16304347826086957,3.799917719606464,1.4539202300946463
dengue,CANAA DOS CARAJAS,1,1,0,0.0,0.0,0.0,,0.0
dengue,CANABRAVA DO NORTE,5,16,0,0.0,1.0,0.0,0.0,0.5952978110923424
dengue,CANARANA,48,237,14,0.0,0.0,0.1235498366013072,1.5608347839443815,2.2662823382966457
dengue,CANDEIAS,1,1,0,0.0,0.0,0.0,,0.0
dengue,CANDEIAS DO JAMARI,5,19,0,0.0,0.0,0.0,,0.505875
dengue,CANDIDO MOTA,2,2,0,0.0,0.0,0.0,,0.0
dengue,CANINDE DE SAO FRANCISCO,2,3,0,0.0,0.0,0.0,,0.168625
dengue,CANTA,1,1,0,0.0,0.0,0.0,,0.0
dengue,CANTO DO BURITI,1,1,0,0.0,0.0,0.0,,0.0
dengue,CANUTAMA,1,1,0,0.0,0.0,0.0,,0.0
dengue,CAPANEMA,1,3,0,0.0,0.0,0.0,,0.0
dengue,CAPINZAL,2,2,0,0.0,0.0,0.0,,0.0
dengue,CAPITAO DE CAMPOS,1,4,0,0.0,0.0,0.0,,0.0
dengue,CAPITAO LEONIDAS MARQUES,1,1,0,0.0,0.0,0.0,,0.0
dengue,CAPITAO POCO,3,4,0,0.0,0.0,0.0,,0.3535533905932738
dengue,CAPIXABA,1,1,1,0.0,0.0,1.0,,0.0
dengue,CARACARAI,1,1,0,0.0,0.0,0.0,,0.0
dengue,CARAPICUIBA,3,13,0,0.0,0.0,0.0,,0.22483333333333333
dengue,CARAZINHO,1,2,0,0.0,0.0,0.0,,0.0
dengue,CARIRA,1,7,0,0.0,0.0,0.0,,0.0
dengue,CARLINDA,15,29,0,0.0,0.0,0.0,0.0,0.35673302364864873
dengue,CAROEBE,1,2,0,0.0,0.0,0.0,,0.0
dengue,CAROLINA,1,1,0,0.0,0.0,0.0,,0.0
dengue,CARUARU,2,5,0,0.0,0.0,0.0,,0.168625
dengue,CARUTAPERA,1,6,0,0.0,0.0,0.0,,0.0
dengue,CASCAVEL,13,45,0,0.0,0.0,0.0,,0.6745
dengue,CASSILANDIA,2,7,0,0.0,0.0,0.0,,0.168625
dengue,CASTANHAL,6,8,0,0.0,0.0,0.0,,0.3535533905932738
dengue,CASTANHEIRA,5,8,1,0.0,0.0,0.2,2.651113467656416,0.8
dengue,CASTRO,1,1,0,0.0,0.0,0.0,,0.0
dengue,CATALAO,1,2,0,0.0,0.0,0.0,,0.0
dengue,CATANDUVAS,2,2,1,0.0,0.0,0.5,,0.1349
dengue,CAXIAS,14,25,0,0.0,0.0,0.0,,0.843125
dengue,CAXIAS DO SUL,3,10,0,0.0,0.0,0.0,,0.33725
dengue,CEARA-MIRIM,2,2,0,0.0,0.0,0.0,,0.0
dengue,CENTRO DO GUILHERME,1,1,0,0.0,0.0,0.0,,0.0
dengue,CENTRO NOVO DO MARANHAO,2,6,0,0.0,0.0,0.0,,0.168625
dengue,CEREJEIRAS,1,4,0,0.0,0.0,0.0,,0.0
dengue,CERES,1,1,1,0.0,0.0,1.0,,0.0
dengue,CERRO GRANDE,1,6,0,0.0,0.0,0.0,,0.0
dengue,CERRO LARGO,2,3,0,0.0,0.0,0.0,,0.168625
dengue,CHAPADA DOS GUIMARAES,103,1012,5,0.0,2.0,0.020226537216828475,0.30380031499295823,2.036293303068694
dengue,CHAPADAO DO CEU,3,4,0,0.0,0.0,0.0,,0.3535533905932738
dengue,CHAPADAO DO SUL,5,9,0,0.0,0.0,0.0,,0.30618621784789724
dengue,CHAPADINHA,6,11,0,0.0,0.0,0.0,,0.4464218328332394
dengue,CHAPECO,8,22,0,0.0,0.0,0.0,,1.25
dengue,CHARQUEADAS,2,3,0,0.0,0.0,0.0,,0.168625
dengue,CHUPINGUAIA,4,7,0,0.0,0.0,0.0,,0.4330127018922193
dengue,CIANORTE,2,2,2,0.0,0.0,1.0,,0.0
dengue,CIDELANDIA,1,3,0,0.0,0.0,0.0,,0.0
dengue,CIRIACO,1,2,0,0.0,0.0,0.0,,0.0
dengue,CLAUDIA,29,127,0,0.0,0.0,0.0,0.0,0.9274375
dengue,COCAL DE TELHA,1,1,0,0.0,0.0,0.0,,0.0
dengue,COCALINHO,15,208,2,0.0,0.0,0.03333333333333333,2.1436227224008575,1.6506424556949368
dengue,COCALZINHO DE GOIAS,3,10,0,0.0,0.0,0.0,,0.3535533905932737
dengue,COCOS,3,4,1,0.0,0.0,0.3333333333333333,,0.3535533905932738
dengue,CODO,5,7,0,0.0,0.0,0.0,,0.49999999999999994
dengue,COELHO NETO,2,3,0,0.0,0.0,0.0,,0.168625
dengue,COLARES,1,2,0,0.0,0.0,0.0,,0.0
dengue,COLIDER,143,5480,43,0.0,4.0,0.07428813017048312,1.1243753984704707,2.245984012438577
dengue,COLINAS,2,4,0,0.0,0.0,0.0,,0.168625
dengue,COLINAS DO TOCANTINS,1,1,0,0.0,0.0,0.0,,0.0
dengue,COLNIZA,22,77,3,0.0,0.0,0.09848484848484848,0.6030767244540444,1.2460763382931603
dengue,COLORADO DO OESTE,2,2,0,0.0,0.0,0.0,,0.0
dengue,COMODORO,61,546,7,0.0,0.0,0.004839968774395004,0.8064116639383072,3.1803749999999997
dengue,CONCEICAO DE MACABU,1,1,0,0.0,0.0,0.0,,0.0
dengue,CONCEICAO DO ARAGUAIA,1,1,0,0.0,0.0,0.0,,0.0
dengue,CONCEICAO DO MATO DENTRO,3,4,0,0.0,0.0,0.0,,0.3535533905932738
dengue,CONCORDIA,4,7,0,0.0,0.0,0.0,,0.4330127018922193
dengue,CONFRESA,33,88,1,0.0,0.0,0.030303030303030304,0.11134270393529654,2.047710620777027
dengue,CONQUISTA D''OESTE,21,114,0,0.0,0.0,0.0,,1.25
dengue,CORBELIA,1,1,0,0.0,0.0,0.0,,0.0
dengue,CORDEIROPOLIS,1,1,0,0.0,0.0,0.0,,0.0
dengue,CORIBE,1,1,0,0.0,0.0,0.0,,0.0
dengue,COROATA,3,4,0,0.0,0.0,0.0,,0.3535533905932738
dengue,CORUMBA,9,17,0,0.0,0.0,0.0,,0.4798224586623001
dengue,CORUMBIARA,2,11,0,0.0,0.0,0.0,,0.168625
dengue,CORURIPE,1,1,0,0.0,0.0,0.0,,0.0
dengue,COSTA MARQUES,1,1,0,0.0,0.0,0.0,,0.0
dengue,COSTA RICA,4,12,0,0.0,0.0,0.0,,0.5901875
dengue,COTIA,2,4,0,0.0,0.0,0.0,,0.168625
dengue,COTRIGUACU,16,31,0,0.0,0.0,0.0,0.0,1.3521339597409914
dengue,COXIM,1,2,0,0.0,0.0,0.0,,0.0
dengue,CRICIUMA,1,1,0,0.0,0.0,0.0,,0.0
dengue,CRUZ MACHADO,1,1,0,0.0,0.0,0.0,,0.0
dengue,CRUZEIRO DO OESTE,1,2,0,0.0,0.0,0.0,,0.0
dengue,CRUZEIRO DO SUL,9,20,0,0.0,0.0,0.0,,0.521168438562221
dengue,CUIABA,291,21274,469,0.0,10.0,0.08947830365622338,0.28267903155512375,1.75
dengue,CUNHA,1,1,0,0.0,0.0,0.0,,0.0
dengue,CURITIBA,9,22,1,0.0,0.0,0.05555555555555555,,1.180375
dengue,CURUA,2,2,0,0.0,0.0,0.0,,0.0
dengue,CURVELANDIA,20,115,0,0.0,0.0,0.0,0.0,1.25
dengue,CUSTODIA,1,1,0,0.0,0.0,0.0,,0.0
dengue,DAVINOPOLIS,2,6,0,0.0,0.0,0.0,,0.168625
dengue,DENISE,40,130,0,0.0,0.0,0.0,0.0,1.25
dengue,DIADEMA,1,3,0,0.0,0.0,0.0,,0.0
dengue,DIAMANTINO,45,128,2,0.0,0.0,0.022222222222222223,0.21863873338208978,2.0
dengue,DIONISIO CERQUEIRA,3,4,0,0.0,0.0,0.0,,0.3535533905932738
dengue,DIORAMA,3,3,0,0.0,0.0,0.0,,0.0
dengue,DOIS IRMAOS DO TOCANTINS,2,2,0,0.0,0.0,0.0,,0.0
dengue,DOIS RIACHOS,1,1,0,0.0,0.0,0.0,,0.0
dengue,DOIS VIZINHOS,2,2,0,0.0,0.0,0.0,,0.0
dengue,DOM AQUINO,11,24,0,0.0,0.0,0.0,0.0,0.6745
dengue,DOM ELISEU,2,3,0,0.0,0.0,0.0,,0.168625
dengue,DOM PEDRO,1,1,0,0.0,0.0,0.0,,0.0
dengue,DORMENTES,1,1,1,0.0,0.0,1.0,,0.0
dengue,DOURADOS,17,31,0,0.0,0.0,0.0,,0.7554901710483893
dengue,DRACENA,2,4,0,0.0,0.0,0.0,,0.0
dengue,EDEIA,1,1,0,0.0,0.0,0.0,,0.0
dengue,ELDORADO,1,1,0,0.0,0.0,0.0,,0.0
dengue,ELDORADO DO SUL,1,1,0,0.0,0.0,0.0,,0.0
dengue,ELDORADO DOS CARAJAS,1,2,0,0.0,0.0,0.0,,0.0
dengue,EMBU,1,4,0,0.0,0.0,0.0,,0.0
dengue,ENTRE-IJUIS,1,1,0,0.0,0.0,0.0,,0.0
dengue,EPITACIOLANDIA,2,2,0,0.0,0.0,0.0,,0.0
dengue,ERERE,1,1,0,0.0,0.0,0.0,,0.0
dengue,ESPERANTINOPOLIS,7,10,0,0.0,0.0,0.0,,0.28867513459481287
dengue,ESPIGAO D''OESTE,4,4,0,0.0,0.0,0.0,,0.0
dengue,ESTANCIA,6,10,0,0.0,0.0,0.0,,0.17677669529663684
dengue,EUCLIDES DA CUNHA PAULISTA,2,6,0,0.0,0.0,0.0,,0.0
dengue,FAZENDA RIO GRANDE,1,2,0,0.0,0.0,0.0,,0.0
dengue,FEIJO,4,8,0,0.0,0.0,0.0,,0.43301270189221935
dengue,FEIRA DE SANTANA,2,6,0,0.0,0.0,0.0,,0.168625
dengue,FELIZ NATAL,31,85,0,0.0,0.0,0.0,0.0,1.180375
dengue,FENIX,1,6,0,0.0,0.0,0.0,,0.0
dengue,FERNANDOPOLIS,1,1,0,0.0,0.0,0.0,,0.0
dengue,FIGUEIROPOLIS D''OESTE,7,12,0,0.0,0.0,0.0,,0.5930672165988062
dengue,FLORES DA CUNHA,1,1,0,0.0,0.0,0.0,,0.0
dengue,FLORESTA,1,3,0,0.0,0.0,0.0,,0.0
dengue,FLORIANOPOLIS,6,12,0,0.0,0.0,0.0,,0.168625
dengue,FORMOSA,2,3,0,0.0,0.0,0.0,,0.168625
dengue,FORTALEZA,9,15,0,0.0,0.0,0.0,,0.6681531047810609
dengue,FORTUNA,7,18,0,0.0,0.0,0.0,,0.606128125356204
dengue,FOZ DO IGUACU,12,22,0,0.0,0.0,0.0,,0.47406122236815734
dengue,FRANCA,2,2,0,0.0,0.0,0.0,,0.0
dengue,FRANCISCO BELTRAO,3,6,0,0.0,0.0,0.0,,0.168625
dengue,FRECHEIRINHA,1,2,0,0.0,0.0,0.0,,0.0
dengue,GAMELEIRA,1,1,0,0.0,0.0,0.0,,0.0
dengue,GASPAR,1,1,0,0.0,0.0,0.0,,0.0
dengue,GAUCHA DO NORTE,17,44,0,0.0,0.0,0.0,0.0,0.6446918993529209
dengue,GENERAL CARNEIRO,20,304,0,0.0,0.0,0.0,0.0,0.7141971354166666
dengue,GETULINA,1,2,0,0.0,0.0,0.0,,0.0
dengue,GIRAU DO PONCIANO,3,9,0,0.0,0.0,0.0,,0.168625
dengue,GIRUA,1,3,0,0.0,0.0,0.0,,0.0
dengue,GLORIA D''OESTE,15,40,0,0.0,0.0,0.0,,0.9008520467381753
dengue,GOIANAPOLIS,2,2,0,0.0,0.0,0.0,,0.0
dengue,GOIANESIA,1,1,0,0.0,0.0,0.0,,0.0
dengue,GOIANESIA DO PARA,7,14,0,0.0,0.0,0.0,,0.5303300858899106
dengue,GOIANIA,16,21,2,0.0,0.0,0.125,,0.7236759610155115
dengue,GOIANIRA,5,5,0,0.0,0.0,0.0,,0.0
dengue,GOIOERE,1,1,1,0.0,0.0,1.0,,0.0
dengue,GOIOXIM,1,1,0,0.0,0.0,0.0,,0.0
dengue,GOVERNADOR EUGENIO BARROS,2,2,0,0.0,0.0,0.0,,0.0
dengue,GOVERNADOR JORGE TEIXEIRA,2,4,0,0.0,0.0,0.0,,0.168625
dengue,GOVERNADOR LUIZ ROCHA,3,4,0,0.0,0.0,0.0,,0.3535533905932738
dengue,GOVERNADOR NEWTON BELLO,3,3,0,0.0,0.0,0.0,,0.0
dengue,GOVERNADOR NUNES FREIRE,3,6,0,0.0,0.0,0.0,,0.35355339059327373
dengue,GOVERNADOR VALADARES,6,8,0,0.0,0.0,0.0,,0.5590169943749475
dengue,GRACA ARANHA,1,1,0,0.0,0.0,0.0,,0.0
dengue,GRAJAU,5,11,0,0.0,0.0,0.0,,0.48992509197292683
dengue,GRANJA,1,1,0,0.0,0.0,0.0,,0.0
dengue,GUAJARA-MIRIM,1,1,0,0.0,0.0,0.0,,0.0
dengue,GUARAI,2,5,0,0.0,0.0,0.0,,0.168625
dengue,GUARANTA DO NORTE,182,3219,48,0.0,1.0,0.07098019423838028,0.9313535846615436,2.4002612493370554
dengue,GUARAPUAVA,2,2,0,0.0,0.0,0.0,,0.0
dengue,GUARUJA DO SUL,2,2,0,0.0,0.0,0.0,,0.0
dengue,GUARULHOS,5,5,0,0.0,0.0,0.0,,0.0
dengue,GUATAMBU,1,6,0,0.0,0.0,0.0,,0.0
dengue,GUIRATINGA,11,25,0,0.0,0.0,0.0,0.0,0.6916141082488738
dengue,HORIZONTE,1,1,0,0.0,0.0,0.0,,0.0
dengue,HORTOLANDIA,2,3,0,0.0,0.0,0.0,,0.168625
dengue,HUMAITA,8,20,0,0.0,0.0,0.0,,0.505875
dengue,HUMBERTO DE CAMPOS,1,1,0,0.0,0.0,0.0,,0.0
dengue,ICARA,2,2,0,0.0,0.0,0.0,,0.0
dengue,IGARAPE DO MEIO,5,11,0,0.0,0.0,0.0,,0.45927932677184585
dengue,IGARASSU,1,2,0,0.0,0.0,0.0,,0.0
dengue,IGUATEMI,1,1,0,0.0,0.0,0.0,,0.0
dengue,ILHEUS,1,2,0,0.0,0.0,0.0,,0.0
dengue,IMBITUBA,1,1,0,0.0,0.0,0.0,,0.0
dengue,IMPERATRIZ,6,12,2,0.0,0.0,0.3333333333333333,,0.5590169943749475
dengue,INDAIAL,2,2,0,0.0,0.0,0.0,,0.0
dengue,INDEPENDENCIA,1,1,1,0.0,0.0,1.0,,0.0
dengue,INDIAVAI,7,10,0,0.0,0.0,0.0,0.0,0.5669962790061323
dengue,INHAMBUPE,2,5,0,0.0,0.0,0.0,,0.168625
dengue,INHAPI,1,4,0,0.0,0.0,0.0,,0.0
dengue,IPAMERI,1,1,0,0.0,0.0,0.0,,0.0
dengue,IPIAU,1,1,0,0.0,0.0,0.0,,0.0
dengue,IPIRANGA DO NORTE,84,985,1,0.0,0.0,0.0013227513227513227,0.19913813017261292,2.168625
dengue,IPIXUNA,1,2,2,0.0,0.0,1.0,,0.0
dengue,IPIXUNA DO PARA,5,9,0,0.0,0.0,0.0,,0.4716211091418993
dengue,IPOJUCA,2,4,0,0.0,0.0,0.0,,0.168625
dengue,IPORA DO OESTE,2,4,0,0.0,0.0,0.0,,0.168625
dengue,IRITUIA,4,11,1,0.0,0.0,0.25,,0.3464101615137755
dengue,ISRAELANDIA,1,1,0,0.0,0.0,0.0,,0.0
dengue,ITABERA,2,6,0,0.0,0.0,0.0,,0.0
dengue,ITABERAI,1,1,0,0.0,0.0,0.0,,0.0
dengue,ITABUNA,2,2,0,0.0,0.0,0.0,,0.0
dengue,ITACOATIARA,4,9,0,0.0,0.0,0.0,,0.4330127018922193
dengue,ITAGUAI,1,1,0,0.0,0.0,0.0,,0.0
dengue,ITAGUATINS,1,1,0,0.0,0.0,0.0,,0.0
dengue,ITAI,2,2,0,0.0,0.0,0.0,,0.0
dengue,ITAIPAVA DO GRAJAU,5,8,0,0.0,0.0,0.0,,0.20412414523193148
dengue,ITAITUBA,20,44,0,0.0,0.0,0.0,,0.505875
dengue,ITAJAI,1,1,0,0.0,0.0,0.0,,0.0
dengue,ITANHAEM,1,3,0,0.0,0.0,0.0,,0.0
dengue,ITANHANGA,14,28,0,0.0,0.0,0.0,0.0,0.8473185457363235
dengue,ITAPAGE,1,1,0,0.0,0.0,0.0,,0.0
dengue,ITAPAGIPE,1,1,0,0.0,0.0,0.0,,0.0
dengue,ITAPECURU MIRIM,3,7,0,0.0,0.0,0.0,,0.3535533905932737
dengue,ITAPEMA,1,1,0,0.0,0.0,0.0,,0.0
dengue,ITAPORA,1,3,0,0.0,0.0,0.0,,0.0
dengue,ITAPURA,1,1,0,0.0,0.0,0.0,,0.0
dengue,ITARUMA,2,5,0,0.0,0.0,0.0,,0.168625
dengue,ITATIM,1,1,0,0.0,0.0,0.0,,0.0
dengue,ITAUBA,35,823,7,0.0,0.0,0.022393320964749535,3.978904383146019,1.2719636075090015
dengue,ITAUNA,1,1,0,0.0,0.0,0.0,,0.0
dengue,ITIQUIRA,10,22,3,0.0,0.0,0.075,2.724201808870001,2.0098738258501387
dengue,ITUMBIARA,4,8,0,0.0,0.0,0.0,,0.843125
dengue,ITUPEVA,2,2,0,0.0,0.0,0.0,,0.0
dengue,ITUPIRANGA,2,2,0,0.0,0.0,0.0,,0.0
dengue,IUNA,2,4,0,0.0,0.0,0.0,,0.168625
dengue,IVAIPORA,2,2,0,0.0,0.0,0.0,,0.0
dengue,IVINHEMA,1,1,1,0.0,0.0,1.0,,0.0
dengue,JABOTICABAL,2,2,0,0.0,0.0,0.0,,0.0
dengue,JACAREACANGA,4,5,0,0.0,0.0,0.0,,0.43301270189221935
dengue,JACIARA,28,89,6,0.0,0.0,0.06547619047619048,0.7798896950825903,2.019703671534011
dengue,JAGUARUNA,1,1,0,0.0,0.0,0.0,,0.0
dengue,JALES,1,1,1,0.0,0.0,1.0,,0.0
dengue,JANDIRA,1,1,0,0.0,0.0,0.0,,0.0
dengue,JANGADA,30,79,4,0.0,0.0,0.13333333333333333,1.749243079932544,1.30606591356982
dengue,JARAGUA DO SUL,4,6,0,0.0,0.0,0.0,,0.168625
dengue,JARDIM,1,1,0,0.0,0.0,0.0,,0.0
dengue,JARDINOPOLIS,2,3,0,0.0,0.0,0.0,,0.168625
dengue,JARINU,1,1,0,0.0,0.0,0.0,,0.0
dengue,JARU,7,12,0,0.0,0.0,0.0,,0.168625
dengue,JATAI,6,11,0,0.0,0.0,0.0,,0.505875
dengue,JAURU,23,78,0,0.0,1.0,0.0,0.0,1.2501186831362614
dengue,JENIPAPO DOS VIEIRAS,1,1,0,0.0,0.0,0.0,,0.0
dengue,JEQUIA DA PRAIA,1,1,0,0.0,0.0,0.0,,0.0
dengue,JI-PARANA,10,14,0,0.0,0.0,0.0,,0.7092081432669753
dengue,JOAO LISBOA,3,3,0,0.0,0.0,0.0,,0.0
dengue,JOAO PESSOA,3,5,0,0.0,0.0,0.0,,0.35355339059327373
dengue,JOAQUIM GOMES,2,2,0,0.0,0.0,0.0,,0.0
dengue,JOAQUIM PIRES,3,4,0,0.0,0.0,0.0,,0.3535533905932738
dengue,JOINVILLE,4,11,0,0.0,0.0,0.0,,0.4215625
dengue,JORDAO,2,6,0,0.0,0.0,0.0,,0.0
dengue,JOSELANDIA,6,16,0,0.0,0.0,0.0,,0.33725
dengue,JUARA,55,344,6,0.0,2.0,0.07090909090909091,0.3478275513002665,1.7211760853933213
dengue,JUAZEIRO,3,10,0,0.0,0.0,0.0,,0.33725
dengue,JUCURUTU,1,5,0,0.0,0.0,0.0,,0.0
dengue,JUINA,72,241,18,0.0,3.0,0.10570987654320987,0.6112043355495208,2.2148789637247335
dengue,JUNCO DO MARANHAO,6,9,0,0.0,0.0,0.0,,0.4909902530309828
dengue,JUNQUEIROPOLIS,1,1,0,0.0,0.0,0.0,,0.0
dengue,JURUENA,21,192,0,0.0,0.0,0.0,0.0,1.3134907305743244
dengue,JUSCIMEIRA,15,37,4,0.0,0.0,0.15555555555555553,2.3972192256981897,1.25
dengue,LABREA,2,2,0,0.0,0.0,0.0,,0.0
dengue,LADARIO,3,31,0,0.0,0.0,0.0,,0.303525
dengue,LAGO DA PEDRA,3,8,0,0.0,0.0,0.0,,0.505875
dengue,LAGO DO JUNCO,1,2,0,0.0,0.0,0.0,,0.0
dengue,LAGO VERDE,1,2,0,0.0,0.0,0.0,,0.0
dengue,LAGOA DO MATO,1,2,0,0.0,0.0,0.0,,0.0
dengue,LAGOA DO PIAUI,2,3,0,0.0,0.0,0.0,,0.168625
dengue,LAGOA GRANDE DO MARANHAO,1,1,0,0.0,0.0,0.0,,0.0
dengue,LAMBARI D''OESTE,20,217,0,0.0,0.0,0.0,,0.6604479166666667
dengue,LANDRI SALES,1,3,0,0.0,0.0,0.0,,0.0
dengue,LARANJAL DO JARI,6,9,0,0.0,0.0,0.0,,0.4909902530309828
dengue,LARANJEIRAS DO SUL,1,3,0,0.0,0.0,0.0,,0.0
dengue,LAVRAS DO SUL,1,2,0,0.0,0.0,0.0,,0.0
dengue,LENCOIS,1,1,0,0.0,0.0,0.0,,0.0
dengue,LIMEIRA,1,1,0,0.0,0.0,0.0,,0.0
dengue,LOANDA,1,2,0,0.0,0.0,0.0,,0.0
dengue,LONDRINA,4,9,0,0.0,0.0,0.0,,0.168625
dengue,LUCAS DO RIO VERDE,190,4823,67,0.0,2.0,0.1340766194016968,0.5333930792202836,1.75
dengue,LUCIARA,3,4,0,0.0,0.0,0.0,0.0,0.4766800234761567
dengue,LUIS ANTONIO,1,1,0,0.0,1.0,0.0,,0.0
dengue,LUIS EDUARDO MAGALHAES,4,14,0,0.0,0.0,0.0,,0.6182916666666667
dengue,LUIZ ALVES,1,2,0,0.0,0.0,0.0,,0.0
dengue,LUIZIANIA,2,2,0,0.0,0.0,0.0,,0.0
dengue,LUZIANIA,1,5,1,0.0,0.0,0.2,,0.0
dengue,MACAPA,2,2,0,0.0,0.0,0.0,,0.0
dengue,MACEIO,10,22,0,0.0,0.0,0.0,,0.33725
dengue,MACHADINHO D''OESTE,8,12,0,0.0,0.0,0.0,,0.5303300858899106
dengue,MANACAPURU,4,8,0,0.0,0.0,0.0,,0.43301270189221935
dengue,MANAUS,38,108,1,0.0,0.0,0.02631578947368421,,1.25
dengue,MANDAGUACU,1,3,0,0.0,0.0,0.0,,0.0
dengue,MANGUEIRINHA,2,6,0,0.0,0.0,0.0,,0.0
dengue,MANICORE,1,1,0,0.0,0.0,0.0,,0.0
dengue,MANOEL RIBAS,2,2,0,0.0,0.0,0.0,,0.0
dengue,MANTENA,2,5,0,0.0,0.0,0.0,,0.168625
dengue,MARABA,6,9,0,0.0,0.0,0.0,,0.4909902530309828
dengue,MARACACUME,3,4,0,0.0,0.0,0.0,,0.3535533905932738
dengue,MARACAJU,1,1,0,0.0,0.0,0.0,,0.0
dengue,MARACANA,1,1,0,0.0,0.0,0.0,,0.0
dengue,MARANHAOZINHO,3,6,0,0.0,0.0,0.0,,0.168625
dengue,MARAU,3,4,0,0.0,0.0,0.0,,0.3535533905932738
dengue,MARCELANDIA,120,1191,133,0.0,2.0,0.23796089961412542,11.95119691749446,2.4377436747445573
dengue,MARECHAL CANDIDO RONDON,2,4,0,0.0,0.0,0.0,,0.0
dengue,MARECHAL DEODORO,1,4,0,0.0,0.0,0.0,,0.0
dengue,MARIALVA,2,2,0,0.0,0.0,0.0,,0.0
dengue,MARINGA,18,53,1,0.0,0.0,0.018518518518518517,,1.25
dengue,MARITUBA,2,4,0,0.0,0.0,0.0,,0.168625
dengue,MARMELEIRO,2,2,0,0.0,0.0,0.0,,0.0
dengue,MATA ROMA,2,4,0,0.0,0.0,0.0,,0.168625
dengue,MATIAS BARBOSA,1,2,0,0.0,0.0,0.0,,0.0
dengue,MATINHA,10,14,0,0.0,0.0,0.0,,0.3061862178478973
dengue,MATUPA,68,1639,21,0.0,2.0,0.08250384467512495,1.6183962685963247,1.596417345334761
dengue,MAUA,1,1,0,0.0,0.0,0.0,,0.0
dengue,MEDEIROS,1,1,0,0.0,0.0,0.0,,0.0
dengue,MEDIANEIRA,2,4,0,0.0,0.0,0.0,,0.168625
dengue,MIGUEL ALVES,3,3,0,0.0,0.0,0.0,,0.0
dengue,MIGUELOPOLIS,2,2,0,0.0,0.0,0.0,,0.0
dengue,MINEIROS,5,12,2,0.0,0.0,0.08,,0.772800567539663
dengue,MINISTRO ANDREAZZA,1,1,0,0.0,0.0,0.0,,0.0
dengue,MIRACATU,1,1,0,0.0,0.0,0.0,,0.0
dengue,MIRANTE DA SERRA,1,1,0,0.0,0.0,0.0,,0.0
dengue,MIRASSOL,2,4,0,0.0,0.0,0.0,,0.168625
dengue,MIRASSOL D''OESTE,179,1518,72,0.0,0.0,0.09012054829093935,,1.6457559597976243
dengue,MISSAL,2,5,0,0.0,0.0,0.0,,0.168625
dengue,MONSENHOR GIL,1,4,0,0.0,0.0,0.0,,0.0
dengue,MONTANHA,1,5,0,0.0,0.0,0.0,,0.0
dengue,MONTE ALEGRE,6,11,0,0.0,0.0,0.0,,0.843125
dengue,MONTE AZUL,1,1,0,0.0,0.0,0.0,,0.0
dengue,MONTE SIAO,2,2,0,0.0,0.0,0.0,,0.0
dengue,MONTES CLAROS,3,3,0,0.0,0.0,0.0,,0.0
dengue,MONTES CLAROS DE GOIAS,1,1,0,0.0,0.0,0.0,,0.0
dengue,MONTIVIDIU,1,1,0,0.0,0.0,0.0,,0.0
dengue,MORADA NOVA,1,2,0,0.0,0.0,0.0,,0.0
dengue,MORRINHOS,3,9,0,0.0,0.0,0.0,,0.0
dengue,MOSSORO,1,2,0,0.0,0.0,0.0,,0.0
dengue,MOZARLANDIA,2,2,0,0.0,0.0,0.0,,0.0
dengue,MUNDO NOVO,5,12,1,0.0,0.0,0.2,,0.39999999999999997
dengue,MURICI,2,5,0,0.0,0.0,0.0,,0.168625
dengue,NAVIRAI,3,3,0,0.0,0.0,0.0,,0.0
dengue,NIQUELANDIA,1,1,0,0.0,0.0,0.0,,0.0
dengue,NISIA FLORESTA,1,3,0,0.0,0.0,0.0,,0.0
dengue,NOBRES,34,82,1,0.0,0.0,0.029411764705882353,0.2151648162492469,2.0210306517454955
dengue,NORTELANDIA,47,136,22,0.0,0.0,0.19119385342789597,7.876740292806407,1.4607055145945285
dengue,NOSSA SENHORA DO LIVRAMENTO,146,2519,26,0.0,0.0,0.0795662100456621,1.523522755364104,1.8786646565682956
dengue,NOSSA SENHORA DOS REMEDIOS,1,1,0,0.0,0.0,0.0,,0.0
dengue,NOVA ALVORADA DO SUL,1,1,0,0.0,0.0,0.0,,0.0
dengue,NOVA ANDRADINA,2,4,0,0.0,0.0,0.0,,0.0
dengue,NOVA AURORA,2,6,0,0.0,0.0,0.0,,0.168625
dengue,NOVA BANDEIRANTES,21,48,0,0.0,0.0,0.0,0.0,0.7806764450410411
dengue,NOVA BRASILANDIA,88,349,30,0.0,0.0,0.13145292207792209,9.144431607612823,1.6333998141282815
dengue,NOVA BRASILANDIA D''OESTE,1,1,0,0.0,0.0,0.0,,0.0
dengue,NOVA CANAA DO NORTE,24,55,5,0.0,0.0,0.14583333333333334,1.718046193907123,1.3674422898150689
dengue,NOVA CANTU,1,3,1,0.0,0.0,0.3333333333333333,,0.0
dengue,NOVA CRIXAS,2,7,0,0.0,0.0,0.0,,0.168625
dengue,NOVA ESPERANCA,1,1,0,0.0,0.0,0.0,,0.0
dengue,NOVA FATIMA,2,2,0,0.0,0.0,0.0,,0.0
dengue,NOVA GUARITA,24,219,12,0.0,0.0,0.05422794117647059,11.558212796077244,2.1882693793485437
dengue,NOVA IGUACU,1,2,0,0.0,0.0,0.0,,0.0
dengue,NOVA LACERDA,27,81,0,0.0,0.0,0.0,0.0,1.2834354131475227
dengue,NOVA LONDRINA,1,6,0,0.0,0.0,0.0,,0.0
dengue,NOVA MAMORE,3,5,1,0.0,0.0,0.3333333333333333,,0.35355339059327373
dengue,NOVA MARILANDIA,33,144,2,0.0,0.0,0.03636363636363636,1.9853678390263756,1.7071067811865475
dengue,NOVA MARINGA,25,78,28,0.0,0.0,0.292,20.830891944138852,2.4196437989542012
dengue,NOVA MONTE VERDE,20,37,1,0.0,0.0,0.025,0.590318772136954,1.783118604851791
dengue,NOVA MUTUM,122,1886,17,0.0,2.0,0.05176353700943865,0.30277765996728423,1.865185614855129
dengue,NOVA NAZARE,3,3,0,0.0,0.0,0.0,0.0,0.12084791666666697
dengue,NOVA OLIMPIA,33,85,0,0.0,1.0,0.0,0.0,1.25
dengue,NOVA OLINDA DO MARANHAO,1,1,0,0.0,0.0,0.0,,0.0
dengue,NOVA PRATA,2,3,0,0.0,0.0,0.0,,0.168625
dengue,NOVA SANTA HELENA,101,939,66,0.0,0.0,0.11460772812388237,17.25266632596744,1.6927410604762683
dengue,NOVA UBIRATA,57,812,7,0.0,0.0,0.037825624667729936,1.2890306915128473,2.305227108884634
dengue,NOVA XAVANTINA,29,78,11,0.0,1.0,0.21839080459770116,1.700603806179718,1.8914192245621746
dengue,NOVO HORIZONTE DO NORTE,23,56,6,0.0,0.0,0.15942028985507245,12.089849383497349,1.0142328512105856
dengue,NOVO MUNDO,59,213,55,0.0,0.0,0.307909604519774,14.30119131784355,2.500377178360291
dengue,NOVO PROGRESSO,17,37,0,0.0,0.0,0.0,,0.5781490544089164
dengue,NOVO REPARTIMENTO,7,12,0,0.0,0.0,0.0,,0.5930672165988062
dengue,NOVO SANTO ANTONIO,5,6,0,0.0,0.0,0.0,0.0,0.7066653188344595
dengue,NOVO SAO JOAQUIM,23,211,0,0.0,0.0,0.0,0.0,1.2909077034065317
dengue,OBIDOS,1,2,0,0.0,0.0,0.0,,0.0
dengue,OLIMPIA,1,1,0,0.0,0.0,0.0,,0.0
dengue,ORIENTE,2,6,0,0.0,0.0,0.0,,0.168625
dengue,ORIXIMINA,4,8,0,0.0,0.0,0.0,,0.33725
dengue,OSASCO,3,6,0,0.0,0.0,0.0,,0.168625
dengue,OSORIO,4,11,0,0.0,0.0,0.0,,0.43301270189221935
dengue,OURILANDIA DO NORTE,6,12,0,0.0,0.0,0.0,,0.168625
dengue,OURINHOS,6,16,0,0.0,0.0,0.0,,0.843125
dengue,OURO PRETO DO OESTE,5,8,1,0.0,0.0,0.2,,0.4999999999999999
dengue,PACAJA,2,4,0,0.0,0.0,0.0,,0.0
dengue,PACAJUS,2,2,0,0.0,0.0,0.0,,0.0
dengue,PACARAIMA,44,122,0,0.0,0.0,0.0,,1.25
dengue,PACO DO LUMIAR,2,2,0,0.0,0.0,0.0,,0.0
dengue,PADRE PARAISO,2,2,0,0.0,0.0,0.0,,0.0
dengue,PALHOCA,2,5,0,0.0,0.0,0.0,,0.168625
dengue,PALMARES,1,2,0,0.0,0.0,0.0,,0.0
dengue,PALMAS,9,16,0,0.0,0.0,0.0,,0.4902903378454601
dengue,PALMEIRA D''OESTE,3,4,0,0.0,0.0,0.0,,0.3535533905932738
dengue,PALMEIRAS DE GOIAS,2,2,0,0.0,0.0,0.0,,0.0
dengue,PALMITAL,2,2,0,0.0,0.0,0.0,,0.0
dengue,PANAMBI,1,1,0,0.0,0.0,0.0,,0.0
dengue,PAO DE ACUCAR,5,5,1,0.0,0.0,0.2,,0.39999999999999997
dengue,PARAGOMINAS,7,10,0,0.0,0.0,0.0,,0.5393193716300061
dengue,PARAGUACU PAULISTA,2,5,0,0.0,0.0,0.0,,0.168625
dengue,PARANAIBA,2,5,0,0.0,0.0,0.0,,0.168625
dengue,PARANAITA,83,2230,3,0.0,1.0,0.015796519410977244,0.38363714282897526,1.9234336448874556
dengue,PARANATINGA,27,58,1,0.0,1.0,0.009259259259259259,0.15138326458010065,2.3431277031380464
dengue,PARANAVAI,3,8,0,0.0,0.0,0.0,,0.505875
dengue,PARAUAPEBAS,20,43,0,0.0,0.0,0.0,,0.9659755286686484
dengue,PARECIS,1,7,0,0.0,0.0,0.0,,0.0
dengue,PARIQUERA-ACU,2,2,0,0.0,0.0,0.0,,0.0
dengue,PARNARAMA,2,6,0,0.0,0.0,0.0,,0.0
dengue,PAROBE,2,3,0,0.0,0.0,0.0,,0.168625
dengue,PATO BRANCO,1,4,0,0.0,0.0,0.0,,0.0
dengue,PATOS,1,3,0,0.0,0.0,0.0,,0.0
dengue,PATOS DE MINAS,1,4,0,0.0,0.0,0.0,,0.0
dengue,PATROCINIO,1,1,0,0.0,0.0,0.0,,0.0
dengue,PATU,1,6,0,0.0,0.0,0.0,,0.0
dengue,PAULICEIA,2,2,0,0.0,0.0,0.0,,0.0
dengue,PAULINO NEVES,1,1,0,0.0,0.0,0.0,,0.0
dengue,PEDRA AZUL,3,10,0,0.0,0.0,0.0,,0.33725
dengue,PEDRA BRANCA DO AMAPARI,2,5,0,0.0,0.0,0.0,,0.168625
dengue,PEDRA PRETA,24,61,0,0.0,0.0,0.0,0.0,1.25
dengue,PEDREIRAS,3,3,0,0.0,0.0,0.0,,0.0
dengue,PEDRO DO ROSARIO,3,4,1,0.0,0.0,0.3333333333333333,,0.3535533905932738
dengue,PEDRO GOMES,1,1,0,0.0,0.0,0.0,,0.0
dengue,PEIXOTO DE AZEVEDO,67,681,26,0.0,0.0,0.04701491765819496,1.2259284027544408,2.6050313413945436
dengue,PENALVA,1,2,0,0.0,0.0,0.0,,0.0
dengue,PENDENCIAS,1,2,0,0.0,0.0,0.0,,0.0
dengue,PEREIRA BARRETO,3,14,0,0.0,0.0,0.0,,0.33725
dengue,PERI MIRIM,2,3,0,0.0,0.0,0.0,,0.168625
dengue,PERITORO,3,7,0,0.0,0.0,0.0,,0.3535533905932737
dengue,PEROBAL,1,1,0,0.0,0.0,0.0,,0.0
dengue,PEROLA,1,1,0,0.0,0.0,0.0,,0.0
dengue,PETROLINA,4,8,0,0.0,0.0,0.0,,0.843125
dengue,PETROPOLIS,2,5,0,0.0,0.0,0.0,,0.168625
dengue,PIATA,1,6,0,0.0,0.0,0.0,,0.0
dengue,PILAR,1,2,0,0.0,0.0,0.0,,0.0
dengue,PILOEZINHOS,2,5,0,0.0,0.0,0.0,,0.168625
dengue,PIMENTA BUENO,6,18,0,0.0,0.0,0.0,,0.43301270189221935
dengue,PIMENTEIRAS DO OESTE,2,5,0,0.0,0.0,0.0,,0.168625
dengue,PINDARE-MIRIM,3,4,1,0.0,0.0,0.3333333333333333,,0.3535533905932738
dengue,PINDORAMA,1,1,0,0.0,0.0,0.0,,0.0
dengue,PINHAIS,2,5,0,0.0,0.0,0.0,,0.168625
dengue,PINHALZINHO,4,12,0,0.0,0.0,0.0,,0.33725
dengue,PINHEIRINHO DO VALE,2,2,0,0.0,0.0,0.0,,0.0
dengue,PINHEIRO,3,3,1,0.0,0.0,0.3333333333333333,,0.28284271247461906
dengue,PIO XII,2,2,0,0.0,0.0,0.0,,0.0
dengue,PIRACICABA,1,2,0,0.0,0.0,0.0,,0.0
dengue,PIRAMBU,2,2,0,0.0,0.0,0.0,,0.0
dengue,PIRANHAS,1,1,0,0.0,0.0,0.0,,0.0
dengue,PITANGA,1,1,0,0.0,0.0,0.0,,0.0
dengue,PLACAS,1,1,0,0.0,0.0,0.0,,0.0
dengue,PLANALTINA,1,1,0,0.0,0.0,0.0,,0.0
dengue,PLANALTO,3,5,1,0.0,0.0,0.3333333333333333,,0.35355339059327373
dengue,PLANALTO DA SERRA,16,35,4,0.0,0.0,0.1,8.694987695500961,1.5188296743242664
dengue,POCAO DE PEDRAS,1,3,0,0.0,0.0,0.0,,0.0
dengue,POCO DAS TRINCHEIRAS,2,2,0,0.0,0.0,0.0,,0.0
dengue,POCO REDONDO,1,3,0,0.0,0.0,0.0,,0.0
dengue,POCONE,65,285,5,0.0,2.0,0.07692307692307693,0.27086088794471264,1.9159591432529175
dengue,PONTA GROSSA,3,9,1,0.0,0.0,0.3333333333333333,,0.28284271247461906
dengue,PONTA PORA,3,3,0,0.0,0.0,0.0,,0.0
dengue,PONTAL DO ARAGUAIA,8,137,0,0.0,0.0,0.0,0.0,1.25
dengue,PONTE BRANCA,1,1,0,0.0,0.0,0.0,0.0,0.040632358530405394
dengue,PONTES E LACERDA,118,4684,32,0.0,8.0,0.05054506582428379,0.6276424540985668,1.5147057151189802
dengue,PONTO BELO,1,1,1,0.0,0.0,1.0,,0.0
dengue,PORECATU,1,2,0,0.0,0.0,0.0,,0.0
dengue,PORTAO,1,1,0,0.0,0.0,0.0,,0.0
dengue,PORTELANDIA,2,2,0,0.0,0.0,0.0,,0.0
dengue,PORTO,1,1,0,0.0,0.0,0.0,,0.0
dengue,PORTO ACRE,1,1,0,0.0,0.0,0.0,,0.0
dengue,PORTO ALEGRE,1,2,0,0.0,0.0,0.0,,0.0
dengue,PORTO ALEGRE DO NORTE,8,13,0,0.0,0.0,0.0,0.0,0.4889067741980389
dengue,PORTO AMAZONAS,1,1,0,0.0,0.0,0.0,,0.0
dengue,PORTO DE MOZ,1,1,1,0.0,0.0,1.0,,0.0
dengue,PORTO DE PEDRAS,2,2,1,0.0,0.0,0.5,,0.1349
dengue,PORTO DOS GAUCHOS,11,28,0,0.0,0.0,0.0,0.0,0.5077596882038288
dengue,PORTO ESPERIDIAO,33,115,3,0.0,0.0,0.06060606060606061,0.8185402595622349,1.7944587662691238
dengue,PORTO ESTRELA,8,16,0,0.0,0.0,0.0,0.0,0.7038273977703924
dengue,PORTO FRANCO,3,3,0,0.0,0.0,0.0,,0.0
dengue,PORTO NACIONAL,1,7,0,0.0,0.0,0.0,,0.0
dengue,PORTO SEGURO,1,1,1,0.0,0.0,1.0,,0.0
dengue,PORTO VELHO,35,98,2,0.0,0.0,0.05714285714285714,,1.071471807173855
dengue,POTENGI,1,2,0,0.0,0.0,0.0,,0.0
dengue,POUSO ALEGRE,2,2,0,0.0,0.0,0.0,,0.0
dengue,POXOREO,8,27,0,0.0,0.0,0.0,,0.6182916666666667
dengue,PRAIA GRANDE,3,4,0,0.0,0.0,0.0,,0.3535533905932738
dengue,PRAIA NORTE,1,2,0,0.0,0.0,0.0,,0.0
dengue,PRAINHA,1,3,0,0.0,0.0,0.0,,0.0
dengue,PRESIDENTE DUTRA,3,4,0,0.0,0.0,0.0,,0.3535533905932738
dengue,PRESIDENTE FIGUEIREDO,4,4,0,0.0,0.0,0.0,,0.0
dengue,PRESIDENTE MEDICI,2,5,0,0.0,0.0,0.0,,0.168625
dengue,PRESIDENTE PRUDENTE,2,2,0,0.0,0.0,0.0,,0.0
dengue,PRESIDENTE SARNEY,1,1,0,0.0,0.0,0.0,,0.0
dengue,PRIMAVERA,2,2,0,0.0,0.0,0.0,,0.0
dengue,PRIMAVERA DO LESTE,151,4085,195,0.0,2.0,0.08152731714366862,1.8269097139715473,2.4576789296991954
dengue,QUEBRANGULO,1,1,0,0.0,0.0,0.0,,0.0
dengue,QUERENCIA,66,408,10,0.0,1.0,0.09078282828282827,0.5791086022438635,1.4241323583251748
dengue,QUINTA DO SOL,1,3,0,0.0,0.0,0.0,,0.0
dengue,QUIRINOPOLIS,2,2,0,0.0,0.0,0.0,,0.0
dengue,QUIXERAMOBIM,2,2,0,0.0,0.0,0.0,,0.0
dengue,RANCHO ALEGRE,2,6,0,0.0,0.0,0.0,,0.168625
dengue,REALEZA,2,2,0,0.0,0.0,0.0,,0.0
dengue,RECIFE,9,22,0,0.0,0.0,0.0,,0.38943914035019284
dengue,REDENCAO,7,9,0,0.0,0.0,0.0,,0.6123724356957945
dengue,REDENTORA,1,1,0,0.0,0.0,0.0,,0.0
dengue,REGENTE FEIJO,2,3,0,0.0,0.0,0.0,,0.168625
dengue,RENASCENCA,1,1,0,0.0,0.0,0.0,,0.0
dengue,RESERVA DO CABACAL,15,32,0,0.0,0.0,0.0,0.0,1.0158991624436937
dengue,RIBEIRAO CASCALHEIRA,13,27,0,0.0,0.0,0.0,0.0,0.6139193799268018
dengue,RIBEIRAO PRETO,4,10,0,0.0,0.0,0.0,,0.43301270189221935
dengue,RIBEIRAOZINHO,3,21,0,0.0,0.0,0.0,,1.1920676625844595
dengue,RINOPOLIS,2,6,0,0.0,0.0,0.0,,0.0
dengue,RIO BRANCO,52,411,3,0.0,0.0,0.035256410256410256,1.4496483284184742,1.6838814406349443
dengue,RIO BRILHANTE,3,7,0,0.0,0.0,0.0,,0.33725
dengue,RIO CLARO,2,2,0,0.0,0.0,0.0,,0.0
dengue,RIO DE JANEIRO,15,47,0,0.0,0.0,0.0,,0.5901875
dengue,RIO LARGO,4,6,0,0.0,0.0,0.0,,0.43301270189221935
dengue,RIO MARIA,1,1,0,0.0,0.0,0.0,,0.0
dengue,RIO VERDE,13,28,0,0.0,0.0,0.0,,0.505875
dengue,RIO VERDE DE MATO GROSSO,3,4,0,0.0,0.0,0.0,,0.3535533905932738
dengue,ROLIM DE MOURA,10,19,0,0.0,0.0,0.0,,0.5637295497763136
dengue,RONDA ALTA,1,1,0,0.0,0.0,0.0,,0.0
dengue,RONDINHA,3,8,0,0.0,0.0,0.0,,0.168625
dengue,RONDONOPOLIS,106,725,13,0.0,0.0,0.03411344944363812,0.05327587449412893,1.8163222879769279
dengue,ROSANA,1,1,0,0.0,0.0,0.0,,0.0
dengue,ROSARIO OESTE,21,54,1,0.0,0.0,0.047619047619047616,0.34604111660547504,1.7572485486857268
dengue,RUROPOLIS,8,12,0,0.0,0.0,0.0,,0.5303300858899106
dengue,SABOEIRO,1,1,0,0.0,0.0,0.0,,0.0
dengue,SACRAMENTO,1,1,0,0.0,0.0,0.0,,0.0
dengue,SALINOPOLIS,1,1,0,0.0,0.0,0.0,,0.0
dengue,SALTO DO CEU,24,77,0,0.0,0.0,0.0,0.0,0.8733346055039415
dengue,SALTO DO LONTRA,1,2,0,0.0,0.0,0.0,,0.0
dengue,SALVADOR,9,16,0,0.0,0.0,0.0,,0.6563841588082594
dengue,SALVATERRA,2,2,0,0.0,0.0,0.0,,0.0
dengue,SANTA ALBERTINA,1,5,0,0.0,0.0,0.0,,0.0
dengue,SANTA CARMEM,30,91,2,0.0,0.0,0.02222222222222222,1.378378750913176,2.0
dengue,SANTA CRUZ CABRALIA,1,1,0,0.0,0.0,0.0,,0.0
dengue,SANTA CRUZ DO RIO PARDO,1,1,0,0.0,0.0,0.0,,0.0
dengue,SANTA CRUZ DO XINGU,3,4,0,0.0,0.0,0.0,0.0,0.4977344118489044
dengue,SANTA FE DO SUL,2,2,0,0.0,0.0,0.0,,0.0
dengue,SANTA HELENA,2,3,0,0.0,0.0,0.0,,0.168625
dengue,SANTA HELENA DE GOIAS,4,11,0,0.0,0.0,0.0,,0.14433756729740646
dengue,SANTA INES,7,8,0,0.0,0.0,0.0,,0.6123724356957946
dengue,SANTA ISABEL DO PARA,3,3,0,0.0,0.0,0.0,,0.0
dengue,SANTA IZABEL DO OESTE,2,2,0,0.0,0.0,0.0,,0.0
dengue,SANTA LUZIA,4,11,0,0.0,0.0,0.0,,0.4215625
dengue,SANTA LUZIA DO PARUA,3,6,0,0.0,0.0,0.0,,0.168625
dengue,SANTA MARIA,2,2,1,0.0,0.0,0.5,,0.1349
dengue,SANTA MARIA DAS BARREIRAS,4,9,0,0.0,0.0,0.0,,0.168625
dengue,SANTA MARIA DO OESTE,2,3,0,0.0,0.0,0.0,,0.168625
dengue,SANTA QUITERIA DO MARANHAO,2,2,0,0.0,0.0,0.0,,0.0
dengue,SANTA RITA,1,1,0,0.0,0.0,0.0,,0.0
dengue,SANTA RITA DO ARAGUAIA,1,1,0,0.0,0.0,0.0,,0.0
dengue,SANTA RITA DO TRIVELATO,17,47,0,0.0,0.0,0.0,0.0,0.6745
dengue,SANTA ROSA,1,3,0,0.0,0.0,0.0,,0.0
dengue,SANTA ROSA DE LIMA,1,1,0,0.0,0.0,0.0,,0.0
dengue,SANTA TEREZA DE GOIAS,1,1,0,0.0,0.0,0.0,,0.0
dengue,SANTA TEREZINHA,12,27,0,0.0,0.0,0.0,0.0,0.85281903856982
dengue,SANTANA,1,1,0,0.0,0.0,0.0,,0.0
dengue,SANTANA DE PARNAIBA,1,1,1,0.0,0.0,1.0,,0.0
dengue,SANTANA DO ARAGUAIA,3,9,0,0.0,0.0,0.0,,0.35355339059327373
dengue,SANTANA DO IPANEMA,1,1,0,0.0,0.0,0.0,,0.0
dengue,SANTANA DO MARANHAO,1,10,0,0.0,0.0,0.0,,0.0
dengue,SANTAREM,14,29,2,0.0,0.0,0.14285714285714285,,1.25
dengue,SANTO AFONSO,8,24,0,0.0,0.0,0.0,0.0,0.3934583333333333
dengue,SANTO ANDRE,2,5,0,0.0,0.0,0.0,,0.168625
dengue,SANTO ANGELO,1,2,0,0.0,0.0,0.0,,0.0
dengue,SANTO ANTONIO DO LESTE,3,6,0,0.0,0.0,0.0,0.0,0.3630290521923729
dengue,SANTO ANTONIO DO LEVERGER,79,248,21,0.0,0.0,0.14641350210970464,1.7686092305065186,1.3860536298439963
dengue,SANTO ANTONIO DO MONTE,1,5,0,0.0,0.0,0.0,,0.0
dengue,SANTO ANTONIO DOS LOPES,1,2,0,0.0,0.0,0.0,,0.0
dengue,SANTOS,2,3,0,0.0,0.0,0.0,,0.168625
dengue,SAO BENTO,2,4,0,0.0,0.0,0.0,,0.0
dengue,SAO BERNARDO DO CAMPO,6,11,0,0.0,0.0,0.0,,0.505875
dengue,SAO CARLOS,2,2,0,0.0,0.0,0.0,,0.0
dengue,SAO CRISTOVAO,1,1,0,0.0,0.0,0.0,,0.0
dengue,SAO DOMINGOS DO ARAGUAIA,3,9,0,0.0,0.0,0.0,,0.35355339059327373
dengue,SAO DOMINGOS DO CAPIM,1,1,0,0.0,0.0,0.0,,0.0
dengue,SAO DOMINGOS DO MARANHAO,1,1,0,0.0,0.0,0.0,,0.0
dengue,SAO FELIPE D''OESTE,1,2,0,0.0,0.0,0.0,,0.0
dengue,SAO FELIX DO ARAGUAIA,6,9,0,0.0,0.0,0.0,0.0,0.7216888482600827
dengue,SAO FELIX DO XINGU,1,5,0,0.0,0.0,0.0,,0.0
dengue,SAO FRANCISCO DE SALES,1,1,1,0.0,0.0,1.0,,0.0
dengue,SAO GABRIEL DO OESTE,3,6,0,0.0,0.0,0.0,,0.35355339059327373
dengue,SAO GONCALO DO AMARANTE,2,3,0,0.0,0.0,0.0,,0.168625
dengue,SAO JERONIMO,1,2,0,0.0,0.0,0.0,,0.0
dengue,SAO JOAO,1,1,0,0.0,0.0,0.0,,0.0
dengue,SAO JOAO BATISTA,2,2,0,0.0,0.0,0.0,,0.0
dengue,SAO JOAO DA BALIZA,1,1,0,0.0,0.0,0.0,,0.0
dengue,SAO JOAO DE MERITI,2,5,0,0.0,0.0,0.0,,0.168625
dengue,SAO JOAO DE PIRABAS,2,2,0,0.0,0.0,0.0,,0.0
dengue,SAO JOAO DO CARU,2,5,0,0.0,0.0,0.0,,0.168625
dengue,SAO JOAO DO SOTER,2,2,0,0.0,0.0,0.0,,0.0
dengue,SAO JOAQUIM DA BARRA,2,2,0,0.0,0.0,0.0,,0.0
dengue,SAO JORGE D''OESTE,1,1,0,0.0,0.0,0.0,,0.0
dengue,SAO JOSE DA TAPERA,2,3,0,0.0,0.0,0.0,,0.168625
dengue,SAO JOSE DE RIBAMAR,8,19,0,0.0,0.0,0.0,,1.25
dengue,SAO JOSE DO CEDRO,1,3,0,0.0,0.0,0.0,,0.0
dengue,SAO JOSE DO POVO,5,5,0,0.0,0.0,0.0,0.0,0.021652551379504583
dengue,SAO JOSE DO RIO CLARO,34,93,0,0.0,1.0,0.0,0.0,1.3431250000000001
dengue,SAO JOSE DO RIO PRETO,1,1,1,0.0,0.0,1.0,,0.0
dengue,SAO JOSE DO XINGU,6,43,0,0.0,0.0,0.0,0.0,0.6553229188411342
dengue,SAO JOSE DOS BASILIOS,5,10,0,0.0,0.0,0.0,,0.168625
dengue,SAO JOSE DOS CAMPOS,2,2,0,0.0,0.0,0.0,,0.0
dengue,SAO JOSE DOS QUATRO MARCOS,56,1062,1,0.0,0.0,0.008928571428571428,0.10436365306182087,2.0
dengue,SAO LOURENCO DA MATA,2,2,0,0.0,0.0,0.0,,0.0
dengue,SAO LOURENCO DO OESTE,2,2,0,0.0,0.0,0.0,,0.0
dengue,SAO LUDGERO,5,12,0,0.0,0.0,0.0,,0.505875
dengue,SAO LUIS,15,36,0,0.0,0.0,0.0,,0.6745
dengue,SAO LUIS DO QUITUNDE,1,1,0,0.0,0.0,0.0,,0.0
dengue,SAO LUIS GONZAGA DO MARANHAO,2,4,0,0.0,0.0,0.0,,0.168625
dengue,SAO MIGUEL DO GUAMA,1,1,0,0.0,0.0,0.0,,0.0
dengue,SAO MIGUEL DO OESTE,2,3,0,0.0,0.0,0.0,,0.168625
dengue,SAO PAULO,19,38,0,0.0,0.0,0.0,,0.7071067811865475
dengue,SAO PEDRO,1,1,0,0.0,0.0,0.0,,0.0
dengue,SAO PEDRO DA CIPA,6,12,0,0.0,0.0,0.0,0.0,0.5744927257202562
dengue,SAO PEDRO DO IGUACU,3,3,0,0.0,0.0,0.0,,0.0
dengue,SAO ROBERTO,1,1,0,0.0,0.0,0.0,,0.0
dengue,SAO SEBASTIAO DO PARAISO,1,1,0,0.0,0.0,0.0,,0.0
dengue,SAO SIMAO,1,5,0,0.0,0.0,0.0,,0.0
dengue,SAO VALENTIM,3,7,0,0.0,0.0,0.0,,0.3535533905932737
dengue,SAO VALERIO DO SUL,1,1,1,0.0,0.0,1.0,,0.0
dengue,SAO VICENTE,2,2,0,0.0,0.0,0.0,,0.0
dengue,SAPEZAL,49,224,2,0.0,0.0,0.04081632653061224,0.14512323752553066,1.9515400657567912
dengue,SAQUAREMA,1,1,0,0.0,0.0,0.0,,0.0
dengue,SARANDI,3,3,0,0.0,0.0,0.0,,0.0
dengue,SENA MADUREIRA,3,6,0,0.0,0.0,0.0,,0.35355339059327373
dengue,SENADOR ALEXANDRE COSTA,3,3,0,0.0,0.0,0.0,,0.0
dengue,SENADOR CANEDO,5,6,0,0.0,0.0,0.0,,0.49999999999999994
dengue,SENADOR GUIOMARD,1,3,0,0.0,0.0,0.0,,0.0
dengue,SENADOR JOSE PORFIRIO,1,1,0,0.0,0.0,0.0,,0.0
dengue,SENADOR LA ROCQUE,2,3,0,0.0,0.0,0.0,,0.168625
dengue,SERRA,7,13,0,0.0,0.0,0.0,,0.4762504762507144
dengue,SERRA NOVA DOURADA,2,7,0,0.0,0.0,0.0,0.0,0.25144683980855864
dengue,SERTANIA,2,2,0,0.0,0.0,0.0,,0.0
dengue,SERTANOPOLIS,1,3,0,0.0,0.0,0.0,,0.0
dengue,SERTAOZINHO,2,3,0,0.0,0.0,0.0,,0.168625
dengue,SETE QUEDAS,3,12,0,0.0,0.0,0.0,,0.6745
dengue,SIDROLANDIA,3,3,0,0.0,0.0,0.0,,0.0
dengue,SIMOES FILHO,1,1,0,0.0,0.0,0.0,,0.0
dengue,SINOP,168,4546,40,0.0,5.0,0.08639891854177568,0.15091675807698443,1.7324489072664113
dengue,SITIO DO MATO,1,1,0,0.0,0.0,0.0,,0.0
dengue,SOBRADINHO,1,3,0,0.0,0.0,0.0,,0.0
dengue,SOBRAL,1,2,0,0.0,0.0,0.0,,0.0
dengue,SONORA,1,3,0,0.0,0.0,0.0,,0.0
dengue,SOROCABA,8,9,0,0.0,0.0,0.0,,0.6614378277661476
dengue,SORRISO,192,24399,294,0.0,1.0,0.12473854667877503,1.5862119291880676,2.371297526740615
dengue,SOUSA,2,2,0,0.0,0.0,0.0,,0.0
dengue,SULINA,2,3,0,0.0,0.0,0.0,,0.168625
dengue,SUMARE,4,5,0,0.0,0.0,0.0,,0.43301270189221935
dengue,TABAPORA,39,386,1,0.0,0.0,0.02564102564102564,0.37290613206843576,2.0
dengue,TABATINGA,1,1,0,0.0,0.0,0.0,,0.0
dengue,TABOAO DA SERRA,3,11,0,0.0,0.0,0.0,,0.33725
dengue,TACURU,1,1,0,0.0,0.0,0.0,,0.0
dengue,TAILANDIA,3,6,0,0.0,0.0,0.0,,0.168625
dengue,TAMANDARE,2,2,0,0.0,0.0,0.0,,0.0
dengue,TAMBOARA,2,5,0,0.0,0.0,0.0,,0.168625
dengue,TANABI,1,1,0,0.0,0.0,0.0,,0.0
dengue,TANGARA DA SERRA,205,4913,49,0.0,4.0,0.07110656634516656,0.25637613632953554,1.982178286979022
dengue,TAPURAH,69,548,12,0.0,1.0,0.033586381412468364,1.3377910366955506,2.281041666666667
dengue,TAUA,1,4,0,0.0,0.0,0.0,,0.0
dengue,TELEMACO BORBA,1,2,0,0.0,0.0,0.0,,0.0
dengue,TEOTONIO VILELA,1,1,0,0.0,0.0,0.0,,0.0
dengue,TERESINA,3,4,0,0.0,0.0,0.0,,0.3535533905932738
dengue,TERRA BOA,1,3,1,0.0,0.0,0.3333333333333333,,0.0
dengue,TERRA NOVA DO NORTE,39,405,2,0.0,0.0,0.017094017094017092,0.5984010723347216,2.0
dengue,TERRA RICA,2,7,0,0.0,0.0,0.0,,0.168625
dengue,TERRA SANTA,1,5,0,0.0,0.0,0.0,,0.0
dengue,TESOURO,2,6,0,0.0,0.0,0.0,0.0,0.24684668144707217
dengue,TIJUCAS,4,5,0,0.0,0.0,0.0,,0.43301270189221935
dengue,TIMBIRAS,2,2,1,0.0,0.0,0.5,,0.1349
dengue,TIMON,2,6,0,0.0,0.0,0.0,,0.168625
dengue,TOLEDO,5,9,1,0.0,0.0,0.2,,0.4716211091418993
dengue,TORIXOREU,4,6,0,0.0,0.0,0.0,0.0,0.46769191430775986
dengue,TRABIJU,2,2,0,0.0,0.0,0.0,,0.0
dengue,TRACUATEUA,2,2,0,0.0,0.0,0.0,,0.0
dengue,TRAIRAO,5,6,0,0.0,0.0,0.0,,0.5
dengue,TRES CACHOEIRAS,2,5,0,0.0,0.0,0.0,,0.168625
dengue,TRES FRONTEIRAS,1,1,0,0.0,0.0,0.0,,0.0
dengue,TRES RIOS,3,7,0,0.0,0.0,0.0,,0.35355339059327373
dengue,TRINDADE,5,8,0,0.0,0.0,0.0,,0.43749999999999994
dengue,TRIZIDELA DO VALE,2,3,0,0.0,0.0,0.0,,0.168625
dengue,TUBARAO,1,1,0,0.0,0.0,0.0,,0.0
dengue,TUCURUI,7,12,0,0.0,0.0,0.0,,0.168625
dengue,TUFILANDIA,2,4,0,0.0,0.0,0.0,,0.168625
dengue,TUPA,1,1,0,0.0,0.0,0.0,,0.0
dengue,TUPARENDI,1,6,0,0.0,0.0,0.0,,0.0
dengue,TURILANDIA,4,13,0,0.0,0.0,0.0,,0.505875
dengue,UBAPORANGA,1,1,0,0.0,0.0,0.0,,0.0
dengue,UBATUBA,2,5,0,0.0,0.0,0.0,,0.168625
dengue,UBERABA,2,5,0,0.0,0.0,0.0,,0.168625
dengue,UBERLANDIA,2,5,0,0.0,0.0,0.0,,0.168625
dengue,ULIANOPOLIS,1,2,0,0.0,0.0,0.0,,0.0
dengue,UMUARAMA,5,5,0,0.0,0.0,0.0,,0.0
dengue,UNIAO DO SUL,30,60,5,0.0,0.0,0.09722222222222222,4.516734584947128,1.7029266377558931
dengue,UNIAO DOS PALMARES,2,2,0,0.0,0.0,0.0,,0.0
dengue,URANIA,1,1,0,0.0,0.0,0.0,,0.0
dengue,URBANO SANTOS,3,4,0,0.0,0.0,0.0,,0.3535533905932738
dengue,URUCARA,2,4,0,0.0,0.0,0.0,,0.168625
dengue,URUPEMA,1,1,0,0.0,0.0,0.0,,0.0
dengue,VACARIA,2,3,0,0.0,0.0,0.0,,0.168625
dengue,VALE DE SAO DOMINGOS,4,6,0,0.0,0.0,0.0,0.0,0.48246084378411136
dengue,VALE DO ANARI,4,11,0,0.0,0.0,0.0,,0.2810416666666667
dengue,VALE DO PARAISO,3,11,0,0.0,0.0,0.0,,0.3535533905932738
dengue,VARGEM GRANDE,4,7,0,0.0,0.0,0.0,,0.505875
dengue,VARGEM GRANDE DO SUL,1,2,0,0.0,0.0,0.0,,0.0
dengue,VARJAO DE MINAS,2,3,0,0.0,0.0,0.0,,0.168625
dengue,VARZEA ALEGRE,1,1,0,0.0,0.0,0.0,,0.0
dengue,VARZEA GRANDE,270,27082,223,0.0,3.0,0.08497305377213833,0.30850600244064164,2.261321964377826
dengue,VAZANTE,2,5,0,0.0,0.0,0.0,,0.168625
dengue,VERA,43,1285,5,0.0,0.0,0.03123575011399909,1.202790914316696,1.5598532132720264
dengue,VERA CRUZ DO OESTE,2,5,0,0.0,0.0,0.0,,0.168625
dengue,VERE,1,2,0,0.0,0.0,0.0,,0.0
dengue,VIAMAO,1,2,0,0.0,0.0,0.0,,0.0
dengue,VIANA,8,11,0,0.0,0.0,0.0,,0.5837172315870185
dengue,VIANOPOLIS,2,5,0,0.0,0.0,0.0,,0.168625
dengue,VIDEIRA,2,2,0,0.0,0.0,0.0,,0.0
dengue,VIGIA,1,2,0,0.0,0.0,0.0,,0.0
dengue,VILA BELA DA SANTISSIMA TRINDADE,20,64,0,0.0,0.0,0.0,0.0,0.6176555250563064
dengue,VILA NOVA DOS MARTIRIOS,1,1,0,0.0,0.0,0.0,,0.0
dengue,VILA RICA,56,664,0,0.0,0.0,0.0,0.0,1.2966044939470722
dengue,VILHENA,21,51,1,0.0,0.0,0.047619047619047616,,1.0133448061544832
dengue,VISEU,1,1,0,0.0,0.0,0.0,,0.0
dengue,VISTA ALEGRE DO ALTO,1,2,0,0.0,0.0,0.0,,0.0
dengue,VITORIA DA CONQUISTA,2,6,0,0.0,0.0,0.0,,0.168625
dengue,VITORIA DE SANTO ANTAO,1,1,0,0.0,0.0,0.0,,0.0
dengue,VITORIA DO JARI,1,1,0,0.0,0.0,0.0,,0.0
dengue,VITORIA DO MEARIM,4,7,0,0.0,0.0,0.0,,0.4330127018922193
dengue,VITORINO FREIRE,1,1,0,0.0,0.0,0.0,,0.0
dengue,VOLTA REDONDA,3,4,0,0.0,0.0,0.0,,0.3535533905932738
dengue,VOTUPORANGA,4,16,0,0.0,0.0,0.0,,0.2529375
dengue,XAMBIOA,1,1,0,0.0,0.0,0.0,,0.0
dengue,XANXERE,3,3,0,0.0,0.0,0.0,,0.0
dengue,ZE DOCA,3,3,0,0.0,0.0,0.0,,0.0
difteria_difteria_cultura,CUIABA,1,1,0,0.0,0.0,0.0,0.0,0.0
difteria_difteria_cultura,PORTO VELHO,3,4,0,0.0,0.0,0.0,,0.3535533905932738
difteria_difteria_cultura,VARZEA GRANDE,1,1,0,0.0,0.0,0.0,0.0,0.0
difteria_difteria_pesquisa_de_genes,PORTO VELHO,2,3,0,0.0,0.0,0.0,,0.168625
difteria_mayaro_biologia_molecular,MATUPA,1,1,0,0.0,0.0,0.0,0.0,0.0
difteria_mayaro_biologia_molecular,SORRISO,1,1,0,0.0,0.0,0.0,0.0,0.0
difteria_pesquisa_de_arbov_rus_zdc,CUIABA,2,2,0,0.0,0.0,0.0,0.0,0.0
difteria_pesquisa_de_arbov_rus_zdc,MATUPA,1,1,0,0.0,0.0,0.0,0.0,0.0
difteria_pesquisa_de_arbov_rus_zdc,NOVA UBIRATA,1,1,0,0.0,0.0,0.0,0.0,0.0172992539414415
difteria_pesquisa_de_arbov_rus_zdc,PONTES E LACERDA,1,1,0,0.0,0.0,0.0,0.0,0.0
difteria_pesquisa_de_arbov_rus_zdc,SORRISO,2,2,0,0.0,0.0,0.0,0.0,0.0
doen_a_de_chagas_arbov_rus,SORRISO,3,3,0,0.0,0.0,0.0,0.0,0.0
doen_a_de_chagas_chagas,ARACAJU,1,1,0,0.0,0.0,0.0,,0.0
doen_a_de_chagas_chagas,BARRA DO GARCAS,1,1,0,0.0,0.0,0.0,0.0,0.0
doen_a_de_chagas_chagas,BIGUACU,1,1,0,0.0,0.0,0.0,,0.0
doen_a_de_chagas_chagas,CACERES,4,4,0,0.0,0.0,0.0,0.0,0.01077642877252243
doen_a_de_chagas_chagas,CAMPO NOVO DO PARECIS,4,4,0,0.0,0.0,0.0,0.0,0.0
doen_a_de_chagas_chagas,CAMPO VERDE,15,24,0,0.0,0.0,0.0,0.0,0.8769651056970109
doen_a_de_chagas_chagas,CANARANA,3,3,0,0.0,0.0,0.0,0.0,0.0
doen_a_de_chagas_chagas,CAXIAS,1,1,0,0.0,0.0,0.0,,0.0
doen_a_de_chagas_chagas,COLIDER,4,4,0,0.0,0.0,0.0,0.0,0.0
doen_a_de_chagas_chagas,CONFRESA,2,2,0,0.0,0.0,0.0,0.0,0.047710620777027084
doen_a_de_chagas_chagas,CUIABA,25,41,1,0.0,0.0,0.04,0.006022282445046673,1.938962201775815
doen_a_de_chagas_chagas,CURVELANDIA,1,1,0,0.0,0.0,0.0,0.0,0.0
doen_a_de_chagas_chagas,DENISE,2,2,0,0.0,0.0,0.0,0.0,0.0
doen_a_de_chagas_chagas,GUARANTA DO NORTE,15,20,0,0.0,0.0,0.0,0.0,0.8451542547285167
doen_a_de_chagas_chagas,INDIAVAI,1,1,0,0.0,0.0,0.0,0.0,0.02767690737612621
doen_a_de_chagas_chagas,INHANGAPI,1,1,0,0.0,0.0,0.0,,0.0
doen_a_de_chagas_chagas,JUAZEIRO,1,1,0,0.0,0.0,0.0,,0.0
doen_a_de_chagas_chagas,JUINA,2,3,1,0.0,0.0,0.25,1.0331432349780973,0.43842499999999995
doen_a_de_chagas_chagas,JUSCIMEIRA,5,5,0,0.0,0.0,0.0,0.0,0.0
doen_a_de_chagas_chagas,LAMBARI D''OESTE,1,1,0,0.0,0.0,0.0,,0.0
doen_a_de_chagas_chagas,LUCAS DO RIO VERDE,1,1,0,0.0,0.0,0.0,0.0,0.0
doen_a_de_chagas_chagas,MARCELANDIA,4,5,0,0.0,0.0,0.0,0.0,0.4398630925172194
doen_a_de_chagas_chagas,MATUPA,7,7,0,0.0,0.0,0.0,0.0,0.0
doen_a_de_chagas_chagas,MIRASSOL D''OESTE,9,12,0,0.0,0.0,0.0,,0.6250000000000001
doen_a_de_chagas_chagas,NOBRES,1,1,0,0.0,0.0,0.0,0.0,0.021030651745495524
doen_a_de_chagas_chagas,NORTELANDIA,1,1,0,0.0,0.0,0.0,0.0,0.0
doen_a_de_chagas_chagas,NOSSA SENHORA DO LIVRAMENTO,1,1,0,0.0,0.0,0.0,0.0,0.10755540540540556
doen_a_de_chagas_chagas,NOVA MONTE VERDE,1,1,0,0.0,0.0,0.0,0.0,0.007011799690315371
doen_a_de_chagas_chagas,NOVA MUTUM,7,7,0,0.0,0.0,0.0,0.0,0.0
doen_a_de_chagas_chagas,NOVA OLIMPIA,1,1,0,0.0,0.0,0.0,0.0,0.0
doen_a_de_chagas_chagas,PARANATINGA,1,1,0,0.0,0.0,0.0,0.0,0.02608180602477483
doen_a_de_chagas_chagas,POCONE,1,1,0,0.0,0.0,0.0,0.0,0.06830926590653164
doen_a_de_chagas_chagas,PONTES E LACERDA,4,4,0,0.0,0.0,0.0,0.0,0.0
doen_a_de_chagas_chagas,PRIMAVERA DO LESTE,1,1,0,0.0,0.0,0.0,0.0,0.0
doen_a_de_chagas_chagas,REDENTORA,1,1,0,0.0,0.0,0.0,,0.0
doen_a_de_chagas_chagas,RIO VERDE DE MATO GROSSO,1,1,0,0.0,0.0,0.0,,0.0
doen_a_de_chagas_chagas,RONDONOPOLIS,5,5,0,0.0,0.0,0.0,0.0,0.0
doen_a_de_chagas_chagas,ROSARIO OESTE,1,2,0,0.0,0.0,0.0,0.0,0.06282135768581094
doen_a_de_chagas_chagas,SAO JOSE DO RIO CLARO,1,1,0,0.0,0.0,0.0,0.0,0.0
doen_a_de_chagas_chagas,SINOP,1,3,0,0.0,0.0,0.0,0.0,0.0
doen_a_de_chagas_chagas,SORRISO,42,321,0,0.0,0.0,0.0,0.0,1.25
doen_a_de_chagas_chagas,TANGARA DA SERRA,4,4,0,0.0,0.0,0.0,0.0,0.0
doen_a_de_chagas_chagas,TAPURAH,1,1,0,0.0,0.0,0.0,0.0,0.0
doen_a_de_chagas_chagas,VARZEA GRANDE,5,7,0,0.0,0.0,0.0,0.0,0.30618621784789735
doen_a_de_chagas_chagas,VILA BELA DA SANTISSIMA TRINDADE,1,1,0,0.0,0.0,0.0,0.0,0.11178052505630645
doen_a_de_chagas_chagas_igg,ALTA FLORESTA,1,1,0,0.0,0.0,0.0,0.0,0.0
doen_a_de_chagas_chagas_igg,ALTAMIRA,1,2,0,0.0,0.0,0.0,,0.0
doen_a_de_chagas_chagas_igg,ARACAJU,1,2,0,0.0,0.0,0.0,,0.0
doen_a_de_chagas_chagas_igg,BARRA DO GARCAS,2,2,0,0.0,0.0,0.0,0.0,0.0
doen_a_de_chagas_chagas_igg,BIGUACU,1,1,0,0.0,0.0,0.0,,0.0
doen_a_de_chagas_chagas_igg,BOA ESPERANCA DO NORTE,2,2,0,0.0,0.0,0.0,,0.0
doen_a_de_chagas_chagas_igg,BOA VISTA,1,2,0,0.0,0.0,0.0,,0.0
doen_a_de_chagas_chagas_igg,CACERES,6,6,0,0.0,0.0,0.0,0.0,0.01077642877252243
doen_a_de_chagas_chagas_igg,CACHOEIRA DO PIRIA,1,1,0,0.0,0.0,0.0,,0.0
doen_a_de_chagas_chagas_igg,CAMPO NOVO DO PARECIS,7,8,0,0.0,0.0,0.0,0.0,0.6123724356957946
doen_a_de_chagas_chagas_igg,CAMPO VERDE,36,51,0,0.0,0.0,0.0,0.0,1.25
doen_a_de_chagas_chagas_igg,CANARANA,7,8,1,0.0,0.0,0.14285714285714285,0.8826436943934473,0.8363081100704111
doen_a_de_chagas_chagas_igg,CAXIAS,1,1,0,0.0,0.0,0.0,,0.0
doen_a_de_chagas_chagas_igg,COLIDER,11,13,0,0.0,0.0,0.0,0.0,0.5303300858899106
doen_a_de_chagas_chagas_igg,CONFRESA,2,3,0,0.0,0.0,0.0,0.0,0.2163356207770271
doen_a_de_chagas_chagas_igg,COTRIGUACU,1,1,0,0.0,0.0,0.0,,0.10213395974099129
doen_a_de_chagas_chagas_igg,CUIABA,36,54,2,0.0,0.0,0.041666666666666664,0.009033423667570008,1.7745966692414834
doen_a_de_chagas_chagas_igg,CURVELANDIA,2,3,0,0.0,0.0,0.0,0.0,0.168625
doen_a_de_chagas_chagas_igg,DENISE,6,6,0,0.0,0.0,0.0,0.0,0.0
doen_a_de_chagas_chagas_igg,FORMOSA,1,1,0,0.0,0.0,0.0,,0.0
doen_a_de_chagas_chagas_igg,GUARANTA DO NORTE,26,30,0,0.0,0.0,0.0,0.0,0.5863019699779287
doen_a_de_chagas_chagas_igg,GUIRATINGA,1,1,0,0.0,0.0,0.0,,0.017114108248873782
doen_a_de_chagas_chagas_igg,INDIAVAI,1,1,0,0.0,0.0,0.0,0.0,0.02767690737612621
doen_a_de_chagas_chagas_igg,INHANGAPI,1,1,0,0.0,0.0,0.0,,0.0
doen_a_de_chagas_chagas_igg,IPORA,2,2,0,0.0,0.0,0.0,,0.0
doen_a_de_chagas_chagas_igg,JATEI,1,1,0,0.0,0.0,0.0,,0.0
doen_a_de_chagas_chagas_igg,JUAZEIRO,1,1,0,0.0,0.0,0.0,,0.0
doen_a_de_chagas_chagas_igg,JUINA,4,5,1,0.0,0.0,0.125,0.5165716174890487,1.1258330249197703
doen_a_de_chagas_chagas_igg,JUSCIMEIRA,9,10,0,0.0,0.0,0.0,0.0,0.7071067811865475
doen_a_de_chagas_chagas_igg,LAMBARI D''OESTE,1,1,0,0.0,0.0,0.0,,0.0
doen_a_de_chagas_chagas_igg,LUCAS DO RIO VERDE,2,2,0,0.0,0.0,0.0,0.0,0.0
doen_a_de_chagas_chagas_igg,MARCELANDIA,5,7,0,0.0,0.0,0.0,0.0,0.3130366084728974
doen_a_de_chagas_chagas_igg,MATUPA,8,8,0,0.0,0.0,0.0,0.0,0.0
doen_a_de_chagas_chagas_igg,MINEIROS,1,1,0,0.0,0.0,0.0,,0.0
doen_a_de_chagas_chagas_igg,MIRASSOL D''OESTE,14,19,0,0.0,0.0,0.0,,0.5721463843707437
doen_a_de_chagas_chagas_igg,NOBRES,1,2,0,0.0,0.0,0.0,0.0,0.021030651745495524
doen_a_de_chagas_chagas_igg,NORTELANDIA,1,2,0,0.0,0.0,0.0,0.0,0.0
doen_a_de_chagas_chagas_igg,NOSSA SENHORA DO LIVRAMENTO,2,2,0,0.0,0.0,0.0,0.0,0.10755540540540556
doen_a_de_chagas_chagas_igg,NOVA MONTE VERDE,1,1,1,0.0,0.0,1.0,11.80637544273908,0.007011799690315371
doen_a_de_chagas_chagas_igg,NOVA MUTUM,13,13,0,0.0,0.0,0.0,0.0,0.0
doen_a_de_chagas_chagas_igg,NOVA OLIMPIA,1,1,0,0.0,0.0,0.0,0.0,0.0
doen_a_de_chagas_chagas_igg,NOVA XAVANTINA,1,1,0,0.0,0.0,0.0,,0.0
doen_a_de_chagas_chagas_igg,OURO PRETO DO OESTE,1,1,0,0.0,0.0,0.0,,0.0
doen_a_de_chagas_chagas_igg,PARAISO DAS AGUAS,1,1,0,0.0,0.0,0.0,,0.0
doen_a_de_chagas_chagas_igg,PARANATINGA,1,1,0,0.0,0.0,0.0,0.0,0.02608180602477483
doen_a_de_chagas_chagas_igg,POCONE,1,1,0,0.0,0.0,0.0,0.0,0.06830926590653164
doen_a_de_chagas_chagas_igg,PONTES E LACERDA,5,5,0,0.0,0.0,0.0,0.0,0.0
doen_a_de_chagas_chagas_igg,PORTO DE MOZ,1,1,0,0.0,0.0,0.0,,0.0
doen_a_de_chagas_chagas_igg,PRIMAVERA DO LESTE,3,3,0,0.0,0.0,0.0,0.0,0.0
doen_a_de_chagas_chagas_igg,REDENTORA,1,1,0,0.0,0.0,0.0,,0.0
doen_a_de_chagas_chagas_igg,RIO BRILHANTE,1,1,0,0.0,0.0,0.0,,0.0
doen_a_de_chagas_chagas_igg,RIO VERDE DE MATO GROSSO,1,1,0,0.0,0.0,0.0,,0.0
doen_a_de_chagas_chagas_igg,RONDONOPOLIS,34,88,0,0.0,0.0,0.0,0.0,0.6745
doen_a_de_chagas_chagas_igg,ROSARIO OESTE,2,3,0,0.0,0.0,0.0,0.0,0.23144635768581096
doen_a_de_chagas_chagas_igg,SANTA RITA DO TRIVELATO,2,2,0,0.0,0.0,0.0,0.0,0.0
doen_a_de_chagas_chagas_igg,SAO JOSE DO RIO CLARO,1,1,0,0.0,0.0,0.0,0.0,0.0
doen_a_de_chagas_chagas_igg,SINOP,3,5,0,0.0,0.0,0.0,0.0,0.35355339059327373
doen_a_de_chagas_chagas_igg,SORRISO,109,617,2,0.0,0.0,0.0025484199796126403,0.020053744034011146,2.4215625000000003
doen_a_de_chagas_chagas_igg,TANGARA DA SERRA,4,4,0,0.0,0.0,0.0,0.0,0.0
doen_a_de_chagas_chagas_igg,TAPURAH,2,2,0,0.0,0.0,0.0,0.0,0.0
doen_a_de_chagas_chagas_igg,VARZEA GRANDE,13,14,0,0.0,0.0,0.0,0.0,0.8660254037844386
doen_a_de_chagas_chagas_igg,VILA BELA DA SANTISSIMA TRINDADE,1,1,0,0.0,0.0,0.0,0.0,0.11178052505630645
doen_a_de_chagas_chagas_igg,VILA RICA,1,1,0,0.0,0.0,0.0,0.0,0.04660449394707213
doen_a_de_chagas_chagas_igm,ALTAMIRA,1,2,0,0.0,0.0,0.0,,0.0
doen_a_de_chagas_chagas_igm,CACERES,4,4,0,0.0,0.0,0.0,0.0,0.01077642877252243
doen_a_de_chagas_chagas_igm,CACHOEIRA DO PIRIA,1,1,0,0.0,0.0,0.0,,0.0
doen_a_de_chagas_chagas_igm,CAMPO NOVO DO PARECIS,4,5,0,0.0,0.0,0.0,0.0,0.43301270189221935
doen_a_de_chagas_chagas_igm,CAMPO VERDE,17,21,0,0.0,0.0,0.0,0.0,0.9468419827298219
doen_a_de_chagas_chagas_igm,CANARANA,6,7,0,0.0,0.0,0.0,0.0,0.5590169943749475
doen_a_de_chagas_chagas_igm,COLIDER,7,7,0,0.0,0.0,0.0,0.0,0.0
doen_a_de_chagas_chagas_igm,CONFRESA,1,1,0,0.0,0.0,0.0,0.0,0.047710620777027084
doen_a_de_chagas_chagas_igm,COTRIGUACU,1,1,0,0.0,0.0,0.0,,0.10213395974099129
doen_a_de_chagas_chagas_igm,CURVELANDIA,2,3,0,0.0,0.0,0.0,0.0,0.168625
doen_a_de_chagas_chagas_igm,DENISE,3,3,0,0.0,0.0,0.0,0.0,0.0
doen_a_de_chagas_chagas_igm,GUARANTA DO NORTE,14,14,0,0.0,0.0,0.0,0.0,0.0
doen_a_de_chagas_chagas_igm,JUSCIMEIRA,6,6,0,0.0,0.0,0.0,0.0,0.0
doen_a_de_chagas_chagas_igm,LAMBARI D''OESTE,1,1,0,0.0,0.0,0.0,,0.0
doen_a_de_chagas_chagas_igm,MARCELANDIA,2,3,0,0.0,0.0,0.0,0.0,0.175475390625
doen_a_de_chagas_chagas_igm,MATUPA,8,8,0,0.0,0.0,0.0,0.0,0.0
doen_a_de_chagas_chagas_igm,MIRASSOL D''OESTE,7,9,0,0.0,0.0,0.0,,0.6123724356957945
doen_a_de_chagas_chagas_igm,NOVA MUTUM,4,4,0,0.0,0.0,0.0,0.0,0.0
doen_a_de_chagas_chagas_igm,RONDONOPOLIS,1,1,0,0.0,0.0,0.0,,0.0
doen_a_de_chagas_cr_nica_arbov_rus,GUARANTA DO NORTE,1,1,0,0.0,0.0,0.0,0.0,0.0
doen_a_de_chagas_cr_nica_aspergilose,VARZEA GRANDE,1,1,0,0.0,0.0,0.0,0.0,0.0
doen_a_de_chagas_cr_nica_chagas,CACERES,1,1,0,0.0,0.0,0.0,0.0,0.01077642877252243
doen_a_de_chagas_cr_nica_chagas,CUIABA,1,1,0,0.0,0.0,0.0,0.0,0.0
doen_a_de_chagas_cr_nica_chagas,JUINA,1,1,0,0.0,0.0,0.0,0.0,0.0
doen_a_de_chagas_cr_nica_chagas,MIRASSOL D''OESTE,1,1,0,0.0,0.0,0.0,,0.0
doen_a_de_chagas_cr_nica_chagas,NOVA MUTUM,1,1,0,0.0,0.0,0.0,0.0,0.0
doen_a_de_chagas_cr_nica_chagas,SORRISO,1,2,0,0.0,0.0,0.0,0.0,0.0
doen_a_de_chagas_cr_nica_chagas,VARZEA GRANDE,1,1,0,0.0,0.0,0.0,0.0,0.0
doen_a_de_chagas_cr_nica_chagas_igg,ARENAPOLIS,1,1,0,0.0,0.0,0.0,0.0,0.0
doen_a_de_chagas_cr_nica_chagas_igg,CACERES,1,1,0,0.0,0.0,0.0,0.0,0.01077642877252243
doen_a_de_chagas_cr_nica_chagas_igg,CAMPO NOVO DO PARECIS,1,1,0,0.0,0.0,0.0,,0.0
doen_a_de_chagas_cr_nica_chagas_igg,COTRIGUACU,1,1,0,0.0,0.0,0.0,,0.10213395974099129
doen_a_de_chagas_cr_nica_chagas_igg,CUIABA,4,4,0,0.0,0.0,0.0,0.0,0.0
doen_a_de_chagas_cr_nica_chagas_igg,DIAMANTINO,1,1,0,0.0,0.0,0.0,,0.0
doen_a_de_chagas_cr_nica_chagas_igg,JUINA,1,1,0,0.0,0.0,0.0,0.0,0.0
doen_a_de_chagas_cr_nica_chagas_igg,MIRASSOL D''OESTE,1,1,0,0.0,0.0,0.0,,0.0
doen_a_de_chagas_cr_nica_chagas_igg,PEIXOTO DE AZEVEDO,1,1,0,0.0,0.0,0.0,0.0,0.02064137105855867
doen_a_de_chagas_cr_nica_chagas_igg,SORRISO,2,4,0,0.0,0.0,0.0,0.0,0.0
doen_a_de_chagas_cr_nica_chagas_igg,VARZEA GRANDE,1,1,0,0.0,0.0,0.0,0.0,0.0
doen_a_de_chagas_cr_nica_chagas_igm,ARENAPOLIS,1,1,0,0.0,0.0,0.0,0.0,0.0
doen_a_de_chagas_cr_nica_chagas_igm,CAMPO NOVO DO PARECIS,1,1,0,0.0,0.0,0.0,,0.0
doen_a_de_chagas_cr_nica_chagas_igm,COTRIGUACU,1,1,0,0.0,0.0,0.0,,0.10213395974099129
doen_a_de_chagas_cr_nica_chagas_igm,DIAMANTINO,1,1,0,0.0,0.0,0.0,,0.0
doen_a_de_chagas_cr_nica_chagas_igm,MIRASSOL D''OESTE,1,1,0,0.0,0.0,0.0,,0.0
doen_a_de_chagas_cr_nica_cultura_para_fungos,VARZEA GRANDE,1,1,0,0.0,0.0,0.0,0.0,0.0
doen_a_de_chagas_cr_nica_histoplasmose,VARZEA GRANDE,1,1,0,0.0,0.0,0.0,0.0,0.0
doen_a_de_chagas_cr_nica_mayaro_biologia_molecular,ALTA FLORESTA,1,1,0,0.0,0.0,0.0,0.0,0.0
doen_a_de_chagas_cr_nica_mayaro_biologia_molecular,CAMPO VERDE,2,2,0,0.0,0.0,0.0,0.0,0.0
doen_a_de_chagas_cr_nica_paracoccidioidomicose,VARZEA GRANDE,1,1,0,0.0,0.0,0.0,0.0,0.0
doen_a_de_chagas_cr_nica_pesquisa_de_arbov_rus,GUARANTA DO NORTE,1,1,0,0.0,0.0,0.0,0.0,0.0
doen_a_de_chagas_cr_nica_pesquisa_de_arbov_rus_zdc,ALTA FLORESTA,1,1,0,0.0,0.0,0.0,0.0,0.0
doen_a_de_chagas_cr_nica_pesquisa_de_arbov_rus_zdc,CAMPO VERDE,2,4,0,0.0,0.0,0.0,0.0,0.0
doen_a_de_chagas_cr_nica_pesquisa_de_arbov_rus_zdc,PONTES E LACERDA,1,1,0,0.0,0.0,0.0,0.0,0.0
doen_a_de_chagas_cr_nica_pesquisa_de_arbov_rus_zdc,SORRISO,2,2,0,0.0,0.0,0.0,0.0,0.0
doen_a_de_chagas_mayaro_biologia_molecular,CUIABA,1,1,0,0.0,0.0,0.0,0.0,0.0
doen_a_de_chagas_mayaro_biologia_molecular,NOVA UBIRATA,2,3,0,0.0,0.0,0.0,0.0,0.1859242539414415
doen_a_de_chagas_mayaro_igm,SORRISO,1,1,0,0.0,0.0,0.0,0.0,0.0
doen_a_de_chagas_parvov_rus_b19_biologia_molecular,CUIABA,1,1,0,0.0,0.0,0.0,,0.0
doen_a_de_chagas_parvov_rus_b19_igg,CUIABA,1,1,0,0.0,0.0,0.0,,0.0
doen_a_de_chagas_parvov_rus_b19_igm,CUIABA,1,1,0,0.0,0.0,0.0,,0.0
doen_a_de_chagas_pesquisa_de_arbov_rus,SORRISO,1,1,0,0.0,0.0,0.0,0.0,0.0
doen_a_de_chagas_pesquisa_de_arbov_rus_zdc,CAMPO NOVO DO PARECIS,1,1,0,0.0,0.0,0.0,0.0,0.0
doen_a_de_chagas_pesquisa_de_arbov_rus_zdc,CAMPO VERDE,1,1,0,0.0,0.0,0.0,0.0,0.0
doen_a_de_chagas_pesquisa_de_arbov_rus_zdc,COLIDER,2,2,0,0.0,0.0,0.0,,0.0
doen_a_de_chagas_pesquisa_de_arbov_rus_zdc,CUIABA,3,3,0,0.0,0.0,0.0,0.0,0.0
doen_a_de_chagas_pesquisa_de_arbov_rus_zdc,NOVA UBIRATA,3,5,0,0.0,0.0,0.0,0.0,0.19407594923807833
doen_a_de_chagas_pesquisa_de_arbov_rus_zdc,SORRISO,2,2,0,0.0,0.0,0.0,0.0,0.0
doen_a_de_creutzfeldt_jakob_chagas,GUARANTA DO NORTE,1,1,0,0.0,0.0,0.0,0.0,0.0
doen_a_de_creutzfeldt_jakob_chagas_igg,GUARANTA DO NORTE,1,1,0,0.0,0.0,0.0,0.0,0.0
doen_a_de_creutzfeldt_jakob_doen_a_de_creutzfeldt_jakob_dcj_anatomopatol_gico,CUIABA,3,3,0,0.0,0.0,0.0,0.0,0.0
doen_a_de_creutzfeldt_jakob_doen_a_de_creutzfeldt_jakob_dcj_prote_na,LUCAS DO RIO VERDE,1,1,0,0.0,0.0,0.0,,0.0
doen_a_de_creutzfeldt_jakob_doen_a_de_creutzfeldt_jakob_dcj_prote_na,VARZEA GRANDE,1,2,0,0.0,0.0,0.0,,0.0
doen_a_de_creutzfeldt_jakob_doen_a_pri_nica_dcj_pesquisa_da_prote_na_14_3_3,CUIABA,2,2,0,0.0,0.0,0.0,0.0,0.0
doen_a_de_creutzfeldt_jakob_doen_a_pri_nica_dcj_pesquisa_da_prote_na_14_3_3,LUCAS DO RIO VERDE,1,1,0,0.0,0.0,0.0,,0.0
doen_a_de_creutzfeldt_jakob_mayaro_biologia_molecular,CAMPO VERDE,2,2,0,0.0,0.0,0.0,0.0,0.0
doen_a_de_creutzfeldt_jakob_pesquisa_de_arbov_rus_zdc,CAMPO VERDE,2,2,0,0.0,0.0,0.0,0.0,0.0
doen_a_de_creutzfeldt_jakob_pesquisa_de_arbov_rus_zdc,CUIABA,1,1,0,0.0,0.0,0.0,0.0,0.0
doen_a_de_creutzfeldt_jakob_pesquisa_de_arbov_rus_zdc,LUCAS DO RIO VERDE,1,1,0,0.0,0.0,0.0,,0.0
doen_a_de_lyme_borreliose_biologia_molecular,CAMPO NOVO DO PARECIS,1,1,0,0.0,0.0,0.0,0.0,0.0
doen_a_de_lyme_borreliose_biologia_molecular,CUIABA,1,1,0,0.0,0.0,0.0,0.0,0.0
doen_a_de_lyme_borreliose_biologia_molecular,SINOP,1,1,0,0.0,0.0,0.0,0.0,0.0
doen_a_de_lyme_borreliose_biologia_molecular,VARZEA GRANDE,1,1,0,0.0,0.0,0.0,0.0,0.0
doen_a_de_lyme_brucelose,PONTES E LACERDA,1,1,0,0.0,0.0,0.0,0.0,0.0
doen_a_de_lyme_brucelose_igg,PONTES E LACERDA,1,1,0,0.0,0.0,0.0,0.0,0.0
doen_a_de_lyme_brucelose_igm,PONTES E LACERDA,1,1,0,0.0,0.0,0.0,0.0,0.0
doen_a_de_lyme_lyme_igg,CACERES,2,2,0,0.0,0.0,0.0,0.0,0.01077642877252243
doen_a_de_lyme_lyme_igg,CAMPO NOVO DO PARECIS,1,3,0,0.0,0.0,0.0,0.0,0.0
doen_a_de_lyme_lyme_igg,CAMPO VERDE,1,1,0,0.0,0.0,0.0,0.0,0.0
doen_a_de_lyme_lyme_igg,CANARANA,1,1,0,0.0,0.0,0.0,0.0,0.0
doen_a_de_lyme_lyme_igg,CUIABA,5,7,0,0.0,0.0,0.0,0.0,0.49999999999999994
doen_a_de_lyme_lyme_igg,JUARA,1,1,0,0.0,0.0,0.0,,0.0
doen_a_de_lyme_lyme_igg,NORTELANDIA,1,1,0,0.0,0.0,0.0,0.0,0.0
doen_a_de_lyme_lyme_igg,POCONE,1,1,0,0.0,0.0,0.0,0.0,0.06830926590653164
doen_a_de_lyme_lyme_igg,PONTES E LACERDA,1,1,0,0.0,0.0,0.0,0.0,0.0
doen_a_de_lyme_lyme_igg,PORTO ESPERIDIAO,1,2,0,0.0,0.0,0.0,0.0,0.05470817849099111
doen_a_de_lyme_lyme_igg,RONDONOPOLIS,1,1,0,0.0,0.0,0.0,,0.0
doen_a_de_lyme_lyme_igg,SANTA CARMEM,1,1,0,0.0,0.0,0.0,0.0,0.0
doen_a_de_lyme_lyme_igg,SINOP,2,2,0,0.0,0.0,0.0,0.0,0.0
doen_a_de_lyme_lyme_igg,VARZEA GRANDE,2,2,0,0.0,0.0,0.0,0.0,0.0
doen_a_de_lyme_lyme_igm,CACERES,2,2,0,0.0,0.0,0.0,0.0,0.01077642877252243
doen_a_de_lyme_lyme_igm,CAMPO NOVO DO PARECIS,1,2,0,0.0,0.0,0.0,0.0,0.0
doen_a_de_lyme_lyme_igm,CAMPO VERDE,1,1,0,0.0,0.0,0.0,0.0,0.0
doen_a_de_lyme_lyme_igm,CANARANA,1,1,0,0.0,0.0,0.0,0.0,0.0
doen_a_de_lyme_lyme_igm,CUIABA,5,6,0,0.0,0.0,0.0,0.0,0.49999999999999994
doen_a_de_lyme_lyme_igm,JUARA,1,1,0,0.0,0.0,0.0,,0.0
doen_a_de_lyme_lyme_igm,NORTELANDIA,1,1,0,0.0,0.0,0.0,0.0,0.0
doen_a_de_lyme_lyme_igm,POCONE,1,1,0,0.0,0.0,0.0,0.0,0.06830926590653164
doen_a_de_lyme_lyme_igm,PONTES E LACERDA,1,1,0,0.0,0.0,0.0,0.0,0.0
doen_a_de_lyme_lyme_igm,RONDONOPOLIS,1,1,0,0.0,0.0,0.0,,0.0
doen_a_de_lyme_lyme_igm,SANTA CARMEM,1,1,0,0.0,0.0,0.0,0.0,0.0
doen_a_de_lyme_lyme_igm,SINOP,2,2,0,0.0,0.0,0.0,0.0,0.0
doen_a_de_lyme_lyme_igm,VARZEA GRANDE,2,2,0,0.0,0.0,0.0,0.0,0.0
doen_a_de_lyme_lyme_s_mile_igm,CAMPO NOVO DO PARECIS,1,1,0,0.0,0.0,0.0,0.0,0.0
doen_a_de_lyme_lyme_s_mile_igm,CUIABA,1,1,0,0.0,0.0,0.0,0.0,0.0
doen_a_de_lyme_lyme_s_mile_igm,PORTO ESPERIDIAO,1,1,0,0.0,0.0,0.0,0.0,0.05470817849099111
doen_a_de_lyme_pesquisa_de_arbov_rus_zdc,PONTES E LACERDA,1,1,0,0.0,0.0,0.0,0.0,0.0
doen_a_m_o_p_boca_chagas,SORRISO,1,1,0,0.0,0.0,0.0,0.0,0.0
doen_a_m_o_p_boca_chagas_igg,SORRISO,1,1,0,0.0,0.0,0.0,0.0,0.0
doen_a_m_o_p_boca_parvov_rus_b19_biologia_molecular,QUERENCIA,1,2,0,0.0,0.0,0.0,,0.0
doen_a_m_o_p_boca_pesquisa_de_arbov_rus_zdc,DENISE,1,1,0,0.0,0.0,0.0,,0.0
doen_a_m_o_p_boca_pesquisa_de_arbov_rus_zdc,PONTES E LACERDA,2,2,0,0.0,0.0,0.0,0.0,0.0
doen_a_m_o_p_boca_varicela_biologia_molecular,QUERENCIA,1,1,0,0.0,0.0,0.0,,0.0
doen_a_ocupacional_colinesterase_chagas_igg,SORRISO,1,1,0,0.0,0.0,0.0,0.0,0.0
doen_a_ocupacional_colinesterase_colinesterase_plasm_tica,ARENAPOLIS,2,4,0,0.0,0.0,0.0,0.0,0.168625
doen_a_ocupacional_colinesterase_pesquisa_de_arbov_rus_zdc,ALTA FLORESTA,1,1,0,0.0,0.0,0.0,0.0,0.0
doen_as_diarr_icas_gastroenterite_bact_rias_cultura,CAMPINAPOLIS,1,2,0,0.0,0.0,0.0,0.0,0.27897658009572107
doen_as_diarr_icas_gastroenterite_bact_rias_cultura,COLNIZA,1,4,0,0.0,0.0,0.0,0.0,0.15800048564189215
doen_as_diarr_icas_gastroenterite_bact_rias_cultura,CUIABA,2,14,0,0.0,0.0,0.0,0.0,0.168625
doen_as_diarr_icas_gastroenterite_bact_rias_cultura,JUINA,6,30,0,0.0,0.0,0.0,0.0,1.25
doen_as_diarr_icas_gastroenterite_bact_rias_cultura,VARZEA GRANDE,1,1,0,0.0,0.0,0.0,0.0,0.0
doen_as_diarr_icas_gastroenterite_bact_rias_teste_de_sensibilidade,CAMPINAPOLIS,1,2,0,0.0,0.0,0.0,0.0,0.27897658009572107
doen_as_diarr_icas_gastroenterite_bact_rias_teste_de_sensibilidade,COLNIZA,1,4,0,0.0,0.0,0.0,0.0,0.15800048564189215
doen_as_diarr_icas_gastroenterite_bact_rias_teste_de_sensibilidade,CUIABA,1,1,0,0.0,0.0,0.0,0.0,0.0
doen_as_diarr_icas_gastroenterite_bact_rias_teste_de_sensibilidade,JUINA,6,39,0,0.0,0.0,0.0,0.0,1.0792
doen_as_diarr_icas_gastroenterite_bact_rias_teste_de_sensibilidade,VARZEA GRANDE,1,1,0,0.0,0.0,0.0,0.0,0.0
doen_as_diarr_icas_gastroenterite_c_lera,CAMPINAPOLIS,1,2,0,0.0,0.0,0.0,0.0,0.27897658009572107
doen_as_diarr_icas_gastroenterite_c_lera,COLNIZA,1,4,0,0.0,0.0,0.0,0.0,0.15800048564189215
doen_as_diarr_icas_gastroenterite_c_lera,JUINA,4,25,0,0.0,0.0,0.0,0.0,1.25
doen_as_diarr_icas_gastroenterite_c_lera,VARZEA GRANDE,1,1,0,0.0,0.0,0.0,0.0,0.0
doen_as_diarr_icas_gastroenterite_coprocultura,CAMPINAPOLIS,1,2,0,0.0,0.0,0.0,0.0,0.27897658009572107
doen_as_diarr_icas_gastroenterite_coprocultura,CUIABA,1,2,0,0.0,0.0,0.0,0.0,0.0
doen_as_diarr_icas_gastroenterite_coprocultura,JUINA,5,28,0,0.0,0.0,0.0,0.0,1.25
doen_as_diarr_icas_gastroenterite_cultura_para_fungos,CUIABA,1,3,0,0.0,0.0,0.0,0.0,0.0
doen_as_diarr_icas_gastroenterite_fungos_teste_de_sensibilidade,CUIABA,1,3,0,0.0,0.0,0.0,0.0,0.0
doen_as_diarr_icas_gastroenterite_pesquisa_de_multipat_genos_ist,CUIABA,1,1,0,0.0,0.0,0.0,,0.0
doen_as_diarr_icas_gastroenterite_rotav_rus,COLNIZA,1,4,0,0.0,0.0,0.0,0.0,0.15800048564189215
doen_as_diarr_icas_gastroenterite_rotav_rus,CUIABA,1,3,0,0.0,0.0,0.0,0.0,0.0
doen_as_diarr_icas_gastroenterite_rotav_rus,JUINA,6,29,0,0.0,0.0,0.0,0.0,1.25
doen_as_diarr_icas_gastroenterite_rotav_rus,VARZEA GRANDE,1,1,0,0.0,0.0,0.0,0.0,0.0
doen_as_sexualmente_transmitidas_clamidia_biologia_molecular,BAYEUX,1,1,0,0.0,0.0,0.0,,0.0
doen_as_sexualmente_transmitidas_clamidia_biologia_molecular,CACERES,5,19,0,0.0,0.0,0.0,0.0,0.5107764287725224
doen_as_sexualmente_transmitidas_clamidia_biologia_molecular,CUIABA,2,6,0,0.0,0.0,0.0,0.0,0.168625
doen_as_sexualmente_transmitidas_clamidia_biologia_molecular,DENISE,1,1,0,0.0,0.0,0.0,0.0,0.0
doen_as_sexualmente_transmitidas_clamidia_biologia_molecular,FRANCISCO BELTRAO,1,2,0,0.0,0.0,0.0,,0.0
doen_as_sexualmente_transmitidas_clamidia_biologia_molecular,GLORIA D''OESTE,2,2,0,0.0,0.0,0.0,,0.0
doen_as_sexualmente_transmitidas_clamidia_biologia_molecular,LUCAS DO RIO VERDE,1,1,0,0.0,0.0,0.0,0.0,0.0
doen_as_sexualmente_transmitidas_clamidia_biologia_molecular,PARANAGUA,1,1,0,0.0,0.0,0.0,,0.0
doen_as_sexualmente_transmitidas_clamidia_biologia_molecular,TANGARA DA SERRA,5,8,0,0.0,0.0,0.0,0.0,0.4999999999999999
doen_as_sexualmente_transmitidas_criptococos_teste_r_pido,RONDONOPOLIS,1,1,0,0.0,0.0,0.0,,0.0
doen_as_sexualmente_transmitidas_pesquisa_de_multipat_genos_ist,ALTO TAQUARI,1,2,0,0.0,0.0,0.0,,0.0
doen_as_sexualmente_transmitidas_pesquisa_de_multipat_genos_ist,ARAPUTANGA,1,1,0,0.0,0.0,0.0,,0.0
doen_as_sexualmente_transmitidas_pesquisa_de_multipat_genos_ist,ARENAPOLIS,3,4,0,0.0,0.0,0.0,0.0,0.3535533905932738
doen_as_sexualmente_transmitidas_pesquisa_de_multipat_genos_ist,ARIPUANA,1,1,0,0.0,0.0,0.0,0.0,0.05382992328265769
doen_as_sexualmente_transmitidas_pesquisa_de_multipat_genos_ist,ARIQUEMES,1,1,0,0.0,0.0,0.0,,0.0
doen_as_sexualmente_transmitidas_pesquisa_de_multipat_genos_ist,BARRA DO BUGRES,10,11,0,0.0,0.0,0.0,0.0,0.7517327737894145
doen_as_sexualmente_transmitidas_pesquisa_de_multipat_genos_ist,BAYEUX,1,1,0,0.0,0.0,0.0,,0.0
doen_as_sexualmente_transmitidas_pesquisa_de_multipat_genos_ist,BRASNORTE,2,2,0,0.0,0.0,0.0,0.0,0.0
doen_as_sexualmente_transmitidas_pesquisa_de_multipat_genos_ist,CABIXI,1,1,0,0.0,0.0,0.0,,0.0
doen_as_sexualmente_transmitidas_pesquisa_de_multipat_genos_ist,CACERES,36,89,0,0.0,0.0,0.0,0.0,1.2607764287725225
doen_as_sexualmente_transmitidas_pesquisa_de_multipat_genos_ist,CAMPO GRANDE,2,3,0,0.0,0.0,0.0,,0.168625
doen_as_sexualmente_transmitidas_pesquisa_de_multipat_genos_ist,CAMPO NOVO DO PARECIS,9,10,0,0.0,0.0,0.0,0.0,0.7071067811865475
doen_as_sexualmente_transmitidas_pesquisa_de_multipat_genos_ist,CAMPOS DE JULIO,1,1,0,0.0,0.0,0.0,0.0,0.0
doen_as_sexualmente_transmitidas_pesquisa_de_multipat_genos_ist,CARIRIACU,1,1,0,0.0,0.0,0.0,,0.0
doen_as_sexualmente_transmitidas_pesquisa_de_multipat_genos_ist,CHAPADA DOS GUIMARAES,2,2,0,0.0,0.0,0.0,0.0,0.03629330306869366
doen_as_sexualmente_transmitidas_pesquisa_de_multipat_genos_ist,CHAVAL,1,1,0,0.0,0.0,0.0,,0.0
doen_as_sexualmente_transmitidas_pesquisa_de_multipat_genos_ist,CUIABA,25,82,0,0.0,0.0,0.0,0.0,1.25
doen_as_sexualmente_transmitidas_pesquisa_de_multipat_genos_ist,CUJUBIM,1,1,0,0.0,0.0,0.0,,0.0
doen_as_sexualmente_transmitidas_pesquisa_de_multipat_genos_ist,CURVELANDIA,1,1,0,0.0,0.0,0.0,0.0,0.0
doen_as_sexualmente_transmitidas_pesquisa_de_multipat_genos_ist,DENISE,4,6,0,0.0,0.0,0.0,0.0,0.43301270189221935
doen_as_sexualmente_transmitidas_pesquisa_de_multipat_genos_ist,DIAMANTINO,1,1,0,0.0,0.0,0.0,0.0,0.0
doen_as_sexualmente_transmitidas_pesquisa_de_multipat_genos_ist,ELDORADO DOS CARAJAS,1,1,0,0.0,0.0,0.0,,0.0
doen_as_sexualmente_transmitidas_pesquisa_de_multipat_genos_ist,FLORIANOPOLIS,1,1,0,0.0,0.0,0.0,,0.0
doen_as_sexualmente_transmitidas_pesquisa_de_multipat_genos_ist,FRANCISCO BELTRAO,1,1,0,0.0,0.0,0.0,,0.0
doen_as_sexualmente_transmitidas_pesquisa_de_multipat_genos_ist,GLORIA D''OESTE,2,3,0,0.0,0.0,0.0,,0.168625
doen_as_sexualmente_transmitidas_pesquisa_de_multipat_genos_ist,GUARANTA DO NORTE,1,1,0,0.0,0.0,0.0,,0.0
doen_as_sexualmente_transmitidas_pesquisa_de_multipat_genos_ist,ITAJAI,1,1,0,0.0,0.0,0.0,,0.0
doen_as_sexualmente_transmitidas_pesquisa_de_multipat_genos_ist,JABOATAO DOS GUARARAPES,1,1,0,0.0,0.0,0.0,,0.0
doen_as_sexualmente_transmitidas_pesquisa_de_multipat_genos_ist,JACIARA,1,1,0,0.0,0.0,0.0,,0.0
doen_as_sexualmente_transmitidas_pesquisa_de_multipat_genos_ist,JOAO PESSOA,1,1,0,0.0,0.0,0.0,,0.0
doen_as_sexualmente_transmitidas_pesquisa_de_multipat_genos_ist,JUARA,6,38,0,0.0,0.0,0.0,0.0,1.25
doen_as_sexualmente_transmitidas_pesquisa_de_multipat_genos_ist,JUINA,1,1,0,0.0,0.0,0.0,0.0,0.0
doen_as_sexualmente_transmitidas_pesquisa_de_multipat_genos_ist,JURUTI,1,1,0,0.0,0.0,0.0,,0.0
doen_as_sexualmente_transmitidas_pesquisa_de_multipat_genos_ist,LAMBARI D''OESTE,1,1,0,0.0,0.0,0.0,,0.0
doen_as_sexualmente_transmitidas_pesquisa_de_multipat_genos_ist,LUCAS DO RIO VERDE,2,2,0,0.0,0.0,0.0,0.0,0.0
doen_as_sexualmente_transmitidas_pesquisa_de_multipat_genos_ist,MIRASSOL D''OESTE,4,5,0,0.0,0.0,0.0,,0.43301270189221935
doen_as_sexualmente_transmitidas_pesquisa_de_multipat_genos_ist,NOBRES,1,2,0,0.0,0.0,0.0,0.0,0.021030651745495524
doen_as_sexualmente_transmitidas_pesquisa_de_multipat_genos_ist,NOVA BANDEIRANTES,1,1,0,0.0,0.0,0.0,0.0,0.027430046452702812
doen_as_sexualmente_transmitidas_pesquisa_de_multipat_genos_ist,NOVA MARILANDIA,4,4,0,0.0,0.0,0.0,0.0,0.0
doen_as_sexualmente_transmitidas_pesquisa_de_multipat_genos_ist,NOVA MONTE VERDE,1,2,0,0.0,0.0,0.0,,0.007011799690315371
doen_as_sexualmente_transmitidas_pesquisa_de_multipat_genos_ist,NOVA OLIMPIA,10,12,0,0.0,0.0,0.0,0.0,0.7499999999999999
doen_as_sexualmente_transmitidas_pesquisa_de_multipat_genos_ist,NOVA XAVANTINA,1,1,0,0.0,0.0,0.0,0.0,0.0
doen_as_sexualmente_transmitidas_pesquisa_de_multipat_genos_ist,NOVO ARIPUANA,1,1,0,0.0,0.0,0.0,,0.0
doen_as_sexualmente_transmitidas_pesquisa_de_multipat_genos_ist,NOVO HORIZONTE DO NORTE,2,2,0,0.0,0.0,0.0,0.0,0.0024828512105856504
doen_as_sexualmente_transmitidas_pesquisa_de_multipat_genos_ist,PALMAS,1,1,0,0.0,0.0,0.0,,0.0
doen_as_sexualmente_transmitidas_pesquisa_de_multipat_genos_ist,PARANAGUA,1,1,0,0.0,0.0,0.0,,0.0
doen_as_sexualmente_transmitidas_pesquisa_de_multipat_genos_ist,PIMENTA BUENO,2,2,0,0.0,0.0,0.0,,0.0
doen_as_sexualmente_transmitidas_pesquisa_de_multipat_genos_ist,PIRACICABA,1,1,0,0.0,0.0,0.0,,0.0
doen_as_sexualmente_transmitidas_pesquisa_de_multipat_genos_ist,PONTES E LACERDA,5,5,0,0.0,0.0,0.0,0.0,0.0
doen_as_sexualmente_transmitidas_pesquisa_de_multipat_genos_ist,PORTO DOS GAUCHOS,1,2,0,0.0,0.0,0.0,0.0,0.00188468820382883
doen_as_sexualmente_transmitidas_pesquisa_de_multipat_genos_ist,PORTO ESPERIDIAO,2,3,0,0.0,0.0,0.0,0.0,0.2233331784909911
doen_as_sexualmente_transmitidas_pesquisa_de_multipat_genos_ist,PORTO ESTRELA,2,3,0,0.0,0.0,0.0,0.0,0.26942970861486515
doen_as_sexualmente_transmitidas_pesquisa_de_multipat_genos_ist,PRIMAVERA DO LESTE,1,2,0,0.0,0.0,0.0,,0.0
doen_as_sexualmente_transmitidas_pesquisa_de_multipat_genos_ist,RESERVA DO CABACAL,1,3,0,0.0,0.0,0.0,,0.004149162443693711
doen_as_sexualmente_transmitidas_pesquisa_de_multipat_genos_ist,RIO BRANCO,3,5,0,0.0,0.0,0.0,0.0,0.3677953669446251
doen_as_sexualmente_transmitidas_pesquisa_de_multipat_genos_ist,RIO DE JANEIRO,1,4,0,0.0,0.0,0.0,,0.0
doen_as_sexualmente_transmitidas_pesquisa_de_multipat_genos_ist,RONDONOPOLIS,16,19,0,0.0,0.0,0.0,0.0,0.8604167021905437
doen_as_sexualmente_transmitidas_pesquisa_de_multipat_genos_ist,ROSARIO OESTE,1,1,0,0.0,0.0,0.0,0.0,0.06282135768581094
doen_as_sexualmente_transmitidas_pesquisa_de_multipat_genos_ist,SANTA CRUZ DE MONTE CASTELO,2,2,0,0.0,0.0,0.0,,0.0
doen_as_sexualmente_transmitidas_pesquisa_de_multipat_genos_ist,SANTA MARIA,1,1,0,0.0,0.0,0.0,,0.0
doen_as_sexualmente_transmitidas_pesquisa_de_multipat_genos_ist,SANTO AFONSO,2,2,0,0.0,0.0,0.0,0.0,0.0
doen_as_sexualmente_transmitidas_pesquisa_de_multipat_genos_ist,SANTO ANTONIO DO LEVERGER,2,2,0,0.0,0.0,0.0,0.0,0.07961264780405415
doen_as_sexualmente_transmitidas_pesquisa_de_multipat_genos_ist,SAO BENEDITO,1,1,0,0.0,0.0,0.0,,0.0
doen_as_sexualmente_transmitidas_pesquisa_de_multipat_genos_ist,SAO CARLOS,1,1,0,0.0,0.0,0.0,,0.0
doen_as_sexualmente_transmitidas_pesquisa_de_multipat_genos_ist,SAO JOSE DOS QUATRO MARCOS,2,4,0,0.0,0.0,0.0,,0.168625
doen_as_sexualmente_transmitidas_pesquisa_de_multipat_genos_ist,SAO LUIS DO QUITUNDE,1,1,0,0.0,0.0,0.0,,0.0
doen_as_sexualmente_transmitidas_pesquisa_de_multipat_genos_ist,SAO PAULO,1,1,0,0.0,0.0,0.0,,0.0
doen_as_sexualmente_transmitidas_pesquisa_de_multipat_genos_ist,SAPEZAL,11,11,0,0.0,0.0,0.0,0.0,0.0
doen_as_sexualmente_transmitidas_pesquisa_de_multipat_genos_ist,SENADOR CANEDO,1,1,0,0.0,0.0,0.0,,0.0
doen_as_sexualmente_transmitidas_pesquisa_de_multipat_genos_ist,SINOP,3,3,0,0.0,0.0,0.0,0.0,0.0
doen_as_sexualmente_transmitidas_pesquisa_de_multipat_genos_ist,SORRISO,1,1,0,0.0,0.0,0.0,0.0,0.0
doen_as_sexualmente_transmitidas_pesquisa_de_multipat_genos_ist,TABAPORA,1,1,0,0.0,0.0,0.0,0.0,0.0
doen_as_sexualmente_transmitidas_pesquisa_de_multipat_genos_ist,TANGARA DA SERRA,69,235,0,0.0,0.0,0.0,0.0,1.25
doen_as_sexualmente_transmitidas_pesquisa_de_multipat_genos_ist,VARZEA GRANDE,29,93,0,0.0,0.0,0.0,0.0,1.25
doen_as_sexualmente_transmitidas_pesquisa_de_multipat_genos_ist,VIDEIRA,1,1,0,0.0,0.0,0.0,,0.0
doen_as_sexualmente_transmitidas_pesquisa_de_multipat_genos_ist,XAPURI,1,1,0,0.0,0.0,0.0,,0.0
doenca_de_chagas_aguda_arbov_rus,GUARANTA DO NORTE,1,1,0,0.0,0.0,0.0,0.0,0.0
doenca_de_chagas_aguda_chagas,BARRA DO GARCAS,1,1,0,0.0,0.0,0.0,0.0,0.0
doenca_de_chagas_aguda_chagas,BRASILIA,1,1,0,0.0,0.0,0.0,,0.0
doenca_de_chagas_aguda_chagas,CACERES,2,2,0,0.0,0.0,0.0,0.0,0.01077642877252243
doenca_de_chagas_aguda_chagas,COLNIZA,1,1,0,0.0,0.0,0.0,0.0,0.15800048564189215
doenca_de_chagas_aguda_chagas,CRATEUS,1,1,0,0.0,0.0,0.0,,0.0
doenca_de_chagas_aguda_chagas,CUIABA,20,45,2,0.0,0.0,0.1,0.015214187229591593,1.18309518948453
doenca_de_chagas_aguda_chagas,DENISE,2,3,0,0.0,0.0,0.0,0.0,0.168625
doenca_de_chagas_aguda_chagas,DIAMANTINO,1,1,0,0.0,0.0,0.0,0.0,0.0
doenca_de_chagas_aguda_chagas,ITAGUATINS,1,1,0,0.0,0.0,0.0,,0.0
doenca_de_chagas_aguda_chagas,LUCAS DO RIO VERDE,1,1,0,0.0,0.0,0.0,0.0,0.0
doenca_de_chagas_aguda_chagas,MATUPA,3,3,0,0.0,0.0,0.0,0.0,0.0
doenca_de_chagas_aguda_chagas,MIRASSOL D''OESTE,1,1,0,0.0,0.0,0.0,,0.0
doenca_de_chagas_aguda_chagas,NOVA MARINGA,1,1,0,0.0,0.0,0.0,0.0,0.025659294059684753
doenca_de_chagas_aguda_chagas,NOVA MUTUM,1,2,0,0.0,0.0,0.0,,0.0
doenca_de_chagas_aguda_chagas,POCONE,1,1,0,0.0,0.0,0.0,0.0,0.06830926590653164
doenca_de_chagas_aguda_chagas,PONTES E LACERDA,1,1,0,0.0,0.0,0.0,0.0,0.0
doenca_de_chagas_aguda_chagas,PORTO ESPERIDIAO,1,1,0,0.0,0.0,0.0,0.0,0.05470817849099111
doenca_de_chagas_aguda_chagas,SAO JOSE DOS QUATRO MARCOS,1,1,0,0.0,0.0,0.0,0.0,0.0
doenca_de_chagas_aguda_chagas,SINOP,1,1,0,0.0,0.0,0.0,0.0,0.0
doenca_de_chagas_aguda_chagas,SORRISO,4,11,0,0.0,0.0,0.0,0.0,0.33725
doenca_de_chagas_aguda_chagas,TABAPORA,1,1,0,0.0,0.0,0.0,0.0,0.0
doenca_de_chagas_aguda_chagas,TANGARA DA SERRA,13,19,0,0.0,0.0,0.0,0.0,0.6063390625908324
doenca_de_chagas_aguda_chagas,VARZEA GRANDE,9,10,0,0.0,0.0,0.0,0.0,0.7071067811865475
doenca_de_chagas_aguda_chagas,VILA RICA,1,2,0,0.0,0.0,0.0,0.0,0.04660449394707213
doenca_de_chagas_aguda_chagas_igg,BARRA DO GARCAS,2,2,0,0.0,0.0,0.0,0.0,0.0
doenca_de_chagas_aguda_chagas_igg,BRASILIA,1,1,0,0.0,0.0,0.0,,0.0
doenca_de_chagas_aguda_chagas_igg,CACERES,2,2,0,0.0,0.0,0.0,0.0,0.01077642877252243
doenca_de_chagas_aguda_chagas_igg,CAMPO GRANDE,2,2,0,0.0,0.0,0.0,,0.0
doenca_de_chagas_aguda_chagas_igg,CAMPO NOVO DO PARECIS,3,3,0,0.0,0.0,0.0,0.0,0.0
doenca_de_chagas_aguda_chagas_igg,CAMPO VERDE,1,1,0,0.0,0.0,0.0,0.0,0.0
doenca_de_chagas_aguda_chagas_igg,CHAPADA DOS GUIMARAES,1,1,0,0.0,0.0,0.0,,0.03629330306869366
doenca_de_chagas_aguda_chagas_igg,COLNIZA,1,1,0,0.0,0.0,0.0,0.0,0.15800048564189215
doenca_de_chagas_aguda_chagas_igg,COTRIGUACU,1,2,0,0.0,0.0,0.0,,0.10213395974099129
doenca_de_chagas_aguda_chagas_igg,CRATEUS,1,1,0,0.0,0.0,0.0,,0.0
doenca_de_chagas_aguda_chagas_igg,CUIABA,39,70,1,0.0,0.0,0.02564102564102564,0.004662412215520004,2.0
doenca_de_chagas_aguda_chagas_igg,DENISE,6,7,0,0.0,0.0,0.0,0.0,0.5590169943749475
doenca_de_chagas_aguda_chagas_igg,DIAMANTINO,5,5,0,0.0,0.0,0.0,0.0,0.0
doenca_de_chagas_aguda_chagas_igg,ITAGUATINS,1,1,0,0.0,0.0,0.0,,0.0
doenca_de_chagas_aguda_chagas_igg,LUCAS DO RIO VERDE,1,1,0,0.0,0.0,0.0,0.0,0.0
doenca_de_chagas_aguda_chagas_igg,MATUPA,4,4,0,0.0,0.0,0.0,0.0,0.0
doenca_de_chagas_aguda_chagas_igg,MIRASSOL D''OESTE,2,3,0,0.0,0.0,0.0,,0.168625
doenca_de_chagas_aguda_chagas_igg,NOVA MARINGA,2,2,0,0.0,0.0,0.0,0.0,0.025659294059684753
doenca_de_chagas_aguda_chagas_igg,NOVA MUTUM,1,2,0,0.0,0.0,0.0,,0.0
doenca_de_chagas_aguda_chagas_igg,POCONE,1,1,0,0.0,0.0,0.0,0.0,0.06830926590653164
doenca_de_chagas_aguda_chagas_igg,PONTES E LACERDA,1,1,0,0.0,0.0,0.0,0.0,0.0
doenca_de_chagas_aguda_chagas_igg,RONDONOPOLIS,1,1,0,0.0,0.0,0.0,,0.0
doenca_de_chagas_aguda_chagas_igg,SAO JOSE DOS QUATRO MARCOS,1,1,0,0.0,0.0,0.0,0.0,0.0
doenca_de_chagas_aguda_chagas_igg,SINOP,2,2,0,0.0,0.0,0.0,0.0,0.0
doenca_de_chagas_aguda_chagas_igg,SORRISO,13,43,0,0.0,0.0,0.0,0.0,0.6745
doenca_de_chagas_aguda_chagas_igg,TABAPORA,1,1,0,0.0,0.0,0.0,0.0,0.0
doenca_de_chagas_aguda_chagas_igg,TANGARA DA SERRA,14,23,0,0.0,0.0,0.0,0.0,0.8459177992434747
doenca_de_chagas_aguda_chagas_igg,VARZEA GRANDE,12,14,0,0.0,0.0,0.0,0.0,0.5590169943749473
doenca_de_chagas_aguda_chagas_igg,VILA RICA,2,4,0,0.0,0.0,0.0,0.0,0.04660449394707213
doenca_de_chagas_aguda_chagas_igm,CACERES,1,1,0,0.0,0.0,0.0,0.0,0.01077642877252243
doenca_de_chagas_aguda_chagas_igm,CAMPO GRANDE,1,1,0,0.0,0.0,0.0,,0.0
doenca_de_chagas_aguda_chagas_igm,CAMPO NOVO DO PARECIS,3,3,0,0.0,0.0,0.0,0.0,0.0
doenca_de_chagas_aguda_chagas_igm,COTRIGUACU,1,2,0,0.0,0.0,0.0,,0.10213395974099129
doenca_de_chagas_aguda_chagas_igm,CUIABA,1,1,0,0.0,0.0,0.0,0.0,0.0
doenca_de_chagas_aguda_chagas_igm,DENISE,5,5,0,0.0,0.0,0.0,0.0,0.0
doenca_de_chagas_aguda_chagas_igm,DIAMANTINO,4,4,0,0.0,0.0,0.0,,0.0
doenca_de_chagas_aguda_chagas_igm,LUCAS DO RIO VERDE,1,1,0,0.0,0.0,0.0,0.0,0.0
doenca_de_chagas_aguda_chagas_igm,MATUPA,2,2,0,0.0,0.0,0.0,0.0,0.0
doenca_de_chagas_aguda_chagas_igm,MIRASSOL D''OESTE,2,3,0,0.0,0.0,0.0,,0.168625
doenca_de_chagas_aguda_chagas_igm,NOVA MUTUM,1,2,0,0.0,0.0,0.0,,0.0
doenca_de_chagas_aguda_citomegalov_rus_igg,VARZEA GRANDE,1,1,0,0.0,0.0,0.0,,0.0
doenca_de_chagas_aguda_citomegalov_rus_igm,VARZEA GRANDE,1,1,0,0.0,0.0,0.0,,0.0
doenca_de_chagas_aguda_criptococos,VARZEA GRANDE,1,1,0,0.0,0.0,0.0,,0.0
doenca_de_chagas_aguda_epstein_barr_igg,VARZEA GRANDE,1,1,0,0.0,0.0,0.0,,0.0
doenca_de_chagas_aguda_epstein_barr_igm,VARZEA GRANDE,1,1,0,0.0,0.0,0.0,,0.0
doenca_de_chagas_aguda_herpes_v_rus_igg,VARZEA GRANDE,1,1,0,0.0,0.0,0.0,,0.0
doenca_de_chagas_aguda_herpes_v_rus_igm,VARZEA GRANDE,1,1,0,0.0,0.0,0.0,,0.0
doenca_de_chagas_aguda_histoplasmose,VARZEA GRANDE,1,1,0,0.0,0.0,0.0,,0.0
doenca_de_chagas_aguda_mayaro_biologia_molecular,CUIABA,1,1,0,0.0,0.0,0.0,0.0,0.0
doenca_de_chagas_aguda_paracoccidioidomicose,VARZEA GRANDE,1,1,0,0.0,0.0,0.0,,0.0
doenca_de_chagas_aguda_pesquisa_de_arbov_rus_zdc,CAMPO VERDE,1,2,0,0.0,0.0,0.0,0.0,0.0
doenca_de_chagas_aguda_pesquisa_de_arbov_rus_zdc,CUIABA,1,1,0,0.0,0.0,0.0,0.0,0.0
doenca_de_chagas_aguda_pesquisa_de_arbov_rus_zdc,GUARANTA DO NORTE,3,3,0,0.0,0.0,0.0,0.0,0.0
doenca_de_chagas_aguda_sarampo_igg,CUIABA,1,1,0,0.0,0.0,0.0,0.0,0.0
doenca_de_chagas_aguda_sarampo_igm,CUIABA,1,1,0,0.0,0.0,0.0,0.0,0.0
doenca_de_chagas_aguda_toxoplasmose_igg,VARZEA GRANDE,1,1,0,0.0,0.0,0.0,,0.0
doenca_de_chagas_aguda_toxoplasmose_igm,VARZEA GRANDE,1,1,0,0.0,0.0,0.0,,0.0
doenca_de_creutzfeldt_jakob_dcj_anatomopatologico,CUIABA,1,1,0,0.0,0.0,0.0,0.0,0.0
doenca_prionica_dcj_pesquisa_da_proteina_14_3_3,CUIABA,1,1,0,0.0,0.0,0.0,0.0,0.0
encefalite_saint_louis_biologia_molecular,CHAPADA DOS GUIMARAES,1,1,0,0.0,0.0,0.0,0.0,0.03629330306869366
encefalite_saint_louis_biologia_molecular,POCONE,1,1,0,0.0,0.0,0.0,0.0,0.06830926590653164
encefalite_saint_louis_biologia_molecular,SANTO ANTONIO DO LEVERGER,1,1,0,0.0,0.0,0.0,0.0,0.07961264780405415
encefalite_saint_louis_encefalite_saint_louis_igm,CUIABA,2,2,0,0.0,0.0,0.0,,0.0
encefalite_saint_louis_febre_do_nilo_ocidental_igm,CUIABA,1,1,0,0.0,0.0,0.0,,0.0
encefalite_saint_louis_igm,POCONE,1,1,0,0.0,0.0,0.0,0.0,0.06830926590653164
enterov_rus_adenov_rus,CUIABA,1,1,0,0.0,0.0,0.0,0.0,0.0
enterov_rus_adenov_rus_ent_ricos_biologia_molecular,CUIABA,1,1,0,0.0,0.0,0.0,0.0,0.0
enterov_rus_bact_rias_cultura,CAMPINAPOLIS,1,1,0,0.0,0.0,0.0,0.0,0.27897658009572107
enterov_rus_bact_rias_teste_de_sensibilidade,CAMPINAPOLIS,1,1,0,0.0,0.0,0.0,0.0,0.27897658009572107
enterov_rus_c_lera,CAMPINAPOLIS,1,1,0,0.0,0.0,0.0,0.0,0.27897658009572107
enterov_rus_coprocultura,CAMPINAPOLIS,1,1,0,0.0,0.0,0.0,0.0,0.27897658009572107
enterov_rus_herpes_simplex_1_e_2_biologia_molecular,CUIABA,1,1,0,0.0,0.0,0.0,0.0,0.0
epstein_barr_citomegalov_rus_igg,ARAPUTANGA,1,1,0,0.0,0.0,0.0,0.0,0.0
epstein_barr_citomegalov_rus_igg,CUIABA,1,1,0,0.0,0.0,0.0,,0.0
epstein_barr_citomegalov_rus_igm,ARAPUTANGA,1,1,0,0.0,0.0,0.0,0.0,0.0
epstein_barr_citomegalov_rus_igm,CUIABA,1,1,0,0.0,0.0,0.0,,0.0
epstein_barr_epstein_barr_igg,ARAPUTANGA,1,2,0,0.0,0.0,0.0,0.0,0.0
epstein_barr_epstein_barr_igg,CUIABA,1,1,0,0.0,0.0,0.0,,0.0
epstein_barr_epstein_barr_igg,NOVA MONTE VERDE,1,1,0,0.0,0.0,0.0,0.0,0.007011799690315371
epstein_barr_epstein_barr_igg,SORRISO,2,2,0,0.0,0.0,0.0,0.0,0.0
epstein_barr_epstein_barr_igm,ARAPUTANGA,1,2,0,0.0,0.0,0.0,0.0,0.0
epstein_barr_epstein_barr_igm,CUIABA,1,1,0,0.0,0.0,0.0,,0.0
epstein_barr_epstein_barr_igm,NOVA MONTE VERDE,1,1,0,0.0,0.0,0.0,0.0,0.007011799690315371
epstein_barr_epstein_barr_igm,SORRISO,2,2,0,0.0,0.0,0.0,0.0,0.0
epstein_barr_herpes_simplex_1_e_2_biologia_molecular,CUIABA,1,1,0,0.0,0.0,0.0,,0.0
epstein_barr_pesquisa_de_arbov_rus_zdc,CUIABA,1,1,0,0.0,0.0,0.0,,0.0
esporotricose_humana_aspergilose,CUIABA,1,1,0,0.0,0.0,0.0,,0.0
esporotricose_humana_cultura_para_fungos,CAMPO NOVO DO PARECIS,6,16,0,0.0,0.0,0.0,,0.5276448530110863
esporotricose_humana_cultura_para_fungos,CUIABA,3,4,0,0.0,0.0,0.0,0.0,0.3535533905932738
esporotricose_humana_cultura_para_fungos,GUARANTA DO NORTE,1,1,0,0.0,0.0,0.0,,0.0
esporotricose_humana_cultura_para_fungos,POXOREO,1,1,0,0.0,0.0,0.0,,0.0
esporotricose_humana_cultura_para_fungos,VARZEA GRANDE,1,2,0,0.0,0.0,0.0,0.0,0.0
esporotricose_humana_fungos,CAMPO NOVO DO PARECIS,6,21,0,0.0,0.0,0.0,,1.25
esporotricose_humana_fungos,CUIABA,3,4,0,0.0,0.0,0.0,0.0,0.3535533905932738
esporotricose_humana_fungos,GUARANTA DO NORTE,1,1,0,0.0,0.0,0.0,,0.0
esporotricose_humana_fungos,POXOREO,1,2,0,0.0,0.0,0.0,,0.0
esporotricose_humana_fungos,VARZEA GRANDE,1,2,0,0.0,0.0,0.0,0.0,0.0
esporotricose_humana_fungos_teste_de_sensibilidade,CAMPO NOVO DO PARECIS,6,16,0,0.0,0.0,0.0,,0.5276448530110863
esporotricose_humana_fungos_teste_de_sensibilidade,CUIABA,3,5,0,0.0,0.0,0.0,0.0,0.17677669529663684
esporotricose_humana_fungos_teste_de_sensibilidade,GUARANTA DO NORTE,1,1,0,0.0,0.0,0.0,,0.0
esporotricose_humana_fungos_teste_de_sensibilidade,POXOREO,1,3,0,0.0,0.0,0.0,,0.0
esporotricose_humana_fungos_teste_de_sensibilidade,VARZEA GRANDE,1,3,0,0.0,0.0,0.0,0.0,0.0
esporotricose_humana_histoplasmose,CUIABA,1,1,0,0.0,0.0,0.0,,0.0
esporotricose_humana_paracoccidioidomicose,CUIABA,1,1,0,0.0,0.0,0.0,,0.0
esquistossomose_bact_rias_cultura,CACERES,1,1,0,0.0,0.0,0.0,0.0,0.01077642877252243
esquistossomose_coprocultura,CAMPO VERDE,1,1,0,0.0,0.0,0.0,0.0,0.0
esquistossomose_esquistossomose,CACERES,1,1,0,0.0,0.0,0.0,,0.01077642877252243
esquistossomose_esquistossomose,CHAPADA DOS GUIMARAES,1,1,0,0.0,0.0,0.0,0.0,0.03629330306869366
esquistossomose_esquistossomose,DIAMANTINO,1,1,0,0.0,0.0,0.0,0.0,0.0
esquistossomose_esquistossomose,PONTES E LACERDA,1,1,0,0.0,0.0,0.0,0.0,0.0
esquistossomose_esquistossomose_sorologia,ARIPUANA,2,3,0,0.0,0.0,0.0,0.0,0.2224549232826577
esquistossomose_esquistossomose_sorologia,CACERES,1,1,0,0.0,0.0,0.0,,0.01077642877252243
esquistossomose_esquistossomose_sorologia,CAMPO NOVO DO PARECIS,1,1,0,0.0,0.0,0.0,0.0,0.0
esquistossomose_esquistossomose_sorologia,CAMPO VERDE,1,2,0,0.0,0.0,0.0,0.0,0.0
esquistossomose_esquistossomose_sorologia,CHAPADA DOS GUIMARAES,2,2,0,0.0,0.0,0.0,0.0,0.03629330306869366
esquistossomose_esquistossomose_sorologia,CUIABA,1,2,0,0.0,0.0,0.0,0.0,0.0
esquistossomose_esquistossomose_sorologia,JUINA,1,2,0,0.0,0.0,0.0,,0.0
esquistossomose_esquistossomose_sorologia,PONTES E LACERDA,1,1,0,0.0,0.0,0.0,0.0,0.0
esquistossomose_esquistossomose_sorologia,SAPEZAL,1,2,0,0.0,0.0,0.0,0.0,0.0
esquistossomose_esquistossomose_sorologia,VARZEA GRANDE,2,2,0,0.0,0.0,0.0,0.0,0.0
esquistossomose_sorologia,AGUA BOA,2,2,1,0.0,0.0,0.5,1.641443156823479,0.2698
esquistossomose_sorologia,JACIARA,1,1,1,0.0,0.0,1.0,3.404950798460962,0.0
esquistossomose_sorologia,LUCAS DO RIO VERDE,1,1,0,0.0,0.0,0.0,0.0,0.0
febre_amarela,ALTA FLORESTA,3,7,0,0.0,0.0,0.0,0.0,0.35355339059327373
febre_amarela,BARRA DO BUGRES,1,1,0,0.0,0.0,0.0,0.0,0.0017327737894144602
febre_amarela,BARRA DO GARCAS,2,3,0,0.0,0.0,0.0,0.0,0.168625
febre_amarela,BOA VISTA,1,2,0,0.0,0.0,0.0,,0.0
febre_amarela,CACERES,4,15,0,0.0,0.0,0.0,0.0,0.34802642877252243
febre_amarela,CAMPO NOVO DO PARECIS,1,7,0,0.0,0.0,0.0,,0.0
febre_amarela,CAMPO VERDE,4,13,0,0.0,0.0,0.0,0.0,0.505875
febre_amarela,COLIDER,2,9,0,0.0,0.0,0.0,0.0,0.168625
febre_amarela,CUIABA,1,1,0,0.0,0.0,0.0,0.0,0.0
febre_amarela,GUARANTA DO NORTE,2,3,0,0.0,0.0,0.0,0.0,0.168625
febre_amarela,JAURU,1,2,0,0.0,0.0,0.0,0.0,0.00011868313626129
febre_amarela,JOAQUIM PIRES,1,3,0,0.0,0.0,0.0,,0.0
febre_amarela,LENCOIS,1,1,0,0.0,0.0,0.0,,0.0
febre_amarela,LUCAS DO RIO VERDE,3,11,0,0.0,0.0,0.0,0.0,0.168625
febre_amarela,NOVA MUTUM,2,9,0,0.0,0.0,0.0,,0.168625
febre_amarela,NOVA SANTA HELENA,2,3,0,0.0,0.0,0.0,0.0,0.168625
febre_amarela,NOVA UBIRATA,1,4,0,0.0,0.0,0.0,0.0,0.0172992539414415
febre_amarela,NOVO HORIZONTE DO NORTE,2,2,0,0.0,0.0,0.0,0.0,0.0024828512105856504
febre_amarela,PONTES E LACERDA,2,3,0,0.0,0.0,0.0,0.0,0.168625
febre_amarela,POXOREO,1,2,0,0.0,0.0,0.0,,0.0
febre_amarela,RONDONOPOLIS,1,1,0,0.0,0.0,0.0,0.0,0.0
febre_amarela,SAPEZAL,1,3,0,0.0,0.0,0.0,0.0,0.0
febre_amarela,SINOP,2,16,0,1.0,0.0,0.0,0.0,0.168625
febre_amarela,SORRISO,2,4,0,1.0,0.0,0.0,0.0,0.168625
febre_amarela,TANGARA DA SERRA,5,5,0,0.0,0.0,0.0,0.0,0.0
febre_amarela,VARZEA GRANDE,6,9,0,0.0,0.0,0.0,0.0,0.4909902530309828
febre_amarela,VILA RICA,1,2,0,0.0,0.0,0.0,,0.04660449394707213
febre_amarela_biologia_molecular,ARIPUANA,1,1,0,0.0,0.0,0.0,0.0,0.05382992328265769
febre_amarela_biologia_molecular,COLIDER,1,2,0,0.0,0.0,0.0,0.0,0.0
febre_amarela_biologia_molecular,COLNIZA,1,1,0,1.0,0.0,0.0,0.0,0.15800048564189215
febre_amarela_biologia_molecular,LUIS ANTONIO,1,1,0,0.0,0.0,0.0,,0.0
febre_amarela_biologia_molecular,MARCELANDIA,1,1,0,0.0,0.0,0.0,0.0,0.006850390625000021
febre_amarela_biologia_molecular,NOBRES,1,2,0,0.0,0.0,0.0,0.0,0.021030651745495524
febre_amarela_biologia_molecular,NOVA CANAA DO NORTE,1,1,0,0.0,0.0,0.0,0.0,0.0
febre_amarela_biologia_molecular,POCONE,1,1,0,0.0,0.0,0.0,0.0,0.06830926590653164
febre_amarela_igm,ARAPUTANGA,1,1,0,0.0,0.0,0.0,0.0,0.0
febre_amarela_igm,CACERES,1,1,0,1.0,0.0,0.0,0.0,0.01077642877252243
febre_amarela_igm,CUIABA,2,2,0,0.0,0.0,0.0,0.0,0.0
febre_amarela_igm,JURUENA,1,1,0,1.0,0.0,0.0,0.0,0.0634907305743244
febre_amarela_igm,LUCAS DO RIO VERDE,1,1,0,0.0,0.0,0.0,0.0,0.0
febre_amarela_igm,MIRASSOL D''OESTE,1,1,0,0.0,0.0,0.0,,0.0
febre_amarela_igm,NOBRES,1,2,0,0.0,0.0,0.0,0.0,0.021030651745495524
febre_amarela_igm,SANTO ANTONIO DO LEVERGER,1,1,0,0.0,0.0,0.0,0.0,0.07961264780405415
febre_amarela_igm,SORRISO,1,1,0,0.0,0.0,0.0,0.0,0.0
febre_amarela_igm,VARZEA GRANDE,1,1,0,0.0,0.0,0.0,0.0,0.0
febre_do_nilo_ocidental_biologia_molecular,CHAPADA DOS GUIMARAES,1,1,0,0.0,0.0,0.0,0.0,0.03629330306869366
febre_do_nilo_ocidental_biologia_molecular,POCONE,1,1,0,0.0,0.0,0.0,0.0,0.06830926590653164
febre_do_nilo_ocidental_biologia_molecular,SANTO ANTONIO DO LEVERGER,1,1,0,0.0,0.0,0.0,0.0,0.07961264780405415
febre_do_nilo_ocidental_febre_do_nilo_ocidental_igm,CAMPINAPOLIS,2,2,0,0.0,0.0,0.0,0.0,0.27897658009572107
febre_do_nilo_ocidental_febre_do_nilo_ocidental_igm,CAMPO NOVO DO PARECIS,1,32,0,0.0,0.0,0.0,,0.0
febre_do_nilo_ocidental_igm,CHAPADA DOS GUIMARAES,1,1,0,0.0,0.0,0.0,0.0,0.03629330306869366
febre_do_nilo_ocidental_igm,POCONE,1,1,0,0.0,0.0,0.0,0.0,0.06830926590653164
febre_do_nilo_ocidental_igm,PONTES E LACERDA,1,1,0,0.0,0.0,0.0,0.0,0.0
febre_do_nilo_ocidental_igm,SANTO ANTONIO DO LEVERGER,1,1,0,0.0,0.0,0.0,0.0,0.07961264780405415
febre_do_nilo_ocidental_mayaro_igm,CAMPINAPOLIS,1,1,0,0.0,0.0,0.0,0.0,0.27897658009572107
febre_maculosa_biologia_molecular,ALTA FLORESTA,1,1,0,0.0,0.0,0.0,0.0,0.0
febre_maculosa_biologia_molecular,CANARANA,1,1,0,0.0,0.0,0.0,0.0,0.0
febre_maculosa_biologia_molecular,QUERENCIA,2,2,0,0.0,0.0,0.0,0.0,0.0
febre_maculosa_biologia_molecular,SAO JOSE DO RIO CLARO,1,1,0,0.0,0.0,0.0,0.0,0.0
febre_maculosa_igg,ACORIZAL,1,2,0,0.0,0.0,0.0,0.0,0.03850080940315332
febre_maculosa_igg,ALTA FLORESTA,1,1,0,0.0,0.0,0.0,0.0,0.0
febre_maculosa_igg,ARENAPOLIS,2,2,0,0.0,0.0,0.0,0.0,0.0
febre_maculosa_igg,CANARANA,1,1,0,0.0,0.0,0.0,0.0,0.0
febre_maculosa_igg,CUIABA,2,2,0,0.0,0.0,0.0,0.0,0.0
febre_maculosa_igg,JANGADA,1,1,0,0.0,0.0,0.0,0.0,0.056065913569820006
febre_maculosa_igg,JUINA,1,2,0,0.0,0.0,0.0,0.0,0.0
febre_maculosa_igg,LUCAS DO RIO VERDE,1,1,0,0.0,0.0,0.0,0.0,0.0
febre_maculosa_igg,MARCELANDIA,1,2,0,0.0,0.0,0.0,0.0,0.006850390625000021
febre_maculosa_igg,MIRASSOL D''OESTE,1,1,0,0.0,0.0,0.0,,0.0
febre_maculosa_igg,QUERENCIA,5,12,5,0.0,0.0,0.14285714285714285,3.517534911533997,1.2930584322847127
febre_maculosa_igg,QUERENCIA DO NORTE,1,1,1,0.0,0.0,1.0,,0.0
febre_maculosa_igg,RONDONOPOLIS,1,2,0,0.0,0.0,0.0,0.0,0.0
febre_maculosa_igg,SANTA RITA DO TRIVELATO,1,1,0,0.0,0.0,0.0,0.0,0.0
febre_maculosa_igg,SAO JOSE DO RIO CLARO,2,2,0,0.0,0.0,0.0,0.0,0.0
febre_maculosa_igg,VARZEA GRANDE,2,2,0,0.0,0.0,0.0,0.0,0.0
febre_maculosa_igm,ALTA FLORESTA,1,1,0,0.0,0.0,0.0,0.0,0.0
febre_maculosa_igm,JANGADA,1,1,0,0.0,0.0,0.0,0.0,0.056065913569820006
febre_maculosa_igm,QUERENCIA,3,4,1,0.0,0.0,0.3333333333333333,1.172511637177999,0.565685424949238
febre_maculosa_igm,SAO JOSE DO RIO CLARO,2,2,0,0.0,0.0,0.0,0.0,0.0
febre_maculosa_rickettsioses_bact_rias_cultura,POXOREO,1,2,0,0.0,0.0,0.0,,0.0
febre_maculosa_rickettsioses_bact_rias_cultura,QUERENCIA,1,1,0,0.0,0.0,0.0,0.0,0.0
febre_maculosa_rickettsioses_bact_rias_teste_de_sensibilidade,POXOREO,1,2,0,0.0,0.0,0.0,,0.0
febre_maculosa_rickettsioses_bact_rias_teste_de_sensibilidade,QUERENCIA,1,1,0,0.0,0.0,0.0,0.0,0.0
febre_maculosa_rickettsioses_borreliose_biologia_molecular,CUIABA,1,1,0,0.0,0.0,0.0,0.0,0.0
febre_maculosa_rickettsioses_brucelose,NOVA MUTUM,1,2,0,0.0,0.0,0.0,,0.0
febre_maculosa_rickettsioses_brucelose,VARZEA GRANDE,1,1,0,0.0,0.0,0.0,0.0,0.0
febre_maculosa_rickettsioses_brucelose_biologia_molecular,NOVA MUTUM,1,2,0,0.0,0.0,0.0,,0.0
febre_maculosa_rickettsioses_brucelose_igg,VARZEA GRANDE,1,1,0,0.0,0.0,0.0,0.0,0.0
febre_maculosa_rickettsioses_brucelose_igm,VARZEA GRANDE,1,1,0,0.0,0.0,0.0,0.0,0.0
febre_maculosa_rickettsioses_citomegalov_rus_igg,CUIABA,1,1,0,0.0,0.0,0.0,0.0,0.0
febre_maculosa_rickettsioses_citomegalov_rus_igg_avidez,CUIABA,1,1,0,0.0,0.0,0.0,0.0,0.0
febre_maculosa_rickettsioses_citomegalov_rus_igm,CUIABA,1,1,0,0.0,0.0,0.0,0.0,0.0
febre_maculosa_rickettsioses_febre_maculosa_1a_amostra,APIACAS,1,1,0,0.0,0.0,0.0,,0.00506539625563067
febre_maculosa_rickettsioses_febre_maculosa_1a_amostra,ARENAPOLIS,1,1,0,0.0,0.0,0.0,0.0,0.0
febre_maculosa_rickettsioses_febre_maculosa_1a_amostra,CACERES,2,2,0,0.0,0.0,0.0,0.0,0.01077642877252243
febre_maculosa_rickettsioses_febre_maculosa_1a_amostra,CAMPO VERDE,1,1,0,0.0,0.0,0.0,0.0,0.0
febre_maculosa_rickettsioses_febre_maculosa_1a_amostra,CHAPADA DOS GUIMARAES,1,1,0,0.0,0.0,0.0,0.0,0.03629330306869366
febre_maculosa_rickettsioses_febre_maculosa_1a_amostra,CLAUDIA,2,3,0,0.0,0.0,0.0,,0.168625
febre_maculosa_rickettsioses_febre_maculosa_1a_amostra,COLIDER,2,2,0,0.0,0.0,0.0,0.0,0.0
febre_maculosa_rickettsioses_febre_maculosa_1a_amostra,JUINA,1,1,0,0.0,0.0,0.0,0.0,0.0
febre_maculosa_rickettsioses_febre_maculosa_1a_amostra,MATUPA,1,5,0,0.0,0.0,0.0,,0.0
febre_maculosa_rickettsioses_febre_maculosa_1a_amostra,NOVA MUTUM,2,2,0,0.0,0.0,0.0,0.0,0.0
febre_maculosa_rickettsioses_febre_maculosa_1a_amostra,NOVA XAVANTINA,1,1,0,0.0,0.0,0.0,,0.0
febre_maculosa_rickettsioses_febre_maculosa_1a_amostra,POCONE,1,1,0,0.0,0.0,0.0,0.0,0.06830926590653164
febre_maculosa_rickettsioses_febre_maculosa_1a_amostra,POXOREO,1,1,0,0.0,0.0,0.0,,0.0
febre_maculosa_rickettsioses_febre_maculosa_1a_amostra,PRIMAVERA DO LESTE,1,1,0,0.0,0.0,0.0,0.0,0.0
febre_maculosa_rickettsioses_febre_maculosa_1a_amostra,RONDONOPOLIS,2,2,0,0.0,0.0,0.0,0.0,0.0
febre_maculosa_rickettsioses_febre_maculosa_1a_amostra,SANTA RITA DO TRIVELATO,1,1,0,0.0,0.0,0.0,0.0,0.0
febre_maculosa_rickettsioses_febre_maculosa_1a_amostra,SINOP,1,1,0,0.0,0.0,0.0,0.0,0.0
febre_maculosa_rickettsioses_febre_maculosa_1a_amostra,UNIAO DO SUL,1,1,0,0.0,0.0,0.0,0.0,0.00187994087837845
febre_maculosa_rickettsioses_febre_maculosa_1a_amostra,VARZEA GRANDE,3,3,0,0.0,0.0,0.0,0.0,0.0
febre_maculosa_rickettsioses_febre_maculosa_1a_amostra,VILA RICA,1,1,0,0.0,0.0,0.0,0.0,0.04660449394707213
febre_maculosa_rickettsioses_febre_maculosa_2a_amostra,AGUA BOA,1,1,0,0.0,0.0,0.0,,0.0
febre_maculosa_rickettsioses_febre_maculosa_2a_amostra,AMARANTE DO MARANHAO,1,1,0,0.0,0.0,0.0,,0.0
febre_maculosa_rickettsioses_febre_maculosa_2a_amostra,APIACAS,1,1,0,0.0,0.0,0.0,,0.00506539625563067
febre_maculosa_rickettsioses_febre_maculosa_2a_amostra,ARENAPOLIS,1,1,0,0.0,0.0,0.0,0.0,0.0
febre_maculosa_rickettsioses_febre_maculosa_2a_amostra,CAMPO VERDE,1,1,0,0.0,0.0,0.0,0.0,0.0
febre_maculosa_rickettsioses_febre_maculosa_2a_amostra,CLAUDIA,1,1,0,0.0,0.0,0.0,,0.0
febre_maculosa_rickettsioses_febre_maculosa_2a_amostra,COLIDER,2,2,0,0.0,0.0,0.0,0.0,0.0
febre_maculosa_rickettsioses_febre_maculosa_2a_amostra,CUIABA,1,1,0,0.0,0.0,0.0,0.0,0.0
febre_maculosa_rickettsioses_febre_maculosa_2a_amostra,GLORIA D''OESTE,1,1,0,0.0,0.0,0.0,,0.0
febre_maculosa_rickettsioses_febre_maculosa_2a_amostra,NOVA XAVANTINA,1,1,0,0.0,0.0,0.0,,0.0
febre_maculosa_rickettsioses_febre_maculosa_2a_amostra,POXOREO,1,1,0,0.0,0.0,0.0,,0.0
febre_maculosa_rickettsioses_febre_maculosa_2a_amostra,PRIMAVERA DO LESTE,1,1,0,0.0,0.0,0.0,0.0,0.0
febre_maculosa_rickettsioses_febre_maculosa_2a_amostra,SAPEZAL,1,1,0,0.0,0.0,0.0,0.0,0.0
febre_maculosa_rickettsioses_febre_maculosa_2a_amostra,SORRISO,1,2,0,0.0,0.0,0.0,,0.0
febre_maculosa_rickettsioses_febre_maculosa_2a_amostra,VARZEA GRANDE,1,1,0,0.0,0.0,0.0,0.0,0.0
febre_maculosa_rickettsioses_febre_maculosa_2a_amostra,VILA RICA,1,1,0,0.0,0.0,0.0,0.0,0.04660449394707213
febre_maculosa_rickettsioses_febre_maculosa_anatomopatol_gico,COLIDER,2,2,0,0.0,0.0,0.0,0.0,0.0
febre_maculosa_rickettsioses_febre_maculosa_anatomopatol_gico,RONDONOPOLIS,1,1,0,0.0,0.0,0.0,0.0,0.0
febre_maculosa_rickettsioses_febre_maculosa_anatomopatol_gico,SANTA RITA DO TRIVELATO,1,1,0,0.0,0.0,0.0,0.0,0.0
febre_maculosa_rickettsioses_febre_maculosa_anatomopatol_gico,VARZEA GRANDE,2,2,0,0.0,0.0,0.0,0.0,0.0
febre_maculosa_rickettsioses_febre_maculosa_biologia_molecular,ARENAPOLIS,1,1,0,0.0,0.0,0.0,0.0,0.0
febre_maculosa_rickettsioses_febre_maculosa_biologia_molecular,BARRA DO GARCAS,2,3,0,0.0,0.0,0.0,,0.168625
febre_maculosa_rickettsioses_febre_maculosa_biologia_molecular,CACERES,2,2,0,0.0,0.0,0.0,0.0,0.01077642877252243
febre_maculosa_rickettsioses_febre_maculosa_biologia_molecular,CAMPINAPOLIS,2,2,0,0.0,0.0,0.0,0.0,0.27897658009572107
febre_maculosa_rickettsioses_febre_maculosa_biologia_molecular,CAMPO VERDE,1,1,0,0.0,0.0,0.0,0.0,0.0
febre_maculosa_rickettsioses_febre_maculosa_biologia_molecular,CHAPADA DOS GUIMARAES,1,1,0,0.0,0.0,0.0,,0.03629330306869366
febre_maculosa_rickettsioses_febre_maculosa_biologia_molecular,COLIDER,2,2,0,0.0,0.0,0.0,0.0,0.0
febre_maculosa_rickettsioses_febre_maculosa_biologia_molecular,CUIABA,6,6,0,0.0,0.0,0.0,0.0,0.0
febre_maculosa_rickettsioses_febre_maculosa_biologia_molecular,JUARA,1,1,0,0.0,0.0,0.0,0.0,0.0
febre_maculosa_rickettsioses_febre_maculosa_biologia_molecular,LENCOIS,1,1,0,0.0,0.0,0.0,,0.0
febre_maculosa_rickettsioses_febre_maculosa_biologia_molecular,MATUPA,1,5,0,0.0,0.0,0.0,,0.0
febre_maculosa_rickettsioses_febre_maculosa_biologia_molecular,NOVA MUTUM,1,2,0,0.0,0.0,0.0,,0.0
febre_maculosa_rickettsioses_febre_maculosa_biologia_molecular,POXOREO,1,1,0,0.0,0.0,0.0,,0.0
febre_maculosa_rickettsioses_febre_maculosa_biologia_molecular,RONDONOPOLIS,6,6,0,0.0,0.0,0.0,0.0,0.0
febre_maculosa_rickettsioses_febre_maculosa_biologia_molecular,SANTA RITA DO TRIVELATO,1,1,0,0.0,0.0,0.0,0.0,0.0
febre_maculosa_rickettsioses_febre_maculosa_biologia_molecular,SINOP,6,6,0,0.0,0.0,0.0,0.0,0.0
febre_maculosa_rickettsioses_febre_maculosa_biologia_molecular,TANGARA DA SERRA,1,1,0,0.0,0.0,0.0,,0.0
febre_maculosa_rickettsioses_febre_maculosa_biologia_molecular,VARZEA GRANDE,1,1,0,0.0,0.0,0.0,0.0,0.0
febre_maculosa_rickettsioses_febre_maculosa_igg,ARENAPOLIS,1,1,0,0.0,0.0,0.0,0.0,0.0
febre_maculosa_rickettsioses_febre_maculosa_igg,BARRA DO GARCAS,2,3,0,0.0,0.0,0.0,,0.168625
febre_maculosa_rickettsioses_febre_maculosa_igg,CACERES,2,2,0,0.0,0.0,0.0,0.0,0.01077642877252243
febre_maculosa_rickettsioses_febre_maculosa_igg,CAMPINAPOLIS,1,2,0,0.0,0.0,0.0,0.0,0.27897658009572107
febre_maculosa_rickettsioses_febre_maculosa_igg,CAMPO VERDE,1,1,0,0.0,0.0,0.0,0.0,0.0
febre_maculosa_rickettsioses_febre_maculosa_igg,CHAPADA DOS GUIMARAES,2,2,0,0.0,0.0,0.0,0.0,0.03629330306869366
febre_maculosa_rickettsioses_febre_maculosa_igg,COLIDER,2,2,0,0.0,0.0,0.0,0.0,0.0
febre_maculosa_rickettsioses_febre_maculosa_igg,CUIABA,3,3,0,0.0,0.0,0.0,0.0,0.0
febre_maculosa_rickettsioses_febre_maculosa_igg,DIAMANTINO,1,1,0,0.0,0.0,0.0,0.0,0.0
febre_maculosa_rickettsioses_febre_maculosa_igg,GAUCHA DO NORTE,1,1,0,0.0,0.0,0.0,0.0,0.07570559895833356
febre_maculosa_rickettsioses_febre_maculosa_igg,GLORIA D''OESTE,2,2,0,0.0,0.0,0.0,,0.0
febre_maculosa_rickettsioses_febre_maculosa_igg,GUARANTA DO NORTE,1,1,0,0.0,0.0,0.0,,0.0
febre_maculosa_rickettsioses_febre_maculosa_igg,JACIARA,1,1,0,0.0,0.0,0.0,0.0,0.0
febre_maculosa_rickettsioses_febre_maculosa_igg,JUARA,1,1,0,0.0,0.0,0.0,0.0,0.0
febre_maculosa_rickettsioses_febre_maculosa_igg,LENCOIS,2,2,0,0.0,0.0,0.0,,0.0
febre_maculosa_rickettsioses_febre_maculosa_igg,LUCAS DO RIO VERDE,1,1,0,0.0,0.0,0.0,0.0,0.0
febre_maculosa_rickettsioses_febre_maculosa_igg,MATUPA,1,4,0,0.0,0.0,0.0,,0.0
febre_maculosa_rickettsioses_febre_maculosa_igg,NOVA MUTUM,1,1,0,0.0,0.0,0.0,0.0,0.0
febre_maculosa_rickettsioses_febre_maculosa_igg,POCONE,1,1,0,0.0,0.0,0.0,0.0,0.06830926590653164
febre_maculosa_rickettsioses_febre_maculosa_igg,POXOREO,2,3,0,0.0,0.0,0.0,,0.168625
febre_maculosa_rickettsioses_febre_maculosa_igg,RONDONOPOLIS,4,6,0,0.0,0.0,0.0,0.0,0.43301270189221935
febre_maculosa_rickettsioses_febre_maculosa_igg,SANTA RITA DO TRIVELATO,1,1,0,0.0,0.0,0.0,0.0,0.0
febre_maculosa_rickettsioses_febre_maculosa_igg,SINOP,3,3,0,0.0,0.0,0.0,0.0,0.0
febre_maculosa_rickettsioses_febre_maculosa_igg,VARZEA GRANDE,4,5,0,0.0,0.0,0.0,0.0,0.43301270189221935
febre_maculosa_rickettsioses_febre_maculosa_igm,ARENAPOLIS,1,1,0,0.0,0.0,0.0,0.0,0.0
febre_maculosa_rickettsioses_febre_maculosa_igm,BARRA DO GARCAS,3,4,0,0.0,0.0,0.0,0.0,0.3535533905932738
febre_maculosa_rickettsioses_febre_maculosa_igm,CACERES,2,2,0,0.0,0.0,0.0,0.0,0.01077642877252243
febre_maculosa_rickettsioses_febre_maculosa_igm,CAMPINAPOLIS,1,2,0,0.0,0.0,0.0,0.0,0.27897658009572107
febre_maculosa_rickettsioses_febre_maculosa_igm,CAMPO VERDE,1,1,0,0.0,0.0,0.0,0.0,0.0
febre_maculosa_rickettsioses_febre_maculosa_igm,CHAPADA DOS GUIMARAES,2,2,0,0.0,0.0,0.0,0.0,0.03629330306869366
febre_maculosa_rickettsioses_febre_maculosa_igm,COLIDER,2,2,0,0.0,0.0,0.0,0.0,0.0
febre_maculosa_rickettsioses_febre_maculosa_igm,CUIABA,3,3,0,0.0,0.0,0.0,0.0,0.0
febre_maculosa_rickettsioses_febre_maculosa_igm,DIAMANTINO,1,1,0,0.0,0.0,0.0,0.0,0.0
febre_maculosa_rickettsioses_febre_maculosa_igm,GAUCHA DO NORTE,1,1,0,0.0,0.0,0.0,0.0,0.07570559895833356
febre_maculosa_rickettsioses_febre_maculosa_igm,GLORIA D''OESTE,1,1,0,0.0,0.0,0.0,,0.0
febre_maculosa_rickettsioses_febre_maculosa_igm,GUARANTA DO NORTE,1,1,0,0.0,0.0,0.0,,0.0
febre_maculosa_rickettsioses_febre_maculosa_igm,JACIARA,1,1,0,0.0,0.0,0.0,0.0,0.0
febre_maculosa_rickettsioses_febre_maculosa_igm,JUARA,1,1,0,0.0,0.0,0.0,0.0,0.0
febre_maculosa_rickettsioses_febre_maculosa_igm,LENCOIS,2,2,0,0.0,0.0,0.0,,0.0
febre_maculosa_rickettsioses_febre_maculosa_igm,MATUPA,1,4,0,0.0,0.0,0.0,,0.0
febre_maculosa_rickettsioses_febre_maculosa_igm,NOVA MUTUM,1,1,0,0.0,0.0,0.0,0.0,0.0
febre_maculosa_rickettsioses_febre_maculosa_igm,POCONE,1,1,0,0.0,0.0,0.0,0.0,0.06830926590653164
febre_maculosa_rickettsioses_febre_maculosa_igm,POXOREO,2,3,0,0.0,0.0,0.0,,0.168625
febre_maculosa_rickettsioses_febre_maculosa_igm,RONDONOPOLIS,4,5,0,0.0,0.0,0.0,0.0,0.43301270189221935
febre_maculosa_rickettsioses_febre_maculosa_igm,SANTA RITA DO TRIVELATO,1,1,0,0.0,0.0,0.0,0.0,0.0
febre_maculosa_rickettsioses_febre_maculosa_igm,SINOP,3,3,0,0.0,0.0,0.0,0.0,0.0
febre_maculosa_rickettsioses_febre_maculosa_igm,VARZEA GRANDE,5,5,0,0.0,0.0,0.0,0.0,0.0
febre_maculosa_rickettsioses_febre_q_biologia_molecular,ARENAPOLIS,1,1,0,0.0,0.0,0.0,0.0,0.0
febre_maculosa_rickettsioses_febre_q_biologia_molecular,MATUPA,1,1,0,0.0,0.0,0.0,,0.0
febre_maculosa_rickettsioses_herpes_v_rus_igg,CUIABA,1,1,0,0.0,0.0,0.0,0.0,0.0
febre_maculosa_rickettsioses_herpes_v_rus_igm,CUIABA,1,1,0,0.0,0.0,0.0,0.0,0.0
febre_maculosa_rickettsioses_lyme_igg,CAMPO VERDE,1,1,0,0.0,0.0,0.0,0.0,0.0
febre_maculosa_rickettsioses_lyme_igg,CUIABA,3,3,0,0.0,0.0,0.0,0.0,0.0
febre_maculosa_rickettsioses_lyme_igg,DIAMANTINO,1,1,0,0.0,0.0,0.0,0.0,0.0
febre_maculosa_rickettsioses_lyme_igg,JUINA,1,1,0,0.0,0.0,0.0,0.0,0.0
febre_maculosa_rickettsioses_lyme_igm,CAMPO VERDE,1,1,0,0.0,0.0,0.0,0.0,0.0
febre_maculosa_rickettsioses_lyme_igm,CUIABA,3,3,0,0.0,0.0,0.0,0.0,0.0
febre_maculosa_rickettsioses_lyme_igm,DIAMANTINO,1,1,0,0.0,0.0,0.0,0.0,0.0
febre_maculosa_rickettsioses_lyme_igm,JUINA,1,1,0,0.0,0.0,0.0,0.0,0.0
febre_maculosa_rickettsioses_lyme_igm,LUCAS DO RIO VERDE,1,2,0,0.0,0.0,0.0,0.0,0.0
febre_maculosa_rickettsioses_pesquisa_de_arbov_rus_zdc,NOVA MUTUM,1,2,0,0.0,0.0,0.0,,0.0
febre_maculosa_rickettsioses_pesquisa_de_arbov_rus_zdc,POXOREO,1,1,0,0.0,0.0,0.0,,0.0
febre_maculosa_rickettsioses_pesquisa_de_arbov_rus_zdc,SORRISO,1,1,0,0.0,0.0,0.0,,0.0
febre_maculosa_rickettsioses_pesquisa_de_arbov_rus_zdc,VARZEA GRANDE,1,1,0,0.0,0.0,0.0,0.0,0.0
febre_maculosa_rickettsioses_rub_ola_igg,CUIABA,1,1,0,0.0,0.0,0.0,0.0,0.0
febre_maculosa_rickettsioses_rub_ola_igg,VARZEA GRANDE,1,1,0,0.0,0.0,0.0,0.0,0.0
febre_maculosa_rickettsioses_rub_ola_igm,CUIABA,1,1,0,0.0,0.0,0.0,0.0,0.0
febre_maculosa_rickettsioses_rub_ola_igm,VARZEA GRANDE,1,1,0,0.0,0.0,0.0,0.0,0.0
febre_maculosa_rickettsioses_var_ola,CUIABA,1,1,0,0.0,0.0,0.0,0.0,0.0
febre_mayaro_mayaro_igm,INDIAVAI,1,2,0,0.0,0.0,0.0,0.0,0.02767690737612621
febre_mayaro_mayaro_igm,RONDONOPOLIS,1,1,0,0.0,0.0,0.0,,0.0
febre_purp_rica_brasileira_parvov_rus_b19_biologia_molecular,CUIABA,1,1,0,0.0,0.0,0.0,,0.0
febre_purp_rica_brasileira_parvov_rus_b19_igg,CUIABA,1,1,0,0.0,0.0,0.0,,0.0
febre_purp_rica_brasileira_parvov_rus_b19_igm,CUIABA,1,1,0,0.0,0.0,0.0,,0.0
febre_tif_ide_bact_rias_cultura,CAMPINAPOLIS,1,3,0,0.0,0.0,0.0,0.0,0.27897658009572107
febre_tif_ide_bact_rias_cultura,PEIXOTO DE AZEVEDO,1,3,0,0.0,0.0,0.0,0.0,0.02064137105855867
febre_tif_ide_bact_rias_teste_de_sensibilidade,CAMPINAPOLIS,1,2,0,0.0,0.0,0.0,0.0,0.27897658009572107
febre_tif_ide_bact_rias_teste_de_sensibilidade,PEIXOTO DE AZEVEDO,1,2,0,0.0,0.0,0.0,0.0,0.02064137105855867
febre_tif_ide_coprocultura,NOVA SANTA HELENA,2,2,0,0.0,0.0,0.0,0.0,0.0
febre_tif_ide_febre_tif_ide,CACERES,1,2,0,0.0,0.0,0.0,0.0,0.01077642877252243
febre_tif_ide_febre_tif_ide,NOVA SANTA HELENA,1,1,0,0.0,0.0,0.0,0.0,0.0
febre_tif_ide_febre_tif_ide_tsa,NOVA SANTA HELENA,1,1,0,0.0,0.0,0.0,0.0,0.0
febre_tif_ide_pesquisa_de_genes_de_resist_ncia,CAMPINAPOLIS,1,2,0,0.0,0.0,0.0,0.0,0.27897658009572107
febre_tif_ide_pesquisa_de_genes_de_resist_ncia,PEIXOTO DE AZEVEDO,1,2,0,0.0,0.0,0.0,0.0,0.02064137105855867
febre_tifoide_tsa,SAO JOSE DO RIO CLARO,1,1,0,0.0,0.0,0.0,0.0,0.0
febre_tifoide_tsa,SAPEZAL,1,1,0,0.0,0.0,0.0,0.0,0.0
filariose_filariose_parasitol_gico,ALTA FLORESTA,1,4,0,0.0,0.0,0.0,0.0,0.0
filariose_filariose_parasitol_gico,CLAUDIA,1,1,0,0.0,0.0,0.0,0.0,0.0
filariose_filariose_parasitol_gico,CUIABA,3,8,0,0.0,0.0,0.0,0.0,0.168625
filariose_filariose_parasitol_gico,NOVA XAVANTINA,4,10,0,0.0,0.0,0.0,0.0,0.168625
filariose_filariose_parasitol_gico,SALTO DO CEU,2,3,0,0.0,0.0,0.0,,0.1988346055039415
filariose_filariose_parasitol_gico,SINOP,1,2,0,0.0,0.0,0.0,0.0,0.0
filariose_filariose_parasitol_gico,VARZEA GRANDE,2,3,0,0.0,0.0,0.0,0.0,0.168625
filariose_filariose_pesquisa_do_ant_geno,ALTA FLORESTA,1,2,0,0.0,0.0,0.0,0.0,0.0
filariose_filariose_pesquisa_do_ant_geno,CLAUDIA,1,2,0,0.0,0.0,0.0,0.0,0.0
filariose_filariose_pesquisa_do_ant_geno,CUIABA,2,3,0,0.0,0.0,0.0,0.0,0.168625
filariose_filariose_pesquisa_do_ant_geno,NOVA XAVANTINA,2,4,0,0.0,0.0,0.0,0.0,0.0
filariose_filariose_pesquisa_do_ant_geno,SALTO DO CEU,2,2,0,0.0,0.0,0.0,,0.0302096055039415
filariose_filariose_pesquisa_do_ant_geno,SINOP,1,1,0,0.0,0.0,0.0,0.0,0.0
filariose_filariose_pesquisa_do_ant_geno,VARZEA GRANDE,1,1,0,0.0,0.0,0.0,0.0,0.0
filariose_pesquisa_do_antigeno,RONDONOPOLIS,1,1,0,0.0,0.0,0.0,0.0,0.0
fungos,AGUA BOA,1,1,0,0.0,0.0,0.0,0.0,0.0
fungos,ALTA FLORESTA,1,1,0,0.0,0.0,0.0,0.0,0.0
fungos,ARAPUTANGA,3,3,0,0.0,0.0,0.0,0.0,0.0
fungos,ARIPUANA,2,2,0,0.0,0.0,0.0,0.0,0.05382992328265769
fungos,BARRA DO BUGRES,1,1,0,0.0,0.0,0.0,0.0,0.0017327737894144602
fungos,BRASNORTE,1,1,1,0.0,0.0,1.0,5.761364291064124,0.0
fungos,CAMPO VERDE,2,2,0,0.0,0.0,0.0,0.0,0.0
fungos,CANARANA,1,1,0,0.0,0.0,0.0,0.0,0.0
fungos,CHAPADA DOS GUIMARAES,2,3,0,0.0,0.0,0.0,0.0,0.20491830306869366
fungos,CUIABA,16,19,6,0.0,0.0,0.28125,0.05701991661236595,0.8780700035069681
fungos,DIAMANTINO,1,1,0,0.0,0.0,0.0,0.0,0.0
fungos,FELIZ NATAL,1,1,0,0.0,0.0,0.0,0.0,0.0
fungos,GUARANTA DO NORTE,7,8,5,0.0,0.0,0.6428571428571429,2.210819569690367,0.6123724356957946
fungos,GUIRATINGA,2,2,0,0.0,0.0,0.0,0.0,0.017114108248873782
fungos,JAURU,1,1,1,0.0,0.0,1.0,11.937447773665989,0.00011868313626129
fungos,JI-PARANA,1,1,1,0.0,0.0,1.0,,0.0
fungos,JUARA,2,2,0,0.0,0.0,0.0,0.0,0.0
fungos,JUINA,3,4,2,0.0,0.0,0.5,1.4065587836079638,0.4949747468305833
fungos,LUCAS DO RIO VERDE,1,1,0,0.0,0.0,0.0,0.0,0.0
fungos,MIRASSOL D''OESTE,1,1,0,0.0,0.0,0.0,,0.0
fungos,NOVA BANDEIRANTES,1,1,0,0.0,0.0,0.0,0.0,0.027430046452702812
fungos,NOVA MUTUM,2,2,1,0.0,0.0,0.5,0.8541022531217438,0.2698
fungos,NOVA OLIMPIA,1,1,1,0.0,0.0,1.0,6.084945843981989,0.0
fungos,NOVA SANTA HELENA,1,1,0,0.0,0.0,0.0,0.0,0.0
fungos,NOVO MUNDO,2,2,1,0.0,0.0,0.5,5.238344683080147,0.2820480996621622
fungos,PARANAITA,3,3,1,0.0,0.0,0.3333333333333333,2.7891668758541823,0.5656854249492381
fungos,PEIXOTO DE AZEVEDO,3,3,1,0.0,0.0,0.3333333333333333,1.0189317519512542,0.5863267960077968
fungos,PONTES E LACERDA,1,1,0,0.0,0.0,0.0,0.0,0.0
fungos,POXOREO,1,1,0,0.0,0.0,0.0,,0.0
fungos,PRIMAVERA DO LESTE,1,2,2,0.0,0.0,1.0,2.234312334521243,0.0
fungos,RONDONOPOLIS,6,6,3,0.0,0.0,0.5,0.20153313192412511,0.2806146494032526
fungos,SAPEZAL,1,1,1,0.0,0.0,1.0,3.454947484798231,0.0
fungos,SINOP,8,11,4,0.0,0.0,0.375,0.24489397824973214,1.000339593069212
fungos,SORRISO,1,1,1,0.0,0.0,1.0,0.9038730962172912,0.0
fungos,VARZEA GRANDE,9,9,1,0.0,0.0,0.1111111111111111,0.0357338244590167,1.1313708498984762
fungos,VILA RICA,1,1,0,0.0,0.0,0.0,0.0,0.04660449394707213
hansen_ase_bact_rias_cultura,CUIABA,1,2,0,0.0,0.0,0.0,,0.0
hansen_ase_bact_rias_identifica_o,AGUA BOA,1,1,0,0.0,0.0,0.0,0.0,0.0
hansen_ase_bact_rias_identifica_o,BARAO DE MELGACO,1,1,0,0.0,0.0,0.0,0.0,0.5
hansen_ase_bact_rias_identifica_o,CUIABA,1,1,0,0.0,0.0,0.0,0.0,0.0
hansen_ase_bact_rias_identifica_o,GRAJAU,1,1,0,0.0,0.0,0.0,,0.0
hansen_ase_bact_rias_identifica_o,JUARA,1,2,0,0.0,0.0,0.0,,0.0
hansen_ase_bact_rias_identifica_o,VILA RICA,1,2,0,0.0,0.0,0.0,,0.04660449394707213
hansen_ase_bact_rias_teste_de_sensibilidade,AGUA BOA,1,1,0,0.0,0.0,0.0,0.0,0.0
hansen_ase_bact_rias_teste_de_sensibilidade,BARAO DE MELGACO,1,1,0,0.0,0.0,0.0,0.0,0.5
hansen_ase_bact_rias_teste_de_sensibilidade,BARRA DO GARCAS,1,1,0,0.0,0.0,0.0,,0.0
hansen_ase_bact_rias_teste_de_sensibilidade,CUIABA,2,3,0,0.0,0.0,0.0,0.0,0.168625
hansen_ase_bact_rias_teste_de_sensibilidade,GRAJAU,1,1,0,0.0,0.0,0.0,,0.0
hansen_ase_bact_rias_teste_de_sensibilidade,JUARA,1,2,0,0.0,0.0,0.0,,0.0
hansen_ase_bact_rias_teste_de_sensibilidade,VILA RICA,1,2,0,0.0,0.0,0.0,,0.04660449394707213
hansen_ase_hansen_ase,ACORIZAL,3,3,0,0.0,0.0,0.0,0.0,0.03850080940315332
hansen_ase_hansen_ase,AGUA BOA,1,1,0,0.0,0.0,0.0,0.0,0.0
hansen_ase_hansen_ase,ALTA FLORESTA,1,1,0,0.0,0.0,0.0,,0.0
hansen_ase_hansen_ase,ALTA FLORESTA D''OESTE,1,1,0,0.0,0.0,0.0,,0.0
hansen_ase_hansen_ase,APIACAS,1,2,0,0.0,0.0,0.0,0.0,0.00506539625563067
hansen_ase_hansen_ase,ARIPUANA,4,5,0,0.0,0.0,0.0,0.0,0.48684262517487703
hansen_ase_hansen_ase,BARAO DE MELGACO,2,2,0,0.0,0.0,0.0,0.0,0.5
hansen_ase_hansen_ase,BARRA DO BUGRES,4,5,0,0.0,0.0,0.0,0.0,0.4347454756816338
hansen_ase_hansen_ase,BARRA DO GARCAS,1,1,0,0.0,0.0,0.0,,0.0
hansen_ase_hansen_ase,BARREIRAS,1,1,0,0.0,0.0,0.0,,0.0
hansen_ase_hansen_ase,BOM JESUS DO ARAGUAIA,1,1,0,0.0,0.0,0.0,0.0,0.12204424268018027
hansen_ase_hansen_ase,BRASILEIA,1,2,0,0.0,0.0,0.0,,0.0
hansen_ase_hansen_ase,CACERES,2,2,0,0.0,0.0,0.0,0.0,0.01077642877252243
hansen_ase_hansen_ase,CAMPINAS,1,1,0,0.0,0.0,0.0,,0.0
hansen_ase_hansen_ase,CAMPO ALEGRE DE LOURDES,1,1,0,0.0,0.0,0.0,,0.0
hansen_ase_hansen_ase,CAMPO GRANDE,3,3,0,0.0,0.0,0.0,,0.0
hansen_ase_hansen_ase,CAMPO VERDE,3,4,0,0.0,0.0,0.0,0.0,0.3535533905932738
hansen_ase_hansen_ase,CAMPOS NOVOS,1,2,0,0.0,0.0,0.0,,0.0
hansen_ase_hansen_ase,CANABRAVA DO NORTE,1,3,0,0.0,0.0,0.0,,0.09529781109234242
hansen_ase_hansen_ase,CANOAS,1,2,0,0.0,0.0,0.0,,0.0
hansen_ase_hansen_ase,CAPIM GROSSO,1,1,0,0.0,0.0,0.0,,0.0
hansen_ase_hansen_ase,CARLINDA,2,2,0,0.0,0.0,0.0,0.0,0.01948302364864872
hansen_ase_hansen_ase,CASTANHEIRA,1,1,0,0.0,0.0,0.0,0.0,0.0
hansen_ase_hansen_ase,CHAPADA DOS GUIMARAES,5,5,0,0.0,0.0,0.0,0.0,0.03629330306869366
hansen_ase_hansen_ase,COLIDER,2,3,0,0.0,0.0,0.0,0.0,0.168625
hansen_ase_hansen_ase,COLNIZA,6,7,0,0.0,0.0,0.0,0.0,0.7170174800168396
hansen_ase_hansen_ase,CONFRESA,3,5,0,0.0,0.0,0.0,0.0,0.22448731607366393
hansen_ase_hansen_ase,COROATA,1,2,0,0.0,0.0,0.0,,0.0
hansen_ase_hansen_ase,CUIABA,136,2249,0,0.0,0.0,0.0,0.0,0.978025
hansen_ase_hansen_ase,CURITIBA,1,1,0,0.0,0.0,0.0,,0.0
hansen_ase_hansen_ase,DIAMANTINO,1,1,0,0.0,0.0,0.0,0.0,0.0
hansen_ase_hansen_ase,DOM AQUINO,3,4,0,0.0,0.0,0.0,0.0,0.3535533905932738
hansen_ase_hansen_ase,DOURADOS,1,2,0,0.0,0.0,0.0,,0.0
hansen_ase_hansen_ase,FLORIANOPOLIS,2,2,0,0.0,0.0,0.0,,0.0
hansen_ase_hansen_ase,GAUCHA DO NORTE,1,1,0,0.0,0.0,0.0,,0.07570559895833356
hansen_ase_hansen_ase,GODOFREDO VIANA,1,1,0,0.0,0.0,0.0,,0.0
hansen_ase_hansen_ase,GUARANTA DO NORTE,2,2,0,0.0,0.0,0.0,0.0,0.0
hansen_ase_hansen_ase,IBATE,1,1,0,0.0,0.0,0.0,,0.0
hansen_ase_hansen_ase,ITABUNA,1,1,0,0.0,0.0,0.0,,0.0
hansen_ase_hansen_ase,IVOLANDIA,1,1,0,0.0,0.0,0.0,,0.0
hansen_ase_hansen_ase,JACIARA,1,1,0,0.0,0.0,0.0,0.0,0.0
hansen_ase_hansen_ase,JANGADA,3,3,0,0.0,0.0,0.0,0.0,0.056065913569820006
hansen_ase_hansen_ase,JARU,1,1,0,0.0,0.0,0.0,,0.0
hansen_ase_hansen_ase,JATAI,1,1,0,0.0,0.0,0.0,,0.0
hansen_ase_hansen_ase,JI-PARANA,1,2,0,0.0,0.0,0.0,,0.0
hansen_ase_hansen_ase,JUARA,1,3,0,0.0,0.0,0.0,0.0,0.0
hansen_ase_hansen_ase,JUINA,2,3,0,0.0,0.0,0.0,0.0,0.168625
hansen_ase_hansen_ase,JURUENA,1,1,0,0.0,0.0,0.0,0.0,0.0634907305743244
hansen_ase_hansen_ase,JUSCIMEIRA,2,2,0,0.0,0.0,0.0,0.0,0.0
hansen_ase_hansen_ase,MATUPA,5,6,0,0.0,0.0,0.0,0.0,0.5
hansen_ase_hansen_ase,MIRASSOL D''OESTE,1,1,0,0.0,0.0,0.0,,0.0
hansen_ase_hansen_ase,NOBRES,4,4,0,0.0,0.0,0.0,0.0,0.021030651745495524
hansen_ase_hansen_ase,NOSSA SENHORA DO LIVRAMENTO,6,7,0,0.0,0.0,0.0,0.0,0.666572399780353
hansen_ase_hansen_ase,NOVA BANDEIRANTES,1,1,0,0.0,0.0,0.0,0.0,0.027430046452702812
hansen_ase_hansen_ase,NOVA CANAA DO NORTE,1,1,0,0.0,0.0,0.0,0.0,0.0
hansen_ase_hansen_ase,NOVA LACERDA,2,2,0,0.0,0.0,0.0,0.0,0.03343541314752269
hansen_ase_hansen_ase,NOVA MARINGA,2,2,0,0.0,0.0,0.0,0.0,0.025659294059684753
hansen_ase_hansen_ase,NOVA MUTUM,1,1,0,0.0,0.0,0.0,0.0,0.0
hansen_ase_hansen_ase,NOVA UBIRATA,1,1,0,0.0,0.0,0.0,0.0,0.0172992539414415
hansen_ase_hansen_ase,NOVA XAVANTINA,3,4,0,0.0,0.0,0.0,0.0,0.3535533905932738
hansen_ase_hansen_ase,NOVO HORIZONTE DO NORTE,1,2,0,0.0,0.0,0.0,,0.0024828512105856504
hansen_ase_hansen_ase,NOVO PROGRESSO,2,3,0,0.0,0.0,0.0,,0.168625
hansen_ase_hansen_ase,PALMAS,1,1,0,0.0,0.0,0.0,,0.0
hansen_ase_hansen_ase,PARA DE MINAS,1,1,0,0.0,0.0,0.0,,0.0
hansen_ase_hansen_ase,PARANATINGA,1,1,0,0.0,0.0,0.0,0.0,0.02608180602477483
hansen_ase_hansen_ase,PEIXOTO DE AZEVEDO,6,7,0,0.0,0.0,0.0,0.0,0.579658365433506
hansen_ase_hansen_ase,PENTECOSTE,1,1,0,0.0,0.0,0.0,,0.0
hansen_ase_hansen_ase,POCONE,3,4,0,0.0,0.0,0.0,0.0,0.4218626564998054
hansen_ase_hansen_ase,PONTES E LACERDA,5,5,0,0.0,0.0,0.0,0.0,0.0
hansen_ase_hansen_ase,PORTO ALEGRE DO NORTE,1,2,0,0.0,0.0,0.0,,0.08777804757882886
hansen_ase_hansen_ase,PORTO VELHO,1,2,0,0.0,0.0,0.0,,0.0
hansen_ase_hansen_ase,PRIMAVERA DO LESTE,2,2,0,0.0,0.0,0.0,0.0,0.0
hansen_ase_hansen_ase,QUERENCIA,3,3,0,0.0,0.0,0.0,0.0,0.0
hansen_ase_hansen_ase,QUINZE DE NOVEMBRO,1,3,0,0.0,0.0,0.0,,0.0
hansen_ase_hansen_ase,RIBEIRAO PRETO,1,1,0,0.0,0.0,0.0,,0.0
hansen_ase_hansen_ase,RIO VERDE,1,1,0,0.0,0.0,0.0,,0.0
hansen_ase_hansen_ase,ROLIM DE MOURA,1,2,0,0.0,0.0,0.0,,0.0
hansen_ase_hansen_ase,RONDONOPOLIS,2,2,0,0.0,0.0,0.0,0.0,0.0
hansen_ase_hansen_ase,ROSARIO OESTE,7,7,0,0.0,0.0,0.0,0.0,0.06282135768581094
hansen_ase_hansen_ase,SANTO AFONSO,1,1,0,0.0,0.0,0.0,,0.0
hansen_ase_hansen_ase,SANTO ANTONIO DO LEVERGER,24,31,0,0.0,0.0,0.0,0.0,0.8727814611515444
hansen_ase_hansen_ase,SAO GABRIEL DO OESTE,1,1,0,0.0,0.0,0.0,,0.0
hansen_ase_hansen_ase,SAO JOSE,1,1,0,0.0,0.0,0.0,,0.0
hansen_ase_hansen_ase,SAO JOSE DO RIO CLARO,1,2,0,0.0,0.0,0.0,0.0,0.0
hansen_ase_hansen_ase,SAO JOSE DO XINGU,1,1,0,0.0,0.0,0.0,0.0,0.10040118595157664
hansen_ase_hansen_ase,SAO JOSE DOS QUATRO MARCOS,2,2,0,0.0,0.0,0.0,0.0,0.0
hansen_ase_hansen_ase,SAO LUIS DE MONTES BELOS,1,1,0,0.0,0.0,0.0,,0.0
hansen_ase_hansen_ase,SAO PAULO,2,2,0,0.0,0.0,0.0,,0.0
hansen_ase_hansen_ase,SAO PEDRO DA CIPA,1,1,0,0.0,0.0,0.0,0.0,0.02677016821509017
hansen_ase_hansen_ase,SAO VICENTE,1,1,0,0.0,0.0,0.0,,0.0
hansen_ase_hansen_ase,SAPEZAL,2,2,0,0.0,0.0,0.0,0.0,0.0
hansen_ase_hansen_ase,SENADOR CANEDO,1,1,0,0.0,0.0,0.0,,0.0
hansen_ase_hansen_ase,SERRA NOVA DOURADA,1,1,0,0.0,0.0,0.0,0.0,0.08282183980855864
hansen_ase_hansen_ase,SINOP,1,1,0,0.0,0.0,0.0,,0.0
hansen_ase_hansen_ase,SOROCABA,1,1,0,0.0,0.0,0.0,,0.0
hansen_ase_hansen_ase,SORRISO,1,1,0,0.0,0.0,0.0,,0.0
hansen_ase_hansen_ase,TANGARA DA SERRA,7,7,0,0.0,0.0,0.0,0.0,0.0
hansen_ase_hansen_ase,TAPURAH,1,1,0,0.0,0.0,0.0,0.0,0.0
hansen_ase_hansen_ase,UBERLANDIA,1,1,0,0.0,0.0,0.0,,0.0
hansen_ase_hansen_ase,VARZEA GRANDE,41,54,0,0.0,0.0,0.0,0.0,0.7507098913089469
hansen_ase_hansen_ase,VILA BELA DA SANTISSIMA TRINDADE,2,2,0,0.0,0.0,0.0,0.0,0.11178052505630645
hansen_ase_hansen_ase,VILA RICA,2,2,0,0.0,0.0,0.0,0.0,0.04660449394707213
hansen_ase_hansen_ase,VILHENA,3,3,0,0.0,0.0,0.0,,0.0
hansen_ase_hansen_ase_biologia_molecular,ACORIZAL,2,2,0,0.0,0.0,0.0,,0.03850080940315332
hansen_ase_hansen_ase_biologia_molecular,ARAPUTANGA,2,2,0,0.0,0.0,0.0,0.0,0.0
hansen_ase_hansen_ase_biologia_molecular,BARRA DO GARCAS,1,1,0,0.0,0.0,0.0,,0.0
hansen_ase_hansen_ase_biologia_molecular,BARRA DO PIRAI,1,1,0,0.0,0.0,0.0,,0.0
hansen_ase_hansen_ase_biologia_molecular,BRASNORTE,1,1,0,0.0,0.0,0.0,0.0,0.0
hansen_ase_hansen_ase_biologia_molecular,CAMPINAPOLIS,1,1,0,0.0,0.0,0.0,,0.27897658009572107
hansen_ase_hansen_ase_biologia_molecular,CASTANHEIRA,1,1,0,0.0,0.0,0.0,0.0,0.0
hansen_ase_hansen_ase_biologia_molecular,COLNIZA,4,4,0,0.0,0.0,0.0,0.0,0.15800048564189215
hansen_ase_hansen_ase_biologia_molecular,CONQUISTA D''OESTE,2,2,0,0.0,0.0,0.0,,0.0
hansen_ase_hansen_ase_biologia_molecular,COTRIGUACU,1,1,0,0.0,0.0,0.0,0.0,0.10213395974099129
hansen_ase_hansen_ase_biologia_molecular,CUIABA,15,23,0,0.0,0.0,0.0,0.0,0.5930802526189112
hansen_ase_hansen_ase_biologia_molecular,JUARA,2,2,0,0.0,0.0,0.0,0.0,0.0
hansen_ase_hansen_ase_biologia_molecular,JUINA,14,62,0,0.0,0.0,0.0,0.0,1.180375
hansen_ase_hansen_ase_biologia_molecular,JURUENA,1,1,0,0.0,0.0,0.0,0.0,0.0634907305743244
hansen_ase_hansen_ase_biologia_molecular,MIRASSOL D''OESTE,5,6,0,0.0,0.0,0.0,,0.5
hansen_ase_hansen_ase_biologia_molecular,NOVA ALVORADA DO SUL,1,1,0,0.0,0.0,0.0,,0.0
hansen_ase_hansen_ase_biologia_molecular,NOVA MARINGA,1,1,0,0.0,0.0,0.0,,0.025659294059684753
hansen_ase_hansen_ase_biologia_molecular,PEIXOTO DE AZEVEDO,2,2,0,0.0,0.0,0.0,0.0,0.02064137105855867
hansen_ase_hansen_ase_biologia_molecular,PONTES E LACERDA,8,9,0,0.0,0.0,0.0,0.0,0.6614378277661476
hansen_ase_hansen_ase_biologia_molecular,PRIMAVERA DO LESTE,1,1,0,0.0,0.0,0.0,,0.0
hansen_ase_hansen_ase_biologia_molecular,ROSARIO OESTE,1,1,0,0.0,0.0,0.0,,0.06282135768581094
hansen_ase_hansen_ase_biologia_molecular,SANTO ANTONIO DO LEVERGER,2,2,0,0.0,0.0,0.0,0.0,0.07961264780405415
hansen_ase_hansen_ase_biologia_molecular,SINOP,17,49,0,0.0,0.0,0.0,0.0,0.505875
hansen_ase_hansen_ase_biologia_molecular,VALE DE SAO DOMINGOS,2,2,0,0.0,0.0,0.0,,0.04944814189189199
hansen_ase_hansen_ase_biologia_molecular,VARZEA GRANDE,5,7,0,0.0,0.0,0.0,0.0,0.49999999999999994
hansen_ase_hansen_ase_biologia_molecular,VERA,1,1,0,0.0,0.0,0.0,,0.0
hansen_ase_hansen_ase_biologia_molecular,VILA VELHA,1,1,0,0.0,0.0,0.0,,0.0
hansen_ase_hansen_ase_teste_de_sensibilidade_genot_pico,ABADIA DE GOIAS,1,1,0,0.0,0.0,0.0,,0.0
hansen_ase_hansen_ase_teste_de_sensibilidade_genot_pico,ACORIZAL,1,1,0,0.0,0.0,0.0,0.0,0.03850080940315332
hansen_ase_hansen_ase_teste_de_sensibilidade_genot_pico,AGUA BOA,4,6,0,0.0,0.0,0.0,0.0,0.168625
hansen_ase_hansen_ase_teste_de_sensibilidade_genot_pico,ALTO PARAGUAI,1,1,0,0.0,0.0,0.0,0.0,0.0542049619932434
hansen_ase_hansen_ase_teste_de_sensibilidade_genot_pico,ALTO TAQUARI,1,1,0,0.0,0.0,0.0,,0.0
hansen_ase_hansen_ase_teste_de_sensibilidade_genot_pico,APARECIDA DE GOIANIA,1,1,0,0.0,0.0,0.0,,0.0
hansen_ase_hansen_ase_teste_de_sensibilidade_genot_pico,ARAPUTANGA,1,1,0,0.0,0.0,0.0,0.0,0.0
hansen_ase_hansen_ase_teste_de_sensibilidade_genot_pico,ARIPUANA,8,12,0,0.0,0.0,0.0,0.0,0.6788299232826577
hansen_ase_hansen_ase_teste_de_sensibilidade_genot_pico,BARAO DE MELGACO,3,3,0,0.0,0.0,0.0,0.0,0.5
hansen_ase_hansen_ase_teste_de_sensibilidade_genot_pico,BARRA DO BUGRES,3,3,0,0.0,0.0,0.0,0.0,0.0017327737894144602
hansen_ase_hansen_ase_teste_de_sensibilidade_genot_pico,BARRA DO GARCAS,2,2,0,0.0,0.0,0.0,0.0,0.0
hansen_ase_hansen_ase_teste_de_sensibilidade_genot_pico,BELEM DO BREJO DO CRUZ,1,1,0,0.0,0.0,0.0,,0.0
hansen_ase_hansen_ase_teste_de_sensibilidade_genot_pico,BOCA DO ACRE,1,1,0,0.0,0.0,0.0,,0.0
hansen_ase_hansen_ase_teste_de_sensibilidade_genot_pico,BRASILIA,1,1,0,0.0,0.0,0.0,,0.0
hansen_ase_hansen_ase_teste_de_sensibilidade_genot_pico,BRASNORTE,1,1,0,0.0,0.0,0.0,0.0,0.0
hansen_ase_hansen_ase_teste_de_sensibilidade_genot_pico,CACERES,6,6,0,0.0,0.0,0.0,0.0,0.01077642877252243
hansen_ase_hansen_ase_teste_de_sensibilidade_genot_pico,CAMPO NOVO DO PARECIS,1,1,0,0.0,0.0,0.0,,0.0
hansen_ase_hansen_ase_teste_de_sensibilidade_genot_pico,CAMPO VERDE,3,3,0,0.0,0.0,0.0,0.0,0.0
hansen_ase_hansen_ase_teste_de_sensibilidade_genot_pico,CASTANHEIRA,2,2,0,0.0,0.0,0.0,0.0,0.0
hansen_ase_hansen_ase_teste_de_sensibilidade_genot_pico,CHAPADA DOS GUIMARAES,3,3,0,0.0,0.0,0.0,0.0,0.03629330306869366
hansen_ase_hansen_ase_teste_de_sensibilidade_genot_pico,CLAUDIA,1,1,0,0.0,0.0,0.0,0.0,0.0
hansen_ase_hansen_ase_teste_de_sensibilidade_genot_pico,COCALINHO,3,3,0,0.0,0.0,0.0,0.0,0.15397950098536037
hansen_ase_hansen_ase_teste_de_sensibilidade_genot_pico,COLIDER,3,3,0,0.0,0.0,0.0,0.0,0.0
hansen_ase_hansen_ase_teste_de_sensibilidade_genot_pico,COLNIZA,14,17,0,0.0,0.0,0.0,0.0,0.6367140395200613
hansen_ase_hansen_ase_teste_de_sensibilidade_genot_pico,COMODORO,2,2,0,0.0,0.0,0.0,0.0,0.0
hansen_ase_hansen_ase_teste_de_sensibilidade_genot_pico,CONFRESA,11,14,0,0.0,0.0,0.0,0.0,0.7480599125127884
hansen_ase_hansen_ase_teste_de_sensibilidade_genot_pico,CONQUISTA D''OESTE,1,1,0,0.0,0.0,0.0,,0.0
hansen_ase_hansen_ase_teste_de_sensibilidade_genot_pico,COTRIGUACU,6,6,0,0.0,0.0,0.0,0.0,0.10213395974099129
hansen_ase_hansen_ase_teste_de_sensibilidade_genot_pico,CUIABA,52,111,0,0.0,0.0,0.0,0.0,1.25
hansen_ase_hansen_ase_teste_de_sensibilidade_genot_pico,DIAMANTINO,1,1,0,0.0,0.0,0.0,0.0,0.0
hansen_ase_hansen_ase_teste_de_sensibilidade_genot_pico,FLORIANOPOLIS,1,1,0,0.0,0.0,0.0,,0.0
hansen_ase_hansen_ase_teste_de_sensibilidade_genot_pico,GAUCHA DO NORTE,1,1,0,0.0,0.0,0.0,0.0,0.07570559895833356
hansen_ase_hansen_ase_teste_de_sensibilidade_genot_pico,GUARANTA DO NORTE,4,5,0,0.0,0.0,0.0,0.0,0.43301270189221935
hansen_ase_hansen_ase_teste_de_sensibilidade_genot_pico,INDIAVAI,1,1,0,0.0,0.0,0.0,0.0,0.02767690737612621
hansen_ase_hansen_ase_teste_de_sensibilidade_genot_pico,ITANHANGA,1,1,0,0.0,0.0,0.0,0.0,0.0
hansen_ase_hansen_ase_teste_de_sensibilidade_genot_pico,ITAUBA,2,2,0,0.0,0.0,0.0,0.0,0.0
hansen_ase_hansen_ase_teste_de_sensibilidade_genot_pico,JACIARA,1,1,0,0.0,0.0,0.0,0.0,0.0
hansen_ase_hansen_ase_teste_de_sensibilidade_genot_pico,JUARA,6,9,0,0.0,0.0,0.0,0.0,0.168625
hansen_ase_hansen_ase_teste_de_sensibilidade_genot_pico,JUINA,37,118,0,0.0,0.0,0.0,0.0,1.0527443630447277
hansen_ase_hansen_ase_teste_de_sensibilidade_genot_pico,JURUENA,2,2,0,0.0,0.0,0.0,0.0,0.0634907305743244
hansen_ase_hansen_ase_teste_de_sensibilidade_genot_pico,LAGOA GRANDE DO MARANHAO,1,2,0,0.0,0.0,0.0,,0.0
hansen_ase_hansen_ase_teste_de_sensibilidade_genot_pico,LUCAS DO RIO VERDE,24,83,0,0.0,0.0,0.0,0.0,1.01175
hansen_ase_hansen_ase_teste_de_sensibilidade_genot_pico,MARCELANDIA,1,1,0,0.0,0.0,0.0,0.0,0.006850390625000021
hansen_ase_hansen_ase_teste_de_sensibilidade_genot_pico,MATUPA,1,1,0,0.0,0.0,0.0,0.0,0.0
hansen_ase_hansen_ase_teste_de_sensibilidade_genot_pico,MIRASSOL D''OESTE,14,15,0,0.0,0.0,0.0,,0.9013878188659974
hansen_ase_hansen_ase_teste_de_sensibilidade_genot_pico,NOBRES,2,2,0,0.0,0.0,0.0,0.0,0.021030651745495524
hansen_ase_hansen_ase_teste_de_sensibilidade_genot_pico,NORTELANDIA,1,1,0,0.0,0.0,0.0,0.0,0.0
hansen_ase_hansen_ase_teste_de_sensibilidade_genot_pico,NOSSA SENHORA DO LIVRAMENTO,1,1,0,0.0,0.0,0.0,0.0,0.10755540540540556
hansen_ase_hansen_ase_teste_de_sensibilidade_genot_pico,NOVA BANDEIRANTES,1,1,0,0.0,0.0,0.0,,0.027430046452702812
hansen_ase_hansen_ase_teste_de_sensibilidade_genot_pico,NOVA BRASILANDIA,1,1,0,0.0,0.0,0.0,0.0,0.04917279701576588
hansen_ase_hansen_ase_teste_de_sensibilidade_genot_pico,NOVA GUARITA,2,2,0,0.0,0.0,0.0,0.0,0.0
hansen_ase_hansen_ase_teste_de_sensibilidade_genot_pico,NOVA MARINGA,1,1,0,0.0,0.0,0.0,0.0,0.025659294059684753
hansen_ase_hansen_ase_teste_de_sensibilidade_genot_pico,NOVA MUTUM,3,3,0,0.0,0.0,0.0,0.0,0.0
hansen_ase_hansen_ase_teste_de_sensibilidade_genot_pico,NOVA SANTA HELENA,1,1,0,0.0,0.0,0.0,0.0,0.0
hansen_ase_hansen_ase_teste_de_sensibilidade_genot_pico,NOVA XAVANTINA,3,3,0,0.0,0.0,0.0,0.0,0.0
hansen_ase_hansen_ase_teste_de_sensibilidade_genot_pico,NOVO HORIZONTE DO NORTE,1,2,0,0.0,0.0,0.0,,0.0024828512105856504
hansen_ase_hansen_ase_teste_de_sensibilidade_genot_pico,NOVO SAO JOAQUIM,1,1,0,0.0,0.0,0.0,,0.04090770340653165
hansen_ase_hansen_ase_teste_de_sensibilidade_genot_pico,PAULO RAMOS,1,1,0,0.0,0.0,0.0,,0.0
hansen_ase_hansen_ase_teste_de_sensibilidade_genot_pico,PEIXOTO DE AZEVEDO,6,7,0,0.0,0.0,0.0,0.0,0.5796583654335061
hansen_ase_hansen_ase_teste_de_sensibilidade_genot_pico,PENTECOSTE,1,1,0,0.0,0.0,0.0,,0.0
hansen_ase_hansen_ase_teste_de_sensibilidade_genot_pico,PITANGUI,1,1,0,0.0,0.0,0.0,,0.0
hansen_ase_hansen_ase_teste_de_sensibilidade_genot_pico,POCONE,1,2,0,0.0,0.0,0.0,0.0,0.06830926590653164
hansen_ase_hansen_ase_teste_de_sensibilidade_genot_pico,PONTES E LACERDA,22,31,0,0.0,0.0,0.0,0.0,0.8324938889177049
hansen_ase_hansen_ase_teste_de_sensibilidade_genot_pico,PORTO ALEGRE DO NORTE,2,3,0,0.0,0.0,0.0,0.0,0.25640304757882887
hansen_ase_hansen_ase_teste_de_sensibilidade_genot_pico,PORTO DOS GAUCHOS,2,2,0,0.0,0.0,0.0,0.0,0.00188468820382883
hansen_ase_hansen_ase_teste_de_sensibilidade_genot_pico,PRIMAVERA DO LESTE,1,1,0,0.0,0.0,0.0,,0.0
hansen_ase_hansen_ase_teste_de_sensibilidade_genot_pico,QUERENCIA,2,2,0,0.0,0.0,0.0,0.0,0.0
hansen_ase_hansen_ase_teste_de_sensibilidade_genot_pico,RESERVA DO CABACAL,1,1,0,0.0,0.0,0.0,0.0,0.004149162443693711
hansen_ase_hansen_ase_teste_de_sensibilidade_genot_pico,RIO BRANCO,1,1,0,0.0,0.0,0.0,0.0,0.014241976351351361
hansen_ase_hansen_ase_teste_de_sensibilidade_genot_pico,RIO VERDE,1,1,0,0.0,0.0,0.0,,0.0
hansen_ase_hansen_ase_teste_de_sensibilidade_genot_pico,RONDONOPOLIS,2,3,0,0.0,0.0,0.0,0.0,0.168625
hansen_ase_hansen_ase_teste_de_sensibilidade_genot_pico,ROSARIO OESTE,4,4,0,0.0,0.0,0.0,0.0,0.06282135768581094
hansen_ase_hansen_ase_teste_de_sensibilidade_genot_pico,SANTA TEREZINHA,1,1,0,0.0,0.0,0.0,0.0,0.17831903856982004
hansen_ase_hansen_ase_teste_de_sensibilidade_genot_pico,SANTO ANTONIO DO LEVERGER,10,20,0,0.0,0.0,0.0,0.0,0.24823764780405416
hansen_ase_hansen_ase_teste_de_sensibilidade_genot_pico,SAO JOSE DO RIO CLARO,3,3,0,0.0,0.0,0.0,0.0,0.0
hansen_ase_hansen_ase_teste_de_sensibilidade_genot_pico,SAO JOSE DO XINGU,5,6,0,0.0,0.0,0.0,0.0,0.6004011859515767
hansen_ase_hansen_ase_teste_de_sensibilidade_genot_pico,SAO JOSE DOS QUATRO MARCOS,2,2,0,0.0,0.0,0.0,0.0,0.0
hansen_ase_hansen_ase_teste_de_sensibilidade_genot_pico,SAPEZAL,4,4,0,0.0,0.0,0.0,0.0,0.0
hansen_ase_hansen_ase_teste_de_sensibilidade_genot_pico,SENADOR CANEDO,2,2,0,0.0,0.0,0.0,,0.0
hansen_ase_hansen_ase_teste_de_sensibilidade_genot_pico,SINOP,22,105,0,0.0,0.0,0.0,0.0,1.1241666666666668
hansen_ase_hansen_ase_teste_de_sensibilidade_genot_pico,TABAPORA,2,2,0,0.0,0.0,0.0,0.0,0.0
hansen_ase_hansen_ase_teste_de_sensibilidade_genot_pico,TANGARA DA SERRA,1,1,0,0.0,0.0,0.0,0.0,0.0
hansen_ase_hansen_ase_teste_de_sensibilidade_genot_pico,TAPURAH,3,3,0,0.0,0.0,0.0,0.0,0.0
hansen_ase_hansen_ase_teste_de_sensibilidade_genot_pico,VARZEA GRANDE,22,66,0,0.0,0.0,0.0,0.0,0.7307083333333333
hansen_ase_hansen_ase_teste_de_sensibilidade_genot_pico,VERA,2,2,0,0.0,0.0,0.0,0.0,0.0
hansen_ase_hansen_ase_teste_de_sensibilidade_genot_pico,VILA RICA,3,3,0,0.0,0.0,0.0,0.0,0.04660449394707213
hansen_ase_pesquisa_de_genes_de_resist_ncia,AGUA BOA,1,1,0,0.0,0.0,0.0,0.0,0.0
hansen_ase_pesquisa_de_genes_de_resist_ncia,BARAO DE MELGACO,1,1,0,0.0,0.0,0.0,0.0,0.5
hansen_ase_pesquisa_de_genes_de_resist_ncia,CUIABA,1,1,0,0.0,0.0,0.0,0.0,0.0
hansen_ase_pesquisa_de_genes_de_resist_ncia,GRAJAU,1,1,0,0.0,0.0,0.0,,0.0
hansen_ase_pesquisa_de_genes_de_resist_ncia,JUARA,1,2,0,0.0,0.0,0.0,,0.0
hansen_ase_pesquisa_de_genes_de_resist_ncia,VILA RICA,1,2,0,0.0,0.0,0.0,,0.04660449394707213
hantavirus,ACORIZAL,1,2,0,0.0,0.0,0.0,0.0,0.03850080940315332
hantavirus,AGUA BRANCA,1,2,0,0.0,0.0,0.0,,0.0
hantavirus,ALENQUER,1,2,2,0.0,0.0,1.0,,0.0
hantavirus,ALTA FLORESTA,2,4,0,1.0,0.0,0.0,0.0,0.101175
hantavirus,ALTAMIRA,1,2,2,0.0,0.0,1.0,,0.0
hantavirus,ALTO PARAGUAI,1,2,0,0.0,0.0,0.0,0.0,0.0542049619932434
hantavirus,APIACAS,1,2,0,1.0,0.0,0.0,,0.00506539625563067
hantavirus,ARAPUTANGA,1,2,0,0.0,0.0,0.0,0.0,0.0
hantavirus,ARARI,1,6,4,1.0,0.0,0.6666666666666666,,0.0
hantavirus,ARENAPOLIS,4,8,0,1.0,0.0,0.0,0.0,0.33725
hantavirus,ARIPUANA,2,4,0,0.0,0.0,0.0,0.0,0.05382992328265769
hantavirus,ASSIS CHATEAUBRIAND,1,2,2,0.0,0.0,1.0,,0.0
hantavirus,BARRA DO BUGRES,5,8,1,3.0,0.0,0.2,0.6719301192675962,0.8017327737894145
hantavirus,BOM LUGAR,1,2,0,0.0,0.0,0.0,,0.0
hantavirus,BRASNORTE,2,4,0,0.0,0.0,0.0,0.0,0.0
hantavirus,BREJO,1,2,0,0.0,0.0,0.0,,0.0
hantavirus,BREU BRANCO,1,4,0,0.0,0.0,0.0,,0.0
hantavirus,CACERES,1,3,0,0.0,0.0,0.0,,0.01077642877252243
hantavirus,CAMPO NOVO DO PARECIS,45,115,5,37.0,0.0,0.03333333333333333,0.3026468213156845,2.364346517635902
hantavirus,CAMPO VERDE,1,1,0,0.0,0.0,0.0,,0.0
hantavirus,CAMPOS DE JULIO,2,3,0,1.0,0.0,0.0,0.0,0.168625
hantavirus,CANARANA,1,3,0,0.0,0.0,0.0,0.0,0.0
hantavirus,CAXIAS,1,2,0,0.0,0.0,0.0,,0.0
hantavirus,CHAPADA DOS GUIMARAES,1,2,0,0.0,0.0,0.0,0.0,0.03629330306869366
hantavirus,COLIDER,3,5,0,1.0,0.0,0.0,0.0,0.2779516952966368
hantavirus,CONFRESA,2,11,0,0.0,0.0,0.0,0.0,0.2163356207770271
hantavirus,COTRIGUACU,1,2,0,1.0,0.0,0.0,0.0,0.10213395974099129
hantavirus,CUIABA,14,43,0,1.0,0.0,0.0,0.0,1.25
hantavirus,DENISE,3,6,0,0.0,0.0,0.0,0.0,0.0
hantavirus,DIAMANTINO,8,39,0,3.0,0.0,0.0,0.0,1.351175
hantavirus,ITAIPAVA DO GRAJAU,1,2,0,0.0,0.0,0.0,,0.0
hantavirus,ITANHANGA,2,7,0,0.0,0.0,0.0,0.0,0.168625
hantavirus,ITAUBA,2,4,0,1.0,0.0,0.0,0.0,0.101175
hantavirus,JACIARA,1,2,0,1.0,0.0,0.0,0.0,0.0
hantavirus,JUARA,2,4,0,1.0,0.0,0.0,0.0,0.101175
hantavirus,JUINA,2,4,0,0.0,0.0,0.0,0.0,0.0
hantavirus,JURUENA,1,2,0,0.0,0.0,0.0,0.0,0.0634907305743244
hantavirus,LUCAS DO RIO VERDE,4,8,1,1.0,0.0,0.25,0.28368472414497425,0.9526279441628827
hantavirus,LUIS ANTONIO,1,3,1,0.0,0.0,0.3333333333333333,,0.0
hantavirus,MARCELANDIA,5,23,4,9.0,0.0,0.2,13.192177039015865,1.0186003906249999
hantavirus,MATUPA,3,10,0,0.0,0.0,0.0,0.0,0.33725
hantavirus,MEDICILANDIA,1,2,0,0.0,0.0,0.0,,0.0
hantavirus,NOBRES,1,5,0,0.0,0.0,0.0,,0.021030651745495524
hantavirus,NORTELANDIA,2,4,0,1.0,0.0,0.0,0.0,0.101175
hantavirus,NOSSA SENHORA DO LIVRAMENTO,2,6,0,0.0,0.0,0.0,0.0,0.27618040540540556
hantavirus,NOVA CANAA DO NORTE,3,8,0,0.0,0.0,0.0,0.0,0.17677669529663695
hantavirus,NOVA MARILANDIA,3,10,0,2.0,0.0,0.0,0.0,0.2779516952966368
hantavirus,NOVA MUTUM,7,13,0,4.0,0.0,0.0,0.0,0.447213595499958
hantavirus,NOVA OLIMPIA,5,9,0,0.0,0.0,0.0,0.0,0.12499999999999997
hantavirus,NOVA UBIRATA,4,10,0,3.0,0.0,0.0,0.0,0.2870992539414415
hantavirus,NOVO MUNDO,1,6,0,0.0,0.0,0.0,0.0,0.0122480996621622
hantavirus,NOVO PROGRESSO,4,10,2,1.0,0.0,0.25,,0.3464101615137755
hantavirus,PEIXOTO DE AZEVEDO,3,10,3,2.0,0.0,0.16666666666666666,2.9798265740933876,0.9398801866010706
hantavirus,PONTES E LACERDA,6,14,0,0.0,0.0,0.0,0.0,0.33725
hantavirus,PORTO ESPERIDIAO,1,2,0,0.0,0.0,0.0,0.0,0.05470817849099111
hantavirus,PORTO ESTRELA,2,16,2,6.0,0.0,0.07142857142857142,31.017369727047146,0.6404047086148651
hantavirus,POXOREO,2,3,0,0.0,0.0,0.0,,0.168625
hantavirus,PRIMAVERA DO LESTE,5,16,0,0.0,0.0,0.0,0.0,0.843125
hantavirus,REGENTE FEIJO,1,2,0,0.0,0.0,0.0,,0.0
hantavirus,RONDONOPOLIS,1,1,0,0.0,0.0,0.0,0.0,0.0
hantavirus,SANTA LUZIA DO PARUA,1,2,0,0.0,0.0,0.0,,0.0
hantavirus,SANTO AFONSO,1,2,0,1.0,0.0,0.0,0.0,0.0
hantavirus,SANTO ANTONIO DO LEVERGER,1,4,0,0.0,0.0,0.0,0.0,0.07961264780405415
hantavirus,SAO JOSE DO RIO CLARO,7,20,0,2.0,0.0,0.0,0.0,0.5934424260562082
hantavirus,SAO JOSE DO XINGU,1,2,0,0.0,0.0,0.0,0.0,0.10040118595157664
hantavirus,SAO JOSE DOS QUATRO MARCOS,2,4,0,0.0,0.0,0.0,0.0,0.168625
hantavirus,SAPEZAL,5,8,2,1.0,0.0,0.2,1.3200013200013199,1.0041241452319314
hantavirus,SINOP,5,21,0,2.0,0.0,0.0,0.0,0.7239413108920795
hantavirus,SORRISO,10,28,5,2.0,0.0,0.18333333333333332,0.45836106175675245,1.5725555243718048
hantavirus,TANGARA DA SERRA,76,415,18,164.0,0.0,0.02210429920956237,0.23952441316792608,2.762724174136084
hantavirus,TAPURAH,1,2,0,0.0,0.0,0.0,0.0,0.0
hantavirus,VARZEA GRANDE,11,20,0,0.0,0.0,0.0,0.0,0.11785113019775795
hantavirus,VICOSA,1,4,0,0.0,0.0,0.0,,0.0
hantavirus,VILA RICA,1,3,0,1.0,0.0,0.0,0.0,0.04660449394707213
hantavirus,VILHENA,1,2,0,0.0,0.0,0.0,,0.0
hepatite,AGUA BOA,4,10,0,0.0,0.0,0.0,0.0,0.168625
hepatite,ALTA FLORESTA,3,3,0,0.0,1.0,0.0,0.0,0.06745
hepatite,ALTO GARCAS,1,1,0,0.0,0.0,0.0,,0.0
hepatite,APIACAS,1,3,1,0.0,0.0,0.3333333333333333,,0.00506539625563067
hepatite,BOA VISTA,1,1,0,0.0,0.0,0.0,,0.0
hepatite,BRASILIA,1,3,1,0.0,0.0,0.3333333333333333,,0.0
hepatite,CAMPO NOVO DO PARECIS,1,1,0,0.0,0.0,0.0,0.0,0.0
hepatite,COLIDER,1,1,0,0.0,0.0,0.0,0.0,0.0
hepatite,CONFRESA,1,1,0,0.0,0.0,0.0,,0.047710620777027084
hepatite,CUIABA,22,49,1,0.0,5.0,0.01515151515151515,0.0,1.4223901389911682
hepatite,CURVELANDIA,1,1,0,0.0,0.0,0.0,0.0,0.0
hepatite,DIAMANTINO,1,1,0,0.0,0.0,0.0,0.0,0.0
hepatite,GUARANTA DO NORTE,30,125,1,0.0,0.0,0.008333333333333333,0.12323861213604556,2.33725
hepatite,IPIRANGA DO NORTE,1,1,0,0.0,0.0,0.0,0.0,0.0
hepatite,JATAI,1,1,0,0.0,0.0,0.0,,0.0
hepatite,JUINA,1,3,0,0.0,0.0,0.0,0.0,0.0
hepatite,NOVA GUARITA,3,3,0,0.0,0.0,0.0,0.0,0.0
hepatite,NOVA MUTUM,14,34,0,0.0,0.0,0.0,0.0,0.33725
hepatite,NOVA OLIMPIA,1,1,0,0.0,0.0,0.0,0.0,0.0
hepatite,NOVA UBIRATA,1,2,0,0.0,0.0,0.0,0.0,0.0172992539414415
hepatite,PARANATINGA,1,1,0,0.0,0.0,0.0,0.0,0.02608180602477483
hepatite,PEIXOTO DE AZEVEDO,3,15,0,0.0,0.0,0.0,0.0,1.2706413710585587
hepatite,POCONE,1,1,1,0.0,0.0,1.0,,0.06830926590653164
hepatite,PONTES E LACERDA,5,10,0,0.0,1.0,0.0,0.0,0.368625
hepatite,RIBEIRAO CASCALHEIRA,1,2,0,0.0,0.0,0.0,,0.10804437992680185
hepatite,SORRISO,4,6,1,0.0,0.0,0.08333333333333333,0.0,0.7794228634059949
hepatite,TANGARA DA SERRA,2,2,0,0.0,0.0,0.0,0.0,0.0
hepatite,TERRA NOVA DO NORTE,5,8,0,0.0,0.0,0.0,0.0,0.20412414523193148
hepatite,TOLEDO,1,3,1,0.0,0.0,0.3333333333333333,,0.0
hepatite,VARZEA GRANDE,12,23,0,0.0,2.0,0.0,0.0,1.125967712474619
hepatite,VILA RICA,1,2,0,0.0,0.0,0.0,0.0,0.04660449394707213
hepatite_a,AGUA BOA,13,70,2,0.0,0.0,0.038461538461538464,0.5471477189411597,1.356145281098631
hepatite_a,ALTA FLORESTA,3,5,1,0.0,0.0,0.16666666666666666,0.5501003933217812,0.7424621202458749
hepatite_a,APIACAS,1,2,0,0.0,0.0,0.0,,0.00506539625563067
hepatite_a,ARIPUANA,3,4,0,0.0,0.0,0.0,0.0,0.40738331387593146
hepatite_a,BARRA DO BUGRES,4,8,2,0.0,0.0,0.25,2.2397670642253207,0.27805413002672397
hepatite_a,BARRA DO GARCAS,1,2,0,0.0,0.0,0.0,0.0,0.0
hepatite_a,BARRETOS,1,2,1,0.0,0.0,0.5,,0.0
hepatite_a,BOM JESUS DO ARAGUAIA,6,16,1,0.0,0.0,0.08333333333333333,2.651464934376243,0.9692578381801382
hepatite_a,BRASILIA,1,2,0,0.0,0.0,0.0,,0.0
hepatite_a,BRASNORTE,1,2,0,0.0,0.0,0.0,0.0,0.0
hepatite_a,CAMPO NOVO DO PARECIS,12,24,4,0.0,0.0,0.16666666666666666,0.7870697968975658,0.9934984566127232
hepatite_a,CAMPO VERDE,2,4,0,0.0,0.0,0.0,0.0,0.0
hepatite_a,CANARANA,14,35,2,0.0,0.0,0.07142857142857142,0.5949654027618293,0.9589395245389785
hepatite_a,CLAUDIA,1,2,0,0.0,0.0,0.0,,0.0
hepatite_a,COLIDER,2,4,0,0.0,0.0,0.0,0.0,0.0
hepatite_a,COLNIZA,2,4,0,0.0,0.0,0.0,0.0,0.15800048564189215
hepatite_a,CONFRESA,1,2,1,0.0,0.0,0.5,2.851033499643621,0.047710620777027084
hepatite_a,CUIABA,36,93,5,0.0,6.0,0.0625,0.02844266618367227,1.1422598207278791
hepatite_a,DIAMANTINO,4,8,0,0.0,0.0,0.0,0.0,0.0
hepatite_a,FIGUEIROPOLIS D''OESTE,1,2,0,0.0,0.0,0.0,,0.0
hepatite_a,GOVERNADOR LUIZ ROCHA,1,2,1,0.0,0.0,0.5,,0.0
hepatite_a,GUARANTA DO NORTE,33,81,10,0.0,0.0,0.14393939393939395,1.133162310226009,0.8414758291222503
hepatite_a,JACIARA,1,2,1,0.0,1.0,0.5,3.404950798460962,0.0
hepatite_a,JUARA,1,2,0,0.0,0.0,0.0,,0.0
hepatite_a,JURUENA,1,2,1,0.0,0.0,0.5,9.738994935722634,0.0634907305743244
hepatite_a,LUCAS DO RIO VERDE,1,1,1,0.0,0.0,1.0,1.134738896579897,0.0
hepatite_a,LUCIARA,1,2,0,0.0,0.0,0.0,0.0,0.1231266328828829
hepatite_a,MATUPA,8,20,1,0.0,0.0,0.0625,0.5692426795391411,1.058300524425836
hepatite_a,MIRASSOL D''OESTE,1,2,1,0.0,0.0,0.5,,0.0
hepatite_a,NOVA CANAA DO NORTE,2,4,1,0.0,0.0,0.25,8.449514152936207,0.1349
hepatite_a,NOVA GUARITA,1,2,0,0.0,0.0,0.0,0.0,0.0
hepatite_a,NOVA MUTUM,20,52,4,0.0,0.0,0.1,0.4234326937670875,0.9494253265550825
hepatite_a,NOVA XAVANTINA,3,12,0,0.0,0.0,0.0,0.0,0.35355339059327373
hepatite_a,NOVO SANTO ANTONIO,2,4,0,0.0,0.0,0.0,0.0,0.20666531883445952
hepatite_a,PARANATINGA,2,4,0,0.0,0.0,0.0,0.0,0.02608180602477483
hepatite_a,POCONE,4,8,2,0.0,0.0,0.25,3.1853220360578454,0.20320926590653163
hepatite_a,PONTES E LACERDA,5,10,0,0.0,0.0,0.0,0.0,0.0
hepatite_a,PRESIDENTE PRUDENTE,1,2,1,0.0,0.0,0.5,,0.0
hepatite_a,PRIMAVERA DO LESTE,1,5,0,0.0,0.0,0.0,0.0,0.0
hepatite_a,RIBEIRAO CASCALHEIRA,1,2,0,0.0,0.0,0.0,,0.10804437992680185
hepatite_a,RONDONOPOLIS,1,2,0,0.0,0.0,0.0,0.0,0.0
hepatite_a,SANTA TEREZINHA,2,4,0,0.0,0.0,0.0,0.0,0.17831903856982004
hepatite_a,SANTO AFONSO,1,2,0,0.0,0.0,0.0,,0.0
hepatite_a,SANTO ANDRE,1,2,1,0.0,0.0,0.5,,0.0
hepatite_a,SANTO ANTONIO DO LESTE,1,4,0,0.0,0.0,0.0,0.0,0.00947566159909919
hepatite_a,SANTO ANTONIO DO LEVERGER,2,4,0,0.0,0.0,0.0,,0.07961264780405415
hepatite_a,SERRA NOVA DOURADA,2,4,0,0.0,0.0,0.0,0.0,0.08282183980855864
hepatite_a,SINOP,2,4,0,0.0,0.0,0.0,0.0,0.0
hepatite_a,SORRISO,4,8,2,0.0,1.0,0.25,0.5686742858592457,0.26980000000000004
hepatite_a,TANGARA DA SERRA,1,2,0,0.0,0.0,0.0,,0.0
hepatite_a,TAPURAH,2,3,0,0.0,0.0,0.0,0.0,0.168625
hepatite_a,TERRA NOVA DO NORTE,19,62,3,0.0,0.0,0.07894736842105263,2.161170413485455,0.9261178235557125
hepatite_a,TOLEDO,1,2,0,0.0,0.0,0.0,,0.0
hepatite_a,VARZEA GRANDE,6,13,1,0.0,1.0,0.08333333333333333,0.053600736688525046,0.8944271909999159
hepatite_a,VILA RICA,1,2,0,0.0,0.0,0.0,0.0,0.04660449394707213
hepatite_b_hbv,ACORIZAL,9,11,4,0.0,0.0,0.4444444444444444,9.960164109191991,0.7456075905897008
hepatite_b_hbv,AGUA BOA,123,563,43,0.0,0.0,0.21262098335269067,1.436914359716512,2.252727292356925
hepatite_b_hbv,ALTA FLORESTA,151,300,93,0.0,0.0,0.4056291390728477,1.2676033066101497,1.25
hepatite_b_hbv,ALTAMIRA,6,22,1,0.0,0.0,0.16666666666666666,,0.44721359549995787
hepatite_b_hbv,ALTO ARAGUAIA,13,15,1,0.0,0.0,0.07692307692307693,0.5692491603574885,1.292820323027551
hepatite_b_hbv,ALTO BOA VISTA,11,12,6,0.0,0.0,0.5454545454545454,9.751939440351363,0.9885138970240771
hepatite_b_hbv,ALTO GARCAS,10,11,4,0.0,0.0,0.4,3.8596306151348068,0.75
hepatite_b_hbv,ALTO PARAGUAI,18,24,4,0.0,0.0,0.1388888888888889,3.4324089043651282,1.472061908015202
hepatite_b_hbv,ALTO TAQUARI,4,4,3,0.0,0.0,0.75,6.6121903898127155,0.3065279878680596
hepatite_b_hbv,ALVORADA,1,4,1,0.0,0.0,0.25,,0.0
hepatite_b_hbv,ANAPOLIS,9,13,4,0.0,0.0,0.4444444444444444,,0.7071067811865476
hepatite_b_hbv,ANTA GORDA,2,3,0,0.0,0.0,0.0,,0.168625
hepatite_b_hbv,APARECIDA DE GOIANIA,5,7,2,0.0,0.0,0.4,,0.30618621784789735
hepatite_b_hbv,APIACAS,41,50,19,0.0,0.0,0.4146341463414634,5.415872024441927,1.4732388694577225
hepatite_b_hbv,APUI,1,1,0,0.0,0.0,0.0,,0.0
hepatite_b_hbv,ARAGUAIANA,4,4,1,0.0,0.0,0.25,8.322929671244278,0.6292528739883945
hepatite_b_hbv,ARAGUAINHA,1,1,1,0.0,0.0,1.0,101.21457489878543,0.01041088471283786
hepatite_b_hbv,ARAPUTANGA,53,70,18,0.0,0.0,0.2688679245283019,2.5529597698069573,1.4057732792928317
hepatite_b_hbv,ARENAPOLIS,7,7,1,0.0,0.0,0.14285714285714285,1.5758951084215835,0.9371115440565936
hepatite_b_hbv,ARIPUANA,84,565,68,0.0,2.0,0.1728697889412175,3.9672653220917744,1.115510024001694
hepatite_b_hbv,ASSIS CHATEAUBRIAND,1,1,0,0.0,0.0,0.0,,0.0
hepatite_b_hbv,BANNACH,1,1,0,0.0,0.0,0.0,,0.0
hepatite_b_hbv,BARAO DE MELGACO,20,24,4,0.0,0.0,0.1,2.972328858945707,2.7294759412318053
hepatite_b_hbv,BARRA DO BUGRES,41,58,17,0.0,0.0,0.38008130081300817,1.483253695479749,1.040295858657156
hepatite_b_hbv,BARRA DO GARCAS,64,112,16,0.0,0.0,0.165625,0.46811320799403416,1.740263869538613
hepatite_b_hbv,BARRA DO GUARITA,1,1,1,0.0,0.0,1.0,,0.0
hepatite_b_hbv,BARRETOS,1,3,0,0.0,0.0,0.0,,0.0
hepatite_b_hbv,BOA ESPERANCA DO NORTE,3,3,0,0.0,0.0,0.0,,0.0
hepatite_b_hbv,BOA VISTA,2,2,0,0.0,0.0,0.0,,0.0
hepatite_b_hbv,BOM JESUS DO ARAGUAIA,23,62,2,0.0,0.0,0.05797101449275362,1.2626023497029728,1.6271473481091405
hepatite_b_hbv,BOMBINHAS,1,1,0,0.0,0.0,0.0,,0.0
hepatite_b_hbv,BRASILEIA,6,6,5,0.0,0.0,0.8333333333333334,,0.08944271909999157
hepatite_b_hbv,BRASILIA,3,8,0,0.0,0.0,0.0,,0.3535533905932738
hepatite_b_hbv,BRASNORTE,48,296,56,0.0,0.0,0.23330026455026454,7.499495014160193,1.3543294172955125
hepatite_b_hbv,CABEDELO,2,2,1,0.0,0.0,0.5,,0.1349
hepatite_b_hbv,CACERES,111,204,60,0.0,2.0,0.3438438438438438,0.6922640220074744,1.5303250632802485
hepatite_b_hbv,CAJAPIO,1,1,1,0.0,0.0,1.0,,0.0
hepatite_b_hbv,CALDAS NOVAS,1,2,0,0.0,0.0,0.0,,0.0
hepatite_b_hbv,CAMPINAPOLIS,11,11,2,0.0,0.0,0.18181818181818182,1.2489998954351063,1.1096761094417587
hepatite_b_hbv,CAMPINAS,1,1,0,0.0,0.0,0.0,,0.0
hepatite_b_hbv,CAMPO GRANDE,3,3,1,0.0,0.0,0.3333333333333333,,0.28284271247461906
hepatite_b_hbv,CAMPO NOVO DO PARECIS,70,230,45,0.0,0.0,0.25608843537414966,1.9092060481546418,1.5083344519165771
hepatite_b_hbv,CAMPO VERDE,85,144,45,0.0,1.0,0.3658823529411765,1.3362839345567967,1.345555447629203
hepatite_b_hbv,CAMPOS DE JULIO,18,50,26,0.0,0.0,0.537962962962963,20.432263055380616,1.7721533057280885
hepatite_b_hbv,CANABRAVA DO NORTE,51,104,31,0.0,0.0,0.23366013071895422,14.471045157804063,1.387751558532974
hepatite_b_hbv,CANARANA,128,716,110,0.0,0.0,0.27670200892857144,3.9233965085485254,1.4440091533252033
hepatite_b_hbv,CAPANEMA,1,1,0,0.0,0.0,0.0,,0.0
hepatite_b_hbv,CARLINDA,27,32,14,0.0,0.0,0.5185185185185185,5.680193809427235,0.8491577139599292
hepatite_b_hbv,CASCAVEL,1,1,0,0.0,0.0,0.0,,0.0
hepatite_b_hbv,CASTANHEIRA,84,521,89,0.0,0.0,0.20153061224489793,16.887170630373983,1.182171580112081
hepatite_b_hbv,CATANDUVAS,1,1,0,0.0,0.0,0.0,,0.0
hepatite_b_hbv,CHAPADA DOS GUIMARAES,58,75,13,0.0,0.0,0.22413793103448276,1.2705201344609174,1.2862933030686936
hepatite_b_hbv,CHAPECO,1,1,0,0.0,0.0,0.0,,0.0
hepatite_b_hbv,CLAUDIA,25,39,12,0.0,0.0,0.4,5.794416526314713,0.8984394226804695
hepatite_b_hbv,COCALINHO,1,1,1,0.0,0.0,1.0,15.681354869060687,0.15397950098536037
hepatite_b_hbv,CODAJAS,1,1,0,0.0,0.0,0.0,,0.0
hepatite_b_hbv,COLIDER,120,409,183,0.0,1.0,0.3795302681189778,5.442060560140538,2.853232259155578
hepatite_b_hbv,COLINAS,1,1,0,0.0,0.0,0.0,,0.0
hepatite_b_hbv,COLNIZA,79,516,39,0.0,0.0,0.16220614828209765,2.2556699602395343,1.6266944895678312
hepatite_b_hbv,COLORADO DO OESTE,3,3,3,0.0,0.0,1.0,,0.0
hepatite_b_hbv,COMODORO,33,36,3,0.0,2.0,0.09090909090909091,0.4941154348185267,1.2942203381126363
hepatite_b_hbv,CONCORDIA,5,5,0,0.0,0.0,0.0,,0.0
hepatite_b_hbv,CONFRESA,93,378,108,0.0,1.0,0.3423893310990085,3.702363601036229,2.1535516753015673
hepatite_b_hbv,COTRIGUACU,70,318,50,0.0,0.0,0.25858843537414966,7.684393803472431,2.265346210168076
hepatite_b_hbv,CRISTALANDIA,1,1,0,0.0,0.0,0.0,,0.0
hepatite_b_hbv,CUIABA,303,2597,742,0.0,41.0,0.37410649107592714,0.424804103749966,1.8380125
hepatite_b_hbv,CUMARU DO NORTE,1,1,0,0.0,0.0,0.0,,0.0
hepatite_b_hbv,CURITIBA,7,17,3,0.0,0.0,0.07142857142857142,,0.8851826560776831
hepatite_b_hbv,CURVELANDIA,16,17,6,0.0,0.0,0.375,8.601044082846913,0.9682458365518541
hepatite_b_hbv,DENISE,5,6,0,0.0,0.0,0.0,0.0,0.5
hepatite_b_hbv,DIAMANTINO,80,162,27,0.0,0.0,0.18229166666666669,1.7566133940957267,1.9497185539397837
hepatite_b_hbv,DOM AQUINO,12,13,0,0.0,0.0,0.0,0.0,0.8291561975888501
hepatite_b_hbv,ENCANTADO,1,1,0,0.0,0.0,0.0,,0.0
hepatite_b_hbv,FELIZ NATAL,31,49,19,0.0,0.0,0.43548387096774194,6.245789211546588,1.058610993379125
hepatite_b_hbv,FIGUEIROPOLIS D''OESTE,2,9,1,0.0,0.0,0.5,,0.168625
hepatite_b_hbv,FLOR DA SERRA DO SUL,6,6,6,0.0,0.0,1.0,,0.0
hepatite_b_hbv,FLOR DO SERTAO,2,7,5,0.0,0.0,0.8333333333333333,,0.168625
hepatite_b_hbv,FORMOSO DO ARAGUAIA,1,1,0,0.0,0.0,0.0,,0.0
hepatite_b_hbv,FOZ DO IGUACU,2,2,1,0.0,0.0,0.5,,0.1349
hepatite_b_hbv,GAUCHA DO NORTE,44,62,11,0.0,0.0,0.22727272727272727,3.2367541203215118,1.2728525011158989
hepatite_b_hbv,GLORIA D''OESTE,11,12,4,0.0,0.0,0.36363636363636365,,0.790569415042095
hepatite_b_hbv,GOIANAPOLIS,1,1,1,0.0,0.0,1.0,,0.0
hepatite_b_hbv,GOIANIA,4,4,2,0.0,0.0,0.5,,0.1349
hepatite_b_hbv,GOVERNADOR LUIZ ROCHA,1,3,1,0.0,0.0,0.3333333333333333,,0.0
hepatite_b_hbv,GUAIRA,1,1,0,0.0,0.0,0.0,,0.0
hepatite_b_hbv,GUARANTA DO NORTE,187,2163,286,0.0,0.0,0.2408070816582265,5.392630448272091,1.763457408001567
hepatite_b_hbv,GUIRATINGA,17,18,7,0.0,0.0,0.4117647058823529,4.009471351558167,1.0171141082488737
hepatite_b_hbv,HORTOLANDIA,2,2,1,0.0,0.0,0.5,,0.1349
hepatite_b_hbv,ICATU,1,1,0,0.0,0.0,0.0,,0.0
hepatite_b_hbv,IMPERATRIZ,1,1,0,0.0,0.0,0.0,,0.0
hepatite_b_hbv,IPAMERI,1,1,0,0.0,0.0,0.0,,0.0
hepatite_b_hbv,IPIRANGA DO NORTE,25,36,7,0.0,0.0,0.22666666666666668,3.9274552278719783,1.1746579498679057
hepatite_b_hbv,IPORA,1,1,1,0.0,0.0,1.0,,0.0
hepatite_b_hbv,ITAJAI,1,1,1,0.0,0.0,1.0,,0.0
hepatite_b_hbv,ITANHANGA,4,4,0,0.0,0.0,0.0,0.0,0.0
hepatite_b_hbv,ITAPEMA,1,1,0,0.0,0.0,0.0,,0.0
hepatite_b_hbv,ITAPETINGA,1,1,0,0.0,0.0,0.0,,0.0
hepatite_b_hbv,ITAUBA,35,39,14,0.0,0.0,0.37142857142857144,9.982570092089192,0.9254803890685241
hepatite_b_hbv,JACIARA,37,44,12,0.0,1.0,0.2882882882882883,1.3441012813310271,2.050690299643656
hepatite_b_hbv,JANGADA,29,30,11,0.0,0.0,0.3793103448275862,5.70925002398096,1.30606591356982
hepatite_b_hbv,JARU,3,3,1,0.0,0.0,0.3333333333333333,,0.28284271247461906
hepatite_b_hbv,JATAI,7,8,0,0.0,0.0,0.0,,0.6123724356957946
hepatite_b_hbv,JAURU,7,8,3,0.0,0.0,0.42857142857142855,7.261856837143014,0.6124911188320559
hepatite_b_hbv,JI-PARANA,2,2,1,0.0,0.0,0.5,,0.1349
hepatite_b_hbv,JUARA,101,303,93,0.0,0.0,0.38133258380783136,3.053308588249425,2.300702467873356
hepatite_b_hbv,JUINA,211,4120,742,0.0,2.0,0.2727025549547208,9.061270854024976,2.341249158384112
hepatite_b_hbv,JURUENA,70,479,67,0.0,0.0,0.14697802197802198,11.077064671842553,1.6620182222135196
hepatite_b_hbv,JUSCIMEIRA,25,35,4,0.0,0.0,0.11333333333333333,1.7302623142814368,1.264563599629451
hepatite_b_hbv,LAGES,1,1,0,0.0,0.0,0.0,,0.0
hepatite_b_hbv,LAGOA DA CONFUSAO,1,1,0,0.0,0.0,0.0,,0.0
hepatite_b_hbv,LAMBARI D''OESTE,3,3,0,0.0,0.0,0.0,,0.0
hepatite_b_hbv,LOANDA,2,2,0,0.0,0.0,0.0,,0.0
hepatite_b_hbv,LONDRINA,1,1,0,0.0,0.0,0.0,,0.0
hepatite_b_hbv,LUCAS DO RIO VERDE,96,332,67,0.0,0.0,0.3194444444444445,1.0440103370563922,2.510244259323559
hepatite_b_hbv,MALHADA,1,1,0,0.0,0.0,0.0,,0.0
hepatite_b_hbv,MANAUS,4,4,2,0.0,0.0,0.5,,0.1349
hepatite_b_hbv,MARCELANDIA,25,111,34,0.0,0.0,0.34095238095238095,15.065204795742686,1.6229118825094881
hepatite_b_hbv,MARINGA,3,9,4,0.0,0.0,0.2222222222222222,,0.957342712474619
hepatite_b_hbv,MATUPA,75,229,26,0.0,0.0,0.23761904761904765,2.146924971973083,1.25
hepatite_b_hbv,MERCEDES,1,1,0,0.0,0.0,0.0,,0.0
hepatite_b_hbv,MIRASSOL D''OESTE,73,99,33,0.0,0.0,0.3881278538812785,,1.25
hepatite_b_hbv,MONTES CLAROS,1,1,0,0.0,0.0,0.0,,0.0
hepatite_b_hbv,MUNDO NOVO,1,1,0,0.0,0.0,0.0,,0.0
hepatite_b_hbv,NATAL,1,1,0,0.0,0.0,0.0,,0.0
hepatite_b_hbv,NIQUELANDIA,1,1,0,0.0,0.0,0.0,,0.0
hepatite_b_hbv,NOBRES,36,50,14,0.0,0.0,0.375,2.6506994283156073,1.2710306517454955
hepatite_b_hbv,NORTELANDIA,21,22,2,0.0,0.0,0.09523809523809523,2.1338340730624785,1.145591662509816
hepatite_b_hbv,NOSSA SENHORA DO LIVRAMENTO,23,37,4,0.0,1.0,0.15217391304347827,1.7115991141759401,1.0004845712561201
hepatite_b_hbv,NOVA BANDEIRANTES,31,41,10,0.0,0.0,0.2903225806451613,2.559443882886572,1.1993285654991226
hepatite_b_hbv,NOVA BRASILANDIA,6,6,0,0.0,0.0,0.0,0.0,0.04917279701576588
hepatite_b_hbv,NOVA CANAA DO NORTE,14,25,6,0.0,0.0,0.2202380952380952,4.010807447586441,1.3597161206885933
hepatite_b_hbv,NOVA CRIXAS,3,3,1,0.0,0.0,0.3333333333333333,,0.28284271247461906
hepatite_b_hbv,NOVA GUARITA,37,47,10,0.0,0.0,0.25675675675675674,7.054719380921419,1.25
hepatite_b_hbv,NOVA LACERDA,11,11,1,0.0,0.0,0.09090909090909091,1.6128772116578765,1.231576370130437
hepatite_b_hbv,NOVA MARILANDIA,16,19,4,0.0,0.0,0.25,8.11845561355551,0.8604167021905437
hepatite_b_hbv,NOVA MARINGA,18,22,4,0.0,0.0,0.16666666666666666,3.5880658420578806,1.2612972705828196
hepatite_b_hbv,NOVA MONTE VERDE,21,27,8,0.0,0.0,0.35714285714285715,4.744959924802703,0.6758635209278472
hepatite_b_hbv,NOVA MUTUM,148,1016,95,0.0,0.0,0.22073945198945202,1.3322831577667533,2.140350501579336
hepatite_b_hbv,NOVA NAZARE,1,1,0,0.0,0.0,0.0,0.0,0.12084791666666697
hepatite_b_hbv,NOVA OLIMPIA,28,30,10,0.0,0.0,0.35714285714285715,2.146673578809687,0.9013878188659974
hepatite_b_hbv,NOVA SANTA HELENA,72,111,27,0.0,0.0,0.2875,10.333398479550734,1.25
hepatite_b_hbv,NOVA UBIRATA,20,25,3,0.0,0.0,0.15,1.4368434191101906,1.0019572057456618
hepatite_b_hbv,NOVA XAVANTINA,70,194,10,0.0,1.0,0.10857142857142857,0.7656292008066692,1.8275530068934194
hepatite_b_hbv,NOVO HORIZONTE DO NORTE,34,56,9,0.0,0.0,0.2647058823529412,8.56913299570782,0.7775806690496858
hepatite_b_hbv,NOVO MUNDO,31,61,15,0.0,0.0,0.3387096774193548,7.882356288387911,1.4240349706102426
hepatite_b_hbv,NOVO PROGRESSO,1,3,1,0.0,0.0,0.3333333333333333,,0.0
hepatite_b_hbv,NOVO SANTO ANTONIO,23,49,13,0.0,0.0,0.21739130434782608,36.500736152010234,1.4530653270243248
hepatite_b_hbv,NOVO SAO JOAQUIM,1,1,0,0.0,0.0,0.0,0.0,0.04090770340653165
hepatite_b_hbv,OSASCO,1,1,0,0.0,0.0,0.0,,0.0
hepatite_b_hbv,PACARAIMA,1,2,0,0.0,0.0,0.0,,0.0
hepatite_b_hbv,PALHOCA,5,11,1,0.0,0.0,0.02857142857142857,,0.9
hepatite_b_hbv,PALMAS,1,1,0,0.0,0.0,0.0,,0.0
hepatite_b_hbv,PALOTINA,1,1,0,0.0,0.0,0.0,,0.0
hepatite_b_hbv,PARAISO DO TOCANTINS,3,3,2,0.0,0.0,0.6666666666666666,,0.14142135623730953
hepatite_b_hbv,PARANAITA,93,165,51,0.0,0.0,0.34293394777265745,5.547368992793878,2.177300043280883
hepatite_b_hbv,PARANATINGA,16,20,4,0.0,0.0,0.1875,1.207586055122844,1.3731249955043845
hepatite_b_hbv,PARAUAPEBAS,2,2,2,0.0,0.0,1.0,,0.0
hepatite_b_hbv,PATO BRANCO,3,3,0,0.0,0.0,0.0,,0.0
hepatite_b_hbv,PAU D''ARCO,5,5,3,0.0,0.0,0.6,,0.16329931618554522
hepatite_b_hbv,PEDRA PRETA,29,39,10,0.0,0.0,0.25862068965517243,2.176379322189976,1.144160590152599
hepatite_b_hbv,PEIXOTO DE AZEVEDO,64,296,74,0.0,2.0,0.2664710822194375,4.499672981508842,2.526362409313733
hepatite_b_hbv,PERITORO,2,2,0,0.0,0.0,0.0,,0.0
hepatite_b_hbv,PEROLA D''OESTE,1,1,0,0.0,0.0,0.0,,0.0
hepatite_b_hbv,PINHAO,1,1,0,0.0,0.0,0.0,,0.0
hepatite_b_hbv,PLANALTO DA SERRA,15,15,1,0.0,0.0,0.06666666666666667,2.38299494805071,1.4942316462438257
hepatite_b_hbv,POCONE,52,76,18,0.0,1.0,0.30288461538461536,1.2057928835258396,1.2723547288408215
hepatite_b_hbv,PONTA PORA,3,3,0,0.0,0.0,0.0,,0.0
hepatite_b_hbv,PONTAL DO ARAGUAIA,5,5,0,0.0,0.0,0.0,0.0,0.0
hepatite_b_hbv,PONTE BRANCA,1,1,1,0.0,0.0,1.0,49.40711462450592,0.040632358530405394
hepatite_b_hbv,PONTES E LACERDA,78,222,34,0.0,0.0,0.3108974358974359,0.9587692236107819,1.5898976649310388
hepatite_b_hbv,PORTO ALEGRE,4,4,4,0.0,0.0,1.0,,0.0
hepatite_b_hbv,PORTO ALEGRE DO NORTE,21,33,7,0.0,0.0,0.3333333333333333,3.5179011427430504,1.1082417430850209
hepatite_b_hbv,PORTO DOS GAUCHOS,16,18,8,0.0,0.0,0.4375,13.005274557471756,1.8901011997755128
hepatite_b_hbv,PORTO ESPERIDIAO,15,21,6,0.0,0.0,0.4,4.151829016940907,0.971535334446957
hepatite_b_hbv,POXOREO,20,25,2,0.0,0.0,0.1,,0.8159417072102745
hepatite_b_hbv,PRESIDENTE KENNEDY,1,3,1,0.0,0.0,0.3333333333333333,,0.0
hepatite_b_hbv,PRESIDENTE PRUDENTE,1,3,0,0.0,0.0,0.0,,0.0
hepatite_b_hbv,PRIMAVERA DO LESTE,94,373,56,0.0,0.0,0.2429078014184397,0.8707620754076849,2.5425530120056443
hepatite_b_hbv,QUERENCIA,62,159,14,0.0,0.0,0.12043010752688173,0.9487807919176972,1.8660665057810664
hepatite_b_hbv,REALEZA,1,1,1,0.0,0.0,1.0,,0.0
hepatite_b_hbv,RECIFE,1,1,0,0.0,0.0,0.0,,0.0
hepatite_b_hbv,RESERVA DO CABACAL,4,5,0,0.0,0.0,0.0,0.0,0.4371618643359131
hepatite_b_hbv,RIBEIRAO CASCALHEIRA,18,25,4,0.0,0.0,0.19444444444444445,2.7500218295229466,0.8528018836091777
hepatite_b_hbv,RIO BRANCO,8,8,2,0.0,0.0,0.25,6.385769858823751,0.6802801242318972
hepatite_b_hbv,RIO CLARO,1,1,0,0.0,0.0,0.0,,0.0
hepatite_b_hbv,RIO DE JANEIRO,5,5,1,0.0,0.0,0.2,,0.39999999999999997
hepatite_b_hbv,RONDONOPOLIS,128,672,218,0.0,7.0,0.32652529761904764,0.8290037022433228,1.8854166138556498
hepatite_b_hbv,ROSARIO OESTE,26,32,5,0.0,0.0,0.17307692307692307,1.382953289203201,1.2882039510010581
hepatite_b_hbv,SALTO DO CEU,1,1,0,0.0,0.0,0.0,0.0,0.0302096055039415
hepatite_b_hbv,SANTA CARMEM,12,14,3,0.0,0.0,0.25,6.062215299158227,0.6390260745215885
hepatite_b_hbv,SANTA CRUZ DO XINGU,8,8,1,0.0,0.0,0.125,5.368551028077522,1.1632292320251842
hepatite_b_hbv,SANTA ISABEL,1,1,0,0.0,0.0,0.0,,0.0
hepatite_b_hbv,SANTA LUZIA D''OESTE,1,6,0,0.0,0.0,0.0,,0.0
hepatite_b_hbv,SANTA MARIA DAS BARREIRAS,1,1,1,0.0,0.0,1.0,,0.0
hepatite_b_hbv,SANTA RITA DO TRIVELATO,4,4,0,0.0,0.0,0.0,0.0,0.0
hepatite_b_hbv,SANTA TEREZINHA,34,49,14,0.0,0.0,0.24019607843137253,5.930495030021096,1.7119471870170528
hepatite_b_hbv,SANTANA DO ARAGUAIA,2,2,1,0.0,0.0,0.5,,0.1349
hepatite_b_hbv,SANTO AFONSO,11,16,1,0.0,0.0,0.09090909090909091,4.531448250860976,1.1981409569829142
hepatite_b_hbv,SANTO ANTONIO DO LESTE,5,10,1,0.0,0.0,0.2,8.13206473123526,0.6923183740737182
hepatite_b_hbv,SANTO ANTONIO DO LEVERGER,42,57,10,0.0,0.0,0.23809523809523808,1.611171047016287,1.1472446675076613
hepatite_b_hbv,SAO FELIX DO ARAGUAIA,41,54,12,0.0,0.0,0.25609756097560976,2.3963741923732025,1.4209325399331167
hepatite_b_hbv,SAO GONCALO DO AMARANTE,1,1,0,0.0,0.0,0.0,,0.0
hepatite_b_hbv,SAO JOSE DE RIBAMAR,1,1,0,0.0,0.0,0.0,,0.0
hepatite_b_hbv,SAO JOSE DO POVO,21,24,8,0.0,0.0,0.35714285714285715,13.818518192913855,0.9600398558888023
hepatite_b_hbv,SAO JOSE DO RIO CLARO,41,49,11,0.0,0.0,0.23170731707317074,1.830598250678831,1.26812897184818
hepatite_b_hbv,SAO JOSE DO XINGU,11,12,3,0.0,0.0,0.22727272727272727,4.83045116413873,1.3570663998573451
hepatite_b_hbv,SAO JOSE DOS QUATRO MARCOS,18,25,2,0.0,0.0,0.1111111111111111,0.640725633418306,1.127334365697663
hepatite_b_hbv,SAO LUIS,2,2,0,0.0,0.0,0.0,,0.0
hepatite_b_hbv,SAO PAULO,3,3,0,0.0,0.0,0.0,,0.0
hepatite_b_hbv,SAO PEDRO DA CIPA,17,19,2,0.0,0.0,0.11764705882352941,3.1881577777354346,1.0980192444482766
hepatite_b_hbv,SAPEZAL,53,68,24,0.0,0.0,0.4056603773584906,1.677057877764064,1.25
hepatite_b_hbv,SERRA NOVA DOURADA,7,24,1,0.0,0.0,0.14285714285714285,13.88888888888889,0.9191299498789697
hepatite_b_hbv,SINOP,231,1128,334,0.0,5.0,0.33147018572916204,0.921032007391917,2.3639607947321615
hepatite_b_hbv,SORRISO,261,1305,448,0.0,8.0,0.40803713102563677,1.8450090914051038,2.3077805555555555
hepatite_b_hbv,TABAPORA,28,64,17,0.0,0.0,0.3511904761904762,6.778099493895218,1.346179723122384
hepatite_b_hbv,TANGARA DA SERRA,152,270,40,0.0,2.0,0.2012061403508772,0.27729131497678505,1.25
hepatite_b_hbv,TAPURAH,11,12,3,0.0,0.0,0.2727272727272727,2.064192966714245,0.790569415042095
hepatite_b_hbv,TEIXEIROPOLIS,1,1,1,0.0,0.0,1.0,,0.0
hepatite_b_hbv,TERRA NOVA DO NORTE,62,295,32,0.0,0.0,0.19828469022017411,6.280561754040185,1.4143921647356708
hepatite_b_hbv,TESOURO,9,10,3,0.0,0.0,0.3333333333333333,12.598512783669522,0.7853284626336197
hepatite_b_hbv,TOLEDO,1,6,0,0.0,0.0,0.0,,0.0
hepatite_b_hbv,TORIXOREU,2,2,2,0.0,0.0,1.0,26.34665824785735,0.1695792124155405
hepatite_b_hbv,TUCURUI,2,2,0,0.0,0.0,0.0,,0.0
hepatite_b_hbv,UBERABA,2,2,0,0.0,0.0,0.0,,0.0
hepatite_b_hbv,UNIAO DO SUL,16,19,3,0.0,0.0,0.1875,5.750231456276363,0.8386686438624655
hepatite_b_hbv,VALE DE SAO DOMINGOS,5,5,0,0.0,0.0,0.0,0.0,0.04944814189189199
hepatite_b_hbv,VARZEA GRANDE,243,885,259,0.0,13.0,0.3728941497460016,0.40725727414505447,2.0271893514492954
hepatite_b_hbv,VERA,25,41,8,0.0,0.0,0.26666666666666666,3.020384871252109,0.9667873307775283
hepatite_b_hbv,VILA BELA DA SANTISSIMA TRINDADE,17,18,8,0.0,0.0,0.4117647058823529,2.774824626645353,1.8479510606589318
hepatite_b_hbv,VILA RICA,57,157,42,0.0,1.0,0.3694931773879142,3.6315462300909807,2.304590922080421
hepatite_b_hbv,VILHENA,10,21,5,0.0,0.0,0.24285714285714288,,0.6469994634719015
hepatite_b_hbv,XAXIM,1,1,0,0.0,0.0,0.0,,0.0
hepatite_b_hbv,XINGUARA,2,2,0,0.0,0.0,0.0,,0.0
hepatite_c_hcv,ACORIZAL,6,6,1,0.0,0.0,0.16666666666666666,6.278646323852578,0.7685571173777304
hepatite_c_hcv,AGUA BOA,62,83,7,0.0,0.0,0.08870967741935484,0.4269815075319646,1.8587679485329323
hepatite_c_hcv,AGUAI,1,1,1,0.0,0.0,1.0,,0.0
hepatite_c_hcv,ALTA FLORESTA,45,51,11,0.0,1.0,0.17777777777777778,0.48094982706513106,1.6428888857682393
hepatite_c_hcv,ALTAMIRA,1,1,0,0.0,0.0,0.0,,0.0
hepatite_c_hcv,ALTO ARAGUAIA,14,17,10,0.0,0.0,0.5,4.388302743647774,0.7880741773877371
hepatite_c_hcv,ALTO BOA VISTA,2,2,0,0.0,0.0,0.0,0.0,0.1979444819819821
hepatite_c_hcv,ALTO GARCAS,9,10,1,0.0,0.0,0.1111111111111111,1.0945230068736045,1.0555833735058737
hepatite_c_hcv,ALTO PARAGUAI,2,2,0,0.0,0.0,0.0,0.0,0.0542049619932434
hepatite_c_hcv,ALTO TAQUARI,16,16,5,0.0,0.0,0.3125,2.8147947254032375,0.6010236106238122
hepatite_c_hcv,ALVORADA,1,1,0,0.0,0.0,0.0,,0.0
hepatite_c_hcv,AMELIA RODRIGUES,1,1,0,0.0,0.0,0.0,,0.0
hepatite_c_hcv,ANAPOLIS,1,1,0,0.0,0.0,0.0,,0.0
hepatite_c_hcv,APIACAS,15,18,6,0.0,0.0,0.26666666666666666,4.96533662625604,1.269692102386715
hepatite_c_hcv,ARAGARCAS,1,1,0,0.0,0.0,0.0,,0.0
hepatite_c_hcv,ARAGUAIANA,2,2,0,0.0,0.0,0.0,0.0,0.0
hepatite_c_hcv,ARAPUTANGA,13,15,1,0.0,0.0,0.07692307692307693,0.7441140578027801,1.258505747976789
hepatite_c_hcv,ARENAPOLIS,13,15,3,0.0,0.0,0.23076923076923078,2.3531318033279036,0.7499564500317137
hepatite_c_hcv,ARIPUANA,15,16,1,0.0,0.0,0.06666666666666667,0.28901316454964526,1.5504928779922342
hepatite_c_hcv,ASSIS CHATEAUBRIAND,1,1,0,0.0,0.0,0.0,,0.0
hepatite_c_hcv,BARAO DE MELGACO,1,1,0,0.0,0.0,0.0,,0.5
hepatite_c_hcv,BARRA DO BUGRES,33,39,6,0.0,0.0,0.12121212121212122,0.6186902057717228,1.6937877287745742
hepatite_c_hcv,BARRA DO CORDA,2,2,1,0.0,0.0,0.5,,0.1349
hepatite_c_hcv,BARRA DO GARCAS,41,51,3,0.0,0.0,0.07317073170731707,0.15480834726608458,1.2891554859917134
hepatite_c_hcv,BARRETOS,1,1,1,0.0,0.0,1.0,,0.0
hepatite_c_hcv,BLUMENAU,1,1,0,0.0,0.0,0.0,,0.0
hepatite_c_hcv,BOA ESPERANCA DO NORTE,2,2,0,0.0,0.0,0.0,,0.0
hepatite_c_hcv,BOA VISTA,2,2,0,0.0,0.0,0.0,,0.0
hepatite_c_hcv,BOM JESUS DO ARAGUAIA,9,11,0,0.0,0.0,0.0,0.0,0.8291510238667277
hepatite_c_hcv,BONITO,1,2,0,0.0,0.0,0.0,,0.0
hepatite_c_hcv,BRASILIA,1,1,0,0.0,0.0,0.0,,0.0
hepatite_c_hcv,BRASNORTE,19,23,0,0.0,0.0,0.0,0.0,0.4841229182759271
hepatite_c_hcv,CACERES,74,96,17,0.0,2.0,0.15878378378378377,0.2992629202948974,2.303116556332854
hepatite_c_hcv,CAMPINAPOLIS,3,3,0,0.0,0.0,0.0,0.0,0.27897658009572107
hepatite_c_hcv,CAMPO GRANDE,4,4,1,0.0,0.0,0.25,,0.3464101615137755
hepatite_c_hcv,CAMPO MOURAO,1,2,0,0.0,0.0,0.0,,0.0
hepatite_c_hcv,CAMPO NOVO DO PARECIS,46,54,7,0.0,0.0,0.13043478260869565,0.3824571610644932,1.1826292817671034
hepatite_c_hcv,CAMPO VERDE,25,29,2,0.0,0.0,0.04,0.21628800044987906,2.327754011543401
hepatite_c_hcv,CAMPOS DE JULIO,14,16,0,0.0,0.0,0.0,0.0,0.6123724356957946
hepatite_c_hcv,CANABRAVA DO NORTE,4,4,0,0.0,0.0,0.0,0.0,0.09529781109234242
hepatite_c_hcv,CANARANA,49,62,7,0.0,0.0,0.10884353741496598,0.6199378578749174,1.472770457251086
hepatite_c_hcv,CARLINDA,4,5,0,0.0,0.0,0.0,0.0,0.4524957255408681
hepatite_c_hcv,CASCAVEL,1,1,0,0.0,0.0,0.0,,0.0
hepatite_c_hcv,CASTANHEIRA,22,28,1,0.0,0.0,0.022727272727272728,0.662778366914104,2.1263566295907093
hepatite_c_hcv,CHAPADA DOS GUIMARAES,28,33,3,0.0,0.0,0.07142857142857142,0.8260814638141786,2.0515548057923456
hepatite_c_hcv,CLAUDIA,20,23,6,0.0,0.0,0.275,3.2211765041163876,0.9115738792715719
hepatite_c_hcv,COCALINHO,3,3,1,0.0,0.0,0.3333333333333333,5.227118289686896,0.7196649259345985
hepatite_c_hcv,COLIDER,47,65,7,0.0,1.0,0.12056737588652483,0.4974432600510277,1.7241371145175757
hepatite_c_hcv,COLINAS,2,2,0,0.0,0.0,0.0,,0.0
hepatite_c_hcv,COLNIZA,16,17,1,0.0,1.0,0.0625,0.23800456968773798,2.0944921587456005
hepatite_c_hcv,COMODORO,5,5,0,0.0,0.0,0.0,0.0,0.0
hepatite_c_hcv,CONFRESA,49,61,9,0.0,1.0,0.15986394557823128,0.6400370450676918,1.2976293419315788
hepatite_c_hcv,CORUMBA,2,2,0,0.0,0.0,0.0,,0.0
hepatite_c_hcv,COTRIGUACU,12,13,0,0.0,0.0,0.0,0.0,0.9312901573298413
hepatite_c_hcv,CRISTALINA,2,2,2,0.0,0.0,1.0,,0.0
hepatite_c_hcv,CRUZEIRO DO OESTE,1,1,0,0.0,0.0,0.0,,0.0
hepatite_c_hcv,CUIABA,263,1156,151,0.0,40.0,0.19162140141227593,0.1015278581122329,1.7858162362258156
hepatite_c_hcv,CURITIBA,4,4,2,0.0,0.0,0.5,,0.1349
hepatite_c_hcv,CURVELANDIA,1,1,0,0.0,0.0,0.0,,0.0
hepatite_c_hcv,DENISE,1,1,0,0.0,0.0,0.0,,0.0
hepatite_c_hcv,DIAMANTINO,19,22,1,0.0,0.0,0.05263157894736842,0.3447764641794493,1.541348460451408
hepatite_c_hcv,DOM AQUINO,2,2,1,0.0,0.0,0.5,6.351626016260163,0.26980000000000004
hepatite_c_hcv,ESPERANTINOPOLIS,1,1,0,0.0,0.0,0.0,,0.0
hepatite_c_hcv,FELIZ NATAL,3,3,0,0.0,0.0,0.0,0.0,0.0
hepatite_c_hcv,FIGUEIROPOLIS D''OESTE,1,1,0,0.0,0.0,0.0,,0.0
hepatite_c_hcv,FLOR DO SERTAO,1,1,0,0.0,0.0,0.0,,0.0
hepatite_c_hcv,FLORIANOPOLIS,1,1,0,0.0,0.0,0.0,,0.0
hepatite_c_hcv,FORTALEZA,1,1,0,0.0,0.0,0.0,,0.0
hepatite_c_hcv,GAUCHA DO NORTE,7,7,1,0.0,0.0,0.14285714285714285,1.8053474391146576,1.0555014960716047
hepatite_c_hcv,GENERAL CARNEIRO,2,2,0,0.0,0.0,0.0,0.0,0.0818533854166666
hepatite_c_hcv,GLORIA D''OESTE,3,3,1,0.0,0.0,0.3333333333333333,,0.28284271247461906
hepatite_c_hcv,GOIANESIA,1,4,0,0.0,0.0,0.0,,0.0
hepatite_c_hcv,GOIANIA,3,3,1,0.0,0.0,0.3333333333333333,,0.28284271247461906
hepatite_c_hcv,GOVERNADOR LUIZ ROCHA,1,1,0,0.0,0.0,0.0,,0.0
hepatite_c_hcv,GUARANTA DO NORTE,104,153,6,0.0,0.0,0.03685897435897435,0.19478174971746257,1.8016675788895393
hepatite_c_hcv,GUIRATINGA,4,5,0,0.0,0.0,0.0,0.0,0.4501268101410931
hepatite_c_hcv,INDIAVAI,4,4,2,0.0,0.0,0.5,22.593764121102577,0.2974769073761262
hepatite_c_hcv,IPIRANGA DO NORTE,6,7,1,0.0,0.0,0.16666666666666666,2.132650885050117,0.8944271909999159
hepatite_c_hcv,IRANDUBA,1,1,0,0.0,0.0,0.0,,0.0
hepatite_c_hcv,ITAJAI,4,5,0,0.0,0.0,0.0,,0.43301270189221935
hepatite_c_hcv,ITANHANGA,1,1,0,0.0,0.0,0.0,,0.0
hepatite_c_hcv,ITAUBA,8,11,0,0.0,0.0,0.0,0.0,0.3227486121839514
hepatite_c_hcv,ITUMBIARA,1,1,1,0.0,0.0,1.0,,0.0
hepatite_c_hcv,JACIARA,14,16,6,0.0,1.0,0.2857142857142857,1.532721376253855,1.3629920464147647
hepatite_c_hcv,JANGADA,6,6,2,0.0,0.0,0.3333333333333333,5.386479935362241,0.5838576003227569
hepatite_c_hcv,JAURU,6,7,0,0.0,0.0,0.0,0.0,0.5591356775112087
hepatite_c_hcv,JOINVILLE,1,1,0,0.0,0.0,0.0,,0.0
hepatite_c_hcv,JUARA,34,39,10,0.0,0.0,0.2647058823529412,0.9448596403563752,1.5556170533931803
hepatite_c_hcv,JUINA,116,249,14,0.0,1.0,0.06927339901477832,0.30464216349533946,1.7934966234294945
hepatite_c_hcv,JURUENA,6,7,0,0.0,0.0,0.0,0.0,0.6225077249492719
hepatite_c_hcv,JUSCIMEIRA,14,16,3,0.0,0.0,0.14285714285714285,1.9798321102370517,1.7169712406510063
hepatite_c_hcv,LAMBARI D''OESTE,2,2,1,0.0,0.0,0.5,,0.1349
hepatite_c_hcv,LEOPOLDO DE BULHOES,1,1,0,0.0,0.0,0.0,,0.0
hepatite_c_hcv,LOANDA,1,1,0,0.0,0.0,0.0,,0.0
hepatite_c_hcv,LUCAS DO RIO VERDE,41,82,11,0.0,0.0,0.1605691056910569,0.3845806299871937,1.5503939330996772
hepatite_c_hcv,LUCIARA,3,3,0,0.0,0.0,0.0,0.0,0.1231266328828829
hepatite_c_hcv,MACAPA,1,1,0,0.0,0.0,0.0,,0.0
hepatite_c_hcv,MANAUS,1,1,0,0.0,0.0,0.0,,0.0
hepatite_c_hcv,MARABA,1,1,0,0.0,0.0,0.0,,0.0
hepatite_c_hcv,MARCELANDIA,7,10,0,0.0,0.0,0.0,0.0,0.2955255252198129
hepatite_c_hcv,MARINGA,1,1,0,0.0,0.0,0.0,,0.0
hepatite_c_hcv,MATUPA,22,30,2,0.0,0.0,0.09090909090909091,0.4567117212779707,1.2488969323305739
hepatite_c_hcv,MIRASSOL D''OESTE,37,39,9,0.0,0.0,0.21621621621621623,,1.42661368846079
hepatite_c_hcv,MOIPORA,1,1,0,0.0,0.0,0.0,,0.0
hepatite_c_hcv,NATAL,1,1,0,0.0,0.0,0.0,,0.0
hepatite_c_hcv,NISIA FLORESTA,1,1,0,0.0,0.0,0.0,,0.0
hepatite_c_hcv,NOBRES,11,11,3,0.0,0.0,0.2727272727272727,2.4458648578137225,0.6058281738637471
hepatite_c_hcv,NORTELANDIA,9,10,0,0.0,0.0,0.0,0.0,0.7071067811865475
hepatite_c_hcv,NOSSA SENHORA DO LIVRAMENTO,10,12,2,0.0,0.0,0.2,1.697259774094724,0.8817211440827997
hepatite_c_hcv,NOVA BANDEIRANTES,6,11,4,0.0,0.0,0.16666666666666666,5.867253392005868,1.7177686419526608
hepatite_c_hcv,NOVA BRASILANDIA,2,2,0,0.0,0.0,0.0,0.0,0.04917279701576588
hepatite_c_hcv,NOVA CANAA DO NORTE,4,4,0,0.0,0.0,0.0,0.0,0.0
hepatite_c_hcv,NOVA GUARITA,3,3,0,0.0,0.0,0.0,0.0,0.0
hepatite_c_hcv,NOVA LACERDA,2,2,0,0.0,0.0,0.0,,0.03343541314752269
hepatite_c_hcv,NOVA MARILANDIA,3,3,0,0.0,0.0,0.0,0.0,0.0
hepatite_c_hcv,NOVA MARINGA,2,2,0,0.0,0.0,0.0,0.0,0.025659294059684753
hepatite_c_hcv,NOVA MONTE VERDE,2,2,1,0.0,0.0,0.5,5.912961210974456,0.27681179969031533
hepatite_c_hcv,NOVA MUTUM,76,108,15,0.0,0.0,0.13486842105263158,0.40022988183408864,1.9480880194258292
hepatite_c_hcv,NOVA NAZARE,2,2,0,0.0,0.0,0.0,0.0,0.12084791666666697
hepatite_c_hcv,NOVA OLIMPIA,12,12,2,0.0,0.0,0.16666666666666666,1.0918533849922265,0.9032134658390061
hepatite_c_hcv,NOVA SANTA HELENA,1,1,0,0.0,0.0,0.0,0.0,0.0
hepatite_c_hcv,NOVA UBIRATA,19,21,9,0.0,0.0,0.42105263157894735,4.0190314259335205,0.9996154679373594
hepatite_c_hcv,NOVA XAVANTINA,37,48,0,0.0,1.0,0.0,0.0,1.1091956367701423
hepatite_c_hcv,NOVO HORIZONTE DO NORTE,5,5,0,0.0,0.0,0.0,0.0,0.0024828512105856504
hepatite_c_hcv,NOVO MUNDO,1,1,0,0.0,0.0,0.0,0.0,0.0122480996621622
hepatite_c_hcv,NOVO PROGRESSO,1,1,0,0.0,0.0,0.0,,0.0
hepatite_c_hcv,NOVO SANTO ANTONIO,2,2,0,0.0,0.0,0.0,0.0,0.20666531883445952
hepatite_c_hcv,NOVO SAO JOAQUIM,1,1,1,0.0,0.0,1.0,14.12030499858797,0.04090770340653165
hepatite_c_hcv,OURO PRETO DO OESTE,2,2,0,0.0,0.0,0.0,,0.0
hepatite_c_hcv,PACARAIMA,1,1,0,0.0,0.0,0.0,,0.0
hepatite_c_hcv,PALHOCA,1,1,0,0.0,0.0,0.0,,0.0
hepatite_c_hcv,PARAGOMINAS,1,2,0,0.0,0.0,0.0,,0.0
hepatite_c_hcv,PARANAITA,10,11,3,0.0,0.0,0.2,2.856082026675806,1.65
hepatite_c_hcv,PARANATINGA,17,19,4,0.0,0.0,0.23529411764705882,1.19253103236998,0.7331268700984334
hepatite_c_hcv,PEDRA PRETA,3,3,0,0.0,0.0,0.0,0.0,0.0
hepatite_c_hcv,PEIXOTO DE AZEVEDO,21,49,7,0.0,0.0,0.1285714285714286,1.054484603196742,1.8062611112975822
hepatite_c_hcv,PLANALTO,1,1,0,0.0,0.0,0.0,,0.0
hepatite_c_hcv,PLANALTO DA SERRA,4,4,1,0.0,0.0,0.25,7.896399241945672,0.7459001688890377
hepatite_c_hcv,POCONE,15,18,1,0.0,0.0,0.06666666666666667,0.37440843467321633,1.345791005474238
hepatite_c_hcv,PONTAL DO ARAGUAIA,2,2,0,0.0,0.0,0.0,0.0,0.0
hepatite_c_hcv,PONTES E LACERDA,47,63,3,0.0,0.0,0.06382978723404255,0.15255274524182844,1.5271919122595707
hepatite_c_hcv,PORTO ALEGRE,1,1,1,0.0,0.0,1.0,,0.0
hepatite_c_hcv,PORTO ALEGRE DO NORTE,2,2,0,0.0,0.0,0.0,0.0,0.08777804757882886
hepatite_c_hcv,PORTO ESPERIDIAO,10,10,0,0.0,0.0,0.0,0.0,0.05470817849099111
hepatite_c_hcv,PORTO ESTRELA,1,1,0,0.0,0.0,0.0,0.0,0.10080470861486512
hepatite_c_hcv,PORTO VELHO,4,4,0,0.0,0.0,0.0,,0.0
hepatite_c_hcv,POXOREO,12,15,3,0.0,0.0,0.16666666666666666,,0.8802262973921775
hepatite_c_hcv,PRESIDENTE KENNEDY,1,1,0,0.0,0.0,0.0,,0.0
hepatite_c_hcv,PRESIDENTE PRUDENTE,1,1,0,0.0,0.0,0.0,,0.0
hepatite_c_hcv,PRIMAVERA DO LESTE,35,69,9,0.0,0.0,0.15238095238095237,0.40257007392302324,1.2152387567483753
hepatite_c_hcv,QUERENCIA,17,17,0,0.0,0.0,0.0,0.0,0.0
hepatite_c_hcv,REALEZA,1,1,0,0.0,0.0,0.0,,0.0
hepatite_c_hcv,REDENTORA,1,1,0,0.0,0.0,0.0,,0.0
hepatite_c_hcv,RESERVA DO CABACAL,2,2,0,0.0,0.0,0.0,0.0,0.004149162443693711
hepatite_c_hcv,RIBEIRAO CASCALHEIRA,6,7,0,0.0,0.0,0.0,0.0,0.6670613743017493
hepatite_c_hcv,RIO BRANCO,8,8,2,0.0,0.0,0.25,6.300204756654592,0.6768799038819647
hepatite_c_hcv,RIO PARDO,2,2,2,0.0,0.0,1.0,,0.0
hepatite_c_hcv,RONDONOPOLIS,104,383,86,0.0,6.0,0.18557692307692308,0.3883526485728167,2.565608555302856
hepatite_c_hcv,ROSARIO OESTE,13,13,2,0.0,0.0,0.15384615384615385,1.4410363933741146,0.9060286723455481
hepatite_c_hcv,SABARA,2,2,0,0.0,0.0,0.0,,0.0
hepatite_c_hcv,SALTO DO CEU,1,1,0,0.0,0.0,0.0,,0.0302096055039415
hepatite_c_hcv,SANCLERLANDIA,1,1,0,0.0,0.0,0.0,,0.0
hepatite_c_hcv,SANTA BARBARA DO MONTE VERDE,1,1,0,0.0,0.0,0.0,,0.0
hepatite_c_hcv,SANTA HELENA DE GOIAS,1,1,0,0.0,0.0,0.0,,0.0
hepatite_c_hcv,SANTA TEREZINHA,7,8,0,0.0,0.0,0.0,0.0,0.7906914742656146
hepatite_c_hcv,SANTANA DO ARAGUAIA,3,3,2,0.0,0.0,0.6666666666666666,,0.14142135623730953
hepatite_c_hcv,SANTO AFONSO,1,1,0,0.0,0.0,0.0,,0.0
hepatite_c_hcv,SANTO ANTONIO DO LESTE,3,3,1,0.0,0.0,0.3333333333333333,12.048192771084336,0.4272183740737182
hepatite_c_hcv,SANTO ANTONIO DO LEVERGER,20,22,0,0.0,0.0,0.0,0.0,0.8296126478040542
hepatite_c_hcv,SAO CAETANO DO SUL,1,1,0,0.0,0.0,0.0,,0.0
hepatite_c_hcv,SAO FELIX DO ARAGUAIA,7,7,4,0.0,0.0,0.5714285714285714,4.7800415266042355,0.605676934642023
hepatite_c_hcv,SAO JOAO DOS PATOS,1,1,0,0.0,0.0,0.0,,0.0
hepatite_c_hcv,SAO JOSE,2,2,0,0.0,0.0,0.0,,0.0
hepatite_c_hcv,SAO JOSE DO POVO,7,7,0,0.0,0.0,0.0,0.0,0.021652551379504583
hepatite_c_hcv,SAO JOSE DO RIO CLARO,14,15,1,0.0,0.0,0.07142857142857142,0.6750826976304597,1.321110255092798
hepatite_c_hcv,SAO JOSE DO XINGU,4,4,0,0.0,0.0,0.0,0.0,0.10040118595157664
hepatite_c_hcv,SAO JOSE DOS QUATRO MARCOS,10,11,1,0.0,0.0,0.05,0.6188654957731488,1.9156854249492383
hepatite_c_hcv,SAO PAULO,2,2,0,0.0,0.0,0.0,,0.0
hepatite_c_hcv,SAO PEDRO DA CIPA,2,2,0,0.0,0.0,0.0,0.0,0.02677016821509017
hepatite_c_hcv,SAPEZAL,14,14,2,0.0,0.0,0.14285714285714285,0.8085218199826169,0.8640636872340297
hepatite_c_hcv,SERRA,2,2,0,0.0,0.0,0.0,,0.0
hepatite_c_hcv,SERRA NOVA DOURADA,5,5,0,0.0,0.0,0.0,0.0,0.08282183980855864
hepatite_c_hcv,SINOP,147,234,45,0.0,3.0,0.20691609977324263,0.21235076928807695,2.0233536052872343
hepatite_c_hcv,SORRISO,97,132,12,0.0,4.0,0.09106529209621994,0.1356827456163601,1.8564729733784475
hepatite_c_hcv,TABAPORA,8,9,2,0.0,0.0,0.25,2.876704447385076,0.6626379275306136
hepatite_c_hcv,TANGARA DA SERRA,79,115,23,0.0,1.0,0.19831223628691982,0.3138875731669059,2.3277845039643603
hepatite_c_hcv,TAPURAH,11,13,1,0.0,0.0,0.09090909090909091,0.9605778836548067,1.1223534805903117
hepatite_c_hcv,TERRA NOVA DO NORTE,17,30,0,0.0,0.0,0.0,0.0,0.8721028496007166
hepatite_c_hcv,TOLEDO,1,1,0,0.0,0.0,0.0,,0.0
hepatite_c_hcv,TRES LAGOAS,1,1,0,0.0,0.0,0.0,,0.0
hepatite_c_hcv,UNIAO DO SUL,1,1,1,0.0,0.0,1.0,26.05523710265763,0.00187994087837845
hepatite_c_hcv,VALE DE SAO DOMINGOS,2,2,0,0.0,0.0,0.0,0.0,0.04944814189189199
hepatite_c_hcv,VARZEA GRANDE,219,457,78,0.0,16.0,0.18926940639269407,0.13679079099523722,1.467704840764175
hepatite_c_hcv,VERA,10,12,3,0.0,0.0,0.25,2.6551192024309023,0.936040059634776
hepatite_c_hcv,VILA BELA DA SANTISSIMA TRINDADE,8,9,2,0.0,0.0,0.125,1.7033163569469758,1.7922665635920074
hepatite_c_hcv,VILA RICA,19,24,2,0.0,0.0,0.10526315789473684,0.4855157577022151,1.282998283512744
hepatite_c_hcv,VILHENA,5,5,1,0.0,0.0,0.2,,0.39999999999999997
hepatite_d_hdv,NOVA MUTUM,1,1,0,0.0,0.0,0.0,0.0,0.0
hepatite_d_hdv,POCONE,1,1,0,0.0,0.0,0.0,0.0,0.06830926590653164
hepatite_d_hdv,VARZEA GRANDE,1,1,0,0.0,0.0,0.0,0.0,0.0
herpes_simples_arbov_rus,CHAPADA DOS GUIMARAES,1,1,0,0.0,0.0,0.0,0.0,0.03629330306869366
herpes_simples_bact_rias_cultura,CUIABA,1,1,0,0.0,0.0,0.0,0.0,0.0
herpes_simples_chagas,CANARANA,1,1,0,0.0,0.0,0.0,0.0,0.0
herpes_simples_chagas_igg,CANARANA,1,2,0,0.0,0.0,0.0,0.0,0.0
herpes_simples_chagas_igm,CANARANA,1,2,0,0.0,0.0,0.0,0.0,0.0
herpes_simples_citomegalov_rus_igg,CUIABA,1,1,0,0.0,0.0,0.0,0.0,0.0
herpes_simples_citomegalov_rus_igg,DIAMANTINO,1,1,0,0.0,0.0,0.0,,0.0
herpes_simples_citomegalov_rus_igg,NOVA MUTUM,3,3,0,0.0,0.0,0.0,0.0,0.0
herpes_simples_citomegalov_rus_igg,VARZEA GRANDE,1,1,0,0.0,0.0,0.0,0.0,0.0
herpes_simples_citomegalov_rus_igg_avidez,DIAMANTINO,1,1,0,0.0,0.0,0.0,,0.0
herpes_simples_citomegalov_rus_igg_avidez,NOVA MUTUM,1,1,0,0.0,0.0,0.0,0.0,0.0
herpes_simples_citomegalov_rus_igm,CUIABA,1,1,0,0.0,0.0,0.0,0.0,0.0
herpes_simples_citomegalov_rus_igm,DIAMANTINO,1,1,0,0.0,0.0,0.0,,0.0
herpes_simples_citomegalov_rus_igm,NOVA MUTUM,3,3,0,0.0,0.0,0.0,0.0,0.0
herpes_simples_citomegalov_rus_igm,VARZEA GRANDE,1,1,0,0.0,0.0,0.0,0.0,0.0
herpes_simples_cultura_para_fungos,CARLINDA,1,1,0,0.0,0.0,0.0,,0.01948302364864872
herpes_simples_cultura_para_fungos,CUIABA,1,1,0,0.0,0.0,0.0,0.0,0.0
herpes_simples_epstein_barr_igg,DIAMANTINO,1,1,0,0.0,0.0,0.0,,0.0
herpes_simples_epstein_barr_igg,VARZEA GRANDE,1,1,0,0.0,0.0,0.0,0.0,0.0
herpes_simples_epstein_barr_igm,DIAMANTINO,1,1,0,0.0,0.0,0.0,,0.0
herpes_simples_epstein_barr_igm,VARZEA GRANDE,1,1,0,0.0,0.0,0.0,0.0,0.0
herpes_simples_fungos,CARLINDA,1,1,0,0.0,0.0,0.0,,0.01948302364864872
herpes_simples_fungos,CUIABA,1,1,0,0.0,0.0,0.0,0.0,0.0
herpes_simples_fungos_teste_de_sensibilidade,CARLINDA,1,1,0,0.0,0.0,0.0,,0.01948302364864872
herpes_simples_fungos_teste_de_sensibilidade,CUIABA,1,1,0,0.0,0.0,0.0,0.0,0.0
herpes_simples_herpes_simplex_1_e_2_biologia_molecular,ARIPUANA,1,1,0,0.0,0.0,0.0,0.0,0.05382992328265769
herpes_simples_herpes_simplex_1_e_2_biologia_molecular,CAMPO VERDE,2,2,0,0.0,0.0,0.0,0.0,0.0
herpes_simples_herpes_simplex_1_e_2_biologia_molecular,CUIABA,7,8,0,0.0,0.0,0.0,0.0,0.6123724356957946
herpes_simples_herpes_simplex_1_e_2_biologia_molecular,DIAMANTINO,1,2,0,0.0,0.0,0.0,,0.0
herpes_simples_herpes_simplex_1_e_2_biologia_molecular,MIRASSOL D''OESTE,2,2,0,0.0,0.0,0.0,,0.0
herpes_simples_herpes_simplex_1_e_2_biologia_molecular,SAO JOSE DO XINGU,1,1,0,0.0,0.0,0.0,0.0,0.10040118595157664
herpes_simples_herpes_simplex_1_e_2_biologia_molecular,SINOP,2,2,0,0.0,0.0,0.0,,0.0
herpes_simples_herpes_simplex_1_e_2_biologia_molecular,VARZEA GRANDE,1,1,0,0.0,0.0,0.0,,0.0
herpes_simples_herpes_simplex_1_e_2_biologia_molecular,VILA RICA,1,1,0,0.0,0.0,0.0,0.0,0.04660449394707213
herpes_simples_herpes_v_rus_biologia_molecular,ARIPUANA,1,1,0,0.0,0.0,0.0,0.0,0.05382992328265769
herpes_simples_herpes_v_rus_igg,ARIPUANA,1,1,0,0.0,0.0,0.0,0.0,0.05382992328265769
herpes_simples_herpes_v_rus_igg,CAMPO VERDE,2,2,0,0.0,0.0,0.0,0.0,0.0
herpes_simples_herpes_v_rus_igg,CANARANA,1,1,0,0.0,0.0,0.0,0.0,0.0
herpes_simples_herpes_v_rus_igg,CUIABA,4,4,0,0.0,0.0,0.0,0.0,0.0
herpes_simples_herpes_v_rus_igg,DIAMANTINO,1,1,0,0.0,0.0,0.0,,0.0
herpes_simples_herpes_v_rus_igg,GUARANTA DO NORTE,2,2,0,0.0,0.0,0.0,,0.0
herpes_simples_herpes_v_rus_igg,MIRASSOL D''OESTE,3,3,0,0.0,0.0,0.0,,0.0
herpes_simples_herpes_v_rus_igg,SAO JOSE DO XINGU,1,1,0,0.0,0.0,0.0,0.0,0.10040118595157664
herpes_simples_herpes_v_rus_igg,SINOP,1,1,0,0.0,0.0,0.0,,0.0
herpes_simples_herpes_v_rus_igg,SORRISO,2,2,0,0.0,0.0,0.0,0.0,0.0
herpes_simples_herpes_v_rus_igg,VARZEA GRANDE,2,2,0,0.0,0.0,0.0,0.0,0.0
herpes_simples_herpes_v_rus_igg,VILA RICA,1,1,0,0.0,0.0,0.0,0.0,0.04660449394707213
herpes_simples_herpes_v_rus_igm,ARIPUANA,1,1,0,0.0,0.0,0.0,0.0,0.05382992328265769
herpes_simples_herpes_v_rus_igm,CAMPO VERDE,2,2,0,0.0,0.0,0.0,0.0,0.0
herpes_simples_herpes_v_rus_igm,CANARANA,1,1,0,0.0,0.0,0.0,0.0,0.0
herpes_simples_herpes_v_rus_igm,CUIABA,4,4,0,0.0,0.0,0.0,0.0,0.0
herpes_simples_herpes_v_rus_igm,DIAMANTINO,1,1,0,0.0,0.0,0.0,,0.0
herpes_simples_herpes_v_rus_igm,GUARANTA DO NORTE,2,2,0,0.0,0.0,0.0,,0.0
herpes_simples_herpes_v_rus_igm,MIRASSOL D''OESTE,3,3,0,0.0,0.0,0.0,,0.0
herpes_simples_herpes_v_rus_igm,SAO JOSE DO XINGU,1,1,0,0.0,0.0,0.0,0.0,0.10040118595157664
herpes_simples_herpes_v_rus_igm,SINOP,1,1,0,0.0,0.0,0.0,,0.0
herpes_simples_herpes_v_rus_igm,SORRISO,2,2,0,0.0,0.0,0.0,0.0,0.0
herpes_simples_herpes_v_rus_igm,VARZEA GRANDE,2,2,0,0.0,0.0,0.0,0.0,0.0
herpes_simples_herpes_v_rus_igm,VILA RICA,1,1,0,0.0,0.0,0.0,0.0,0.04660449394707213
herpes_simples_parvov_rus_b19_igg,SINOP,1,1,0,0.0,0.0,0.0,,0.0
herpes_simples_parvov_rus_b19_igm,SINOP,1,1,0,0.0,0.0,0.0,,0.0
herpes_simples_rub_ola_biologia_molecular,VARZEA GRANDE,1,1,0,0.0,0.0,0.0,0.0,0.0
herpes_simples_rub_ola_igg,CHAPADA DOS GUIMARAES,1,2,0,0.0,0.0,0.0,0.0,0.03629330306869366
herpes_simples_rub_ola_igg,VARZEA GRANDE,1,3,0,0.0,0.0,0.0,0.0,0.0
herpes_simples_rub_ola_igm,CHAPADA DOS GUIMARAES,1,2,0,0.0,0.0,0.0,0.0,0.03629330306869366
herpes_simples_rub_ola_igm,VARZEA GRANDE,1,2,0,0.0,0.0,0.0,0.0,0.0
herpes_simples_sarampo_igg,CHAPADA DOS GUIMARAES,1,2,0,0.0,0.0,0.0,0.0,0.03629330306869366
herpes_simples_sarampo_igm,CHAPADA DOS GUIMARAES,1,2,0,0.0,0.0,0.0,0.0,0.03629330306869366
herpes_simples_var_ola,CUIABA,2,2,0,0.0,0.0,0.0,0.0,0.0
herpes_simples_var_ola,LUCAS DO RIO VERDE,1,2,0,0.0,0.0,0.0,0.0,0.0
herpes_simples_varicela_biologia_molecular,CUIABA,1,1,0,0.0,0.0,0.0,0.0,0.0
herpes_simples_varicela_zoster_biologia_molecular,CANARANA,1,1,0,0.0,0.0,0.0,0.0,0.0
herpes_simples_varicela_zoster_biologia_molecular,CUIABA,3,3,0,0.0,0.0,0.0,0.0,0.0
herpes_simples_varicela_zoster_biologia_molecular,LUCAS DO RIO VERDE,1,1,0,0.0,0.0,0.0,0.0,0.0
hidatidose_hidatidose_igg,CAMPINAPOLIS,2,3,0,0.0,0.0,0.0,0.0,0.44760158009572104
hidatidose_hidatidose_igg,CUIABA,4,5,0,0.0,0.0,0.0,0.0,0.43301270189221935
hidatidose_hidatidose_igg,GUIRATINGA,1,2,0,0.0,0.0,0.0,0.0,0.017114108248873782
hidatidose_hidatidose_igg,NOVA SANTA HELENA,2,3,0,0.0,0.0,0.0,0.0,0.168625
hidatidose_hidatidose_igg,SANTA RITA DO TRIVELATO,1,1,0,0.0,0.0,0.0,0.0,0.0
histoplasmose,BARAO DE MELGACO,1,1,0,0.0,0.0,0.0,0.0,0.5
histoplasmose,CAMPO NOVO DO PARECIS,1,1,0,0.0,0.0,0.0,0.0,0.0
histoplasmose,CAMPO VERDE,1,1,0,0.0,0.0,0.0,0.0,0.0
histoplasmose,CASCAVEL,1,1,0,0.0,0.0,0.0,,0.0
histoplasmose,COLIDER,2,2,0,0.0,0.0,0.0,0.0,0.0
histoplasmose,JANGADA,1,1,0,0.0,0.0,0.0,0.0,0.056065913569820006
histoplasmose,PARANAITA,1,1,0,0.0,0.0,0.0,0.0,0.0
histoplasmose,POXOREO,1,1,0,0.0,0.0,0.0,,0.0
histoplasmose,RONDONOPOLIS,3,3,1,0.0,0.0,0.3333333333333333,0.13085853668749933,0.5656854249492381
histoplasmose,SINOP,8,8,1,0.0,0.0,0.125,0.08391514500537058,1.058300524425836
histoplasmose_aspergilose,JUARA,1,2,0,0.0,0.0,0.0,,0.0
histoplasmose_aspergilose,PARANATINGA,1,1,0,0.0,0.0,0.0,,0.02608180602477483
histoplasmose_aspergilose,SANTO ANTONIO DO LEVERGER,2,2,0,0.0,0.0,0.0,0.0,0.07961264780405415
histoplasmose_aspergilose,SINOP,1,1,0,0.0,0.0,0.0,0.0,0.0
histoplasmose_bact_rias_cultura,SINOP,1,1,0,0.0,0.0,0.0,0.0,0.0
histoplasmose_bact_rias_teste_de_sensibilidade,SINOP,1,1,0,0.0,0.0,0.0,0.0,0.0
histoplasmose_criptococos,SORRISO,1,1,0,0.0,0.0,0.0,,0.0
histoplasmose_criptococos_teste_r_pido,SINOP,1,1,0,0.0,0.0,0.0,0.0,0.0
histoplasmose_cultura_para_fungos,JUARA,1,2,0,0.0,0.0,0.0,,0.0
histoplasmose_fungos,JUARA,1,2,0,0.0,0.0,0.0,,0.0
histoplasmose_histoplasmose,ARIPUANA,2,2,0,0.0,0.0,0.0,,0.05382992328265769
histoplasmose_histoplasmose,CHAPADA DOS GUIMARAES,1,1,0,0.0,0.0,0.0,,0.03629330306869366
histoplasmose_histoplasmose,CLAUDIA,1,1,0,0.0,0.0,0.0,,0.0
histoplasmose_histoplasmose,CUIABA,14,14,0,0.0,0.0,0.0,0.0,0.0
histoplasmose_histoplasmose,JUARA,2,3,0,0.0,0.0,0.0,0.0,0.168625
histoplasmose_histoplasmose,JURUENA,1,1,0,0.0,0.0,0.0,,0.0634907305743244
histoplasmose_histoplasmose,NOBRES,1,1,0,0.0,0.0,0.0,0.0,0.021030651745495524
histoplasmose_histoplasmose,PARANATINGA,1,1,0,0.0,0.0,0.0,,0.02608180602477483
histoplasmose_histoplasmose,PORTO ESPERIDIAO,1,1,0,0.0,0.0,0.0,,0.05470817849099111
histoplasmose_histoplasmose,RONDONOPOLIS,1,1,0,0.0,0.0,0.0,,0.0
histoplasmose_histoplasmose,SANTO ANTONIO DO LEVERGER,2,2,0,0.0,0.0,0.0,0.0,0.07961264780405415
histoplasmose_histoplasmose,SINOP,8,8,0,0.0,0.0,0.0,0.0,0.0
histoplasmose_histoplasmose,SORRISO,1,1,0,0.0,0.0,0.0,,0.0
histoplasmose_histoplasmose,TANGARA DA SERRA,1,1,0,0.0,0.0,0.0,,0.0
histoplasmose_histoplasmose,VARZEA GRANDE,2,2,0,0.0,0.0,0.0,0.0,0.0
histoplasmose_histoplasmose,VILA BELA DA SANTISSIMA TRINDADE,1,1,0,0.0,0.0,0.0,,0.11178052505630645
histoplasmose_paracoccidioidomicose,PARANATINGA,1,1,0,0.0,0.0,0.0,,0.02608180602477483
histoplasmose_paracoccidioidomicose,SINOP,1,1,0,0.0,0.0,0.0,,0.0
histoplasmose_pesquisa_de_genes_de_resist_ncia,SINOP,1,1,0,0.0,0.0,0.0,0.0,0.0
hiv,AGUA BOA,1,3,1,0.0,0.0,0.3333333333333333,3.422430610219378,0.0
hiv,ALTA FLORESTA,9,28,15,0.0,0.0,0.5092592592592592,3.0655965661952416,0.9340838766615119
hiv,APIACAS,1,3,3,0.0,0.0,1.0,28.76042565429968,0.00506539625563067
hiv,ARENAPOLIS,1,2,0,0.0,0.0,0.0,0.0,0.0
hiv,BARRA DO BUGRES,3,3,0,0.0,0.0,0.0,0.0,0.0017327737894144602
hiv,BOA VISTA,1,2,0,0.0,0.0,0.0,,0.0
hiv,BOM JESUS DO ARAGUAIA,3,6,0,0.0,0.0,0.0,0.0,0.29066924268018024
hiv,BRASNORTE,2,4,0,0.0,0.0,0.0,0.0,0.0
hiv,CACERES,1,2,2,0.0,0.0,1.0,,0.01077642877252243
hiv,CAMPO NOVO DO PARECIS,4,6,0,0.0,0.0,0.0,0.0,0.168625
hiv,CAMPOS DE JULIO,4,9,0,0.0,0.0,0.0,0.0,0.6745
hiv,CANARANA,3,5,0,0.0,0.0,0.0,0.0,0.17677669529663684
hiv,COLIDER,2,5,0,0.0,0.0,0.0,0.0,0.168625
hiv,CONFRESA,2,5,1,0.0,0.0,0.16666666666666666,1.4255167498218104,0.48613562077702704
hiv,CUIABA,19,71,32,0.0,0.0,0.46345029239766083,0.27607296842040485,1.01175
hiv,CURITIBA,1,3,0,0.0,0.0,0.0,,0.0
hiv,DIAMANTINO,2,3,1,0.0,0.0,0.5,2.2101401228837907,0.2698
hiv,GUARANTA DO NORTE,9,25,10,0.0,0.0,0.37037037037037035,3.350588466166152,0.6825635585699797
hiv,IPIRANGA DO NORTE,1,3,0,0.0,0.0,0.0,0.0,0.0
hiv,ITANHANGA,1,1,1,0.0,0.0,1.0,,0.0
hiv,JUARA,9,34,3,0.0,0.0,0.1111111111111111,1.064767610306042,1.25
hiv,JUINA,1,3,1,0.0,0.0,0.3333333333333333,2.1098381754119457,0.0
hiv,JURUENA,1,2,2,0.0,0.0,1.0,11.896972220569864,0.0634907305743244
hiv,LAGOA DA CONFUSAO,1,2,0,0.0,0.0,0.0,,0.0
hiv,LUCAS DO RIO VERDE,5,12,7,0.0,0.0,0.5333333333333333,2.255182216913259,0.9994919847751583
hiv,MATUPA,4,13,3,0.0,0.0,0.16666666666666666,3.866855652887286,1.6207132343068142
hiv,MIRASSOL D''OESTE,2,4,0,0.0,0.0,0.0,,0.168625
hiv,NOVA BANDEIRANTES,1,3,3,0.0,0.0,1.0,18.68925990530775,0.027430046452702812
hiv,NOVA MUTUM,19,55,5,0.0,0.0,0.11578947368421054,0.4425651562232017,1.5177148405425092
hiv,NOVA UBIRATA,3,6,6,0.0,0.0,1.0,21.297164236997723,0.32082425394144143
hiv,NOVA XAVANTINA,1,7,0,0.0,0.0,0.0,0.0,0.0
hiv,NOVO HORIZONTE DO NORTE,1,2,1,0.0,0.0,0.5,30.609121518212426,0.0024828512105856504
hiv,PARANAITA,1,3,1,0.0,0.0,0.3333333333333333,8.568246080027418,0.0
hiv,PEDRA PRETA,1,2,0,0.0,0.0,0.0,0.0,0.0
hiv,PEIXOTO DE AZEVEDO,3,5,0,0.0,0.0,0.0,0.0,0.19741806635519552
hiv,POCONE,4,12,4,0.0,0.0,0.3333333333333333,3.1853220360578454,0.6753592659065316
hiv,PONTES E LACERDA,8,19,2,0.0,0.0,0.1875,0.4564399254285746,1.25
hiv,PORTO DOS GAUCHOS,1,1,0,0.0,0.0,0.0,0.0,0.00188468820382883
hiv,PORTO VELHO,1,1,0,0.0,0.0,0.0,,0.0
hiv,PRIMAVERA DO LESTE,1,5,0,0.0,0.0,0.0,0.0,0.0
hiv,RIBEIRAO CASCALHEIRA,1,2,0,0.0,0.0,0.0,,0.10804437992680185
hiv,RIO NEGRO,1,3,3,0.0,0.0,1.0,,0.0
hiv,RONDONOPOLIS,3,7,3,0.0,0.0,0.3333333333333333,0.6124673861116896,0.5945194077712559
hiv,SANTA CARMEM,1,1,1,0.0,0.0,1.0,17.25625539257981,0.0
hiv,SANTA RITA DO TRIVELATO,1,1,1,0.0,0.0,1.0,,0.0
hiv,SANTO ANTONIO DO LESTE,1,4,0,0.0,0.0,0.0,0.0,0.00947566159909919
hiv,SANTO ANTONIO DO LEVERGER,7,19,3,0.0,0.0,0.14285714285714285,2.5546699366441854,1.0594085449173254
hiv,SAO FELIX DO ARAGUAIA,2,3,0,0.0,0.0,0.0,0.0,0.3312968538851352
hiv,SINOP,26,58,39,0.0,0.0,0.6153846153846154,0.8718280042641953,1.8314391563496617
hiv,SORRISO,6,24,0,0.0,0.0,0.0,,0.2810416666666667
hiv,TABAPORA,1,1,1,0.0,0.0,1.0,,0.0
hiv,TANGARA DA SERRA,4,8,0,0.0,0.0,0.0,0.0,0.33725
hiv,TAPURAH,2,3,0,0.0,0.0,0.0,0.0,0.168625
hiv,TERRA NOVA DO NORTE,6,21,9,0.0,0.0,0.4166666666666667,37.30647267300877,0.6913625
hiv,VARZEA GRANDE,16,49,12,0.0,0.0,0.28854166666666664,0.24601124540678673,1.4222363581465243
hiv,VIDEIRA,1,1,0,0.0,0.0,0.0,,0.0
hiv,XINGUARA,1,1,1,0.0,0.0,1.0,,0.0
htlv_citomegalov_rus_igg,CHAPADA DOS GUIMARAES,2,4,0,0.0,0.0,0.0,0.0,0.20491830306869366
htlv_citomegalov_rus_igg_avidez,CHAPADA DOS GUIMARAES,2,4,0,0.0,0.0,0.0,0.0,0.20491830306869366
htlv_citomegalov_rus_igm,CHAPADA DOS GUIMARAES,2,4,0,0.0,0.0,0.0,0.0,0.20491830306869366
htlv_htlv_i_ii_v_rus_linfotr_pico_humano_tipo_i_e_ii,AGUA BOA,7,7,0,0.0,0.0,0.0,0.0,0.0
htlv_htlv_i_ii_v_rus_linfotr_pico_humano_tipo_i_e_ii,ALTO PARAISO,1,1,0,0.0,0.0,0.0,,0.0
htlv_htlv_i_ii_v_rus_linfotr_pico_humano_tipo_i_e_ii,BARRA DO GARCAS,1,2,0,0.0,0.0,0.0,0.0,0.0
htlv_htlv_i_ii_v_rus_linfotr_pico_humano_tipo_i_e_ii,CACERES,3,3,0,0.0,0.0,0.0,0.0,0.01077642877252243
htlv_htlv_i_ii_v_rus_linfotr_pico_humano_tipo_i_e_ii,CAMPO VERDE,1,2,0,0.0,0.0,0.0,,0.0
htlv_htlv_i_ii_v_rus_linfotr_pico_humano_tipo_i_e_ii,CUIABA,8,9,0,0.0,0.0,0.0,0.0,0.6614378277661476
htlv_htlv_i_ii_v_rus_linfotr_pico_humano_tipo_i_e_ii,GUARANTA DO NORTE,5,5,0,0.0,0.0,0.0,0.0,0.0
htlv_htlv_i_ii_v_rus_linfotr_pico_humano_tipo_i_e_ii,JUARA,1,1,0,0.0,0.0,0.0,0.0,0.0
htlv_htlv_i_ii_v_rus_linfotr_pico_humano_tipo_i_e_ii,MIRASSOL D''OESTE,1,1,0,0.0,0.0,0.0,,0.0
htlv_htlv_i_ii_v_rus_linfotr_pico_humano_tipo_i_e_ii,QUERENCIA,2,2,1,0.0,0.0,0.5,1.607717041800643,0.2698
htlv_htlv_i_ii_v_rus_linfotr_pico_humano_tipo_i_e_ii,SAPEZAL,1,1,0,0.0,0.0,0.0,0.0,0.0
htlv_htlv_i_ii_v_rus_linfotr_pico_humano_tipo_i_e_ii,SINOP,6,7,0,0.0,0.0,0.0,0.0,0.5590169943749475
htlv_htlv_i_ii_v_rus_linfotr_pico_humano_tipo_i_e_ii,SORRISO,4,5,0,0.0,0.0,0.0,0.0,0.43301270189221935
htlv_htlv_i_ii_v_rus_linfotr_pico_humano_tipo_i_e_ii,UNIAO DO SUL,1,1,0,0.0,0.0,0.0,,0.00187994087837845
htlv_htlv_i_ii_v_rus_linfotr_pico_humano_tipo_i_e_ii,VARZEA GRANDE,2,3,0,0.0,0.0,0.0,0.0,0.168625
htlv_htlv_i_ii_v_rus_linfotr_pico_humano_tipo_i_e_ii,VERA,1,1,0,0.0,0.0,0.0,,0.0
htlv_i_ii_virus_linfotropico_humano_tipo_i_e_ii,CACERES,3,3,3,0.0,0.0,1.0,1.1071852635692572,0.15219778500983064
htlv_i_ii_virus_linfotropico_humano_tipo_i_e_ii,GUARANTA DO NORTE,7,10,0,0.0,0.0,0.0,0.0,0.5393193716300061
htlv_i_ii_virus_linfotropico_humano_tipo_i_e_ii,SAO BENTO,1,1,1,0.0,0.0,1.0,,0.0
infec_o_coloniza_o_bact_rias_cultura,ACRELANDIA,1,2,0,0.0,0.0,0.0,,0.0
infec_o_coloniza_o_bact_rias_cultura,AGUA BOA,1,1,0,0.0,0.0,0.0,0.0,0.0
infec_o_coloniza_o_bact_rias_cultura,ARAPUTANGA,1,2,0,0.0,0.0,0.0,0.0,0.0
infec_o_coloniza_o_bact_rias_cultura,ARENAPOLIS,1,1,0,0.0,0.0,0.0,0.0,0.0
infec_o_coloniza_o_bact_rias_cultura,ARIPUANA,1,1,0,0.0,0.0,0.0,0.0,0.05382992328265769
infec_o_coloniza_o_bact_rias_cultura,BACABAL,2,7,0,0.0,0.0,0.0,,0.168625
infec_o_coloniza_o_bact_rias_cultura,BARRA DO BUGRES,4,12,0,0.0,0.0,0.0,0.0,0.33898277378941444
infec_o_coloniza_o_bact_rias_cultura,BARRA DO GARCAS,1,5,0,0.0,0.0,0.0,0.0,0.0
infec_o_coloniza_o_bact_rias_cultura,BIRIGUI,1,1,0,0.0,0.0,0.0,,0.0
infec_o_coloniza_o_bact_rias_cultura,CACERES,6,9,0,0.0,0.0,0.0,0.0,0.17940142877252244
infec_o_coloniza_o_bact_rias_cultura,CAMPINAPOLIS,2,3,0,0.0,0.0,0.0,0.0,0.44760158009572104
infec_o_coloniza_o_bact_rias_cultura,CAMPO VERDE,2,2,0,0.0,0.0,0.0,0.0,0.0
infec_o_coloniza_o_bact_rias_cultura,CASCAVEL,1,1,0,0.0,0.0,0.0,,0.0
infec_o_coloniza_o_bact_rias_cultura,CASEARA,1,1,0,0.0,0.0,0.0,,0.0
infec_o_coloniza_o_bact_rias_cultura,CHAPADA DOS GUIMARAES,2,3,0,0.0,0.0,0.0,0.0,0.20491830306869366
infec_o_coloniza_o_bact_rias_cultura,CLAUDIA,2,4,0,0.0,0.0,0.0,0.0,0.0
infec_o_coloniza_o_bact_rias_cultura,COLIDER,2,4,0,0.0,0.0,0.0,,0.168625
infec_o_coloniza_o_bact_rias_cultura,COMODORO,1,1,0,0.0,0.0,0.0,0.0,0.0
infec_o_coloniza_o_bact_rias_cultura,CONFRESA,2,2,0,0.0,0.0,0.0,0.0,0.047710620777027084
infec_o_coloniza_o_bact_rias_cultura,CRUZEIRO DO SUL,1,1,0,0.0,0.0,0.0,,0.0
infec_o_coloniza_o_bact_rias_cultura,CUIABA,18,30,0,0.0,0.0,0.0,0.0,0.8685990362153793
infec_o_coloniza_o_bact_rias_cultura,CURVELANDIA,2,2,0,0.0,0.0,0.0,0.0,0.0
infec_o_coloniza_o_bact_rias_cultura,DOM AQUINO,2,2,0,0.0,0.0,0.0,0.0,0.0
infec_o_coloniza_o_bact_rias_cultura,FELIZ NATAL,2,2,0,0.0,0.0,0.0,0.0,0.0
infec_o_coloniza_o_bact_rias_cultura,GLORIA D''OESTE,3,6,0,0.0,0.0,0.0,,0.35355339059327373
infec_o_coloniza_o_bact_rias_cultura,GUIRATINGA,1,1,0,0.0,0.0,0.0,0.0,0.017114108248873782
infec_o_coloniza_o_bact_rias_cultura,ITANHANGA,1,1,0,0.0,0.0,0.0,0.0,0.0
infec_o_coloniza_o_bact_rias_cultura,JACIARA,1,1,0,0.0,0.0,0.0,0.0,0.0
infec_o_coloniza_o_bact_rias_cultura,JUINA,1,1,0,0.0,0.0,0.0,0.0,0.0
infec_o_coloniza_o_bact_rias_cultura,JURUENA,1,1,0,0.0,0.0,0.0,,0.0634907305743244
infec_o_coloniza_o_bact_rias_cultura,LAGO VERDE,1,1,0,0.0,0.0,0.0,,0.0
infec_o_coloniza_o_bact_rias_cultura,MIRASSOL D''OESTE,4,5,0,0.0,0.0,0.0,,0.43301270189221935
infec_o_coloniza_o_bact_rias_cultura,NOSSA SENHORA DO LIVRAMENTO,4,5,0,0.0,0.0,0.0,0.0,0.540568107297625
infec_o_coloniza_o_bact_rias_cultura,NOVA LACERDA,1,1,0,0.0,0.0,0.0,0.0,0.03343541314752269
infec_o_coloniza_o_bact_rias_cultura,NOVA MUTUM,2,6,0,0.0,0.0,0.0,0.0,0.168625
infec_o_coloniza_o_bact_rias_cultura,NOVA SANTA HELENA,1,2,0,0.0,0.0,0.0,0.0,0.0
infec_o_coloniza_o_bact_rias_cultura,NOVA XAVANTINA,1,4,0,0.0,0.0,0.0,0.0,0.0
infec_o_coloniza_o_bact_rias_cultura,NOVO PROGRESSO,1,1,0,0.0,0.0,0.0,,0.0
infec_o_coloniza_o_bact_rias_cultura,PEIXOTO DE AZEVEDO,3,3,0,0.0,0.0,0.0,0.0,0.02064137105855867
infec_o_coloniza_o_bact_rias_cultura,PLACAS,1,1,0,0.0,0.0,0.0,,0.0
infec_o_coloniza_o_bact_rias_cultura,POCONE,1,2,0,0.0,0.0,0.0,0.0,0.06830926590653164
infec_o_coloniza_o_bact_rias_cultura,PONTES E LACERDA,7,8,0,0.0,0.0,0.0,0.0,0.6123724356957945
infec_o_coloniza_o_bact_rias_cultura,PRIMAVERA DO LESTE,2,3,0,0.0,0.0,0.0,0.0,0.168625
infec_o_coloniza_o_bact_rias_cultura,RESERVA DO CABACAL,1,1,0,0.0,0.0,0.0,0.0,0.004149162443693711
infec_o_coloniza_o_bact_rias_cultura,RIBEIRAOZINHO,1,1,0,0.0,0.0,0.0,0.0,0.01169266258445951
infec_o_coloniza_o_bact_rias_cultura,RIO BRANCO,1,1,0,0.0,0.0,0.0,0.0,0.014241976351351361
infec_o_coloniza_o_bact_rias_cultura,RONDONOPOLIS,9,18,0,0.0,0.0,0.0,0.0,0.6846531968814576
infec_o_coloniza_o_bact_rias_cultura,SANTA RITA DO ARAGUAIA,1,1,0,0.0,0.0,0.0,,0.0
infec_o_coloniza_o_bact_rias_cultura,SANTO ANTONIO DO LEVERGER,1,1,0,0.0,0.0,0.0,0.0,0.07961264780405415
infec_o_coloniza_o_bact_rias_cultura,SAO JOSE DO POVO,1,1,0,0.0,0.0,0.0,,0.021652551379504583
infec_o_coloniza_o_bact_rias_cultura,SAO JOSE DOS QUATRO MARCOS,4,4,0,0.0,0.0,0.0,0.0,0.0
infec_o_coloniza_o_bact_rias_cultura,SINOP,6,33,0,0.0,0.0,0.0,0.0,0.71665625
infec_o_coloniza_o_bact_rias_cultura,SORRISO,9,25,0,0.0,0.0,0.0,0.0,0.6072910128609479
infec_o_coloniza_o_bact_rias_cultura,TABAPORA,1,1,0,0.0,0.0,0.0,0.0,0.0
infec_o_coloniza_o_bact_rias_cultura,TAPURAH,2,2,0,0.0,0.0,0.0,0.0,0.0
infec_o_coloniza_o_bact_rias_cultura,TESOURO,1,1,0,0.0,0.0,0.0,,0.07822168144707219
infec_o_coloniza_o_bact_rias_cultura,UNIAO DO SUL,1,2,0,0.0,0.0,0.0,,0.00187994087837845
infec_o_coloniza_o_bact_rias_cultura,VARGEAO,1,2,0,0.0,0.0,0.0,,0.0
infec_o_coloniza_o_bact_rias_cultura,VARZEA GRANDE,8,18,0,0.0,0.0,0.0,0.0,1.25
infec_o_coloniza_o_bact_rias_cultura,VERA,1,1,0,0.0,0.0,0.0,,0.0
infec_o_coloniza_o_bact_rias_identifica_o,ACORIZAL,2,2,0,0.0,0.0,0.0,0.0,0.03850080940315332
infec_o_coloniza_o_bact_rias_identifica_o,ALTA FLORESTA D''OESTE,1,1,0,0.0,0.0,0.0,,0.0
infec_o_coloniza_o_bact_rias_identifica_o,ARAPUTANGA,1,1,0,0.0,0.0,0.0,0.0,0.0
infec_o_coloniza_o_bact_rias_identifica_o,ARENAPOLIS,1,1,0,0.0,0.0,0.0,0.0,0.0
infec_o_coloniza_o_bact_rias_identifica_o,ARIPUANA,1,1,0,0.0,0.0,0.0,0.0,0.05382992328265769
infec_o_coloniza_o_bact_rias_identifica_o,BARRA DO BUGRES,3,4,0,0.0,0.0,0.0,0.0,0.35528616438268823
infec_o_coloniza_o_bact_rias_identifica_o,BARRA DO GARCAS,1,5,0,0.0,0.0,0.0,0.0,0.0
infec_o_coloniza_o_bact_rias_identifica_o,BRASNORTE,1,1,0,0.0,0.0,0.0,0.0,0.0
infec_o_coloniza_o_bact_rias_identifica_o,CACERES,3,5,0,0.0,0.0,0.0,0.0,0.18755312406915928
infec_o_coloniza_o_bact_rias_identifica_o,CAMPINAPOLIS,2,2,0,0.0,0.0,0.0,0.0,0.27897658009572107
infec_o_coloniza_o_bact_rias_identifica_o,CAMPO GRANDE,1,1,0,0.0,0.0,0.0,,0.0
infec_o_coloniza_o_bact_rias_identifica_o,CAMPO VERDE,1,1,0,0.0,0.0,0.0,0.0,0.0
infec_o_coloniza_o_bact_rias_identifica_o,CASEARA,1,1,0,0.0,0.0,0.0,,0.0
infec_o_coloniza_o_bact_rias_identifica_o,CHAPADA DOS GUIMARAES,7,7,0,0.0,0.0,0.0,0.0,0.03629330306869366
infec_o_coloniza_o_bact_rias_identifica_o,CLAUDIA,1,1,0,0.0,0.0,0.0,0.0,0.0
infec_o_coloniza_o_bact_rias_identifica_o,CONFRESA,2,2,0,0.0,0.0,0.0,0.0,0.047710620777027084
infec_o_coloniza_o_bact_rias_identifica_o,CONQUISTA D''OESTE,1,1,0,0.0,0.0,0.0,,0.0
infec_o_coloniza_o_bact_rias_identifica_o,COTRIGUACU,1,1,0,0.0,0.0,0.0,0.0,0.10213395974099129
infec_o_coloniza_o_bact_rias_identifica_o,CUIABA,22,48,0,0.0,0.0,0.0,0.0,0.505875
infec_o_coloniza_o_bact_rias_identifica_o,DENISE,1,1,0,0.0,0.0,0.0,0.0,0.0
infec_o_coloniza_o_bact_rias_identifica_o,DOM AQUINO,1,1,0,0.0,0.0,0.0,,0.0
infec_o_coloniza_o_bact_rias_identifica_o,FELIZ NATAL,1,1,0,0.0,0.0,0.0,0.0,0.0
infec_o_coloniza_o_bact_rias_identifica_o,GAUCHA DO NORTE,1,1,0,0.0,0.0,0.0,0.0,0.07570559895833356
infec_o_coloniza_o_bact_rias_identifica_o,GUARANTA DO NORTE,1,1,0,0.0,0.0,0.0,0.0,0.0
infec_o_coloniza_o_bact_rias_identifica_o,GUARULHOS,1,1,0,0.0,0.0,0.0,,0.0
infec_o_coloniza_o_bact_rias_identifica_o,ITANHANGA,1,1,0,0.0,0.0,0.0,0.0,0.0
infec_o_coloniza_o_bact_rias_identifica_o,JUINA,2,2,0,0.0,0.0,0.0,0.0,0.0
infec_o_coloniza_o_bact_rias_identifica_o,LUCAS DO RIO VERDE,3,3,0,0.0,0.0,0.0,0.0,0.0
infec_o_coloniza_o_bact_rias_identifica_o,MATUPA,1,1,0,0.0,0.0,0.0,0.0,0.0
infec_o_coloniza_o_bact_rias_identifica_o,MIRASSOL D''OESTE,4,5,0,0.0,0.0,0.0,,0.43301270189221935
infec_o_coloniza_o_bact_rias_identifica_o,NOBRES,2,3,0,0.0,0.0,0.0,0.0,0.18965565174549553
infec_o_coloniza_o_bact_rias_identifica_o,NOSSA SENHORA DO LIVRAMENTO,2,2,0,0.0,0.0,0.0,0.0,0.10755540540540556
infec_o_coloniza_o_bact_rias_identifica_o,NOVA MUTUM,2,6,0,0.0,0.0,0.0,0.0,0.168625
infec_o_coloniza_o_bact_rias_identifica_o,NOVA OLIMPIA,1,1,0,0.0,0.0,0.0,0.0,0.0
infec_o_coloniza_o_bact_rias_identifica_o,NOVA XAVANTINA,2,2,0,0.0,0.0,0.0,0.0,0.0
infec_o_coloniza_o_bact_rias_identifica_o,NOVO SAO JOAQUIM,1,2,0,0.0,0.0,0.0,0.0,0.04090770340653165
infec_o_coloniza_o_bact_rias_identifica_o,PEIXOTO DE AZEVEDO,1,1,0,0.0,0.0,0.0,0.0,0.02064137105855867
infec_o_coloniza_o_bact_rias_identifica_o,POCONE,2,2,0,0.0,0.0,0.0,0.0,0.06830926590653164
infec_o_coloniza_o_bact_rias_identifica_o,PONTAL DO ARAGUAIA,2,2,0,0.0,0.0,0.0,0.0,0.0
infec_o_coloniza_o_bact_rias_identifica_o,PONTES E LACERDA,4,4,0,0.0,0.0,0.0,0.0,0.0
infec_o_coloniza_o_bact_rias_identifica_o,PORTO ALEGRE,1,1,0,0.0,0.0,0.0,,0.0
infec_o_coloniza_o_bact_rias_identifica_o,PORTO ALEGRE DO NORTE,1,1,0,0.0,0.0,0.0,0.0,0.08777804757882886
infec_o_coloniza_o_bact_rias_identifica_o,PORTO ESTRELA,1,1,0,0.0,0.0,0.0,0.0,0.10080470861486512
infec_o_coloniza_o_bact_rias_identifica_o,RIBEIRAOZINHO,1,1,0,0.0,0.0,0.0,0.0,0.01169266258445951
infec_o_coloniza_o_bact_rias_identifica_o,RIO BRANCO,1,1,0,0.0,0.0,0.0,0.0,0.014241976351351361
infec_o_coloniza_o_bact_rias_identifica_o,RONDONOPOLIS,12,21,0,0.0,0.0,0.0,0.0,0.5161854012087639
infec_o_coloniza_o_bact_rias_identifica_o,ROSARIO OESTE,1,1,0,0.0,0.0,0.0,0.0,0.06282135768581094
infec_o_coloniza_o_bact_rias_identifica_o,SANTO ANTONIO DO LEVERGER,2,2,0,0.0,0.0,0.0,0.0,0.07961264780405415
infec_o_coloniza_o_bact_rias_identifica_o,SAO JOSE DOS QUATRO MARCOS,4,4,0,0.0,0.0,0.0,0.0,0.0
infec_o_coloniza_o_bact_rias_identifica_o,SINOP,4,5,0,0.0,0.0,0.0,0.0,0.43301270189221935
infec_o_coloniza_o_bact_rias_identifica_o,SORRISO,5,14,0,0.0,0.0,0.0,0.0,0.5
infec_o_coloniza_o_bact_rias_identifica_o,TABAPORA,1,1,0,0.0,0.0,0.0,0.0,0.0
infec_o_coloniza_o_bact_rias_identifica_o,TANGARA DA SERRA,3,3,0,0.0,0.0,0.0,0.0,0.0
infec_o_coloniza_o_bact_rias_identifica_o,TAPURAH,2,2,0,0.0,0.0,0.0,0.0,0.0
infec_o_coloniza_o_bact_rias_identifica_o,TESOURO,1,2,0,0.0,0.0,0.0,,0.07822168144707219
infec_o_coloniza_o_bact_rias_identifica_o,VARZEA GRANDE,9,11,0,0.0,0.0,0.0,0.0,0.4677071733467426
infec_o_coloniza_o_bact_rias_identifica_o,VILA RICA,1,1,0,0.0,0.0,0.0,0.0,0.04660449394707213
infec_o_coloniza_o_bact_rias_teste_de_sensibilidade,ACORIZAL,2,2,0,0.0,0.0,0.0,0.0,0.03850080940315332
infec_o_coloniza_o_bact_rias_teste_de_sensibilidade,AGUA BOA,1,1,0,0.0,0.0,0.0,0.0,0.0
infec_o_coloniza_o_bact_rias_teste_de_sensibilidade,ALTA FLORESTA D''OESTE,1,1,0,0.0,0.0,0.0,,0.0
infec_o_coloniza_o_bact_rias_teste_de_sensibilidade,ARAPUTANGA,1,1,0,0.0,0.0,0.0,0.0,0.0
infec_o_coloniza_o_bact_rias_teste_de_sensibilidade,ARENAPOLIS,1,1,0,0.0,0.0,0.0,0.0,0.0
infec_o_coloniza_o_bact_rias_teste_de_sensibilidade,ARIPUANA,1,1,0,0.0,0.0,0.0,0.0,0.05382992328265769
infec_o_coloniza_o_bact_rias_teste_de_sensibilidade,BACABAL,2,8,0,0.0,0.0,0.0,,0.168625
infec_o_coloniza_o_bact_rias_teste_de_sensibilidade,BARRA DO BUGRES,4,15,0,0.0,0.0,0.0,0.0,0.5076077737894145
infec_o_coloniza_o_bact_rias_teste_de_sensibilidade,BARRA DO GARCAS,1,5,0,0.0,0.0,0.0,0.0,0.0
infec_o_coloniza_o_bact_rias_teste_de_sensibilidade,BIRIGUI,1,1,0,0.0,0.0,0.0,,0.0
infec_o_coloniza_o_bact_rias_teste_de_sensibilidade,BRASNORTE,1,1,0,0.0,0.0,0.0,0.0,0.0
infec_o_coloniza_o_bact_rias_teste_de_sensibilidade,CACERES,6,9,0,0.0,0.0,0.0,0.0,0.17940142877252244
infec_o_coloniza_o_bact_rias_teste_de_sensibilidade,CAMPINAPOLIS,5,5,0,0.0,0.0,0.0,0.0,0.27897658009572107
infec_o_coloniza_o_bact_rias_teste_de_sensibilidade,CAMPO GRANDE,1,1,0,0.0,0.0,0.0,,0.0
infec_o_coloniza_o_bact_rias_teste_de_sensibilidade,CAMPO VERDE,2,4,0,0.0,0.0,0.0,0.0,0.168625
infec_o_coloniza_o_bact_rias_teste_de_sensibilidade,CASCAVEL,1,1,0,0.0,0.0,0.0,,0.0
infec_o_coloniza_o_bact_rias_teste_de_sensibilidade,CASEARA,1,2,0,0.0,0.0,0.0,,0.0
infec_o_coloniza_o_bact_rias_teste_de_sensibilidade,CHAPADA DOS GUIMARAES,10,11,0,0.0,0.0,0.0,0.0,0.7862933030686936
infec_o_coloniza_o_bact_rias_teste_de_sensibilidade,CLAUDIA,2,4,0,0.0,0.0,0.0,0.0,0.0
infec_o_coloniza_o_bact_rias_teste_de_sensibilidade,COLIDER,2,4,0,0.0,0.0,0.0,,0.168625
infec_o_coloniza_o_bact_rias_teste_de_sensibilidade,COMODORO,1,2,0,0.0,0.0,0.0,0.0,0.0
infec_o_coloniza_o_bact_rias_teste_de_sensibilidade,CONFRESA,2,4,0,0.0,0.0,0.0,0.0,0.2163356207770271
infec_o_coloniza_o_bact_rias_teste_de_sensibilidade,CONQUISTA D''OESTE,1,1,0,0.0,0.0,0.0,,0.0
infec_o_coloniza_o_bact_rias_teste_de_sensibilidade,COTRIGUACU,1,1,0,0.0,0.0,0.0,0.0,0.10213395974099129
infec_o_coloniza_o_bact_rias_teste_de_sensibilidade,CUIABA,34,80,0,0.0,0.0,0.0,0.0,0.843125
infec_o_coloniza_o_bact_rias_teste_de_sensibilidade,CURVELANDIA,1,2,0,0.0,0.0,0.0,0.0,0.0
infec_o_coloniza_o_bact_rias_teste_de_sensibilidade,DENISE,1,1,0,0.0,0.0,0.0,0.0,0.0
infec_o_coloniza_o_bact_rias_teste_de_sensibilidade,DOM AQUINO,2,4,0,0.0,0.0,0.0,0.0,0.0
infec_o_coloniza_o_bact_rias_teste_de_sensibilidade,FELIZ NATAL,3,3,0,0.0,0.0,0.0,0.0,0.0
infec_o_coloniza_o_bact_rias_teste_de_sensibilidade,GAUCHA DO NORTE,1,1,0,0.0,0.0,0.0,0.0,0.07570559895833356
infec_o_coloniza_o_bact_rias_teste_de_sensibilidade,GLORIA D''OESTE,1,3,0,0.0,0.0,0.0,,0.0
infec_o_coloniza_o_bact_rias_teste_de_sensibilidade,GUARANTA DO NORTE,1,1,0,0.0,0.0,0.0,0.0,0.0
infec_o_coloniza_o_bact_rias_teste_de_sensibilidade,GUARULHOS,1,1,0,0.0,0.0,0.0,,0.0
infec_o_coloniza_o_bact_rias_teste_de_sensibilidade,GUIRATINGA,1,1,0,0.0,0.0,0.0,0.0,0.017114108248873782
infec_o_coloniza_o_bact_rias_teste_de_sensibilidade,ITANHANGA,1,1,0,0.0,0.0,0.0,0.0,0.0
infec_o_coloniza_o_bact_rias_teste_de_sensibilidade,JACIARA,1,1,0,0.0,0.0,0.0,0.0,0.0
infec_o_coloniza_o_bact_rias_teste_de_sensibilidade,JUINA,3,3,0,0.0,0.0,0.0,0.0,0.0
infec_o_coloniza_o_bact_rias_teste_de_sensibilidade,JURUENA,1,1,0,0.0,0.0,0.0,0.0,0.0634907305743244
infec_o_coloniza_o_bact_rias_teste_de_sensibilidade,LAGO VERDE,1,1,0,0.0,0.0,0.0,,0.0
infec_o_coloniza_o_bact_rias_teste_de_sensibilidade,LUCAS DO RIO VERDE,3,3,0,0.0,0.0,0.0,0.0,0.0
infec_o_coloniza_o_bact_rias_teste_de_sensibilidade,MATUPA,1,1,0,0.0,0.0,0.0,0.0,0.0
infec_o_coloniza_o_bact_rias_teste_de_sensibilidade,MIRASSOL D''OESTE,7,9,0,0.0,0.0,0.0,,0.39528470752104733
infec_o_coloniza_o_bact_rias_teste_de_sensibilidade,NOBRES,2,3,0,0.0,0.0,0.0,0.0,0.18965565174549553
infec_o_coloniza_o_bact_rias_teste_de_sensibilidade,NOSSA SENHORA DO LIVRAMENTO,3,5,0,0.0,0.0,0.0,0.0,0.2843321007020424
infec_o_coloniza_o_bact_rias_teste_de_sensibilidade,NOVA LACERDA,1,1,0,0.0,0.0,0.0,0.0,0.03343541314752269
infec_o_coloniza_o_bact_rias_teste_de_sensibilidade,NOVA MUTUM,2,8,0,0.0,0.0,0.0,0.0,0.168625
infec_o_coloniza_o_bact_rias_teste_de_sensibilidade,NOVA OLIMPIA,1,1,0,0.0,0.0,0.0,0.0,0.0
infec_o_coloniza_o_bact_rias_teste_de_sensibilidade,NOVA SANTA HELENA,1,2,0,0.0,0.0,0.0,0.0,0.0
infec_o_coloniza_o_bact_rias_teste_de_sensibilidade,NOVA XAVANTINA,2,6,0,0.0,0.0,0.0,0.0,0.168625
infec_o_coloniza_o_bact_rias_teste_de_sensibilidade,NOVO PROGRESSO,1,1,0,0.0,0.0,0.0,,0.0
infec_o_coloniza_o_bact_rias_teste_de_sensibilidade,NOVO SAO JOAQUIM,1,1,0,0.0,0.0,0.0,0.0,0.04090770340653165
infec_o_coloniza_o_bact_rias_teste_de_sensibilidade,PEIXOTO DE AZEVEDO,2,2,0,0.0,0.0,0.0,0.0,0.02064137105855867
infec_o_coloniza_o_bact_rias_teste_de_sensibilidade,PLACAS,1,1,0,0.0,0.0,0.0,,0.0
infec_o_coloniza_o_bact_rias_teste_de_sensibilidade,POCONE,2,4,0,0.0,0.0,0.0,0.0,0.23693426590653163
infec_o_coloniza_o_bact_rias_teste_de_sensibilidade,PONTAL DO ARAGUAIA,2,2,0,0.0,0.0,0.0,0.0,0.0
infec_o_coloniza_o_bact_rias_teste_de_sensibilidade,PONTES E LACERDA,6,7,0,0.0,0.0,0.0,0.0,0.5590169943749475
infec_o_coloniza_o_bact_rias_teste_de_sensibilidade,PORTO ALEGRE,1,1,0,0.0,0.0,0.0,,0.0
infec_o_coloniza_o_bact_rias_teste_de_sensibilidade,PORTO ALEGRE DO NORTE,1,1,0,0.0,0.0,0.0,0.0,0.08777804757882886
infec_o_coloniza_o_bact_rias_teste_de_sensibilidade,PORTO ESTRELA,1,1,0,0.0,0.0,0.0,0.0,0.10080470861486512
infec_o_coloniza_o_bact_rias_teste_de_sensibilidade,PRIMAVERA DO LESTE,2,3,0,0.0,0.0,0.0,0.0,0.168625
infec_o_coloniza_o_bact_rias_teste_de_sensibilidade,RESERVA DO CABACAL,1,2,0,0.0,0.0,0.0,0.0,0.004149162443693711
infec_o_coloniza_o_bact_rias_teste_de_sensibilidade,RIBEIRAOZINHO,1,1,0,0.0,0.0,0.0,0.0,0.01169266258445951
infec_o_coloniza_o_bact_rias_teste_de_sensibilidade,RIO BRANCO,1,1,0,0.0,0.0,0.0,0.0,0.014241976351351361
infec_o_coloniza_o_bact_rias_teste_de_sensibilidade,RONDONOPOLIS,14,39,0,0.0,0.0,0.0,0.0,0.843125
infec_o_coloniza_o_bact_rias_teste_de_sensibilidade,ROSARIO OESTE,1,1,0,0.0,0.0,0.0,0.0,0.06282135768581094
infec_o_coloniza_o_bact_rias_teste_de_sensibilidade,SANTA RITA DO ARAGUAIA,1,1,0,0.0,0.0,0.0,,0.0
infec_o_coloniza_o_bact_rias_teste_de_sensibilidade,SANTO ANTONIO DO LEVERGER,3,4,0,0.0,0.0,0.0,0.0,0.4331660383973279
infec_o_coloniza_o_bact_rias_teste_de_sensibilidade,SAO JOSE DO POVO,1,1,0,0.0,0.0,0.0,,0.021652551379504583
infec_o_coloniza_o_bact_rias_teste_de_sensibilidade,SAO JOSE DOS QUATRO MARCOS,6,9,0,0.0,0.0,0.0,0.0,0.4909902530309828
infec_o_coloniza_o_bact_rias_teste_de_sensibilidade,SAO PAULO,1,1,0,0.0,0.0,0.0,,0.0
infec_o_coloniza_o_bact_rias_teste_de_sensibilidade,SINOP,7,52,0,0.0,0.0,0.0,0.0,1.25
infec_o_coloniza_o_bact_rias_teste_de_sensibilidade,SORRISO,10,27,0,0.0,0.0,0.0,0.0,1.25
infec_o_coloniza_o_bact_rias_teste_de_sensibilidade,TABAPORA,1,1,0,0.0,0.0,0.0,0.0,0.0
infec_o_coloniza_o_bact_rias_teste_de_sensibilidade,TANGARA DA SERRA,3,3,0,0.0,0.0,0.0,0.0,0.0
infec_o_coloniza_o_bact_rias_teste_de_sensibilidade,TAPURAH,3,3,0,0.0,0.0,0.0,0.0,0.0
infec_o_coloniza_o_bact_rias_teste_de_sensibilidade,TESOURO,1,3,0,0.0,0.0,0.0,,0.07822168144707219
infec_o_coloniza_o_bact_rias_teste_de_sensibilidade,UNIAO DO SUL,1,4,0,0.0,0.0,0.0,,0.00187994087837845
infec_o_coloniza_o_bact_rias_teste_de_sensibilidade,VARGEAO,1,4,0,0.0,0.0,0.0,,0.0
infec_o_coloniza_o_bact_rias_teste_de_sensibilidade,VARZEA GRANDE,14,24,0,0.0,0.0,0.0,0.0,0.7485862381397372
infec_o_coloniza_o_bact_rias_teste_de_sensibilidade,VERA,1,1,0,0.0,0.0,0.0,,0.0
infec_o_coloniza_o_bact_rias_teste_de_sensibilidade,VILA RICA,1,1,0,0.0,0.0,0.0,0.0,0.04660449394707213
infec_o_coloniza_o_bact_rias_teste_de_sensibilidade_ii,AGUA BOA,1,1,0,0.0,0.0,0.0,0.0,0.0
infec_o_coloniza_o_bact_rias_teste_de_sensibilidade_ii,BARRA DO BUGRES,2,3,0,0.0,0.0,0.0,0.0,0.17035777378941447
infec_o_coloniza_o_bact_rias_teste_de_sensibilidade_ii,CAMPINAPOLIS,3,3,0,0.0,0.0,0.0,0.0,0.27897658009572107
infec_o_coloniza_o_bact_rias_teste_de_sensibilidade_ii,CASEARA,1,1,0,0.0,0.0,0.0,,0.0
infec_o_coloniza_o_bact_rias_teste_de_sensibilidade_ii,CHAPADA DOS GUIMARAES,2,2,0,0.0,0.0,0.0,0.0,0.03629330306869366
infec_o_coloniza_o_bact_rias_teste_de_sensibilidade_ii,CUIABA,12,18,0,0.0,0.0,0.0,0.0,0.7826237921249264
infec_o_coloniza_o_bact_rias_teste_de_sensibilidade_ii,DOM AQUINO,1,1,0,0.0,0.0,0.0,,0.0
infec_o_coloniza_o_bact_rias_teste_de_sensibilidade_ii,NOSSA SENHORA DO LIVRAMENTO,2,3,0,0.0,0.0,0.0,0.0,0.27618040540540556
infec_o_coloniza_o_bact_rias_teste_de_sensibilidade_ii,NOVA MUTUM,1,1,0,0.0,0.0,0.0,,0.0
infec_o_coloniza_o_bact_rias_teste_de_sensibilidade_ii,NOVA XAVANTINA,2,2,0,0.0,0.0,0.0,0.0,0.0
infec_o_coloniza_o_bact_rias_teste_de_sensibilidade_ii,POCONE,1,2,0,0.0,0.0,0.0,0.0,0.06830926590653164
infec_o_coloniza_o_bact_rias_teste_de_sensibilidade_ii,RONDONOPOLIS,9,10,0,0.0,0.0,0.0,0.0,0.7071067811865475
infec_o_coloniza_o_bact_rias_teste_de_sensibilidade_ii,SANTO ANTONIO DO LEVERGER,1,1,0,0.0,0.0,0.0,0.0,0.07961264780405415
infec_o_coloniza_o_bact_rias_teste_de_sensibilidade_ii,SAO JOSE DOS QUATRO MARCOS,1,2,0,0.0,0.0,0.0,0.0,0.0
infec_o_coloniza_o_bact_rias_teste_de_sensibilidade_ii,SORRISO,2,3,0,0.0,0.0,0.0,0.0,0.168625
infec_o_coloniza_o_bact_rias_teste_de_sensibilidade_ii,TESOURO,1,1,0,0.0,0.0,0.0,,0.07822168144707219
infec_o_coloniza_o_bact_rias_teste_de_sensibilidade_ii,VARZEA GRANDE,3,3,0,0.0,0.0,0.0,0.0,0.0
infec_o_coloniza_o_coprocultura,ARIPUANA,1,4,0,0.0,0.0,0.0,0.0,0.05382992328265769
infec_o_coloniza_o_coprocultura,SORRISO,1,1,0,0.0,0.0,0.0,0.0,0.0
infec_o_coloniza_o_cultura_para_fungos,ARAPUTANGA,1,1,1,0.0,0.0,1.0,6.754474839581223,0.0
infec_o_coloniza_o_cultura_para_fungos,BARRA DO BUGRES,1,1,0,0.0,0.0,0.0,0.0,0.0017327737894144602
infec_o_coloniza_o_cultura_para_fungos,BRASNORTE,1,1,0,0.0,0.0,0.0,,0.0
infec_o_coloniza_o_cultura_para_fungos,CACERES,3,5,0,0.0,0.0,0.0,0.0,0.18755312406915928
infec_o_coloniza_o_cultura_para_fungos,CHAPADA DOS GUIMARAES,2,3,0,0.0,0.0,0.0,0.0,0.20491830306869366
infec_o_coloniza_o_cultura_para_fungos,COTRIGUACU,1,1,0,0.0,0.0,0.0,,0.10213395974099129
infec_o_coloniza_o_cultura_para_fungos,CUIABA,9,14,6,0.0,0.0,0.6666666666666666,0.10887425503143412,0.7071067811865476
infec_o_coloniza_o_cultura_para_fungos,CURVELANDIA,1,1,0,0.0,0.0,0.0,0.0,0.0
infec_o_coloniza_o_cultura_para_fungos,GLORIA D''OESTE,2,5,0,0.0,0.0,0.0,,0.168625
infec_o_coloniza_o_cultura_para_fungos,GUARANTA DO NORTE,1,2,0,0.0,0.0,0.0,,0.0
infec_o_coloniza_o_cultura_para_fungos,JACIARA,1,1,0,0.0,0.0,0.0,,0.0
infec_o_coloniza_o_cultura_para_fungos,MATUPA,1,1,0,0.0,0.0,0.0,,0.0
infec_o_coloniza_o_cultura_para_fungos,MIRASSOL D''OESTE,2,2,0,0.0,0.0,0.0,,0.0
infec_o_coloniza_o_cultura_para_fungos,NOSSA SENHORA DO LIVRAMENTO,1,1,0,0.0,0.0,0.0,,0.10755540540540556
infec_o_coloniza_o_cultura_para_fungos,NOVA LACERDA,1,1,0,0.0,0.0,0.0,0.0,0.03343541314752269
infec_o_coloniza_o_cultura_para_fungos,PONTES E LACERDA,4,4,1,0.0,0.0,0.25,0.5977786545198044,0.6292528739883945
infec_o_coloniza_o_cultura_para_fungos,QUERENCIA,1,1,0,0.0,0.0,0.0,,0.0
infec_o_coloniza_o_cultura_para_fungos,RIO BRANCO,1,1,0,0.0,0.0,0.0,0.0,0.014241976351351361
infec_o_coloniza_o_cultura_para_fungos,RONDONOPOLIS,1,1,0,0.0,0.0,0.0,,0.0
infec_o_coloniza_o_cultura_para_fungos,SORRISO,3,4,0,0.0,0.0,0.0,0.0,0.3535533905932738
infec_o_coloniza_o_cultura_para_fungos,VARZEA GRANDE,4,4,1,0.0,0.0,0.25,0.1567781463806197,0.4813101615137755
infec_o_coloniza_o_fungos,BARRA DO BUGRES,1,1,0,0.0,0.0,0.0,0.0,0.0017327737894144602
infec_o_coloniza_o_fungos,BRASNORTE,1,1,0,0.0,0.0,0.0,,0.0
infec_o_coloniza_o_fungos,CACERES,3,5,0,0.0,0.0,0.0,0.0,0.18755312406915928
infec_o_coloniza_o_fungos,CHAPADA DOS GUIMARAES,2,2,0,0.0,0.0,0.0,0.0,0.03629330306869366
infec_o_coloniza_o_fungos,COTRIGUACU,1,1,0,0.0,0.0,0.0,,0.10213395974099129
infec_o_coloniza_o_fungos,CUIABA,2,2,1,0.0,0.0,0.5,0.14453477868112014,0.1349
infec_o_coloniza_o_fungos,CURVELANDIA,1,1,0,0.0,0.0,0.0,0.0,0.0
infec_o_coloniza_o_fungos,GLORIA D''OESTE,2,5,0,0.0,0.0,0.0,,0.168625
infec_o_coloniza_o_fungos,GUARANTA DO NORTE,1,2,0,0.0,0.0,0.0,,0.0
infec_o_coloniza_o_fungos,JACIARA,1,1,0,0.0,0.0,0.0,,0.0
infec_o_coloniza_o_fungos,LUCAS DO RIO VERDE,1,1,0,0.0,0.0,0.0,0.0,0.0
infec_o_coloniza_o_fungos,MATUPA,1,1,0,0.0,0.0,0.0,,0.0
infec_o_coloniza_o_fungos,MIRASSOL D''OESTE,2,2,0,0.0,0.0,0.0,,0.0
infec_o_coloniza_o_fungos,NOSSA SENHORA DO LIVRAMENTO,1,1,0,0.0,0.0,0.0,,0.10755540540540556
infec_o_coloniza_o_fungos,NOVA LACERDA,1,1,0,0.0,0.0,0.0,0.0,0.03343541314752269
infec_o_coloniza_o_fungos,PONTES E LACERDA,3,3,0,0.0,0.0,0.0,0.0,0.0
infec_o_coloniza_o_fungos,QUERENCIA,1,1,0,0.0,0.0,0.0,,0.0
infec_o_coloniza_o_fungos,RIO BRANCO,1,1,0,0.0,0.0,0.0,0.0,0.014241976351351361
infec_o_coloniza_o_fungos,RONDONOPOLIS,1,1,0,0.0,0.0,0.0,,0.0
infec_o_coloniza_o_fungos,SORRISO,3,4,0,0.0,0.0,0.0,0.0,0.3535533905932738
infec_o_coloniza_o_fungos,VARZEA GRANDE,2,2,0,0.0,0.0,0.0,,0.0
infec_o_coloniza_o_fungos_teste_de_sensibilidade,ARAPUTANGA,1,1,0,0.0,0.0,0.0,0.0,0.0
infec_o_coloniza_o_fungos_teste_de_sensibilidade,BARRA DO BUGRES,1,1,0,0.0,0.0,0.0,0.0,0.0017327737894144602
infec_o_coloniza_o_fungos_teste_de_sensibilidade,BRASNORTE,1,1,0,0.0,0.0,0.0,,0.0
infec_o_coloniza_o_fungos_teste_de_sensibilidade,CACERES,3,5,0,0.0,0.0,0.0,0.0,0.18755312406915928
infec_o_coloniza_o_fungos_teste_de_sensibilidade,CHAPADA DOS GUIMARAES,2,2,0,0.0,0.0,0.0,0.0,0.03629330306869366
infec_o_coloniza_o_fungos_teste_de_sensibilidade,COTRIGUACU,1,1,0,0.0,0.0,0.0,,0.10213395974099129
infec_o_coloniza_o_fungos_teste_de_sensibilidade,CUIABA,7,12,0,0.0,0.0,0.0,0.0,0.6123724356957945
infec_o_coloniza_o_fungos_teste_de_sensibilidade,CURVELANDIA,1,1,0,0.0,0.0,0.0,0.0,0.0
infec_o_coloniza_o_fungos_teste_de_sensibilidade,GLORIA D''OESTE,2,5,0,0.0,0.0,0.0,,0.168625
infec_o_coloniza_o_fungos_teste_de_sensibilidade,GUARANTA DO NORTE,1,2,0,0.0,0.0,0.0,,0.0
infec_o_coloniza_o_fungos_teste_de_sensibilidade,JACIARA,1,1,0,0.0,0.0,0.0,,0.0
infec_o_coloniza_o_fungos_teste_de_sensibilidade,MATUPA,1,1,0,0.0,0.0,0.0,,0.0
infec_o_coloniza_o_fungos_teste_de_sensibilidade,MIRASSOL D''OESTE,2,2,0,0.0,0.0,0.0,,0.0
infec_o_coloniza_o_fungos_teste_de_sensibilidade,NOSSA SENHORA DO LIVRAMENTO,2,2,0,0.0,0.0,0.0,,0.10755540540540556
infec_o_coloniza_o_fungos_teste_de_sensibilidade,NOVA LACERDA,1,1,0,0.0,0.0,0.0,0.0,0.03343541314752269
infec_o_coloniza_o_fungos_teste_de_sensibilidade,PONTES E LACERDA,4,4,0,0.0,0.0,0.0,0.0,0.0
infec_o_coloniza_o_fungos_teste_de_sensibilidade,QUERENCIA,1,1,0,0.0,0.0,0.0,,0.0
infec_o_coloniza_o_fungos_teste_de_sensibilidade,RIO BRANCO,1,1,0,0.0,0.0,0.0,0.0,0.014241976351351361
infec_o_coloniza_o_fungos_teste_de_sensibilidade,RONDONOPOLIS,1,1,0,0.0,0.0,0.0,,0.0
infec_o_coloniza_o_fungos_teste_de_sensibilidade,SORRISO,3,4,0,0.0,0.0,0.0,0.0,0.3535533905932738
infec_o_coloniza_o_fungos_teste_de_sensibilidade,VARZEA GRANDE,3,3,0,0.0,0.0,0.0,0.0,0.0
infec_o_coloniza_o_micobact_rias_identifica_o,CURVELANDIA,1,1,0,0.0,0.0,0.0,0.0,0.0
infec_o_coloniza_o_micobact_rias_identifica_o,GLORIA D''OESTE,1,1,0,0.0,0.0,0.0,,0.0
infec_o_coloniza_o_micobact_rias_identifica_o,VARZEA GRANDE,1,1,0,0.0,0.0,0.0,,0.0
infec_o_coloniza_o_paracoccidioidomicose,GUARANTA DO NORTE,1,1,0,0.0,0.0,0.0,,0.0
infec_o_coloniza_o_paracoccidioidomicose,VARZEA GRANDE,1,1,0,0.0,0.0,0.0,,0.0
infec_o_coloniza_o_pesquisa_de_arbov_rus_zdc,VARZEA GRANDE,1,1,0,0.0,0.0,0.0,,0.0
infec_o_coloniza_o_pesquisa_de_carbapenemases,CAMPINAPOLIS,1,1,0,0.0,0.0,0.0,0.0,0.27897658009572107
infec_o_coloniza_o_pesquisa_de_carbapenemases,CHAPADA DOS GUIMARAES,2,3,0,0.0,0.0,0.0,0.0,0.20491830306869366
infec_o_coloniza_o_pesquisa_de_carbapenemases,CUIABA,7,10,0,0.0,0.0,0.0,0.0,0.28867513459481287
infec_o_coloniza_o_pesquisa_de_carbapenemases,NOSSA SENHORA DO LIVRAMENTO,2,3,0,0.0,0.0,0.0,0.0,0.27618040540540556
infec_o_coloniza_o_pesquisa_de_carbapenemases,NOVA MUTUM,1,1,0,0.0,0.0,0.0,,0.0
infec_o_coloniza_o_pesquisa_de_carbapenemases,POCONE,1,2,0,0.0,0.0,0.0,0.0,0.06830926590653164
infec_o_coloniza_o_pesquisa_de_carbapenemases,SANTO ANTONIO DO LEVERGER,1,2,0,0.0,0.0,0.0,0.0,0.07961264780405415
infec_o_coloniza_o_pesquisa_de_carbapenemases,SAO JOSE DOS QUATRO MARCOS,1,1,0,0.0,0.0,0.0,0.0,0.0
infec_o_coloniza_o_pesquisa_de_carbapenemases,VARZEA GRANDE,3,5,1,0.0,0.0,0.3333333333333333,0.10451876425374647,0.5656854249492381
infec_o_coloniza_o_pesquisa_de_genes_de_resist_ncia,ACORIZAL,2,2,0,0.0,0.0,0.0,0.0,0.03850080940315332
infec_o_coloniza_o_pesquisa_de_genes_de_resist_ncia,AGUA BOA,1,1,0,0.0,0.0,0.0,0.0,0.0
infec_o_coloniza_o_pesquisa_de_genes_de_resist_ncia,ALTA FLORESTA D''OESTE,1,1,0,0.0,0.0,0.0,,0.0
infec_o_coloniza_o_pesquisa_de_genes_de_resist_ncia,ARENAPOLIS,1,1,0,0.0,0.0,0.0,0.0,0.0
infec_o_coloniza_o_pesquisa_de_genes_de_resist_ncia,ARIPUANA,1,1,0,0.0,0.0,0.0,0.0,0.05382992328265769
infec_o_coloniza_o_pesquisa_de_genes_de_resist_ncia,BARRA DO BUGRES,1,1,0,0.0,0.0,0.0,0.0,0.0017327737894144602
infec_o_coloniza_o_pesquisa_de_genes_de_resist_ncia,BARRA DO GARCAS,1,5,0,0.0,0.0,0.0,0.0,0.0
infec_o_coloniza_o_pesquisa_de_genes_de_resist_ncia,BRASNORTE,1,1,0,0.0,0.0,0.0,0.0,0.0
infec_o_coloniza_o_pesquisa_de_genes_de_resist_ncia,CACERES,6,7,0,0.0,0.0,0.0,0.0,0.5697934231474698
infec_o_coloniza_o_pesquisa_de_genes_de_resist_ncia,CAMPINAPOLIS,5,5,0,0.0,0.0,0.0,0.0,0.27897658009572107
infec_o_coloniza_o_pesquisa_de_genes_de_resist_ncia,CHAPADA DOS GUIMARAES,8,10,0,0.0,0.0,0.0,0.0,0.469306004960913
infec_o_coloniza_o_pesquisa_de_genes_de_resist_ncia,CLAUDIA,2,4,0,0.0,0.0,0.0,0.0,0.0
infec_o_coloniza_o_pesquisa_de_genes_de_resist_ncia,COLIDER,1,1,0,0.0,0.0,0.0,,0.0
infec_o_coloniza_o_pesquisa_de_genes_de_resist_ncia,CONQUISTA D''OESTE,1,1,0,0.0,0.0,0.0,,0.0
infec_o_coloniza_o_pesquisa_de_genes_de_resist_ncia,COTRIGUACU,1,1,0,0.0,0.0,0.0,0.0,0.10213395974099129
infec_o_coloniza_o_pesquisa_de_genes_de_resist_ncia,CUIABA,27,69,0,0.0,0.0,0.0,0.0,1.180375
infec_o_coloniza_o_pesquisa_de_genes_de_resist_ncia,DENISE,1,1,0,0.0,0.0,0.0,0.0,0.0
infec_o_coloniza_o_pesquisa_de_genes_de_resist_ncia,DOM AQUINO,1,1,0,0.0,0.0,0.0,0.0,0.0
infec_o_coloniza_o_pesquisa_de_genes_de_resist_ncia,FELIZ NATAL,3,3,0,0.0,0.0,0.0,0.0,0.0
infec_o_coloniza_o_pesquisa_de_genes_de_resist_ncia,GAUCHA DO NORTE,1,1,0,0.0,0.0,0.0,0.0,0.07570559895833356
infec_o_coloniza_o_pesquisa_de_genes_de_resist_ncia,GUARANTA DO NORTE,1,1,0,0.0,0.0,0.0,0.0,0.0
infec_o_coloniza_o_pesquisa_de_genes_de_resist_ncia,GUARULHOS,1,1,0,0.0,0.0,0.0,,0.0
infec_o_coloniza_o_pesquisa_de_genes_de_resist_ncia,ITANHANGA,1,1,0,0.0,0.0,0.0,0.0,0.0
infec_o_coloniza_o_pesquisa_de_genes_de_resist_ncia,JUINA,3,3,0,0.0,0.0,0.0,0.0,0.0
infec_o_coloniza_o_pesquisa_de_genes_de_resist_ncia,JURUENA,1,1,0,0.0,0.0,0.0,0.0,0.0634907305743244
infec_o_coloniza_o_pesquisa_de_genes_de_resist_ncia,LAGO VERDE,1,1,0,0.0,0.0,0.0,,0.0
infec_o_coloniza_o_pesquisa_de_genes_de_resist_ncia,LUCAS DO RIO VERDE,3,3,0,0.0,0.0,0.0,0.0,0.0
infec_o_coloniza_o_pesquisa_de_genes_de_resist_ncia,MATUPA,1,1,0,0.0,0.0,0.0,0.0,0.0
infec_o_coloniza_o_pesquisa_de_genes_de_resist_ncia,MIRASSOL D''OESTE,6,6,0,0.0,0.0,0.0,,0.0
infec_o_coloniza_o_pesquisa_de_genes_de_resist_ncia,NOBRES,2,3,0,0.0,0.0,0.0,0.0,0.18965565174549553
infec_o_coloniza_o_pesquisa_de_genes_de_resist_ncia,NOSSA SENHORA DO LIVRAMENTO,3,6,0,0.0,0.0,0.0,0.0,0.27618040540540556
infec_o_coloniza_o_pesquisa_de_genes_de_resist_ncia,NOVA MUTUM,2,8,0,0.0,0.0,0.0,0.0,0.168625
infec_o_coloniza_o_pesquisa_de_genes_de_resist_ncia,NOVA OLIMPIA,1,1,0,0.0,0.0,0.0,0.0,0.0
infec_o_coloniza_o_pesquisa_de_genes_de_resist_ncia,NOVA SANTA HELENA,1,2,0,0.0,0.0,0.0,0.0,0.0
infec_o_coloniza_o_pesquisa_de_genes_de_resist_ncia,NOVA XAVANTINA,1,1,0,0.0,0.0,0.0,0.0,0.0
infec_o_coloniza_o_pesquisa_de_genes_de_resist_ncia,NOVO PROGRESSO,1,1,0,0.0,0.0,0.0,,0.0
infec_o_coloniza_o_pesquisa_de_genes_de_resist_ncia,NOVO SAO JOAQUIM,1,1,0,0.0,0.0,0.0,0.0,0.04090770340653165
infec_o_coloniza_o_pesquisa_de_genes_de_resist_ncia,PARANAITA,1,1,0,0.0,0.0,0.0,0.0,0.0
infec_o_coloniza_o_pesquisa_de_genes_de_resist_ncia,PEIXOTO DE AZEVEDO,2,2,0,0.0,0.0,0.0,0.0,0.02064137105855867
infec_o_coloniza_o_pesquisa_de_genes_de_resist_ncia,PLACAS,1,1,0,0.0,0.0,0.0,,0.0
infec_o_coloniza_o_pesquisa_de_genes_de_resist_ncia,POCONE,2,4,0,0.0,0.0,0.0,0.0,0.23693426590653163
infec_o_coloniza_o_pesquisa_de_genes_de_resist_ncia,PONTAL DO ARAGUAIA,2,2,0,0.0,0.0,0.0,0.0,0.0
infec_o_coloniza_o_pesquisa_de_genes_de_resist_ncia,PONTES E LACERDA,4,4,0,0.0,0.0,0.0,0.0,0.0
infec_o_coloniza_o_pesquisa_de_genes_de_resist_ncia,PORTO ALEGRE,1,1,0,0.0,0.0,0.0,,0.0
infec_o_coloniza_o_pesquisa_de_genes_de_resist_ncia,PORTO ALEGRE DO NORTE,1,1,0,0.0,0.0,0.0,0.0,0.08777804757882886
infec_o_coloniza_o_pesquisa_de_genes_de_resist_ncia,PORTO ESTRELA,1,1,0,0.0,0.0,0.0,0.0,0.10080470861486512
infec_o_coloniza_o_pesquisa_de_genes_de_resist_ncia,PRIMAVERA DO LESTE,2,3,0,0.0,0.0,0.0,0.0,0.168625
infec_o_coloniza_o_pesquisa_de_genes_de_resist_ncia,RIBEIRAOZINHO,1,1,0,0.0,0.0,0.0,0.0,0.01169266258445951
infec_o_coloniza_o_pesquisa_de_genes_de_resist_ncia,RIO BRANCO,1,1,0,0.0,0.0,0.0,0.0,0.014241976351351361
infec_o_coloniza_o_pesquisa_de_genes_de_resist_ncia,RONDONOPOLIS,9,11,0,0.0,0.0,0.0,0.0,0.4677071733467426
infec_o_coloniza_o_pesquisa_de_genes_de_resist_ncia,ROSARIO OESTE,1,1,0,0.0,0.0,0.0,0.0,0.06282135768581094
infec_o_coloniza_o_pesquisa_de_genes_de_resist_ncia,SANTO ANTONIO DO LEVERGER,4,5,0,0.0,0.0,0.0,0.0,0.5126253496962735
infec_o_coloniza_o_pesquisa_de_genes_de_resist_ncia,SAO JOSE DOS QUATRO MARCOS,3,3,0,0.0,0.0,0.0,0.0,0.0
infec_o_coloniza_o_pesquisa_de_genes_de_resist_ncia,SAO PAULO,1,1,0,0.0,0.0,0.0,,0.0
infec_o_coloniza_o_pesquisa_de_genes_de_resist_ncia,SINOP,7,26,0,0.0,0.0,0.0,0.0,0.6745
infec_o_coloniza_o_pesquisa_de_genes_de_resist_ncia,SORRISO,7,19,0,0.0,0.0,0.0,0.0,1.25
infec_o_coloniza_o_pesquisa_de_genes_de_resist_ncia,TABAPORA,1,1,0,0.0,0.0,0.0,0.0,0.0
infec_o_coloniza_o_pesquisa_de_genes_de_resist_ncia,TANGARA DA SERRA,3,3,0,0.0,0.0,0.0,0.0,0.0
infec_o_coloniza_o_pesquisa_de_genes_de_resist_ncia,TAPURAH,4,4,0,0.0,0.0,0.0,0.0,0.0
infec_o_coloniza_o_pesquisa_de_genes_de_resist_ncia,TESOURO,1,1,0,0.0,0.0,0.0,,0.07822168144707219
infec_o_coloniza_o_pesquisa_de_genes_de_resist_ncia,UNIAO DO SUL,1,1,0,0.0,0.0,0.0,,0.00187994087837845
infec_o_coloniza_o_pesquisa_de_genes_de_resist_ncia,VARGEAO,1,1,0,0.0,0.0,0.0,,0.0
infec_o_coloniza_o_pesquisa_de_genes_de_resist_ncia,VARZEA GRANDE,12,16,0,0.0,0.0,0.0,0.0,0.3535533905932738
infec_o_coloniza_o_pesquisa_de_genes_de_resist_ncia,VERA,1,1,0,0.0,0.0,0.0,,0.0
infec_o_coloniza_o_pesquisa_de_genes_de_resist_ncia,VILA RICA,1,1,0,0.0,0.0,0.0,0.0,0.04660449394707213
infec_o_coloniza_o_pesquisa_de_genes_de_resist_ncia_fungos,ALTA FLORESTA,1,1,0,0.0,0.0,0.0,,0.0
infec_o_coloniza_o_pesquisa_de_genes_de_resist_ncia_fungos,ARIPUANA,1,1,0,0.0,0.0,0.0,0.0,0.05382992328265769
infec_o_coloniza_o_pesquisa_de_genes_de_resist_ncia_fungos,CHAPADA DOS GUIMARAES,1,1,0,0.0,0.0,0.0,0.0,0.03629330306869366
infec_o_coloniza_o_pesquisa_de_genes_de_resist_ncia_fungos,CUIABA,9,14,0,0.0,0.0,0.0,0.0,0.6850096942744679
infec_o_coloniza_o_pesquisa_de_genes_de_resist_ncia_fungos,GLORIA D''OESTE,1,1,0,0.0,0.0,0.0,,0.0
infec_o_coloniza_o_pesquisa_de_genes_de_resist_ncia_fungos,LUCAS DO RIO VERDE,1,1,0,0.0,0.0,0.0,0.0,0.0
infec_o_coloniza_o_pesquisa_de_genes_de_resist_ncia_fungos,NOVA XAVANTINA,1,1,0,0.0,0.0,0.0,0.0,0.0
infec_o_coloniza_o_pesquisa_de_genes_de_resist_ncia_fungos,POCONE,1,1,0,0.0,0.0,0.0,0.0,0.06830926590653164
infec_o_coloniza_o_pesquisa_de_genes_de_resist_ncia_fungos,RONDONOPOLIS,5,6,0,0.0,0.0,0.0,0.0,0.5
infec_o_coloniza_o_pesquisa_de_genes_de_resist_ncia_fungos,SANTO ANTONIO DO LEVERGER,1,1,0,0.0,0.0,0.0,0.0,0.07961264780405415
infec_o_coloniza_o_pesquisa_de_genes_de_resist_ncia_fungos,TESOURO,1,1,0,0.0,0.0,0.0,,0.07822168144707219
infec_o_coloniza_o_pesquisa_de_genes_de_resist_ncia_fungos,VARZEA GRANDE,3,3,0,0.0,0.0,0.0,0.0,0.0
infec_o_coloniza_o_pesquisa_de_v_rus_respirat_rios,PONTES E LACERDA,1,1,0,0.0,0.0,0.0,,0.0
infec_o_coloniza_o_v_rus_respirat_rios,CUIABA,2,2,0,0.0,0.0,0.0,,0.0
infec_o_coloniza_o_v_rus_respirat_rios,CURVELANDIA,2,2,0,0.0,0.0,0.0,,0.0
infec_o_coloniza_o_v_rus_respirat_rios,SAO JOSE DOS QUATRO MARCOS,1,1,0,0.0,0.0,0.0,,0.0
infec_o_coloniza_o_v_rus_respirat_rios,SORRISO,1,1,0,0.0,0.0,0.0,,0.0
infec_o_coloniza_o_v_rus_respirat_rios,VARZEA GRANDE,1,1,0,0.0,0.0,0.0,,0.0
influenza,ACORIZAL,11,17,3,0.0,0.0,0.045454545454545456,5.65078169146732,2.045714368178082
influenza,AGUA BOA,32,81,2,0.0,0.0,0.0234375,0.21885908757646388,1.741153397055603
influenza,ALFENAS,1,1,0,0.0,0.0,0.0,,0.0
influenza,ALTA FLORESTA,23,53,0,0.0,0.0,0.0,0.0,0.6745
influenza,ALTA FLORESTA D''OESTE,1,1,0,0.0,0.0,0.0,,0.0
influenza,ALTAMIRA,3,3,0,0.0,0.0,0.0,,0.0
influenza,ALTO ALEGRE DO PINDARE,1,1,0,0.0,0.0,0.0,,0.0
influenza,ALTO ARAGUAIA,4,6,0,0.0,0.0,0.0,0.0,0.168625
influenza,ALTO BOA VISTA,5,8,0,0.0,0.0,0.0,0.0,0.635444481981982
influenza,ALTO GARCAS,2,4,0,0.0,0.0,0.0,0.0,0.0
influenza,ALTO PARAGUAI,7,9,0,0.0,0.0,0.0,0.0,0.4494896695142907
influenza,ALTO TAQUARI,3,4,0,0.0,0.0,0.0,0.0,0.3535533905932738
influenza,ALVORADA D''OESTE,1,1,0,0.0,0.0,0.0,,0.0
influenza,ANANINDEUA,1,2,0,0.0,0.0,0.0,,0.0
influenza,ANAPOLIS,1,1,0,0.0,0.0,0.0,,0.0
influenza,ANGELICA,1,1,0,0.0,0.0,0.0,,0.0
influenza,APARECIDA DE GOIANIA,2,2,0,0.0,0.0,0.0,,0.0
influenza,APARECIDA DO RIO NEGRO,1,1,0,0.0,0.0,0.0,,0.0
influenza,APIACAS,3,9,0,0.0,0.0,0.0,0.0,0.3586187868489044
influenza,APUCARANA,1,1,0,0.0,0.0,0.0,,0.0
influenza,ARAGUAIANA,2,2,0,0.0,0.0,0.0,0.0,0.0
influenza,ARAPUTANGA,13,24,0,0.0,0.0,0.0,0.0,0.610378617529799
influenza,ARARIPINA,1,1,0,0.0,0.0,0.0,,0.0
influenza,ARENAPOLIS,12,20,0,0.0,0.0,0.0,0.0,0.7556096518348254
influenza,ARIPUANA,11,12,0,0.0,0.0,0.0,0.0,0.8443993383247527
influenza,ARIQUEMES,1,1,0,0.0,0.0,0.0,,0.0
influenza,ASSIS,1,2,0,0.0,0.0,0.0,,0.0
influenza,AVELINO LOPES,1,1,0,0.0,0.0,0.0,,0.0
influenza,BACABAL,1,1,0,0.0,0.0,0.0,,0.0
influenza,BADY BASSITT,2,2,0,0.0,0.0,0.0,,0.0
influenza,BARAO DE MELGACO,9,11,0,0.0,0.0,0.0,0.0,1.2071067811865475
influenza,BARRA DO BUGRES,17,28,1,0.0,0.0,0.058823529411764705,0.23997504259557007,1.5228430288822121
influenza,BARRA DO GARCAS,22,36,0,0.0,0.0,0.0,0.0,0.9830783046228485
influenza,BELEM,2,2,0,0.0,0.0,0.0,,0.0
influenza,BELO HORIZONTE,1,1,0,0.0,0.0,0.0,,0.0
influenza,BOA ESPERANCA DO NORTE,1,1,0,0.0,0.0,0.0,,0.0
influenza,BOA VISTA,9,10,0,0.0,0.0,0.0,,0.7071067811865475
influenza,BOCA DO ACRE,1,1,0,0.0,0.0,0.0,,0.0
influenza,BOM JARDIM,1,1,0,0.0,0.0,0.0,,0.0
influenza,BOM JESUS DO ARAGUAIA,4,4,0,0.0,0.0,0.0,0.0,0.12204424268018027
influenza,BRAGANCA,1,1,0,0.0,0.0,0.0,,0.0
influenza,BRANQUINHA,1,2,0,0.0,0.0,0.0,,0.0
influenza,BRASILIA,3,3,0,0.0,0.0,0.0,,0.0
influenza,BRASNORTE,9,10,0,0.0,0.0,0.0,0.0,0.7071067811865475
influenza,BREJINHO,1,1,0,0.0,0.0,0.0,,0.0
influenza,BREU BRANCO,2,3,0,0.0,0.0,0.0,,0.168625
influenza,BURITIS,1,4,0,0.0,0.0,0.0,,0.0
influenza,CABIXI,1,1,0,0.0,0.0,0.0,,0.0
influenza,CACERES,58,248,0,0.0,0.0,0.0,0.0,1.2607764287725225
influenza,CACOAL,1,1,0,0.0,0.0,0.0,,0.0
influenza,CAJURU,1,1,0,0.0,0.0,0.0,,0.0
influenza,CALDAS NOVAS,1,1,0,0.0,0.0,0.0,,0.0
influenza,CAMPINAPOLIS,39,93,2,0.0,2.0,0.038461538461538464,0.5873113831898206,1.9173834702195809
influenza,CAMPINAS,1,2,0,0.0,0.0,0.0,,0.0
influenza,CAMPO GRANDE,12,17,0,0.0,0.0,0.0,,0.29580398915498074
influenza,CAMPO MOURAO,1,2,0,0.0,0.0,0.0,,0.0
influenza,CAMPO NOVO DO PARECIS,58,253,0,0.0,0.0,0.0,0.0,1.25
influenza,CAMPO VERDE,14,36,0,0.0,0.0,0.0,0.0,1.25
influenza,CAMPOS DE JULIO,9,10,0,0.0,0.0,0.0,0.0,0.7071067811865475
influenza,CANABRAVA DO NORTE,1,1,0,0.0,0.0,0.0,0.0,0.09529781109234242
influenza,CANARANA,13,21,5,0.0,0.0,0.15384615384615385,2.856254658983879,1.083519519257235
influenza,CAPITAO ENEAS,1,1,0,0.0,0.0,0.0,,0.0
influenza,CAPITAO POCO,1,1,0,0.0,0.0,0.0,,0.0
influenza,CAPIXABA,1,1,0,0.0,0.0,0.0,,0.0
influenza,CARLINDA,2,2,0,0.0,0.0,0.0,,0.01948302364864872
influenza,CASCAVEL,2,6,0,0.0,0.0,0.0,,0.168625
influenza,CASTANHEIRA,3,4,0,0.0,0.0,0.0,0.0,0.3535533905932738
influenza,CASTELANDIA,1,1,0,0.0,0.0,0.0,,0.0
influenza,CAXIAS,1,1,0,0.0,0.0,0.0,,0.0
influenza,CHAPADA DOS GUIMARAES,59,139,2,0.0,1.0,0.022598870056497175,0.21973144422886348,1.9849766011192076
influenza,CHAPADAO DO CEU,1,1,0,0.0,0.0,0.0,,0.0
influenza,CHOPINZINHO,1,3,0,0.0,0.0,0.0,,0.0
influenza,CLAUDIA,4,9,0,0.0,0.0,0.0,0.0,0.6745
influenza,COCALINHO,9,27,0,0.0,0.0,0.0,0.0,0.49122950098536033
influenza,CODO,1,3,0,0.0,0.0,0.0,,0.0
influenza,COLATINA,2,3,0,0.0,0.0,0.0,,0.168625
influenza,COLIDER,52,359,4,0.0,0.0,0.04230769230769231,0.25831478801621544,1.5376501309730357
influenza,COLNIZA,14,22,0,0.0,0.0,0.0,0.0,0.6482908234873522
influenza,COMODORO,9,9,0,0.0,0.0,0.0,0.0,0.0
influenza,CONCEICAO DO JACUIPE,1,1,0,0.0,0.0,0.0,,0.0
influenza,CONFRESA,4,4,0,0.0,0.0,0.0,0.0,0.047710620777027084
influenza,CONQUISTA D''OESTE,1,1,0,0.0,0.0,0.0,,0.0
influenza,CORUMBA,5,7,0,0.0,0.0,0.0,,0.30618621784789735
influenza,CORUMBIARA,1,1,0,0.0,0.0,0.0,,0.0
influenza,COSTA MARQUES,1,1,0,0.0,0.0,0.0,,0.0
influenza,COTRIGUACU,8,15,0,0.0,0.0,0.0,0.0,0.6750705203836234
influenza,CRISTALINA,1,1,0,0.0,0.0,0.0,,0.0
influenza,CUIABA,192,4568,32,0.0,22.0,0.020076064527422915,0.031805149378755566,2.2310256756918356
influenza,CURITIBA,2,2,0,0.0,0.0,0.0,,0.0
influenza,CURVELANDIA,5,6,0,0.0,0.0,0.0,0.0,0.5
influenza,DENISE,3,4,0,0.0,0.0,0.0,0.0,0.3535533905932738
influenza,DEODAPOLIS,1,1,0,0.0,0.0,0.0,,0.0
influenza,DIAMANTINO,21,36,0,0.0,0.0,0.0,0.0,0.8357652308673534
influenza,DIAS D''AVILA,1,1,0,0.0,0.0,0.0,,0.0
influenza,DOM AQUINO,4,7,0,0.0,0.0,0.0,0.0,0.505875
influenza,DOURADOS,1,1,0,0.0,0.0,0.0,,0.0
influenza,EPITACIOLANDIA,1,1,0,0.0,0.0,0.0,,0.0
influenza,ERECHIM,1,1,0,0.0,0.0,0.0,,0.0
influenza,ERNESTINA,1,1,0,0.0,0.0,0.0,,0.0
influenza,ESPIGAO D''OESTE,1,2,0,0.0,0.0,0.0,,0.0
influenza,EUCLIDES DA CUNHA,1,2,0,0.0,0.0,0.0,,0.0
influenza,FELIZ NATAL,5,10,0,0.0,0.0,0.0,0.0,0.3952847075210474
influenza,FIGUEIROPOLIS D''OESTE,1,1,0,0.0,0.0,0.0,,0.0
influenza,FLORIANOPOLIS,2,2,0,0.0,0.0,0.0,,0.0
influenza,FORQUILHINHA,2,3,0,0.0,0.0,0.0,,0.168625
influenza,FORTALEZA,2,2,0,0.0,0.0,0.0,,0.0
influenza,FRANCA,1,1,0,0.0,0.0,0.0,,0.0
influenza,FRANCISCO BELTRAO,1,2,0,0.0,0.0,0.0,,0.0
influenza,FRANCO DA ROCHA,1,1,0,0.0,0.0,0.0,,0.0
influenza,GARUVA,2,4,0,0.0,0.0,0.0,,0.0
influenza,GAUCHA DO NORTE,7,22,1,0.0,0.0,0.14285714285714285,2.237637055269635,0.9656035475149691
influenza,GENERAL CARNEIRO,1,2,0,0.0,0.0,0.0,0.0,0.0818533854166666
influenza,GLORIA D''OESTE,2,3,0,0.0,0.0,0.0,,0.168625
influenza,GOIANIA,4,7,0,0.0,0.0,0.0,,0.14433756729740646
influenza,GRAJAU,1,1,0,0.0,0.0,0.0,,0.0
influenza,GUARANTA DO NORTE,22,189,0,0.0,0.0,0.0,0.0,1.25
influenza,GUARAPUAVA,1,2,0,0.0,0.0,0.0,,0.0
influenza,GUIRATINGA,2,3,0,0.0,0.0,0.0,0.0,0.18573910824887377
influenza,IGACI,1,1,0,0.0,0.0,0.0,,0.0
influenza,IMPERATRIZ,1,1,0,0.0,0.0,0.0,,0.0
influenza,INDAIATUBA,1,1,0,0.0,0.0,0.0,,0.0
influenza,INDIAVAI,6,8,0,0.0,0.0,0.0,0.0,0.3812302979694
influenza,IPIRA,1,1,0,0.0,0.0,0.0,,0.0
influenza,IPIRANGA DO NORTE,2,3,0,0.0,0.0,0.0,0.0,0.168625
influenza,IPORA,1,1,0,0.0,0.0,0.0,,0.0
influenza,ITAIPAVA DO GRAJAU,2,5,0,0.0,0.0,0.0,,0.168625
influenza,ITAITUBA,1,1,0,0.0,0.0,0.0,,0.0
influenza,ITAJUIPE,1,1,0,0.0,0.0,0.0,,0.0
influenza,ITANHANGA,2,2,1,0.0,0.0,0.5,6.383250351078769,0.2698
influenza,ITAPETIM,1,1,0,0.0,0.0,0.0,,0.0
influenza,ITAUBA,6,11,0,0.0,0.0,0.0,0.0,0.843125
influenza,ITAUNA,1,1,0,0.0,0.0,0.0,,0.0
influenza,ITIQUIRA,6,8,0,0.0,0.0,0.0,0.0,0.35461679149417474
influenza,ITUMBIARA,1,2,0,0.0,0.0,0.0,,0.0
influenza,ITURAMA,3,3,0,0.0,0.0,0.0,,0.0
influenza,JACAREACANGA,1,4,0,0.0,0.0,0.0,,0.0
influenza,JACIARA,6,9,1,0.0,0.0,0.16666666666666666,0.5674917997434937,0.8944271909999159
influenza,JANGADA,8,13,1,0.0,0.0,0.125,2.2248920927335023,1.032429771282696
influenza,JATAI,2,2,0,0.0,0.0,0.0,,0.0
influenza,JAURU,7,8,0,0.0,0.0,0.0,0.0,0.6124911188320559
influenza,JOAQUIM PIRES,1,1,0,0.0,0.0,0.0,,0.0
influenza,JOSE BONIFACIO,1,1,0,0.0,0.0,0.0,,0.0
influenza,JUARA,10,18,0,0.0,0.0,0.0,0.0,0.6030226891555273
influenza,JUINA,20,34,0,0.0,0.0,0.0,0.0,0.9345829410126426
influenza,JURUENA,3,6,1,0.0,0.0,0.08333333333333333,3.2463316452408777,0.9827295461168364
influenza,JUSCIMEIRA,3,4,0,0.0,0.0,0.0,0.0,0.3535533905932738
influenza,LADARIO,1,1,0,0.0,0.0,0.0,,0.0
influenza,LAGO DA PEDRA,1,1,0,0.0,0.0,0.0,,0.0
influenza,LAMBARI D''OESTE,4,4,0,0.0,0.0,0.0,,0.0
influenza,LUCAS DO RIO VERDE,74,569,0,0.0,1.0,0.0,0.0,1.25
influenza,LUCIARA,5,6,0,0.0,0.0,0.0,0.0,0.623126632882883
influenza,LUZIANIA,1,4,0,0.0,0.0,0.0,,0.0
influenza,MACAUBAS,1,1,0,0.0,0.0,0.0,,0.0
influenza,MACEIO,2,3,0,0.0,0.0,0.0,,0.168625
influenza,MACHADINHO D''OESTE,1,1,0,0.0,0.0,0.0,,0.0
influenza,MANAUS,2,2,0,0.0,0.0,0.0,,0.0
influenza,MANCIO LIMA,1,2,0,0.0,0.0,0.0,,0.0
influenza,MANDAGUARI,1,1,0,0.0,0.0,0.0,,0.0
influenza,MARCELANDIA,10,53,0,0.0,0.0,0.0,0.0,0.42841289062500004
influenza,MARILUZ,1,1,0,0.0,0.0,0.0,,0.0
influenza,MATUPA,7,13,0,0.0,0.0,0.0,0.0,0.33725
influenza,MIRANORTE,1,1,0,0.0,0.0,0.0,,0.0
influenza,MIRASSOL D''OESTE,19,33,0,0.0,0.0,0.0,,0.8526788200798504
influenza,MONTES CLAROS,1,1,0,0.0,0.0,0.0,,0.0
influenza,MUCURI,1,1,0,0.0,0.0,0.0,,0.0
influenza,NITEROI,1,1,0,0.0,0.0,0.0,,0.0
influenza,NOBRES,20,30,0,0.0,0.0,0.0,0.0,0.7427184882325278
influenza,NORTELANDIA,7,7,0,0.0,0.0,0.0,0.0,0.0
influenza,NOSSA SENHORA APARECIDA,1,1,0,0.0,0.0,0.0,,0.0
influenza,NOSSA SENHORA DO LIVRAMENTO,21,48,0,0.0,0.0,0.0,0.0,0.8818335072185515
influenza,NOVA BANDEIRANTES,3,5,0,0.0,0.0,0.0,0.0,0.20420674174933964
influenza,NOVA BRASILANDIA,4,5,0,0.0,0.0,0.0,0.0,0.48218549890798523
influenza,NOVA CANAA DO NORTE,17,62,0,0.0,0.0,0.0,0.0,1.25
influenza,NOVA GUARITA,8,51,0,0.0,0.0,0.0,0.0,1.25
influenza,NOVA LACERDA,3,3,0,0.0,0.0,0.0,0.0,0.03343541314752269
influenza,NOVA MARILANDIA,2,3,0,0.0,0.0,0.0,0.0,0.168625
influenza,NOVA MARINGA,3,3,0,0.0,0.0,0.0,0.0,0.025659294059684753
influenza,NOVA MONTE VERDE,3,3,0,0.0,0.0,0.0,0.0,0.007011799690315371
influenza,NOVA MUTUM,24,52,0,0.0,0.0,0.0,0.0,0.8265122915561421
influenza,NOVA NAZARE,14,23,0,0.0,0.0,0.0,0.0,0.8777319526876433
influenza,NOVA OLIMPIA,11,20,0,0.0,0.0,0.0,0.0,0.505875
influenza,NOVA SANTA HELENA,1,3,0,0.0,0.0,0.0,0.0,0.0
influenza,NOVA UBIRATA,7,10,0,0.0,0.0,0.0,0.0,0.629671689637236
influenza,NOVA XAVANTINA,10,16,0,0.0,0.0,0.0,0.0,0.7083333333333334
influenza,NOVO HORIZONTE DO NORTE,32,78,0,0.0,0.0,0.0,0.0,1.2524828512105857
influenza,NOVO MUNDO,3,3,0,0.0,0.0,0.0,0.0,0.0122480996621622
influenza,NOVO PROGRESSO,5,6,0,0.0,0.0,0.0,,0.5
influenza,NOVO SAO JOAQUIM,4,7,0,0.0,0.0,0.0,0.0,0.5467827034065316
influenza,OLIVENCA,1,1,0,0.0,0.0,0.0,,0.0
influenza,OURO FINO,2,3,0,0.0,0.0,0.0,,0.168625
influenza,PACARAIMA,9,9,0,0.0,0.0,0.0,,0.0
influenza,PACO DO LUMIAR,1,7,0,0.0,0.0,0.0,,0.0
influenza,PALHOCA,1,1,0,0.0,0.0,0.0,,0.0
influenza,PARAGOMINAS,2,2,0,0.0,0.0,0.0,,0.0
influenza,PARANAITA,26,118,4,0.0,0.0,0.038461538461538464,1.4552175004456605,2.275333151964686
influenza,PARANATINGA,3,3,0,0.0,0.0,0.0,0.0,0.02608180602477483
influenza,PARNAIBA,1,1,0,0.0,0.0,0.0,,0.0
influenza,PASSO FUNDO,1,1,0,0.0,0.0,0.0,,0.0
influenza,PATO BRANCO,1,1,0,0.0,0.0,0.0,,0.0
influenza,PAULO AFONSO,1,1,0,0.0,0.0,0.0,,0.0
influenza,PEDRA PRETA,2,3,0,0.0,0.0,0.0,0.0,0.168625
influenza,PEIXE,1,2,0,0.0,0.0,0.0,,0.0
influenza,PEIXOTO DE AZEVEDO,17,30,0,0.0,0.0,0.0,0.0,0.7151212454382035
influenza,PENAPOLIS,1,1,0,0.0,0.0,0.0,,0.0
influenza,PENEDO,1,1,0,0.0,0.0,0.0,,0.0
influenza,PETROLINA,2,2,0,0.0,0.0,0.0,,0.0
influenza,PIMENTA BUENO,1,1,0,0.0,0.0,0.0,,0.0
influenza,PLANALTO DA SERRA,3,4,0,0.0,0.0,0.0,0.0,0.40663323645476035
influenza,POCONE,25,40,1,0.0,0.0,0.006666666666666666,0.0,2.052263185112608
influenza,PONTA PORA,1,1,0,0.0,0.0,0.0,,0.0
influenza,PONTAL DO ARAGUAIA,1,2,0,0.0,0.0,0.0,0.0,0.0
influenza,PONTES E LACERDA,47,161,0,0.0,0.0,0.0,0.0,0.9934075056651237
influenza,PORTO ALEGRE,1,1,0,0.0,0.0,0.0,,0.0
influenza,PORTO ALEGRE DO NORTE,6,7,0,0.0,0.0,0.0,0.0,0.6467950419537762
influenza,PORTO DOS GAUCHOS,1,1,0,0.0,0.0,0.0,,0.00188468820382883
influenza,PORTO ESPERIDIAO,7,12,0,0.0,0.0,0.0,0.0,0.6670806141867855
influenza,PORTO ESTRELA,3,4,0,0.0,0.0,0.0,0.0,0.4543580992081389
influenza,PORTO FRANCO,1,1,0,0.0,0.0,0.0,,0.0
influenza,PORTO VELHO,6,6,0,0.0,0.0,0.0,,0.0
influenza,PRESIDENTE VENCESLAU,1,1,0,0.0,0.0,0.0,,0.0
influenza,PRIMAVERA DO LESTE,32,96,0,0.0,1.0,0.0,0.0,1.75
influenza,QUERENCIA,40,116,0,0.0,0.0,0.0,0.0,1.25
influenza,RECIFE,1,1,0,0.0,0.0,0.0,,0.0
influenza,REDENTORA,1,1,0,0.0,0.0,0.0,,0.0
influenza,RESERVA DO CABACAL,3,3,0,0.0,0.0,0.0,0.0,0.004149162443693711
influenza,RIBEIRAO CASCALHEIRA,6,7,0,0.0,0.0,0.0,0.0,0.6670613743017493
influenza,RIBEIRAO PRETO,1,1,0,0.0,0.0,0.0,,0.0
influenza,RIO BRANCO,6,7,0,0.0,0.0,0.0,0.0,0.5732589707262988
influenza,RIO CLARO,1,1,0,0.0,0.0,0.0,,0.0
influenza,RIO DE JANEIRO,1,2,0,0.0,0.0,0.0,,0.0
influenza,RIO VERDE,2,2,0,0.0,0.0,0.0,,0.0
influenza,ROLIM DE MOURA,2,2,0,0.0,0.0,0.0,,0.0
influenza,RONDON DO PARA,1,1,0,0.0,0.0,0.0,,0.0
influenza,RONDONOPOLIS,59,139,0,0.0,1.0,0.0,0.0,0.903235397228574
influenza,RORAINOPOLIS,1,1,0,0.0,0.0,0.0,,0.0
influenza,ROSARIO OESTE,11,12,0,0.0,0.0,0.0,0.0,0.853390772727906
influenza,SALTO,1,1,0,0.0,0.0,0.0,,0.0
influenza,SALTO DO CEU,4,4,0,0.0,0.0,0.0,0.0,0.0302096055039415
influenza,SALVATERRA,1,2,0,0.0,0.0,0.0,,0.0
influenza,SANTA CARMEM,1,1,0,0.0,0.0,0.0,0.0,0.0
influenza,SANTA RITA DO TRIVELATO,3,4,0,0.0,0.0,0.0,0.0,0.3535533905932738
influenza,SANTA TEREZINHA,3,5,0,0.0,0.0,0.0,0.0,0.5318724291630937
influenza,SANTAREM,3,4,0,0.0,0.0,0.0,,0.3535533905932738
influenza,SANTO AFONSO,2,5,0,0.0,0.0,0.0,0.0,0.168625
influenza,SANTO ANTONIO DO LESTE,1,1,0,0.0,0.0,0.0,0.0,0.00947566159909919
influenza,SANTO ANTONIO DO LEVERGER,32,56,0,0.0,0.0,0.0,0.0,1.0299415382414647
influenza,SAO FELIX DO ARAGUAIA,6,9,0,0.0,0.0,0.0,0.0,0.3312968538851352
influenza,SAO FRANCISCO DO PARA,1,1,0,0.0,0.0,0.0,,0.0
influenza,SAO GABRIEL DO OESTE,1,1,0,0.0,0.0,0.0,,0.0
influenza,SAO JOSE DO RIO CLARO,13,29,3,0.0,0.0,0.11538461538461539,1.465279066218229,0.9882073693653353
influenza,SAO JOSE DO XINGU,4,13,0,0.0,0.0,0.0,0.0,0.35333868595157664
influenza,SAO JOSE DOS QUATRO MARCOS,10,12,0,0.0,0.0,0.0,0.0,0.7499999999999999
influenza,SAO JULIAO,1,1,0,0.0,0.0,0.0,,0.0
influenza,SAO LUIS DO QUITUNDE,2,2,0,0.0,0.0,0.0,,0.0
influenza,SAO MIGUEL DO OESTE,3,5,0,0.0,0.0,0.0,,0.35355339059327373
influenza,SAO PAULO,3,3,0,0.0,0.0,0.0,,0.0
influenza,SAO RAIMUNDO NONATO,1,1,0,0.0,0.0,0.0,,0.0
influenza,SAO SEBASTIAO,1,1,0,0.0,0.0,0.0,,0.0
influenza,SAPEZAL,13,18,0,0.0,0.0,0.0,0.0,0.7083333333333335
influenza,SENA MADUREIRA,1,1,0,0.0,0.0,0.0,,0.0
influenza,SENADOR LA ROCQUE,1,2,0,0.0,0.0,0.0,,0.0
influenza,SERRA NOVA DOURADA,1,1,0,0.0,0.0,0.0,0.0,0.08282183980855864
influenza,SINOP,52,105,1,0.0,4.0,0.019230769230769232,0.017213363078024735,2.0
influenza,SONORA,2,2,0,0.0,0.0,0.0,,0.0
influenza,SORRISO,67,191,2,0.0,0.0,0.014925373134328358,0.03665061064498661,1.948683298050514
influenza,TABAPORA,5,14,0,0.0,0.0,0.0,0.0,1.01175
influenza,TAILANDIA,1,1,0,0.0,0.0,0.0,,0.0
influenza,TANGARA DA SERRA,60,179,5,0.0,0.0,0.021805555555555557,0.0863631252253352,2.0547162132238816
influenza,TAPURAH,13,23,1,0.0,0.0,0.07692307692307693,0.7471161317315163,1.258505747976789
influenza,TELEMACO BORBA,1,1,0,0.0,0.0,0.0,,0.0
influenza,TEOFILO OTONI,1,1,0,0.0,0.0,0.0,,0.0
influenza,TERESINA,2,2,0,0.0,0.0,0.0,,0.0
influenza,TERRA NOVA DO NORTE,1,1,0,0.0,0.0,0.0,0.0,0.0
influenza,TRINDADE,1,1,0,0.0,0.0,0.0,,0.0
influenza,TUCURUI,1,1,0,0.0,0.0,0.0,,0.0
influenza,TURMALINA,1,1,0,0.0,0.0,0.0,,0.0
influenza,UNIAO DO SUL,5,8,1,0.0,0.0,0.2,6.444960041247745,0.748290102392154
influenza,URUPA,1,1,0,0.0,0.0,0.0,,0.0
influenza,VALE DE SAO DOMINGOS,2,2,0,0.0,0.0,0.0,0.0,0.04944814189189199
influenza,VARZEA GRANDE,159,1243,12,0.0,11.0,0.021810422282120392,0.029951258978068506,2.1863897200799256
influenza,VERA,4,4,0,0.0,0.0,0.0,0.0,0.0
influenza,VERE,1,1,0,0.0,0.0,0.0,,0.0
influenza,VIANA,1,1,0,0.0,0.0,0.0,,0.0
influenza,VILA BELA DA SANTISSIMA TRINDADE,3,4,0,0.0,0.0,0.0,0.0,0.46533391564958027
influenza,VILA RICA,10,10,1,0.0,1.0,0.1,0.6266292360136354,1.4403298872664494
influenza,VILHENA,6,6,0,0.0,0.0,0.0,,0.0
influenza_a,ACORIZAL,1,2,0,0.0,0.0,0.0,0.0,0.03850080940315332
influenza_a,AGUA BOA,1,1,0,0.0,0.0,0.0,0.0,0.0
influenza_a,APARECIDA DE GOIANIA,1,1,0,0.0,0.0,0.0,,0.0
influenza_a,APARECIDA DO TABOADO,1,1,0,0.0,0.0,0.0,,0.0
influenza_a,ARAPUTANGA,2,2,0,0.0,0.0,0.0,0.0,0.0
influenza_a,ARARIPE,1,1,0,0.0,0.0,0.0,,0.0
influenza_a,ARIPUANA,1,1,0,0.0,0.0,0.0,0.0,0.05382992328265769
influenza_a,AVELINO LOPES,1,1,0,0.0,0.0,0.0,,0.0
influenza_a,BARAO DE MELGACO,1,1,0,0.0,0.0,0.0,0.0,0.5
influenza_a,BARRA DO BUGRES,1,1,0,0.0,0.0,0.0,0.0,0.0017327737894144602
influenza_a,BOA VISTA,2,2,0,0.0,0.0,0.0,,0.0
influenza_a,BOCA DO ACRE,1,1,0,0.0,0.0,0.0,,0.0
influenza_a,BREJINHO,1,1,0,0.0,0.0,0.0,,0.0
influenza_a,CACERES,1,1,0,0.0,0.0,0.0,0.0,0.01077642877252243
influenza_a,CAMPINAPOLIS,3,3,0,0.0,0.0,0.0,0.0,0.27897658009572107
influenza_a,CAMPO GRANDE,1,1,0,0.0,0.0,0.0,,0.0
influenza_a,CAMPO NOVO DO PARECIS,5,5,0,0.0,0.0,0.0,0.0,0.0
influenza_a,CANARANA,1,1,0,0.0,0.0,0.0,0.0,0.0
influenza_a,CAXIAS,1,1,0,0.0,0.0,0.0,,0.0
influenza_a,CHAPADA DOS GUIMARAES,3,3,0,0.0,0.0,0.0,0.0,0.03629330306869366
influenza_a,CLAUDIA,1,1,0,0.0,0.0,0.0,0.0,0.0
influenza_a,COCALINHO,1,1,0,0.0,0.0,0.0,0.0,0.15397950098536037
influenza_a,COLATINA,1,1,0,0.0,0.0,0.0,,0.0
influenza_a,COLIDER,2,4,0,0.0,0.0,0.0,0.0,0.0
influenza_a,COLNIZA,1,1,0,0.0,0.0,0.0,0.0,0.15800048564189215
influenza_a,COMODORO,1,1,0,0.0,0.0,0.0,0.0,0.0
influenza_a,CUIABA,48,497,1,0.0,2.0,0.00043402777777777775,0.0030812888365644962,3.25
influenza_a,CURITIBA,1,1,0,0.0,0.0,0.0,,0.0
influenza_a,CURVELANDIA,1,1,0,0.0,0.0,0.0,0.0,0.0
influenza_a,FRANCO DA ROCHA,1,1,0,0.0,0.0,0.0,,0.0
influenza_a,GAUCHA DO NORTE,1,1,0,0.0,0.0,0.0,0.0,0.07570559895833356
influenza_a,GUARANTA DO NORTE,3,3,0,0.0,0.0,0.0,0.0,0.0
influenza_a,INDIAVAI,7,13,0,0.0,0.0,0.0,0.0,0.5039273836268405
influenza_a,IPIRA,1,1,0,0.0,0.0,0.0,,0.0
influenza_a,ITANHANGA,1,1,0,0.0,0.0,0.0,0.0,0.0
influenza_a,ITAPETIM,1,1,0,0.0,0.0,0.0,,0.0
influenza_a,JAURU,1,1,0,0.0,0.0,0.0,0.0,0.00011868313626129
influenza_a,JUINA,2,2,0,0.0,0.0,0.0,0.0,0.0
influenza_a,LAMBARI D''OESTE,1,1,0,0.0,0.0,0.0,,0.0
influenza_a,LUCAS DO RIO VERDE,2,2,0,0.0,0.0,0.0,0.0,0.0
influenza_a,MIRASSOL D''OESTE,8,21,0,0.0,0.0,0.0,,0.4215625
influenza_a,MUCURI,1,1,0,0.0,0.0,0.0,,0.0
influenza_a,NORTELANDIA,1,1,0,0.0,0.0,0.0,0.0,0.0
influenza_a,NOVA MUTUM,1,1,0,0.0,0.0,0.0,0.0,0.0
influenza_a,NOVA NAZARE,4,8,0,0.0,0.0,0.0,0.0,0.458097916666667
influenza_a,NOVA SANTA HELENA,1,1,0,0.0,0.0,0.0,0.0,0.0
influenza_a,NOVO PROGRESSO,1,1,0,0.0,0.0,0.0,,0.0
influenza_a,OURO FINO,1,1,0,0.0,0.0,0.0,,0.0
influenza_a,PACARAIMA,2,2,0,0.0,0.0,0.0,,0.0
influenza_a,PARANAITA,2,3,0,0.0,0.0,0.0,0.0,0.168625
influenza_a,PIMENTA BUENO,1,1,0,0.0,0.0,0.0,,0.0
influenza_a,PIRANHAS,1,1,0,0.0,0.0,0.0,,0.0
influenza_a,POCONE,2,3,0,0.0,0.0,0.0,0.0,0.23693426590653163
influenza_a,PONTA PORA,2,2,1,0.0,0.0,0.5,,0.1349
influenza_a,PONTES E LACERDA,2,2,0,0.0,0.0,0.0,0.0,0.0
influenza_a,POXOREO,1,1,0,0.0,0.0,0.0,,0.0
influenza_a,QUERENCIA,7,7,0,0.0,0.0,0.0,0.0,0.0
influenza_a,RIBEIRAO CASCALHEIRA,1,1,0,0.0,0.0,0.0,0.0,0.10804437992680185
influenza_a,SANTAREM,1,1,0,0.0,0.0,0.0,,0.0
influenza_a,SANTO ANTONIO DO LESTE,1,1,0,0.0,0.0,0.0,0.0,0.00947566159909919
influenza_a,SANTO ANTONIO DO LEVERGER,4,4,0,0.0,0.0,0.0,0.0,0.07961264780405415
influenza_a,SAO FRANCISCO DO PARA,1,1,0,0.0,0.0,0.0,,0.0
influenza_a,SAO JULIAO,1,1,0,0.0,0.0,0.0,,0.0
influenza_a,SAO RAIMUNDO NONATO,1,1,0,0.0,0.0,0.0,,0.0
influenza_a,SINOP,4,4,0,0.0,0.0,0.0,0.0,0.0
influenza_a,SORRISO,2,2,0,0.0,0.0,0.0,0.0,0.0
influenza_a,TANGARA DA SERRA,3,3,0,0.0,0.0,0.0,0.0,0.0
influenza_a,TAPURAH,1,1,1,0.0,0.0,1.0,6.7240451855836465,0.0
influenza_a,TELEMACO BORBA,1,1,0,0.0,0.0,0.0,,0.0
influenza_a,TERESINA,1,1,0,0.0,0.0,0.0,,0.0
influenza_a,UNIAO DO SUL,2,2,0,0.0,0.0,0.0,0.0,0.00187994087837845
influenza_a,VARZEA GRANDE,39,119,1,0.0,0.0,0.00641025641025641,0.008246267182850006,2.33725
influenza_a,VILA BELA DA SANTISSIMA TRINDADE,1,1,0,0.0,0.0,0.0,0.0,0.11178052505630645
influenza_a,VILHENA,2,2,0,0.0,0.0,0.0,,0.0
influenza_b,ACORIZAL,1,2,0,0.0,0.0,0.0,0.0,0.03850080940315332
influenza_b,AGUA BOA,1,1,0,0.0,0.0,0.0,0.0,0.0
influenza_b,APARECIDA DE GOIANIA,1,1,0,0.0,0.0,0.0,,0.0
influenza_b,APARECIDA DO TABOADO,1,1,0,0.0,0.0,0.0,,0.0
influenza_b,ARAPUTANGA,2,2,0,0.0,0.0,0.0,0.0,0.0
influenza_b,ARARIPE,1,1,0,0.0,0.0,0.0,,0.0
influenza_b,ARIPUANA,1,1,0,0.0,0.0,0.0,0.0,0.05382992328265769
influenza_b,AVELINO LOPES,1,1,0,0.0,0.0,0.0,,0.0
influenza_b,BARAO DE MELGACO,1,1,0,0.0,0.0,0.0,0.0,0.5
influenza_b,BARRA DO BUGRES,1,1,0,0.0,0.0,0.0,0.0,0.0017327737894144602
influenza_b,BOA VISTA,2,2,0,0.0,0.0,0.0,,0.0
influenza_b,BOCA DO ACRE,1,1,0,0.0,0.0,0.0,,0.0
influenza_b,BREJINHO,1,1,0,0.0,0.0,0.0,,0.0
influenza_b,CACERES,1,1,0,0.0,0.0,0.0,0.0,0.01077642877252243
influenza_b,CAMPINAPOLIS,3,3,0,0.0,0.0,0.0,0.0,0.27897658009572107
influenza_b,CAMPO GRANDE,1,1,0,0.0,0.0,0.0,,0.0
influenza_b,CAMPO NOVO DO PARECIS,5,5,0,0.0,0.0,0.0,0.0,0.0
influenza_b,CANARANA,1,1,0,0.0,0.0,0.0,0.0,0.0
influenza_b,CAXIAS,1,1,0,0.0,0.0,0.0,,0.0
influenza_b,CHAPADA DOS GUIMARAES,3,3,0,0.0,0.0,0.0,0.0,0.03629330306869366
influenza_b,CLAUDIA,1,1,0,0.0,0.0,0.0,0.0,0.0
influenza_b,COCALINHO,1,1,0,0.0,0.0,0.0,0.0,0.15397950098536037
influenza_b,COLATINA,1,1,0,0.0,0.0,0.0,,0.0
influenza_b,COLIDER,2,4,0,0.0,0.0,0.0,0.0,0.0
influenza_b,COLNIZA,1,1,0,0.0,0.0,0.0,0.0,0.15800048564189215
influenza_b,COMODORO,1,1,0,0.0,0.0,0.0,0.0,0.0
influenza_b,CUIABA,48,497,1,0.0,2.0,0.0020833333333333333,0.0030812888365644962,2.303525
influenza_b,CURITIBA,1,1,0,0.0,0.0,0.0,,0.0
influenza_b,CURVELANDIA,1,1,0,0.0,0.0,0.0,0.0,0.0
influenza_b,FRANCO DA ROCHA,1,1,0,0.0,0.0,0.0,,0.0
influenza_b,GAUCHA DO NORTE,1,1,0,0.0,0.0,0.0,0.0,0.07570559895833356
influenza_b,GUARANTA DO NORTE,3,3,0,0.0,0.0,0.0,0.0,0.0
influenza_b,INDIAVAI,7,13,0,0.0,0.0,0.0,0.0,0.5039273836268405
influenza_b,IPIRA,1,1,0,0.0,0.0,0.0,,0.0
influenza_b,ITANHANGA,1,1,0,0.0,0.0,0.0,0.0,0.0
influenza_b,ITAPETIM,1,1,0,0.0,0.0,0.0,,0.0
influenza_b,JAURU,1,1,0,0.0,0.0,0.0,0.0,0.00011868313626129
influenza_b,JUINA,2,2,0,0.0,0.0,0.0,0.0,0.0
influenza_b,LAMBARI D''OESTE,1,1,0,0.0,0.0,0.0,,0.0
influenza_b,LUCAS DO RIO VERDE,2,2,0,0.0,0.0,0.0,0.0,0.0
influenza_b,MIRASSOL D''OESTE,8,21,0,0.0,0.0,0.0,,0.4215625
influenza_b,MUCURI,1,1,0,0.0,0.0,0.0,,0.0
influenza_b,NORTELANDIA,1,1,0,0.0,0.0,0.0,0.0,0.0
influenza_b,NOVA MUTUM,1,1,0,0.0,0.0,0.0,0.0,0.0
influenza_b,NOVA NAZARE,4,8,0,0.0,0.0,0.0,0.0,0.458097916666667
influenza_b,NOVA SANTA HELENA,1,1,0,0.0,0.0,0.0,0.0,0.0
influenza_b,NOVO PROGRESSO,1,1,0,0.0,0.0,0.0,,0.0
influenza_b,OURO FINO,1,1,0,0.0,0.0,0.0,,0.0
influenza_b,PACARAIMA,2,2,0,0.0,0.0,0.0,,0.0
influenza_b,PARANAITA,2,3,0,0.0,0.0,0.0,0.0,0.168625
influenza_b,PIMENTA BUENO,1,1,0,0.0,0.0,0.0,,0.0
influenza_b,PIRANHAS,1,1,0,0.0,0.0,0.0,,0.0
influenza_b,POCONE,2,3,1,0.0,0.0,0.5,1.5926610180289227,0.3381092659065316
influenza_b,PONTA PORA,2,2,0,0.0,0.0,0.0,,0.0
influenza_b,PONTES E LACERDA,2,2,0,0.0,0.0,0.0,0.0,0.0
influenza_b,POXOREO,1,1,0,0.0,0.0,0.0,,0.0
influenza_b,QUERENCIA,7,7,0,0.0,0.0,0.0,0.0,0.0
influenza_b,RIBEIRAO CASCALHEIRA,1,1,0,0.0,0.0,0.0,0.0,0.10804437992680185
influenza_b,SANTAREM,1,1,0,0.0,0.0,0.0,,0.0
influenza_b,SANTO ANTONIO DO LESTE,1,1,0,0.0,0.0,0.0,0.0,0.00947566159909919
influenza_b,SANTO ANTONIO DO LEVERGER,4,4,0,0.0,0.0,0.0,0.0,0.07961264780405415
influenza_b,SAO FRANCISCO DO PARA,1,1,0,0.0,0.0,0.0,,0.0
influenza_b,SAO JULIAO,1,1,0,0.0,0.0,0.0,,0.0
influenza_b,SAO RAIMUNDO NONATO,1,1,0,0.0,0.0,0.0,,0.0
influenza_b,SINOP,4,4,0,0.0,0.0,0.0,0.0,0.0
influenza_b,SORRISO,2,2,0,0.0,0.0,0.0,0.0,0.0
influenza_b,TANGARA DA SERRA,3,3,0,0.0,0.0,0.0,0.0,0.0
influenza_b,TAPURAH,1,1,0,0.0,0.0,0.0,0.0,0.0
influenza_b,TELEMACO BORBA,1,1,0,0.0,0.0,0.0,,0.0
influenza_b,TERESINA,1,1,0,0.0,0.0,0.0,,0.0
influenza_b,UNIAO DO SUL,2,2,0,0.0,0.0,0.0,0.0,0.00187994087837845
influenza_b,VARZEA GRANDE,39,119,0,0.0,0.0,0.0,0.0,1.25
influenza_b,VILA BELA DA SANTISSIMA TRINDADE,1,1,0,0.0,0.0,0.0,0.0,0.11178052505630645
influenza_b,VILHENA,2,2,0,0.0,0.0,0.0,,0.0
intoxica_o_ex_gena_por_subst_ncias_qu_micas_incluindo_agrot_xicos_gases_t_xicos_,ARAPUTANGA,1,1,0,0.0,0.0,0.0,0.0,0.0
intoxica_o_ex_gena_por_subst_ncias_qu_micas_incluindo_agrot_xicos_gases_t_xicos_,COLIDER,6,33,0,0.0,0.0,0.0,0.0,1.25
intoxica_o_ex_gena_por_subst_ncias_qu_micas_incluindo_agrot_xicos_gases_t_xicos_,INDIAVAI,2,4,0,0.0,0.0,0.0,0.0,0.02767690737612621
intoxica_o_ex_gena_por_subst_ncias_qu_micas_incluindo_agrot_xicos_gases_t_xicos_,JACAREACANGA,1,1,0,0.0,0.0,0.0,,0.0
intoxica_o_ex_gena_por_subst_ncias_qu_micas_incluindo_agrot_xicos_gases_t_xicos_,JACIARA,1,1,0,0.0,0.0,0.0,,0.0
intoxica_o_ex_gena_por_subst_ncias_qu_micas_incluindo_agrot_xicos_gases_t_xicos_,NOVA MARINGA,1,2,0,0.0,0.0,0.0,,0.025659294059684753
intoxica_o_ex_gena_por_subst_ncias_qu_micas_incluindo_agrot_xicos_gases_t_xicos_,NOVA SANTA HELENA,1,3,0,0.0,0.0,0.0,,0.0
intoxica_o_ex_gena_por_subst_ncias_qu_micas_incluindo_agrot_xicos_gases_t_xicos_,PEIXOTO DE AZEVEDO,2,3,0,0.0,0.0,0.0,0.0,0.18926637105855867
leishmaniose,AGUA BOA,1,2,0,0.0,0.0,0.0,0.0,0.0
leishmaniose,ALTA FLORESTA,1,1,0,0.0,0.0,0.0,0.0,0.0
leishmaniose,ALTO GARCAS,2,2,0,0.0,0.0,0.0,,0.0
leishmaniose,ALTO PARAGUAI,1,2,0,0.0,0.0,0.0,0.0,0.0542049619932434
leishmaniose,ARAPUTANGA,2,3,0,0.0,0.0,0.0,,0.168625
leishmaniose,BARAO DE MELGACO,1,5,0,0.0,0.0,0.0,0.0,0.5
leishmaniose,BARRA DO BUGRES,5,6,0,0.0,0.0,0.0,0.0,0.5017327737894144
leishmaniose,BARRA DO GARCAS,2,7,0,0.0,0.0,0.0,0.0,0.168625
leishmaniose,BOA ESPERANCA DO NORTE,1,1,0,0.0,0.0,0.0,,0.0
leishmaniose,BRASNORTE,3,6,0,0.0,0.0,0.0,0.0,0.168625
leishmaniose,CACERES,5,18,0,0.0,0.0,0.0,0.0,1.0225264287725224
leishmaniose,CAMPO NOVO DO PARECIS,3,5,0,0.0,0.0,0.0,0.0,0.35355339059327373
leishmaniose,CAMPO VERDE,8,15,0,0.0,0.0,0.0,0.0,0.5729365606426321
leishmaniose,CAMPOS DE JULIO,1,2,0,0.0,0.0,0.0,,0.0
leishmaniose,CANARANA,5,6,0,0.0,0.0,0.0,0.0,0.49999999999999994
leishmaniose,CHAPADA DOS GUIMARAES,5,8,0,0.0,0.0,0.0,0.0,0.4737933030686936
leishmaniose,CLAUDIA,1,1,0,0.0,0.0,0.0,0.0,0.0
leishmaniose,COLIDER,4,6,0,0.0,0.0,0.0,0.0,0.168625
leishmaniose,COLNIZA,4,5,0,0.0,0.0,0.0,0.0,0.5910131875341115
leishmaniose,COMODORO,3,4,0,0.0,0.0,0.0,0.0,0.3535533905932738
leishmaniose,CONFRESA,1,1,0,0.0,0.0,0.0,0.0,0.047710620777027084
leishmaniose,CONQUISTA D''OESTE,1,1,0,0.0,0.0,0.0,,0.0
leishmaniose,COTRIGUACU,1,1,0,0.0,0.0,0.0,0.0,0.10213395974099129
leishmaniose,CUIABA,31,54,2,0.0,0.0,0.03763440860215054,0.006882608508624768,1.894427190999916
leishmaniose,CURVELANDIA,1,1,0,0.0,0.0,0.0,0.0,0.0
leishmaniose,DIAMANTINO,1,1,0,0.0,0.0,0.0,,0.0
leishmaniose,FELIZ NATAL,2,3,0,0.0,0.0,0.0,0.0,0.168625
leishmaniose,GLORIA D''OESTE,1,1,0,0.0,0.0,0.0,,0.0
leishmaniose,GUIRATINGA,1,2,0,0.0,0.0,0.0,0.0,0.017114108248873782
leishmaniose,ITIQUIRA,1,2,0,0.0,0.0,0.0,,0.00106340090090095
leishmaniose,JACIARA,7,18,0,0.0,0.0,0.0,0.0,1.01175
leishmaniose,JANUARIA,1,1,0,0.0,0.0,0.0,,0.0
leishmaniose,JOAQUIM PIRES,1,2,0,0.0,0.0,0.0,,0.0
leishmaniose,JUARA,2,4,0,0.0,0.0,0.0,0.0,0.0
leishmaniose,JUINA,3,6,0,0.0,0.0,0.0,0.0,0.168625
leishmaniose,JURUENA,1,1,0,0.0,0.0,0.0,0.0,0.0634907305743244
leishmaniose,JUSCIMEIRA,2,3,0,0.0,0.0,0.0,0.0,0.168625
leishmaniose,LADARIO,2,3,0,0.0,0.0,0.0,,0.168625
leishmaniose,LAGO DA PEDRA,1,1,0,0.0,0.0,0.0,,0.0
leishmaniose,LAGOA DA CONFUSAO,1,2,0,0.0,0.0,0.0,,0.0
leishmaniose,LARANJAL DO JARI,1,2,0,0.0,0.0,0.0,,0.0
leishmaniose,LUCAS DO RIO VERDE,2,6,0,0.0,0.0,0.0,0.0,0.168625
leishmaniose,MANAUS,1,2,0,0.0,0.0,0.0,,0.0
leishmaniose,MARCELANDIA,4,10,0,0.0,0.0,0.0,0.0,0.259787890625
leishmaniose,MIRASSOL D''OESTE,2,3,0,0.0,0.0,0.0,,0.168625
leishmaniose,NOBRES,2,2,0,0.0,0.0,0.0,,0.021030651745495524
leishmaniose,NOVA MUTUM,1,3,0,0.0,0.0,0.0,,0.0
leishmaniose,NOVA OLIMPIA,1,2,0,0.0,0.0,0.0,0.0,0.0
leishmaniose,NOVA SANTA HELENA,2,8,0,0.0,0.0,0.0,0.0,0.168625
leishmaniose,NOVO HORIZONTE DO NORTE,3,9,0,0.0,0.0,0.0,0.0,0.17110785121058564
leishmaniose,NOVO MUNDO,1,1,0,0.0,0.0,0.0,0.0,0.0122480996621622
leishmaniose,NOVO PROGRESSO,1,1,0,0.0,0.0,0.0,,0.0
leishmaniose,PEDRA PRETA,1,1,0,0.0,0.0,0.0,0.0,0.0
leishmaniose,PEIXOTO DE AZEVEDO,12,18,1,0.0,0.0,0.08333333333333333,0.3703264798246134,1.2131165913425568
leishmaniose,POCONE,1,5,0,0.0,0.0,0.0,,0.06830926590653164
leishmaniose,PONTES E LACERDA,8,15,0,0.0,0.0,0.0,0.0,0.843125
leishmaniose,PORTO ALEGRE DO NORTE,1,1,0,0.0,0.0,0.0,,0.08777804757882886
leishmaniose,PORTO ESPERIDIAO,2,4,0,0.0,0.0,0.0,,0.05470817849099111
leishmaniose,PRIMAVERA DO LESTE,3,5,0,0.0,0.0,0.0,0.0,0.35355339059327373
leishmaniose,RIBEIRAO CASCALHEIRA,1,2,0,0.0,0.0,0.0,,0.10804437992680185
leishmaniose,RONDONOPOLIS,7,13,0,0.0,0.0,0.0,0.0,0.4762504762507143
leishmaniose,ROSARIO OESTE,3,12,0,0.0,0.0,0.0,0.0,0.41637474827908466
leishmaniose,SANTA TEREZINHA,1,10,0,0.0,0.0,0.0,0.0,0.17831903856982004
leishmaniose,SAO FELIX DO ARAGUAIA,1,1,0,0.0,0.0,0.0,,0.16267185388513522
leishmaniose,SAO JOSE DO RIO CLARO,1,2,0,0.0,0.0,0.0,,0.0
leishmaniose,SAO JOSE DOS QUATRO MARCOS,1,1,0,0.0,0.0,0.0,0.0,0.0
leishmaniose,SAO LUIS,1,1,0,0.0,0.0,0.0,,0.0
leishmaniose,SAPEZAL,3,6,0,0.0,0.0,0.0,,0.35355339059327373
leishmaniose,SINOP,4,11,0,0.0,0.0,0.0,0.0,1.25
leishmaniose,SORRISO,9,16,0,0.0,0.0,0.0,0.0,0.6563841588082594
leishmaniose,TRES LAGOAS,1,1,0,0.0,0.0,0.0,,0.0
leishmaniose,UNIAO DO SUL,1,1,0,0.0,0.0,0.0,0.0,0.00187994087837845
leishmaniose,VARZEA GRANDE,26,55,3,0.0,0.0,0.041666666666666664,0.07838907319030985,1.5348843399489813
leishmaniose,VILA RICA,7,11,0,0.0,0.0,0.0,0.0,0.5368948317925322
leishmaniose_tegumentar_americana_igg,CAMPO NOVO DO PARECIS,1,1,0,0.0,0.0,0.0,0.0,0.0
leishmaniose_tegumentar_americana_igg,CANARANA,1,1,0,0.0,0.0,0.0,0.0,0.0
leishmaniose_visceral_humana_igg,CUIABA,1,1,0,0.0,0.0,0.0,0.0,0.0
leishmaniose_visceral_humana_igg,NOSSA SENHORA DO LIVRAMENTO,1,1,0,0.0,0.0,0.0,0.0,0.10755540540540556
leishmaniose_visceral_humana_igg,NOVO MUNDO,1,1,0,0.0,0.0,0.0,0.0,0.0122480996621622
leishmaniose_visceral_humana_igg,RONDONOPOLIS,7,8,1,0.0,0.0,0.14285714285714285,0.05833022724873233,0.9797958971132713
leishmaniose_visceral_humana_igg,SANTO ANTONIO DO LESTE,1,1,0,0.0,0.0,0.0,0.0,0.00947566159909919
leishmaniose_visceral_humana_teste_rapido,ALTO ARAGUAIA,1,1,0,0.0,0.0,0.0,0.0,0.0
leishmaniose_visceral_humana_teste_rapido,ARAPUTANGA,1,1,0,0.0,0.0,0.0,0.0,0.0
leishmaniose_visceral_humana_teste_rapido,BARRA DO GARCAS,1,1,1,0.0,0.0,1.0,1.397624039133473,0.0
leishmaniose_visceral_humana_teste_rapido,CAMPO NOVO DO PARECIS,2,2,0,0.0,0.0,0.0,0.0,0.0
leishmaniose_visceral_humana_teste_rapido,CAMPO VERDE,1,1,0,0.0,0.0,0.0,0.0,0.0
leishmaniose_visceral_humana_teste_rapido,CANARANA,1,1,0,0.0,0.0,0.0,0.0,0.0
leishmaniose_visceral_humana_teste_rapido,CASCAVEL,1,1,0,0.0,0.0,0.0,,0.0
leishmaniose_visceral_humana_teste_rapido,CEREJEIRAS,1,1,0,0.0,0.0,0.0,,0.0
leishmaniose_visceral_humana_teste_rapido,COLNIZA,1,1,0,0.0,0.0,0.0,0.0,0.15800048564189215
leishmaniose_visceral_humana_teste_rapido,CONFRESA,1,1,0,0.0,0.0,0.0,0.0,0.047710620777027084
leishmaniose_visceral_humana_teste_rapido,COSTA RICA,1,1,0,0.0,0.0,0.0,,0.0
leishmaniose_visceral_humana_teste_rapido,COXIM,1,1,0,0.0,0.0,0.0,,0.0
leishmaniose_visceral_humana_teste_rapido,CUIABA,10,12,3,0.0,0.0,0.16666666666666666,0.046091657870841955,1.5737608123058207
leishmaniose_visceral_humana_teste_rapido,GENERAL CARNEIRO,1,1,0,0.0,0.0,0.0,0.0,0.0818533854166666
leishmaniose_visceral_humana_teste_rapido,JACIARA,3,3,0,0.0,0.0,0.0,0.0,0.0
leishmaniose_visceral_humana_teste_rapido,JANGADA,3,3,0,0.0,0.0,0.0,0.0,0.056065913569820006
leishmaniose_visceral_humana_teste_rapido,JUARA,1,1,0,0.0,0.0,0.0,0.0,0.0
leishmaniose_visceral_humana_teste_rapido,JUINA,3,3,0,0.0,0.0,0.0,0.0,0.0
leishmaniose_visceral_humana_teste_rapido,LUCAS DO RIO VERDE,7,7,0,0.0,0.0,0.0,0.0,0.0
leishmaniose_visceral_humana_teste_rapido,MIRASSOL D''OESTE,4,4,0,0.0,0.0,0.0,,0.0
leishmaniose_visceral_humana_teste_rapido,NOSSA SENHORA DO LIVRAMENTO,1,1,0,0.0,0.0,0.0,0.0,0.10755540540540556
leishmaniose_visceral_humana_teste_rapido,NOVA BRASILANDIA,1,1,0,0.0,0.0,0.0,0.0,0.04917279701576588
leishmaniose_visceral_humana_teste_rapido,NOVO HORIZONTE DO NORTE,1,1,0,0.0,0.0,0.0,0.0,0.0024828512105856504
leishmaniose_visceral_humana_teste_rapido,PEDRA PRETA,1,1,0,0.0,0.0,0.0,0.0,0.0
leishmaniose_visceral_humana_teste_rapido,POXOREO,2,2,1,0.0,0.0,0.5,,0.1349
leishmaniose_visceral_humana_teste_rapido,PRIMAVERA DO LESTE,3,3,0,0.0,0.0,0.0,0.0,0.0
leishmaniose_visceral_humana_teste_rapido,QUERENCIA,1,1,0,0.0,0.0,0.0,0.0,0.0
leishmaniose_visceral_humana_teste_rapido,RONDONOPOLIS,44,80,10,0.0,0.0,0.1571969696969697,0.09341363671892276,1.054295244008272
leishmaniose_visceral_humana_teste_rapido,SANTA RITA DO ARAGUAIA,1,1,0,0.0,0.0,0.0,,0.0
leishmaniose_visceral_humana_teste_rapido,SANTO ANTONIO DO LESTE,1,1,0,0.0,0.0,0.0,0.0,0.00947566159909919
leishmaniose_visceral_humana_teste_rapido,SAO JOSE DOS QUATRO MARCOS,2,2,0,0.0,0.0,0.0,0.0,0.0
leishmaniose_visceral_humana_teste_rapido,SAO PEDRO DA AGUA BRANCA,1,1,0,0.0,0.0,0.0,,0.0
leishmaniose_visceral_humana_teste_rapido,SINOP,5,6,0,0.0,0.0,0.0,0.0,0.49999999999999994
leishmaniose_visceral_humana_teste_rapido,SORRISO,2,3,1,0.0,0.0,0.25,0.5266428624092857,0.43842499999999995
leishmaniose_visceral_humana_teste_rapido,VARZEA GRANDE,12,13,4,0.0,0.0,0.25,0.11196638855098456,1.7201585296926925
leishmaniose_visceral_humana_teste_rapido,VILA RICA,2,2,2,0.0,0.0,1.0,5.013033888109083,0.04660449394707213
leptospira,ACORIZAL,3,7,2,2.0,0.0,0.39999999999999997,13.296104241457252,0.825588182818445
leptospira,AGUA BOA,1,1,0,0.0,0.0,0.0,0.0,0.0
leptospira,ALTA FLORESTA,12,24,1,1.0,0.0,0.016666666666666666,0.1375250983304453,1.8361745815072283
leptospira,ALTAMIRA,1,1,1,0.0,0.0,1.0,,0.0
leptospira,ALTO ARAGUAIA,1,1,0,1.0,0.0,0.0,0.0,0.0
leptospira,ALTO BOA VISTA,1,1,0,0.0,0.0,0.0,0.0,0.1979444819819821
leptospira,ALTO PARAGUAI,2,4,0,1.0,0.0,0.0,0.0,0.2228299619932434
leptospira,ALTO TAQUARI,1,1,0,0.0,0.0,0.0,0.0,0.0
leptospira,APIACAS,1,2,0,0.0,0.0,0.0,0.0,0.00506539625563067
leptospira,ARAPUTANGA,1,1,0,0.0,0.0,0.0,0.0,0.0
leptospira,ARARAQUARA,1,1,0,0.0,0.0,0.0,,0.0
leptospira,ARARI,1,1,0,0.0,0.0,0.0,,0.0
leptospira,ARENAPOLIS,12,15,0,1.0,0.0,0.0,0.0,0.7351470441147051
leptospira,ARIPUANA,1,1,0,0.0,0.0,0.0,0.0,0.05382992328265769
leptospira,BARRA DO BUGRES,8,11,0,3.0,0.0,0.0,0.0,0.5350143772461557
leptospira,BARRA DO GARCAS,6,27,0,2.0,0.0,0.0,0.0,1.25
leptospira,BARRETOS,1,1,0,0.0,0.0,0.0,,0.0
leptospira,BRASILIA,2,2,0,0.0,0.0,0.0,,0.0
leptospira,BRASNORTE,5,7,0,2.0,0.0,0.0,0.0,0.4855010796710345
leptospira,BREU BRANCO,1,2,0,0.0,0.0,0.0,,0.0
leptospira,BROTAS,1,1,0,0.0,0.0,0.0,,0.0
leptospira,CACERES,4,8,1,2.0,0.0,0.25,0.3632387822783063,0.6400293027609169
leptospira,CAMPO NOVO DO PARECIS,21,42,0,5.0,0.0,0.0,0.0,0.9199005953162319
leptospira,CAMPO VERDE,6,11,0,0.0,0.0,0.0,0.0,0.505875
leptospira,CAMPOS DE JULIO,3,3,0,0.0,0.0,0.0,0.0,0.0
leptospira,CANARANA,3,3,0,0.0,0.0,0.0,0.0,0.0
leptospira,CAROEBE,1,3,0,0.0,0.0,0.0,,0.0
leptospira,CEREJEIRAS,1,1,0,0.0,0.0,0.0,,0.0
leptospira,CHAPADA DOS GUIMARAES,6,16,0,6.0,0.0,0.0,0.0,0.7107933030686937
leptospira,COLIDER,8,8,0,3.0,0.0,0.0,0.0,0.10558709435766654
leptospira,COLNIZA,8,12,2,1.0,0.0,0.125,0.9702708996351781,1.3849260100677283
leptospira,CONFRESA,1,1,0,0.0,0.0,0.0,0.0,0.047710620777027084
leptospira,COTRIGUACU,2,2,0,0.0,0.0,0.0,0.0,0.10213395974099129
leptospira,CUIABA,44,97,3,20.0,0.0,0.03787878787878787,0.011236064696991621,1.7216349456582107
leptospira,DENISE,1,1,0,0.0,0.0,0.0,0.0,0.0
leptospira,DIAMANTINO,4,5,1,0.0,0.0,0.25,2.2410470171664203,0.4813101615137755
leptospira,GENERAL CARNEIRO,1,4,0,1.0,0.0,0.0,,0.0818533854166666
leptospira,GOVERNADOR LUIZ ROCHA,1,2,0,1.0,0.0,0.0,,0.0
leptospira,GUARANTA DO NORTE,11,18,1,5.0,0.0,0.018181818181818184,0.31693711967545635,2.0649072409476137
leptospira,ITAIPAVA DO GRAJAU,1,1,0,0.0,0.0,0.0,,0.0
leptospira,ITANHANGA,1,4,1,1.0,0.0,0.25,12.766500702157538,0.0
leptospira,ITAUBA,1,2,0,0.0,0.0,0.0,0.0,0.0
leptospira,JACIARA,4,7,0,2.0,0.0,0.0,0.0,0.505875
leptospira,JANGADA,2,7,0,0.0,0.0,0.0,0.0,0.22469091356982002
leptospira,JATAI,1,3,0,0.0,0.0,0.0,,0.0
leptospira,JAURU,3,5,0,0.0,0.0,0.0,0.0,0.353672073729535
leptospira,JOAQUIM PIRES,1,1,0,0.0,0.0,0.0,,0.0
leptospira,JUARA,7,11,3,2.0,0.0,0.19999999999999998,1.4324184953876127,1.4533900497091026
leptospira,JUINA,5,6,1,1.0,0.0,0.2,0.42196763508238916,0.8
leptospira,JURUENA,2,2,0,0.0,0.0,0.0,0.0,0.0634907305743244
leptospira,LENCOIS,1,1,0,0.0,0.0,0.0,,0.0
leptospira,LUCAS DO RIO VERDE,5,8,1,0.0,0.0,0.2,0.2269477793159794,0.8
leptospira,MARCELANDIA,2,4,1,1.0,0.0,0.16666666666666666,4.947066389630949,0.546450390625
leptospira,MATUPA,3,3,0,0.0,0.0,0.0,0.0,0.0
leptospira,NOBRES,2,4,0,0.0,0.0,0.0,,0.18965565174549553
leptospira,NOSSA SENHORA DO LIVRAMENTO,2,3,0,1.0,0.0,0.0,0.0,0.3773554054054056
leptospira,NOVA CANAA DO NORTE,1,3,0,1.0,0.0,0.0,,0.0
leptospira,NOVA MARILANDIA,5,5,1,0.0,0.0,0.2,6.700616456714018,0.7464101615137755
leptospira,NOVA MARINGA,1,1,0,2.0,0.0,0.0,0.0,0.025659294059684753
leptospira,NOVA MONTE VERDE,1,1,0,0.0,0.0,0.0,0.0,0.007011799690315371
leptospira,NOVA MUTUM,7,15,0,1.0,0.0,0.0,0.0,0.33725
leptospira,NOVA NAZARE,1,1,0,0.0,0.0,0.0,0.0,0.12084791666666697
leptospira,NOVA OLIMPIA,4,4,0,0.0,0.0,0.0,0.0,0.0
leptospira,NOVA SANTA HELENA,2,3,0,2.0,0.0,0.0,0.0,0.168625
leptospira,NOVA UBIRATA,3,3,0,1.0,0.0,0.0,0.0,0.22943128829740572
leptospira,NOVO HORIZONTE DO NORTE,7,10,0,0.0,0.0,0.0,0.0,0.5418022228405918
leptospira,NOVO MUNDO,4,10,0,2.0,0.0,0.0,0.0,0.6216845987310635
leptospira,NOVO PROGRESSO,2,2,1,1.0,0.0,0.5,,0.1349
leptospira,PALMAS,2,4,0,0.0,0.0,0.0,,0.168625
leptospira,PARANAITA,1,1,0,0.0,0.0,0.0,0.0,0.0
leptospira,PARAUAPEBAS,1,1,0,0.0,0.0,0.0,,0.0
leptospira,PEDRA PRETA,3,3,0,0.0,0.0,0.0,0.0,0.0
leptospira,PEIXOTO DE AZEVEDO,4,6,0,1.0,0.0,0.0,0.0,0.45365407295077803
leptospira,POCONE,3,4,0,1.0,0.0,0.0,0.0,0.6339946908557696
leptospira,PONTAL DO ARAGUAIA,1,2,0,1.0,0.0,0.0,,0.0
leptospira,PONTES E LACERDA,7,7,0,2.0,0.0,0.0,0.0,0.2202931233703096
leptospira,PORTO ESPERIDIAO,2,2,0,0.0,0.0,0.0,0.0,0.05470817849099111
leptospira,POXOREO,1,1,0,0.0,0.0,0.0,,0.0
leptospira,PRIMAVERA DO LESTE,5,26,0,0.0,0.0,0.0,0.0,0.33725
leptospira,REGENTE FEIJO,3,11,0,0.0,0.0,0.0,,0.168625
leptospira,RIO BRANCO,1,1,0,1.0,0.0,0.0,0.0,0.014241976351351361
leptospira,RONDONOPOLIS,17,24,0,1.0,0.0,0.0,0.0,0.7324293749603503
leptospira,ROSARIO OESTE,1,1,0,1.0,0.0,0.0,0.0,0.06282135768581094
leptospira,SANTA CARMEM,1,1,0,0.0,0.0,0.0,0.0,0.0
leptospira,SANTAREM,1,2,0,0.0,0.0,0.0,,0.0
leptospira,SANTO AFONSO,1,1,0,0.0,0.0,0.0,0.0,0.0
leptospira,SANTO ANDRE,1,2,1,1.0,0.0,0.5,,0.0
leptospira,SANTO ANTONIO DO LEVERGER,5,11,3,5.0,0.0,0.2571428571428571,4.919323101141283,1.565851855225919
leptospira,SANTO ANTONIO DO TAUA,1,1,0,0.0,0.0,0.0,,0.0
leptospira,SAO JOSE DO RIO CLARO,6,7,1,1.0,0.0,0.16666666666666666,1.3836042891732965,0.847213595499958
leptospira,SAO JOSE DO XINGU,1,1,0,0.0,0.0,0.0,0.0,0.10040118595157664
leptospira,SAO JOSE DOS QUATRO MARCOS,2,2,0,1.0,0.0,0.0,0.0,0.0
leptospira,SAPEZAL,2,2,0,0.0,0.0,0.0,0.0,0.0
leptospira,SINOP,11,16,0,6.0,0.0,0.0,0.0,0.6444022325288263
leptospira,SORRISO,10,11,0,4.0,0.0,0.0,0.0,0.75
leptospira,TANGARA DA SERRA,72,210,7,4.0,0.0,0.01585038986354776,0.09741590398131841,3.232648310856491
leptospira,TAPURAH,7,18,2,1.0,0.0,0.10714285714285714,1.9211557673096133,1.1777941355448618
leptospira,TERRA NOVA DO NORTE,5,8,0,4.0,0.0,0.0,0.0,0.43749999999999994
leptospira,TURVO,1,1,0,0.0,0.0,0.0,,0.0
leptospira,VALE DE SAO DOMINGOS,1,1,0,1.0,0.0,0.0,0.0,0.04944814189189199
leptospira,VARZEA GRANDE,35,80,1,7.0,0.0,0.014285714285714285,0.01074989319981106,2.0
leptospira,VERA,1,2,0,0.0,0.0,0.0,,0.0
leptospira,VILA RICA,6,15,0,2.0,0.0,0.0,0.0,1.4095966778913316
leptospira,VILHENA,1,1,0,0.0,0.0,0.0,,0.0
lyme_igg,ACORIZAL,1,2,0,0.0,0.0,0.0,0.0,0.03850080940315332
lyme_igg,CAMPO NOVO DO PARECIS,2,2,1,0.0,0.0,0.5,1.0410810585712202,0.2698
lyme_igg,CUIABA,5,8,1,0.0,0.0,0.1,0.0320711209177472,1.0041241452319314
lyme_igg,GUARANTA DO NORTE,1,2,2,0.0,0.0,1.0,6.446621970087675,0.0
lyme_igg,JANGADA,1,1,0,0.0,0.0,0.0,0.0,0.056065913569820006
lyme_igg,LUCAS DO RIO VERDE,1,1,0,0.0,0.0,0.0,0.0,0.0
lyme_igg,PORTO ESPERIDIAO,1,1,0,0.0,0.0,0.0,0.0,0.05470817849099111
lyme_igg,VARZEA GRANDE,1,1,0,0.0,0.0,0.0,0.0,0.0
lyme_igm,ACORIZAL,1,2,0,0.0,0.0,0.0,0.0,0.03850080940315332
lyme_igm,CAMPO NOVO DO PARECIS,2,2,0,0.0,0.0,0.0,0.0,0.0
lyme_igm,CUIABA,5,8,3,0.0,0.0,0.5,0.09123186657978552,0.3390241452319315
lyme_igm,GUARANTA DO NORTE,1,2,2,0.0,0.0,1.0,6.446621970087675,0.0
lyme_igm,JANGADA,1,1,0,0.0,0.0,0.0,0.0,0.056065913569820006
lyme_igm,LUCAS DO RIO VERDE,1,1,0,0.0,0.0,0.0,0.0,0.0
lyme_igm,PORTO ESPERIDIAO,1,1,0,0.0,0.0,0.0,0.0,0.05470817849099111
lyme_igm,VARZEA GRANDE,1,1,0,0.0,0.0,0.0,0.0,0.0
malaria,AGUA BOA,1,1,0,0.0,0.0,0.0,0.0,0.0
malaria,CACERES,5,5,0,0.0,1.0,0.0,0.0,0.01077642877252243
malaria,CHAPADA DOS GUIMARAES,1,1,0,0.0,0.0,0.0,0.0,0.03629330306869366
malaria,COLNIZA,1,3,0,0.0,0.0,0.0,,0.15800048564189215
malaria,CRUZEIRO DO SUL,1,1,0,0.0,0.0,0.0,,0.0
malaria,CUIABA,2,2,0,0.0,0.0,0.0,0.0,0.0
malaria,CUMARU DO NORTE,1,2,0,0.0,0.0,0.0,,0.0
malaria,JOAQUIM PIRES,1,1,0,0.0,0.0,0.0,,0.0
malaria,MATUPA,1,1,0,0.0,0.0,0.0,,0.0
malaria,PONTES E LACERDA,2,2,0,0.0,0.0,0.0,0.0,0.0
malaria,PORTO DOS GAUCHOS,1,2,0,0.0,0.0,0.0,0.0,0.00188468820382883
malaria,SINOP,1,1,0,0.0,0.0,0.0,,0.0
malaria,VARZEA GRANDE,1,2,0,0.0,0.0,0.0,0.0,0.0
mayaro_igm,VARZEA GRANDE,1,1,0,0.0,0.0,0.0,0.0,0.0
meningite,AGUA AZUL DO NORTE,1,6,0,0.0,0.0,0.0,,0.0
meningite,AGUA BOA,13,36,0,3.0,0.0,0.0,0.0,0.7535691219921311
meningite,ALTA FLORESTA,3,14,0,0.0,0.0,0.0,0.0,0.505875
meningite,ALTO ARAGUAIA,5,12,0,1.0,0.0,0.0,0.0,0.7791863575034156
meningite,ALTO BOA VISTA,1,3,0,0.0,0.0,0.0,0.0,0.1979444819819821
meningite,ALTO PARAGUAI,1,1,0,0.0,0.0,0.0,,0.0542049619932434
meningite,ALTO TAQUARI,2,4,0,0.0,0.0,0.0,0.0,0.0
meningite,ANAPU,1,1,0,0.0,0.0,0.0,,0.0
meningite,ARAPUTANGA,1,4,0,0.0,0.0,0.0,0.0,0.0
meningite,ARENAPOLIS,2,7,0,0.0,0.0,0.0,,0.168625
meningite,ARIPUANA,6,19,0,0.0,0.0,0.0,0.0,0.8126424232826577
meningite,BARRA DO BUGRES,2,4,0,0.0,0.0,0.0,0.0,0.17035777378941447
meningite,BARRA DO GARCAS,6,30,0,0.0,1.0,0.0,0.0,0.20234999999999997
meningite,BOA VISTA,1,8,0,0.0,0.0,0.0,,0.0
meningite,BRASIL NOVO,1,3,0,0.0,0.0,0.0,,0.0
meningite,BRASNORTE,2,8,0,0.0,0.0,0.0,0.0,0.168625
meningite,CACERES,10,34,0,3.0,0.0,0.0,0.0,0.8539014287725224
meningite,CAMPINAPOLIS,5,16,0,2.0,1.0,0.0,0.0,0.953476580095721
meningite,CAMPO NOVO DO PARECIS,12,55,0,5.0,0.0,0.0,0.0,1.2365833333333334
meningite,CAMPO VERDE,9,48,1,3.0,1.0,0.005291005291005291,0.0,1.815685424949238
meningite,CANARANA,19,60,0,6.0,0.0,0.0,0.0,0.7677157306169837
meningite,CARDOSO,1,1,0,0.0,0.0,0.0,,0.0
meningite,CHAPADA DOS GUIMARAES,6,26,0,3.0,0.0,0.0,0.0,0.7857933030686937
meningite,COCALINHO,2,2,0,0.0,0.0,0.0,0.0,0.15397950098536037
meningite,COLIDER,3,27,0,0.0,0.0,0.0,0.0,1.25
meningite,COLNIZA,3,8,0,0.0,0.0,0.0,0.0,0.32662548564189214
meningite,COMODORO,1,5,0,0.0,0.0,0.0,,0.0
meningite,CONFRESA,7,29,0,1.0,0.0,0.0,0.0,0.3849606207770271
meningite,CUIABA,64,387,0,75.0,8.0,0.0,0.0,1.25
meningite,DIAMANTINO,7,14,0,1.0,0.0,0.0,0.0,0.4830563079129867
meningite,DOM AQUINO,1,7,0,0.0,0.0,0.0,,0.0
meningite,FELIZ NATAL,2,10,0,1.0,0.0,0.0,0.0,0.2698
meningite,FIGUEIROPOLIS D''OESTE,1,1,0,0.0,0.0,0.0,,0.0
meningite,GAUCHA DO NORTE,1,5,0,0.0,0.0,0.0,0.0,0.07570559895833356
meningite,GUARANTA DO NORTE,7,35,0,1.0,0.0,0.0,0.0,0.33725
meningite,GUIA LOPES DA LAGUNA,1,4,0,0.0,0.0,0.0,,0.0
meningite,GUIRATINGA,1,4,0,0.0,0.0,0.0,,0.017114108248873782
meningite,IPIRANGA DO NORTE,1,4,0,0.0,0.0,0.0,,0.0
meningite,ITANHANGA,2,10,0,0.0,0.0,0.0,0.0,0.0
meningite,JACIARA,2,18,0,0.0,0.0,0.0,0.0,0.168625
meningite,JACOBINA,1,4,0,0.0,0.0,0.0,,0.0
meningite,JANGADA,1,1,0,0.0,0.0,0.0,,0.056065913569820006
meningite,JUARA,14,33,0,3.0,0.0,0.0,0.0,0.5488206708938739
meningite,JUINA,10,49,0,2.0,0.0,0.0,0.0,0.505875
meningite,JURUENA,1,5,0,0.0,0.0,0.0,,0.0634907305743244
meningite,JUSCIMEIRA,1,4,0,0.0,0.0,0.0,,0.0
meningite,LUCAS DO RIO VERDE,21,66,0,4.0,1.0,0.0,0.0,1.01175
meningite,MARCELANDIA,3,8,0,0.0,0.0,0.0,0.0,0.175475390625
meningite,MATUPA,4,19,0,0.0,0.0,0.0,0.0,0.2529375
meningite,MIRASSOL D''OESTE,6,16,0,0.0,0.0,0.0,,0.6745
meningite,NOBRES,4,9,0,0.0,0.0,0.0,0.0,0.4540433536377148
meningite,NORTELANDIA,2,5,0,0.0,0.0,0.0,,0.168625
meningite,NOVA BRASILANDIA,2,15,0,1.0,0.0,0.0,0.0,0.21779779701576588
meningite,NOVA LACERDA,1,2,0,0.0,0.0,0.0,,0.03343541314752269
meningite,NOVA MARILANDIA,1,6,0,1.0,1.0,0.0,0.0,0.0
meningite,NOVA MARINGA,2,5,0,0.0,0.0,0.0,,0.19428429405968475
meningite,NOVA MUTUM,1,3,0,0.0,0.0,0.0,,0.0
meningite,NOVA NAZARE,3,8,0,0.0,0.0,0.0,0.0,0.28947291666666697
meningite,NOVA OLIMPIA,2,9,0,1.0,0.0,0.0,0.0,0.168625
meningite,NOVA SANTA HELENA,2,13,0,0.0,0.0,0.0,0.0,0.168625
meningite,NOVA XAVANTINA,3,12,0,1.0,0.0,0.0,0.0,0.6745
meningite,NOVO PROGRESSO,1,4,0,0.0,0.0,0.0,,0.0
meningite,PARANATINGA,1,8,0,0.0,0.0,0.0,,0.02608180602477483
meningite,PEDRA PRETA,1,1,0,0.0,0.0,0.0,0.0,0.0
meningite,PEIXOTO DE AZEVEDO,7,17,2,1.0,0.0,0.19047619047619047,0.9875372795323024,0.7661654793922226
meningite,POCONE,1,7,0,1.0,0.0,0.0,0.0,0.06830926590653164
meningite,PONTES E LACERDA,1,5,0,0.0,0.0,0.0,,0.0
meningite,POPULINA,1,5,0,0.0,0.0,0.0,,0.0
meningite,PORTO ALEGRE DO NORTE,2,5,0,0.0,0.0,0.0,,0.25640304757882887
meningite,PORTO DOS GAUCHOS,1,4,0,0.0,0.0,0.0,,0.00188468820382883
meningite,PORTO VELHO,1,1,0,0.0,0.0,0.0,,0.0
meningite,POXOREO,5,23,0,0.0,0.0,0.0,,1.180375
meningite,PRIMAVERA DO LESTE,22,122,0,3.0,0.0,0.0,0.0,0.30400781419949835
meningite,QUERENCIA,6,21,0,1.0,0.0,0.0,0.0,0.505875
meningite,RIBEIRAO CASCALHEIRA,2,3,0,1.0,0.0,0.0,0.0,0.27666937992680185
meningite,RONDONOPOLIS,24,109,1,9.0,1.0,0.013888888888888888,0.02106707250275136,1.7837874297860759
meningite,SANTA CARMEM,1,4,0,0.0,0.0,0.0,,0.0
meningite,SANTA RITA DO ARAGUAIA,1,2,0,0.0,0.0,0.0,,0.0
meningite,SANTO ANTONIO DO LEVERGER,6,21,0,1.0,0.0,0.0,0.0,0.7522728444290226
meningite,SAO JOSE DO RIO CLARO,4,7,0,0.0,0.0,0.0,,0.4330127018922193
meningite,SAO JOSE DOS QUATRO MARCOS,1,8,0,0.0,0.0,0.0,,0.0
meningite,SAO PEDRO DA CIPA,1,6,0,2.0,1.0,0.0,0.0,0.02677016821509017
meningite,SAPEZAL,5,20,1,1.0,0.0,0.06666666666666667,1.0582346529519457,0.8949747468305833
meningite,SINOP,16,90,0,13.0,0.0,0.0,0.0,1.25
meningite,SORRISO,14,63,0,4.0,0.0,0.0,0.0,0.7869166666666666
meningite,TABAPORA,1,2,0,0.0,0.0,0.0,0.0,0.0
meningite,TANGARA DA SERRA,17,84,0,2.0,1.0,0.0,0.0,1.4784889635194587
meningite,TAPURAH,3,17,0,2.0,0.0,0.0,,0.505875
meningite,TERRA NOVA DO NORTE,2,6,0,0.0,0.0,0.0,0.0,0.168625
meningite,TESOURO,1,6,0,1.0,0.0,0.0,,0.07822168144707219
meningite,VARZEA GRANDE,54,282,1,36.0,1.0,0.0030864197530864196,0.007647714457591205,2.168625
meningite,VILA BELA DA SANTISSIMA TRINDADE,1,1,0,0.0,0.0,0.0,,0.11178052505630645
meningite,VILA RICA,1,1,0,0.0,0.0,0.0,0.0,0.04660449394707213
meningite_bacteriana_biologia_molecular,AGUA BOA,1,3,0,0.0,0.0,0.0,0.0,0.0
meningite_bacteriana_biologia_molecular,ARENAPOLIS,1,3,0,1.0,0.0,0.0,0.0,0.0
meningite_bacteriana_biologia_molecular,ARIPUANA,1,3,2,1.0,0.0,0.6666666666666666,7.845290864158788,0.05382992328265769
meningite_bacteriana_biologia_molecular,BARRA DO BUGRES,1,2,2,1.0,0.0,1.0,6.719301192675962,0.0017327737894144602
meningite_bacteriana_biologia_molecular,BRASNORTE,1,3,0,0.0,0.0,0.0,0.0,0.0
meningite_bacteriana_biologia_molecular,CACERES,1,3,0,1.0,0.0,0.0,0.0,0.01077642877252243
meningite_bacteriana_biologia_molecular,CAMPINAPOLIS,2,9,2,1.0,0.0,0.3333333333333333,6.404918977774931,0.5487765800957211
meningite_bacteriana_biologia_molecular,CHAPADA DOS GUIMARAES,1,1,0,0.0,0.0,0.0,0.0,0.03629330306869366
meningite_bacteriana_biologia_molecular,COLIDER,1,3,0,1.0,1.0,0.0,0.0,0.0
meningite_bacteriana_biologia_molecular,COLNIZA,2,12,2,3.0,0.0,0.3333333333333333,3.8810835985407124,0.4278004856418921
meningite_bacteriana_biologia_molecular,CONCEICAO DO ARAGUAIA,1,3,0,0.0,0.0,0.0,,0.0
meningite_bacteriana_biologia_molecular,CONFRESA,1,3,2,2.0,0.0,0.6666666666666666,5.702066999287242,0.047710620777027084
meningite_bacteriana_biologia_molecular,COTRIGUACU,1,3,0,1.0,0.0,0.0,0.0,0.10213395974099129
meningite_bacteriana_biologia_molecular,CUIABA,21,64,5,38.0,6.0,0.0873015873015873,0.03580776481948187,1.3804076233187845
meningite_bacteriana_biologia_molecular,GAUCHA DO NORTE,1,3,0,2.0,0.0,0.0,0.0,0.07570559895833356
meningite_bacteriana_biologia_molecular,GUARANTA DO NORTE,2,5,0,0.0,0.0,0.0,0.0,0.168625
meningite_bacteriana_biologia_molecular,JANGADA,1,1,0,1.0,0.0,0.0,0.0,0.056065913569820006
meningite_bacteriana_biologia_molecular,LUCAS DO RIO VERDE,3,8,0,0.0,0.0,0.0,0.0,0.17677669529663695
meningite_bacteriana_biologia_molecular,NOSSA SENHORA DO LIVRAMENTO,1,1,0,1.0,0.0,0.0,0.0,0.10755540540540556
meningite_bacteriana_biologia_molecular,NOVA MUTUM,1,3,2,1.0,0.0,0.6666666666666666,3.581726033775676,0.0
meningite_bacteriana_biologia_molecular,NOVA NAZARE,1,3,0,0.0,1.0,0.0,0.0,0.12084791666666697
meningite_bacteriana_biologia_molecular,NOVA OLIMPIA,2,6,0,1.0,0.0,0.0,0.0,0.101175
meningite_bacteriana_biologia_molecular,PEIXOTO DE AZEVEDO,1,3,0,0.0,0.0,0.0,0.0,0.02064137105855867
meningite_bacteriana_biologia_molecular,PLANALTO DA SERRA,1,3,0,0.0,0.0,0.0,0.0,0.05307984586148658
meningite_bacteriana_biologia_molecular,POCONE,1,1,0,1.0,0.0,0.0,0.0,0.06830926590653164
meningite_bacteriana_biologia_molecular,QUERENCIA,1,3,0,1.0,0.0,0.0,0.0,0.0
meningite_bacteriana_biologia_molecular,RIBEIRAO CASCALHEIRA,1,6,2,0.0,0.0,0.3333333333333333,19.342359767891683,0.10804437992680185
meningite_bacteriana_biologia_molecular,RONDONOPOLIS,2,6,0,2.0,0.0,0.0,0.0,0.10117500000000036
meningite_bacteriana_biologia_molecular,SANTO ANTONIO DO LEVERGER,3,11,0,3.0,1.0,0.0,0.0,0.7867194289906015
meningite_bacteriana_biologia_molecular,SAO FELIX DO ARAGUAIA,1,3,0,0.0,0.0,0.0,0.0,0.16267185388513522
meningite_bacteriana_biologia_molecular,SAPEZAL,1,1,0,1.0,0.0,0.0,0.0,0.0
meningite_bacteriana_biologia_molecular,SINOP,1,3,0,0.0,0.0,0.0,0.0,0.0
meningite_bacteriana_biologia_molecular,TANGARA DA SERRA,3,9,0,3.0,0.0,0.0,0.0,0.0
meningite_bacteriana_biologia_molecular,VARZEA GRANDE,20,71,4,21.0,2.0,0.05,0.06548511093252932,1.7216535122816
meningite_bacteriana_tsa,ARIPUANA,1,1,0,1.0,0.0,0.0,0.0,0.05382992328265769
meningite_bacteriana_tsa,JANGADA,1,1,0,0.0,0.0,0.0,0.0,0.056065913569820006
meningite_bacteriana_tsa,JUARA,2,3,2,2.0,1.0,0.5,2.788466900897886,0.505875
meningite_bacteriana_tsa,LUCAS DO RIO VERDE,1,1,0,0.0,0.0,0.0,0.0,0.0
meningite_bacteriana_tsa,RONDONOPOLIS,2,3,1,2.0,1.0,0.25,0.196287805031249,0.505875
micobacterias_identificacao,AGUA BOA,1,2,2,0.0,0.0,1.0,7.49653285355523,0.0
micobacterias_identificacao,ALTA FLORESTA,1,2,2,0.0,0.0,1.0,3.8384032242587085,0.0
micobacteriose_tsa,VARZEA GRANDE,1,1,0,0.0,0.0,0.0,0.0,0.0
micobacterioses_aspergilose,FELIZ NATAL,1,1,0,0.0,0.0,0.0,0.0,0.0
micobacterioses_bact_rias_cultura,CACERES,1,2,0,0.0,0.0,0.0,,0.01077642877252243
micobacterioses_bact_rias_cultura,CANARANA,1,1,0,0.0,0.0,0.0,0.0,0.0
micobacterioses_bact_rias_cultura,CUIABA,3,3,0,0.0,0.0,0.0,0.0,0.0
micobacterioses_bact_rias_cultura,DOM AQUINO,1,2,0,0.0,0.0,0.0,0.0,0.0
micobacterioses_bact_rias_cultura,GENERAL CARNEIRO,1,1,0,0.0,0.0,0.0,0.0,0.0818533854166666
micobacterioses_bact_rias_cultura,PARANAITA,3,4,0,0.0,0.0,0.0,0.0,0.3535533905932738
micobacterioses_bact_rias_cultura,PEDRA PRETA,1,1,0,0.0,0.0,0.0,0.0,0.0
micobacterioses_bact_rias_cultura,RONDONOPOLIS,3,3,0,0.0,0.0,0.0,0.0,0.0
micobacterioses_bact_rias_cultura,SINOP,3,5,0,0.0,0.0,0.0,0.0,0.17677669529663684
micobacterioses_bact_rias_teste_de_sensibilidade,CUIABA,2,2,0,0.0,0.0,0.0,0.0,0.0
micobacterioses_bact_rias_teste_de_sensibilidade,FELIZ NATAL,2,4,0,0.0,0.0,0.0,0.0,0.168625
micobacterioses_bact_rias_teste_de_sensibilidade,PARANAITA,2,3,0,0.0,0.0,0.0,0.0,0.168625
micobacterioses_bact_rias_teste_de_sensibilidade,RONDONOPOLIS,2,2,0,0.0,0.0,0.0,0.0,0.0
micobacterioses_bact_rias_teste_de_sensibilidade,SINOP,1,3,0,0.0,0.0,0.0,,0.0
micobacterioses_blastomicose_sul_americana,PARANAITA,2,2,0,0.0,0.0,0.0,0.0,0.0
micobacterioses_cultura_para_fungos,ACORIZAL,1,1,0,0.0,0.0,0.0,0.0,0.03850080940315332
micobacterioses_cultura_para_fungos,ALTO ARAGUAIA,1,1,0,0.0,0.0,0.0,0.0,0.0
micobacterioses_cultura_para_fungos,ALTO TAQUARI,1,1,0,0.0,0.0,0.0,0.0,0.0
micobacterioses_cultura_para_fungos,CACERES,1,1,0,0.0,0.0,0.0,,0.01077642877252243
micobacterioses_cultura_para_fungos,CUIABA,8,10,1,0.0,0.0,0.125,0.018303432845437027,1.058300524425836
micobacterioses_cultura_para_fungos,DOM AQUINO,2,3,0,0.0,0.0,0.0,0.0,0.168625
micobacterioses_cultura_para_fungos,JUSCIMEIRA,1,1,0,0.0,0.0,0.0,0.0,0.0
micobacterioses_cultura_para_fungos,PARANAITA,1,1,0,0.0,0.0,0.0,,0.0
micobacterioses_cultura_para_fungos,PEDRA PRETA,1,1,1,0.0,0.0,1.0,5.341309689135776,0.0
micobacterioses_cultura_para_fungos,RONDONOPOLIS,5,5,0,0.0,0.0,0.0,0.0,0.0
micobacterioses_cultura_para_fungos,SINOP,3,3,0,0.0,0.0,0.0,0.0,0.0
micobacterioses_cultura_para_fungos,VARZEA GRANDE,4,5,0,0.0,0.0,0.0,0.0,0.43301270189221935
micobacterioses_fungos,ACORIZAL,1,1,0,0.0,0.0,0.0,0.0,0.03850080940315332
micobacterioses_fungos,ALTO ARAGUAIA,1,1,0,0.0,0.0,0.0,0.0,0.0
micobacterioses_fungos,ALTO TAQUARI,1,1,0,0.0,0.0,0.0,0.0,0.0
micobacterioses_fungos,CACERES,1,1,0,0.0,0.0,0.0,,0.01077642877252243
micobacterioses_fungos,CUIABA,7,9,1,0.0,0.0,0.14285714285714285,0.020918208966213745,0.9797958971132714
micobacterioses_fungos,DOM AQUINO,2,3,0,0.0,0.0,0.0,0.0,0.168625
micobacterioses_fungos,FELIZ NATAL,1,1,0,0.0,0.0,0.0,0.0,0.0
micobacterioses_fungos,JUSCIMEIRA,1,1,0,0.0,0.0,0.0,0.0,0.0
micobacterioses_fungos,PARANAITA,1,1,0,0.0,0.0,0.0,,0.0
micobacterioses_fungos,PEDRA PRETA,1,1,1,0.0,0.0,1.0,5.341309689135776,0.0
micobacterioses_fungos,RONDONOPOLIS,5,5,0,0.0,0.0,0.0,0.0,0.0
micobacterioses_fungos,SINOP,2,2,0,0.0,0.0,0.0,0.0,0.0
micobacterioses_fungos,VARZEA GRANDE,2,2,0,0.0,0.0,0.0,0.0,0.0
micobacterioses_fungos_teste_de_sensibilidade,ACORIZAL,1,1,0,0.0,0.0,0.0,0.0,0.03850080940315332
micobacterioses_fungos_teste_de_sensibilidade,ALTO ARAGUAIA,1,1,0,0.0,0.0,0.0,0.0,0.0
micobacterioses_fungos_teste_de_sensibilidade,ALTO TAQUARI,1,1,0,0.0,0.0,0.0,0.0,0.0
micobacterioses_fungos_teste_de_sensibilidade,CACERES,1,2,0,0.0,0.0,0.0,,0.01077642877252243
micobacterioses_fungos_teste_de_sensibilidade,CUIABA,8,11,0,0.0,0.0,0.0,0.0,0.5837172315870185
micobacterioses_fungos_teste_de_sensibilidade,DOM AQUINO,1,1,0,0.0,0.0,0.0,0.0,0.0
micobacterioses_fungos_teste_de_sensibilidade,JUSCIMEIRA,1,1,0,0.0,0.0,0.0,0.0,0.0
micobacterioses_fungos_teste_de_sensibilidade,PARANAITA,1,2,0,0.0,0.0,0.0,,0.0
micobacterioses_fungos_teste_de_sensibilidade,RONDONOPOLIS,3,3,0,0.0,0.0,0.0,0.0,0.0
micobacterioses_fungos_teste_de_sensibilidade,SINOP,2,2,0,0.0,0.0,0.0,0.0,0.0
micobacterioses_fungos_teste_de_sensibilidade,VARZEA GRANDE,3,5,0,0.0,0.0,0.0,0.0,0.35355339059327373
micobacterioses_histoplasmose,FELIZ NATAL,1,1,0,0.0,0.0,0.0,0.0,0.0
micobacterioses_micobact_rias_identifica_o,AGUA BOA,2,2,0,0.0,0.0,0.0,0.0,0.0
micobacterioses_micobact_rias_identifica_o,ALTO ARAGUAIA,1,1,0,0.0,0.0,0.0,0.0,0.0
micobacterioses_micobact_rias_identifica_o,ALTO TAQUARI,1,1,0,0.0,0.0,0.0,0.0,0.0
micobacterioses_micobact_rias_identifica_o,CAMPINAPOLIS,2,3,0,0.0,0.0,0.0,0.0,0.44760158009572104
micobacterioses_micobact_rias_identifica_o,CUIABA,3,3,0,0.0,0.0,0.0,0.0,0.0
micobacterioses_micobact_rias_identifica_o,DOM AQUINO,2,3,0,0.0,0.0,0.0,0.0,0.168625
micobacterioses_micobact_rias_identifica_o,GENERAL CARNEIRO,1,1,0,0.0,0.0,0.0,0.0,0.0818533854166666
micobacterioses_micobact_rias_identifica_o,LUCAS DO RIO VERDE,1,1,0,0.0,0.0,0.0,0.0,0.0
micobacterioses_micobact_rias_identifica_o,PARANAITA,4,6,0,0.0,0.0,0.0,,0.168625
micobacterioses_micobact_rias_identifica_o,PEDRA PRETA,1,1,0,0.0,0.0,0.0,0.0,0.0
micobacterioses_micobact_rias_identifica_o,PRIMAVERA DO LESTE,1,2,0,0.0,0.0,0.0,0.0,0.0
micobacterioses_micobact_rias_identifica_o,RONDONOPOLIS,4,4,0,0.0,0.0,0.0,0.0,0.0
micobacterioses_micobact_rias_identifica_o,SAO JOSE DOS QUATRO MARCOS,1,1,0,0.0,0.0,0.0,,0.0
micobacterioses_micobact_rias_identifica_o,SINOP,1,1,0,0.0,0.0,0.0,0.0,0.0
micobacterioses_micobact_rias_identifica_o,VARZEA GRANDE,1,1,0,0.0,0.0,0.0,0.0,0.0
micobacterioses_micobacteriose_biologia_molecular,LUCAS DO RIO VERDE,1,1,0,0.0,0.0,0.0,0.0,0.0
micobacterioses_micobacteriose_biologia_molecular,PARANAITA,3,4,0,0.0,0.0,0.0,,0.3535533905932738
micobacterioses_micobacteriose_tsa,ALTO ARAGUAIA,1,1,0,0.0,0.0,0.0,0.0,0.0
micobacterioses_micobacteriose_tsa,ALTO TAQUARI,1,1,0,0.0,0.0,0.0,0.0,0.0
micobacterioses_micobacteriose_tsa,CAMPINAPOLIS,2,4,0,0.0,0.0,0.0,0.0,0.44760158009572104
micobacterioses_micobacteriose_tsa,CUIABA,1,1,0,0.0,0.0,0.0,0.0,0.0
micobacterioses_micobacteriose_tsa,LUCAS DO RIO VERDE,1,1,0,0.0,0.0,0.0,0.0,0.0
micobacterioses_micobacteriose_tsa,PARANAITA,3,4,0,0.0,0.0,0.0,,0.3535533905932738
micobacterioses_micobacteriose_tsa,PRIMAVERA DO LESTE,1,2,0,0.0,0.0,0.0,0.0,0.0
micobacterioses_v_rus_respirat_rios,SINOP,1,1,0,0.0,0.0,0.0,0.0,0.0
micose_bact_rias_cultura,GUIRATINGA,1,1,0,0.0,0.0,0.0,,0.017114108248873782
micose_bact_rias_cultura,RONDONOPOLIS,1,1,0,0.0,0.0,0.0,,0.0
micose_bact_rias_cultura,SANTO ANTONIO DO LESTE,1,1,0,0.0,0.0,0.0,0.0,0.00947566159909919
micose_bact_rias_cultura,VARZEA GRANDE,2,2,0,0.0,0.0,0.0,0.0,0.0
micose_bact_rias_teste_de_sensibilidade,GUIRATINGA,1,1,0,0.0,0.0,0.0,,0.017114108248873782
micose_bact_rias_teste_de_sensibilidade,SANTO ANTONIO DO LESTE,1,1,0,0.0,0.0,0.0,0.0,0.00947566159909919
micose_bact_rias_teste_de_sensibilidade,VARZEA GRANDE,1,1,0,0.0,0.0,0.0,0.0,0.0
micose_cultura_para_fungos,AGUA BOA,1,2,0,0.0,0.0,0.0,0.0,0.0
micose_cultura_para_fungos,BARRA DO BUGRES,1,2,0,0.0,0.0,0.0,,0.0017327737894144602
micose_cultura_para_fungos,CUIABA,2,3,0,0.0,0.0,0.0,,0.168625
micose_cultura_para_fungos,GUIRATINGA,1,1,0,0.0,0.0,0.0,,0.017114108248873782
micose_cultura_para_fungos,LUCAS DO RIO VERDE,2,5,0,0.0,0.0,0.0,0.0,0.168625
micose_cultura_para_fungos,PEIXOTO DE AZEVEDO,1,1,0,0.0,0.0,0.0,,0.02064137105855867
micose_cultura_para_fungos,RONDONOPOLIS,6,6,0,0.0,0.0,0.0,0.0,0.0
micose_cultura_para_fungos,ROSARIO OESTE,1,1,0,0.0,0.0,0.0,0.0,0.06282135768581094
micose_cultura_para_fungos,SANTO ANTONIO DO LESTE,1,1,0,0.0,0.0,0.0,0.0,0.00947566159909919
micose_cultura_para_fungos,SENADOR CANEDO,1,1,0,0.0,0.0,0.0,,0.0
micose_cultura_para_fungos,SINOP,2,2,0,0.0,0.0,0.0,,0.0
micose_cultura_para_fungos,VARZEA GRANDE,3,3,0,0.0,0.0,0.0,0.0,0.0
micose_fungos,AGUA BOA,1,2,0,0.0,0.0,0.0,0.0,0.0
micose_fungos,BARRA DO BUGRES,1,2,0,0.0,0.0,0.0,,0.0017327737894144602
micose_fungos,CUIABA,2,3,0,0.0,0.0,0.0,,0.168625
micose_fungos,GUIRATINGA,1,1,0,0.0,0.0,0.0,,0.017114108248873782
micose_fungos,LUCAS DO RIO VERDE,2,10,0,0.0,0.0,0.0,0.0,0.168625
micose_fungos,PEIXOTO DE AZEVEDO,1,2,0,0.0,0.0,0.0,,0.02064137105855867
micose_fungos,RONDONOPOLIS,6,8,1,0.0,0.0,0.16666666666666666,0.18960365252476225,0.5821135954999579
micose_fungos,ROSARIO OESTE,1,1,0,0.0,0.0,0.0,0.0,0.06282135768581094
micose_fungos,SANTO ANTONIO DO LESTE,1,1,0,0.0,0.0,0.0,0.0,0.00947566159909919
micose_fungos,SENADOR CANEDO,1,1,0,0.0,0.0,0.0,,0.0
micose_fungos,SINOP,4,6,0,0.0,0.0,0.0,,0.43301270189221935
micose_fungos,VARZEA GRANDE,2,2,0,0.0,0.0,0.0,0.0,0.0
micose_fungos_teste_de_sensibilidade,BARRA DO BUGRES,1,2,0,0.0,0.0,0.0,,0.0017327737894144602
micose_fungos_teste_de_sensibilidade,CUIABA,2,3,0,0.0,0.0,0.0,,0.168625
micose_fungos_teste_de_sensibilidade,LUCAS DO RIO VERDE,2,5,0,0.0,0.0,0.0,0.0,0.168625
micose_fungos_teste_de_sensibilidade,PEIXOTO DE AZEVEDO,1,1,0,0.0,0.0,0.0,,0.02064137105855867
micose_fungos_teste_de_sensibilidade,RONDONOPOLIS,2,2,0,0.0,0.0,0.0,0.0,0.0
micose_fungos_teste_de_sensibilidade,ROSARIO OESTE,1,1,0,0.0,0.0,0.0,0.0,0.06282135768581094
micose_fungos_teste_de_sensibilidade,SANTO ANTONIO DO LESTE,1,1,0,0.0,0.0,0.0,0.0,0.00947566159909919
micose_fungos_teste_de_sensibilidade,SINOP,2,3,0,0.0,0.0,0.0,,0.168625
micose_fungos_teste_de_sensibilidade,VARZEA GRANDE,2,2,0,0.0,0.0,0.0,0.0,0.0
micose_micobact_rias_identifica_o,PEIXOTO DE AZEVEDO,1,1,0,0.0,0.0,0.0,,0.02064137105855867
micose_micobact_rias_identifica_o,SINOP,1,1,0,0.0,0.0,0.0,,0.0
micose_micobacteriose_biologia_molecular,PEIXOTO DE AZEVEDO,1,1,0,0.0,0.0,0.0,,0.02064137105855867
micose_micobacteriose_tsa,PEIXOTO DE AZEVEDO,1,1,0,0.0,0.0,0.0,,0.02064137105855867
micose_paracoccidioidomicose,SINOP,2,2,0,0.0,0.0,0.0,,0.0
micose_rub_ola_igg,AGUA BOA,1,2,0,0.0,0.0,0.0,0.0,0.0
micose_rub_ola_igm,AGUA BOA,1,2,0,0.0,0.0,0.0,0.0,0.0
micose_sarampo_igm,AGUA BOA,1,2,0,0.0,0.0,0.0,0.0,0.0
neisseria_gonorrhoeae,AGUA BOA,1,1,0,0.0,0.0,0.0,0.0,0.0
neisseria_gonorrhoeae,ARENAPOLIS,1,1,0,0.0,0.0,0.0,0.0,0.0
neisseria_gonorrhoeae,ARIPUANA,1,1,0,0.0,0.0,0.0,0.0,0.05382992328265769
neisseria_gonorrhoeae,BRASNORTE,1,1,0,0.0,0.0,0.0,0.0,0.0
neisseria_gonorrhoeae,CACERES,1,1,0,0.0,0.0,0.0,0.0,0.01077642877252243
neisseria_gonorrhoeae,CAMPINAPOLIS,2,3,0,0.0,0.0,0.0,0.0,0.44760158009572104
neisseria_gonorrhoeae,COLIDER,1,1,0,0.0,0.0,0.0,0.0,0.0
neisseria_gonorrhoeae,COLNIZA,2,4,0,0.0,0.0,0.0,0.0,0.32662548564189214
neisseria_gonorrhoeae,CONCEICAO DO ARAGUAIA,1,1,0,0.0,0.0,0.0,,0.0
neisseria_gonorrhoeae,CONFRESA,1,1,0,0.0,0.0,0.0,0.0,0.047710620777027084
neisseria_gonorrhoeae,COTRIGUACU,1,1,0,0.0,0.0,0.0,0.0,0.10213395974099129
neisseria_gonorrhoeae,CUIABA,21,24,0,0.0,0.0,0.0,0.0,0.6123724356957947
neisseria_gonorrhoeae,GAUCHA DO NORTE,1,1,0,0.0,0.0,0.0,0.0,0.07570559895833356
neisseria_gonorrhoeae,GUARANTA DO NORTE,2,2,0,0.0,0.0,0.0,0.0,0.0
neisseria_gonorrhoeae,LUCAS DO RIO VERDE,3,3,0,0.0,0.0,0.0,0.0,0.0
neisseria_gonorrhoeae,NOVA MUTUM,1,1,0,0.0,0.0,0.0,0.0,0.0
neisseria_gonorrhoeae,NOVA NAZARE,1,1,0,0.0,0.0,0.0,0.0,0.12084791666666697
neisseria_gonorrhoeae,NOVA OLIMPIA,2,2,0,0.0,0.0,0.0,0.0,0.0
neisseria_gonorrhoeae,PEIXOTO DE AZEVEDO,1,1,0,0.0,0.0,0.0,0.0,0.02064137105855867
neisseria_gonorrhoeae,PLANALTO DA SERRA,1,1,0,0.0,0.0,0.0,0.0,0.05307984586148658
neisseria_gonorrhoeae,PONTES E LACERDA,1,1,0,0.0,0.0,0.0,0.0,0.0
neisseria_gonorrhoeae,QUERENCIA,1,1,0,0.0,0.0,0.0,0.0,0.0
neisseria_gonorrhoeae,RIBEIRAO CASCALHEIRA,1,2,0,0.0,0.0,0.0,0.0,0.10804437992680185
neisseria_gonorrhoeae,RONDONOPOLIS,2,2,0,0.0,0.0,0.0,0.0,0.0
neisseria_gonorrhoeae,SANTO ANTONIO DO LEVERGER,3,3,0,0.0,0.0,0.0,0.0,0.07961264780405415
neisseria_gonorrhoeae,SAO FELIX DO ARAGUAIA,1,1,0,0.0,0.0,0.0,0.0,0.16267185388513522
neisseria_gonorrhoeae,SINOP,1,1,0,0.0,0.0,0.0,0.0,0.0
neisseria_gonorrhoeae,TANGARA DA SERRA,4,4,0,0.0,0.0,0.0,0.0,0.0
neisseria_gonorrhoeae,VARZEA GRANDE,20,24,0,0.0,0.0,0.0,0.0,0.5
neoplasia_bact_rias_cultura,VARZEA GRANDE,1,1,0,0.0,0.0,0.0,0.0,0.0
neoplasia_cultura_para_fungos,VARZEA GRANDE,1,1,0,0.0,0.0,0.0,0.0,0.0
neoplasia_fungos,VARZEA GRANDE,1,1,0,0.0,0.0,0.0,0.0,0.0
norovirus_biologia_molecular,CACERES,1,2,1,0.0,0.0,0.5,1.0914290080001745,0.01077642877252243
norovirus_biologia_molecular,CAMPOS DE JULIO,1,2,2,0.0,0.0,1.0,27.605244996549345,0.0
norovirus_biologia_molecular,CUIABA,1,2,0,0.0,0.0,0.0,0.0,0.0
norovirus_biologia_molecular,NOSSA SENHORA DO SOCORRO,1,1,0,0.0,0.0,0.0,,0.0
norovirus_biologia_molecular,TANGARA DA SERRA,1,3,0,0.0,0.0,0.0,0.0,0.0
norovirus_biologia_molecular,VARZEA GRANDE,2,4,0,0.0,0.0,0.0,0.0,0.168625
oropouche,ALTA FLORESTA,1,1,0,0.0,0.0,0.0,0.0,0.0
oropouche,ARENAPOLIS,2,3,0,0.0,0.0,0.0,0.0,0.168625
oropouche,BARRA DO BUGRES,1,2,0,0.0,0.0,0.0,0.0,0.0017327737894144602
oropouche,BRASNORTE,1,1,0,0.0,0.0,0.0,0.0,0.0
oropouche,CACERES,9,16,0,0.0,0.0,0.0,0.0,0.5499402947897144
oropouche,CAMPINAPOLIS,1,1,0,0.0,0.0,0.0,0.0,0.27897658009572107
oropouche,CAMPO NOVO DO PARECIS,3,3,0,0.0,0.0,0.0,0.0,0.0
oropouche,CAMPO VERDE,8,9,0,0.0,0.0,0.0,0.0,0.6614378277661476
oropouche,CANARANA,1,1,0,0.0,0.0,0.0,0.0,0.0
oropouche,CHAPADA DOS GUIMARAES,9,17,0,1.0,0.0,0.0,0.0,0.4605573717806221
oropouche,COLIDER,2,2,0,0.0,0.0,0.0,0.0,0.0
oropouche,CORUMBIARA,1,1,0,0.0,0.0,0.0,,0.0
oropouche,COTRIGUACU,1,1,0,0.0,0.0,0.0,0.0,0.10213395974099129
oropouche,CUIABA,18,30,0,0.0,0.0,0.0,0.0,0.7216878364870322
oropouche,DIAMANTINO,1,1,0,0.0,0.0,0.0,0.0,0.0
oropouche,FIGUEIROPOLIS D''OESTE,1,1,0,0.0,0.0,0.0,,0.0
oropouche,LUCAS DO RIO VERDE,4,15,0,2.0,0.0,0.0,0.0,0.2598076211353316
oropouche,LUIZIANIA,1,2,0,0.0,0.0,0.0,,0.0
oropouche,MAMANGUAPE,1,1,0,0.0,0.0,0.0,,0.0
oropouche,MARCELANDIA,1,1,0,0.0,0.0,0.0,0.0,0.006850390625000021
oropouche,MATUPA,2,3,0,0.0,0.0,0.0,0.0,0.168625
oropouche,NOVA MUTUM,3,9,0,0.0,0.0,0.0,0.0,0.17677669529663687
oropouche,NOVA UBIRATA,3,5,0,0.0,0.0,0.0,0.0,0.19407594923807833
oropouche,PEDRA PRETA,1,3,0,0.0,0.0,0.0,0.0,0.0
oropouche,POCONE,3,3,0,0.0,0.0,0.0,0.0,0.06830926590653164
oropouche,PONTES E LACERDA,1,2,0,0.0,0.0,0.0,0.0,0.0
oropouche,PRIMAVERA DO LESTE,3,7,0,0.0,0.0,0.0,0.0,0.33725
oropouche,REGENTE FEIJO,1,1,0,0.0,0.0,0.0,,0.0
oropouche,RONDONOPOLIS,4,6,0,0.0,0.0,0.0,0.0,0.168625
oropouche,ROSARIO OESTE,5,52,0,3.0,0.0,0.0,0.0,1.312821357685811
oropouche,SANTO ANTONIO DO LESTE,2,2,0,0.0,0.0,0.0,0.0,0.00947566159909919
oropouche,SANTO ANTONIO DO LEVERGER,1,1,0,0.0,0.0,0.0,0.0,0.07961264780405415
oropouche,SINOP,1,4,0,0.0,0.0,0.0,0.0,0.0
oropouche,SORRISO,2,2,0,0.0,0.0,0.0,0.0,0.0
oropouche,TANGARA DA SERRA,6,7,0,0.0,0.0,0.0,0.0,0.5590169943749473
oropouche,VARZEA GRANDE,15,23,0,0.0,0.0,0.0,0.0,0.4551832387313024
oropouche,VOTORANTIM,1,3,0,0.0,0.0,0.0,,0.0
oropouche_biologia_molecular,CHAPADA DOS GUIMARAES,1,1,0,0.0,0.0,0.0,0.0,0.03629330306869366
oropouche_biologia_molecular,POCONE,1,1,0,0.0,0.0,0.0,0.0,0.06830926590653164
oropouche_biologia_molecular,SANTO ANTONIO DO LEVERGER,1,1,0,0.0,0.0,0.0,0.0,0.07961264780405415
oropouche_igm,CHAPADA DOS GUIMARAES,1,1,0,0.0,0.0,0.0,0.0,0.03629330306869366
oropouche_igm,POCONE,1,1,0,0.0,0.0,0.0,0.0,0.06830926590653164
oropouche_igm,PONTES E LACERDA,1,1,0,0.0,0.0,0.0,0.0,0.0
oropouche_igm,SANTO ANTONIO DO LEVERGER,1,1,0,0.0,0.0,0.0,0.0,0.07961264780405415
papilomavirus_humano_hpv_papiloma_v_rus_biologia_molecular,CACERES,1,54,0,0.0,0.0,0.0,,0.01077642877252243
paracoccidioidomicose,ALTA FLORESTA,2,2,0,0.0,0.0,0.0,0.0,0.0
paracoccidioidomicose,CAMPO VERDE,1,1,0,0.0,0.0,0.0,0.0,0.0
paracoccidioidomicose,CARLINDA,1,1,0,0.0,0.0,0.0,0.0,0.01948302364864872
paracoccidioidomicose,COLIDER,5,5,1,0.0,0.0,0.2,0.637551801083838,0.8
paracoccidioidomicose,CUIABA,1,1,0,0.0,0.0,0.0,0.0,0.0
paracoccidioidomicose,JANGADA,1,1,0,0.0,0.0,0.0,0.0,0.056065913569820006
paracoccidioidomicose,JUINA,1,1,0,0.0,0.0,0.0,0.0,0.0
paracoccidioidomicose,LUCAS DO RIO VERDE,4,4,1,0.0,0.0,0.25,0.2983364758108785,0.6928203230275509
paracoccidioidomicose,MIRASSOL D''OESTE,2,2,0,0.0,0.0,0.0,,0.0
paracoccidioidomicose,NOVA MONTE VERDE,1,1,0,0.0,0.0,0.0,0.0,0.007011799690315371
paracoccidioidomicose,PARANAITA,1,1,0,0.0,0.0,0.0,0.0,0.0
paracoccidioidomicose,RONDONOPOLIS,1,1,0,0.0,0.0,0.0,0.0,0.0
paracoccidioidomicose,SINOP,1,1,0,0.0,0.0,0.0,0.0,0.0
paracoccidioidomicose,SORRISO,4,4,2,0.0,0.0,0.5,0.4786437687439392,0.32994311203800253
paracoccidioidomicose,VARZEA GRANDE,2,2,0,0.0,0.0,0.0,0.0,0.0
paracoccidioidomicose_aspergilose,CACERES,1,1,0,0.0,0.0,0.0,,0.01077642877252243
paracoccidioidomicose_aspergilose,CAMPO VERDE,1,1,0,0.0,0.0,0.0,0.0,0.0
paracoccidioidomicose_aspergilose,CANARANA,1,1,0,0.0,0.0,0.0,0.0,0.0
paracoccidioidomicose_aspergilose,GUARANTA DO NORTE,1,1,0,0.0,0.0,0.0,,0.0
paracoccidioidomicose_aspergilose,PARANAITA,1,1,0,0.0,0.0,0.0,0.0,0.0
paracoccidioidomicose_blastomicose_sul_americana,BRASNORTE,1,1,0,0.0,0.0,0.0,,0.0
paracoccidioidomicose_blastomicose_sul_americana,CANARANA,1,1,0,0.0,0.0,0.0,0.0,0.0
paracoccidioidomicose_blastomicose_sul_americana,PARANAITA,2,2,0,0.0,0.0,0.0,0.0,0.0
paracoccidioidomicose_criptococos,CANARANA,1,1,0,0.0,0.0,0.0,0.0,0.0
paracoccidioidomicose_cultura_para_fungos,BARRA DO BUGRES,1,2,0,0.0,0.0,0.0,,0.0017327737894144602
paracoccidioidomicose_cultura_para_fungos,CACERES,1,1,1,0.0,0.0,1.0,1.0913932726518674,0.01077642877252243
paracoccidioidomicose_cultura_para_fungos,CANARANA,1,2,0,0.0,0.0,0.0,0.0,0.0
paracoccidioidomicose_cultura_para_fungos,CASTANHEIRA,1,1,1,0.0,0.0,1.0,13.40662287169862,0.0
paracoccidioidomicose_cultura_para_fungos,GUARANTA DO NORTE,1,1,0,0.0,0.0,0.0,0.0,0.0
paracoccidioidomicose_cultura_para_fungos,JUARA,1,1,0,0.0,0.0,0.0,0.0,0.0
paracoccidioidomicose_cultura_para_fungos,PARANAITA,1,1,0,0.0,0.0,0.0,0.0,0.0
paracoccidioidomicose_cultura_para_fungos,TABAPORA,1,2,0,0.0,0.0,0.0,0.0,0.0
paracoccidioidomicose_cultura_para_fungos,TANGARA DA SERRA,1,1,1,0.0,0.0,1.0,0.8885176859445387,0.0
paracoccidioidomicose_cultura_para_fungos,VARZEA GRANDE,1,1,0,0.0,0.0,0.0,0.0,0.0
paracoccidioidomicose_fungos,ARAPUTANGA,1,1,0,0.0,0.0,0.0,0.0,0.0
paracoccidioidomicose_fungos,BARRA DO BUGRES,1,2,0,0.0,0.0,0.0,,0.0017327737894144602
paracoccidioidomicose_fungos,CACERES,1,1,1,0.0,0.0,1.0,1.0913932726518674,0.01077642877252243
paracoccidioidomicose_fungos,CANARANA,1,3,0,0.0,0.0,0.0,0.0,0.0
paracoccidioidomicose_fungos,CASTANHEIRA,4,4,1,0.0,0.0,0.25,4.468874290566206,0.6292528739883946
paracoccidioidomicose_fungos,JUARA,1,1,0,0.0,0.0,0.0,0.0,0.0
paracoccidioidomicose_fungos,TANGARA DA SERRA,1,1,1,0.0,0.0,1.0,0.8885176859445387,0.0
paracoccidioidomicose_fungos_teste_de_sensibilidade,BARRA DO BUGRES,1,2,0,0.0,0.0,0.0,,0.0017327737894144602
paracoccidioidomicose_fungos_teste_de_sensibilidade,CANARANA,1,1,0,0.0,0.0,0.0,0.0,0.0
paracoccidioidomicose_fungos_teste_de_sensibilidade,TANGARA DA SERRA,1,1,0,0.0,0.0,0.0,0.0,0.0
paracoccidioidomicose_histopatol_gico_ii,CANARANA,1,1,0,0.0,0.0,0.0,0.0,0.0
paracoccidioidomicose_histoplasmose,ALTO GARCAS,1,1,0,0.0,0.0,0.0,,0.0
paracoccidioidomicose_histoplasmose,ARAPUTANGA,1,1,0,0.0,0.0,0.0,0.0,0.0
paracoccidioidomicose_histoplasmose,CAMPO VERDE,1,1,0,0.0,0.0,0.0,0.0,0.0
paracoccidioidomicose_histoplasmose,CANARANA,1,1,0,0.0,0.0,0.0,0.0,0.0
paracoccidioidomicose_histoplasmose,GUARANTA DO NORTE,1,1,0,0.0,0.0,0.0,,0.0
paracoccidioidomicose_histoplasmose,PARANAITA,1,1,0,0.0,0.0,0.0,0.0,0.0
paracoccidioidomicose_paracoccidioidomicose,ACORIZAL,1,1,0,0.0,0.0,0.0,0.0,0.03850080940315332
paracoccidioidomicose_paracoccidioidomicose,AGUA BOA,2,2,0,0.0,0.0,0.0,0.0,0.0
paracoccidioidomicose_paracoccidioidomicose,ALTA FLORESTA,1,1,0,0.0,0.0,0.0,,0.0
paracoccidioidomicose_paracoccidioidomicose,ALTO GARCAS,1,1,0,0.0,0.0,0.0,,0.0
paracoccidioidomicose_paracoccidioidomicose,ARAPUTANGA,2,2,0,0.0,0.0,0.0,0.0,0.0
paracoccidioidomicose_paracoccidioidomicose,ARIPUANA,1,1,0,0.0,0.0,0.0,,0.05382992328265769
paracoccidioidomicose_paracoccidioidomicose,BRASNORTE,2,2,0,0.0,0.0,0.0,0.0,0.0
paracoccidioidomicose_paracoccidioidomicose,CACERES,2,3,0,0.0,0.0,0.0,0.0,0.17940142877252244
paracoccidioidomicose_paracoccidioidomicose,CAMPO VERDE,3,3,0,0.0,0.0,0.0,0.0,0.0
paracoccidioidomicose_paracoccidioidomicose,CANARANA,2,2,0,0.0,0.0,0.0,0.0,0.0
paracoccidioidomicose_paracoccidioidomicose,CASTANHEIRA,2,2,0,0.0,0.0,0.0,,0.0
paracoccidioidomicose_paracoccidioidomicose,CHAPADA DOS GUIMARAES,2,2,0,0.0,0.0,0.0,0.0,0.03629330306869366
paracoccidioidomicose_paracoccidioidomicose,COLIDER,1,1,0,0.0,0.0,0.0,0.0,0.0
paracoccidioidomicose_paracoccidioidomicose,COMODORO,1,1,0,0.0,0.0,0.0,0.0,0.0
paracoccidioidomicose_paracoccidioidomicose,COTRIGUACU,1,1,0,0.0,0.0,0.0,0.0,0.10213395974099129
paracoccidioidomicose_paracoccidioidomicose,CUIABA,6,6,0,0.0,0.0,0.0,0.0,0.0
paracoccidioidomicose_paracoccidioidomicose,FIGUEIROPOLIS D''OESTE,1,1,0,0.0,0.0,0.0,,0.0
paracoccidioidomicose_paracoccidioidomicose,GUARANTA DO NORTE,2,2,0,0.0,0.0,0.0,0.0,0.0
paracoccidioidomicose_paracoccidioidomicose,JUARA,1,1,0,0.0,0.0,0.0,0.0,0.0
paracoccidioidomicose_paracoccidioidomicose,JUINA,1,1,0,0.0,0.0,0.0,0.0,0.0
paracoccidioidomicose_paracoccidioidomicose,MIRASSOL D''OESTE,2,4,0,0.0,0.0,0.0,,0.0
paracoccidioidomicose_paracoccidioidomicose,NOVA LACERDA,1,1,0,0.0,0.0,0.0,0.0,0.03343541314752269
paracoccidioidomicose_paracoccidioidomicose,PARANAITA,8,9,0,0.0,0.0,0.0,0.0,0.6614378277661476
paracoccidioidomicose_paracoccidioidomicose,PONTES E LACERDA,1,1,0,0.0,0.0,0.0,0.0,0.0
paracoccidioidomicose_paracoccidioidomicose,PORTO ESPERIDIAO,1,1,0,0.0,0.0,0.0,0.0,0.05470817849099111
paracoccidioidomicose_paracoccidioidomicose,RONDONOPOLIS,1,1,0,0.0,0.0,0.0,0.0,0.0
paracoccidioidomicose_paracoccidioidomicose,SANTO ANTONIO DO LEVERGER,2,2,0,0.0,0.0,0.0,0.0,0.07961264780405415
paracoccidioidomicose_paracoccidioidomicose,SINOP,2,2,0,0.0,0.0,0.0,0.0,0.0
paracoccidioidomicose_paracoccidioidomicose,SORRISO,4,5,0,0.0,0.0,0.0,0.0,0.43301270189221935
paracoccidioidomicose_paracoccidioidomicose,TANGARA DA SERRA,1,1,0,0.0,0.0,0.0,0.0,0.0
paracoccidioidomicose_paracoccidioidomicose,VARZEA GRANDE,5,5,0,0.0,0.0,0.0,0.0,0.0
paracoccidioidomicose_paracoccidioidomicose,VILA RICA,1,1,0,0.0,0.0,0.0,0.0,0.04660449394707213
paralisia_fl_cida_aguda_poliomielite_coprocultura,RONDONOPOLIS,1,1,0,0.0,0.0,0.0,0.0,0.0
paralisia_fl_cida_aguda_poliomielite_pesquisa_quantitativa_do_dna_do_v_rus_epste,JACIARA,1,1,0,0.0,0.0,0.0,0.0,0.0
paralisia_fl_cida_aguda_poliomielite_poliomielite_paralisia_fl_cida_aguda,ARENAPOLIS,1,1,0,0.0,0.0,0.0,,0.0
paralisia_fl_cida_aguda_poliomielite_poliomielite_paralisia_fl_cida_aguda,RONDONOPOLIS,3,4,0,0.0,0.0,0.0,0.0,0.3535533905932738
paralisia_fl_cida_aguda_poliomielite_poliomielite_paralisia_fl_cida_aguda,VARZEA GRANDE,3,3,0,0.0,0.0,0.0,0.0,0.0
paralisia_fl_cida_aguda_poliomielite_poliomielite_paralisia_fl_cida_aguda_biolog,RONDONOPOLIS,4,5,0,0.0,0.0,0.0,0.0,0.43301270189221935
paralisia_fl_cida_aguda_poliomielite_poliomielite_paralisia_fl_cida_aguda_biolog,VARZEA GRANDE,1,2,0,0.0,0.0,0.0,0.0,0.0
paralisia_fl_cida_aguda_poliomielite_v_rus_respirat_rios,ARENAPOLIS,1,1,0,0.0,0.0,0.0,,0.0
parvovirose_brucelose,CUIABA,1,1,0,0.0,0.0,0.0,0.0,0.0
parvovirose_brucelose_igg,CUIABA,2,2,0,0.0,0.0,0.0,0.0,0.0
parvovirose_brucelose_igm,CUIABA,2,2,0,0.0,0.0,0.0,0.0,0.0
parvovirose_citomegalov_rus_igg,CANARANA,1,1,0,0.0,0.0,0.0,0.0,0.0
parvovirose_citomegalov_rus_igg,CUIABA,1,1,0,0.0,0.0,0.0,0.0,0.0
parvovirose_citomegalov_rus_igm,CANARANA,1,1,0,0.0,0.0,0.0,0.0,0.0
parvovirose_citomegalov_rus_igm,CUIABA,1,1,0,0.0,0.0,0.0,0.0,0.0
parvovirose_epstein_barr_igg,CANARANA,1,1,0,0.0,0.0,0.0,0.0,0.0
parvovirose_epstein_barr_igg,CUIABA,1,1,0,0.0,0.0,0.0,0.0,0.0
parvovirose_epstein_barr_igm,CANARANA,1,1,0,0.0,0.0,0.0,0.0,0.0
parvovirose_epstein_barr_igm,CUIABA,1,1,0,0.0,0.0,0.0,0.0,0.0
parvovirose_herpes_simplex_1_e_2_biologia_molecular,SINOP,1,1,0,0.0,0.0,0.0,,0.0
parvovirose_herpes_v_rus_igg,SINOP,1,1,0,0.0,0.0,0.0,,0.0
parvovirose_herpes_v_rus_igm,SINOP,1,1,0,0.0,0.0,0.0,,0.0
parvovirose_lyme_igg,SINOP,1,1,0,0.0,0.0,0.0,0.0,0.0
parvovirose_lyme_igm,SINOP,1,1,0,0.0,0.0,0.0,0.0,0.0
parvovirose_parvov_rus_b19_biologia_molecular,CUIABA,2,2,0,0.0,0.0,0.0,0.0,0.0
parvovirose_parvov_rus_b19_biologia_molecular,QUERENCIA,1,1,0,0.0,0.0,0.0,,0.0
parvovirose_parvov_rus_b19_biologia_molecular,SINOP,3,3,0,0.0,0.0,0.0,0.0,0.0
parvovirose_parvov_rus_b19_biologia_molecular,SORRISO,1,1,0,0.0,0.0,0.0,,0.0
parvovirose_parvov_rus_b19_igg,CAMPO NOVO DO PARECIS,1,1,0,0.0,0.0,0.0,0.0,0.0
parvovirose_parvov_rus_b19_igg,CAMPO VERDE,1,1,0,0.0,0.0,0.0,,0.0
parvovirose_parvov_rus_b19_igg,CANARANA,1,1,1,0.0,0.0,1.0,3.530574777573789,0.0
parvovirose_parvov_rus_b19_igg,CUIABA,3,3,0,0.0,0.0,0.0,0.0,0.0
parvovirose_parvov_rus_b19_igg,JUARA,1,1,0,0.0,0.0,0.0,,0.0
parvovirose_parvov_rus_b19_igg,NOVA ESPERANCA,1,2,0,0.0,0.0,0.0,,0.0
parvovirose_parvov_rus_b19_igg,PEDRA PRETA,1,1,0,0.0,0.0,0.0,0.0,0.0
parvovirose_parvov_rus_b19_igg,QUERENCIA,2,4,0,0.0,0.0,0.0,0.0,0.168625
parvovirose_parvov_rus_b19_igg,SINOP,4,4,0,0.0,0.0,0.0,0.0,0.0
parvovirose_parvov_rus_b19_igg,SORRISO,2,2,0,0.0,0.0,0.0,0.0,0.0
parvovirose_parvov_rus_b19_igg,TANGARA DA SERRA,1,2,0,0.0,0.0,0.0,,0.0
parvovirose_parvov_rus_b19_igm,CAMPO NOVO DO PARECIS,1,1,0,0.0,0.0,0.0,0.0,0.0
parvovirose_parvov_rus_b19_igm,CAMPO VERDE,1,1,0,0.0,0.0,0.0,,0.0
parvovirose_parvov_rus_b19_igm,CANARANA,1,1,0,0.0,0.0,0.0,0.0,0.0
parvovirose_parvov_rus_b19_igm,CUIABA,3,3,0,0.0,0.0,0.0,0.0,0.0
parvovirose_parvov_rus_b19_igm,JUARA,1,1,0,0.0,0.0,0.0,,0.0
parvovirose_parvov_rus_b19_igm,NOVA ESPERANCA,1,2,0,0.0,0.0,0.0,,0.0
parvovirose_parvov_rus_b19_igm,PEDRA PRETA,1,1,0,0.0,0.0,0.0,0.0,0.0
parvovirose_parvov_rus_b19_igm,QUERENCIA,2,4,0,0.0,0.0,0.0,0.0,0.168625
parvovirose_parvov_rus_b19_igm,SINOP,4,4,0,0.0,0.0,0.0,0.0,0.0
parvovirose_parvov_rus_b19_igm,SORRISO,2,2,0,0.0,0.0,0.0,0.0,0.0
parvovirose_parvov_rus_b19_igm,TANGARA DA SERRA,1,2,0,0.0,0.0,0.0,,0.0
parvovirose_rub_ola_igg,QUERENCIA,1,1,0,0.0,0.0,0.0,,0.0
parvovirose_rub_ola_igm,QUERENCIA,1,1,0,0.0,0.0,0.0,,0.0
parvovirose_varicela_biologia_molecular,QUERENCIA,1,1,0,0.0,0.0,0.0,0.0,0.0
parvovirose_varicela_biologia_molecular,SINOP,1,1,0,0.0,0.0,0.0,,0.0
parvovirose_varicela_zoster_biologia_molecular,SINOP,1,1,0,0.0,0.0,0.0,,0.0
parvovirus_b19_igg,ALTA FLORESTA,1,1,1,0.0,0.0,1.0,1.6503011799653435,0.0
parvovirus_b19_igg,CUIABA,2,2,1,0.0,0.0,0.5,0.07395093207754791,0.2698
parvovirus_b19_igg,SANTO AFONSO,1,1,0,0.0,0.0,0.0,0.0,0.0
parvovirus_b19_igm,ALTA FLORESTA,1,1,0,0.0,0.0,0.0,0.0,0.0
parvovirus_b19_igm,CUIABA,2,2,0,0.0,0.0,0.0,0.0,0.0
pesquisa_de_arbovirus,CACERES,1,1,1,0.0,0.0,1.0,1.1150633913537984,0.01077642877252243
pesquisa_de_arbovirus,CHAPADA DOS GUIMARAES,1,1,1,0.0,0.0,1.0,5.163688939378292,0.03629330306869366
pesquisa_de_arbovirus,COLIDER,1,1,0,0.0,0.0,0.0,0.0,0.0
pesquisa_de_arbovirus,MIRASSOL D''OESTE,1,1,1,0.0,0.0,1.0,,0.0
pesquisa_de_arbovirus,POCONE,2,2,2,0.0,0.0,1.0,3.1943524041326485,0.2032092659065283
pesquisa_de_arbovirus,PONTES E LACERDA,1,1,1,0.0,0.0,1.0,1.8581834398691837,0.0
pesquisa_de_arbovirus,SANTO ANTONIO DO LEVERGER,1,1,1,0.0,0.0,1.0,6.559097468188377,0.07961264780405415
pesquisa_de_arbovirus,SORRISO,1,1,1,0.0,0.0,1.0,0.8612893501571853,0.0
pesquisa_de_arbovirus,TANGARA DA SERRA,2,2,2,0.0,0.0,1.0,0.9395493921115432,0.0
pesquisa_de_arbovirus,VARZEA GRANDE,2,2,2,0.0,0.0,1.0,0.33324668919414285,0.0
pesquisa_de_carbapenemases,NOVA MONTE VERDE,1,2,1,0.0,0.0,0.5,11.825922421948912,0.007011799690315371
pesquisa_de_genes_de_resistencia,AGUA BOA,2,4,2,0.0,0.0,0.5,3.282886313646958,0.0
pesquisa_de_genes_de_resistencia,CACERES,2,4,2,0.0,0.0,0.5,1.0914290080001745,0.01077642877252243
pesquisa_de_genes_de_resistencia,CAMPO FORMOSO,1,4,1,0.0,0.0,0.25,,0.0
pesquisa_de_genes_de_resistencia,CAMPO VERDE,1,2,0,0.0,0.0,0.0,0.0,0.0
pesquisa_de_genes_de_resistencia,COLNIZA,1,2,1,0.0,0.0,0.5,3.8080731150038076,0.15800048564189215
pesquisa_de_genes_de_resistencia,CUIABA,14,48,23,0.0,0.0,0.48214285714285715,0.24421099012930972,1.8219729449483444
pesquisa_de_genes_de_resistencia,GAUCHA DO NORTE,1,2,1,0.0,0.0,0.5,11.188185276348175,0.07570559895833356
pesquisa_de_genes_de_resistencia,JUARA,1,2,1,0.0,0.0,0.5,2.788466900897886,0.0
pesquisa_de_genes_de_resistencia,LUCAS DO RIO VERDE,3,6,3,0.0,0.0,0.5,1.134738896579897,0.0
pesquisa_de_genes_de_resistencia,NOBRES,1,2,1,0.0,0.0,0.5,6.357279084551812,0.021030651745495524
pesquisa_de_genes_de_resistencia,NOVA MONTE VERDE,1,2,1,0.0,0.0,0.5,11.825922421948912,0.007011799690315371
pesquisa_de_genes_de_resistencia,NOVA MUTUM,1,2,1,0.0,0.0,0.5,1.7082045062434876,0.0
pesquisa_de_genes_de_resistencia,NOVA OLIMPIA,1,2,1,0.0,0.0,0.5,6.084945843981989,0.0
pesquisa_de_genes_de_resistencia,NOVA SANTA HELENA,1,2,0,0.0,0.0,0.0,0.0,0.0
pesquisa_de_genes_de_resistencia,NOVA XAVANTINA,1,2,1,0.0,0.0,0.5,4.1076196344218525,0.0
pesquisa_de_genes_de_resistencia,NOVO MUNDO,1,2,1,0.0,0.0,0.5,15.337423312883436,0.0122480996621622
pesquisa_de_genes_de_resistencia,NOVO SAO JOAQUIM,2,4,2,0.0,0.0,0.5,14.12030499858797,0.04090770340653165
pesquisa_de_genes_de_resistencia,PACAJA,1,2,1,0.0,0.0,0.5,,0.0
pesquisa_de_genes_de_resistencia,PARANAITA,1,2,1,0.0,0.0,0.5,8.367500627562547,0.0
pesquisa_de_genes_de_resistencia,PEIXOTO DE AZEVEDO,3,10,5,0.0,0.0,0.611111111111111,5.069002532502813,0.5667627272958682
pesquisa_de_genes_de_resistencia,PONTES E LACERDA,2,4,2,0.0,0.0,0.5,1.8581834398691837,0.0
pesquisa_de_genes_de_resistencia,PORTO ESPERIDIAO,1,2,1,0.0,0.0,0.5,9.767532721234616,0.05470817849099111
pesquisa_de_genes_de_resistencia,PRIMAVERA DO LESTE,2,6,3,0.0,0.0,0.5,1.675734250890932,0.303525
pesquisa_de_genes_de_resistencia,QUERENCIA,1,4,2,0.0,0.0,0.5,7.035069823067994,0.0
pesquisa_de_genes_de_resistencia,SANTA CARMEM,1,2,1,0.0,0.0,0.5,18.608113137327877,0.0
pesquisa_de_genes_de_resistencia,SANTO ANTONIO DO LEVERGER,1,2,0,0.0,0.0,0.0,0.0,0.07961264780405415
pesquisa_de_genes_de_resistencia,SAO JOSE DO RIO CLARO,1,2,1,0.0,0.0,0.5,6.750826976304597,0.0
pesquisa_de_genes_de_resistencia,SINOP,6,14,7,0.0,0.0,0.5,0.6395546159946949,1.17363527458004
pesquisa_de_genes_de_resistencia,SORRISO,5,13,6,0.0,0.0,0.5,1.1956610691297525,0.5167486581139865
pesquisa_de_genes_de_resistencia,TANGARA DA SERRA,2,4,2,0.0,0.0,0.5,0.9395493921115432,0.0
pesquisa_de_genes_de_resistencia,TAPURAH,1,2,1,0.0,0.0,0.5,6.958942240779402,0.0
pesquisa_de_genes_de_resistencia,VARZEA GRANDE,3,8,4,0.0,0.0,0.5,0.4365674062168621,0.6363961030678928
pesquisa_de_multipatogenos,SAPEZAL,1,1,0,0.0,0.0,0.0,0.0,0.0
peste_brucelose,RESERVA DO CABACAL,1,2,0,0.0,0.0,0.0,,0.004149162443693711
peste_brucelose_igg,RESERVA DO CABACAL,1,1,0,0.0,0.0,0.0,,0.004149162443693711
peste_brucelose_igm,RESERVA DO CABACAL,1,1,0,0.0,0.0,0.0,,0.004149162443693711
pneumonia_aspergilose,DIAMANTINO,1,1,0,0.0,0.0,0.0,0.0,0.0
pneumonia_aspergilose,PEIXOTO DE AZEVEDO,1,1,0,0.0,0.0,0.0,0.0,0.02064137105855867
pneumonia_bact_rias_cultura,CACERES,2,2,0,0.0,0.0,0.0,0.0,0.01077642877252243
pneumonia_bact_rias_cultura,CAMPO NOVO DO PARECIS,1,1,0,0.0,0.0,0.0,0.0,0.0
pneumonia_bact_rias_cultura,CUIABA,2,2,0,0.0,0.0,0.0,0.0,0.0
pneumonia_bact_rias_cultura,PONTES E LACERDA,1,1,0,0.0,0.0,0.0,0.0,0.0
pneumonia_bact_rias_cultura,ROSARIO OESTE,1,1,0,0.0,0.0,0.0,0.0,0.06282135768581094
pneumonia_bact_rias_cultura,SANTO ANTONIO DO LEVERGER,2,2,0,0.0,0.0,0.0,0.0,0.07961264780405415
pneumonia_bact_rias_cultura,SORRISO,1,1,0,0.0,0.0,0.0,,0.0
pneumonia_bact_rias_identifica_o,CACERES,2,2,0,0.0,0.0,0.0,0.0,0.01077642877252243
pneumonia_bact_rias_identifica_o,CUIABA,3,3,0,0.0,0.0,0.0,0.0,0.0
pneumonia_bact_rias_identifica_o,SAPEZAL,1,1,0,0.0,0.0,0.0,0.0,0.0
pneumonia_bact_rias_teste_de_sensibilidade,CACERES,3,3,0,0.0,0.0,0.0,0.0,0.01077642877252243
pneumonia_bact_rias_teste_de_sensibilidade,CUIABA,3,4,0,0.0,0.0,0.0,0.0,0.3535533905932738
pneumonia_bact_rias_teste_de_sensibilidade,PONTES E LACERDA,1,1,0,0.0,0.0,0.0,0.0,0.0
pneumonia_bact_rias_teste_de_sensibilidade,SANTO ANTONIO DO LEVERGER,1,2,0,0.0,0.0,0.0,0.0,0.07961264780405415
pneumonia_bact_rias_teste_de_sensibilidade,SAPEZAL,1,1,0,0.0,0.0,0.0,0.0,0.0
pneumonia_bact_rias_teste_de_sensibilidade,SINOP,1,2,0,0.0,0.0,0.0,0.0,0.0
pneumonia_cultura_para_fungos,CACERES,1,1,1,0.0,0.0,1.0,1.089716346834919,0.01077642877252243
pneumonia_cultura_para_fungos,CAMPOS DE JULIO,1,1,0,0.0,0.0,0.0,0.0,0.0
pneumonia_cultura_para_fungos,PEIXOTO DE AZEVEDO,1,1,1,0.0,0.0,1.0,2.9762790559242838,0.02064137105855867
pneumonia_fungos,CACERES,1,1,0,0.0,0.0,0.0,0.0,0.01077642877252243
pneumonia_fungos,CAMPO NOVO DO PARECIS,1,1,0,0.0,0.0,0.0,0.0,0.0
pneumonia_fungos,CAMPOS DE JULIO,2,3,0,0.0,0.0,0.0,0.0,0.168625
pneumonia_fungos_teste_de_sensibilidade,CACERES,1,1,0,0.0,0.0,0.0,0.0,0.01077642877252243
pneumonia_fungos_teste_de_sensibilidade,CAMPOS DE JULIO,1,1,0,0.0,0.0,0.0,0.0,0.0
pneumonia_histoplasmose,DIAMANTINO,1,1,0,0.0,0.0,0.0,0.0,0.0
pneumonia_histoplasmose,PEIXOTO DE AZEVEDO,1,1,0,0.0,0.0,0.0,0.0,0.02064137105855867
pneumonia_pesquisa_de_arbov_rus_zdc,VARZEA GRANDE,1,1,0,0.0,0.0,0.0,,0.0
pneumonia_pesquisa_de_genes_de_resist_ncia,CACERES,2,2,0,0.0,0.0,0.0,0.0,0.01077642877252243
pneumonia_pesquisa_de_genes_de_resist_ncia,CUIABA,3,3,0,0.0,0.0,0.0,0.0,0.0
pneumonia_pesquisa_de_genes_de_resist_ncia,PONTES E LACERDA,1,1,0,0.0,0.0,0.0,0.0,0.0
pneumonia_pesquisa_de_genes_de_resist_ncia,SAPEZAL,1,1,0,0.0,0.0,0.0,0.0,0.0
pneumonia_pesquisa_de_genes_de_resist_ncia,SINOP,1,2,0,0.0,0.0,0.0,0.0,0.0
pneumonia_pesquisa_de_v_rus_respirat_rios,CAMPOS DE JULIO,1,1,0,0.0,0.0,0.0,0.0,0.0
pneumonia_pesquisa_de_v_rus_respirat_rios,VARZEA GRANDE,1,1,0,0.0,0.0,0.0,,0.0
pneumonia_v_rus_respirat_rios,ARAL MOREIRA,2,3,0,0.0,0.0,0.0,,0.168625
pneumonia_v_rus_respirat_rios,ARAPUTANGA,1,1,0,0.0,0.0,0.0,0.0,0.0
pneumonia_v_rus_respirat_rios,CHAPADA DOS GUIMARAES,1,1,0,0.0,0.0,0.0,0.0,0.03629330306869366
pneumonia_v_rus_respirat_rios,CUIABA,2,2,0,0.0,0.0,0.0,0.0,0.0
pneumonia_v_rus_respirat_rios,NOVA OLIMPIA,1,1,0,0.0,0.0,0.0,0.0,0.0
pneumonia_v_rus_respirat_rios,PALMEIRAS DE GOIAS,1,1,0,0.0,0.0,0.0,,0.0
pneumonia_v_rus_respirat_rios,ROSARIO OESTE,1,1,0,0.0,0.0,0.0,0.0,0.06282135768581094
pneumonia_v_rus_respirat_rios,SINOP,1,1,0,0.0,0.0,0.0,,0.0
pneumonia_v_rus_respirat_rios,VARZEA GRANDE,1,4,0,0.0,0.0,0.0,,0.0
poliomav_rus_poliomielite_paralisia_fl_cida_aguda,VILA RICA,1,1,0,0.0,0.0,0.0,0.0,0.04660449394707213
poliomav_rus_poliomielite_paralisia_fl_cida_aguda_biologia_molecular,RONDONOPOLIS,1,1,0,0.0,0.0,0.0,0.0,0.0
poliomav_rus_poliomielite_paralisia_fl_cida_aguda_biologia_molecular,VILA RICA,1,1,0,0.0,0.0,0.0,0.0,0.04660449394707213
poliomielite_paralisia_flacida_aguda,ALTO PARAGUAI,1,1,0,0.0,0.0,0.0,0.0,0.0542049619932434
poliomielite_paralisia_flacida_aguda,BARRA DO GARCAS,1,1,0,0.0,0.0,0.0,0.0,0.0
poliomielite_paralisia_flacida_aguda,CUIABA,1,1,0,0.0,0.0,0.0,0.0,0.0
poliomielite_paralisia_flacida_aguda,PARANATINGA,1,1,1,0.0,0.0,1.0,3.7845816145025166,0.02608180602477483
poliomielite_paralisia_flacida_aguda,PONTES E LACERDA,1,1,0,0.0,0.0,0.0,0.0,0.0
poliomielite_paralisia_flacida_aguda,RONDONOPOLIS,4,5,0,0.0,0.0,0.0,0.0,0.43301270189221935
poliomielite_paralisia_flacida_aguda,SAPEZAL,1,1,0,0.0,0.0,0.0,0.0,0.0
poliomielite_paralisia_flacida_aguda,SORRISO,2,2,2,0.0,0.0,1.0,0.9038730962172912,0.0
poliomielite_paralisia_flacida_aguda,VARZEA GRANDE,1,1,0,0.0,0.0,0.0,0.0,0.0
raiva_colinesterase_plasm_tica,BARRA DO GARCAS,1,2,0,0.0,0.0,0.0,0.0,0.0
raiva_colinesterase_plasm_tica,COLIDER,1,2,0,0.0,0.0,0.0,0.0,0.0
raiva_colinesterase_plasm_tica,LAMBARI D''OESTE,1,3,0,0.0,0.0,0.0,,0.0
raiva_colinesterase_plasm_tica,LUCAS DO RIO VERDE,4,11,0,0.0,0.0,0.0,,0.4215625
raiva_colinesterase_plasm_tica,NOSSA SENHORA DO LIVRAMENTO,2,9,0,0.0,0.0,0.0,,0.27618040540540556
raiva_colinesterase_plasm_tica,NOVA GUARITA,1,1,0,0.0,0.0,0.0,0.0,0.0
raiva_colinesterase_plasm_tica,QUERENCIA,2,18,0,0.0,0.0,0.0,0.0,0.168625
raiva_colinesterase_plasm_tica,VERA,2,7,0,0.0,0.0,0.0,0.0,0.168625
raiva_criptococos_teste_r_pido,RIBEIRAO CASCALHEIRA,1,11,0,0.0,0.0,0.0,,0.10804437992680185
raiva_raiva,AGUA BOA,9,68,0,0.0,0.0,0.0,0.0,1.25
raiva_raiva,AGUAS LINDAS DE GOIAS,1,1,0,0.0,0.0,0.0,,0.0
raiva_raiva,ALTA FLORESTA,9,77,0,0.0,0.0,0.0,0.0,1.25
raiva_raiva,ALTAMIRA,1,1,0,0.0,0.0,0.0,,0.0
raiva_raiva,ALTO ARAGUAIA,1,1,0,0.0,0.0,0.0,0.0,0.0
raiva_raiva,ALTO GARCAS,4,61,0,0.0,0.0,0.0,0.0,0.33725
raiva_raiva,ALTO PARAGUAI,2,7,0,0.0,0.0,0.0,0.0,0.2228299619932434
raiva_raiva,ALTO TAQUARI,4,51,0,0.0,0.0,0.0,0.0,0.1927142857142857
raiva_raiva,AMERICANA,1,1,0,0.0,0.0,0.0,,0.0
raiva_raiva,APIACAS,1,13,0,0.0,0.0,0.0,,0.00506539625563067
raiva_raiva,ARAGARCAS,4,8,0,0.0,0.0,0.0,,0.168625
raiva_raiva,ARAPUTANGA,8,41,0,0.0,0.0,0.0,0.0,0.24089285714285716
raiva_raiva,ARARUNA,1,1,0,0.0,0.0,0.0,,0.0
raiva_raiva,ARENAPOLIS,1,1,0,0.0,0.0,0.0,,0.0
raiva_raiva,ARIPUANA,2,15,0,0.0,0.0,0.0,0.0,0.2224549232826577
raiva_raiva,BARRA DO BUGRES,4,24,0,0.0,0.0,0.0,0.0,1.1821077737894143
raiva_raiva,BARRA DO GARCAS,11,158,0,0.0,0.0,0.0,0.0,0.5433472222222222
raiva_raiva,BELO HORIZONTE,1,1,0,0.0,0.0,0.0,,0.0
raiva_raiva,BOM JARDIM DE GOIAS,1,1,0,0.0,0.0,0.0,,0.0
raiva_raiva,BOM JESUS DO ARAGUAIA,2,6,0,0.0,0.0,0.0,0.0,0.29066924268018024
raiva_raiva,BOTUCATU,1,1,0,0.0,0.0,0.0,,0.0
raiva_raiva,BRASILIA,5,5,0,0.0,0.0,0.0,,0.0
raiva_raiva,BRASNORTE,1,1,0,0.0,0.0,0.0,0.0,0.0
raiva_raiva,BURI,1,1,0,0.0,0.0,0.0,,0.0
raiva_raiva,CACERES,8,90,0,0.0,0.0,0.0,0.0,1.2607764287725225
raiva_raiva,CAMPINAPOLIS,3,19,0,0.0,0.0,0.0,0.0,0.6162265800957211
raiva_raiva,CAMPO GRANDE,2,2,0,0.0,0.0,0.0,,0.0
raiva_raiva,CAMPO NOVO DO PARECIS,3,37,0,0.0,0.0,0.0,0.0,1.25
raiva_raiva,CAMPO VERDE,8,79,0,0.0,0.0,0.0,0.0,1.25
raiva_raiva,CAMPOS DE JULIO,6,31,0,0.0,0.0,0.0,0.0,0.28907142857142853
raiva_raiva,CANABRAVA DO NORTE,1,5,0,0.0,0.0,0.0,,0.09529781109234242
raiva_raiva,CANARANA,6,55,0,0.0,0.0,0.0,0.0,0.573325
raiva_raiva,CARLINDA,1,16,0,0.0,0.0,0.0,,0.01948302364864872
raiva_raiva,CASTANHEIRA,2,2,0,0.0,0.0,0.0,0.0,0.0
raiva_raiva,CHAPADA DOS GUIMARAES,1,13,0,0.0,0.0,0.0,0.0,0.03629330306869366
raiva_raiva,CHAPADAO DO SUL,3,3,0,0.0,0.0,0.0,,0.0
raiva_raiva,CLAUDIA,4,14,0,0.0,0.0,0.0,0.0,0.168625
raiva_raiva,COCALINHO,2,8,0,0.0,0.0,0.0,0.0,0.32260450098536037
raiva_raiva,COLIDER,12,57,0,0.0,0.0,0.0,0.0,1.25
raiva_raiva,COLNIZA,1,1,0,0.0,0.0,0.0,0.0,0.15800048564189215
raiva_raiva,COMODORO,2,28,0,0.0,0.0,0.0,0.0,0.168625
raiva_raiva,CONFRESA,5,51,0,0.0,0.0,0.0,0.0,0.2163356207770271
raiva_raiva,CONQUISTA D''OESTE,3,10,0,0.0,0.0,0.0,,0.35355339059327373
raiva_raiva,CONTAGEM,1,1,0,0.0,0.0,0.0,,0.0
raiva_raiva,COTRIGUACU,3,12,0,0.0,0.0,0.0,0.0,0.2707589597409913
raiva_raiva,CUIABA,43,152,0,0.0,0.0,0.0,0.0,0.965642383100956
raiva_raiva,CURVELANDIA,3,9,0,0.0,0.0,0.0,0.0,0.0
raiva_raiva,DIAMANTINO,5,6,0,0.0,0.0,0.0,0.0,0.5
raiva_raiva,ELDORADO DOS CARAJAS,1,1,0,0.0,0.0,0.0,,0.0
raiva_raiva,ESMERALDAS,1,1,0,0.0,0.0,0.0,,0.0
raiva_raiva,FELIZ NATAL,5,14,0,0.0,0.0,0.0,0.0,0.3592106040535498
raiva_raiva,GAUCHA DO NORTE,5,17,0,0.0,0.0,0.0,0.0,0.32864309895833355
raiva_raiva,GENERAL CARNEIRO,3,10,0,0.0,0.0,0.0,0.0,0.3347908854166666
raiva_raiva,GLORIA D''OESTE,5,11,0,0.0,0.0,0.0,,0.30618621784789724
raiva_raiva,GOIANIA,3,3,0,0.0,0.0,0.0,,0.0
raiva_raiva,GUARANTA DO NORTE,11,80,0,0.0,0.0,0.0,0.0,1.25
raiva_raiva,GUARUJA,1,1,0,0.0,0.0,0.0,,0.0
raiva_raiva,GUIRATINGA,1,11,0,0.0,0.0,0.0,,0.017114108248873782
raiva_raiva,INDIAVAI,3,11,0,0.0,0.0,0.0,0.0,0.3812302979694
raiva_raiva,INHUMAS,1,1,0,0.0,0.0,0.0,,0.0
raiva_raiva,IPIRANGA DO NORTE,5,11,0,0.0,0.0,0.0,0.0,0.5
raiva_raiva,ITANHANGA,1,1,0,0.0,0.0,0.0,0.0,0.0
raiva_raiva,ITAUBA,3,8,0,0.0,0.0,0.0,0.0,0.505875
raiva_raiva,ITUIUTABA,1,1,0,0.0,0.0,0.0,,0.0
raiva_raiva,JACAREACANGA,1,1,0,0.0,0.0,0.0,,0.0
raiva_raiva,JACIARA,5,55,0,0.0,0.0,0.0,0.0,1.25
raiva_raiva,JANUARIA,1,1,0,0.0,0.0,0.0,,0.0
raiva_raiva,JARDINOPOLIS,1,1,0,0.0,0.0,0.0,,0.0
raiva_raiva,JAURU,3,10,0,0.0,0.0,0.0,0.0,0.25305618313626127
raiva_raiva,JOAO PESSOA,1,1,0,0.0,0.0,0.0,,0.0
raiva_raiva,JUARA,6,43,0,0.0,0.0,0.0,0.0,0.978025
raiva_raiva,JUINA,11,126,0,0.0,0.0,0.0,0.0,1.25
raiva_raiva,JUSCIMEIRA,2,21,0,0.0,0.0,0.0,0.0,0.168625
raiva_raiva,LAMBARI D''OESTE,2,7,0,0.0,0.0,0.0,,0.168625
raiva_raiva,LUCAS DO RIO VERDE,20,137,0,0.0,0.0,0.0,0.0,1.25
raiva_raiva,MACAPA,3,3,0,0.0,0.0,0.0,,0.0
raiva_raiva,MARCELANDIA,7,29,0,0.0,0.0,0.0,0.0,0.44977847294033735
raiva_raiva,MARINGA,1,1,0,0.0,0.0,0.0,,0.0
raiva_raiva,MATUPA,4,68,0,0.0,0.0,0.0,0.0,0.2606022727272727
raiva_raiva,MEDIANEIRA,1,1,0,0.0,0.0,0.0,,0.0
raiva_raiva,MIRASSOL D''OESTE,7,44,0,0.0,0.0,0.0,,0.31557909299322445
raiva_raiva,MOCOCA,1,1,0,0.0,0.0,0.0,,0.0
raiva_raiva,MOGI DAS CRUZES,1,1,0,0.0,0.0,0.0,,0.0
raiva_raiva,MONTE ALTO,2,2,0,0.0,0.0,0.0,,0.0
raiva_raiva,NOBRES,4,28,0,0.0,0.0,0.0,0.0,0.18965565174549553
raiva_raiva,NOSSA SENHORA DO LIVRAMENTO,4,18,0,0.0,0.0,0.0,0.0,0.3042845720720722
raiva_raiva,NOVA BANDEIRANTES,4,8,0,0.0,0.0,0.0,0.0,0.3646800464527028
raiva_raiva,NOVA CANAA DO NORTE,3,3,0,0.0,0.0,0.0,0.0,0.0
raiva_raiva,NOVA GUARITA,5,16,0,0.0,0.0,0.0,0.0,0.3501746458678806
raiva_raiva,NOVA LACERDA,6,24,0,0.0,0.0,0.0,0.0,0.20206041314752268
raiva_raiva,NOVA MARILANDIA,6,12,0,0.0,0.0,0.0,0.0,0.35355339059327373
raiva_raiva,NOVA MONTE VERDE,1,3,0,0.0,0.0,0.0,,0.007011799690315371
raiva_raiva,NOVA MUTUM,18,140,0,0.0,0.0,0.0,0.0,1.25
raiva_raiva,NOVA NAZARE,1,4,0,0.0,0.0,0.0,0.0,0.12084791666666697
raiva_raiva,NOVA OLIMPIA,2,25,0,0.0,0.0,0.0,0.0,0.168625
raiva_raiva,NOVA SANTA HELENA,5,10,0,0.0,0.0,0.0,0.0,0.168625
raiva_raiva,NOVA UBIRATA,3,7,0,0.0,0.0,0.0,0.0,0.3545492539414415
raiva_raiva,NOVA XAVANTINA,1,28,0,0.0,0.0,0.0,0.0,0.0
raiva_raiva,NOVO HORIZONTE DO NORTE,2,9,0,0.0,0.0,0.0,0.0,0.17110785121058564
raiva_raiva,NOVO MUNDO,7,24,0,0.0,0.0,0.0,0.0,0.5181230996621622
raiva_raiva,NOVO SANTO ANTONIO,1,5,0,0.0,0.0,0.0,0.0,0.20666531883445952
raiva_raiva,NOVO SAO JOAQUIM,3,11,0,0.0,0.0,0.0,0.0,1.0526577034065316
raiva_raiva,PALMAS,1,1,0,0.0,0.0,0.0,,0.0
raiva_raiva,PARANAITA,3,9,0,0.0,0.0,0.0,0.0,0.168625
raiva_raiva,PARANATINGA,1,1,0,0.0,0.0,0.0,,0.02608180602477483
raiva_raiva,PEDRA PRETA,1,1,0,0.0,0.0,0.0,0.0,0.0
raiva_raiva,PEIXOTO DE AZEVEDO,9,42,0,0.0,0.0,0.0,0.0,1.2706413710585587
raiva_raiva,PIRACICABA,1,1,0,0.0,0.0,0.0,,0.0
raiva_raiva,PLANALTO DA SERRA,1,1,0,0.0,0.0,0.0,0.0,0.05307984586148658
raiva_raiva,POCONE,5,115,0,0.0,0.0,0.0,0.0,0.2481759325731983
raiva_raiva,PONTAL DO ARAGUAIA,4,8,0,0.0,0.0,0.0,0.0,0.33725
raiva_raiva,PONTE BRANCA,1,7,0,0.0,0.0,0.0,,0.040632358530405394
raiva_raiva,PONTES E LACERDA,8,67,0,0.0,0.0,0.0,0.0,0.49448205406893697
raiva_raiva,PORTO DOS GAUCHOS,3,15,0,0.0,0.0,0.0,0.0,0.00188468820382883
raiva_raiva,PORTO ESPERIDIAO,3,21,0,0.0,0.0,0.0,0.0,0.2233331784909911
raiva_raiva,PORTO ESTRELA,3,4,0,0.0,0.0,0.0,0.0,0.4543580992081389
raiva_raiva,PORTO VELHO,1,1,0,0.0,0.0,0.0,,0.0
raiva_raiva,POXOREO,1,1,0,0.0,0.0,0.0,,0.0
raiva_raiva,PRIMAVERA DO LESTE,8,84,0,0.0,0.0,0.0,0.0,1.25
raiva_raiva,QUERENCIA,3,21,0,0.0,0.0,0.0,0.0,0.35355339059327373
raiva_raiva,RESERVA DO CABACAL,2,12,0,0.0,0.0,0.0,0.0,0.1727741624436937
raiva_raiva,RIBEIRAO CASCALHEIRA,3,20,0,0.0,0.0,0.0,0.0,0.6139193799268018
raiva_raiva,RIBEIRAOZINHO,3,12,0,0.0,0.0,0.0,0.0,0.01169266258445951
raiva_raiva,RIO BRANCO,2,8,0,0.0,0.0,0.0,0.0,0.18286697635135135
raiva_raiva,RIO DE JANEIRO,1,1,0,0.0,0.0,0.0,,0.0
raiva_raiva,RONDONOPOLIS,10,344,0,0.0,0.0,0.0,0.0,1.25
raiva_raiva,ROSARIO OESTE,3,35,0,0.0,0.0,0.0,0.0,0.23144635768581096
raiva_raiva,SALTO DO CEU,3,9,0,0.0,0.0,0.0,0.0,0.1988346055039415
raiva_raiva,SANTA CARMEM,1,1,0,0.0,0.0,0.0,0.0,0.0
raiva_raiva,SANTA RITA DO TRIVELATO,1,5,0,0.0,0.0,0.0,0.0,0.0
raiva_raiva,SANTO ANDRE,1,1,0,0.0,0.0,0.0,,0.0
raiva_raiva,SANTO ANTONIO DO LEVERGER,5,5,0,0.0,0.0,0.0,0.0,0.07961264780405415
raiva_raiva,SAO CARLOS,1,1,0,0.0,0.0,0.0,,0.0
raiva_raiva,SAO FELIX DO ARAGUAIA,1,4,0,0.0,0.0,0.0,0.0,0.16267185388513522
raiva_raiva,SAO JOSE DO CEDRO,1,1,0,0.0,0.0,0.0,,0.0
raiva_raiva,SAO JOSE DO POVO,1,1,0,0.0,0.0,0.0,0.0,0.021652551379504583
raiva_raiva,SAO JOSE DO RIO CLARO,3,9,0,0.0,0.0,0.0,0.0,0.35355339059327373
raiva_raiva,SAO JOSE DOS QUATRO MARCOS,7,45,0,0.0,0.0,0.0,0.0,1.25
raiva_raiva,SAO PAULO,3,4,0,0.0,0.0,0.0,,0.3535533905932738
raiva_raiva,SAPEZAL,6,86,0,0.0,0.0,0.0,0.0,0.555470588235294
raiva_raiva,SERRA NOVA DOURADA,1,1,0,0.0,0.0,0.0,0.0,0.08282183980855864
raiva_raiva,SERRA TALHADA,1,1,0,0.0,0.0,0.0,,0.0
raiva_raiva,SINOP,12,212,0,0.0,0.0,0.0,0.0,0.21994565217391304
raiva_raiva,SORRISO,24,136,0,0.0,0.0,0.0,0.0,1.25
raiva_raiva,SUZANO,1,1,0,0.0,0.0,0.0,,0.0
raiva_raiva,TABAPORA,2,20,0,0.0,0.0,0.0,0.0,0.168625
raiva_raiva,TANGARA DA SERRA,5,37,0,0.0,0.0,0.0,0.0,0.5
raiva_raiva,TAPURAH,8,31,0,0.0,0.0,0.0,0.0,1.25
raiva_raiva,TERRA NOVA DO NORTE,6,23,0,0.0,0.0,0.0,0.0,0.168625
raiva_raiva,UNIAO DO SUL,6,18,0,0.0,0.0,0.0,0.0,1.2518799408783785
raiva_raiva,VARZEA GRANDE,15,147,0,0.0,0.0,0.0,0.0,1.25
raiva_raiva,VERA,2,7,0,0.0,0.0,0.0,0.0,0.168625
raiva_raiva,VILA RICA,1,1,0,0.0,0.0,0.0,0.0,0.04660449394707213
raiva_raiva_biologia_molecular,BARRA DO GARCAS,1,13,0,0.0,0.0,0.0,0.0,0.0
raiva_raiva_biologia_molecular,BOM JARDIM DE GOIAS,1,1,0,0.0,0.0,0.0,,0.0
raiva_raiva_biologia_molecular,RONDONOPOLIS,2,3,0,0.0,0.0,0.0,0.0,0.168625
raiva_v_rus_respirat_rios,BARRA DO BUGRES,1,1,0,0.0,0.0,0.0,,0.0017327737894144602
rifampicina,ACORIZAL,2,4,0,1.0,0.0,0.0,0.0,0.3083008094031533
rifampicina,AGUA BOA,5,7,0,3.0,0.0,0.0,0.0,0.30618621784789735
rifampicina,ALTA FLORESTA,4,4,0,0.0,0.0,0.0,0.0,0.0
rifampicina,ALTAMIRA,1,1,0,0.0,0.0,0.0,,0.0
rifampicina,ANAPOLIS,1,3,0,0.0,0.0,0.0,,0.0
rifampicina,APARECIDA DE GOIANIA,1,2,0,0.0,0.0,0.0,,0.0
rifampicina,ARAPUTANGA,2,2,0,0.0,0.0,0.0,0.0,0.0
rifampicina,ARENAPOLIS,1,1,0,2.0,0.0,0.0,0.0,0.0
rifampicina,ARIPUANA,1,1,0,1.0,0.0,0.0,0.0,0.05382992328265769
rifampicina,BARRA DO BUGRES,9,10,0,8.0,0.0,0.0,0.0,0.810014554975962
rifampicina,BARRA DO GARCAS,5,5,1,7.0,1.0,0.2,0.32413860166607245,0.8
rifampicina,BOM JESUS DO ARAGUAIA,2,2,0,2.0,0.0,0.0,0.0,0.12204424268018027
rifampicina,BRASILIA,1,2,0,0.0,0.0,0.0,,0.0
rifampicina,CACERES,9,11,0,8.0,0.0,0.0,0.0,0.6931438178947799
rifampicina,CACHOEIRA ALTA,1,1,0,0.0,0.0,0.0,,0.0
rifampicina,CACOAL,3,3,0,1.0,0.0,0.0,,0.0
rifampicina,CAMPINA GRANDE,2,2,0,0.0,0.0,0.0,,0.0
rifampicina,CAMPINAPOLIS,4,5,1,15.0,1.0,0.25,1.6012297444437327,1.2149881670768559
rifampicina,CAMPO GRANDE,5,6,0,1.0,0.0,0.0,,0.5
rifampicina,CAMPO NOVO DO PARECIS,2,3,0,0.0,0.0,0.0,0.0,0.168625
rifampicina,CAMPO VERDE,8,8,0,4.0,0.0,0.0,0.0,0.31819805153394637
rifampicina,CANDEIAS DO JAMARI,1,2,0,0.0,0.0,0.0,,0.0
rifampicina,CASTANHEIRA,2,2,0,0.0,0.0,0.0,0.0,0.0
rifampicina,CATANDUVA,1,1,0,0.0,0.0,0.0,,0.0
rifampicina,CATARINA,1,1,0,0.0,0.0,0.0,,0.0
rifampicina,CHAPADA DOS GUIMARAES,5,5,0,0.0,0.0,0.0,0.0,0.03629330306869366
rifampicina,CIDADE OCIDENTAL,2,3,0,0.0,0.0,0.0,,0.168625
rifampicina,CLAUDIA,1,1,0,0.0,0.0,0.0,0.0,0.0
rifampicina,COLIDER,3,3,0,0.0,0.0,0.0,0.0,0.0
rifampicina,COMODORO,2,2,0,1.0,0.0,0.0,0.0,0.101175
rifampicina,CUIABA,156,1033,18,1418.0,80.0,0.01581157446542062,0.01744591671887993,2.3709981225765895
rifampicina,DIAMANTINO,6,8,1,1.0,0.0,0.16666666666666666,0.759612901265515,0.8944271909999157
rifampicina,DUQUE DE CAXIAS,1,1,0,0.0,0.0,0.0,,0.0
rifampicina,GENERAL CARNEIRO,1,3,0,0.0,0.0,0.0,0.0,0.0818533854166666
rifampicina,GOIANIA,1,2,0,0.0,0.0,0.0,,0.0
rifampicina,GOIATINS,1,2,0,0.0,0.0,0.0,,0.0
rifampicina,GRAJAU,1,1,0,0.0,0.0,0.0,,0.0
rifampicina,ILHEUS,1,2,0,0.0,0.0,0.0,,0.0
rifampicina,IMPERATRIZ,1,1,0,1.0,0.0,0.0,,0.0
rifampicina,INDAIATUBA,1,1,0,0.0,0.0,0.0,,0.0
rifampicina,JANGADA,1,1,0,0.0,0.0,0.0,0.0,0.056065913569820006
rifampicina,JUARA,2,2,0,1.0,0.0,0.0,0.0,0.101175
rifampicina,JUINA,3,3,0,2.0,0.0,0.0,0.0,0.10606601717798213
rifampicina,LUCAS DO RIO VERDE,5,6,0,3.0,0.0,0.0,0.0,0.49999999999999994
rifampicina,MANAUS,1,2,0,0.0,0.0,0.0,,0.0
rifampicina,MARCELANDIA,1,1,0,0.0,0.0,0.0,0.0,0.006850390625000021
rifampicina,MIRASSOL D''OESTE,5,6,0,0.0,0.0,0.0,,0.49999999999999994
rifampicina,NOBRES,3,3,0,1.0,0.0,0.0,0.0,0.2331626861014598
rifampicina,NOSSA SENHORA DO LIVRAMENTO,6,6,0,0.0,0.0,0.0,0.0,0.10755540540540556
rifampicina,NOVA AMERICA DA COLINA,1,2,0,0.0,0.0,0.0,,0.0
rifampicina,NOVA MONTE VERDE,1,1,0,0.0,0.0,0.0,0.0,0.007011799690315371
rifampicina,NOVA MUTUM,1,1,0,0.0,0.0,0.0,0.0,0.0
rifampicina,NOVA OLIMPIA,1,1,0,0.0,0.0,0.0,0.0,0.0
rifampicina,NOVO PROGRESSO,1,1,0,0.0,0.0,0.0,,0.0
rifampicina,PACARAIMA,3,4,0,1.0,0.0,0.0,,0.3535533905932738
rifampicina,PARANAITA,1,1,0,1.0,0.0,0.0,0.0,0.0
rifampicina,PEDRA PRETA,1,1,0,0.0,0.0,0.0,0.0,0.0
rifampicina,PEIXOTO DE AZEVEDO,3,3,0,2.0,0.0,0.0,0.0,0.12181637105855866
rifampicina,PIMENTA BUENO,3,3,0,0.0,0.0,0.0,,0.0
rifampicina,POCONE,5,6,0,7.0,0.0,0.0,0.0,0.5683092659065316
rifampicina,PONTES E LACERDA,4,4,1,6.0,0.0,0.25,0.48060286823791765,0.692820323027551
rifampicina,PORTO ALEGRE DO NORTE,1,1,0,0.0,0.0,0.0,0.0,0.08777804757882886
rifampicina,PORTO VELHO,4,5,0,0.0,0.0,0.0,,0.43301270189221935
rifampicina,PRIMAVERA DO LESTE,4,4,0,1.0,0.0,0.0,0.0,0.2598076211353316
rifampicina,QUERENCIA,1,1,1,0.0,0.0,1.0,3.517534911533997,0.0
rifampicina,RIO BRANCO,1,1,0,0.0,0.0,0.0,0.0,0.014241976351351361
rifampicina,RIO DE JANEIRO,1,1,0,0.0,0.0,0.0,,0.0
rifampicina,RONDONOPOLIS,5,6,0,13.0,1.0,0.0,0.0,0.8035249999999999
rifampicina,ROSARIO OESTE,1,1,0,0.0,0.0,0.0,0.0,0.06282135768581094
rifampicina,SANTA CARMEM,1,1,0,0.0,0.0,0.0,0.0,0.0
rifampicina,SANTA ISABEL DO PARA,1,1,0,0.0,0.0,0.0,,0.0
rifampicina,SANTO ANTONIO DO LEVERGER,4,5,0,0.0,0.0,0.0,0.0,0.5126253496962735
rifampicina,SAO JOSE DO RIO CLARO,2,2,0,0.0,0.0,0.0,0.0,0.0
rifampicina,SAO JOSE DO RIO PRETO,1,1,0,0.0,0.0,0.0,,0.0
rifampicina,SAPEZAL,3,3,1,4.0,0.0,0.3333333333333333,1.1000011000010999,0.7778174593052024
rifampicina,SINOP,12,13,0,21.0,0.0,0.0,0.0,0.8291561975888501
rifampicina,SORRISO,19,21,0,16.0,0.0,0.0,0.0,0.8300439868556625
rifampicina,TANGARA DA SERRA,11,16,0,9.0,0.0,0.0,0.0,0.589368958489306
rifampicina,TAPURAH,1,1,0,0.0,0.0,0.0,0.0,0.0
rifampicina,TERESINA,1,1,0,0.0,0.0,0.0,,0.0
rifampicina,TESOURO,1,1,0,0.0,0.0,0.0,0.0,0.07822168144707219
rifampicina,TOLEDO,1,1,0,0.0,0.0,0.0,,0.0
rifampicina,VARZEA GRANDE,123,303,22,586.0,41.0,0.05257452574525746,0.060040592463912475,2.2593151053900424
rifampicina,VERA,1,1,0,0.0,0.0,0.0,0.0,0.0
rifampicina,VILHENA,1,1,0,0.0,0.0,0.0,,0.0
rifampicina,VITORIA DE SANTO ANTAO,2,2,0,0.0,0.0,0.0,,0.0
rinovirus_enterovirus,BARRA DO BUGRES,1,1,0,0.0,0.0,0.0,0.0,0.0017327737894144602
rinovirus_enterovirus,NOVA OLIMPIA,1,1,1,0.0,0.0,1.0,6.084945843981989,0.0
rinovirus_enterovirus,PARANATINGA,1,1,1,0.0,0.0,1.0,3.7845816145025166,0.02608180602477483
rinovirus_enterovirus,VARZEA GRANDE,2,4,0,0.0,0.0,0.0,0.0,0.0
rotav_rus_arbov_rus,ALTO TAQUARI,1,1,0,0.0,0.0,0.0,0.0,0.0
rotav_rus_arbov_rus,CUIABA,2,2,0,0.0,0.0,0.0,0.0,0.0
rotav_rus_bact_rias_identifica_o,ALTO TAQUARI,1,2,0,0.0,0.0,0.0,0.0,0.0
rotav_rus_bact_rias_identifica_o,CUIABA,1,2,0,0.0,0.0,0.0,0.0,0.0
rotav_rus_bact_rias_teste_de_sensibilidade,ALTO TAQUARI,1,1,0,0.0,0.0,0.0,0.0,0.0
rotav_rus_bact_rias_teste_de_sensibilidade,CUIABA,1,1,0,0.0,0.0,0.0,0.0,0.0
rotav_rus_caxumba_biologia_molecular,CHAPADA DOS GUIMARAES,1,1,0,0.0,0.0,0.0,0.0,0.03629330306869366
rotav_rus_norov_rus_biologia_molecular,CACERES,1,2,0,0.0,0.0,0.0,0.0,0.01077642877252243
rotav_rus_pesquisa_de_arbov_rus,ALTO TAQUARI,1,3,0,0.0,0.0,0.0,0.0,0.0
rotav_rus_pesquisa_de_arbov_rus_zdc,ALTO TAQUARI,1,1,0,0.0,0.0,0.0,0.0,0.0
rotav_rus_pesquisa_de_arbov_rus_zdc,CUIABA,2,2,0,0.0,0.0,0.0,0.0,0.0
rotav_rus_raiva,BARRA DO BUGRES,1,1,0,0.0,0.0,0.0,,0.0017327737894144602
rotav_rus_rotav_rus,ALTO BOA VISTA,1,1,0,0.0,0.0,0.0,0.0,0.1979444819819821
rotav_rus_rotav_rus,ALTO TAQUARI,1,1,0,0.0,0.0,0.0,0.0,0.0
rotav_rus_rotav_rus,CACERES,1,4,0,0.0,0.0,0.0,0.0,0.01077642877252243
rotav_rus_rotav_rus,CAMPO VERDE,1,1,0,0.0,0.0,0.0,,0.0
rotav_rus_rotav_rus,CANARANA,3,6,0,0.0,0.0,0.0,0.0,0.35355339059327373
rotav_rus_rotav_rus,CHAPADA DOS GUIMARAES,1,1,0,0.0,0.0,0.0,0.0,0.03629330306869366
rotav_rus_rotav_rus,CUIABA,1,1,0,0.0,0.0,0.0,0.0,0.0
rotav_rus_rotav_rus,PLANALTO DA SERRA,1,1,0,0.0,0.0,0.0,,0.05307984586148658
rotav_rus_rotav_rus,SINOP,1,1,0,0.0,0.0,0.0,0.0,0.0
rotav_rus_rotav_rus,VARZEA GRANDE,3,4,0,0.0,0.0,0.0,0.0,0.3535533905932738
rotav_rus_v_rus_respirat_rios,ALTO TAQUARI,1,1,0,0.0,0.0,0.0,0.0,0.0
rotav_rus_v_rus_respirat_rios,CHAPADA DOS GUIMARAES,2,3,0,0.0,0.0,0.0,0.0,0.20491830306869366
rotav_rus_v_rus_respirat_rios,CUIABA,1,1,0,0.0,0.0,0.0,0.0,0.0
rotavirus,CACERES,1,2,0,0.0,0.0,0.0,0.0,0.01077642877252243
rotavirus,CAMPOS DE JULIO,1,2,0,0.0,0.0,0.0,0.0,0.0
rotavirus,CUIABA,1,2,0,0.0,0.0,0.0,0.0,0.0
rotavirus,NOSSA SENHORA DO SOCORRO,1,1,0,0.0,0.0,0.0,,0.0
rotavirus,TANGARA DA SERRA,1,3,0,0.0,0.0,0.0,0.0,0.0
rotavirus,VARZEA GRANDE,4,6,1,0.0,0.0,0.25,0.08331167229853571,0.692820323027551
rub_ola_arbov_rus,CHAPADA DOS GUIMARAES,1,1,0,0.0,0.0,0.0,0.0,0.03629330306869366
rub_ola_citomegalov_rus_igg,BARRA DO GARCAS,1,1,0,0.0,0.0,0.0,0.0,0.0
rub_ola_citomegalov_rus_igg,CANARANA,2,2,0,0.0,0.0,0.0,0.0,0.0
rub_ola_citomegalov_rus_igg,JACIARA,1,1,0,0.0,0.0,0.0,0.0,0.0
rub_ola_citomegalov_rus_igg,SORRISO,1,1,0,0.0,0.0,0.0,0.0,0.0
rub_ola_citomegalov_rus_igg,VARZEA GRANDE,3,3,0,0.0,0.0,0.0,0.0,0.0
rub_ola_citomegalov_rus_igg,VILA RICA,1,1,0,0.0,0.0,0.0,0.0,0.04660449394707213
rub_ola_citomegalov_rus_igg_avidez,VARZEA GRANDE,2,2,0,0.0,0.0,0.0,0.0,0.0
rub_ola_citomegalov_rus_igg_avidez,VILA RICA,1,1,0,0.0,0.0,0.0,0.0,0.04660449394707213
rub_ola_citomegalov_rus_igm,BARRA DO GARCAS,1,1,0,0.0,0.0,0.0,0.0,0.0
rub_ola_citomegalov_rus_igm,CANARANA,2,2,0,0.0,0.0,0.0,0.0,0.0
rub_ola_citomegalov_rus_igm,JACIARA,1,1,0,0.0,0.0,0.0,0.0,0.0
rub_ola_citomegalov_rus_igm,SORRISO,1,1,0,0.0,0.0,0.0,0.0,0.0
rub_ola_citomegalov_rus_igm,VARZEA GRANDE,3,3,0,0.0,0.0,0.0,0.0,0.0
rub_ola_citomegalov_rus_igm,VILA RICA,1,1,0,0.0,0.0,0.0,0.0,0.04660449394707213
rub_ola_herpes_simplex_1_e_2_biologia_molecular,QUIRINOPOLIS,1,1,0,0.0,0.0,0.0,,0.0
rub_ola_herpes_v_rus_igg,SORRISO,1,1,0,0.0,0.0,0.0,0.0,0.0
rub_ola_herpes_v_rus_igg,VARZEA GRANDE,1,1,0,0.0,0.0,0.0,0.0,0.0
rub_ola_herpes_v_rus_igg,VILA RICA,1,1,0,0.0,0.0,0.0,0.0,0.04660449394707213
rub_ola_herpes_v_rus_igm,SORRISO,1,1,0,0.0,0.0,0.0,0.0,0.0
rub_ola_herpes_v_rus_igm,VARZEA GRANDE,1,1,0,0.0,0.0,0.0,0.0,0.0
rub_ola_herpes_v_rus_igm,VILA RICA,1,1,0,0.0,0.0,0.0,0.0,0.04660449394707213
rub_ola_parvov_rus_b19_igg,SORRISO,2,2,0,0.0,0.0,0.0,0.0,0.0
rub_ola_parvov_rus_b19_igm,SORRISO,2,2,0,0.0,0.0,0.0,0.0,0.0
rub_ola_pesquisa_de_arbov_rus_zdc,CUIABA,1,1,0,0.0,0.0,0.0,0.0,0.0
rub_ola_pesquisa_de_v_rus_respirat_rios,CHAPADA DOS GUIMARAES,1,1,0,0.0,0.0,0.0,,0.03629330306869366
rub_ola_raiva,BARRA DO BUGRES,1,1,0,0.0,0.0,0.0,,0.0017327737894144602
rub_ola_raiva,GUARANTA DO NORTE,1,1,0,0.0,0.0,0.0,0.0,0.0
rub_ola_rub_ola_biologia_molecular,ALTO TAQUARI,1,1,0,0.0,0.0,0.0,0.0,0.0
rub_ola_rub_ola_biologia_molecular,BRASNORTE,2,2,0,0.0,0.0,0.0,0.0,0.0
rub_ola_rub_ola_biologia_molecular,JACIARA,1,1,0,0.0,0.0,0.0,,0.0
rub_ola_rub_ola_biologia_molecular,LAMBARI D''OESTE,1,1,0,0.0,0.0,0.0,,0.0
rub_ola_rub_ola_biologia_molecular,PRIMAVERA DO LESTE,1,2,0,0.0,0.0,0.0,0.0,0.0
rub_ola_rub_ola_biologia_molecular,SORRISO,1,1,0,0.0,0.0,0.0,0.0,0.0
rub_ola_rub_ola_biologia_molecular,VALE DE SAO DOMINGOS,2,2,0,0.0,0.0,0.0,0.0,0.04944814189189199
rub_ola_rub_ola_biologia_molecular,VARZEA GRANDE,1,1,0,0.0,0.0,0.0,0.0,0.0
rub_ola_rub_ola_igg,ALTO TAQUARI,1,1,0,0.0,0.0,0.0,0.0,0.0
rub_ola_rub_ola_igg,ARENAPOLIS,1,2,0,0.0,0.0,0.0,0.0,0.0
rub_ola_rub_ola_igg,BARRA DO GARCAS,1,2,0,0.0,0.0,0.0,0.0,0.0
rub_ola_rub_ola_igg,BRASNORTE,2,3,0,0.0,0.0,0.0,0.0,0.168625
rub_ola_rub_ola_igg,CACERES,1,1,0,0.0,0.0,0.0,0.0,0.01077642877252243
rub_ola_rub_ola_igg,CAMPO VERDE,2,2,0,0.0,0.0,0.0,0.0,0.0
rub_ola_rub_ola_igg,CANARANA,2,2,0,0.0,0.0,0.0,0.0,0.0
rub_ola_rub_ola_igg,CHAPADA DOS GUIMARAES,1,1,0,0.0,0.0,0.0,0.0,0.03629330306869366
rub_ola_rub_ola_igg,CUIABA,4,5,0,0.0,0.0,0.0,0.0,0.43301270189221935
rub_ola_rub_ola_igg,GUARANTA DO NORTE,1,1,0,0.0,0.0,0.0,0.0,0.0
rub_ola_rub_ola_igg,JACIARA,3,4,0,0.0,0.0,0.0,0.0,0.3535533905932738
rub_ola_rub_ola_igg,JUSCIMEIRA,1,1,0,0.0,0.0,0.0,,0.0
rub_ola_rub_ola_igg,LAMBARI D''OESTE,1,2,0,0.0,0.0,0.0,,0.0
rub_ola_rub_ola_igg,MATUPA,2,2,0,0.0,0.0,0.0,0.0,0.0
rub_ola_rub_ola_igg,PALMEIRAS DE GOIAS,1,1,0,0.0,0.0,0.0,,0.0
rub_ola_rub_ola_igg,PONTES E LACERDA,1,2,0,0.0,0.0,0.0,0.0,0.0
rub_ola_rub_ola_igg,PRIMAVERA DO LESTE,1,2,0,0.0,0.0,0.0,0.0,0.0
rub_ola_rub_ola_igg,SINOP,1,1,0,0.0,0.0,0.0,0.0,0.0
rub_ola_rub_ola_igg,SORRISO,4,4,0,0.0,0.0,0.0,0.0,0.0
rub_ola_rub_ola_igg,TANGARA DA SERRA,2,3,0,0.0,0.0,0.0,0.0,0.168625
rub_ola_rub_ola_igg,VALE DE SAO DOMINGOS,3,4,0,0.0,0.0,0.0,0.0,0.4030015324851658
rub_ola_rub_ola_igg,VARZEA GRANDE,3,4,0,0.0,0.0,0.0,0.0,0.3535533905932738
rub_ola_rub_ola_igm,ALTO TAQUARI,1,1,0,0.0,0.0,0.0,0.0,0.0
rub_ola_rub_ola_igm,ARENAPOLIS,1,2,0,0.0,0.0,0.0,0.0,0.0
rub_ola_rub_ola_igm,BARRA DO GARCAS,1,2,0,0.0,0.0,0.0,0.0,0.0
rub_ola_rub_ola_igm,BRASNORTE,2,3,0,0.0,0.0,0.0,0.0,0.168625
rub_ola_rub_ola_igm,CACERES,1,1,0,0.0,0.0,0.0,0.0,0.01077642877252243
rub_ola_rub_ola_igm,CAMPO VERDE,2,2,0,0.0,0.0,0.0,0.0,0.0
rub_ola_rub_ola_igm,CANARANA,2,2,0,0.0,0.0,0.0,0.0,0.0
rub_ola_rub_ola_igm,CHAPADA DOS GUIMARAES,1,1,0,0.0,0.0,0.0,0.0,0.03629330306869366
rub_ola_rub_ola_igm,CUIABA,4,5,0,0.0,0.0,0.0,0.0,0.43301270189221935
rub_ola_rub_ola_igm,GUARANTA DO NORTE,1,1,0,0.0,0.0,0.0,0.0,0.0
rub_ola_rub_ola_igm,JACIARA,3,4,0,0.0,0.0,0.0,0.0,0.3535533905932738
rub_ola_rub_ola_igm,JUSCIMEIRA,1,1,0,0.0,0.0,0.0,,0.0
rub_ola_rub_ola_igm,LAMBARI D''OESTE,1,2,0,0.0,0.0,0.0,,0.0
rub_ola_rub_ola_igm,MATUPA,3,3,0,0.0,0.0,0.0,0.0,0.0
rub_ola_rub_ola_igm,PALMEIRAS DE GOIAS,1,1,0,0.0,0.0,0.0,,0.0
rub_ola_rub_ola_igm,PONTES E LACERDA,1,2,0,0.0,0.0,0.0,0.0,0.0
rub_ola_rub_ola_igm,PRIMAVERA DO LESTE,1,2,0,0.0,0.0,0.0,0.0,0.0
rub_ola_rub_ola_igm,SINOP,1,1,0,0.0,0.0,0.0,0.0,0.0
rub_ola_rub_ola_igm,SORRISO,4,4,0,0.0,0.0,0.0,0.0,0.0
rub_ola_rub_ola_igm,TANGARA DA SERRA,2,3,0,0.0,0.0,0.0,0.0,0.168625
rub_ola_rub_ola_igm,VALE DE SAO DOMINGOS,3,4,0,0.0,0.0,0.0,0.0,0.4030015324851658
rub_ola_rub_ola_igm,VARZEA GRANDE,3,4,0,0.0,0.0,0.0,0.0,0.3535533905932738
rub_ola_sarampo_biologia_molecular,BRASNORTE,1,1,0,0.0,0.0,0.0,0.0,0.0
rub_ola_sarampo_biologia_molecular,SORRISO,1,3,0,0.0,0.0,0.0,0.0,0.0
rub_ola_sarampo_igg,BARRA DO GARCAS,1,1,0,0.0,0.0,0.0,0.0,0.0
rub_ola_sarampo_igg,BRASNORTE,1,1,0,0.0,0.0,0.0,0.0,0.0
rub_ola_sarampo_igg,SINOP,1,1,0,0.0,0.0,0.0,0.0,0.0
rub_ola_sarampo_igg,SORRISO,2,2,0,0.0,0.0,0.0,0.0,0.0
rub_ola_sarampo_igg,TANGARA DA SERRA,1,1,0,0.0,0.0,0.0,0.0,0.0
rub_ola_sarampo_igm,BARRA DO GARCAS,1,1,0,0.0,0.0,0.0,0.0,0.0
rub_ola_sarampo_igm,BRASNORTE,1,1,0,0.0,0.0,0.0,0.0,0.0
rub_ola_sarampo_igm,SINOP,1,1,0,0.0,0.0,0.0,0.0,0.0
rub_ola_sarampo_igm,SORRISO,2,2,0,0.0,0.0,0.0,0.0,0.0
rub_ola_sarampo_igm,TANGARA DA SERRA,1,1,0,0.0,0.0,0.0,0.0,0.0
rub_ola_toxoplasmose_igg,VARZEA GRANDE,1,1,0,0.0,0.0,0.0,0.0,0.0
rub_ola_toxoplasmose_igm,VARZEA GRANDE,1,1,0,0.0,0.0,0.0,0.0,0.0
rub_ola_var_ola,CHAPADA DOS GUIMARAES,1,1,0,0.0,0.0,0.0,,0.03629330306869366
rub_ola_var_ola,SORRISO,1,1,0,0.0,0.0,0.0,0.0,0.0
rub_ola_varicela_zoster_biologia_molecular,CHAPADA DOS GUIMARAES,1,1,0,0.0,0.0,0.0,,0.03629330306869366
rubeola_biologia_molecular,PORTO ESPERIDIAO,1,4,0,1.0,0.0,0.0,0.0,0.05470817849099111
rubeola_biologia_molecular,QUERENCIA,1,1,0,0.0,0.0,0.0,0.0,0.0
rubeola_igg,ALTA FLORESTA,1,1,1,0.0,0.0,1.0,1.7061061539248972,0.0
rubeola_igg,CACERES,1,1,1,0.0,0.0,1.0,1.1150633913537984,0.01077642877252243
rubeola_igg,CAMPO NOVO DO PARECIS,2,2,2,0.0,0.0,1.0,2.1304294103871637,0.13490000000000063
rubeola_igg,CANABRAVA DO NORTE,1,1,1,0.0,0.0,1.0,22.266755733689603,0.09529781109234242
rubeola_igg,CHAPADA DOS GUIMARAES,1,1,1,0.0,0.0,1.0,5.163688939378292,0.03629330306869366
rubeola_igg,COLIDER,1,2,1,0.0,0.0,0.5,3.116624072804338,0.0
rubeola_igg,CUIABA,6,19,18,0.0,0.0,0.8333333333333334,0.44561792427007996,1.639145345639819
rubeola_igg,GUARANTA DO NORTE,4,4,3,0.0,0.0,0.75,2.2707637015085425,0.25037005383792516
rubeola_igg,JACIARA,1,1,1,0.0,0.0,1.0,3.404950798460962,0.0
rubeola_igg,JUINA,2,2,2,0.0,0.0,1.0,2.2688059534500855,0.1349
rubeola_igg,LUCAS DO RIO VERDE,1,1,0,0.0,0.0,0.0,0.0,0.0
rubeola_igg,NOVA MUTUM,1,1,1,0.0,0.0,1.0,1.790863016887838,0.0
rubeola_igg,NOVA UBIRATA,1,1,1,0.0,0.0,1.0,8.005123278898495,0.0172992539414415
rubeola_igg,NOVA XAVANTINA,1,1,1,0.0,0.0,1.0,3.9866050071758887,0.0
rubeola_igg,NOVO MUNDO,1,1,1,0.0,0.0,1.0,15.337423312883436,0.0122480996621622
rubeola_igg,POCONE,1,1,1,0.0,0.0,1.0,3.1853220360578454,0.06830926590653164
rubeola_igg,PONTES E LACERDA,3,3,3,0.0,0.0,1.0,1.8581834398691839,0.0
rubeola_igg,PORTO ESPERIDIAO,1,2,2,1.0,0.0,1.0,19.60015680125441,0.05470817849099111
rubeola_igg,QUERENCIA,2,2,2,0.0,0.0,1.0,3.517534911533997,0.0
rubeola_igg,RONDONOPOLIS,2,2,1,0.0,0.0,0.5,0.196287805031249,0.2698
rubeola_igg,SINOP,1,1,1,0.0,0.0,1.0,0.48325287173019027,0.0
rubeola_igg,SORRISO,6,6,5,0.0,0.0,0.8333333333333334,0.803031789714836,0.35924271909999156
rubeola_igg,TANGARA DA SERRA,2,3,3,0.0,0.0,1.0,1.4093240881673148,0.303525
rubeola_igg,TAPURAH,1,1,1,0.0,0.0,1.0,6.7240451855836465,0.0
rubeola_igg,VARZEA GRANDE,4,5,5,0.0,0.0,1.0,0.41073722696118226,1.4330127018922194
rubeola_igm,ALTA FLORESTA,1,1,0,0.0,0.0,0.0,0.0,0.0
rubeola_igm,CAMPO NOVO DO PARECIS,2,2,1,0.0,0.0,0.5,1.0410810585712202,0.2698
rubeola_igm,CAMPO VERDE,1,1,1,0.0,0.0,1.0,2.24290680722216,0.0
rubeola_igm,CANABRAVA DO NORTE,1,1,0,0.0,0.0,0.0,0.0,0.09529781109234242
rubeola_igm,CHAPADA DOS GUIMARAES,1,1,0,0.0,0.0,0.0,0.0,0.03629330306869366
rubeola_igm,COLIDER,1,2,0,0.0,0.0,0.0,0.0,0.0
rubeola_igm,CUIABA,6,19,1,0.0,0.0,0.16666666666666666,0.025606476594912195,0.8944271909999157
rubeola_igm,GUARANTA DO NORTE,4,4,0,0.0,0.0,0.0,0.0,0.0
rubeola_igm,JACIARA,1,1,0,0.0,0.0,0.0,0.0,0.0
rubeola_igm,JUINA,2,2,0,0.0,0.0,0.0,0.0,0.0
rubeola_igm,LUCAS DO RIO VERDE,1,1,0,0.0,0.0,0.0,0.0,0.0
rubeola_igm,NOVA MUTUM,1,1,0,0.0,0.0,0.0,0.0,0.0
rubeola_igm,NOVA UBIRATA,1,1,0,0.0,0.0,0.0,0.0,0.0172992539414415
rubeola_igm,NOVA XAVANTINA,1,1,0,0.0,0.0,0.0,0.0,0.0
rubeola_igm,NOVO MUNDO,1,1,0,0.0,0.0,0.0,0.0,0.0122480996621622
rubeola_igm,POCONE,1,1,0,0.0,0.0,0.0,0.0,0.06830926590653164
rubeola_igm,PONTES E LACERDA,3,3,0,0.0,0.0,0.0,0.0,0.0
rubeola_igm,PORTO ESPERIDIAO,1,2,0,1.0,0.0,0.0,0.0,0.05470817849099111
rubeola_igm,QUERENCIA,2,2,0,0.0,0.0,0.0,0.0,0.0
rubeola_igm,RONDONOPOLIS,3,3,0,0.0,0.0,0.0,0.0,0.0
rubeola_igm,SINOP,1,1,0,0.0,0.0,0.0,0.0,0.0
rubeola_igm,SORRISO,7,7,0,0.0,0.0,0.0,0.0,0.0
rubeola_igm,TANGARA DA SERRA,2,2,0,0.0,0.0,0.0,0.0,0.0
rubeola_igm,TAPURAH,1,2,0,0.0,0.0,0.0,0.0,0.0
rubeola_igm,VARZEA GRANDE,4,5,0,0.0,0.0,0.0,0.0,0.43301270189221935
s_ndrome_de_guillain_barr_arbov_rus,ARIPUANA,1,3,0,0.0,0.0,0.0,0.0,0.05382992328265769
s_ndrome_de_guillain_barr_arbov_rus,CARLINDA,1,2,0,0.0,0.0,0.0,0.0,0.01948302364864872
s_ndrome_de_guillain_barr_arbov_rus,CUIABA,3,10,0,0.0,0.0,0.0,0.0,0.168625
s_ndrome_de_guillain_barr_arbov_rus,RONDONOPOLIS,1,2,0,0.0,0.0,0.0,0.0,0.0
s_ndrome_de_guillain_barr_arbov_rus,TANGARA DA SERRA,1,1,0,0.0,0.0,0.0,0.0,0.0
s_ndrome_de_guillain_barr_arbov_rus,TERRA NOVA DO NORTE,1,4,0,0.0,0.0,0.0,0.0,0.0
s_ndrome_de_guillain_barr_arbov_rus,VARZEA GRANDE,1,1,0,0.0,0.0,0.0,0.0,0.0
s_ndrome_de_guillain_barr_bact_rias_cultura,CUIABA,1,1,0,0.0,0.0,0.0,0.0,0.0
s_ndrome_de_guillain_barr_bact_rias_teste_de_sensibilidade,ALTO TAQUARI,1,1,0,0.0,0.0,0.0,0.0,0.0
s_ndrome_de_guillain_barr_coprocultura,ALTO TAQUARI,1,1,0,0.0,0.0,0.0,0.0,0.0
s_ndrome_de_guillain_barr_cultura_para_fungos,CUIABA,1,1,0,0.0,0.0,0.0,,0.0
s_ndrome_de_guillain_barr_febre_do_nilo_ocidental_igm,RONDONOPOLIS,1,1,0,0.0,0.0,0.0,0.0,0.0
s_ndrome_de_guillain_barr_fungos,CUIABA,1,1,0,0.0,0.0,0.0,,0.0
s_ndrome_de_guillain_barr_fungos_teste_de_sensibilidade,CUIABA,1,1,0,0.0,0.0,0.0,,0.0
s_ndrome_de_guillain_barr_herpes_simplex_1_e_2_biologia_molecular,CUIABA,1,1,0,0.0,0.0,0.0,,0.0
s_ndrome_de_guillain_barr_mayaro_biologia_molecular,CUIABA,3,3,0,0.0,0.0,0.0,0.0,0.0
s_ndrome_de_guillain_barr_mayaro_biologia_molecular,POCONE,2,2,0,0.0,0.0,0.0,0.0,0.06830926590653164
s_ndrome_de_guillain_barr_mayaro_biologia_molecular,SORRISO,1,1,0,0.0,0.0,0.0,0.0,0.0
s_ndrome_de_guillain_barr_mayaro_biologia_molecular,TANGARA DA SERRA,1,1,0,0.0,0.0,0.0,0.0,0.0
s_ndrome_de_guillain_barr_pesquisa_de_arbov_rus,CUIABA,2,2,0,0.0,0.0,0.0,0.0,0.0
s_ndrome_de_guillain_barr_pesquisa_de_arbov_rus,RONDONOPOLIS,1,1,0,0.0,0.0,0.0,0.0,0.0
s_ndrome_de_guillain_barr_pesquisa_de_arbov_rus,TERRA NOVA DO NORTE,1,1,0,0.0,0.0,0.0,0.0,0.0
s_ndrome_de_guillain_barr_pesquisa_de_arbov_rus_zdc,ARIPUANA,1,3,0,0.0,0.0,0.0,0.0,0.05382992328265769
s_ndrome_de_guillain_barr_pesquisa_de_arbov_rus_zdc,CARLINDA,1,1,0,0.0,0.0,0.0,0.0,0.01948302364864872
s_ndrome_de_guillain_barr_pesquisa_de_arbov_rus_zdc,CUIABA,5,6,0,0.0,0.0,0.0,0.0,0.49999999999999994
s_ndrome_de_guillain_barr_pesquisa_de_arbov_rus_zdc,NOVA OLIMPIA,1,1,0,0.0,0.0,0.0,0.0,0.0
s_ndrome_de_guillain_barr_pesquisa_de_arbov_rus_zdc,POCONE,2,3,0,0.0,0.0,0.0,0.0,0.23693426590653163
s_ndrome_de_guillain_barr_pesquisa_de_arbov_rus_zdc,PRIMAVERA DO LESTE,1,1,0,0.0,0.0,0.0,0.0,0.0
s_ndrome_de_guillain_barr_pesquisa_de_arbov_rus_zdc,RONDONOPOLIS,1,1,0,0.0,0.0,0.0,0.0,0.0
s_ndrome_de_guillain_barr_pesquisa_de_arbov_rus_zdc,SORRISO,1,1,0,0.0,0.0,0.0,0.0,0.0
s_ndrome_de_guillain_barr_pesquisa_de_arbov_rus_zdc,TANGARA DA SERRA,2,3,0,0.0,0.0,0.0,0.0,0.168625
s_ndrome_de_guillain_barr_pesquisa_de_enterov_rus_biologia_molecular,SAO JOSE DO RIO CLARO,1,1,0,0.0,0.0,0.0,0.0,0.0
s_ndrome_de_guillain_barr_poliomielite_paralisia_fl_cida_aguda,ALTO TAQUARI,1,2,0,0.0,0.0,0.0,0.0,0.0
s_ndrome_de_guillain_barr_poliomielite_paralisia_fl_cida_aguda,RONDONOPOLIS,3,4,0,0.0,0.0,0.0,0.0,0.3535533905932738
s_ndrome_de_guillain_barr_poliomielite_paralisia_fl_cida_aguda,SAO JOSE DO RIO CLARO,1,1,0,0.0,0.0,0.0,0.0,0.0
s_ndrome_de_guillain_barr_poliomielite_paralisia_fl_cida_aguda_biologia_molecula,ALTO TAQUARI,1,2,0,0.0,0.0,0.0,0.0,0.0
s_ndrome_de_guillain_barr_poliomielite_paralisia_fl_cida_aguda_biologia_molecula,ARIPUANA,1,1,0,0.0,0.0,0.0,0.0,0.05382992328265769
s_ndrome_de_guillain_barr_poliomielite_paralisia_fl_cida_aguda_biologia_molecula,CUIABA,1,1,0,0.0,0.0,0.0,0.0,0.0
s_ndrome_de_guillain_barr_poliomielite_paralisia_fl_cida_aguda_biologia_molecula,RONDONOPOLIS,4,5,0,0.0,0.0,0.0,0.0,0.43301270189221935
s_ndrome_de_guillain_barr_poliomielite_paralisia_fl_cida_aguda_biologia_molecula,SAO JOSE DO RIO CLARO,1,1,0,0.0,0.0,0.0,0.0,0.0
s_ndrome_de_guillain_barr_rub_ola_igg,ARIPUANA,1,1,0,0.0,0.0,0.0,0.0,0.05382992328265769
s_ndrome_de_guillain_barr_rub_ola_igg,CUIABA,1,2,0,0.0,0.0,0.0,0.0,0.0
s_ndrome_de_guillain_barr_rub_ola_igg,TANGARA DA SERRA,1,1,0,0.0,0.0,0.0,0.0,0.0
s_ndrome_de_guillain_barr_rub_ola_igm,ARIPUANA,1,1,0,0.0,0.0,0.0,0.0,0.05382992328265769
s_ndrome_de_guillain_barr_rub_ola_igm,CUIABA,1,2,0,0.0,0.0,0.0,0.0,0.0
s_ndrome_de_guillain_barr_rub_ola_igm,TANGARA DA SERRA,2,2,0,0.0,0.0,0.0,0.0,0.0
s_ndrome_de_guillain_barr_sarampo_igg,ARIPUANA,1,1,0,0.0,0.0,0.0,0.0,0.05382992328265769
s_ndrome_de_guillain_barr_sarampo_igg,CUIABA,1,2,0,0.0,0.0,0.0,0.0,0.0
s_ndrome_de_guillain_barr_sarampo_igg,TANGARA DA SERRA,1,2,0,0.0,0.0,0.0,0.0,0.0
s_ndrome_de_guillain_barr_sarampo_igm,ARIPUANA,1,1,0,0.0,0.0,0.0,0.0,0.05382992328265769
s_ndrome_de_guillain_barr_sarampo_igm,CUIABA,1,2,0,0.0,0.0,0.0,0.0,0.0
s_ndrome_de_guillain_barr_sarampo_igm,TANGARA DA SERRA,1,2,0,0.0,0.0,0.0,0.0,0.0
s_ndrome_de_guillain_barr_streptococcus_identifica_o,CUIABA,1,1,0,0.0,0.0,0.0,0.0,0.0
sarampo_adenov_rus,JACIARA,1,3,0,0.0,0.0,0.0,0.0,0.0
sarampo_adenov_rus_ent_ricos_biologia_molecular,CUIABA,1,1,0,0.0,0.0,0.0,0.0,0.0
sarampo_biologia_molecular,CUIABA,4,7,0,0.0,0.0,0.0,0.0,0.14433756729740646
sarampo_biologia_molecular,JACIARA,1,1,0,0.0,0.0,0.0,0.0,0.0
sarampo_biologia_molecular,PORTO ESPERIDIAO,1,3,0,0.0,0.0,0.0,0.0,0.05470817849099111
sarampo_biologia_molecular,QUERENCIA,1,1,0,0.0,0.0,0.0,0.0,0.0
sarampo_biologia_molecular,SAO FELIX DO ARAGUAIA,1,1,0,0.0,0.0,0.0,0.0,0.16267185388513522
sarampo_biologia_molecular,TANGARA DA SERRA,4,5,0,0.0,0.0,0.0,0.0,0.43301270189221935
sarampo_biologia_molecular,VARZEA GRANDE,2,4,0,0.0,0.0,0.0,0.0,0.0
sarampo_bordetella,CHAPADA DOS GUIMARAES,1,1,0,0.0,0.0,0.0,0.0,0.03629330306869366
sarampo_caxumba_biologia_molecular,CHAPADA DOS GUIMARAES,1,1,0,0.0,0.0,0.0,0.0,0.03629330306869366
sarampo_caxumba_biologia_molecular,VARZEA GRANDE,1,1,0,0.0,0.0,0.0,0.0,0.0
sarampo_citomegalov_rus_igg,BARRA DO BUGRES,1,2,0,0.0,0.0,0.0,0.0,0.0017327737894144602
sarampo_citomegalov_rus_igg,CUIABA,1,1,0,0.0,0.0,0.0,0.0,0.0
sarampo_citomegalov_rus_igg,JACIARA,1,1,0,0.0,0.0,0.0,0.0,0.0
sarampo_citomegalov_rus_igg,NOVA MONTE VERDE,1,1,0,0.0,0.0,0.0,0.0,0.007011799690315371
sarampo_citomegalov_rus_igg,VARZEA GRANDE,2,2,0,0.0,0.0,0.0,0.0,0.0
sarampo_citomegalov_rus_igg_avidez,BARRA DO BUGRES,1,2,0,0.0,0.0,0.0,0.0,0.0017327737894144602
sarampo_citomegalov_rus_igm,BARRA DO BUGRES,1,2,0,0.0,0.0,0.0,0.0,0.0017327737894144602
sarampo_citomegalov_rus_igm,CUIABA,1,1,0,0.0,0.0,0.0,0.0,0.0
sarampo_citomegalov_rus_igm,JACIARA,1,1,0,0.0,0.0,0.0,0.0,0.0
sarampo_citomegalov_rus_igm,NOVA MONTE VERDE,1,1,0,0.0,0.0,0.0,0.0,0.007011799690315371
sarampo_citomegalov_rus_igm,VARZEA GRANDE,2,2,0,0.0,0.0,0.0,0.0,0.0
sarampo_epstein_barr_igg,VARZEA GRANDE,2,2,0,0.0,0.0,0.0,0.0,0.0
sarampo_epstein_barr_igm,VARZEA GRANDE,2,2,0,0.0,0.0,0.0,0.0,0.0
sarampo_febre_maculosa_igg,INDAIAL,1,1,0,0.0,0.0,0.0,,0.0
sarampo_febre_maculosa_igm,INDAIAL,1,1,0,0.0,0.0,0.0,,0.0
sarampo_herpes_simplex_1_e_2_biologia_molecular,MIRASSOL D''OESTE,1,1,0,0.0,0.0,0.0,,0.0
sarampo_herpes_v_rus_igg,CHAPADA DOS GUIMARAES,1,1,0,0.0,0.0,0.0,0.0,0.03629330306869366
sarampo_herpes_v_rus_igg,INDAIAL,1,1,0,0.0,0.0,0.0,,0.0
sarampo_herpes_v_rus_igg,MIRASSOL D''OESTE,1,1,0,0.0,0.0,0.0,,0.0
sarampo_herpes_v_rus_igg,SORRISO,1,1,0,0.0,0.0,0.0,0.0,0.0
sarampo_herpes_v_rus_igg,VARZEA GRANDE,2,2,0,0.0,0.0,0.0,0.0,0.0
sarampo_herpes_v_rus_igm,CHAPADA DOS GUIMARAES,1,1,0,0.0,0.0,0.0,0.0,0.03629330306869366
sarampo_herpes_v_rus_igm,INDAIAL,1,1,0,0.0,0.0,0.0,,0.0
sarampo_herpes_v_rus_igm,MIRASSOL D''OESTE,1,1,0,0.0,0.0,0.0,,0.0
sarampo_herpes_v_rus_igm,SORRISO,1,1,0,0.0,0.0,0.0,0.0,0.0
sarampo_herpes_v_rus_igm,VARZEA GRANDE,2,2,0,0.0,0.0,0.0,0.0,0.0
sarampo_igg,ALTA FLORESTA,1,1,0,0.0,0.0,0.0,0.0,0.0
sarampo_igg,ARIPUANA,1,1,0,0.0,0.0,0.0,0.0,0.05382992328265769
sarampo_igg,CACERES,1,1,1,0.0,0.0,1.0,1.1150633913537984,0.01077642877252243
sarampo_igg,CAMPO NOVO DO PARECIS,2,2,2,0.0,0.0,1.0,2.1304294103871637,0.13490000000000063
sarampo_igg,CANARANA,2,2,0,0.0,0.0,0.0,0.0,0.0
sarampo_igg,COLIDER,1,1,0,0.0,0.0,0.0,0.0,0.0
sarampo_igg,CUIABA,10,14,7,0.0,0.0,0.5333333333333333,0.1064977775762443,0.6291850693651901
sarampo_igg,JACIARA,1,1,1,0.0,0.0,1.0,3.404950798460962,0.0
sarampo_igg,LUCAS DO RIO VERDE,1,1,0,0.0,0.0,0.0,0.0,0.0
sarampo_igg,MARCELANDIA,1,1,0,0.0,0.0,0.0,0.0,0.006850390625000021
sarampo_igg,MIRASSOL D''OESTE,2,2,1,0.0,0.0,0.5,,0.1349
sarampo_igg,PONTES E LACERDA,1,1,1,0.0,0.0,1.0,1.8581834398691837,0.0
sarampo_igg,PORTO ESPERIDIAO,1,2,2,0.0,0.0,1.0,19.60015680125441,0.05470817849099111
sarampo_igg,QUERENCIA,2,2,1,0.0,0.0,0.5,1.7587674557669986,0.2698
sarampo_igg,RONDONOPOLIS,3,3,0,0.0,0.0,0.0,0.0,0.0
sarampo_igg,SAO FELIX DO ARAGUAIA,1,1,1,0.0,0.0,1.0,7.112881428266592,0.16267185388513522
sarampo_igg,SAPEZAL,1,1,0,0.0,0.0,0.0,0.0,0.0
sarampo_igg,SINOP,1,1,0,0.0,0.0,0.0,0.0,0.0
sarampo_igg,SORRISO,3,3,2,0.0,0.0,0.6666666666666666,0.5883874821248255,0.2763213562373095
sarampo_igg,TANGARA DA SERRA,6,7,2,0.0,0.0,0.3333333333333333,0.31318313070384773,0.5656854249492381
sarampo_igg,TAPURAH,2,2,2,0.0,0.0,1.0,6.841493713181524,0.1349
sarampo_igg,VARZEA GRANDE,4,5,4,0.0,0.0,0.75,0.33324668919414285,0.8182827557301444
sarampo_igm,ALTA FLORESTA,1,1,0,0.0,0.0,0.0,0.0,0.0
sarampo_igm,ARIPUANA,1,1,0,0.0,0.0,0.0,0.0,0.05382992328265769
sarampo_igm,CACERES,1,1,0,0.0,0.0,0.0,0.0,0.01077642877252243
sarampo_igm,CAMPO NOVO DO PARECIS,2,2,0,0.0,0.0,0.0,0.0,0.0
sarampo_igm,CANARANA,2,2,0,0.0,0.0,0.0,0.0,0.0
sarampo_igm,COLIDER,1,1,0,0.0,0.0,0.0,0.0,0.0
sarampo_igm,CUIABA,10,14,2,0.0,0.0,0.2,0.03139944641582092,0.8105782371462913
sarampo_igm,JACIARA,1,1,0,0.0,0.0,0.0,0.0,0.0
sarampo_igm,LUCAS DO RIO VERDE,1,1,0,0.0,0.0,0.0,0.0,0.0
sarampo_igm,MARCELANDIA,1,1,1,0.0,0.0,1.0,8.697921196833956,0.006850390625000021
sarampo_igm,MIRASSOL D''OESTE,2,2,0,0.0,0.0,0.0,,0.0
sarampo_igm,PONTES E LACERDA,1,1,0,0.0,0.0,0.0,0.0,0.0
sarampo_igm,PORTO ESPERIDIAO,1,2,0,0.0,0.0,0.0,0.0,0.05470817849099111
sarampo_igm,QUERENCIA,2,2,0,0.0,0.0,0.0,0.0,0.0
sarampo_igm,RONDONOPOLIS,3,3,0,0.0,0.0,0.0,0.0,0.0
sarampo_igm,SAO FELIX DO ARAGUAIA,1,1,0,0.0,0.0,0.0,0.0,0.16267185388513522
sarampo_igm,SAPEZAL,1,1,0,0.0,0.0,0.0,0.0,0.0
sarampo_igm,SINOP,1,1,0,0.0,0.0,0.0,0.0,0.0
sarampo_igm,SORRISO,3,3,0,0.0,0.0,0.0,0.0,0.0
sarampo_igm,TANGARA DA SERRA,6,7,1,0.0,0.0,0.08333333333333333,0.15659156535192387,1.4534441853748632
sarampo_igm,TAPURAH,2,2,0,0.0,0.0,0.0,0.0,0.0
sarampo_igm,VARZEA GRANDE,4,5,0,0.0,0.0,0.0,0.0,0.43301270189221935
sarampo_lyme_igg,CHAPADA DOS GUIMARAES,1,1,0,0.0,0.0,0.0,0.0,0.03629330306869366
sarampo_lyme_igm,CHAPADA DOS GUIMARAES,1,1,0,0.0,0.0,0.0,0.0,0.03629330306869366
sarampo_mayaro_biologia_molecular,CACERES,4,5,0,0.0,0.0,0.0,0.0,0.4437891306647418
sarampo_mayaro_biologia_molecular,CANARANA,1,1,0,0.0,0.0,0.0,0.0,0.0
sarampo_mayaro_biologia_molecular,CUIABA,1,1,0,0.0,0.0,0.0,0.0,0.0
sarampo_mayaro_biologia_molecular,LUIZIANIA,1,2,0,0.0,0.0,0.0,,0.0
sarampo_mayaro_biologia_molecular,PONTES E LACERDA,1,1,0,0.0,0.0,0.0,0.0,0.0
sarampo_mayaro_biologia_molecular,PRIMAVERA DO LESTE,1,1,0,0.0,0.0,0.0,0.0,0.0
sarampo_mayaro_biologia_molecular,RONDONOPOLIS,1,1,0,0.0,0.0,0.0,0.0,0.0
sarampo_mayaro_biologia_molecular,VARZEA GRANDE,4,4,0,0.0,0.0,0.0,0.0,0.0
sarampo_mayaro_igm,POCONE,1,1,0,0.0,0.0,0.0,0.0,0.06830926590653164
sarampo_mayaro_igm,VARZEA GRANDE,1,1,0,0.0,0.0,0.0,0.0,0.0
sarampo_parvov_rus_b19_biologia_molecular,MIRASSOL D''OESTE,1,1,0,0.0,0.0,0.0,,0.0
sarampo_parvov_rus_b19_biologia_molecular,PONTES E LACERDA,2,2,0,0.0,0.0,0.0,0.0,0.0
sarampo_parvov_rus_b19_biologia_molecular,VARZEA GRANDE,1,1,0,0.0,0.0,0.0,0.0,0.0
sarampo_parvov_rus_b19_igg,CACERES,1,2,1,0.0,0.0,0.5,1.089716346834919,0.01077642877252243
sarampo_parvov_rus_b19_igg,CANARANA,1,2,1,0.0,0.0,0.5,3.530574777573789,0.0
sarampo_parvov_rus_b19_igg,CUIABA,1,1,0,0.0,0.0,0.0,0.0,0.0
sarampo_parvov_rus_b19_igg,INDAIAL,1,2,0,0.0,0.0,0.0,,0.0
sarampo_parvov_rus_b19_igg,JACIARA,1,3,0,0.0,0.0,0.0,0.0,0.0
sarampo_parvov_rus_b19_igg,JURUENA,2,2,1,0.0,0.0,0.5,4.971661529283086,0.3332907305743244
sarampo_parvov_rus_b19_igg,MIRASSOL D''OESTE,1,1,0,0.0,0.0,0.0,,0.0
sarampo_parvov_rus_b19_igg,PONTES E LACERDA,4,5,1,0.0,0.0,0.25,0.44833399088985326,0.6928203230275511
sarampo_parvov_rus_b19_igg,PRIMAVERA DO LESTE,8,11,0,0.0,0.0,0.0,0.0,0.3227486121839514
sarampo_parvov_rus_b19_igg,QUERENCIA,1,1,0,0.0,0.0,0.0,0.0,0.0
sarampo_parvov_rus_b19_igg,RONDONOPOLIS,1,1,0,0.0,0.0,0.0,0.0,0.0
sarampo_parvov_rus_b19_igg,SORRISO,1,1,1,0.0,0.0,1.0,0.8021497613604459,0.0
sarampo_parvov_rus_b19_igg,VARZEA GRANDE,3,3,0,0.0,0.0,0.0,0.0,0.0
sarampo_parvov_rus_b19_igm,CACERES,1,2,0,0.0,0.0,0.0,0.0,0.01077642877252243
sarampo_parvov_rus_b19_igm,CANARANA,1,2,0,0.0,0.0,0.0,0.0,0.0
sarampo_parvov_rus_b19_igm,CUIABA,1,1,0,0.0,0.0,0.0,0.0,0.0
sarampo_parvov_rus_b19_igm,INDAIAL,1,2,0,0.0,0.0,0.0,,0.0
sarampo_parvov_rus_b19_igm,JACIARA,1,3,0,0.0,0.0,0.0,0.0,0.0
sarampo_parvov_rus_b19_igm,JURUENA,2,2,0,0.0,0.0,0.0,0.0,0.0634907305743244
sarampo_parvov_rus_b19_igm,MIRASSOL D''OESTE,1,1,0,0.0,0.0,0.0,,0.0
sarampo_parvov_rus_b19_igm,PONTES E LACERDA,4,5,0,0.0,0.0,0.0,0.0,0.43301270189221935
sarampo_parvov_rus_b19_igm,PRIMAVERA DO LESTE,8,11,0,0.0,0.0,0.0,0.0,0.3227486121839514
sarampo_parvov_rus_b19_igm,QUERENCIA,1,1,0,0.0,0.0,0.0,0.0,0.0
sarampo_parvov_rus_b19_igm,RONDONOPOLIS,1,1,0,0.0,0.0,0.0,0.0,0.0
sarampo_parvov_rus_b19_igm,SORRISO,1,1,0,0.0,0.0,0.0,0.0,0.0
sarampo_parvov_rus_b19_igm,VARZEA GRANDE,1,1,0,0.0,0.0,0.0,0.0,0.0
sarampo_pesquisa_de_arbov_rus_zdc,CACERES,8,11,0,0.0,0.0,0.0,0.0,0.33352504095647384
sarampo_pesquisa_de_arbov_rus_zdc,CAMPO VERDE,1,1,0,0.0,0.0,0.0,0.0,0.0
sarampo_pesquisa_de_arbov_rus_zdc,CANARANA,1,1,0,0.0,0.0,0.0,0.0,0.0
sarampo_pesquisa_de_arbov_rus_zdc,CHAPADA DOS GUIMARAES,1,1,0,0.0,0.0,0.0,0.0,0.03629330306869366
sarampo_pesquisa_de_arbov_rus_zdc,CUIABA,2,2,0,0.0,0.0,0.0,0.0,0.0
sarampo_pesquisa_de_arbov_rus_zdc,LUCAS DO RIO VERDE,1,1,0,0.0,0.0,0.0,0.0,0.0
sarampo_pesquisa_de_arbov_rus_zdc,LUIZIANIA,1,2,0,0.0,0.0,0.0,,0.0
sarampo_pesquisa_de_arbov_rus_zdc,MIRASSOL D''OESTE,1,3,0,0.0,0.0,0.0,,0.0
sarampo_pesquisa_de_arbov_rus_zdc,PONTES E LACERDA,1,1,0,0.0,0.0,0.0,0.0,0.0
sarampo_pesquisa_de_arbov_rus_zdc,PRIMAVERA DO LESTE,7,12,0,0.0,0.0,0.0,0.0,0.36499819754421575
sarampo_pesquisa_de_arbov_rus_zdc,QUERENCIA,1,2,0,0.0,0.0,0.0,0.0,0.0
sarampo_pesquisa_de_arbov_rus_zdc,RONDONOPOLIS,2,3,0,0.0,0.0,0.0,0.0,0.168625
sarampo_pesquisa_de_arbov_rus_zdc,SINOP,1,1,0,0.0,0.0,0.0,,0.0
sarampo_pesquisa_de_arbov_rus_zdc,TANGARA DA SERRA,2,2,0,0.0,0.0,0.0,0.0,0.0
sarampo_pesquisa_de_arbov_rus_zdc,VARZEA GRANDE,12,16,0,0.0,0.0,0.0,0.0,0.668153104781061
sarampo_pesquisa_de_carbapenemases,VARZEA GRANDE,1,1,0,0.0,0.0,0.0,0.0,0.0
sarampo_rotav_rus,CHAPADA DOS GUIMARAES,1,1,0,0.0,0.0,0.0,0.0,0.03629330306869366
sarampo_rub_ola_biologia_molecular,ARAPUTANGA,1,1,0,0.0,0.0,0.0,0.0,0.0
sarampo_rub_ola_biologia_molecular,BARRA DO BUGRES,1,2,0,0.0,0.0,0.0,0.0,0.0017327737894144602
sarampo_rub_ola_biologia_molecular,CACERES,11,55,0,0.0,0.0,0.0,0.0,0.8539014287725224
sarampo_rub_ola_biologia_molecular,COCALINHO,1,3,0,0.0,0.0,0.0,0.0,0.15397950098536037
sarampo_rub_ola_biologia_molecular,MIRASSOL D''OESTE,2,2,0,0.0,0.0,0.0,,0.0
sarampo_rub_ola_biologia_molecular,VARZEA GRANDE,1,1,0,0.0,0.0,0.0,0.0,0.0
sarampo_rub_ola_igg,ARAPUTANGA,1,1,0,0.0,0.0,0.0,0.0,0.0
sarampo_rub_ola_igg,BARRA DO BUGRES,1,2,0,0.0,0.0,0.0,0.0,0.0017327737894144602
sarampo_rub_ola_igg,CACERES,16,25,2,0.0,0.0,0.041666666666666664,0.15567376383355985,1.8458951213648531
sarampo_rub_ola_igg,CAMPINAPOLIS,2,5,0,0.0,0.0,0.0,0.0,0.44760158009572104
sarampo_rub_ola_igg,CAMPO NOVO DO PARECIS,1,1,0,0.0,0.0,0.0,0.0,0.0
sarampo_rub_ola_igg,CAMPO VERDE,3,3,0,0.0,0.0,0.0,0.0,0.0
sarampo_rub_ola_igg,CANARANA,1,3,0,0.0,0.0,0.0,0.0,0.0
sarampo_rub_ola_igg,CHAPADA DOS GUIMARAES,2,2,1,0.0,0.0,0.5,2.569637167231987,0.30609330306869365
sarampo_rub_ola_igg,COCALINHO,2,7,0,0.0,0.0,0.0,0.0,0.32260450098536037
sarampo_rub_ola_igg,CUIABA,8,14,0,0.0,0.0,0.0,0.0,0.33725
sarampo_rub_ola_igg,DENISE,1,1,0,0.0,0.0,0.0,0.0,0.0
sarampo_rub_ola_igg,GUARANTA DO NORTE,1,1,0,0.0,0.0,0.0,0.0,0.0
sarampo_rub_ola_igg,JACIARA,1,2,0,0.0,0.0,0.0,0.0,0.0
sarampo_rub_ola_igg,JURUENA,2,6,0,0.0,0.0,0.0,0.0,0.23211573057432439
sarampo_rub_ola_igg,LUCAS DO RIO VERDE,3,3,0,0.0,0.0,0.0,0.0,0.0
sarampo_rub_ola_igg,MIRASSOL D''OESTE,2,4,2,0.0,0.0,0.3333333333333333,,0.303525
sarampo_rub_ola_igg,NOSSA SENHORA DO LIVRAMENTO,1,2,0,0.0,0.0,0.0,0.0,0.10755540540540556
sarampo_rub_ola_igg,NOVA MONTE VERDE,1,1,0,0.0,0.0,0.0,0.0,0.007011799690315371
sarampo_rub_ola_igg,PONTES E LACERDA,5,7,0,0.0,0.0,0.0,0.0,0.30618621784789735
sarampo_rub_ola_igg,PRIMAVERA DO LESTE,3,3,1,0.0,0.0,0.3333333333333333,0.34720052218958536,0.5656854249492381
sarampo_rub_ola_igg,QUERENCIA,1,1,0,0.0,0.0,0.0,0.0,0.0
sarampo_rub_ola_igg,RONDONOPOLIS,2,2,0,0.0,0.0,0.0,0.0,0.0
sarampo_rub_ola_igg,SAO JOSE DO POVO,1,2,1,0.0,0.0,0.5,36.81885125184094,0.021652551379504583
sarampo_rub_ola_igg,SINOP,1,1,0,0.0,0.0,0.0,,0.0
sarampo_rub_ola_igg,SORRISO,1,1,0,0.0,0.0,0.0,0.0,0.0
sarampo_rub_ola_igg,TANGARA DA SERRA,4,6,0,0.0,0.0,0.0,0.0,0.43301270189221935
sarampo_rub_ola_igg,TERRA NOVA DO NORTE,1,1,0,0.0,0.0,0.0,0.0,0.0
sarampo_rub_ola_igg,VARZEA GRANDE,13,29,0,0.0,0.0,0.0,0.0,0.6945716081697423
sarampo_rub_ola_igm,ARAPUTANGA,1,1,0,0.0,0.0,0.0,0.0,0.0
sarampo_rub_ola_igm,BARRA DO BUGRES,1,2,0,0.0,0.0,0.0,0.0,0.0017327737894144602
sarampo_rub_ola_igm,CACERES,16,25,0,0.0,0.0,0.0,0.0,0.8224132659113359
sarampo_rub_ola_igm,CAMPINAPOLIS,2,5,0,0.0,0.0,0.0,0.0,0.44760158009572104
sarampo_rub_ola_igm,CAMPO NOVO DO PARECIS,1,1,0,0.0,0.0,0.0,0.0,0.0
sarampo_rub_ola_igm,CAMPO VERDE,3,3,1,0.0,0.0,0.3333333333333333,0.6795370993279378,0.5656854249492381
sarampo_rub_ola_igm,CANARANA,1,3,0,0.0,0.0,0.0,0.0,0.0
sarampo_rub_ola_igm,CHAPADA DOS GUIMARAES,2,2,0,0.0,0.0,0.0,0.0,0.03629330306869366
sarampo_rub_ola_igm,COCALINHO,2,7,0,0.0,0.0,0.0,0.0,0.32260450098536037
sarampo_rub_ola_igm,CUIABA,8,14,0,0.0,0.0,0.0,0.0,0.33725
sarampo_rub_ola_igm,DENISE,1,1,0,0.0,0.0,0.0,0.0,0.0
sarampo_rub_ola_igm,GUARANTA DO NORTE,1,1,0,0.0,0.0,0.0,0.0,0.0
sarampo_rub_ola_igm,JACIARA,1,2,0,0.0,0.0,0.0,0.0,0.0
sarampo_rub_ola_igm,JURUENA,2,6,0,0.0,0.0,0.0,0.0,0.23211573057432439
sarampo_rub_ola_igm,LUCAS DO RIO VERDE,3,4,0,0.0,0.0,0.0,0.0,0.3535533905932738
sarampo_rub_ola_igm,MIRASSOL D''OESTE,2,4,0,0.0,0.0,0.0,,0.168625
sarampo_rub_ola_igm,NOSSA SENHORA DO LIVRAMENTO,1,2,0,0.0,0.0,0.0,0.0,0.10755540540540556
sarampo_rub_ola_igm,NOVA MONTE VERDE,1,1,0,0.0,0.0,0.0,0.0,0.007011799690315371
sarampo_rub_ola_igm,PONTES E LACERDA,5,7,0,0.0,0.0,0.0,0.0,0.30618621784789735
sarampo_rub_ola_igm,PRIMAVERA DO LESTE,3,3,0,0.0,0.0,0.0,0.0,0.0
sarampo_rub_ola_igm,QUERENCIA,1,1,0,0.0,0.0,0.0,0.0,0.0
sarampo_rub_ola_igm,RONDONOPOLIS,2,2,0,0.0,0.0,0.0,0.0,0.0
sarampo_rub_ola_igm,SAO JOSE DO POVO,1,2,0,0.0,0.0,0.0,0.0,0.021652551379504583
sarampo_rub_ola_igm,SINOP,1,1,0,0.0,0.0,0.0,,0.0
sarampo_rub_ola_igm,SORRISO,1,1,0,0.0,0.0,0.0,0.0,0.0
sarampo_rub_ola_igm,TANGARA DA SERRA,4,6,0,0.0,0.0,0.0,0.0,0.43301270189221935
sarampo_rub_ola_igm,TERRA NOVA DO NORTE,1,1,0,0.0,0.0,0.0,0.0,0.0
sarampo_rub_ola_igm,VARZEA GRANDE,13,29,0,0.0,0.0,0.0,0.0,0.6945716081697423
sarampo_sarampo_biologia_molecular,ALTO GARCAS,2,3,0,0.0,0.0,0.0,0.0,0.168625
sarampo_sarampo_biologia_molecular,ARAPUTANGA,1,3,0,0.0,0.0,0.0,0.0,0.0
sarampo_sarampo_biologia_molecular,BARRA DO BUGRES,1,5,0,0.0,0.0,0.0,0.0,0.0017327737894144602
sarampo_sarampo_biologia_molecular,CACERES,14,68,0,0.0,0.0,0.0,0.0,0.34802642877252243
sarampo_sarampo_biologia_molecular,CAMPINAPOLIS,3,6,0,0.0,0.0,0.0,0.0,0.27897658009572107
sarampo_sarampo_biologia_molecular,CAMPO NOVO DO PARECIS,1,2,0,0.0,0.0,0.0,0.0,0.0
sarampo_sarampo_biologia_molecular,CAMPO VERDE,6,16,0,0.0,0.0,0.0,0.0,0.5590169943749475
sarampo_sarampo_biologia_molecular,CANARANA,1,4,0,0.0,0.0,0.0,0.0,0.0
sarampo_sarampo_biologia_molecular,CHAPADA DOS GUIMARAES,2,6,0,0.0,0.0,0.0,0.0,0.03629330306869366
sarampo_sarampo_biologia_molecular,COCALINHO,1,3,0,0.0,0.0,0.0,0.0,0.15397950098536037
sarampo_sarampo_biologia_molecular,CUIABA,13,45,0,0.0,0.0,0.0,0.0,1.25
sarampo_sarampo_biologia_molecular,DENISE,2,7,0,0.0,0.0,0.0,0.0,0.168625
sarampo_sarampo_biologia_molecular,DIAMANTINO,1,4,0,0.0,0.0,0.0,0.0,0.0
sarampo_sarampo_biologia_molecular,DOM AQUINO,1,2,0,0.0,0.0,0.0,0.0,0.0
sarampo_sarampo_biologia_molecular,GUARANTA DO NORTE,3,5,0,0.0,0.0,0.0,0.0,0.17677669529663684
sarampo_sarampo_biologia_molecular,INDAIAL,1,3,0,0.0,0.0,0.0,,0.0
sarampo_sarampo_biologia_molecular,JACIARA,1,6,0,0.0,0.0,0.0,0.0,0.0
sarampo_sarampo_biologia_molecular,JUARA,1,4,0,0.0,0.0,0.0,0.0,0.0
sarampo_sarampo_biologia_molecular,JUINA,3,9,0,0.0,0.0,0.0,0.0,0.17677669529663687
sarampo_sarampo_biologia_molecular,JURUENA,2,2,0,0.0,0.0,0.0,0.0,0.0634907305743244
sarampo_sarampo_biologia_molecular,LUCAS DO RIO VERDE,2,3,0,0.0,0.0,0.0,0.0,0.168625
sarampo_sarampo_biologia_molecular,LUIZIANIA,1,2,0,0.0,0.0,0.0,,0.0
sarampo_sarampo_biologia_molecular,MATUPA,3,9,0,0.0,0.0,0.0,0.0,0.35355339059327373
sarampo_sarampo_biologia_molecular,MIRASSOL D''OESTE,5,13,0,0.0,0.0,0.0,,0.505875
sarampo_sarampo_biologia_molecular,NORTELANDIA,1,3,0,0.0,0.0,0.0,0.0,0.0
sarampo_sarampo_biologia_molecular,NOSSA SENHORA DO LIVRAMENTO,2,3,0,0.0,0.0,0.0,0.0,0.27618040540540556
sarampo_sarampo_biologia_molecular,NOVA BANDEIRANTES,1,1,0,0.0,0.0,0.0,0.0,0.027430046452702812
sarampo_sarampo_biologia_molecular,NOVA MONTE VERDE,1,2,0,0.0,0.0,0.0,0.0,0.007011799690315371
sarampo_sarampo_biologia_molecular,NOVA MUTUM,5,12,0,0.0,0.0,0.0,0.0,0.5
sarampo_sarampo_biologia_molecular,NOVA NAZARE,1,1,0,0.0,0.0,0.0,0.0,0.12084791666666697
sarampo_sarampo_biologia_molecular,NOVA XAVANTINA,1,3,0,0.0,0.0,0.0,0.0,0.0
sarampo_sarampo_biologia_molecular,NOVO SAO JOAQUIM,1,1,0,0.0,0.0,0.0,0.0,0.04090770340653165
sarampo_sarampo_biologia_molecular,PALMEIRAS DE GOIAS,1,1,0,0.0,0.0,0.0,,0.0
sarampo_sarampo_biologia_molecular,PARANATINGA,1,2,0,0.0,0.0,0.0,0.0,0.02608180602477483
sarampo_sarampo_biologia_molecular,POCONE,1,2,0,0.0,0.0,0.0,0.0,0.06830926590653164
sarampo_sarampo_biologia_molecular,PONTES E LACERDA,6,15,0,0.0,0.0,0.0,0.0,0.505875
sarampo_sarampo_biologia_molecular,PRIMAVERA DO LESTE,9,49,0,0.0,0.0,0.0,0.0,1.25
sarampo_sarampo_biologia_molecular,QUERENCIA,4,5,0,0.0,0.0,0.0,0.0,0.43301270189221935
sarampo_sarampo_biologia_molecular,RONDONOPOLIS,3,9,0,0.0,0.0,0.0,0.0,0.168625
sarampo_sarampo_biologia_molecular,SANTA FE,1,2,0,0.0,0.0,0.0,,0.0
sarampo_sarampo_biologia_molecular,SANTO ANTONIO DO LEVERGER,1,5,0,0.0,0.0,0.0,0.0,0.07961264780405415
sarampo_sarampo_biologia_molecular,SAO JOSE DO POVO,3,12,0,0.0,0.0,0.0,0.0,0.19027755137950458
sarampo_sarampo_biologia_molecular,SINOP,5,11,0,0.0,0.0,0.0,0.0,0.45927932677184585
sarampo_sarampo_biologia_molecular,SORRISO,7,11,0,0.0,0.0,0.0,0.0,0.49029033784546006
sarampo_sarampo_biologia_molecular,TANGARA DA SERRA,1,2,0,0.0,0.0,0.0,0.0,0.0
sarampo_sarampo_biologia_molecular,TERRA NOVA DO NORTE,1,1,0,0.0,0.0,0.0,0.0,0.0
sarampo_sarampo_biologia_molecular,VARZEA GRANDE,19,92,0,0.0,0.0,0.0,0.0,1.25
sarampo_sarampo_biologia_molecular,VILHENA,1,2,0,0.0,0.0,0.0,,0.0
sarampo_sarampo_igg,ALTA FLORESTA,1,1,0,0.0,0.0,0.0,0.0,0.0
sarampo_sarampo_igg,ALTO GARCAS,2,3,1,0.0,0.0,0.25,3.5826884494124394,0.43842499999999995
sarampo_sarampo_igg,ARAPUTANGA,1,2,0,0.0,0.0,0.0,0.0,0.0
sarampo_sarampo_igg,BARRA DO BUGRES,1,2,0,0.0,0.0,0.0,0.0,0.0017327737894144602
sarampo_sarampo_igg,BARRA DO GARCAS,1,1,0,0.0,0.0,0.0,,0.0
sarampo_sarampo_igg,CACERES,16,25,0,0.0,0.0,0.0,0.0,0.5210064216867878
sarampo_sarampo_igg,CAMPINAPOLIS,5,6,0,0.0,0.0,0.0,0.0,0.778976580095721
sarampo_sarampo_igg,CAMPO GRANDE,1,1,0,0.0,0.0,0.0,,0.0
sarampo_sarampo_igg,CAMPO NOVO DO PARECIS,3,4,0,0.0,0.0,0.0,0.0,0.3535533905932738
sarampo_sarampo_igg,CAMPO VERDE,8,16,0,0.0,0.0,0.0,0.0,1.180375
sarampo_sarampo_igg,CANARANA,1,2,0,0.0,0.0,0.0,0.0,0.0
sarampo_sarampo_igg,CHAPADA DOS GUIMARAES,6,8,1,0.0,0.0,0.08333333333333333,0.8565457224106624,1.2842738846618833
sarampo_sarampo_igg,COCALINHO,2,6,0,0.0,0.0,0.0,0.0,0.15397950098536037
sarampo_sarampo_igg,CUIABA,19,43,0,0.0,0.0,0.0,0.0,0.6745
sarampo_sarampo_igg,DENISE,1,1,0,0.0,0.0,0.0,0.0,0.0
sarampo_sarampo_igg,DIAMANTINO,1,1,0,0.0,0.0,0.0,0.0,0.0
sarampo_sarampo_igg,DOM AQUINO,2,2,0,0.0,0.0,0.0,0.0,0.0
sarampo_sarampo_igg,GENERAL CARNEIRO,1,6,0,0.0,0.0,0.0,0.0,0.0818533854166666
sarampo_sarampo_igg,GOIANIA,1,1,0,0.0,0.0,0.0,,0.0
sarampo_sarampo_igg,GUARANTA DO NORTE,5,6,0,0.0,0.0,0.0,0.0,0.5
sarampo_sarampo_igg,INDAIAL,1,2,0,0.0,0.0,0.0,,0.0
sarampo_sarampo_igg,JACIARA,1,3,0,0.0,0.0,0.0,0.0,0.0
sarampo_sarampo_igg,JUARA,1,2,0,0.0,0.0,0.0,0.0,0.0
sarampo_sarampo_igg,JUINA,2,3,0,0.0,0.0,0.0,0.0,0.168625
sarampo_sarampo_igg,JURUENA,2,6,0,0.0,0.0,0.0,0.0,0.23211573057432439
sarampo_sarampo_igg,LUCAS DO RIO VERDE,6,16,0,0.0,0.0,0.0,0.0,1.25
sarampo_sarampo_igg,LUIZIANIA,1,2,0,0.0,0.0,0.0,,0.0
sarampo_sarampo_igg,MARCELANDIA,1,3,0,0.0,0.0,0.0,0.0,0.006850390625000021
sarampo_sarampo_igg,MATUPA,3,9,0,0.0,0.0,0.0,0.0,0.6745
sarampo_sarampo_igg,MIRASSOL D''OESTE,6,10,0,0.0,0.0,0.0,,0.5276448530110863
sarampo_sarampo_igg,NORTELANDIA,1,1,0,0.0,0.0,0.0,0.0,0.0
sarampo_sarampo_igg,NOSSA SENHORA DO LIVRAMENTO,2,2,0,0.0,0.0,0.0,0.0,0.10755540540540556
sarampo_sarampo_igg,NOVA BANDEIRANTES,1,1,0,0.0,0.0,0.0,0.0,0.027430046452702812
sarampo_sarampo_igg,NOVA MARILANDIA,1,1,0,0.0,0.0,0.0,0.0,0.0
sarampo_sarampo_igg,NOVA MONTE VERDE,1,3,0,0.0,0.0,0.0,0.0,0.007011799690315371
sarampo_sarampo_igg,NOVA MUTUM,7,8,0,0.0,0.0,0.0,0.0,0.6123724356957946
sarampo_sarampo_igg,NOVA NAZARE,1,1,0,0.0,0.0,0.0,0.0,0.12084791666666697
sarampo_sarampo_igg,NOVA SANTA HELENA,1,1,0,0.0,0.0,0.0,0.0,0.0
sarampo_sarampo_igg,NOVA XAVANTINA,1,2,0,0.0,0.0,0.0,0.0,0.0
sarampo_sarampo_igg,PALMEIRAS DE GOIAS,1,1,0,0.0,0.0,0.0,,0.0
sarampo_sarampo_igg,PARANATINGA,1,1,0,0.0,0.0,0.0,0.0,0.02608180602477483
sarampo_sarampo_igg,POCONE,1,2,0,0.0,0.0,0.0,0.0,0.06830926590653164
sarampo_sarampo_igg,PONTA PORA,1,1,0,0.0,0.0,0.0,,0.0
sarampo_sarampo_igg,PONTES E LACERDA,7,9,0,0.0,0.0,0.0,0.0,0.39528470752104733
sarampo_sarampo_igg,PRIMAVERA DO LESTE,12,34,3,0.0,0.0,0.045238095238095244,0.2840731545187517,1.3727387238449045
sarampo_sarampo_igg,QUERENCIA,4,5,0,0.0,0.0,0.0,0.0,0.43301270189221935
sarampo_sarampo_igg,RONDONOPOLIS,11,15,0,0.0,0.0,0.0,0.0,0.6363961030678928
sarampo_sarampo_igg,SANTA FE,1,1,0,0.0,0.0,0.0,,0.0
sarampo_sarampo_igg,SANTO ANTONIO DO LEVERGER,2,4,0,0.0,0.0,0.0,0.0,0.24823764780405416
sarampo_sarampo_igg,SAO JOSE DO POVO,4,8,0,0.0,0.0,0.0,0.0,0.8647775513795046
sarampo_sarampo_igg,SAO JOSE DO XINGU,1,1,0,0.0,0.0,0.0,0.0,0.10040118595157664
sarampo_sarampo_igg,SAPEZAL,1,1,0,0.0,0.0,0.0,0.0,0.0
sarampo_sarampo_igg,SINOP,7,10,0,0.0,0.0,0.0,0.0,0.5393193716300061
sarampo_sarampo_igg,SORRISO,8,8,0,0.0,0.0,0.0,0.0,0.0
sarampo_sarampo_igg,TANGARA DA SERRA,4,25,0,0.0,0.0,0.0,0.0,1.25
sarampo_sarampo_igg,TERRA NOVA DO NORTE,1,1,0,0.0,0.0,0.0,0.0,0.0
sarampo_sarampo_igg,VARZEA GRANDE,24,56,1,0.0,0.0,0.008333333333333333,0.018444487809484673,1.9904922774490401
sarampo_sarampo_igg,VILHENA,1,1,0,0.0,0.0,0.0,,0.0
sarampo_sarampo_igm,ALTA FLORESTA,1,1,0,0.0,0.0,0.0,0.0,0.0
sarampo_sarampo_igm,ALTO GARCAS,2,3,0,0.0,0.0,0.0,0.0,0.168625
sarampo_sarampo_igm,ARAPUTANGA,1,2,0,0.0,0.0,0.0,0.0,0.0
sarampo_sarampo_igm,BARRA DO BUGRES,1,2,0,0.0,0.0,0.0,0.0,0.0017327737894144602
sarampo_sarampo_igm,BARRA DO GARCAS,1,1,0,0.0,0.0,0.0,,0.0
sarampo_sarampo_igm,CACERES,16,25,0,0.0,0.0,0.0,0.0,0.5210064216867878
sarampo_sarampo_igm,CAMPINAPOLIS,5,6,0,0.0,0.0,0.0,0.0,0.778976580095721
sarampo_sarampo_igm,CAMPO GRANDE,1,1,0,0.0,0.0,0.0,,0.0
sarampo_sarampo_igm,CAMPO NOVO DO PARECIS,3,4,0,0.0,0.0,0.0,0.0,0.3535533905932738
sarampo_sarampo_igm,CAMPO VERDE,8,16,1,0.0,0.0,0.125,0.29123018542625906,1.180375
sarampo_sarampo_igm,CANARANA,1,2,0,0.0,0.0,0.0,0.0,0.0
sarampo_sarampo_igm,CHAPADA DOS GUIMARAES,6,8,1,0.0,0.0,0.08333333333333333,0.8565457224106624,1.2842738846618833
sarampo_sarampo_igm,COCALINHO,2,6,0,0.0,0.0,0.0,0.0,0.15397950098536037
sarampo_sarampo_igm,CUIABA,19,43,1,0.0,0.0,0.02631578947368421,0.008029709926728896,1.6731492625473892
sarampo_sarampo_igm,DENISE,1,1,0,0.0,0.0,0.0,0.0,0.0
sarampo_sarampo_igm,DIAMANTINO,1,1,0,0.0,0.0,0.0,0.0,0.0
sarampo_sarampo_igm,DOM AQUINO,2,2,0,0.0,0.0,0.0,0.0,0.0
sarampo_sarampo_igm,GENERAL CARNEIRO,1,6,0,0.0,0.0,0.0,0.0,0.0818533854166666
sarampo_sarampo_igm,GOIANIA,1,1,0,0.0,0.0,0.0,,0.0
sarampo_sarampo_igm,GUARANTA DO NORTE,5,6,0,0.0,0.0,0.0,0.0,0.5
sarampo_sarampo_igm,INDAIAL,1,2,0,0.0,0.0,0.0,,0.0
sarampo_sarampo_igm,JACIARA,1,3,0,0.0,0.0,0.0,0.0,0.0
sarampo_sarampo_igm,JUARA,1,2,0,0.0,0.0,0.0,0.0,0.0
sarampo_sarampo_igm,JUINA,2,3,0,0.0,0.0,0.0,0.0,0.168625
sarampo_sarampo_igm,JURUENA,2,6,0,0.0,0.0,0.0,0.0,0.23211573057432439
sarampo_sarampo_igm,LUCAS DO RIO VERDE,6,16,0,0.0,0.0,0.0,0.0,1.25
sarampo_sarampo_igm,LUIZIANIA,2,2,0,0.0,0.0,0.0,,0.0
sarampo_sarampo_igm,MARCELANDIA,1,3,0,0.0,0.0,0.0,0.0,0.006850390625000021
sarampo_sarampo_igm,MATUPA,3,9,0,0.0,0.0,0.0,0.0,0.6745
sarampo_sarampo_igm,MIRASSOL D''OESTE,6,11,0,0.0,0.0,0.0,,0.5413127381832802
sarampo_sarampo_igm,NORTELANDIA,1,1,0,0.0,0.0,0.0,0.0,0.0
sarampo_sarampo_igm,NOSSA SENHORA DO LIVRAMENTO,2,2,0,0.0,0.0,0.0,0.0,0.10755540540540556
sarampo_sarampo_igm,NOVA BANDEIRANTES,1,1,0,0.0,0.0,0.0,0.0,0.027430046452702812
sarampo_sarampo_igm,NOVA MARILANDIA,1,1,0,0.0,0.0,0.0,0.0,0.0
sarampo_sarampo_igm,NOVA MONTE VERDE,1,3,0,0.0,0.0,0.0,0.0,0.007011799690315371
sarampo_sarampo_igm,NOVA MUTUM,7,8,0,0.0,0.0,0.0,0.0,0.6123724356957946
sarampo_sarampo_igm,NOVA NAZARE,1,1,0,0.0,0.0,0.0,0.0,0.12084791666666697
sarampo_sarampo_igm,NOVA SANTA HELENA,1,1,0,0.0,0.0,0.0,0.0,0.0
sarampo_sarampo_igm,NOVA XAVANTINA,1,2,0,0.0,0.0,0.0,0.0,0.0
sarampo_sarampo_igm,PALMEIRAS DE GOIAS,1,1,0,0.0,0.0,0.0,,0.0
sarampo_sarampo_igm,PARANATINGA,1,1,0,0.0,0.0,0.0,0.0,0.02608180602477483
sarampo_sarampo_igm,POCONE,1,2,0,0.0,0.0,0.0,0.0,0.06830926590653164
sarampo_sarampo_igm,PONTA PORA,1,1,0,0.0,0.0,0.0,,0.0
sarampo_sarampo_igm,PONTES E LACERDA,7,9,0,0.0,0.0,0.0,0.0,0.39528470752104733
sarampo_sarampo_igm,PRIMAVERA DO LESTE,12,34,3,0.0,0.0,0.024999999999999998,0.2840731545187517,1.923802195779516
sarampo_sarampo_igm,QUERENCIA,3,5,0,0.0,0.0,0.0,0.0,0.17677669529663684
sarampo_sarampo_igm,RONDONOPOLIS,11,17,0,0.0,0.0,0.0,0.0,0.6889189901577688
sarampo_sarampo_igm,SANTA FE,1,1,0,0.0,0.0,0.0,,0.0
sarampo_sarampo_igm,SANTO ANTONIO DO LEVERGER,2,4,0,0.0,0.0,0.0,0.0,0.24823764780405416
sarampo_sarampo_igm,SAO JOSE DO POVO,4,8,0,0.0,0.0,0.0,0.0,0.8647775513795046
sarampo_sarampo_igm,SAO JOSE DO XINGU,1,1,0,0.0,0.0,0.0,0.0,0.10040118595157664
sarampo_sarampo_igm,SAPEZAL,1,1,0,0.0,0.0,0.0,0.0,0.0
sarampo_sarampo_igm,SINOP,7,11,0,0.0,0.0,0.0,0.0,0.4902903378454601
sarampo_sarampo_igm,SORRISO,7,8,0,0.0,0.0,0.0,0.0,0.6123724356957946
sarampo_sarampo_igm,TANGARA DA SERRA,4,25,0,0.0,0.0,0.0,0.0,1.25
sarampo_sarampo_igm,TERRA NOVA DO NORTE,1,1,0,0.0,0.0,0.0,0.0,0.0
sarampo_sarampo_igm,VARZEA GRANDE,24,56,0,0.0,0.0,0.0,0.0,1.0987983707358564
sarampo_sarampo_igm,VILHENA,1,1,0,0.0,0.0,0.0,,0.0
sarampo_toxoplasmose_igg,VARZEA GRANDE,1,1,0,0.0,0.0,0.0,0.0,0.0
sarampo_toxoplasmose_igm,VARZEA GRANDE,1,1,0,0.0,0.0,0.0,0.0,0.0
sarampo_v_rus_respirat_rios,CACERES,8,10,0,0.0,0.0,0.0,0.0,0.4437891306647418
sarampo_v_rus_respirat_rios,CAMPINAPOLIS,1,1,0,0.0,0.0,0.0,0.0,0.27897658009572107
sarampo_v_rus_respirat_rios,MATUPA,1,2,0,0.0,0.0,0.0,,0.0
sarampo_v_rus_respirat_rios,MIRASSOL D''OESTE,3,5,0,0.0,0.0,0.0,,0.35355339059327373
sarampo_v_rus_respirat_rios,NOVA MONTE VERDE,1,1,0,0.0,0.0,0.0,0.0,0.007011799690315371
sarampo_v_rus_respirat_rios,PRIMAVERA DO LESTE,2,3,0,0.0,0.0,0.0,0.0,0.168625
sarampo_v_rus_respirat_rios,QUERENCIA,1,1,0,0.0,0.0,0.0,0.0,0.0
sarampo_v_rus_respirat_rios,VARZEA GRANDE,8,11,0,0.0,0.0,0.0,0.0,0.5837172315870185
sarampo_var_ola,CUIABA,1,1,0,0.0,0.0,0.0,0.0,0.0
sarampo_var_ola,INDAIAL,2,2,0,0.0,0.0,0.0,,0.0
sarampo_var_ola,MIRASSOL D''OESTE,2,4,0,0.0,0.0,0.0,,0.0
sarampo_varicela_biologia_molecular,BARRA DO BUGRES,1,2,0,0.0,0.0,0.0,0.0,0.0017327737894144602
sarampo_varicela_biologia_molecular,CACERES,2,2,0,0.0,0.0,0.0,0.0,0.01077642877252243
sarampo_varicela_biologia_molecular,CUIABA,1,1,0,0.0,0.0,0.0,0.0,0.0
sarampo_varicela_biologia_molecular,MIRASSOL D''OESTE,2,4,0,0.0,0.0,0.0,,0.0
sarampo_varicela_biologia_molecular,SORRISO,1,1,0,0.0,0.0,0.0,0.0,0.0
sarampo_varicela_biologia_molecular,VARZEA GRANDE,1,1,0,0.0,0.0,0.0,,0.0
sarampo_varicela_zoster_biologia_molecular,CACERES,2,2,0,0.0,0.0,0.0,0.0,0.01077642877252243
sarampo_varicela_zoster_biologia_molecular,CUIABA,1,1,0,0.0,0.0,0.0,0.0,0.0
sarampo_varicela_zoster_biologia_molecular,INDAIAL,2,2,0,0.0,0.0,0.0,,0.0
sarampo_varicela_zoster_biologia_molecular,MIRASSOL D''OESTE,2,3,0,0.0,0.0,0.0,,0.168625
sarampo_varicela_zoster_biologia_molecular,VARZEA GRANDE,1,1,0,0.0,0.0,0.0,,0.0
sars_cov_2,ABADIA DE GOIAS,2,3,1,0.0,0.0,0.25,,0.303525
sars_cov_2,ABADIANIA,5,5,1,0.0,0.0,0.2,,0.39999999999999997
sars_cov_2,ABAETETUBA,3,3,2,0.0,0.0,0.6666666666666666,,0.14142135623730953
sars_cov_2,ACAILANDIA,13,14,5,0.0,0.0,0.3076923076923077,,1.1660254037844386
sars_cov_2,ACORIZAL,67,541,141,0.0,0.0,0.22042586277915052,40.45773756592426,2.4868831623443297
sars_cov_2,ACRELANDIA,2,2,2,0.0,0.0,1.0,,0.0
sars_cov_2,ACREUNA,2,2,1,0.0,0.0,0.5,,0.1349
sars_cov_2,ADAMANTINA,2,2,2,0.0,0.0,1.0,,0.0
sars_cov_2,ADELANDIA,1,1,0,0.0,0.0,0.0,,0.0
sars_cov_2,ADOLFO,1,1,0,0.0,0.0,0.0,,0.0
sars_cov_2,AFONSO BEZERRA,1,1,0,0.0,0.0,0.0,,0.0
sars_cov_2,AFONSO CLAUDIO,1,2,0,0.0,0.0,0.0,,0.0
sars_cov_2,AGRONOMICA,1,2,1,0.0,0.0,0.5,,0.0
sars_cov_2,AGUA AZUL DO NORTE,1,1,0,0.0,0.0,0.0,,0.0
sars_cov_2,AGUA BOA,102,5420,2348,0.0,0.0,0.22582146948895462,95.54076431087704,2.592031400946426
sars_cov_2,AGUA BRANCA,1,1,1,0.0,0.0,1.0,,0.0
sars_cov_2,AGUA CLARA,3,3,1,0.0,0.0,0.3333333333333333,,0.28284271247461906
sars_cov_2,AGUA DOCE DO NORTE,2,2,1,0.0,0.0,0.5,,0.1349
sars_cov_2,AGUA FRIA DE GOIAS,1,1,1,0.0,0.0,1.0,,0.0
sars_cov_2,AGUA LIMPA,1,1,0,0.0,0.0,0.0,,0.0
sars_cov_2,AGUA PRETA,1,1,0,0.0,0.0,0.0,,0.0
sars_cov_2,AGUAI,2,2,0,0.0,0.0,0.0,,0.0
sars_cov_2,AGUAS DE SANTA BARBARA,1,1,0,0.0,0.0,0.0,,0.0
sars_cov_2,AGUAS LINDAS DE GOIAS,2,2,1,0.0,0.0,0.5,,0.1349
sars_cov_2,ALAGOA GRANDE,1,1,0,0.0,0.0,0.0,,0.0
sars_cov_2,ALAGOINHAS,5,6,2,0.0,0.0,0.3,,0.6
sars_cov_2,ALCANTARAS,1,1,1,0.0,0.0,1.0,,0.0
sars_cov_2,ALCINOPOLIS,4,4,1,0.0,0.0,0.25,,0.3464101615137755
sars_cov_2,ALDEIAS ALTAS,1,1,0,0.0,0.0,0.0,,0.0
sars_cov_2,ALEGRETE,1,2,1,0.0,0.0,0.5,,0.0
sars_cov_2,ALEGRETE DO PIAUI,2,3,0,0.0,0.0,0.0,,0.168625
sars_cov_2,ALENQUER,3,3,0,0.0,0.0,0.0,,0.0
sars_cov_2,ALEXANIA,1,1,1,0.0,0.0,1.0,,0.0
sars_cov_2,ALFENAS,3,3,0,0.0,0.0,0.0,,0.0
sars_cov_2,ALIANCA DO TOCANTINS,1,1,0,0.0,0.0,0.0,,0.0
sars_cov_2,ALMEIRIM,1,1,1,0.0,0.0,1.0,,0.0
sars_cov_2,ALMIRANTE TAMANDARE,2,2,2,0.0,0.0,1.0,,0.0
sars_cov_2,ALPINOPOLIS,2,2,0,0.0,0.0,0.0,,0.0
sars_cov_2,ALTA FLORESTA,111,16757,9600,0.0,0.0,0.38760237643225404,164.55332552266273,1.8851357377479352
sars_cov_2,ALTA FLORESTA D''OESTE,10,11,4,0.0,0.0,0.35,,0.8166666666666667
sars_cov_2,ALTAMIRA,23,36,20,0.0,0.0,0.5615942028985507,,0.6948083337796512
sars_cov_2,ALTAMIRA DO PARANA,1,1,1,0.0,0.0,1.0,,0.0
sars_cov_2,ALTO ALEGRE,1,1,0,0.0,0.0,0.0,,0.0
sars_cov_2,ALTO ALEGRE DO PINDARE,5,8,2,0.0,0.0,0.2,,0.6041241452319315
sars_cov_2,ALTO ALEGRE DOS PARECIS,2,2,0,0.0,0.0,0.0,,0.0
sars_cov_2,ALTO ARAGUAIA,48,1796,770,0.0,0.0,0.2950162008856026,89.88997757080328,2.050400037450851
sars_cov_2,ALTO BOA VISTA,13,15,1,0.0,0.0,0.07692307692307693,1.0846457546965163,1.5835851280370838
sars_cov_2,ALTO GARCAS,33,103,38,0.0,0.0,0.2602811330084058,9.918063778436462,2.518018064097192
sars_cov_2,ALTO HORIZONTE,2,2,0,0.0,0.0,0.0,,0.0
sars_cov_2,ALTO PARAGUAI,77,1050,389,0.0,0.0,0.1607965453608476,51.22549884329215,2.793157546769409
sars_cov_2,ALTO PARAISO,6,6,4,0.0,0.0,0.6666666666666666,,0.14142135623730953
sars_cov_2,ALTO PARANA,1,1,1,0.0,0.0,1.0,,0.0
sars_cov_2,ALTO PARNAIBA,1,1,1,0.0,0.0,1.0,,0.0
sars_cov_2,ALTO PIQUIRI,2,2,1,0.0,0.0,0.5,,0.1349
sars_cov_2,ALTO RIO DOCE,1,1,0,0.0,0.0,0.0,,0.0
sars_cov_2,ALTO TAQUARI,38,806,299,0.0,0.0,0.29684422550453055,68.99643540997583,2.408941584158416
sars_cov_2,ALVARES MACHADO,1,2,0,0.0,0.0,0.0,,0.0
sars_cov_2,ALVORADA D''OESTE,5,5,2,0.0,0.0,0.4,,0.2449489742783178
sars_cov_2,ALVORADA DO SUL,1,1,1,0.0,0.0,1.0,,0.0
sars_cov_2,AMAJARI,1,2,0,0.0,0.0,0.0,,0.0
sars_cov_2,AMAMBAI,3,5,3,0.0,0.0,0.5,,0.31167669529663683
sars_cov_2,AMAPORA,2,2,1,0.0,0.0,0.5,,0.1349
sars_cov_2,AMARAJI,2,2,0,0.0,0.0,0.0,,0.0
sars_cov_2,AMARANTE,2,2,1,0.0,0.0,0.5,,0.1349
sars_cov_2,AMATURA,1,1,1,0.0,0.0,1.0,,0.0
sars_cov_2,AMERICA DOURADA,2,2,2,0.0,0.0,1.0,,0.0
sars_cov_2,AMERICANA,6,6,3,0.0,0.0,0.5,,0.1349
sars_cov_2,AMERICANO DO BRASIL,1,1,0,0.0,0.0,0.0,,0.0
sars_cov_2,AMERICO BRASILIENSE,1,1,0,0.0,0.0,0.0,,0.0
sars_cov_2,AMORINOPOLIS,1,1,1,0.0,0.0,1.0,,0.0
sars_cov_2,AMPARO,2,2,1,0.0,0.0,0.5,,0.1349
sars_cov_2,AMPERE,1,1,1,0.0,0.0,1.0,,0.0
sars_cov_2,ANADIA,2,2,2,0.0,0.0,1.0,,0.0
sars_cov_2,ANANINDEUA,12,15,3,0.0,0.0,0.13888888888888887,,1.0671545856458995
sars_cov_2,ANAPOLIS,19,31,9,0.0,0.0,0.2263157894736842,,1.1480711426765806
sars_cov_2,ANAPU,1,1,0,0.0,0.0,0.0,,0.0
sars_cov_2,ANASTACIO,2,2,1,0.0,0.0,0.5,,0.1349
sars_cov_2,ANDRADINA,4,5,4,0.0,0.0,0.75,,0.5484827557301445
sars_cov_2,ANGICAL,1,1,0,0.0,0.0,0.0,,0.0
sars_cov_2,ANICUNS,1,1,0,0.0,0.0,0.0,,0.0
sars_cov_2,ANTONIO DIAS,2,2,0,0.0,0.0,0.0,,0.0
sars_cov_2,ANTONIO JOAO,1,1,1,0.0,0.0,1.0,,0.0
sars_cov_2,APARECIDA D''OESTE,2,2,1,0.0,0.0,0.5,,0.1349
sars_cov_2,APARECIDA DE GOIANIA,28,51,17,0.0,0.0,0.34523809523809523,,0.925965910908861
sars_cov_2,APARECIDA DO RIO DOCE,2,2,1,0.0,0.0,0.5,,0.1349
sars_cov_2,APARECIDA DO RIO NEGRO,1,1,0,0.0,0.0,0.0,,0.0
sars_cov_2,APARECIDA DO TABOADO,4,6,6,0.0,0.0,1.0,,0.168625
sars_cov_2,APERIBE,1,1,1,0.0,0.0,1.0,,0.0
sars_cov_2,APIACAS,84,2841,1562,0.0,0.0,0.33740634045107815,183.72355428054564,2.6263018303641577
sars_cov_2,APUAREMA,1,1,0,0.0,0.0,0.0,,0.0
sars_cov_2,APUCARANA,7,7,2,0.0,0.0,0.2857142857142857,,0.31622776601683794
sars_cov_2,APUI,6,7,3,0.0,0.0,0.5,,0.5590169943749475
sars_cov_2,AQUIDABA,1,1,0,0.0,0.0,0.0,,0.0
sars_cov_2,AQUIDAUANA,4,4,1,0.0,0.0,0.25,,0.3464101615137755
sars_cov_2,ARACAJU,8,9,4,0.0,0.0,0.4375,,0.7963378277661476
sars_cov_2,ARACATUBA,12,14,3,0.0,0.0,0.19444444444444445,,0.9038997068640435
sars_cov_2,ARACOIABA,2,2,0,0.0,0.0,0.0,,0.0
sars_cov_2,ARACOIABA DA SERRA,3,4,1,0.0,0.0,0.16666666666666666,,0.6363961030678928
sars_cov_2,ARACRUZ,3,3,1,0.0,0.0,0.3333333333333333,,0.28284271247461906
sars_cov_2,ARACU,1,1,0,0.0,0.0,0.0,,0.0
sars_cov_2,ARACUAI,2,3,0,0.0,0.0,0.0,,0.168625
sars_cov_2,ARAGARCAS,32,55,20,0.0,0.0,0.3072916666666667,,0.7501914031014814
sars_cov_2,ARAGUACEMA,1,1,0,0.0,0.0,0.0,,0.0
sars_cov_2,ARAGUACU,2,2,0,0.0,0.0,0.0,,0.0
sars_cov_2,ARAGUAIANA,7,13,6,0.0,0.0,0.5714285714285714,27.07654853187831,0.37247316169683553
sars_cov_2,ARAGUAINA,5,5,2,0.0,0.0,0.4,,0.2449489742783178
sars_cov_2,ARAGUAINHA,8,14,10,0.0,0.0,0.78125,136.13861386138615,1.853535884712838
sars_cov_2,ARAGUANA,1,1,0,0.0,0.0,0.0,,0.0
sars_cov_2,ARAGUAPAZ,1,2,1,0.0,0.0,0.5,,0.0
sars_cov_2,ARAGUARI,4,4,1,0.0,0.0,0.25,,0.3464101615137755
sars_cov_2,ARAIOSES,1,2,2,0.0,0.0,1.0,,0.0
sars_cov_2,ARAL MOREIRA,1,1,0,0.0,0.0,0.0,,0.0
sars_cov_2,ARAME,3,3,2,0.0,0.0,0.6666666666666666,,0.14142135623730953
sars_cov_2,ARAPIRACA,6,7,1,0.0,0.0,0.16666666666666666,,0.5590169943749475
sars_cov_2,ARAPONGAS,6,7,2,0.0,0.0,0.3333333333333333,,0.5590169943749475
sars_cov_2,ARAPORA,1,1,0,0.0,0.0,0.0,,0.0
sars_cov_2,ARAPUTANGA,100,2198,684,0.0,0.0,0.20026081446441943,41.72781952919616,2.296098999217989
sars_cov_2,ARAQUARI,1,1,0,0.0,0.0,0.0,,0.0
sars_cov_2,ARARANGUA,2,2,1,0.0,0.0,0.5,,0.1349
sars_cov_2,ARARAQUARA,5,7,2,0.0,0.0,0.2,,0.7061862178478974
sars_cov_2,ARARAS,2,4,3,0.0,0.0,0.75,,0.1349
sars_cov_2,ARARI,1,1,0,0.0,0.0,0.0,,0.0
sars_cov_2,ARARICA,1,1,0,0.0,0.0,0.0,,0.0
sars_cov_2,ARARIPE,1,2,0,0.0,0.0,0.0,,0.0
sars_cov_2,ARARIPINA,2,2,0,0.0,0.0,0.0,,0.0
sars_cov_2,ARARUNA,2,2,1,0.0,0.0,0.5,,0.1349
sars_cov_2,ARAUCARIA,4,4,2,0.0,0.0,0.5,,0.1349
sars_cov_2,ARCOS,1,1,1,0.0,0.0,1.0,,0.0
sars_cov_2,ARCOVERDE,1,1,0,0.0,0.0,0.0,,0.0
sars_cov_2,AREIA BRANCA,1,1,1,0.0,0.0,1.0,,0.0
sars_cov_2,ARENAPOLIS,64,968,322,0.0,0.0,0.20591745508143725,53.608729362491104,2.5515060563708363
sars_cov_2,ARENOPOLIS,3,4,2,0.0,0.0,0.5,,0.3535533905932738
sars_cov_2,ARIPUANA,89,2740,487,0.0,0.0,0.12427084956747533,25.00041724368622,2.52404767967092
sars_cov_2,ARIQUEMES,27,55,12,0.0,0.0,0.1961199294532628,,0.9281939309483647
sars_cov_2,ARRAIAL DO CABO,2,2,2,0.0,0.0,1.0,,0.0
sars_cov_2,ARROIO DO SAL,1,1,0,0.0,0.0,0.0,,0.0
sars_cov_2,ARUANA,4,4,1,0.0,0.0,0.25,,0.3464101615137755
sars_cov_2,ARUJA,3,3,2,0.0,0.0,0.6666666666666666,,0.14142135623730953
sars_cov_2,ASCURRA,1,1,0,0.0,0.0,0.0,,0.0
sars_cov_2,ASSAI,2,4,1,0.0,0.0,0.25,,0.1349
sars_cov_2,ASSARE,1,1,1,0.0,0.0,1.0,,0.0
sars_cov_2,ASSIS,12,16,4,0.0,0.0,0.2916666666666667,,0.668153104781061
sars_cov_2,ASSIS CHATEAUBRIAND,4,4,2,0.0,0.0,0.5,,0.1349
sars_cov_2,ASTORGA,1,1,1,0.0,0.0,1.0,,0.0
sars_cov_2,ATALAIA,3,4,1,0.0,0.0,0.3333333333333333,,0.3535533905932738
sars_cov_2,ATALEIA,1,1,0,0.0,0.0,0.0,,0.0
sars_cov_2,ATIBAIA,1,1,1,0.0,0.0,1.0,,0.0
sars_cov_2,AUGUSTINOPOLIS,1,1,0,0.0,0.0,0.0,,0.0
sars_cov_2,AUGUSTO CORREA,2,3,1,0.0,0.0,0.25,,0.303525
sars_cov_2,AURIFLAMA,3,3,0,0.0,0.0,0.0,,0.0
sars_cov_2,AURILANDIA,1,1,0,0.0,0.0,0.0,,0.0
sars_cov_2,AURORA DO PARA,1,1,0,0.0,0.0,0.0,,0.0
sars_cov_2,AVARE,3,3,1,0.0,0.0,0.3333333333333333,,0.28284271247461906
sars_cov_2,AVEIRO,3,3,1,0.0,0.0,0.3333333333333333,,0.28284271247461906
sars_cov_2,AVELINO LOPES,1,1,0,0.0,0.0,0.0,,0.0
sars_cov_2,AVELINOPOLIS,1,1,1,0.0,0.0,1.0,,0.0
sars_cov_2,AXIXA DO TOCANTINS,2,2,1,0.0,0.0,0.5,,0.1349
sars_cov_2,BACABAL,9,10,1,0.0,0.0,0.1111111111111111,,0.7071067811865475
sars_cov_2,BACURI,2,2,0,0.0,0.0,0.0,,0.0
sars_cov_2,BAGE,1,1,0,0.0,0.0,0.0,,0.0
sars_cov_2,BAIAO,2,2,1,0.0,0.0,0.5,,0.1349
sars_cov_2,BAIXA GRANDE,1,1,0,0.0,0.0,0.0,,0.0
sars_cov_2,BALIZA,1,1,0,0.0,0.0,0.0,,0.0
sars_cov_2,BALNEARIO BARRA DO SUL,1,1,0,0.0,0.0,0.0,,0.0
sars_cov_2,BALNEARIO CAMBORIU,7,9,4,0.0,0.0,0.42857142857142855,,0.6262248151968977
sars_cov_2,BALNEARIO GAIVOTA,1,1,0,0.0,0.0,0.0,,0.0
sars_cov_2,BALNEARIO PICARRAS,4,5,2,0.0,0.0,0.5,,0.43301270189221935
sars_cov_2,BALSAMO,3,3,1,0.0,0.0,0.3333333333333333,,0.28284271247461906
sars_cov_2,BANDEIRANTES,5,6,1,0.0,0.0,0.1,,0.8999999999999999
sars_cov_2,BARAO DE COCAIS,1,1,0,0.0,0.0,0.0,,0.0
sars_cov_2,BARAO DE GRAJAU,3,3,2,0.0,0.0,0.6666666666666666,,0.14142135623730953
sars_cov_2,BARAO DE MELGACO,71,919,209,0.0,0.0,0.1064743057298529,37.38733440623635,2.9677944189207883
sars_cov_2,BARBACENA,1,1,0,0.0,0.0,0.0,,0.0
sars_cov_2,BARCARENA,1,1,0,0.0,0.0,0.0,,0.0
sars_cov_2,BARIRI,1,1,0,0.0,0.0,0.0,,0.0
sars_cov_2,BARRA,1,1,1,0.0,0.0,1.0,,0.0
sars_cov_2,BARRA DE SANTO ANTONIO,1,1,0,0.0,0.0,0.0,,0.0
sars_cov_2,BARRA DE SAO MIGUEL,2,2,1,0.0,0.0,0.5,,0.1349
sars_cov_2,BARRA DO BUGRES,100,1694,630,0.0,0.0,0.20524744876554252,19.9582036269931,2.5536671269682247
sars_cov_2,BARRA DO CORDA,9,14,7,0.0,0.0,0.4555555555555555,,0.7119896942744679
sars_cov_2,BARRA DO GARCAS,86,4795,1910,0.0,0.0,0.23906461903670279,38.19339893433106,2.537760447035957
sars_cov_2,BARRA DO GUARITA,1,1,1,0.0,0.0,1.0,,0.0
sars_cov_2,BARRA DO PIRAI,1,1,0,0.0,0.0,0.0,,0.0
sars_cov_2,BARRA FUNDA,1,1,1,0.0,0.0,1.0,,0.0
sars_cov_2,BARRAS,1,1,1,0.0,0.0,1.0,,0.0
sars_cov_2,BARREIRA,2,2,1,0.0,0.0,0.5,,0.1349
sars_cov_2,BARREIRAS,4,4,1,0.0,0.0,0.25,,0.3464101615137755
sars_cov_2,BARREIROS,4,6,3,0.0,0.0,0.625,,0.168625
sars_cov_2,BARRETOS,5,8,3,0.0,0.0,0.3,,0.3674234614174767
sars_cov_2,BARRINHA,1,1,0,0.0,0.0,0.0,,0.0
sars_cov_2,BARRO,1,1,1,0.0,0.0,1.0,,0.0
sars_cov_2,BARROLANDIA,1,1,1,0.0,0.0,1.0,,0.0
sars_cov_2,BARUERI,3,3,0,0.0,0.0,0.0,,0.0
sars_cov_2,BASTOS,1,1,0,0.0,0.0,0.0,,0.0
sars_cov_2,BATAGUASSU,3,3,0,0.0,0.0,0.0,,0.0
sars_cov_2,BATALHA,1,1,0,0.0,0.0,0.0,,0.0
sars_cov_2,BATATAIS,2,2,1,0.0,0.0,0.5,,0.1349
sars_cov_2,BAURU,17,20,4,0.0,0.0,0.17647058823529413,,0.972111104761179
sars_cov_2,BAYEUX,1,1,0,0.0,0.0,0.0,,0.0
sars_cov_2,BEBEDOURO,1,1,1,0.0,0.0,1.0,,0.0
sars_cov_2,BELA VISTA,4,5,3,0.0,0.0,0.5,,0.5679127018922193
sars_cov_2,BELA VISTA DA CAROBA,1,1,0,0.0,0.0,0.0,,0.0
sars_cov_2,BELA VISTA DE GOIAS,2,2,1,0.0,0.0,0.5,,0.1349
sars_cov_2,BELA VISTA DO MARANHAO,2,2,1,0.0,0.0,0.5,,0.1349
sars_cov_2,BELAGUA,1,1,0,0.0,0.0,0.0,,0.0
sars_cov_2,BELEM,13,23,7,0.0,0.0,0.3141025641025641,,0.5731628259055188
sars_cov_2,BELEM DE SAO FRANCISCO,1,1,0,0.0,0.0,0.0,,0.0
sars_cov_2,BELFORD ROXO,1,1,1,0.0,0.0,1.0,,0.0
sars_cov_2,BELO HORIZONTE,19,24,5,0.0,0.0,0.22807017543859648,,0.8457856988246852
sars_cov_2,BELO ORIENTE,2,2,0,0.0,0.0,0.0,,0.0
sars_cov_2,BELTERRA,1,1,1,0.0,0.0,1.0,,0.0
sars_cov_2,BENEDITO NOVO,1,1,1,0.0,0.0,1.0,,0.0
sars_cov_2,BENEVIDES,2,2,0,0.0,0.0,0.0,,0.0
sars_cov_2,BENTO DE ABREU,1,1,0,0.0,0.0,0.0,,0.0
sars_cov_2,BERNARDO DO MEARIM,1,1,0,0.0,0.0,0.0,,0.0
sars_cov_2,BERTIOGA,2,2,0,0.0,0.0,0.0,,0.0
sars_cov_2,BETIM,7,8,5,0.0,0.0,0.6428571428571429,,0.6123724356957945
sars_cov_2,BIGUACU,1,1,0,0.0,0.0,0.0,,0.0
sars_cov_2,BIRIGUI,2,2,1,0.0,0.0,0.5,,0.1349
sars_cov_2,BITURUNA,1,1,0,0.0,0.0,0.0,,0.0
sars_cov_2,BLUMENAU,10,12,4,0.0,0.0,0.35,,0.5666666666666667
sars_cov_2,BOA ESPERANCA,1,1,1,0.0,0.0,1.0,,0.0
sars_cov_2,BOA ESPERANCA DO SUL,1,1,0,0.0,0.0,0.0,,0.0
sars_cov_2,BOA VISTA,34,57,19,0.0,0.0,0.3382352941176471,,0.6809004059375567
sars_cov_2,BOA VISTA DA APARECIDA,4,4,1,0.0,0.0,0.25,,0.3464101615137755
sars_cov_2,BOA VISTA DO SUL,1,1,0,0.0,0.0,0.0,,0.0
sars_cov_2,BOCA DA MATA,2,2,1,0.0,0.0,0.5,,0.1349
sars_cov_2,BOCA DO ACRE,1,1,0,0.0,0.0,0.0,,0.0
sars_cov_2,BOCAIUVA,2,2,0,0.0,0.0,0.0,,0.0
sars_cov_2,BOCAIUVA DO SUL,1,1,1,0.0,0.0,1.0,,0.0
sars_cov_2,BOITUVA,1,1,0,0.0,0.0,0.0,,0.0
sars_cov_2,BOM CONSELHO,1,1,1,0.0,0.0,1.0,,0.0
sars_cov_2,BOM DESPACHO,1,1,0,0.0,0.0,0.0,,0.0
sars_cov_2,BOM JARDIM,8,9,1,0.0,0.0,0.125,,0.6614378277661476
sars_cov_2,BOM JARDIM DE GOIAS,5,9,3,0.0,0.0,0.45,,0.4716211091418993
sars_cov_2,BOM JARDIM DE MINAS,1,1,0,0.0,0.0,0.0,,0.0
sars_cov_2,BOM JESUS,3,3,2,0.0,0.0,0.6666666666666666,,0.14142135623730953
sars_cov_2,BOM JESUS DA LAPA,1,1,0,0.0,0.0,0.0,,0.0
sars_cov_2,BOM JESUS DAS SELVAS,1,1,0,0.0,0.0,0.0,,0.0
sars_cov_2,BOM JESUS DE GOIAS,2,2,0,0.0,0.0,0.0,,0.0
sars_cov_2,BOM JESUS DO ARAGUAIA,19,22,6,0.0,0.0,0.2631578947368421,5.490483162518301,1.0733017839929475
sars_cov_2,BOM LUGAR,2,2,2,0.0,0.0,1.0,,0.0
sars_cov_2,BOMBINHAS,1,1,0,0.0,0.0,0.0,,0.0
sars_cov_2,BONFINOPOLIS,1,1,0,0.0,0.0,0.0,,0.0
sars_cov_2,BONINAL,1,1,0,0.0,0.0,0.0,,0.0
sars_cov_2,BONITO,6,6,3,0.0,0.0,0.5,,0.1349
sars_cov_2,BONITO DE SANTA FE,1,1,0,0.0,0.0,0.0,,0.0
sars_cov_2,BOQUEIRAO DO LEAO,1,1,1,0.0,0.0,1.0,,0.0
sars_cov_2,BORACEIA,1,2,0,0.0,0.0,0.0,,0.0
sars_cov_2,BOTUCATU,3,3,0,0.0,0.0,0.0,,0.0
sars_cov_2,BOZANO,1,1,0,0.0,0.0,0.0,,0.0
sars_cov_2,BRACO DO NORTE,1,1,1,0.0,0.0,1.0,,0.0
sars_cov_2,BRAGA,1,1,0,0.0,0.0,0.0,,0.0
sars_cov_2,BRAGANCA,7,8,0,0.0,0.0,0.0,,0.6123724356957945
sars_cov_2,BRAGANCA PAULISTA,1,1,0,0.0,0.0,0.0,,0.0
sars_cov_2,BRANQUINHA,4,5,1,0.0,0.0,0.25,,0.43301270189221935
sars_cov_2,BRASIL NOVO,1,1,1,0.0,0.0,1.0,,0.0
sars_cov_2,BRASILANDIA,2,2,1,0.0,0.0,0.5,,0.1349
sars_cov_2,BRASILEIA,3,3,0,0.0,0.0,0.0,,0.0
sars_cov_2,BRASILIA,59,124,30,0.0,0.0,0.18857949959644876,,0.8834567436865979
sars_cov_2,BRASILIA DE MINAS,1,1,0,0.0,0.0,0.0,,0.0
sars_cov_2,BRASNORTE,78,1316,447,0.0,0.0,0.22782533421263812,31.994917412181334,2.4552431439851956
sars_cov_2,BREJETUBA,1,1,1,0.0,0.0,1.0,,0.0
sars_cov_2,BREJINHO DE NAZARE,1,1,0,0.0,0.0,0.0,,0.0
sars_cov_2,BREJO,6,6,3,0.0,0.0,0.5,,0.1349
sars_cov_2,BREJO SANTO,1,1,1,0.0,0.0,1.0,,0.0
sars_cov_2,BREU BRANCO,5,5,2,0.0,0.0,0.4,,0.2449489742783178
sars_cov_2,BRITANIA,1,1,1,0.0,0.0,1.0,,0.0
sars_cov_2,BRUSQUE,5,5,2,0.0,0.0,0.4,,0.2449489742783178
sars_cov_2,BUENO BRANDAO,2,2,2,0.0,0.0,1.0,,0.0
sars_cov_2,BUJARI,1,2,0,0.0,0.0,0.0,,0.0
sars_cov_2,BURITAMA,1,1,0,0.0,0.0,0.0,,0.0
sars_cov_2,BURITI BRAVO,1,1,1,0.0,0.0,1.0,,0.0
sars_cov_2,BURITI DO TOCANTINS,1,1,0,0.0,0.0,0.0,,0.0
sars_cov_2,BURITICUPU,4,4,0,0.0,0.0,0.0,,0.0
sars_cov_2,BURITIS,14,16,5,0.0,0.0,0.32142857142857145,,0.6921811241425568
sars_cov_2,BUTIA,1,1,0,0.0,0.0,0.0,,0.0
sars_cov_2,CAARAPO,7,8,1,0.0,0.0,0.14285714285714285,,0.6123724356957946
sars_cov_2,CABECEIRAS,1,1,0,0.0,0.0,0.0,,0.0
sars_cov_2,CABECEIRAS DO PIAUI,1,1,1,0.0,0.0,1.0,,0.0
sars_cov_2,CABIXI,3,5,2,0.0,0.0,0.4444444444444444,,0.35355339059327373
sars_cov_2,CABO DE SANTO AGOSTINHO,6,6,1,0.0,0.0,0.16666666666666666,,0.447213595499958
sars_cov_2,CACAPAVA,1,1,0,0.0,0.0,0.0,,0.0
sars_cov_2,CACAPAVA DO SUL,1,1,0,0.0,0.0,0.0,,0.0
sars_cov_2,CACERES,154,12586,4297,0.0,0.0,0.17619124170753803,30.59807815837341,3.2607764287725223
sars_cov_2,CACHOEIRA,2,3,1,0.0,0.0,0.25,,0.303525
sars_cov_2,CACHOEIRA ALTA,5,5,3,0.0,0.0,0.6,,0.16329931618554522
sars_cov_2,CACHOEIRA DO ARARI,2,3,0,0.0,0.0,0.0,,0.168625
sars_cov_2,CACHOEIRA DOURADA,1,3,3,0.0,0.0,1.0,,0.0
sars_cov_2,CACHOEIRA PAULISTA,2,3,1,0.0,0.0,0.25,,0.303525
sars_cov_2,CACHOEIRINHA,1,1,0,0.0,0.0,0.0,,0.0
sars_cov_2,CACHOEIRO DE ITAPEMIRIM,1,1,0,0.0,0.0,0.0,,0.0
sars_cov_2,CACIQUE DOBLE,1,1,0,0.0,0.0,0.0,,0.0
sars_cov_2,CACOAL,28,38,3,0.0,0.0,0.08928571428571429,,0.6769977778319715
sars_cov_2,CACU,6,8,4,0.0,0.0,0.3333333333333333,,0.8418597068495663
sars_cov_2,CACULE,1,1,1,0.0,0.0,1.0,,0.0
sars_cov_2,CAETITE,2,2,0,0.0,0.0,0.0,,0.0
sars_cov_2,CAFEARA,3,4,0,0.0,0.0,0.0,,0.3535533905932738
sars_cov_2,CAFELANDIA,7,7,1,0.0,0.0,0.14285714285714285,,0.4898979485566356
sars_cov_2,CAFEZAL DO SUL,1,1,1,0.0,0.0,1.0,,0.0
sars_cov_2,CAIAPONIA,6,7,3,0.0,0.0,0.4166666666666667,,0.6939169943749475
sars_cov_2,CAIBI,1,1,0,0.0,0.0,0.0,,0.0
sars_cov_2,CAJAMAR,2,2,1,0.0,0.0,0.5,,0.1349
sars_cov_2,CAJARI,1,1,1,0.0,0.0,1.0,,0.0
sars_cov_2,CAJATI,1,1,0,0.0,0.0,0.0,,0.0
sars_cov_2,CAJAZEIRAS,1,1,0,0.0,0.0,0.0,,0.0
sars_cov_2,CAJUEIRO,1,1,0,0.0,0.0,0.0,,0.0
sars_cov_2,CAJURU,1,2,0,0.0,0.0,0.0,,0.0
sars_cov_2,CALCOENE,1,1,0,0.0,0.0,0.0,,0.0
sars_cov_2,CALDAS NOVAS,7,7,2,0.0,0.0,0.2857142857142857,,0.316227766016838
sars_cov_2,CAMACAN,1,1,0,0.0,0.0,0.0,,0.0
sars_cov_2,CAMACARI,1,1,0,0.0,0.0,0.0,,0.0
sars_cov_2,CAMAPUA,6,7,6,0.0,0.0,0.8333333333333334,,0.648459713474939
sars_cov_2,CAMAQUA,1,1,1,0.0,0.0,1.0,,0.0
sars_cov_2,CAMARAGIBE,2,2,1,0.0,0.0,0.5,,0.1349
sars_cov_2,CAMBE,2,2,0,0.0,0.0,0.0,,0.0
sars_cov_2,CAMBORIU,3,3,1,0.0,0.0,0.3333333333333333,,0.28284271247461906
sars_cov_2,CAMETA,2,2,0,0.0,0.0,0.0,,0.0
sars_cov_2,CAMOCIM,2,2,1,0.0,0.0,0.5,,0.1349
sars_cov_2,CAMPESTRE DE GOIAS,1,1,1,0.0,0.0,1.0,,0.0
sars_cov_2,CAMPESTRE DO MARANHAO,1,1,0,0.0,0.0,0.0,,0.0
sars_cov_2,CAMPINA DA LAGOA,2,2,1,0.0,0.0,0.5,,0.1349
sars_cov_2,CAMPINA GRANDE,4,4,2,0.0,0.0,0.5,,0.1349
sars_cov_2,CAMPINA GRANDE DO SUL,1,1,1,0.0,0.0,1.0,,0.0
sars_cov_2,CAMPINA VERDE,1,1,0,0.0,0.0,0.0,,0.0
sars_cov_2,CAMPINAPOLIS,60,428,143,0.0,0.0,0.16671471372284197,14.974295617294427,2.613143132182498
sars_cov_2,CAMPINAS,21,31,11,0.0,0.0,0.32857142857142857,,1.0045017888162615
sars_cov_2,CAMPINAS DO PIAUI,2,2,0,0.0,0.0,0.0,,0.0
sars_cov_2,CAMPINORTE,1,1,0,0.0,0.0,0.0,,0.0
sars_cov_2,CAMPO ALEGRE,11,12,4,0.0,0.0,0.3181818181818182,,0.8730831147427984
sars_cov_2,CAMPO BELO,1,1,1,0.0,0.0,1.0,,0.0
sars_cov_2,CAMPO BOM,1,1,0,0.0,0.0,0.0,,0.0
sars_cov_2,CAMPO FORMOSO,1,1,1,0.0,0.0,1.0,,0.0
sars_cov_2,CAMPO GRANDE,83,393,94,0.0,0.0,0.18675274795688607,,1.4412095676699777
sars_cov_2,CAMPO GRANDE DO PIAUI,2,2,0,0.0,0.0,0.0,,0.0
sars_cov_2,CAMPO LARGO,1,1,1,0.0,0.0,1.0,,0.0
sars_cov_2,CAMPO LIMPO PAULISTA,1,1,0,0.0,0.0,0.0,,0.0
sars_cov_2,CAMPO MAGRO,2,2,0,0.0,0.0,0.0,,0.0
sars_cov_2,CAMPO MOURAO,13,13,9,0.0,0.0,0.6923076923076923,,0.13333333333333333
sars_cov_2,CAMPO NOVO DE RONDONIA,3,4,2,0.0,0.0,0.5,,0.3535533905932738
sars_cov_2,CAMPO NOVO DO PARECIS,207,9719,2970,0.0,0.0,0.100934189569347,44.50360861866473,2.6784171880313803
sars_cov_2,CAMPO VERDE,103,2285,804,0.0,0.0,0.20120992470093027,19.41291005639657,2.5335877290640347
sars_cov_2,CAMPOS BELOS,3,4,0,0.0,0.0,0.0,,0.3535533905932738
sars_cov_2,CAMPOS DE JULIO,78,1867,650,0.0,0.0,0.26051293303011774,112.09097883144656,1.461500532547058
sars_cov_2,CAMPOS DOS GOYTACAZES,2,2,1,0.0,0.0,0.5,,0.1349
sars_cov_2,CAMPOS NOVOS,5,6,3,0.0,0.0,0.5,,0.5
sars_cov_2,CANAA DOS CARAJAS,6,6,2,0.0,0.0,0.3333333333333333,,0.28284271247461906
sars_cov_2,CANABRAVA DO NORTE,18,33,9,0.0,0.0,0.25308641975308643,11.23777891542947,1.9658982035884016
sars_cov_2,CANARANA,79,3203,1139,0.0,0.0,0.24180649441524976,68.55934927506377,2.39952966595725
sars_cov_2,CANDEIAS,1,1,0,0.0,0.0,0.0,,0.0
sars_cov_2,CANDEIAS DO JAMARI,4,4,3,0.0,0.0,0.75,,0.11547005383792518
sars_cov_2,CANELINHA,1,1,1,0.0,0.0,1.0,,0.0
sars_cov_2,CANHOTINHO,1,1,0,0.0,0.0,0.0,,0.0
sars_cov_2,CANINDE DE SAO FRANCISCO,6,8,3,0.0,0.0,0.4166666666666667,,0.48845339059327375
sars_cov_2,CANOAS,2,2,2,0.0,0.0,1.0,,0.0
sars_cov_2,CANTA,1,1,1,0.0,0.0,1.0,,0.0
sars_cov_2,CANTANHEDE,3,3,1,0.0,0.0,0.3333333333333333,,0.28284271247461906
sars_cov_2,CANTO DO BURITI,2,5,1,0.0,0.0,0.5,,0.168625
sars_cov_2,CAPANEMA,6,6,2,0.0,0.0,0.3333333333333333,,0.28284271247461906
sars_cov_2,CAPELA,2,2,1,0.0,0.0,0.5,,0.1349
sars_cov_2,CAPELA DO ALTO ALEGRE,2,2,0,0.0,0.0,0.0,,0.0
sars_cov_2,CAPINOPOLIS,2,2,1,0.0,0.0,0.5,,0.1349
sars_cov_2,CAPINZAL,2,2,1,0.0,0.0,0.5,,0.1349
sars_cov_2,CAPINZAL DO NORTE,4,4,4,0.0,0.0,1.0,,0.0
sars_cov_2,CAPITAO ENEAS,1,2,0,0.0,0.0,0.0,,0.0
sars_cov_2,CAPITAO LEONIDAS MARQUES,3,3,1,0.0,0.0,0.3333333333333333,,0.28284271247461906
sars_cov_2,CAPITAO POCO,2,2,0,0.0,0.0,0.0,,0.0
sars_cov_2,CAPIVARI,1,1,0,0.0,0.0,0.0,,0.0
sars_cov_2,CAPIXABA,4,4,2,0.0,0.0,0.5,,0.1349
sars_cov_2,CARACARAI,2,2,0,0.0,0.0,0.0,,0.0
sars_cov_2,CARAGUATATUBA,1,1,0,0.0,0.0,0.0,,0.0
sars_cov_2,CARAMBEI,1,1,0,0.0,0.0,0.0,,0.0
sars_cov_2,CARAPICUIBA,2,2,0,0.0,0.0,0.0,,0.0
sars_cov_2,CARATINGA,1,1,0,0.0,0.0,0.0,,0.0
sars_cov_2,CARAUBAS DO PIAUI,1,1,1,0.0,0.0,1.0,,0.0
sars_cov_2,CARAVELAS,1,1,0,0.0,0.0,0.0,,0.0
sars_cov_2,CARAZINHO,2,2,1,0.0,0.0,0.5,,0.1349
sars_cov_2,CARDEAL DA SILVA,1,2,0,0.0,0.0,0.0,,0.0
sars_cov_2,CARDOSO,11,11,0,0.0,0.0,0.0,,0.0
sars_cov_2,CARIACICA,3,5,2,0.0,0.0,0.6666666666666666,,0.35355339059327373
sars_cov_2,CARIRA,2,2,1,0.0,0.0,0.5,,0.1349
sars_cov_2,CARIRI DO TOCANTINS,1,1,1,0.0,0.0,1.0,,0.0
sars_cov_2,CARIRIACU,1,1,1,0.0,0.0,1.0,,0.0
sars_cov_2,CARLINDA,75,4720,2527,0.0,0.0,0.438496243842848,332.64607649532553,1.4935886838011496
sars_cov_2,CARMO DA CACHOEIRA,1,1,1,0.0,0.0,1.0,,0.0
sars_cov_2,CARMO DO RIO VERDE,1,1,0,0.0,0.0,0.0,,0.0
sars_cov_2,CARMOPOLIS,1,1,0,0.0,0.0,0.0,,0.0
sars_cov_2,CARMOPOLIS DE MINAS,1,1,0,0.0,0.0,0.0,,0.0
sars_cov_2,CARNAIBA,1,1,1,0.0,0.0,1.0,,0.0
sars_cov_2,CARNEIRINHO,1,1,0,0.0,0.0,0.0,,0.0
sars_cov_2,CARPINA,1,1,0,0.0,0.0,0.0,,0.0
sars_cov_2,CARRASCO BONITO,1,1,0,0.0,0.0,0.0,,0.0
sars_cov_2,CARUARU,2,2,1,0.0,0.0,0.5,,0.1349
sars_cov_2,CASCAVEL,28,63,18,0.0,0.0,0.21468253968253967,,1.5094183123915668
sars_cov_2,CASSILANDIA,18,23,7,0.0,0.0,0.3425925925925926,,1.0307764064044151
sars_cov_2,CASTANHAL,7,8,2,0.0,0.0,0.21428571428571427,,0.7692653438063418
sars_cov_2,CASTANHEIRA,32,388,162,0.0,0.0,0.33887073597420053,57.88829044560601,2.4081586206896555
sars_cov_2,CASTANHEIRAS,5,5,2,0.0,0.0,0.4,,0.2449489742783178
sars_cov_2,CASTELANDIA,2,2,0,0.0,0.0,0.0,,0.0
sars_cov_2,CASTELO,1,1,0,0.0,0.0,0.0,,0.0
sars_cov_2,CASTILHO,1,1,1,0.0,0.0,1.0,,0.0
sars_cov_2,CASTRO,1,1,1,0.0,0.0,1.0,,0.0
sars_cov_2,CATAGUASES,1,1,0,0.0,0.0,0.0,,0.0
sars_cov_2,CATALAO,8,9,6,0.0,0.0,0.625,,0.8163571616144443
sars_cov_2,CATANDUVA,4,4,3,0.0,0.0,0.75,,0.11547005383792518
sars_cov_2,CATANDUVAS,1,1,0,0.0,0.0,0.0,,0.0
sars_cov_2,CATIGUA,1,1,0,0.0,0.0,0.0,,0.0
sars_cov_2,CATOLE DO ROCHA,1,1,0,0.0,0.0,0.0,,0.0
sars_cov_2,CATU,1,1,0,0.0,0.0,0.0,,0.0
sars_cov_2,CATUJI,1,1,0,0.0,0.0,0.0,,0.0
sars_cov_2,CAUCAIA,1,1,0,0.0,0.0,0.0,,0.0
sars_cov_2,CAXIAS,11,14,7,0.0,0.0,0.5,,0.543148290463863
sars_cov_2,CAXIAS DO SUL,9,13,2,0.0,0.0,0.16666666666666666,,0.5677749739576688
sars_cov_2,CEARA-MIRIM,1,1,0,0.0,0.0,0.0,,0.0
sars_cov_2,CEDRAL,1,1,1,0.0,0.0,1.0,,0.0
sars_cov_2,CEDRO,1,1,1,0.0,0.0,1.0,,0.0
sars_cov_2,CENTENARIO DO SUL,1,1,1,0.0,0.0,1.0,,0.0
sars_cov_2,CENTRAL DE MINAS,1,1,0,0.0,0.0,0.0,,0.0
sars_cov_2,CENTRO NOVO DO MARANHAO,1,1,0,0.0,0.0,0.0,,0.0
sars_cov_2,CEREJEIRAS,16,18,10,0.0,0.0,0.5625,,0.8378212485037869
sars_cov_2,CERES,3,7,2,0.0,0.0,0.6666666666666666,,0.35355339059327373
sars_cov_2,CERQUILHO,4,4,2,0.0,0.0,0.5,,0.1349
sars_cov_2,CERRO LARGO,1,1,0,0.0,0.0,0.0,,0.0
sars_cov_2,CEU AZUL,2,2,1,0.0,0.0,0.5,,0.1349
sars_cov_2,CEZARINA,1,1,0,0.0,0.0,0.0,,0.0
sars_cov_2,CHAPADA,1,2,0,0.0,0.0,0.0,,0.0
sars_cov_2,CHAPADA DOS GUIMARAES,149,5220,1746,0.0,0.0,0.1365534408943381,60.462734880212196,2.8174102028282015
sars_cov_2,CHAPADAO DO CEU,6,6,3,0.0,0.0,0.5,,0.1349
sars_cov_2,CHAPADAO DO SUL,18,29,12,0.0,0.0,0.4444444444444444,,0.5553204962476953
sars_cov_2,CHAPADINHA,8,9,2,0.0,0.0,0.25,,0.6614378277661476
sars_cov_2,CHAPECO,11,13,4,0.0,0.0,0.3181818181818182,,0.612843785590614
sars_cov_2,CHAVES,1,1,1,0.0,0.0,1.0,,0.0
sars_cov_2,CHIAPETTA,3,3,0,0.0,0.0,0.0,,0.0
sars_cov_2,CHOPINZINHO,3,3,0,0.0,0.0,0.0,,0.0
sars_cov_2,CHUPINGUAIA,10,13,6,0.0,0.0,0.5,,0.3818813079129867
sars_cov_2,CIANORTE,5,8,2,0.0,0.0,0.2,,0.6041241452319315
sars_cov_2,CICERO DANTAS,1,1,1,0.0,0.0,1.0,,0.0
sars_cov_2,CIDADE GAUCHA,3,5,0,0.0,0.0,0.0,,0.17677669529663684
sars_cov_2,CIDADE OCIDENTAL,3,3,0,0.0,0.0,0.0,,0.0
sars_cov_2,CLAUDIA,34,85,31,0.0,0.0,0.2996031746031746,7.867378409512363,1.8489314173193514
sars_cov_2,CLEMENTINA,1,1,0,0.0,0.0,0.0,,0.0
sars_cov_2,CLEVELANDIA,4,4,2,0.0,0.0,0.5,,0.1349
sars_cov_2,COCALINHO,51,438,129,0.0,0.0,0.3446802281465452,44.21263901818156,2.4308683221235716
sars_cov_2,COCALZINHO DE GOIAS,1,1,0,0.0,0.0,0.0,,0.0
sars_cov_2,COCOS,1,1,0,0.0,0.0,0.0,,0.0
sars_cov_2,CODO,6,6,3,0.0,0.0,0.5,,0.1349
sars_cov_2,COELHO NETO,4,5,3,0.0,0.0,0.625,,0.43301270189221935
sars_cov_2,COLATINA,3,3,0,0.0,0.0,0.0,,0.0
sars_cov_2,COLIDER,123,2742,1047,0.0,0.0,0.17843504096225007,30.04006202915405,2.5680410784335397
sars_cov_2,COLINAS,6,10,3,0.0,0.0,0.3333333333333333,,0.4047
sars_cov_2,COLINAS DO TOCANTINS,3,3,1,0.0,0.0,0.3333333333333333,,0.28284271247461906
sars_cov_2,COLMEIA,1,1,1,0.0,0.0,1.0,,0.0
sars_cov_2,COLNIZA,64,170,50,0.0,0.0,0.23699156746031746,2.099268072164661,2.5789609696372504
sars_cov_2,COLOMBIA,1,1,0,0.0,0.0,0.0,,0.0
sars_cov_2,COLOMBO,9,10,3,0.0,0.0,0.2222222222222222,,1.0812725198639417
sars_cov_2,COLONIA LEOPOLDINA,1,1,1,0.0,0.0,1.0,,0.0
sars_cov_2,COLORADO DO OESTE,15,19,6,0.0,0.0,0.36666666666666664,,0.7556096518348254
sars_cov_2,COMODORO,77,2838,1013,0.0,0.0,0.2505952239572661,64.10752491637052,2.3564118012422357
sars_cov_2,CONCEICAO DO ARAGUAIA,9,9,2,0.0,0.0,0.2222222222222222,,0.37416573867739417
sars_cov_2,CONCEICAO DO COITE,2,2,1,0.0,0.0,0.5,,0.1349
sars_cov_2,CONCORDIA,4,5,2,0.0,0.0,0.375,,0.5679127018922193
sars_cov_2,CONCORDIA DO PARA,2,2,1,0.0,0.0,0.5,,0.1349
sars_cov_2,CONDE,1,1,0,0.0,0.0,0.0,,0.0
sars_cov_2,CONDOR,1,1,0,0.0,0.0,0.0,,0.0
sars_cov_2,CONFRESA,69,2073,842,0.0,0.0,0.2902981837333832,39.14988033477023,2.470732159238566
sars_cov_2,CONGONHAS,1,1,0,0.0,0.0,0.0,,0.0
sars_cov_2,CONGONHINHAS,2,2,1,0.0,0.0,0.5,,0.1349
sars_cov_2,CONQUISTA,1,1,0,0.0,0.0,0.0,,0.0
sars_cov_2,CONQUISTA D''OESTE,44,707,294,0.0,0.0,0.37541067487894536,,0.9622462311557789
sars_cov_2,CONSELHEIRO PENA,1,1,0,0.0,0.0,0.0,,0.0
sars_cov_2,CONSTANTINA,1,1,1,0.0,0.0,1.0,,0.0
sars_cov_2,CONTAGEM,6,8,6,0.0,0.0,0.6666666666666666,,0.4949747468305833
sars_cov_2,CORACAO DE JESUS,1,1,0,0.0,0.0,0.0,,0.0
sars_cov_2,CORBELIA,4,5,3,0.0,0.0,0.625,,0.43301270189221935
sars_cov_2,CORDILHEIRA ALTA,1,1,0,0.0,0.0,0.0,,0.0
sars_cov_2,COREAU,1,1,0,0.0,0.0,0.0,,0.0
sars_cov_2,CORGUINHO,1,1,0,0.0,0.0,0.0,,0.0
sars_cov_2,COROATA,4,5,1,0.0,0.0,0.125,,0.7794228634059949
sars_cov_2,COROMANDEL,1,1,0,0.0,0.0,0.0,,0.0
sars_cov_2,CORONEL FABRICIANO,1,1,1,0.0,0.0,1.0,,0.0
sars_cov_2,CORONEL SAPUCAIA,5,6,4,0.0,0.0,0.7,,0.49999999999999994
sars_cov_2,CORONEL VIVIDA,3,5,1,0.0,0.0,0.16666666666666666,,0.4596194077712559
sars_cov_2,CORRENTES,1,1,0,0.0,0.0,0.0,,0.0
sars_cov_2,CORUMBA,22,34,12,0.0,0.0,0.40151515151515155,,0.505875
sars_cov_2,CORUMBAIBA,2,2,0,0.0,0.0,0.0,,0.0
sars_cov_2,CORUMBIARA,7,10,2,0.0,0.0,0.21428571428571427,,0.4455680427053601
sars_cov_2,CORUPA,1,1,0,0.0,0.0,0.0,,0.0
sars_cov_2,CORURIPE,9,9,1,0.0,0.0,0.1111111111111111,,0.5656854249492381
sars_cov_2,COSMOPOLIS,2,2,0,0.0,0.0,0.0,,0.0
sars_cov_2,COSTA MARQUES,4,5,1,0.0,0.0,0.25,,0.43301270189221935
sars_cov_2,COSTA RICA,13,18,6,0.0,0.0,0.36538461538461536,,0.782488425213575
sars_cov_2,COTIA,3,3,0,0.0,0.0,0.0,,0.0
sars_cov_2,COTIPORA,1,1,1,0.0,0.0,1.0,,0.0
sars_cov_2,COTRIGUACU,34,55,15,0.0,0.0,0.3137254901960784,2.5909015043596257,1.2107131713745913
sars_cov_2,COXIM,16,27,10,0.0,0.0,0.36979166666666663,,1.0238355953719722
sars_cov_2,CRAIBAS,3,3,0,0.0,0.0,0.0,,0.0
sars_cov_2,CRATEUS,2,3,0,0.0,0.0,0.0,,0.168625
sars_cov_2,CRATO,1,1,0,0.0,0.0,0.0,,0.0
sars_cov_2,CRAVINHOS,1,1,1,0.0,0.0,1.0,,0.0
sars_cov_2,CRICIUMA,7,8,4,0.0,0.0,0.5714285714285714,,0.6123724356957946
sars_cov_2,CRISOPOLIS,1,1,0,0.0,0.0,0.0,,0.0
sars_cov_2,CRISSIUMAL,1,1,1,0.0,0.0,1.0,,0.0
sars_cov_2,CRISTALINA,4,5,2,0.0,0.0,0.5,,0.43301270189221935
sars_cov_2,CROMINIA,1,1,0,0.0,0.0,0.0,,0.0
sars_cov_2,CRUZ ALTA,4,4,0,0.0,0.0,0.0,,0.0
sars_cov_2,CRUZEIRO,1,2,2,0.0,0.0,1.0,,0.0
sars_cov_2,CRUZEIRO DO OESTE,5,5,2,0.0,0.0,0.4,,0.2449489742783178
sars_cov_2,CRUZEIRO DO SUL,7,8,2,0.0,0.0,0.2857142857142857,,0.6123724356957945
sars_cov_2,CUIABA,294,86376,19969,0.0,0.0,0.08515242398851053,12.222648338797235,3.25
sars_cov_2,CUJUBIM,3,3,0,0.0,0.0,0.0,,0.0
sars_cov_2,CUMBE,1,1,0,0.0,0.0,0.0,,0.0
sars_cov_2,CUNHA PORA,1,1,0,0.0,0.0,0.0,,0.0
sars_cov_2,CUNHATAI,1,1,1,0.0,0.0,1.0,,0.0
sars_cov_2,CURACA,1,1,0,0.0,0.0,0.0,,0.0
sars_cov_2,CURITIBA,48,90,29,0.0,0.0,0.22921626984126983,,0.9694602747778363
sars_cov_2,CURITIBANOS,1,1,0,0.0,0.0,0.0,,0.0
sars_cov_2,CURRAIS NOVOS,1,1,0,0.0,0.0,0.0,,0.0
sars_cov_2,CURRALINHO,1,1,1,0.0,0.0,1.0,,0.0
sars_cov_2,CURUCA,2,2,0,0.0,0.0,0.0,,0.0
sars_cov_2,CURVELANDIA,47,519,169,0.0,0.0,0.23485338539119688,68.4232709790699,2.7446333333333333
sars_cov_2,CURVELO,1,1,1,0.0,0.0,1.0,,0.0
sars_cov_2,CUSTODIA,1,1,1,0.0,0.0,1.0,,0.0
sars_cov_2,DAVINOPOLIS,4,4,2,0.0,0.0,0.5,,0.1349
sars_cov_2,DELMIRO GOUVEIA,2,2,2,0.0,0.0,1.0,,0.0
sars_cov_2,DENISE,35,57,17,0.0,0.0,0.2642857142857143,5.49370394445579,1.0136010827483988
sars_cov_2,DEODAPOLIS,5,5,2,0.0,0.0,0.4,,0.2449489742783178
sars_cov_2,DESCANSO,1,1,0,0.0,0.0,0.0,,0.0
sars_cov_2,DIADEMA,7,8,4,0.0,0.0,0.5,,0.6123724356957946
sars_cov_2,DIAMANTINA,5,6,1,0.0,0.0,0.2,,0.5
sars_cov_2,DIAMANTINO,122,5048,1791,0.0,0.0,0.15506777532449656,68.50860907023336,3.25
sars_cov_2,DIANOPOLIS,1,1,1,0.0,0.0,1.0,,0.0
sars_cov_2,DIAS D''AVILA,3,5,0,0.0,0.0,0.0,,0.17677669529663684
sars_cov_2,DIOGO DE VASCONCELOS,1,1,0,0.0,0.0,0.0,,0.0
sars_cov_2,DOIS IRMAOS,1,1,0,0.0,0.0,0.0,,0.0
sars_cov_2,DOIS IRMAOS DO BURITI,1,1,0,0.0,0.0,0.0,,0.0
sars_cov_2,DOIS RIACHOS,6,6,2,0.0,0.0,0.3333333333333333,,0.28284271247461906
sars_cov_2,DOM AQUINO,52,411,153,0.0,0.0,0.28180826491395716,39.4432545977803,2.5411
sars_cov_2,DOM ELISEU,4,4,1,0.0,0.0,0.25,,0.3464101615137755
sars_cov_2,DOM PEDRO,4,4,1,0.0,0.0,0.25,,0.3464101615137755
sars_cov_2,DOMINGOS MARTINS,2,2,0,0.0,0.0,0.0,,0.0
sars_cov_2,DONA EUSEBIA,1,1,0,0.0,0.0,0.0,,0.0
sars_cov_2,DOURADINA,7,8,5,0.0,0.0,0.5714285714285714,,0.7855775164526824
sars_cov_2,DOURADO,1,1,1,0.0,0.0,1.0,,0.0
sars_cov_2,DOURADOS,44,78,18,0.0,0.0,0.2178030303030303,,0.5023501201207738
sars_cov_2,DOUTOR CAMARGO,1,1,1,0.0,0.0,1.0,,0.0
sars_cov_2,DOUTOR RICARDO,1,1,0,0.0,0.0,0.0,,0.0
sars_cov_2,DOVERLANDIA,1,1,1,0.0,0.0,1.0,,0.0
sars_cov_2,DUERE,1,1,0,0.0,0.0,0.0,,0.0
sars_cov_2,DUQUE BACELAR,3,4,1,0.0,0.0,0.16666666666666666,,0.6363961030678928
sars_cov_2,DUQUE DE CAXIAS,4,5,1,0.0,0.0,0.25,,0.43301270189221935
sars_cov_2,ECHAPORA,2,2,0,0.0,0.0,0.0,,0.0
sars_cov_2,EDEIA,1,1,0,0.0,0.0,0.0,,0.0
sars_cov_2,EIRUNEPE,4,4,0,0.0,0.0,0.0,,0.0
sars_cov_2,ELDORADO,2,3,0,0.0,0.0,0.0,,0.168625
sars_cov_2,ELISEU MARTINS,1,1,0,0.0,0.0,0.0,,0.0
sars_cov_2,ELOI MENDES,1,1,0,0.0,0.0,0.0,,0.0
sars_cov_2,EMBU,3,4,2,0.0,0.0,0.5,,0.3535533905932738
sars_cov_2,EMBU-GUACU,1,1,0,0.0,0.0,0.0,,0.0
sars_cov_2,ENEAS MARQUES,2,2,1,0.0,0.0,0.5,,0.1349
sars_cov_2,ENGENHEIRO BELTRAO,2,2,2,0.0,0.0,1.0,,0.0
sars_cov_2,ENGENHEIRO COELHO,9,9,4,0.0,0.0,0.4444444444444444,,0.223606797749979
sars_cov_2,EPITACIOLANDIA,1,1,1,0.0,0.0,1.0,,0.0
sars_cov_2,ERECHIM,4,4,1,0.0,0.0,0.25,,0.3464101615137755
sars_cov_2,ERNESTINA,1,1,0,0.0,0.0,0.0,,0.0
sars_cov_2,ESMERALDAS,1,1,0,0.0,0.0,0.0,,0.0
sars_cov_2,ESPERANTINA,3,3,3,0.0,0.0,1.0,,0.0
sars_cov_2,ESPERANTINOPOLIS,4,4,2,0.0,0.0,0.5,,0.1349
sars_cov_2,ESPIGAO D''OESTE,11,17,3,0.0,0.0,0.22727272727272727,,0.46499055497527714
sars_cov_2,ESPIRITO SANTO DO PINHAL,2,2,1,0.0,0.0,0.5,,0.1349
sars_cov_2,ESTANCIA VELHA,1,1,0,0.0,0.0,0.0,,0.0
sars_cov_2,ESTREITO,1,1,0,0.0,0.0,0.0,,0.0
sars_cov_2,ESTRELA DE ALAGOAS,2,2,1,0.0,0.0,0.5,,0.1349
sars_cov_2,EUCLIDES DA CUNHA PAULISTA,2,2,2,0.0,0.0,1.0,,0.0
sars_cov_2,EUNAPOLIS,1,4,0,0.0,0.0,0.0,,0.0
sars_cov_2,EXTREMA,1,1,0,0.0,0.0,0.0,,0.0
sars_cov_2,EXTREMOZ,1,2,0,0.0,0.0,0.0,,0.0
sars_cov_2,FAGUNDES,1,1,0,0.0,0.0,0.0,,0.0
sars_cov_2,FARIAS BRITO,1,1,0,0.0,0.0,0.0,,0.0
sars_cov_2,FATIMA DO SUL,4,4,0,0.0,0.0,0.0,,0.0
sars_cov_2,FAXINAL,1,1,0,0.0,0.0,0.0,,0.0
sars_cov_2,FAZENDA RIO GRANDE,4,4,2,0.0,0.0,0.5,,0.1349
sars_cov_2,FEIJO,2,2,1,0.0,0.0,0.5,,0.1349
sars_cov_2,FEIRA DA MATA,1,1,0,0.0,0.0,0.0,,0.0
sars_cov_2,FEIRA DE SANTANA,2,2,0,0.0,0.0,0.0,,0.0
sars_cov_2,FEIRA GRANDE,1,1,0,0.0,0.0,0.0,,0.0
sars_cov_2,FEIRA NOVA,3,3,2,0.0,0.0,0.6666666666666666,,0.14142135623730953
sars_cov_2,FELIZ NATAL,39,74,20,0.0,0.0,0.252991452991453,3.763569626706749,1.1066384381256116
sars_cov_2,FERNANDOPOLIS,8,11,3,0.0,0.0,0.25,,0.6691587736977269
sars_cov_2,FERRAZ DE VASCONCELOS,6,6,2,0.0,0.0,0.3333333333333333,,0.28284271247461906
sars_cov_2,FIGUEIROPOLIS D''OESTE,33,272,83,0.0,0.0,0.2876653867288542,,1.2936441176470588
sars_cov_2,FILADELFIA,1,1,0,0.0,0.0,0.0,,0.0
sars_cov_2,FIRMINO ALVES,1,1,0,0.0,0.0,0.0,,0.0
sars_cov_2,FIRMINOPOLIS,1,1,1,0.0,0.0,1.0,,0.0
sars_cov_2,FLEXEIRAS,2,2,1,0.0,0.0,0.5,,0.1349
sars_cov_2,FLORA RICA,1,1,1,0.0,0.0,1.0,,0.0
sars_cov_2,FLORAI,1,1,0,0.0,0.0,0.0,,0.0
sars_cov_2,FLORES DO PIAUI,2,2,1,0.0,0.0,0.5,,0.1349
sars_cov_2,FLORESTA,2,3,1,0.0,0.0,0.25,,0.303525
sars_cov_2,FLORESTA DO ARAGUAIA,1,1,1,0.0,0.0,1.0,,0.0
sars_cov_2,FLORESTOPOLIS,1,1,0,0.0,0.0,0.0,,0.0
sars_cov_2,FLORIANO,3,3,0,0.0,0.0,0.0,,0.0
sars_cov_2,FLORIANOPOLIS,16,21,3,0.0,0.0,0.15625,,0.7236759610155115
sars_cov_2,FORMIGA,2,2,2,0.0,0.0,1.0,,0.0
sars_cov_2,FORMIGUEIRO,1,1,0,0.0,0.0,0.0,,0.0
sars_cov_2,FORMOSA DA SERRA NEGRA,3,3,0,0.0,0.0,0.0,,0.0
sars_cov_2,FORMOSA DO OESTE,9,10,0,0.0,0.0,0.0,,0.7071067811865475
sars_cov_2,FORMOSO,1,1,1,0.0,0.0,1.0,,0.0
sars_cov_2,FORMOSO DO ARAGUAIA,2,3,0,0.0,0.0,0.0,,0.168625
sars_cov_2,FORQUILHINHA,3,5,0,0.0,0.0,0.0,,0.17677669529663684
sars_cov_2,FORTALEZA,12,17,4,0.0,0.0,0.25,,0.42673472329657613
sars_cov_2,FORTALEZA DOS NOGUEIRAS,1,1,1,0.0,0.0,1.0,,0.0
sars_cov_2,FORTUNA,7,10,2,0.0,0.0,0.09523809523809523,,1.0292173201866417
sars_cov_2,FOZ DO IGUACU,16,24,10,0.0,0.0,0.3645833333333333,,0.728390602175327
sars_cov_2,FRAIBURGO,2,2,1,0.0,0.0,0.5,,0.1349
sars_cov_2,FRANCA,3,3,1,0.0,0.0,0.3333333333333333,,0.28284271247461906
sars_cov_2,FRANCISCO BELTRAO,2,3,2,0.0,0.0,0.5,,0.303525
sars_cov_2,FRANCISCO MORATO,2,2,0,0.0,0.0,0.0,,0.0
sars_cov_2,FRANCO DA ROCHA,4,5,1,0.0,0.0,0.25,,0.43301270189221935
sars_cov_2,FREDERICO WESTPHALEN,11,11,1,0.0,0.0,0.09090909090909091,,0.632455532033676
sars_cov_2,FREI PAULO,1,1,1,0.0,0.0,1.0,,0.0
sars_cov_2,FRUTAL,1,1,0,0.0,0.0,0.0,,0.0
sars_cov_2,FUNDAO,1,1,1,0.0,0.0,1.0,,0.0
sars_cov_2,GALIA,1,1,1,0.0,0.0,1.0,,0.0
sars_cov_2,GARANHUNS,1,1,1,0.0,0.0,1.0,,0.0
sars_cov_2,GARIBALDI,1,1,1,0.0,0.0,1.0,,0.0
sars_cov_2,GARRUCHOS,1,1,0,0.0,0.0,0.0,,0.0
sars_cov_2,GARUVA,1,1,0,0.0,0.0,0.0,,0.0
sars_cov_2,GASPAR,2,2,1,0.0,0.0,0.5,,0.1349
sars_cov_2,GASTAO VIDIGAL,1,2,0,0.0,0.0,0.0,,0.0
sars_cov_2,GAUCHA DO NORTE,34,209,52,0.0,0.0,0.2600323839943217,20.502513477319727,2.4505667285491017
sars_cov_2,GENERAL CARNEIRO,41,74,9,0.0,0.0,0.17073170731707318,5.581360926681386,1.3318533854166665
sars_cov_2,GENERAL MAYNARD,1,2,0,0.0,0.0,0.0,,0.0
sars_cov_2,GLORIA,5,6,4,0.0,0.0,0.6,,0.6632993161855452
sars_cov_2,GLORIA D''OESTE,43,648,251,0.0,0.0,0.294289182941964,,1.0105236363636363
sars_cov_2,GLORIA DE DOURADOS,2,2,0,0.0,0.0,0.0,,0.0
sars_cov_2,GODOFREDO VIANA,1,1,1,0.0,0.0,1.0,,0.0
sars_cov_2,GOIANA,1,1,1,0.0,0.0,1.0,,0.0
sars_cov_2,GOIANAPOLIS,1,1,0,0.0,0.0,0.0,,0.0
sars_cov_2,GOIANESIA DO PARA,3,3,1,0.0,0.0,0.3333333333333333,,0.28284271247461906
sars_cov_2,GOIANIA,56,160,38,0.0,0.0,0.21666666666666665,,1.0968523115300584
sars_cov_2,GOIANIRA,7,7,2,0.0,0.0,0.2857142857142857,,0.316227766016838
sars_cov_2,GOIAS,5,5,0,0.0,0.0,0.0,,0.0
sars_cov_2,GOIATUBA,1,1,0,0.0,0.0,0.0,,0.0
sars_cov_2,GOIOERE,4,6,3,0.0,0.0,0.5,,0.2698
sars_cov_2,GONCALVES DIAS,2,2,1,0.0,0.0,0.5,,0.1349
sars_cov_2,GOVERNADOR ARCHER,1,1,1,0.0,0.0,1.0,,0.0
sars_cov_2,GOVERNADOR EDISON LOBAO,1,4,0,0.0,0.0,0.0,,0.0
sars_cov_2,GOVERNADOR EUGENIO BARROS,3,3,1,0.0,0.0,0.3333333333333333,,0.28284271247461906
sars_cov_2,GOVERNADOR LUIZ ROCHA,1,1,1,0.0,0.0,1.0,,0.0
sars_cov_2,GOVERNADOR NEWTON BELLO,2,3,1,0.0,0.0,0.25,,0.303525
sars_cov_2,GOVERNADOR NUNES FREIRE,7,9,6,0.0,0.0,0.7142857142857143,,0.39528470752104733
sars_cov_2,GOVERNADOR VALADARES,8,10,3,0.0,0.0,0.3125,,0.5205316967909561
sars_cov_2,GRACA ARANHA,1,1,0,0.0,0.0,0.0,,0.0
sars_cov_2,GRAJAU,6,9,2,0.0,0.0,0.25,,0.4909902530309828
sars_cov_2,GRAMADO,1,3,3,0.0,0.0,1.0,,0.0
sars_cov_2,GRANDES RIOS,1,1,1,0.0,0.0,1.0,,0.0
sars_cov_2,GRANITO,2,2,0,0.0,0.0,0.0,,0.0
sars_cov_2,GRAVATA,2,2,0,0.0,0.0,0.0,,0.0
sars_cov_2,GRAVATAI,2,2,0,0.0,0.0,0.0,,0.0
sars_cov_2,GUABIRUBA,1,1,0,0.0,0.0,0.0,,0.0
sars_cov_2,GUAICARA,1,1,0,0.0,0.0,0.0,,0.0
sars_cov_2,GUAIRA,9,9,2,0.0,0.0,0.2222222222222222,,0.37416573867739417
sars_cov_2,GUAJARA,2,2,0,0.0,0.0,0.0,,0.0
sars_cov_2,GUAJARA-MIRIM,16,17,5,0.0,0.0,0.28125,,1.0695462812927932
sars_cov_2,GUAPE,1,2,0,0.0,0.0,0.0,,0.0
sars_cov_2,GUAPIACU,1,1,0,0.0,0.0,0.0,,0.0
sars_cov_2,GUARACI,1,1,0,0.0,0.0,0.0,,0.0
sars_cov_2,GUARAI,3,3,2,0.0,0.0,0.6666666666666666,,0.14142135623730953
sars_cov_2,GUARAMIRIM,3,3,0,0.0,0.0,0.0,,0.0
sars_cov_2,GUARANESIA,1,1,1,0.0,0.0,1.0,,0.0
sars_cov_2,GUARANI D''OESTE,2,2,0,0.0,0.0,0.0,,0.0
sars_cov_2,GUARANI DAS MISSOES,2,2,1,0.0,0.0,0.5,,0.1349
sars_cov_2,GUARANIACU,1,1,1,0.0,0.0,1.0,,0.0
sars_cov_2,GUARANTA,1,1,1,0.0,0.0,1.0,,0.0
sars_cov_2,GUARANTA DO NORTE,90,2546,712,0.0,0.0,0.2140624106032261,23.01254735137501,2.6596211222150505
sars_cov_2,GUARAPARI,2,2,2,0.0,0.0,1.0,,0.0
sars_cov_2,GUARAPUAVA,8,8,0,0.0,0.0,0.0,,0.0
sars_cov_2,GUARARAPES,1,1,0,0.0,0.0,0.0,,0.0
sars_cov_2,GUARATINGUETA,1,1,0,0.0,0.0,0.0,,0.0
sars_cov_2,GUARATUBA,3,3,1,0.0,0.0,0.3333333333333333,,0.28284271247461906
sars_cov_2,GUARUJA,3,3,1,0.0,0.0,0.3333333333333333,,0.28284271247461906
sars_cov_2,GUARUJA DO SUL,1,1,1,0.0,0.0,1.0,,0.0
sars_cov_2,GUARULHOS,11,17,4,0.0,0.0,0.2727272727272727,,0.46499055497527714
sars_cov_2,GUIA LOPES DA LAGUNA,3,4,3,0.0,0.0,0.6666666666666666,,0.4949747468305833
sars_cov_2,GUIRATINGA,36,119,22,0.0,0.0,0.11156135531135532,4.325332451361035,1.7880416339178513
sars_cov_2,GUIRICEMA,2,2,1,0.0,0.0,0.5,,0.1349
sars_cov_2,GURINHATA,1,1,1,0.0,0.0,1.0,,0.0
sars_cov_2,GURUPI,4,4,2,0.0,0.0,0.5,,0.1349
sars_cov_2,GUZOLANDIA,2,2,1,0.0,0.0,0.5,,0.1349
sars_cov_2,HIDROLANDIA,2,2,1,0.0,0.0,0.5,,0.1349
sars_cov_2,HORIZONTINA,3,3,1,0.0,0.0,0.3333333333333333,,0.28284271247461906
sars_cov_2,HORTOLANDIA,9,12,3,0.0,0.0,0.2222222222222222,,0.5157748117240364
sars_cov_2,HUMAITA,10,11,4,0.0,0.0,0.35,,0.8166666666666667
sars_cov_2,HUMBERTO DE CAMPOS,5,5,2,0.0,0.0,0.4,,0.2449489742783178
sars_cov_2,IACANGA,1,1,1,0.0,0.0,1.0,,0.0
sars_cov_2,IACU,1,1,1,0.0,0.0,1.0,,0.0
sars_cov_2,IBIACA,1,1,1,0.0,0.0,1.0,,0.0
sars_cov_2,IBIPORA,1,1,1,0.0,0.0,1.0,,0.0
sars_cov_2,IBIRAIARAS,1,1,1,0.0,0.0,1.0,,0.0
sars_cov_2,IBIRAMA,1,1,1,0.0,0.0,1.0,,0.0
sars_cov_2,IBITINGA,1,1,0,0.0,0.0,0.0,,0.0
sars_cov_2,IBIUNA,1,1,0,0.0,0.0,0.0,,0.0
sars_cov_2,ICARAIMA,2,2,1,0.0,0.0,0.5,,0.1349
sars_cov_2,ICO,1,1,1,0.0,0.0,1.0,,0.0
sars_cov_2,IEPE,1,1,1,0.0,0.0,1.0,,0.0
sars_cov_2,IGARAPE DO MEIO,5,6,3,0.0,0.0,0.4,,0.7449489742783177
sars_cov_2,IGARAPE GRANDE,1,1,0,0.0,0.0,0.0,,0.0
sars_cov_2,IGARAPE-ACU,1,1,0,0.0,0.0,0.0,,0.0
sars_cov_2,IGARAPE-MIRI,1,1,0,0.0,0.0,0.0,,0.0
sars_cov_2,IGARASSU,1,1,1,0.0,0.0,1.0,,0.0
sars_cov_2,IGREJA NOVA,2,2,0,0.0,0.0,0.0,,0.0
sars_cov_2,IGREJINHA,1,1,1,0.0,0.0,1.0,,0.0
sars_cov_2,IGUARACU,1,1,1,0.0,0.0,1.0,,0.0
sars_cov_2,IGUATEMI,6,6,3,0.0,0.0,0.5,,0.1349
sars_cov_2,IJUI,1,1,0,0.0,0.0,0.0,,0.0
sars_cov_2,ILHA SOLTEIRA,7,7,3,0.0,0.0,0.42857142857142855,,0.2309401076758503
sars_cov_2,IMPERATRIZ,10,11,2,0.0,0.0,0.2,,0.75
sars_cov_2,INACIOLANDIA,1,1,0,0.0,0.0,0.0,,0.0
sars_cov_2,INDAIAL,3,3,2,0.0,0.0,0.6666666666666666,,0.14142135623730953
sars_cov_2,INDAIATUBA,10,11,4,0.0,0.0,0.4,,0.75
sars_cov_2,INDEPENDENCIA,1,1,0,0.0,0.0,0.0,,0.0
sars_cov_2,INDIARA,1,1,0,0.0,0.0,0.0,,0.0
sars_cov_2,INDIAVAI,78,743,241,0.0,0.0,0.20837319569133037,127.24069709572028,3.275501907376126
sars_cov_2,INHAPI,1,1,1,0.0,0.0,1.0,,0.0
sars_cov_2,INHUMAS,7,8,1,0.0,0.0,0.14285714285714285,,0.6123724356957946
sars_cov_2,INOCENCIA,1,1,0,0.0,0.0,0.0,,0.0
sars_cov_2,IPAMERI,1,1,1,0.0,0.0,1.0,,0.0
sars_cov_2,IPANEMA,1,1,1,0.0,0.0,1.0,,0.0
sars_cov_2,IPATINGA,4,5,1,0.0,0.0,0.25,,0.43301270189221935
sars_cov_2,IPERO,1,1,1,0.0,0.0,1.0,,0.0
sars_cov_2,IPIACU,1,1,1,0.0,0.0,1.0,,0.0
sars_cov_2,IPIGUA,1,1,1,0.0,0.0,1.0,,0.0
sars_cov_2,IPIRA,2,3,1,0.0,0.0,0.5,,0.168625
sars_cov_2,IPIRANGA,2,2,1,0.0,0.0,0.5,,0.1349
sars_cov_2,IPIRANGA DO NORTE,36,1200,371,0.0,0.0,0.2814733400852134,125.96993433162525,1.0685907168225053
sars_cov_2,IPIRANGA DO PIAUI,1,1,0,0.0,0.0,0.0,,0.0
sars_cov_2,IPIXUNA,1,1,0,0.0,0.0,0.0,,0.0
sars_cov_2,IPIXUNA DO PARA,1,1,0,0.0,0.0,0.0,,0.0
sars_cov_2,IPORA,10,16,8,0.0,0.0,0.6,,0.6637384880265758
sars_cov_2,IRACEMA,1,1,0,0.0,0.0,0.0,,0.0
sars_cov_2,IRACEMAPOLIS,2,2,1,0.0,0.0,0.5,,0.1349
sars_cov_2,IRAI,1,1,0,0.0,0.0,0.0,,0.0
sars_cov_2,IRANDUBA,2,2,0,0.0,0.0,0.0,,0.0
sars_cov_2,IRAQUARA,1,1,1,0.0,0.0,1.0,,0.0
sars_cov_2,IRECE,1,1,0,0.0,0.0,0.0,,0.0
sars_cov_2,ISAIAS COELHO,3,3,3,0.0,0.0,1.0,,0.0
sars_cov_2,ITABELA,2,2,0,0.0,0.0,0.0,,0.0
sars_cov_2,ITABERABA,1,1,1,0.0,0.0,1.0,,0.0
sars_cov_2,ITABERAI,1,1,0,0.0,0.0,0.0,,0.0
sars_cov_2,ITABIRA,1,1,0,0.0,0.0,0.0,,0.0
sars_cov_2,ITABIRINHA,1,1,0,0.0,0.0,0.0,,0.0
sars_cov_2,ITABORAI,3,3,3,0.0,0.0,1.0,,0.0
sars_cov_2,ITABUNA,1,1,0,0.0,0.0,0.0,,0.0
sars_cov_2,ITACOATIARA,2,2,0,0.0,0.0,0.0,,0.0
sars_cov_2,ITAGUACU DA BAHIA,1,1,0,0.0,0.0,0.0,,0.0
sars_cov_2,ITAGUATINS,1,1,0,0.0,0.0,0.0,,0.0
sars_cov_2,ITAINOPOLIS,2,2,0,0.0,0.0,0.0,,0.0
sars_cov_2,ITAIPE,2,2,0,0.0,0.0,0.0,,0.0
sars_cov_2,ITAIPULANDIA,2,3,1,0.0,0.0,0.25,,0.303525
sars_cov_2,ITAITINGA,1,1,0,0.0,0.0,0.0,,0.0
sars_cov_2,ITAITUBA,20,29,7,0.0,0.0,0.24333333333333335,,0.9117562570640877
sars_cov_2,ITAJA,1,1,1,0.0,0.0,1.0,,0.0
sars_cov_2,ITAJAI,8,9,0,0.0,0.0,0.0,,0.6614378277661476
sars_cov_2,ITAJUIPE,1,1,0,0.0,0.0,0.0,,0.0
sars_cov_2,ITAMBACURI,1,1,0,0.0,0.0,0.0,,0.0
sars_cov_2,ITAMBE,3,3,1,0.0,0.0,0.3333333333333333,,0.28284271247461906
sars_cov_2,ITAMOGI,1,1,0,0.0,0.0,0.0,,0.0
sars_cov_2,ITANHANGA,28,616,209,0.0,0.0,0.29270796729496273,106.07470699204212,1.7553171523107483
sars_cov_2,ITANHEM,1,1,0,0.0,0.0,0.0,,0.0
sars_cov_2,ITAPAGE,1,1,1,0.0,0.0,1.0,,0.0
sars_cov_2,ITAPECURU MIRIM,2,2,0,0.0,0.0,0.0,,0.0
sars_cov_2,ITAPEJARA D''OESTE,1,1,0,0.0,0.0,0.0,,0.0
sars_cov_2,ITAPEMA,2,3,2,0.0,0.0,0.75,,0.168625
sars_cov_2,ITAPETININGA,2,2,2,0.0,0.0,1.0,,0.0
sars_cov_2,ITAPEVA,3,3,1,0.0,0.0,0.3333333333333333,,0.28284271247461906
sars_cov_2,ITAPEVI,2,2,0,0.0,0.0,0.0,,0.0
sars_cov_2,ITAPIPOCA,1,1,0,0.0,0.0,0.0,,0.0
sars_cov_2,ITAPIRA,8,8,0,0.0,0.0,0.0,,0.0
sars_cov_2,ITAPIRAPUA,1,1,0,0.0,0.0,0.0,,0.0
sars_cov_2,ITAPOLIS,1,1,0,0.0,0.0,0.0,,0.0
sars_cov_2,ITAPORA,8,8,1,0.0,0.0,0.125,,0.529150262212918
sars_cov_2,ITAPORANGA D''AJUDA,1,1,1,0.0,0.0,1.0,,0.0
sars_cov_2,ITAPUA DO OESTE,6,8,0,0.0,0.0,0.0,,0.3535533905932738
sars_cov_2,ITAPURANGA,4,4,2,0.0,0.0,0.5,,0.1349
sars_cov_2,ITAQUAQUECETUBA,5,5,0,0.0,0.0,0.0,,0.0
sars_cov_2,ITAQUI,1,1,0,0.0,0.0,0.0,,0.0
sars_cov_2,ITAQUIRAI,4,4,3,0.0,0.0,0.75,,0.11547005383792518
sars_cov_2,ITAQUITINGA,1,1,0,0.0,0.0,0.0,,0.0
sars_cov_2,ITARUMA,2,2,0,0.0,0.0,0.0,,0.0
sars_cov_2,ITATIAIUCU,1,1,0,0.0,0.0,0.0,,0.0
sars_cov_2,ITAUBA,54,1219,468,0.0,0.0,0.2497621756883729,244.978309473513,2.606550249252243
sars_cov_2,ITAUNA DO SUL,1,1,0,0.0,0.0,0.0,,0.0
sars_cov_2,ITINGA DO MARANHAO,1,1,0,0.0,0.0,0.0,,0.0
sars_cov_2,ITIQUIRA,50,280,86,0.0,0.0,0.21077974802974805,13.14808903921143,2.109772775900901
sars_cov_2,ITIRAPINA,1,1,0,0.0,0.0,0.0,,0.0
sars_cov_2,ITORORO,2,2,0,0.0,0.0,0.0,,0.0
sars_cov_2,ITU,2,2,0,0.0,0.0,0.0,,0.0
sars_cov_2,ITUIUTABA,7,9,8,0.0,0.0,0.8571428571428571,,0.694022093788567
sars_cov_2,ITUMBIARA,9,12,2,0.0,0.0,0.16666666666666666,,0.6250000000000001
sars_cov_2,ITURAMA,8,11,4,0.0,0.0,0.375,,0.5809475019311126
sars_cov_2,ITUVERAVA,1,1,0,0.0,0.0,0.0,,0.0
sars_cov_2,IVATUBA,1,1,1,0.0,0.0,1.0,,0.0
sars_cov_2,IVINHEMA,4,4,2,0.0,0.0,0.5,,0.1349
sars_cov_2,JABOATAO DOS GUARARAPES,8,10,2,0.0,0.0,0.25,,0.43301270189221935
sars_cov_2,JABORANDI,1,1,1,0.0,0.0,1.0,,0.0
sars_cov_2,JABOTI,1,1,0,0.0,0.0,0.0,,0.0
sars_cov_2,JABOTICABA,1,1,0,0.0,0.0,0.0,,0.0
sars_cov_2,JABOTICABAL,3,3,0,0.0,0.0,0.0,,0.0
sars_cov_2,JACARE DOS HOMENS,2,2,0,0.0,0.0,0.0,,0.0
sars_cov_2,JACAREACANGA,2,3,1,0.0,0.0,0.25,,0.303525
sars_cov_2,JACAREI,1,1,0,0.0,0.0,0.0,,0.0
sars_cov_2,JACAREZINHO,3,3,2,0.0,0.0,0.6666666666666666,,0.14142135623730953
sars_cov_2,JACIARA,87,2194,820,0.0,0.0,0.2273252309598616,37.936499403710876,3.1193555555555554
sars_cov_2,JACOBINA,2,3,2,0.0,0.0,0.75,,0.168625
sars_cov_2,JACUNDA,4,4,3,0.0,0.0,0.75,,0.11547005383792518
sars_cov_2,JAGUARIAIVA,2,2,1,0.0,0.0,0.5,,0.1349
sars_cov_2,JAGUARIUNA,3,3,0,0.0,0.0,0.0,,0.0
sars_cov_2,JALES,5,6,1,0.0,0.0,0.1,,0.8999999999999999
sars_cov_2,JANAUBA,2,2,0,0.0,0.0,0.0,,0.0
sars_cov_2,JANGADA,77,870,252,0.0,0.0,0.19318278380831827,42.621840090529474,2.5777485378639238
sars_cov_2,JAPARATINGA,1,1,1,0.0,0.0,1.0,,0.0
sars_cov_2,JAPARATUBA,1,1,0,0.0,0.0,0.0,,0.0
sars_cov_2,JAPOATA,1,1,0,0.0,0.0,0.0,,0.0
sars_cov_2,JARAGUA DO SUL,7,9,4,0.0,0.0,0.42857142857142855,,0.6262248151968977
sars_cov_2,JARDIM,4,6,2,0.0,0.0,0.375,,0.4047
sars_cov_2,JARDIM DE PIRANHAS,2,2,0,0.0,0.0,0.0,,0.0
sars_cov_2,JARDINOPOLIS,1,1,1,0.0,0.0,1.0,,0.0
sars_cov_2,JARU,21,25,8,0.0,0.0,0.2857142857142857,,0.851851495657434
sars_cov_2,JATAI,23,33,11,0.0,0.0,0.32608695652173914,,0.37681014982300925
sars_cov_2,JATEI,1,1,0,0.0,0.0,0.0,,0.0
sars_cov_2,JAU,2,2,0,0.0,0.0,0.0,,0.0
sars_cov_2,JAUPACI,3,4,0,0.0,0.0,0.0,,0.3535533905932738
sars_cov_2,JAURU,52,1352,499,0.0,0.0,0.2651743113342238,114.5955409287638,2.324843847609946
sars_cov_2,JENIPAPO DOS VIEIRAS,1,1,1,0.0,0.0,1.0,,0.0
sars_cov_2,JEQUIA DA PRAIA,1,1,0,0.0,0.0,0.0,,0.0
sars_cov_2,JEQUIE,4,4,2,0.0,0.0,0.5,,0.1349
sars_cov_2,JEQUITAI,3,3,0,0.0,0.0,0.0,,0.0
sars_cov_2,JI-PARANA,33,58,17,0.0,0.0,0.20959595959595959,,1.1909497836239495
sars_cov_2,JOACABA,1,1,0,0.0,0.0,0.0,,0.0
sars_cov_2,JOAIMA,1,2,0,0.0,0.0,0.0,,0.0
sars_cov_2,JOAO DOURADO,1,1,1,0.0,0.0,1.0,,0.0
sars_cov_2,JOAO MONLEVADE,1,1,1,0.0,0.0,1.0,,0.0
sars_cov_2,JOAO PESSOA,6,8,2,0.0,0.0,0.3333333333333333,,0.3535533905932738
sars_cov_2,JOAO PINHEIRO,2,2,0,0.0,0.0,0.0,,0.0
sars_cov_2,JOAQUIM GOMES,14,23,7,0.0,0.0,0.2857142857142857,,0.6243443009529371
sars_cov_2,JOAQUIM PIRES,1,1,1,0.0,0.0,1.0,,0.0
sars_cov_2,JOAQUIM TAVORA,1,1,0,0.0,0.0,0.0,,0.0
sars_cov_2,JOCA MARQUES,2,2,1,0.0,0.0,0.5,,0.1349
sars_cov_2,JOINVILLE,15,21,7,0.0,0.0,0.26666666666666666,,0.7147159618374114
sars_cov_2,JOSE BONIFACIO,7,11,8,0.0,0.0,0.6666666666666666,,0.4902903378454601
sars_cov_2,JOSELANDIA,2,2,0,0.0,0.0,0.0,,0.0
sars_cov_2,JUARA,68,2341,845,0.0,0.0,0.20736264617659989,36.30678792742627,2.7076272727272728
sars_cov_2,JUARINA,1,1,0,0.0,0.0,0.0,,0.0
sars_cov_2,JUAZEIRO,2,2,1,0.0,0.0,0.5,,0.1349
sars_cov_2,JUAZEIRO DO NORTE,2,2,0,0.0,0.0,0.0,,0.0
sars_cov_2,JUCURUTU,2,2,1,0.0,0.0,0.5,,0.1349
sars_cov_2,JUINA,94,2637,923,0.0,0.0,0.1952552858021154,24.540060266282286,2.2468629217442055
sars_cov_2,JUIZ DE FORA,6,7,1,0.0,0.0,0.08333333333333333,,1.0062305898749053
sars_cov_2,JULIO DE CASTILHOS,2,2,0,0.0,0.0,0.0,,0.0
sars_cov_2,JUNCO DO MARANHAO,2,2,0,0.0,0.0,0.0,,0.0
sars_cov_2,JUNDIAI,5,6,4,0.0,0.0,0.6,,0.6632993161855452
sars_cov_2,JUNQUEIRO,5,6,1,0.0,0.0,0.2,,0.49999999999999994
sars_cov_2,JUNQUEIROPOLIS,1,1,0,0.0,0.0,0.0,,0.0
sars_cov_2,JUQUIA,1,1,1,0.0,0.0,1.0,,0.0
sars_cov_2,JURUENA,45,841,302,0.0,0.0,0.23651832722059396,40.3479463589303,2.507201772240991
sars_cov_2,JURUTI,3,3,1,0.0,0.0,0.3333333333333333,,0.28284271247461906
sars_cov_2,JUSCIMEIRA,76,1471,562,0.0,0.0,0.2670682422281825,66.9464104985808,2.455912294372294
sars_cov_2,JUSSARA,2,2,1,0.0,0.0,0.5,,0.1349
sars_cov_2,JUSSIAPE,2,2,0,0.0,0.0,0.0,,0.0
sars_cov_2,LABREA,1,1,1,0.0,0.0,1.0,,0.0
sars_cov_2,LADARIO,4,4,0,0.0,0.0,0.0,,0.0
sars_cov_2,LAGES,2,3,0,0.0,0.0,0.0,,0.168625
sars_cov_2,LAGO DA PEDRA,1,1,0,0.0,0.0,0.0,,0.0
sars_cov_2,LAGO DOS RODRIGUES,3,3,2,0.0,0.0,0.6666666666666666,,0.14142135623730953
sars_cov_2,LAGO VERDE,1,1,0,0.0,0.0,0.0,,0.0
sars_cov_2,LAGOA DA CONFUSAO,4,4,3,0.0,0.0,0.75,,0.11547005383792518
sars_cov_2,LAGOA DA PRATA,1,1,0,0.0,0.0,0.0,,0.0
sars_cov_2,LAGOA DO MATO,2,2,1,0.0,0.0,0.5,,0.1349
sars_cov_2,LAGOA FORMOSA,1,1,1,0.0,0.0,1.0,,0.0
sars_cov_2,LAGOA GRANDE,2,3,2,0.0,0.0,0.5,,0.303525
sars_cov_2,LAGOA NOVA,1,1,0,0.0,0.0,0.0,,0.0
sars_cov_2,LAGOA SANTA,1,1,0,0.0,0.0,0.0,,0.0
sars_cov_2,LAGOA VERMELHA,3,3,0,0.0,0.0,0.0,,0.0
sars_cov_2,LAJEADO,3,3,1,0.0,0.0,0.3333333333333333,,0.28284271247461906
sars_cov_2,LAMBARI D''OESTE,46,853,293,0.0,0.0,0.2980451313611228,,1.337909592121203
sars_cov_2,LANDRI SALES,1,1,0,0.0,0.0,0.0,,0.0
sars_cov_2,LARANJAL,1,2,0,0.0,0.0,0.0,,0.0
sars_cov_2,LARANJAL DO JARI,4,6,3,0.0,0.0,0.41666666666666663,,0.5679127018922193
sars_cov_2,LARANJAL PAULISTA,1,1,0,0.0,0.0,0.0,,0.0
sars_cov_2,LARANJEIRAS,1,1,0,0.0,0.0,0.0,,0.0
sars_cov_2,LARANJEIRAS DO SUL,5,5,4,0.0,0.0,0.8,,0.09999999999999996
sars_cov_2,LAURO DE FREITAS,1,1,0,0.0,0.0,0.0,,0.0
sars_cov_2,LAURO MULLER,1,1,0,0.0,0.0,0.0,,0.0
sars_cov_2,LAVRAS,3,3,2,0.0,0.0,0.6666666666666666,,0.14142135623730953
sars_cov_2,LENCOIS,1,1,1,0.0,0.0,1.0,,0.0
sars_cov_2,LENCOIS PAULISTA,4,4,2,0.0,0.0,0.5,,0.1349
sars_cov_2,LEOPOLIS,2,2,1,0.0,0.0,0.5,,0.1349
sars_cov_2,LIBERATO SALZANO,2,3,1,0.0,0.0,0.5,,0.168625
sars_cov_2,LICINIO DE ALMEIDA,1,1,0,0.0,0.0,0.0,,0.0
sars_cov_2,LIDIANOPOLIS,1,1,0,0.0,0.0,0.0,,0.0
sars_cov_2,LIMA CAMPOS,1,1,0,0.0,0.0,0.0,,0.0
sars_cov_2,LIMEIRA,4,4,0,0.0,0.0,0.0,,0.0
sars_cov_2,LIMEIRA DO OESTE,1,1,0,0.0,0.0,0.0,,0.0
sars_cov_2,LIMOEIRO,1,1,0,0.0,0.0,0.0,,0.0
sars_cov_2,LIMOEIRO DE ANADIA,1,1,0,0.0,0.0,0.0,,0.0
sars_cov_2,LINHARES,3,3,0,0.0,0.0,0.0,,0.0
sars_cov_2,LINS,3,6,0,0.0,0.0,0.0,,0.168625
sars_cov_2,LIVRAMENTO DE NOSSA SENHORA,1,1,0,0.0,0.0,0.0,,0.0
sars_cov_2,LOANDA,1,1,1,0.0,0.0,1.0,,0.0
sars_cov_2,LOBATO,1,1,1,0.0,0.0,1.0,,0.0
sars_cov_2,LOGRADOURO,1,1,1,0.0,0.0,1.0,,0.0
sars_cov_2,LONDRINA,22,35,15,0.0,0.0,0.3212121212121212,,0.8319361563184989
sars_cov_2,LUCAS DO RIO VERDE,146,3255,966,0.0,0.0,0.11969273048264681,9.778095518169202,2.5869257150111657
sars_cov_2,LUCELIA,1,1,0,0.0,0.0,0.0,,0.0
sars_cov_2,LUCIARA,7,9,2,0.0,0.0,0.21428571428571427,14.033118158854895,0.9915320145313155
sars_cov_2,LUIS EDUARDO MAGALHAES,5,6,1,0.0,0.0,0.2,,0.49999999999999994
sars_cov_2,LUIZIANA,1,1,1,0.0,0.0,1.0,,0.0
sars_cov_2,LUTECIA,1,1,0,0.0,0.0,0.0,,0.0
sars_cov_2,LUZ,2,2,2,0.0,0.0,1.0,,0.0
sars_cov_2,LUZIANIA,4,4,1,0.0,0.0,0.25,,0.3464101615137755
sars_cov_2,LUZILANDIA,2,2,1,0.0,0.0,0.5,,0.1349
sars_cov_2,MACAE,2,2,1,0.0,0.0,0.5,,0.1349
sars_cov_2,MACAMBARA,1,1,1,0.0,0.0,1.0,,0.0
sars_cov_2,MACAPA,17,20,3,0.0,0.0,0.13725490196078433,,1.0098103874144622
sars_cov_2,MACAUBAL,1,1,0,0.0,0.0,0.0,,0.0
sars_cov_2,MACAUBAS,2,6,0,0.0,0.0,0.0,,0.168625
sars_cov_2,MACEIO,18,24,7,0.0,0.0,0.3333333333333333,,0.6363961030678928
sars_cov_2,MACHACALIS,1,1,1,0.0,0.0,1.0,,0.0
sars_cov_2,MACHADINHO,1,1,1,0.0,0.0,1.0,,0.0
sars_cov_2,MACHADINHO D''OESTE,10,14,2,0.0,0.0,0.15,,0.5309907904212606
sars_cov_2,MACHADO,1,1,1,0.0,0.0,1.0,,0.0
sars_cov_2,MADEIRO,2,2,1,0.0,0.0,0.5,,0.1349
sars_cov_2,MAE DO RIO,1,1,1,0.0,0.0,1.0,,0.0
sars_cov_2,MAFRA,3,6,4,0.0,0.0,0.3333333333333333,,0.6363961030678928
sars_cov_2,MAGE,2,2,2,0.0,0.0,1.0,,0.0
sars_cov_2,MAIRINQUE,1,1,1,0.0,0.0,1.0,,0.0
sars_cov_2,MAIRIPORA,3,3,2,0.0,0.0,0.6666666666666666,,0.14142135623730953
sars_cov_2,MAJOR ISIDORO,2,2,1,0.0,0.0,0.5,,0.1349
sars_cov_2,MALACACHETA,1,1,1,0.0,0.0,1.0,,0.0
sars_cov_2,MAMANGUAPE,2,4,0,0.0,0.0,0.0,,0.168625
sars_cov_2,MANAIRA,2,2,2,0.0,0.0,1.0,,0.0
sars_cov_2,MANAUS,35,68,15,0.0,0.0,0.17904761904761904,,0.7826715640964566
sars_cov_2,MANCIO LIMA,1,1,0,0.0,0.0,0.0,,0.0
sars_cov_2,MANDAGUACU,2,2,1,0.0,0.0,0.5,,0.1349
sars_cov_2,MANDAGUARI,2,2,0,0.0,0.0,0.0,,0.0
sars_cov_2,MANDURI,1,1,0,0.0,0.0,0.0,,0.0
sars_cov_2,MANFRINOPOLIS,1,1,1,0.0,0.0,1.0,,0.0
sars_cov_2,MANGA,1,1,0,0.0,0.0,0.0,,0.0
sars_cov_2,MANICORE,1,1,0,0.0,0.0,0.0,,0.0
sars_cov_2,MANOEL VIANA,1,1,1,0.0,0.0,1.0,,0.0
sars_cov_2,MANTENA,4,4,1,0.0,0.0,0.25,,0.3464101615137755
sars_cov_2,MARABA,7,10,3,0.0,0.0,0.2857142857142857,,0.4063448156777233
sars_cov_2,MARACAI,1,1,1,0.0,0.0,1.0,,0.0
sars_cov_2,MARACAJA,1,1,0,0.0,0.0,0.0,,0.0
sars_cov_2,MARACAJU,3,3,0,0.0,0.0,0.0,,0.0
sars_cov_2,MARACANAU,2,2,1,0.0,0.0,0.5,,0.1349
sars_cov_2,MARAGOGI,2,2,0,0.0,0.0,0.0,,0.0
sars_cov_2,MARAIAL,1,1,1,0.0,0.0,1.0,,0.0
sars_cov_2,MARANHAOZINHO,2,2,1,0.0,0.0,0.5,,0.1349
sars_cov_2,MARAPANIM,1,1,0,0.0,0.0,0.0,,0.0
sars_cov_2,MARAU,2,2,1,0.0,0.0,0.5,,0.1349
sars_cov_2,MARAVILHA,5,7,3,0.0,0.0,0.3333333333333333,,0.6581138830084189
sars_cov_2,MARCELANDIA,48,3528,1487,0.0,0.0,0.3008603371822625,333.2150147289667,2.1848821763581117
sars_cov_2,MARECHAL CANDIDO RONDON,5,6,3,0.0,0.0,0.6,,0.5
sars_cov_2,MARECHAL DEODORO,1,1,0,0.0,0.0,0.0,,0.0
sars_cov_2,MARI,1,1,1,0.0,0.0,1.0,,0.0
sars_cov_2,MARIALVA,4,5,3,0.0,0.0,0.625,,0.43301270189221935
sars_cov_2,MARIBONDO,5,7,2,0.0,0.0,0.3,,0.4061862178478974
sars_cov_2,MARICA,2,2,1,0.0,0.0,0.5,,0.1349
sars_cov_2,MARILENA,2,2,1,0.0,0.0,0.5,,0.1349
sars_cov_2,MARILIA,12,18,4,0.0,0.0,0.2708333333333333,,0.6527912098338668
sars_cov_2,MARILUZ,1,1,0,0.0,0.0,0.0,,0.0
sars_cov_2,MARINGA,45,75,24,0.0,0.0,0.29185185185185186,,1.193000358077556
sars_cov_2,MARIOPOLIS,1,1,0,0.0,0.0,0.0,,0.0
sars_cov_2,MARIPA,1,1,0,0.0,0.0,0.0,,0.0
sars_cov_2,MARITUBA,1,1,1,0.0,0.0,1.0,,0.0
sars_cov_2,MARMELEIRO,3,4,0,0.0,0.0,0.0,,0.3535533905932738
sars_cov_2,MARQUINHO,1,1,1,0.0,0.0,1.0,,0.0
sars_cov_2,MARUIM,1,1,0,0.0,0.0,0.0,,0.0
sars_cov_2,MATELANDIA,6,8,3,0.0,0.0,0.5,,0.5590169943749473
sars_cov_2,MATIAS OLIMPIO,1,1,0,0.0,0.0,0.0,,0.0
sars_cov_2,MATINA,1,1,0,0.0,0.0,0.0,,0.0
sars_cov_2,MATINHOS,1,1,0,0.0,0.0,0.0,,0.0
sars_cov_2,MATO GROSSO,2,8,1,0.0,0.0,0.5,,0.168625
sars_cov_2,MATOES,3,3,1,0.0,0.0,0.3333333333333333,,0.28284271247461906
sars_cov_2,MATOZINHOS,1,1,0,0.0,0.0,0.0,,0.0
sars_cov_2,MATRINCHA,1,1,0,0.0,0.0,0.0,,0.0
sars_cov_2,MATRIZ DE CAMARAGIBE,5,5,2,0.0,0.0,0.4,,0.2449489742783178
sars_cov_2,MATUPA,61,1442,471,0.0,0.0,0.25092545090069407,46.73841181876456,2.414877777777778
sars_cov_2,MATUREIA,2,9,5,0.0,0.0,0.75,,0.168625
sars_cov_2,MAUA,5,5,0,0.0,0.0,0.0,,0.0
sars_cov_2,MAURITI,1,1,1,0.0,0.0,1.0,,0.0
sars_cov_2,MEDIANEIRA,2,2,2,0.0,0.0,1.0,,0.0
sars_cov_2,MEDICILANDIA,1,1,0,0.0,0.0,0.0,,0.0
sars_cov_2,MENDES,1,2,1,0.0,0.0,0.5,,0.0
sars_cov_2,MERCEDES,1,1,1,0.0,0.0,1.0,,0.0
sars_cov_2,MESQUITA,1,1,0,0.0,0.0,0.0,,0.0
sars_cov_2,MESSIAS,9,13,4,0.0,0.0,0.2777777777777778,,0.6269481116736255
sars_cov_2,MIGUEL ALVES,2,2,2,0.0,0.0,1.0,,0.0
sars_cov_2,MILAGRES,1,1,0,0.0,0.0,0.0,,0.0
sars_cov_2,MINACU,2,3,2,0.0,0.0,0.75,,0.168625
sars_cov_2,MINEIROS,30,60,22,0.0,0.0,0.3638888888888889,,1.6547
sars_cov_2,MINISTRO ANDREAZZA,2,2,0,0.0,0.0,0.0,,0.0
sars_cov_2,MIRA ESTRELA,2,2,1,0.0,0.0,0.5,,0.1349
sars_cov_2,MIRACEMA DO TOCANTINS,2,2,2,0.0,0.0,1.0,,0.0
sars_cov_2,MIRAGUAI,1,1,0,0.0,0.0,0.0,,0.0
sars_cov_2,MIRANDA,2,3,3,0.0,0.0,1.0,,0.168625
sars_cov_2,MIRANDOPOLIS,1,2,0,0.0,0.0,0.0,,0.0
sars_cov_2,MIRANORTE,3,4,0,0.0,0.0,0.0,,0.3535533905932738
sars_cov_2,MIRANTE,1,1,1,0.0,0.0,1.0,,0.0
sars_cov_2,MIRANTE DA SERRA,4,5,1,0.0,0.0,0.25,,0.43301270189221935
sars_cov_2,MIRANTE DO PARANAPANEMA,1,1,0,0.0,0.0,0.0,,0.0
sars_cov_2,MIRASSOL,6,6,2,0.0,0.0,0.3333333333333333,,0.28284271247461906
sars_cov_2,MIRASSOL D''OESTE,120,3646,1277,0.0,0.0,0.18946531436372901,,1.6159255100773047
sars_cov_2,MISSAL,2,2,0,0.0,0.0,0.0,,0.0
sars_cov_2,MOCOCA,2,2,0,0.0,0.0,0.0,,0.0
sars_cov_2,MOEDA,2,2,1,0.0,0.0,0.5,,0.1349
sars_cov_2,MOEMA,1,1,1,0.0,0.0,1.0,,0.0
sars_cov_2,MOGI DAS CRUZES,1,1,1,0.0,0.0,1.0,,0.0
sars_cov_2,MOGI GUACU,2,2,1,0.0,0.0,0.5,,0.1349
sars_cov_2,MOJI MIRIM,1,1,1,0.0,0.0,1.0,,0.0
sars_cov_2,MOJUI DOS CAMPOS,2,2,1,0.0,0.0,0.5,,0.1349
sars_cov_2,MONCAO,2,2,0,0.0,0.0,0.0,,0.0
sars_cov_2,MONTALVANIA,1,2,0,0.0,0.0,0.0,,0.0
sars_cov_2,MONTE ALEGRE,2,2,0,0.0,0.0,0.0,,0.0
sars_cov_2,MONTE ALEGRE DE MINAS,1,1,0,0.0,0.0,0.0,,0.0
sars_cov_2,MONTE ALTO,3,3,0,0.0,0.0,0.0,,0.0
sars_cov_2,MONTE APRAZIVEL,1,1,1,0.0,0.0,1.0,,0.0
sars_cov_2,MONTE CARLO,1,1,1,0.0,0.0,1.0,,0.0
sars_cov_2,MONTE CARMELO,1,1,0,0.0,0.0,0.0,,0.0
sars_cov_2,MONTE CASTELO,1,1,1,0.0,0.0,1.0,,0.0
sars_cov_2,MONTE MOR,1,1,0,0.0,0.0,0.0,,0.0
sars_cov_2,MONTE NEGRO,4,4,3,0.0,0.0,0.75,,0.11547005383792518
sars_cov_2,MONTE SIAO,1,1,0,0.0,0.0,0.0,,0.0
sars_cov_2,MONTEIROPOLIS,2,2,0,0.0,0.0,0.0,,0.0
sars_cov_2,MONTES ALTOS,2,2,0,0.0,0.0,0.0,,0.0
sars_cov_2,MONTES CLAROS,9,11,6,0.0,0.0,0.5,,0.6026071733467426
sars_cov_2,MONTES CLAROS DE GOIAS,1,2,0,0.0,0.0,0.0,,0.0
sars_cov_2,MONTEZUMA,1,1,0,0.0,0.0,0.0,,0.0
sars_cov_2,MONTIVIDIU,1,1,0,0.0,0.0,0.0,,0.0
sars_cov_2,MOREIRA SALES,4,5,3,0.0,0.0,0.5,,0.5679127018922193
sars_cov_2,MORRINHOS,2,2,2,0.0,0.0,1.0,,0.0
sars_cov_2,MORROS,1,1,1,0.0,0.0,1.0,,0.0
sars_cov_2,MOSSORO,2,2,0,0.0,0.0,0.0,,0.0
sars_cov_2,MOZARLANDIA,3,3,1,0.0,0.0,0.3333333333333333,,0.28284271247461906
sars_cov_2,MUCURI,1,1,0,0.0,0.0,0.0,,0.0
sars_cov_2,MUCURICI,1,1,1,0.0,0.0,1.0,,0.0
sars_cov_2,MUNDO NOVO,9,9,0,0.0,0.0,0.0,,0.0
sars_cov_2,MUQUI,1,1,1,0.0,0.0,1.0,,0.0
sars_cov_2,MURICI,4,4,1,0.0,0.0,0.25,,0.3464101615137755
sars_cov_2,MURICILANDIA,1,1,0,0.0,0.0,0.0,,0.0
sars_cov_2,MURITIBA,2,2,0,0.0,0.0,0.0,,0.0
sars_cov_2,MURUTINGA DO SUL,1,1,0,0.0,0.0,0.0,,0.0
sars_cov_2,MUZAMBINHO,1,1,1,0.0,0.0,1.0,,0.0
sars_cov_2,NATAL,13,14,2,0.0,0.0,0.15384615384615385,,0.8660254037844386
sars_cov_2,NAVEGANTES,3,3,0,0.0,0.0,0.0,,0.0
sars_cov_2,NAVIRAI,6,8,2,0.0,0.0,0.2222222222222222,,0.6193192632905001
sars_cov_2,NAZARE PAULISTA,1,1,1,0.0,0.0,1.0,,0.0
sars_cov_2,NEOPOLIS,3,3,1,0.0,0.0,0.3333333333333333,,0.28284271247461906
sars_cov_2,NEROPOLIS,2,2,0,0.0,0.0,0.0,,0.0
sars_cov_2,NHANDEARA,1,1,0,0.0,0.0,0.0,,0.0
sars_cov_2,NILO PECANHA,1,1,1,0.0,0.0,1.0,,0.0
sars_cov_2,NINA RODRIGUES,3,3,3,0.0,0.0,1.0,,0.0
sars_cov_2,NIOAQUE,2,2,0,0.0,0.0,0.0,,0.0
sars_cov_2,NIQUELANDIA,1,1,0,0.0,0.0,0.0,,0.0
sars_cov_2,NITEROI,1,1,0,0.0,0.0,0.0,,0.0
sars_cov_2,NOBRES,118,5532,1590,0.0,0.0,0.1470125602705724,89.88073270360154,3.2710306517454955
sars_cov_2,NORTELANDIA,66,1080,414,0.0,0.0,0.22913699669108611,113.42573271888907,2.131624693094629
sars_cov_2,NOSSA SENHORA DA GLORIA,1,1,0,0.0,0.0,0.0,,0.0
sars_cov_2,NOSSA SENHORA DAS GRACAS,1,2,2,0.0,0.0,1.0,,0.0
sars_cov_2,NOSSA SENHORA DO LIVRAMENTO,146,1764,541,0.0,0.0,0.14998251742951504,30.91504349141298,2.590915336537656
sars_cov_2,NOSSA SENHORA DO SOCORRO,1,1,0,0.0,0.0,0.0,,0.0
sars_cov_2,NOVA ALVORADA DO SUL,5,5,2,0.0,0.0,0.4,,0.2449489742783178
sars_cov_2,NOVA ANDRADINA,7,7,3,0.0,0.0,0.42857142857142855,,0.23094010767585035
sars_cov_2,NOVA AURORA,1,1,0,0.0,0.0,0.0,,0.0
sars_cov_2,NOVA BANDEIRANTES,60,514,376,0.0,0.0,0.4869602050207167,42.21884243024539,2.4136663773416775
sars_cov_2,NOVA BOA VISTA,2,2,0,0.0,0.0,0.0,,0.0
sars_cov_2,NOVA BRASILANDIA,70,1076,444,0.0,0.0,0.2907848011035949,171.31268998251926,2.53671851130148
sars_cov_2,NOVA BRASILANDIA D''OESTE,4,6,1,0.0,0.0,0.08333333333333333,,0.7794228634059948
sars_cov_2,NOVA CANAA,1,1,0,0.0,0.0,0.0,,0.0
sars_cov_2,NOVA CANAA DO NORTE,73,2117,587,0.0,0.0,0.19867400138594565,72.4399584552015,2.638699591002045
sars_cov_2,NOVA ESPERANCA,5,7,2,0.0,0.0,0.2,,0.5511351921262151
sars_cov_2,NOVA ESPERANCA DO PIRIA,1,1,1,0.0,0.0,1.0,,0.0
sars_cov_2,NOVA GLORIA,1,1,1,0.0,0.0,1.0,,0.0
sars_cov_2,NOVA GUARITA,56,1122,400,0.0,0.0,0.20180286554900512,169.00096968457592,2.437361111111111
sars_cov_2,NOVA IGUACU,4,4,3,0.0,0.0,0.75,,0.11547005383792518
sars_cov_2,NOVA IGUACU DE GOIAS,1,1,0,0.0,0.0,0.0,,0.0
sars_cov_2,NOVA LACERDA,68,2094,896,0.0,0.0,0.2985312018657867,193.45700777759356,2.01402004024942
sars_cov_2,NOVA LIMA,1,1,0,0.0,0.0,0.0,,0.0
sars_cov_2,NOVA LONDRINA,1,1,0,0.0,0.0,0.0,,0.0
sars_cov_2,NOVA LUZITANIA,1,1,1,0.0,0.0,1.0,,0.0
sars_cov_2,NOVA MAMORE,2,2,1,0.0,0.0,0.5,,0.1349
sars_cov_2,NOVA MARILANDIA,40,318,118,0.0,0.0,0.32041744611597556,89.51681027708945,1.9532386363636363
sars_cov_2,NOVA MARINGA,51,1012,391,0.0,0.0,0.25717835712600934,88.07502026093556,1.8474329886983794
sars_cov_2,NOVA MONTE VERDE,82,2507,1534,0.0,0.0,0.4088970689010243,205.6916155419223,2.0714150412103134
sars_cov_2,NOVA MUTUM,101,2395,560,0.0,0.0,0.19325321338013737,12.016198267280572,2.2770677716964425
sars_cov_2,NOVA NAZARE,31,121,41,0.0,0.0,0.28848754555585676,35.19207076181392,2.3240650602055584
sars_cov_2,NOVA ODESSA,3,3,0,0.0,0.0,0.0,,0.0
sars_cov_2,NOVA OLIMPIA,68,1746,648,0.0,0.0,0.26311919371007564,49.61183024785672,2.5168443258426967
sars_cov_2,NOVA OLINDA,2,2,2,0.0,0.0,1.0,,0.0
sars_cov_2,NOVA PETROPOLIS,1,1,0,0.0,0.0,0.0,,0.0
sars_cov_2,NOVA PRATA DO IGUACU,1,1,0,0.0,0.0,0.0,,0.0
sars_cov_2,NOVA REDENCAO,1,1,0,0.0,0.0,0.0,,0.0
sars_cov_2,NOVA ROSALANDIA,1,1,0,0.0,0.0,0.0,,0.0
sars_cov_2,NOVA RUSSAS,1,1,0,0.0,0.0,0.0,,0.0
sars_cov_2,NOVA SANTA HELENA,69,1594,503,0.0,0.0,0.17568991469623996,214.64259287006595,2.760355944055944
sars_cov_2,NOVA SERRANA,2,2,1,0.0,0.0,0.5,,0.1349
sars_cov_2,NOVA TEBAS,1,1,0,0.0,0.0,0.0,,0.0
sars_cov_2,NOVA UBIRATA,50,1081,457,0.0,0.0,0.2557711705466648,78.71091816491746,2.632132864763502
sars_cov_2,NOVA UNIAO,1,1,0,0.0,0.0,0.0,,0.0
sars_cov_2,NOVA XAVANTINA,57,1094,424,0.0,0.0,0.2764561328298252,35.46097212491379,2.6959194444444448
sars_cov_2,NOVAIS,1,1,1,0.0,0.0,1.0,,0.0
sars_cov_2,NOVO AIRAO,1,1,0,0.0,0.0,0.0,,0.0
sars_cov_2,NOVO GAMA,1,1,0,0.0,0.0,0.0,,0.0
sars_cov_2,NOVO HAMBURGO,1,1,0,0.0,0.0,0.0,,0.0
sars_cov_2,NOVO HORIZONTE,2,2,1,0.0,0.0,0.5,,0.1349
sars_cov_2,NOVO HORIZONTE DO NORTE,23,35,8,0.0,0.0,0.2608695652173913,8.936750150807658,1.0910438565210203
sars_cov_2,NOVO HORIZONTE DO OESTE,4,8,0,0.0,0.0,0.0,,0.843125
sars_cov_2,NOVO HORIZONTE DO SUL,1,1,0,0.0,0.0,0.0,,0.0
sars_cov_2,NOVO LINO,3,3,0,0.0,0.0,0.0,,0.0
sars_cov_2,NOVO MACHADO,1,1,0,0.0,0.0,0.0,,0.0
sars_cov_2,NOVO MUNDO,41,526,246,0.0,0.0,0.40627122861082904,74.71558484750601,2.445831019772355
sars_cov_2,NOVO ORIENTE,2,2,0,0.0,0.0,0.0,,0.0
sars_cov_2,NOVO PLANALTO,1,1,0,0.0,0.0,0.0,,0.0
sars_cov_2,NOVO PROGRESSO,33,53,18,0.0,0.0,0.25757575757575757,,1.1226248635114593
sars_cov_2,NOVO REPARTIMENTO,2,2,1,0.0,0.0,0.5,,0.1349
sars_cov_2,NOVO SANTO ANTONIO,10,16,7,0.0,0.0,0.36666666666666664,25.279884434814015,1.6283847361391248
sars_cov_2,NOVO SAO JOAQUIM,30,419,126,0.0,0.0,0.2719847915242652,86.78839440779538,1.402973768943616
sars_cov_2,OBIDOS,2,3,2,0.0,0.0,0.5,,0.303525
sars_cov_2,OLHO D''AGUA DAS CUNHAS,1,1,0,0.0,0.0,0.0,,0.0
sars_cov_2,OLHO D''AGUA DO CASADO,1,1,0,0.0,0.0,0.0,,0.0
sars_cov_2,OLINDA,1,1,0,0.0,0.0,0.0,,0.0
sars_cov_2,OLINDA NOVA DO MARANHAO,2,2,1,0.0,0.0,0.5,,0.1349
sars_cov_2,OLIVEIRA,1,1,1,0.0,0.0,1.0,,0.0
sars_cov_2,OLIVEIRA DOS BREJINHOS,2,2,0,0.0,0.0,0.0,,0.0
sars_cov_2,ORIENTE,1,1,1,0.0,0.0,1.0,,0.0
sars_cov_2,ORIXIMINA,2,2,0,0.0,0.0,0.0,,0.0
sars_cov_2,ORLEANS,3,5,3,0.0,0.0,0.3333333333333333,,0.6363961030678928
sars_cov_2,OROS,1,1,0,0.0,0.0,0.0,,0.0
sars_cov_2,ORTIGUEIRA,1,1,1,0.0,0.0,1.0,,0.0
sars_cov_2,OSASCO,5,5,2,0.0,0.0,0.4,,0.2449489742783178
sars_cov_2,OSORIO,1,1,0,0.0,0.0,0.0,,0.0
sars_cov_2,OURILANDIA DO NORTE,3,3,1,0.0,0.0,0.3333333333333333,,0.28284271247461906
sars_cov_2,OURINHOS,3,3,1,0.0,0.0,0.3333333333333333,,0.28284271247461906
sars_cov_2,OURIZONA,1,1,1,0.0,0.0,1.0,,0.0
sars_cov_2,OURO FINO,1,1,0,0.0,0.0,0.0,,0.0
sars_cov_2,OURO PRETO,2,2,1,0.0,0.0,0.5,,0.1349
sars_cov_2,OURO PRETO DO OESTE,19,22,5,0.0,0.0,0.15789473684210525,,1.093076966165869
sars_cov_2,OURO VERDE,2,2,0,0.0,0.0,0.0,,0.0
sars_cov_2,OURO VERDE DO OESTE,3,3,2,0.0,0.0,0.6666666666666666,,0.14142135623730953
sars_cov_2,OUROESTE,2,2,1,0.0,0.0,0.5,,0.1349
sars_cov_2,PACAEMBU,1,1,1,0.0,0.0,1.0,,0.0
sars_cov_2,PACAJA,3,3,1,0.0,0.0,0.3333333333333333,,0.28284271247461906
sars_cov_2,PACAJUS,1,1,1,0.0,0.0,1.0,,0.0
sars_cov_2,PACARAIMA,20,31,10,0.0,0.0,0.325,,0.505875
sars_cov_2,PACO DO LUMIAR,3,3,1,0.0,0.0,0.3333333333333333,,0.28284271247461906
sars_cov_2,PADRE BERNARDO,1,1,0,0.0,0.0,0.0,,0.0
sars_cov_2,PADRE MARCOS,1,1,0,0.0,0.0,0.0,,0.0
sars_cov_2,PAICANDU,2,2,2,0.0,0.0,1.0,,0.0
sars_cov_2,PALESTINA,2,2,0,0.0,0.0,0.0,,0.0
sars_cov_2,PALESTINA DE GOIAS,1,1,1,0.0,0.0,1.0,,0.0
sars_cov_2,PALHOCA,4,5,1,0.0,0.0,0.25,,0.43301270189221935
sars_cov_2,PALMA SOLA,1,1,0,0.0,0.0,0.0,,0.0
sars_cov_2,PALMARES,5,5,1,0.0,0.0,0.2,,0.39999999999999997
sars_cov_2,PALMAS,19,30,9,0.0,0.0,0.2807017543859649,,0.7294640464307446
sars_cov_2,PALMEIRA D''OESTE,3,3,1,0.0,0.0,0.3333333333333333,,0.28284271247461906
sars_cov_2,PALMEIRA DOS INDIOS,1,2,0,0.0,0.0,0.0,,0.0
sars_cov_2,PALMEIRAS DE GOIAS,2,2,1,0.0,0.0,0.5,,0.1349
sars_cov_2,PALMITAL,3,3,1,0.0,0.0,0.3333333333333333,,0.28284271247461906
sars_cov_2,PALMITOS,1,2,0,0.0,0.0,0.0,,0.0
sars_cov_2,PALOTINA,3,3,0,0.0,0.0,0.0,,0.0
sars_cov_2,PANAMBI,4,5,1,0.0,0.0,0.25,,0.43301270189221935
sars_cov_2,PANELAS,2,2,2,0.0,0.0,1.0,,0.0
sars_cov_2,PANORAMA,4,5,0,0.0,0.0,0.0,,0.43301270189221935
sars_cov_2,PAO DE ACUCAR,2,2,1,0.0,0.0,0.5,,0.1349
sars_cov_2,PARACAMBI,1,1,1,0.0,0.0,1.0,,0.0
sars_cov_2,PARACATU,1,1,0,0.0,0.0,0.0,,0.0
sars_cov_2,PARAGOMINAS,9,9,0,0.0,0.0,0.0,,0.0
sars_cov_2,PARAGUACU,1,1,1,0.0,0.0,1.0,,0.0
sars_cov_2,PARAGUACU PAULISTA,5,5,1,0.0,0.0,0.2,,0.39999999999999997
sars_cov_2,PARAIBA DO SUL,1,2,0,0.0,0.0,0.0,,0.0
sars_cov_2,PARAIBUNA,1,1,0,0.0,0.0,0.0,,0.0
sars_cov_2,PARAISO,1,1,1,0.0,0.0,1.0,,0.0
sars_cov_2,PARAISO DAS AGUAS,1,1,0,0.0,0.0,0.0,,0.0
sars_cov_2,PARAISO DO NORTE,3,3,1,0.0,0.0,0.3333333333333333,,0.28284271247461906
sars_cov_2,PARAISO DO TOCANTINS,2,2,0,0.0,0.0,0.0,,0.0
sars_cov_2,PARAMIRIM,1,1,0,0.0,0.0,0.0,,0.0
sars_cov_2,PARAMOTI,1,1,1,0.0,0.0,1.0,,0.0
sars_cov_2,PARANA,2,2,1,0.0,0.0,0.5,,0.1349
sars_cov_2,PARANACITY,2,2,0,0.0,0.0,0.0,,0.0
sars_cov_2,PARANAGUA,3,3,0,0.0,0.0,0.0,,0.0
sars_cov_2,PARANAIBA,10,10,4,0.0,0.0,0.4,,0.2449489742783178
sars_cov_2,PARANAIGUARA,1,1,1,0.0,0.0,1.0,,0.0
sars_cov_2,PARANAITA,103,4762,2633,0.0,0.0,0.40919034382631503,228.32181898271924,2.5484126421404683
sars_cov_2,PARANAPOEMA,1,1,1,0.0,0.0,1.0,,0.0
sars_cov_2,PARANATINGA,60,995,308,0.0,0.0,0.20932898554308366,23.539811170730225,2.241515931035711
sars_cov_2,PARANAVAI,7,11,5,0.0,0.0,0.42857142857142855,,0.7212304455213104
sars_cov_2,PARANHOS,3,3,0,0.0,0.0,0.0,,0.0
sars_cov_2,PARATINGA,1,1,1,0.0,0.0,1.0,,0.0
sars_cov_2,PARAUAPEBAS,18,28,8,0.0,0.0,0.3333333333333333,,0.6850096942744679
sars_cov_2,PARECIS,2,2,1,0.0,0.0,0.5,,0.1349
sars_cov_2,PARELHAS,1,1,0,0.0,0.0,0.0,,0.0
sars_cov_2,PARICONHA,1,1,0,0.0,0.0,0.0,,0.0
sars_cov_2,PARINTINS,2,2,0,0.0,0.0,0.0,,0.0
sars_cov_2,PARIPUEIRA,2,2,1,0.0,0.0,0.5,,0.1349
sars_cov_2,PARNAIBA,2,2,1,0.0,0.0,0.5,,0.1349
sars_cov_2,PARNAMIRIM,4,4,0,0.0,0.0,0.0,,0.0
sars_cov_2,PARNARAMA,4,4,2,0.0,0.0,0.5,,0.1349
sars_cov_2,PASSA QUATRO,1,1,1,0.0,0.0,1.0,,0.0
sars_cov_2,PASSAGEM FRANCA,2,2,1,0.0,0.0,0.5,,0.1349
sars_cov_2,PASSO FUNDO,6,8,2,0.0,0.0,0.3333333333333333,,0.3535533905932738
sars_cov_2,PATO BRAGADO,2,2,1,0.0,0.0,0.5,,0.1349
sars_cov_2,PATO BRANCO,5,7,0,0.0,0.0,0.0,,0.49999999999999994
sars_cov_2,PATOS,1,1,1,0.0,0.0,1.0,,0.0
sars_cov_2,PATOS DE MINAS,9,10,4,0.0,0.0,0.3888888888888889,,0.7556139061938141
sars_cov_2,PATROCINIO,2,2,0,0.0,0.0,0.0,,0.0
sars_cov_2,PATROCINIO PAULISTA,1,1,0,0.0,0.0,0.0,,0.0
sars_cov_2,PAU DOS FERROS,1,1,0,0.0,0.0,0.0,,0.0
sars_cov_2,PAULICEIA,2,2,2,0.0,0.0,1.0,,0.0
sars_cov_2,PAULINIA,3,3,1,0.0,0.0,0.3333333333333333,,0.28284271247461906
sars_cov_2,PAULINO NEVES,1,1,0,0.0,0.0,0.0,,0.0
sars_cov_2,PAULISTA,3,3,0,0.0,0.0,0.0,,0.0
sars_cov_2,PAULISTANA,1,1,0,0.0,0.0,0.0,,0.0
sars_cov_2,PAULO AFONSO,6,6,4,0.0,0.0,0.6666666666666666,,0.14142135623730953
sars_cov_2,PAULO DE FARIA,1,1,0,0.0,0.0,0.0,,0.0
sars_cov_2,PAULO RAMOS,10,10,4,0.0,0.0,0.4,,0.24494897427831785
sars_cov_2,PEABIRU,1,1,1,0.0,0.0,1.0,,0.0
sars_cov_2,PEDERNEIRAS,1,1,0,0.0,0.0,0.0,,0.0
sars_cov_2,PEDRA BRANCA DO AMAPARI,1,1,0,0.0,0.0,0.0,,0.0
sars_cov_2,PEDRA PRETA,39,113,38,0.0,0.0,0.2501165501165501,5.839731748704371,2.2103306849094526
sars_cov_2,PEDREIRA,1,1,0,0.0,0.0,0.0,,0.0
sars_cov_2,PEDREIRAS,3,3,0,0.0,0.0,0.0,,0.0
sars_cov_2,PEDRINHAS PAULISTA,1,1,1,0.0,0.0,1.0,,0.0
sars_cov_2,PEDRO AFONSO,1,1,1,0.0,0.0,1.0,,0.0
sars_cov_2,PEDRO CANARIO,1,1,1,0.0,0.0,1.0,,0.0
sars_cov_2,PEDRO DE TOLEDO,2,2,0,0.0,0.0,0.0,,0.0
sars_cov_2,PEDRO DO ROSARIO,2,4,2,0.0,0.0,0.5,,0.0
sars_cov_2,PEDRO GOMES,10,11,7,0.0,0.0,0.7,,0.75
sars_cov_2,PEIXE,4,4,1,0.0,0.0,0.25,,0.3464101615137755
sars_cov_2,PEIXOTO DE AZEVEDO,58,1530,622,0.0,0.0,0.24800586844224728,33.54874163591982,2.4680079859551003
sars_cov_2,PENALVA,2,2,1,0.0,0.0,0.5,,0.1349
sars_cov_2,PENAPOLIS,1,1,0,0.0,0.0,0.0,,0.0
sars_cov_2,PENEDO,4,5,1,0.0,0.0,0.125,,0.7794228634059949
sars_cov_2,PENHA,2,3,1,0.0,0.0,0.25,,0.303525
sars_cov_2,PEQUIZEIRO,1,1,1,0.0,0.0,1.0,,0.0
sars_cov_2,PERDOES,1,1,1,0.0,0.0,1.0,,0.0
sars_cov_2,PEREIRA BARRETO,2,4,1,0.0,0.0,0.16666666666666666,,0.303525
sars_cov_2,PEREIRO,1,1,1,0.0,0.0,1.0,,0.0
sars_cov_2,PEROLA,2,3,1,0.0,0.0,0.5,,0.168625
sars_cov_2,PEROLA D''OESTE,1,1,0,0.0,0.0,0.0,,0.0
sars_cov_2,PEROLANDIA,1,1,0,0.0,0.0,0.0,,0.0
sars_cov_2,PERUIBE,1,1,1,0.0,0.0,1.0,,0.0
sars_cov_2,PESQUEIRA,3,3,1,0.0,0.0,0.3333333333333333,,0.28284271247461906
sars_cov_2,PETROLANDIA,1,1,0,0.0,0.0,0.0,,0.0
sars_cov_2,PETROLINA,3,3,1,0.0,0.0,0.3333333333333333,,0.28284271247461906
sars_cov_2,PETROLINA DE GOIAS,1,1,1,0.0,0.0,1.0,,0.0
sars_cov_2,PETROPOLIS,2,2,1,0.0,0.0,0.5,,0.1349
sars_cov_2,PICARRA,1,1,0,0.0,0.0,0.0,,0.0
sars_cov_2,PIEDADE,1,1,0,0.0,0.0,0.0,,0.0
sars_cov_2,PILAO ARCADO,1,1,0,0.0,0.0,0.0,,0.0
sars_cov_2,PILAR,2,2,1,0.0,0.0,0.5,,0.1349
sars_cov_2,PILAR DE GOIAS,1,1,0,0.0,0.0,0.0,,0.0
sars_cov_2,PILAR DO SUL,1,1,1,0.0,0.0,1.0,,0.0
sars_cov_2,PIMENTA BUENO,10,15,6,0.0,0.0,0.4,,0.573325
sars_cov_2,PIMENTEIRAS DO OESTE,4,4,2,0.0,0.0,0.5,,0.1349
sars_cov_2,PINDARE-MIRIM,4,5,2,0.0,0.0,0.375,,0.5679127018922193
sars_cov_2,PINDOBA,1,1,0,0.0,0.0,0.0,,0.0
sars_cov_2,PINDOBACU,1,1,0,0.0,0.0,0.0,,0.0
sars_cov_2,PINHAIS,8,9,4,0.0,0.0,0.4375,,0.7963378277661476
sars_cov_2,PINHALAO,2,2,1,0.0,0.0,0.5,,0.1349
sars_cov_2,PINHEIRO,6,7,2,0.0,0.0,0.3333333333333333,,0.5590169943749475
sars_cov_2,PINTADAS,1,1,0,0.0,0.0,0.0,,0.0
sars_cov_2,PIO IX,1,1,0,0.0,0.0,0.0,,0.0
sars_cov_2,PIO XII,5,5,5,0.0,0.0,1.0,,0.0
sars_cov_2,PIQUEROBI,1,1,1,0.0,0.0,1.0,,0.0
sars_cov_2,PIRACAIA,2,2,1,0.0,0.0,0.5,,0.1349
sars_cov_2,PIRACANJUBA,2,2,1,0.0,0.0,0.5,,0.1349
sars_cov_2,PIRACICABA,8,11,7,0.0,0.0,0.625,,0.45764861218395136
sars_cov_2,PIRACURUCA,1,1,0,0.0,0.0,0.0,,0.0
sars_cov_2,PIRAJU,1,1,1,0.0,0.0,1.0,,0.0
sars_cov_2,PIRAMBU,1,1,0,0.0,0.0,0.0,,0.0
sars_cov_2,PIRANGI,1,1,1,0.0,0.0,1.0,,0.0
sars_cov_2,PIRANHAS,10,12,3,0.0,0.0,0.2,,0.8999999999999999
sars_cov_2,PIRAPEMAS,3,3,1,0.0,0.0,0.3333333333333333,,0.28284271247461906
sars_cov_2,PIRAPOZINHO,2,2,1,0.0,0.0,0.5,,0.1349
sars_cov_2,PIRAQUARA,3,3,1,0.0,0.0,0.3333333333333333,,0.28284271247461906
sars_cov_2,PIRASSUNUNGA,2,2,1,0.0,0.0,0.5,,0.1349
sars_cov_2,PIRATINI,1,1,0,0.0,0.0,0.0,,0.0
sars_cov_2,PIRAUBA,1,1,0,0.0,0.0,0.0,,0.0
sars_cov_2,PIRES FERREIRA,1,1,0,0.0,0.0,0.0,,0.0
sars_cov_2,PIRPIRITUBA,1,1,1,0.0,0.0,1.0,,0.0
sars_cov_2,PITANGA,1,1,1,0.0,0.0,1.0,,0.0
sars_cov_2,PITANGUEIRAS,2,2,0,0.0,0.0,0.0,,0.0
sars_cov_2,PITIMBU,1,1,1,0.0,0.0,1.0,,0.0
sars_cov_2,PLACAS,3,4,1,0.0,0.0,0.16666666666666666,,0.6363961030678928
sars_cov_2,PLACIDO DE CASTRO,6,7,1,0.0,0.0,0.16666666666666666,,0.5590169943749475
sars_cov_2,PLANALTINA,1,1,0,0.0,0.0,0.0,,0.0
sars_cov_2,PLANALTINA DO PARANA,1,1,0,0.0,0.0,0.0,,0.0
sars_cov_2,PLANALTO,2,2,1,0.0,0.0,0.5,,0.1349
sars_cov_2,PLANALTO DA SERRA,45,200,97,0.0,0.0,0.24445566778900113,74.30546336886957,2.5175263668301064
sars_cov_2,POA,1,1,0,0.0,0.0,0.0,,0.0
sars_cov_2,POCAO DE PEDRAS,4,4,1,0.0,0.0,0.25,,0.3464101615137755
sars_cov_2,POCO DAS TRINCHEIRAS,2,2,2,0.0,0.0,1.0,,0.0
sars_cov_2,POCONE,142,9667,2028,0.0,0.0,0.12199145900797746,45.58713140499896,2.1508931328852965
sars_cov_2,POCOS DE CALDAS,4,4,1,0.0,0.0,0.25,,0.3464101615137755
sars_cov_2,POCRANE,1,1,0,0.0,0.0,0.0,,0.0
sars_cov_2,POMBAL,2,2,0,0.0,0.0,0.0,,0.0
sars_cov_2,POMBOS,1,1,0,0.0,0.0,0.0,,0.0
sars_cov_2,POMERODE,2,2,1,0.0,0.0,0.5,,0.1349
sars_cov_2,PONTA GROSSA,6,6,2,0.0,0.0,0.3333333333333333,,0.28284271247461906
sars_cov_2,PONTA PORA,26,36,7,0.0,0.0,0.22115384615384615,,0.9709588621285837
sars_cov_2,PONTAL,1,1,1,0.0,0.0,1.0,,0.0
sars_cov_2,PONTAL DO ARAGUAIA,43,343,144,0.0,0.0,0.3348690968714009,49.18917259580721,1.7186610389610388
sars_cov_2,PONTAL DO PARANA,2,2,0,0.0,0.0,0.0,,0.0
sars_cov_2,PONTALINDA,1,1,0,0.0,0.0,0.0,,0.0
sars_cov_2,PONTE BRANCA,23,149,41,0.0,0.0,0.2996376811594203,116.20659202108173,1.5119416918637387
sars_cov_2,PONTE SERRADA,1,1,1,0.0,0.0,1.0,,0.0
sars_cov_2,PONTES E LACERDA,100,5600,1749,0.0,0.0,0.14442086202403998,39.876377213801504,2.378592222120636
sars_cov_2,PONTO BELO,1,1,0,0.0,0.0,0.0,,0.0
sars_cov_2,POPULINA,1,1,0,0.0,0.0,0.0,,0.0
sars_cov_2,PORANGATU,3,3,1,0.0,0.0,0.3333333333333333,,0.28284271247461906
sars_cov_2,PORECATU,1,1,0,0.0,0.0,0.0,,0.0
sars_cov_2,PORTEIRINHA,1,1,1,0.0,0.0,1.0,,0.0
sars_cov_2,PORTELANDIA,2,2,0,0.0,0.0,0.0,,0.0
sars_cov_2,PORTO,2,2,0,0.0,0.0,0.0,,0.0
sars_cov_2,PORTO ACRE,1,1,0,0.0,0.0,0.0,,0.0
sars_cov_2,PORTO ALEGRE,14,20,9,0.0,0.0,0.42857142857142855,,0.6933751345948129
sars_cov_2,PORTO ALEGRE DO NORTE,36,228,97,0.0,0.0,0.2859071733666509,21.003280455326475,1.6999947820919197
sars_cov_2,PORTO ALEGRE DO TOCANTINS,2,2,0,0.0,0.0,0.0,,0.0
sars_cov_2,PORTO BARREIRO,1,1,0,0.0,0.0,0.0,,0.0
sars_cov_2,PORTO CALVO,1,1,0,0.0,0.0,0.0,,0.0
sars_cov_2,PORTO DE MOZ,1,1,0,0.0,0.0,0.0,,0.0
sars_cov_2,PORTO DE PEDRAS,1,1,1,0.0,0.0,1.0,,0.0
sars_cov_2,PORTO DOS GAUCHOS,21,23,10,0.0,0.0,0.38095238095238093,9.269664423203208,1.4782166609928966
sars_cov_2,PORTO ESPERIDIAO,66,1215,456,0.0,0.0,0.2980906456767708,61.93864705599232,2.5799770974099103
sars_cov_2,PORTO ESTRELA,37,182,59,0.0,0.0,0.21928458050749072,56.814071292100245,2.302792683955058
sars_cov_2,PORTO FERREIRA,2,4,2,0.0,0.0,0.3333333333333333,,0.303525
sars_cov_2,PORTO FRANCO,2,2,2,0.0,0.0,1.0,,0.0
sars_cov_2,PORTO GRANDE,1,1,0,0.0,0.0,0.0,,0.0
sars_cov_2,PORTO LUCENA,1,1,0,0.0,0.0,0.0,,0.0
sars_cov_2,PORTO NACIONAL,5,5,2,0.0,0.0,0.4,,0.2449489742783178
sars_cov_2,PORTO SEGURO,4,5,0,0.0,0.0,0.0,,0.43301270189221935
sars_cov_2,PORTO VELHO,59,147,45,0.0,0.0,0.2830508474576271,,1.1980867853274448
sars_cov_2,PORTO XAVIER,1,1,1,0.0,0.0,1.0,,0.0
sars_cov_2,POSSE,1,1,0,0.0,0.0,0.0,,0.0
sars_cov_2,POTENGI,2,2,2,0.0,0.0,1.0,,0.0
sars_cov_2,POTIRAGUA,1,1,1,0.0,0.0,1.0,,0.0
sars_cov_2,POTIRENDABA,1,1,1,0.0,0.0,1.0,,0.0
sars_cov_2,POXOREO,52,181,42,0.0,0.0,0.2109765304372328,,1.2764511473302351
sars_cov_2,PRADO FERREIRA,2,3,2,0.0,0.0,0.5,,0.303525
sars_cov_2,PRAINHA,3,4,2,0.0,0.0,0.6666666666666666,,0.3535533905932738
sars_cov_2,PRATA,5,6,3,0.0,0.0,0.6,,0.49999999999999994
sars_cov_2,PRESIDENTE DUTRA,5,5,1,0.0,0.0,0.2,,0.4
sars_cov_2,PRESIDENTE EPITACIO,3,3,2,0.0,0.0,0.6666666666666666,,0.14142135623730953
sars_cov_2,PRESIDENTE FIGUEIREDO,5,6,2,0.0,0.0,0.4,,0.49999999999999994
sars_cov_2,PRESIDENTE MEDICI,14,20,4,0.0,0.0,0.16666666666666666,,0.7259314608063432
sars_cov_2,PRESIDENTE PRUDENTE,17,22,6,0.0,0.0,0.1568627450980392,,1.088078798859543
sars_cov_2,PRESIDENTE SARNEY,2,2,0,0.0,0.0,0.0,,0.0
sars_cov_2,PRESIDENTE VENCESLAU,8,8,2,0.0,0.0,0.25,,0.3464101615137755
sars_cov_2,PRIMAVERA,1,1,0,0.0,0.0,0.0,,0.0
sars_cov_2,PRIMAVERA DE RONDONIA,1,1,1,0.0,0.0,1.0,,0.0
sars_cov_2,PRIMAVERA DO LESTE,205,2640,405,0.0,0.0,0.09245035689281401,3.603284776008824,2.862866911858845
sars_cov_2,PRIMEIRA CRUZ,1,1,1,0.0,0.0,1.0,,0.0
sars_cov_2,PROMISSAO,3,3,3,0.0,0.0,1.0,,0.0
sars_cov_2,QUATRO BARRAS,3,4,2,0.0,0.0,0.6666666666666666,,0.3535533905932738
sars_cov_2,QUEBRANGULO,1,1,1,0.0,0.0,1.0,,0.0
sars_cov_2,QUEDAS DO IGUACU,2,2,0,0.0,0.0,0.0,,0.0
sars_cov_2,QUEIMADOS,1,1,0,0.0,0.0,0.0,,0.0
sars_cov_2,QUERENCIA,72,1292,624,0.0,0.0,0.293756127886524,46.49135887969699,2.834747983870968
sars_cov_2,QUERENCIA DO NORTE,1,1,1,0.0,0.0,1.0,,0.0
sars_cov_2,QUIPAPA,1,1,0,0.0,0.0,0.0,,0.0
sars_cov_2,QUIRINOPOLIS,11,14,4,0.0,0.0,0.25757575757575757,,0.739693765503993
sars_cov_2,QUITERIANOPOLIS,3,3,0,0.0,0.0,0.0,,0.0
sars_cov_2,QUIXABEIRA,4,4,1,0.0,0.0,0.25,,0.3464101615137755
sars_cov_2,RANCHARIA,2,2,0,0.0,0.0,0.0,,0.0
sars_cov_2,RANCHO ALEGRE,1,1,0,0.0,0.0,0.0,,0.0
sars_cov_2,REALEZA,1,1,1,0.0,0.0,1.0,,0.0
sars_cov_2,RECIFE,15,17,6,0.0,0.0,0.4,,0.6373774391990982
sars_cov_2,REDENCAO,9,11,2,0.0,0.0,0.2222222222222222,,0.4677071733467426
sars_cov_2,REDENTORA,1,1,1,0.0,0.0,1.0,,0.0
sars_cov_2,REGENTE FEIJO,1,1,1,0.0,0.0,1.0,,0.0
sars_cov_2,REGISTRO,1,1,0,0.0,0.0,0.0,,0.0
sars_cov_2,RESENDE,3,5,2,0.0,0.0,0.5,,0.17677669529663684
sars_cov_2,RESERVA,1,1,1,0.0,0.0,1.0,,0.0
sars_cov_2,RESERVA DO CABACAL,48,536,174,0.0,0.0,0.20944310305238298,142.02216827175852,2.4809497874436937
sars_cov_2,RESERVA DO IGUACU,1,1,1,0.0,0.0,1.0,,0.0
sars_cov_2,RESPLENDOR,1,1,0,0.0,0.0,0.0,,0.0
sars_cov_2,RIACHINHO,2,2,0,0.0,0.0,0.0,,0.0
sars_cov_2,RIACHO DE SANTANA,4,5,3,0.0,0.0,0.5,,0.5679127018922193
sars_cov_2,RIACHO DOS MACHADOS,1,1,0,0.0,0.0,0.0,,0.0
sars_cov_2,RIACHUELO,1,2,0,0.0,0.0,0.0,,0.0
sars_cov_2,RIBAMAR FIQUENE,1,1,0,0.0,0.0,0.0,,0.0
sars_cov_2,RIBAS DO RIO PARDO,1,1,0,0.0,0.0,0.0,,0.0
sars_cov_2,RIBEIRAO,1,1,0,0.0,0.0,0.0,,0.0
sars_cov_2,RIBEIRAO CASCALHEIRA,37,1006,360,0.0,0.0,0.2669885209838802,95.91254001007198,2.729019379926802
sars_cov_2,RIBEIRAO DAS NEVES,3,3,0,0.0,0.0,0.0,,0.0
sars_cov_2,RIBEIRAO PIRES,1,1,0,0.0,0.0,0.0,,0.0
sars_cov_2,RIBEIRAO PRETO,17,25,6,0.0,0.0,0.18627450980392157,,0.9440663772057969
sars_cov_2,RIBEIRAOZINHO,9,16,9,0.0,0.0,0.6111111111111112,41.0643614647909,1.6341463303224855
sars_cov_2,RIO BONITO DO IGUACU,3,3,1,0.0,0.0,0.3333333333333333,,0.28284271247461906
sars_cov_2,RIO BRANCO,78,1390,527,0.0,0.0,0.321886164351704,141.6591651348864,1.8411789233786993
sars_cov_2,RIO BRANCO DO IVAI,1,1,0,0.0,0.0,0.0,,0.0
sars_cov_2,RIO BRILHANTE,13,17,6,0.0,0.0,0.46153846153846156,,0.37499999999999994
sars_cov_2,RIO CLARO,3,3,1,0.0,0.0,0.3333333333333333,,0.28284271247461906
sars_cov_2,RIO CRESPO,1,1,1,0.0,0.0,1.0,,0.0
sars_cov_2,RIO DE JANEIRO,42,91,18,0.0,0.0,0.196031746031746,,1.3354479890627404
sars_cov_2,RIO DO OESTE,2,2,0,0.0,0.0,0.0,,0.0
sars_cov_2,RIO DOS CEDROS,1,1,0,0.0,0.0,0.0,,0.0
sars_cov_2,RIO FORTUNA,1,1,1,0.0,0.0,1.0,,0.0
sars_cov_2,RIO GRANDE,1,1,1,0.0,0.0,1.0,,0.0
sars_cov_2,RIO GRANDE DO PIAUI,1,1,1,0.0,0.0,1.0,,0.0
sars_cov_2,RIO LARGO,7,9,2,0.0,0.0,0.2857142857142857,,0.39528470752104733
sars_cov_2,RIO MARIA,3,3,2,0.0,0.0,0.6666666666666666,,0.14142135623730953
sars_cov_2,RIO NEGRINHO,1,1,0,0.0,0.0,0.0,,0.0
sars_cov_2,RIO NEGRO,3,3,0,0.0,0.0,0.0,,0.0
sars_cov_2,RIO PIRACICABA,1,1,0,0.0,0.0,0.0,,0.0
sars_cov_2,RIO VERDE,20,42,13,0.0,0.0,0.29166666666666663,,0.8554068067466581
sars_cov_2,RIO VERDE DE MATO GROSSO,14,15,5,0.0,0.0,0.32142857142857145,,0.9811965073127595
sars_cov_2,RIOLANDIA,1,1,1,0.0,0.0,1.0,,0.0
sars_cov_2,RODELAS,1,1,0,0.0,0.0,0.0,,0.0
sars_cov_2,ROLANDIA,4,4,2,0.0,0.0,0.5,,0.1349
sars_cov_2,ROLIM DE MOURA,29,41,15,0.0,0.0,0.3275862068965517,,0.617059966858378
sars_cov_2,ROMELANDIA,1,1,1,0.0,0.0,1.0,,0.0
sars_cov_2,RONDA ALTA,1,1,1,0.0,0.0,1.0,,0.0
sars_cov_2,RONDOLANDIA,1,2,0,0.0,0.0,0.0,0.0,0.15158922262105873
sars_cov_2,RONDON,1,1,1,0.0,0.0,1.0,,0.0
sars_cov_2,RONDON DO PARA,5,5,2,0.0,0.0,0.4,,0.2449489742783178
sars_cov_2,RONDONOPOLIS,161,10378,2961,0.0,0.0,0.15962435541343073,8.877749107673084,2.3671835489659245
sars_cov_2,RORAINOPOLIS,4,6,1,0.0,0.0,0.125,,0.5150351615137755
sars_cov_2,ROSANA,5,5,2,0.0,0.0,0.4,,0.2449489742783178
sars_cov_2,ROSARIO,1,1,0,0.0,0.0,0.0,,0.0
sars_cov_2,ROSARIO DO CATETE,1,1,0,0.0,0.0,0.0,,0.0
sars_cov_2,ROSARIO DO SUL,1,1,1,0.0,0.0,1.0,,0.0
sars_cov_2,ROSARIO OESTE,92,2409,780,0.0,0.0,0.13533874205072274,53.318161249232865,2.828387161736532
sars_cov_2,RUBIATABA,2,2,1,0.0,0.0,0.5,,0.1349
sars_cov_2,RUBINEIA,1,1,1,0.0,0.0,1.0,,0.0
sars_cov_2,RUROPOLIS,5,5,1,0.0,0.0,0.2,,0.39999999999999997
sars_cov_2,SABARA,1,1,0,0.0,0.0,0.0,,0.0
sars_cov_2,SALGADO,1,1,0,0.0,0.0,0.0,,0.0
sars_cov_2,SALGUEIRO,1,1,1,0.0,0.0,1.0,,0.0
sars_cov_2,SALINAS,1,1,0,0.0,0.0,0.0,,0.0
sars_cov_2,SALINOPOLIS,1,1,1,0.0,0.0,1.0,,0.0
sars_cov_2,SALITRE,1,1,0,0.0,0.0,0.0,,0.0
sars_cov_2,SALTO,7,7,3,0.0,0.0,0.42857142857142855,,0.23094010767585035
sars_cov_2,SALTO DO CEU,68,902,389,0.0,0.0,0.3199201610844473,171.04060011603647,2.5529898524175216
sars_cov_2,SALTO DO LONTRA,1,1,0,0.0,0.0,0.0,,0.0
sars_cov_2,SALVADOR,15,22,5,0.0,0.0,0.26666666666666666,,0.7160894433721886
sars_cov_2,SANCLERLANDIA,3,3,3,0.0,0.0,1.0,,0.0
sars_cov_2,SANGAO,1,1,1,0.0,0.0,1.0,,0.0
sars_cov_2,SANTA ALBERTINA,1,1,0,0.0,0.0,0.0,,0.0
sars_cov_2,SANTA BARBARA,1,1,0,0.0,0.0,0.0,,0.0
sars_cov_2,SANTA BARBARA D''OESTE,5,6,3,0.0,0.0,0.4,,0.7449489742783177
sars_cov_2,SANTA BARBARA DE GOIAS,3,4,1,0.0,0.0,0.3333333333333333,,0.3535533905932738
sars_cov_2,SANTA BARBARA DO PARA,2,2,0,0.0,0.0,0.0,,0.0
sars_cov_2,SANTA BRIGIDA,1,1,0,0.0,0.0,0.0,,0.0
sars_cov_2,SANTA CARMEM,28,461,179,0.0,0.0,0.3622686144560786,133.60769705529498,2.25032595788747
sars_cov_2,SANTA CRUZ,3,3,1,0.0,0.0,0.3333333333333333,,0.28284271247461906
sars_cov_2,SANTA CRUZ DE MONTE CASTELO,2,2,0,0.0,0.0,0.0,,0.0
sars_cov_2,SANTA CRUZ DO RIO PARDO,1,1,0,0.0,0.0,0.0,,0.0
sars_cov_2,SANTA CRUZ DO XINGU,11,13,1,0.0,0.0,0.09090909090909091,3.367003367003367,1.4090920853229827
sars_cov_2,SANTA FE,2,2,2,0.0,0.0,1.0,,0.0
sars_cov_2,SANTA FE DE GOIAS,5,6,0,0.0,0.0,0.0,,0.5
sars_cov_2,SANTA FE DO SUL,5,6,1,0.0,0.0,0.2,,0.5
sars_cov_2,SANTA FILOMENA DO MARANHAO,1,1,1,0.0,0.0,1.0,,0.0
sars_cov_2,SANTA HELENA,9,10,1,0.0,0.0,0.1111111111111111,,0.7071067811865475
sars_cov_2,SANTA HELENA DE GOIAS,9,10,7,0.0,0.0,0.6666666666666666,,0.848528137423857
sars_cov_2,SANTA INES,10,12,3,0.0,0.0,0.25,,0.6240347345892084
sars_cov_2,SANTA ISABEL,2,2,1,0.0,0.0,0.5,,0.1349
sars_cov_2,SANTA IZABEL DO OESTE,3,3,2,0.0,0.0,0.6666666666666666,,0.14142135623730953
sars_cov_2,SANTA LUCIA,1,1,0,0.0,0.0,0.0,,0.0
sars_cov_2,SANTA LUZIA,9,20,5,0.0,0.0,0.3148148148148148,,0.5303354235325031
sars_cov_2,SANTA LUZIA D''OESTE,2,2,1,0.0,0.0,0.5,,0.1349
sars_cov_2,SANTA LUZIA DO NORTE,3,3,0,0.0,0.0,0.0,,0.0
sars_cov_2,SANTA LUZIA DO PARUA,2,2,0,0.0,0.0,0.0,,0.0
sars_cov_2,SANTA MARIA,5,6,2,0.0,0.0,0.4,,0.5
sars_cov_2,SANTA MARIA DAS BARREIRAS,1,1,1,0.0,0.0,1.0,,0.0
sars_cov_2,SANTA MARIANA,1,1,0,0.0,0.0,0.0,,0.0
sars_cov_2,SANTA RITA,2,2,0,0.0,0.0,0.0,,0.0
sars_cov_2,SANTA RITA DO ARAGUAIA,22,51,22,0.0,0.0,0.3768939393939394,,1.0286125
sars_cov_2,SANTA RITA DO TRIVELATO,34,334,155,0.0,0.0,0.3271263327366496,130.05764671505926,1.7085922805893659
sars_cov_2,SANTA ROSA,2,2,2,0.0,0.0,1.0,,0.0
sars_cov_2,SANTA ROSA DE GOIAS,1,2,2,0.0,0.0,1.0,,0.0
sars_cov_2,SANTA ROSA DE VITERBO,1,1,1,0.0,0.0,1.0,,0.0
sars_cov_2,SANTA ROSA DO PURUS,1,1,0,0.0,0.0,0.0,,0.0
sars_cov_2,SANTA ROSA DO TOCANTINS,1,1,1,0.0,0.0,1.0,,0.0
sars_cov_2,SANTA TEREZINHA,24,321,108,0.0,0.0,0.44878780887070807,52.772120307665325,2.410555650922984
sars_cov_2,SANTA TEREZINHA DE ITAIPU,3,3,0,0.0,0.0,0.0,,0.0
sars_cov_2,SANTA VITORIA,3,4,1,0.0,0.0,0.3333333333333333,,0.3535533905932738
sars_cov_2,SANTALUZ,1,1,1,0.0,0.0,1.0,,0.0
sars_cov_2,SANTANA,1,1,0,0.0,0.0,0.0,,0.0
sars_cov_2,SANTANA DA PONTE PENSA,1,1,0,0.0,0.0,0.0,,0.0
sars_cov_2,SANTANA DE PARNAIBA,3,3,0,0.0,0.0,0.0,,0.0
sars_cov_2,SANTANA DO ARAGUAIA,12,15,2,0.0,0.0,0.1111111111111111,,0.8920399522252523
sars_cov_2,SANTANA DO IPANEMA,5,6,2,0.0,0.0,0.4,,0.5
sars_cov_2,SANTANA DO MARANHAO,1,1,1,0.0,0.0,1.0,,0.0
sars_cov_2,SANTANA DO MUNDAU,4,4,3,0.0,0.0,0.75,,0.11547005383792518
sars_cov_2,SANTANA DO SAO FRANCISCO,1,1,0,0.0,0.0,0.0,,0.0
sars_cov_2,SANTAREM,18,30,12,0.0,0.0,0.34259259259259256,,0.7182333333333334
sars_cov_2,SANTAREM NOVO,2,2,1,0.0,0.0,0.5,,0.1349
sars_cov_2,SANTO AFONSO,24,88,25,0.0,0.0,0.2520833333333333,34.60844651863704,1.1340919191935614
sars_cov_2,SANTO AMARO,2,2,1,0.0,0.0,0.5,,0.1349
sars_cov_2,SANTO ANASTACIO,1,1,1,0.0,0.0,1.0,,0.0
sars_cov_2,SANTO ANDRE,8,13,4,0.0,0.0,0.34375,,0.9443
sars_cov_2,SANTO ANGELO,3,3,3,0.0,0.0,1.0,,0.0
sars_cov_2,SANTO ANTONIO DE JESUS,4,4,0,0.0,0.0,0.0,,0.0
sars_cov_2,SANTO ANTONIO DO ARACANGUA,1,1,0,0.0,0.0,0.0,,0.0
sars_cov_2,SANTO ANTONIO DO LESTE,54,91,9,0.0,0.0,0.07314814814814814,3.968450515575724,1.3684626948173162
sars_cov_2,SANTO ANTONIO DO LEVERGER,142,2375,577,0.0,0.0,0.11182306647868476,25.644860937836853,2.693438638265756
sars_cov_2,SANTO ANTONIO DO MONTE,1,1,1,0.0,0.0,1.0,,0.0
sars_cov_2,SANTO ANTONIO DO SUDOESTE,1,1,1,0.0,0.0,1.0,,0.0
sars_cov_2,SANTO ANTONIO DOS LOPES,1,1,0,0.0,0.0,0.0,,0.0
sars_cov_2,SANTO ANTONIO DOS MILAGRES,1,1,0,0.0,0.0,0.0,,0.0
sars_cov_2,SANTO INACIO,1,1,0,0.0,0.0,0.0,,0.0
sars_cov_2,SANTOS,2,2,1,0.0,0.0,0.5,,0.1349
sars_cov_2,SAO BENTO,3,4,1,0.0,0.0,0.3333333333333333,,0.3535533905932738
sars_cov_2,SAO BENTO ABADE,1,1,1,0.0,0.0,1.0,,0.0
sars_cov_2,SAO BENTO DO SUL,2,2,1,0.0,0.0,0.5,,0.1349
sars_cov_2,SAO BENTO DO TOCANTINS,1,1,1,0.0,0.0,1.0,,0.0
sars_cov_2,SAO BERNARDINO,1,1,1,0.0,0.0,1.0,,0.0
sars_cov_2,SAO BERNARDO,1,1,0,0.0,0.0,0.0,,0.0
sars_cov_2,SAO BERNARDO DO CAMPO,6,6,1,0.0,0.0,0.16666666666666666,,0.44721359549995787
sars_cov_2,SAO BORJA,3,4,1,0.0,0.0,0.16666666666666666,,0.6363961030678928
sars_cov_2,SAO BRAS DO SUACUI,1,1,0,0.0,0.0,0.0,,0.0
sars_cov_2,SAO CAETANO DO SUL,2,2,0,0.0,0.0,0.0,,0.0
sars_cov_2,SAO CARLOS,4,6,0,0.0,0.0,0.0,,0.168625
sars_cov_2,SAO DESIDERIO,3,3,0,0.0,0.0,0.0,,0.0
sars_cov_2,SAO DOMINGOS,2,2,0,0.0,0.0,0.0,,0.0
sars_cov_2,SAO DOMINGOS DO ARAGUAIA,1,1,1,0.0,0.0,1.0,,0.0
sars_cov_2,SAO DOMINGOS DO AZEITAO,1,1,1,0.0,0.0,1.0,,0.0
sars_cov_2,SAO DOMINGOS DO MARANHAO,4,5,2,0.0,0.0,0.375,,0.5679127018922193
sars_cov_2,SAO FELIPE D''OESTE,3,3,0,0.0,0.0,0.0,,0.0
sars_cov_2,SAO FELIX DO ARAGUAIA,39,56,18,0.0,0.0,0.3230769230769231,3.8142033860427613,2.2047854652359375
sars_cov_2,SAO FELIX DO XINGU,5,5,2,0.0,0.0,0.4,,0.2449489742783178
sars_cov_2,SAO FRANCISCO,1,1,0,0.0,0.0,0.0,,0.0
sars_cov_2,SAO FRANCISCO DE PAULA,1,1,1,0.0,0.0,1.0,,0.0
sars_cov_2,SAO FRANCISCO DE SALES,1,1,0,0.0,0.0,0.0,,0.0
sars_cov_2,SAO FRANCISCO DO BREJAO,3,3,2,0.0,0.0,0.6666666666666666,,0.14142135623730953
sars_cov_2,SAO FRANCISCO DO GUAPORE,4,4,0,0.0,0.0,0.0,,0.0
sars_cov_2,SAO FRANCISCO DO SUL,2,2,1,0.0,0.0,0.5,,0.1349
sars_cov_2,SAO GABRIEL DA PALHA,1,1,1,0.0,0.0,1.0,,0.0
sars_cov_2,SAO GABRIEL DO OESTE,20,33,12,0.0,0.0,0.3958333333333333,,0.6887971985686453
sars_cov_2,SAO GONCALO,7,10,1,0.0,0.0,0.14285714285714285,,0.4898979485566356
sars_cov_2,SAO GONCALO DO AMARANTE,3,4,2,0.0,0.0,0.6666666666666666,,0.3535533905932738
sars_cov_2,SAO GOTARDO,2,2,0,0.0,0.0,0.0,,0.0
sars_cov_2,SAO JERONIMO DA SERRA,1,1,0,0.0,0.0,0.0,,0.0
sars_cov_2,SAO JOAO,1,1,0,0.0,0.0,0.0,,0.0
sars_cov_2,SAO JOAO BATISTA,1,1,0,0.0,0.0,0.0,,0.0
sars_cov_2,SAO JOAO D''ALIANCA,1,1,0,0.0,0.0,0.0,,0.0
sars_cov_2,SAO JOAO DA BALIZA,1,1,0,0.0,0.0,0.0,,0.0
sars_cov_2,SAO JOAO DA BOA VISTA,1,1,1,0.0,0.0,1.0,,0.0
sars_cov_2,SAO JOAO DA PARAUNA,1,1,1,0.0,0.0,1.0,,0.0
sars_cov_2,SAO JOAO DA VARJOTA,1,1,0,0.0,0.0,0.0,,0.0
sars_cov_2,SAO JOAO DAS DUAS PONTES,1,1,1,0.0,0.0,1.0,,0.0
sars_cov_2,SAO JOAO DE MERITI,1,1,0,0.0,0.0,0.0,,0.0
sars_cov_2,SAO JOAO DE PIRABAS,3,3,2,0.0,0.0,0.6666666666666666,,0.14142135623730953
sars_cov_2,SAO JOAO DEL REI,2,2,1,0.0,0.0,0.5,,0.1349
sars_cov_2,SAO JOAO DO ARAGUAIA,1,1,0,0.0,0.0,0.0,,0.0
sars_cov_2,SAO JOAO DO CAIUA,1,1,0,0.0,0.0,0.0,,0.0
sars_cov_2,SAO JOAO DO CARU,6,8,2,0.0,0.0,0.25,,0.48448412473486924
sars_cov_2,SAO JOAO DO IVAI,1,1,0,0.0,0.0,0.0,,0.0
sars_cov_2,SAO JOAO DO OESTE,1,3,3,0.0,0.0,1.0,,0.0
sars_cov_2,SAO JOAO DO SOTER,1,1,0,0.0,0.0,0.0,,0.0
sars_cov_2,SAO JOAO DOS PATOS,1,1,0,0.0,0.0,0.0,,0.0
sars_cov_2,SAO JOAO NEPOMUCENO,1,1,0,0.0,0.0,0.0,,0.0
sars_cov_2,SAO JOAQUIM,1,1,0,0.0,0.0,0.0,,0.0
sars_cov_2,SAO JORGE D''OESTE,1,1,0,0.0,0.0,0.0,,0.0
sars_cov_2,SAO JORGE DO PATROCINIO,2,2,1,0.0,0.0,0.5,,0.1349
sars_cov_2,SAO JOSE,8,10,5,0.0,0.0,0.625,,0.43301270189221935
sars_cov_2,SAO JOSE DA COROA GRANDE,1,1,0,0.0,0.0,0.0,,0.0
sars_cov_2,SAO JOSE DA LAJE,1,1,0,0.0,0.0,0.0,,0.0
sars_cov_2,SAO JOSE DA TAPERA,1,1,1,0.0,0.0,1.0,,0.0
sars_cov_2,SAO JOSE DAS PALMEIRAS,3,3,3,0.0,0.0,1.0,,0.0
sars_cov_2,SAO JOSE DE CAIANA,1,1,0,0.0,0.0,0.0,,0.0
sars_cov_2,SAO JOSE DE MIPIBU,1,1,0,0.0,0.0,0.0,,0.0
sars_cov_2,SAO JOSE DE RIBAMAR,1,1,1,0.0,0.0,1.0,,0.0
sars_cov_2,SAO JOSE DO BONFIM,1,1,0,0.0,0.0,0.0,,0.0
sars_cov_2,SAO JOSE DO EGITO,1,1,1,0.0,0.0,1.0,,0.0
sars_cov_2,SAO JOSE DO GOIABAL,1,1,0,0.0,0.0,0.0,,0.0
sars_cov_2,SAO JOSE DO JACURI,1,1,0,0.0,0.0,0.0,,0.0
sars_cov_2,SAO JOSE DO POVO,23,71,18,0.0,0.0,0.17413733609385781,19.567704654586795,2.042175201593181
sars_cov_2,SAO JOSE DO RIO CLARO,78,2317,849,0.0,0.0,0.2614759125440393,58.22622141331717,2.316928708196418
sars_cov_2,SAO JOSE DO RIO PRETO,19,20,7,0.0,0.0,0.3684210526315789,,1.0606601717798214
sars_cov_2,SAO JOSE DO XINGU,14,15,5,0.0,0.0,0.35714285714285715,6.739529797110136,1.001789004817574
sars_cov_2,SAO JOSE DOS BASILIOS,2,2,0,0.0,0.0,0.0,,0.0
sars_cov_2,SAO JOSE DOS CAMPOS,5,10,2,0.0,0.0,0.3,,0.48412291827592707
sars_cov_2,SAO JOSE DOS PINHAIS,11,12,4,0.0,0.0,0.3181818181818182,,0.8730831147427984
sars_cov_2,SAO JOSE DOS QUATRO MARCOS,78,1552,485,0.0,0.0,0.2317533712812608,33.64064543584868,2.430347593582888
sars_cov_2,SAO LEOPOLDO,1,1,1,0.0,0.0,1.0,,0.0
sars_cov_2,SAO LOURENCO DO OESTE,1,1,1,0.0,0.0,1.0,,0.0
sars_cov_2,SAO LUIS,15,21,9,0.0,0.0,0.3888888888888889,,0.6889516139492068
sars_cov_2,SAO LUIS DE MONTES BELOS,6,7,1,0.0,0.0,0.08333333333333333,,1.0062305898749053
sars_cov_2,SAO LUIS DO QUITUNDE,5,7,2,0.0,0.0,0.3,,0.4061862178478974
sars_cov_2,SAO LUIS GONZAGA DO MARANHAO,3,3,2,0.0,0.0,0.6666666666666666,,0.14142135623730953
sars_cov_2,SAO LUIZ,1,1,0,0.0,0.0,0.0,,0.0
sars_cov_2,SAO LUIZ GONZAGA,1,1,0,0.0,0.0,0.0,,0.0
sars_cov_2,SAO MANUEL,1,1,1,0.0,0.0,1.0,,0.0
sars_cov_2,SAO MARCOS,1,1,0,0.0,0.0,0.0,,0.0
sars_cov_2,SAO MATEUS,5,5,4,0.0,0.0,0.8,,0.09999999999999998
sars_cov_2,SAO MATEUS DO MARANHAO,2,2,1,0.0,0.0,0.5,,0.1349
sars_cov_2,SAO MATEUS DO SUL,2,2,2,0.0,0.0,1.0,,0.0
sars_cov_2,SAO MIGUEL DA BOA VISTA,1,1,0,0.0,0.0,0.0,,0.0
sars_cov_2,SAO MIGUEL DO ARAGUAIA,3,3,0,0.0,0.0,0.0,,0.0
sars_cov_2,SAO MIGUEL DO GUAMA,3,3,1,0.0,0.0,0.3333333333333333,,0.28284271247461906
sars_cov_2,SAO MIGUEL DO GUAPORE,7,7,2,0.0,0.0,0.2857142857142857,,0.31622776601683794
sars_cov_2,SAO MIGUEL DO IGUACU,3,4,4,0.0,0.0,1.0,,0.3535533905932738
sars_cov_2,SAO MIGUEL DO OESTE,5,7,0,0.0,0.0,0.0,,0.30618621784789735
sars_cov_2,SAO MIGUEL DO TOCANTINS,1,1,1,0.0,0.0,1.0,,0.0
sars_cov_2,SAO MIGUEL DOS CAMPOS,4,5,1,0.0,0.0,0.25,,0.43301270189221935
sars_cov_2,SAO PAULO,60,160,35,0.0,0.0,0.2309541847041847,,1.2742907146987799
sars_cov_2,SAO PEDRO,2,3,1,0.0,0.0,0.25,,0.303525
sars_cov_2,SAO PEDRO DA AGUA BRANCA,1,1,0,0.0,0.0,0.0,,0.0
sars_cov_2,SAO PEDRO DA ALDEIA,1,2,0,0.0,0.0,0.0,,0.0
sars_cov_2,SAO PEDRO DA CIPA,31,60,21,0.0,0.0,0.30376344086021506,14.618010458153083,0.86989516821509
sars_cov_2,SAO PEDRO DO IGUACU,1,1,0,0.0,0.0,0.0,,0.0
sars_cov_2,SAO PEDRO DO SUL,1,1,0,0.0,0.0,0.0,,0.0
sars_cov_2,SAO RAIMUNDO DO DOCA BEZERRA,2,2,0,0.0,0.0,0.0,,0.0
sars_cov_2,SAO RAIMUNDO NONATO,1,1,1,0.0,0.0,1.0,,0.0
sars_cov_2,SAO ROBERTO,1,1,0,0.0,0.0,0.0,,0.0
sars_cov_2,SAO ROQUE,3,3,0,0.0,0.0,0.0,,0.0
sars_cov_2,SAO SEBASTIAO,4,5,0,0.0,0.0,0.0,,0.43301270189221935
sars_cov_2,SAO SEBASTIAO DO MARANHAO,1,1,0,0.0,0.0,0.0,,0.0
sars_cov_2,SAO SIMAO,3,3,1,0.0,0.0,0.3333333333333333,,0.28284271247461906
sars_cov_2,SAO TOME,1,1,0,0.0,0.0,0.0,,0.0
sars_cov_2,SAO VICENTE FERRER,1,1,0,0.0,0.0,0.0,,0.0
sars_cov_2,SAPEZAL,86,5116,1573,0.0,0.0,0.17840193784674474,68.93971727693173,3.038415555555556
sars_cov_2,SAPIRANGA,1,1,0,0.0,0.0,0.0,,0.0
sars_cov_2,SAPUCAIA,1,1,0,0.0,0.0,0.0,,0.0
sars_cov_2,SAPUCAIA DO SUL,2,2,1,0.0,0.0,0.5,,0.1349
sars_cov_2,SAQUAREMA,1,1,0,0.0,0.0,0.0,,0.0
sars_cov_2,SARANDI,4,4,0,0.0,0.0,0.0,,0.0
sars_cov_2,SARUTAIA,1,2,0,0.0,0.0,0.0,,0.0
sars_cov_2,SARZEDO,1,1,0,0.0,0.0,0.0,,0.0
sars_cov_2,SATUBA,1,1,0,0.0,0.0,0.0,,0.0
sars_cov_2,SATUBINHA,1,1,0,0.0,0.0,0.0,,0.0
sars_cov_2,SAUDADES,1,1,0,0.0,0.0,0.0,,0.0
sars_cov_2,SCHROEDER,1,1,1,0.0,0.0,1.0,,0.0
sars_cov_2,SEABRA,1,1,0,0.0,0.0,0.0,,0.0
sars_cov_2,SENA MADUREIRA,2,2,0,0.0,0.0,0.0,,0.0
sars_cov_2,SENADOR ALEXANDRE COSTA,1,1,0,0.0,0.0,0.0,,0.0
sars_cov_2,SENADOR CANEDO,9,10,2,0.0,0.0,0.2222222222222222,,0.7071067811865475
sars_cov_2,SENADOR GUIOMARD,3,3,0,0.0,0.0,0.0,,0.0
sars_cov_2,SENADOR LA ROCQUE,3,4,1,0.0,0.0,0.3333333333333333,,0.3535533905932738
sars_cov_2,SENADOR POMPEU,1,1,1,0.0,0.0,1.0,,0.0
sars_cov_2,SENADOR RUI PALMEIRA,2,2,1,0.0,0.0,0.5,,0.1349
sars_cov_2,SENGES,1,1,0,0.0,0.0,0.0,,0.0
sars_cov_2,SENHOR DO BONFIM,1,1,0,0.0,0.0,0.0,,0.0
sars_cov_2,SENTO SE,1,1,1,0.0,0.0,1.0,,0.0
sars_cov_2,SERAFINA CORREA,2,2,1,0.0,0.0,0.5,,0.1349
sars_cov_2,SERINGUEIRAS,2,2,2,0.0,0.0,1.0,,0.0
sars_cov_2,SERRA,3,4,0,0.0,0.0,0.0,,0.3535533905932738
sars_cov_2,SERRA DE SAO BENTO,1,1,0,0.0,0.0,0.0,,0.0
sars_cov_2,SERRA NEGRA DO NORTE,1,1,0,0.0,0.0,0.0,,0.0
sars_cov_2,SERRA NOVA DOURADA,4,5,0,0.0,0.0,0.0,0.0,0.515834541700778
sars_cov_2,SERRA TALHADA,3,3,2,0.0,0.0,0.6666666666666666,,0.14142135623730953
sars_cov_2,SERRANA,1,1,0,0.0,0.0,0.0,,0.0
sars_cov_2,SERTANEJA,1,1,0,0.0,0.0,0.0,,0.0
sars_cov_2,SERTANIA,1,1,1,0.0,0.0,1.0,,0.0
sars_cov_2,SERTANOPOLIS,2,2,1,0.0,0.0,0.5,,0.1349
sars_cov_2,SERTAO,1,1,0,0.0,0.0,0.0,,0.0
sars_cov_2,SERTAOZINHO,3,5,4,0.0,0.0,0.6666666666666666,,0.4949747468305833
sars_cov_2,SETE LAGOAS,3,3,0,0.0,0.0,0.0,,0.0
sars_cov_2,SETE QUEDAS,2,2,0,0.0,0.0,0.0,,0.0
sars_cov_2,SEVERINIA,1,1,1,0.0,0.0,1.0,,0.0
sars_cov_2,SIDROLANDIA,6,7,3,0.0,0.0,0.4166666666666667,,0.6939169943749475
sars_cov_2,SIMOES,2,2,0,0.0,0.0,0.0,,0.0
sars_cov_2,SIMOES FILHO,1,1,1,0.0,0.0,1.0,,0.0
sars_cov_2,SINOP,150,5767,1787,0.0,0.0,0.1173066058446988,8.33132891005407,2.5576118401508285
sars_cov_2,SIRINHAEM,1,1,1,0.0,0.0,1.0,,0.0
sars_cov_2,SITIO NOVO,1,1,1,0.0,0.0,1.0,,0.0
sars_cov_2,SITIO NOVO DO TOCANTINS,1,1,0,0.0,0.0,0.0,,0.0
sars_cov_2,SOBRADINHO,1,1,0,0.0,0.0,0.0,,0.0
sars_cov_2,SOBRAL,2,2,0,0.0,0.0,0.0,,0.0
sars_cov_2,SOLEDADE,3,5,2,0.0,0.0,0.3333333333333333,,0.31819805153394637
sars_cov_2,SONORA,18,27,9,0.0,0.0,0.32407407407407407,,0.5502635793901347
sars_cov_2,SOROCABA,9,10,3,0.0,0.0,0.3333333333333333,,0.7071067811865475
sars_cov_2,SORRISO,122,7524,2190,0.0,0.0,0.17480164777754229,20.003635393363904,2.192589909076718
sars_cov_2,SOURE,1,1,0,0.0,0.0,0.0,,0.0
sars_cov_2,SOUSA,1,2,2,0.0,0.0,1.0,,0.0
sars_cov_2,SUCUPIRA DO NORTE,1,1,0,0.0,0.0,0.0,,0.0
sars_cov_2,SUMARE,4,5,2,0.0,0.0,0.375,,0.5679127018922193
sars_cov_2,SUZANAPOLIS,1,1,1,0.0,0.0,1.0,,0.0
sars_cov_2,SUZANO,4,4,2,0.0,0.0,0.5,,0.1349
sars_cov_2,TABAPORA,36,133,30,0.0,0.0,0.19358465608465608,8.864170698200244,2.0074755898652636
sars_cov_2,TABOAO DA SERRA,5,5,0,0.0,0.0,0.0,,0.0
sars_cov_2,TACIBA,1,1,0,0.0,0.0,0.0,,0.0
sars_cov_2,TACURU,3,3,2,0.0,0.0,0.6666666666666666,,0.14142135623730953
sars_cov_2,TAILANDIA,2,2,0,0.0,0.0,0.0,,0.0
sars_cov_2,TAIOBEIRAS,1,1,0,0.0,0.0,0.0,,0.0
sars_cov_2,TAIPU,1,1,0,0.0,0.0,0.0,,0.0
sars_cov_2,TAMBAU,1,1,0,0.0,0.0,0.0,,0.0
sars_cov_2,TANABI,1,1,0,0.0,0.0,0.0,,0.0
sars_cov_2,TANGARA DA SERRA,138,10313,4227,0.0,0.0,0.22491008787069647,29.870805467011603,3.25
sars_cov_2,TANQUE NOVO,1,1,0,0.0,0.0,0.0,,0.0
sars_cov_2,TAPEJARA,3,4,0,0.0,0.0,0.0,,0.3535533905932738
sars_cov_2,TAPERA,1,1,0,0.0,0.0,0.0,,0.0
sars_cov_2,TAPIRA,1,1,1,0.0,0.0,1.0,,0.0
sars_cov_2,TAPURAH,60,1949,499,0.0,0.0,0.19466243403143982,60.881186649429196,2.8325980868812786
sars_cov_2,TAQUARA,1,1,1,0.0,0.0,1.0,,0.0
sars_cov_2,TAQUARANA,2,5,0,0.0,0.0,0.0,,0.168625
sars_cov_2,TAQUARIVAI,1,1,0,0.0,0.0,0.0,,0.0
sars_cov_2,TARTARUGALZINHO,1,1,0,0.0,0.0,0.0,,0.0
sars_cov_2,TATUI,3,3,2,0.0,0.0,0.6666666666666666,,0.14142135623730953
sars_cov_2,TAUA,8,8,0,0.0,0.0,0.0,,0.0
sars_cov_2,TAUBATE,3,3,0,0.0,0.0,0.0,,0.0
sars_cov_2,TEFE,3,4,0,0.0,0.0,0.0,,0.3535533905932738
sars_cov_2,TEIXEIRA,1,1,1,0.0,0.0,1.0,,0.0
sars_cov_2,TEIXEIRA DE FREITAS,3,4,1,0.0,0.0,0.16666666666666666,,0.6363961030678928
sars_cov_2,TEIXEIROPOLIS,1,1,1,0.0,0.0,1.0,,0.0
sars_cov_2,TEODORO SAMPAIO,2,2,1,0.0,0.0,0.5,,0.1349
sars_cov_2,TEOFILO OTONI,2,2,0,0.0,0.0,0.0,,0.0
sars_cov_2,TEOLANDIA,1,1,0,0.0,0.0,0.0,,0.0
sars_cov_2,TEOTONIO VILELA,11,18,6,0.0,0.0,0.28787878787878785,,0.4959745839510488
sars_cov_2,TERENOS,3,3,0,0.0,0.0,0.0,,0.0
sars_cov_2,TERESINA,25,33,7,0.0,0.0,0.16,,1.1914944779180012
sars_cov_2,TERESOPOLIS,1,1,0,0.0,0.0,0.0,,0.0
sars_cov_2,TEREZOPOLIS DE GOIAS,2,2,0,0.0,0.0,0.0,,0.0
sars_cov_2,TERRA NOVA DO NORTE,39,713,249,0.0,0.0,0.3039613180528102,68.62909175675081,2.499046153846154
sars_cov_2,TERRA RICA,2,2,0,0.0,0.0,0.0,,0.0
sars_cov_2,TERRA ROXA,7,10,3,0.0,0.0,0.2857142857142857,,0.4063448156777233
sars_cov_2,TESOURO,29,312,86,0.0,0.0,0.21574541613670759,84.92944723637721,2.5524103178107085
sars_cov_2,THEOBROMA,1,1,0,0.0,0.0,0.0,,0.0
sars_cov_2,TIMBO,2,2,2,0.0,0.0,1.0,,0.0
sars_cov_2,TIMON,6,7,1,0.0,0.0,0.16666666666666666,,0.5590169943749475
sars_cov_2,TIMOTEO,2,2,0,0.0,0.0,0.0,,0.0
sars_cov_2,TOCANTINOPOLIS,1,1,0,0.0,0.0,0.0,,0.0
sars_cov_2,TOLEDO,13,19,5,0.0,0.0,0.2948717948717948,,0.534280156947102
sars_cov_2,TORIXOREU,8,17,2,0.0,0.0,0.1388888888888889,7.169486664754803,1.037341068796419
sars_cov_2,TORRE DE PEDRA,1,1,0,0.0,0.0,0.0,,0.0
sars_cov_2,TRAIRAO,8,9,1,0.0,0.0,0.125,,0.6614378277661476
sars_cov_2,TREMEMBE,1,1,1,0.0,0.0,1.0,,0.0
sars_cov_2,TRES BARRAS DO PARANA,3,3,1,0.0,0.0,0.3333333333333333,,0.28284271247461906
sars_cov_2,TRES DE MAIO,1,1,1,0.0,0.0,1.0,,0.0
sars_cov_2,TRES LAGOAS,17,21,5,0.0,0.0,0.17647058823529413,,1.136893036357721
sars_cov_2,TRES MARIAS,1,1,1,0.0,0.0,1.0,,0.0
sars_cov_2,TRES PALMEIRAS,1,1,1,0.0,0.0,1.0,,0.0
sars_cov_2,TRES PASSOS,2,4,3,0.0,0.0,0.75,,0.1349
sars_cov_2,TRES PONTAS,1,1,0,0.0,0.0,0.0,,0.0
sars_cov_2,TRINDADE,10,13,3,0.0,0.0,0.2,,0.5627881146596447
sars_cov_2,TRINDADE DO SUL,2,2,0,0.0,0.0,0.0,,0.0
sars_cov_2,TRIZIDELA DO VALE,1,1,1,0.0,0.0,1.0,,0.0
sars_cov_2,TUBARAO,2,2,1,0.0,0.0,0.5,,0.1349
sars_cov_2,TUCUMA,2,2,0,0.0,0.0,0.0,,0.0
sars_cov_2,TUCUNDUVA,2,2,0,0.0,0.0,0.0,,0.0
sars_cov_2,TUCURUI,7,7,3,0.0,0.0,0.42857142857142855,,0.23094010767585035
sars_cov_2,TUIUTI,1,1,0,0.0,0.0,0.0,,0.0
sars_cov_2,TUNEIRAS DO OESTE,1,1,0,0.0,0.0,0.0,,0.0
sars_cov_2,TUNTUM,7,11,1,0.0,0.0,0.14285714285714285,,0.49029033784546006
sars_cov_2,TUPA,2,2,1,0.0,0.0,0.5,,0.1349
sars_cov_2,TURIACU,1,1,0,0.0,0.0,0.0,,0.0
sars_cov_2,TURMALINA,2,2,0,0.0,0.0,0.0,,0.0
sars_cov_2,TURVANIA,1,1,0,0.0,0.0,0.0,,0.0
sars_cov_2,TURVELANDIA,1,1,0,0.0,0.0,0.0,,0.0
sars_cov_2,TUTOIA,2,2,1,0.0,0.0,0.5,,0.1349
sars_cov_2,UBERABA,9,17,4,0.0,0.0,0.2111111111111111,,0.6187079629719953
sars_cov_2,UBERLANDIA,31,61,14,0.0,0.0,0.1736559139784946,,0.8047438176785291
sars_cov_2,UBIRATA,2,2,1,0.0,0.0,0.5,,0.1349
sars_cov_2,ULIANOPOLIS,2,2,1,0.0,0.0,0.5,,0.1349
sars_cov_2,UMBURANAS,3,3,0,0.0,0.0,0.0,,0.0
sars_cov_2,UMUARAMA,9,11,5,0.0,0.0,0.3888888888888889,,0.7344963608867089
sars_cov_2,UNIAO,1,1,0,0.0,0.0,0.0,,0.0
sars_cov_2,UNIAO DE MINAS,1,1,0,0.0,0.0,0.0,,0.0
sars_cov_2,UNIAO DO SUL,40,907,364,0.0,0.0,0.355024430638544,261.08974181217997,1.6047190018492847
sars_cov_2,UNIAO DOS PALMARES,3,3,1,0.0,0.0,0.3333333333333333,,0.28284271247461906
sars_cov_2,UNIAO PAULISTA,1,1,0,0.0,0.0,0.0,,0.0
sars_cov_2,URANIA,4,4,1,0.0,0.0,0.25,,0.3464101615137755
sars_cov_2,URBANO SANTOS,5,5,2,0.0,0.0,0.4,,0.2449489742783178
sars_cov_2,URUACU,5,5,2,0.0,0.0,0.4,,0.2449489742783178
sars_cov_2,URUARA,2,3,1,0.0,0.0,0.25,,0.303525
sars_cov_2,URUCUI,1,1,0,0.0,0.0,0.0,,0.0
sars_cov_2,URUGUAIANA,1,1,0,0.0,0.0,0.0,,0.0
sars_cov_2,URUPA,3,3,0,0.0,0.0,0.0,,0.0
sars_cov_2,URUPES,1,1,1,0.0,0.0,1.0,,0.0
sars_cov_2,URUTAI,1,1,0,0.0,0.0,0.0,,0.0
sars_cov_2,VALE DE SAO DOMINGOS,37,419,141,0.0,0.0,0.2723949345049089,122.05052217856314,2.4602904495841997
sars_cov_2,VALE DO ANARI,4,5,3,0.0,0.0,0.75,,0.43301270189221935
sars_cov_2,VALE DO PARAISO,2,2,1,0.0,0.0,0.5,,0.1349
sars_cov_2,VALENCA,2,2,0,0.0,0.0,0.0,,0.0
sars_cov_2,VALENTIM GENTIL,4,4,0,0.0,0.0,0.0,,0.0
sars_cov_2,VALINHOS,1,1,1,0.0,0.0,1.0,,0.0
sars_cov_2,VALPARAISO,2,2,2,0.0,0.0,1.0,,0.0
sars_cov_2,VALPARAISO DE GOIAS,3,3,1,0.0,0.0,0.3333333333333333,,0.28284271247461906
sars_cov_2,VARGEM GRANDE,6,6,1,0.0,0.0,0.16666666666666666,,0.44721359549995787
sars_cov_2,VARZEA,2,2,2,0.0,0.0,1.0,,0.0
sars_cov_2,VARZEA DA PALMA,1,1,1,0.0,0.0,1.0,,0.0
sars_cov_2,VARZEA GRANDE,296,38362,7968,0.0,0.0,0.07354580081149319,10.42314956882063,2.8880798974117283
sars_cov_2,VARZEA PAULISTA,2,3,1,0.0,0.0,0.5,,0.168625
sars_cov_2,VASSOURAS,1,1,1,0.0,0.0,1.0,,0.0
sars_cov_2,VERA,36,71,13,0.0,0.0,0.16064814814814815,3.1662140604259776,1.8542104094454661
sars_cov_2,VERA CRUZ,1,1,1,0.0,0.0,1.0,,0.0
sars_cov_2,VERA CRUZ DO OESTE,2,2,0,0.0,0.0,0.0,,0.0
sars_cov_2,VERANOPOLIS,1,1,1,0.0,0.0,1.0,,0.0
sars_cov_2,VERE,4,4,1,0.0,0.0,0.25,,0.3464101615137755
sars_cov_2,VESPASIANO,1,1,1,0.0,0.0,1.0,,0.0
sars_cov_2,VIANA,9,10,0,0.0,0.0,0.0,,0.7071067811865475
sars_cov_2,VIANOPOLIS,1,1,1,0.0,0.0,1.0,,0.0
sars_cov_2,VICENTINA,2,2,1,0.0,0.0,0.5,,0.1349
sars_cov_2,VICOSA,7,7,3,0.0,0.0,0.42857142857142855,,0.23094010767585035
sars_cov_2,VILA BELA DA SANTISSIMA TRINDADE,55,2649,967,0.0,0.0,0.22845071835928815,110.77540691921082,2.4996267287600102
sars_cov_2,VILA PROPICIO,1,1,0,0.0,0.0,0.0,,0.0
sars_cov_2,VILA RICA,44,79,16,0.0,0.0,0.17803030303030304,1.4417896499940255,1.4996188261947179
sars_cov_2,VILA VELHA,6,6,2,0.0,0.0,0.3333333333333333,,0.28284271247461906
sars_cov_2,VILHENA,52,135,46,0.0,0.0,0.18552350427350428,,1.335918254522735
sars_cov_2,VIRADOURO,1,1,0,0.0,0.0,0.0,,0.0
sars_cov_2,VIRGEM DA LAPA,1,1,0,0.0,0.0,0.0,,0.0
sars_cov_2,VISEU,5,5,1,0.0,0.0,0.2,,0.4
sars_cov_2,VITORIA,3,3,1,0.0,0.0,0.3333333333333333,,0.28284271247461906
sars_cov_2,VITORIA DA CONQUISTA,2,2,1,0.0,0.0,0.5,,0.1349
sars_cov_2,VITORIA DE SANTO ANTAO,1,1,0,0.0,0.0,0.0,,0.0
sars_cov_2,VITORIA DO MEARIM,2,3,2,0.0,0.0,0.5,,0.303525
sars_cov_2,VITORIA DO XINGU,3,3,1,0.0,0.0,0.3333333333333333,,0.28284271247461906
sars_cov_2,VITORINO,2,2,0,0.0,0.0,0.0,,0.0
sars_cov_2,VITORINO FREIRE,7,8,2,0.0,0.0,0.21428571428571427,,0.7692653438063418
sars_cov_2,VOLTA REDONDA,2,2,1,0.0,0.0,0.5,,0.1349
sars_cov_2,VOTUPORANGA,5,5,4,0.0,0.0,0.8,,0.09999999999999998
sars_cov_2,WENCESLAU BRAZ,1,1,1,0.0,0.0,1.0,,0.0
sars_cov_2,XAMBIOA,5,5,1,0.0,0.0,0.2,,0.4
sars_cov_2,XAMBRE,1,1,0,0.0,0.0,0.0,,0.0
sars_cov_2,XANXERE,3,4,3,0.0,0.0,0.6666666666666666,,0.4949747468305833
sars_cov_2,XAPURI,2,2,0,0.0,0.0,0.0,,0.0
sars_cov_2,XAXIM,2,2,2,0.0,0.0,1.0,,0.0
sars_cov_2,XINGUARA,3,3,1,0.0,0.0,0.3333333333333333,,0.28284271247461906
sars_cov_2,ZE DOCA,3,6,2,0.0,0.0,0.4166666666666667,,0.4047
septicemia_arbov_rus,CUIABA,1,1,0,0.0,0.0,0.0,0.0,0.0
septicemia_bact_rias_cultura,VARZEA GRANDE,1,1,0,0.0,0.0,0.0,0.0,0.0
septicemia_bact_rias_identifica_o,CUIABA,3,3,0,0.0,0.0,0.0,0.0,0.0
septicemia_bact_rias_teste_de_sensibilidade,CUIABA,2,2,0,0.0,0.0,0.0,0.0,0.0
septicemia_pesquisa_de_genes_de_resist_ncia,CUIABA,2,2,0,0.0,0.0,0.0,0.0,0.0
septicemia_v_rus_respirat_rios,CUIABA,1,1,0,0.0,0.0,0.0,0.0,0.0
sifilis,BARRA DO GARCAS,1,1,0,0.0,0.0,0.0,0.0,0.0
sifilis,BRASNORTE,1,2,0,0.0,0.0,0.0,,0.0
sifilis,CANARANA,2,3,0,0.0,0.0,0.0,0.0,0.168625
sifilis,COLNIZA,2,3,0,0.0,0.0,0.0,,0.32662548564189214
sifilis,CONFRESA,1,1,0,0.0,0.0,0.0,0.0,0.047710620777027084
sifilis,COTRIGUACU,1,1,0,0.0,0.0,0.0,0.0,0.10213395974099129
sifilis,CUIABA,29,43,3,0.0,0.0,0.08620689655172414,0.018586479266903714,1.2157466974708036
sifilis,INDAIAL,1,2,0,0.0,0.0,0.0,,0.0
sifilis,ITAUBA,1,1,0,0.0,0.0,0.0,0.0,0.0
sifilis,MARCELANDIA,1,2,0,0.0,0.0,0.0,0.0,0.006850390625000021
sifilis,MATUPA,1,1,0,0.0,0.0,0.0,0.0,0.0
sifilis,MIRASSOL D''OESTE,1,1,0,0.0,0.0,0.0,,0.0
sifilis,NOSSA SENHORA DO LIVRAMENTO,1,4,0,0.0,0.0,0.0,,0.10755540540540556
sifilis,NOVA MUTUM,2,4,0,0.0,0.0,0.0,0.0,0.168625
sifilis,NOVA UBIRATA,1,1,0,0.0,0.0,0.0,0.0,0.0172992539414415
sifilis,POCONE,3,4,0,0.0,0.0,0.0,0.0,0.4218626564998054
sifilis,PONTES E LACERDA,1,1,0,0.0,0.0,0.0,0.0,0.0
sifilis,QUERENCIA,2,2,0,0.0,0.0,0.0,0.0,0.0
sifilis,RECIFE,1,1,0,0.0,0.0,0.0,,0.0
sifilis,ROSARIO OESTE,1,1,0,0.0,0.0,0.0,0.0,0.06282135768581094
sifilis,TANGARA DA SERRA,4,4,0,0.0,0.0,0.0,0.0,0.0
sifilis,TRES LAGOAS,1,1,0,0.0,0.0,0.0,,0.0
sifilis,VARZEA GRANDE,11,19,1,0.0,0.0,0.09090909090909091,0.03332466891941428,1.232455532033676
toxocar_ase_toxoplasmose_avidez_igg,CUIABA,1,1,0,0.0,0.0,0.0,0.0,0.0
toxoplasmose_bact_rias_cultura,ROSARIO OESTE,1,1,0,0.0,0.0,0.0,0.0,0.06282135768581094
toxoplasmose_bact_rias_identifica_o,VARZEA GRANDE,1,1,0,0.0,0.0,0.0,0.0,0.0
toxoplasmose_bact_rias_teste_de_sensibilidade,CAMPO NOVO DO PARECIS,1,1,0,0.0,0.0,0.0,,0.0
toxoplasmose_bact_rias_teste_de_sensibilidade,VARZEA GRANDE,1,1,0,0.0,0.0,0.0,0.0,0.0
toxoplasmose_brucelose_igg,QUERENCIA,1,1,0,0.0,0.0,0.0,0.0,0.0
toxoplasmose_brucelose_igm,QUERENCIA,1,1,0,0.0,0.0,0.0,0.0,0.0
toxoplasmose_chagas,VARZEA GRANDE,1,1,0,0.0,0.0,0.0,,0.0
toxoplasmose_chagas_igg,GUARANTA DO NORTE,1,1,0,0.0,0.0,0.0,0.0,0.0
toxoplasmose_chagas_igg,TRES LAGOAS,1,1,0,0.0,0.0,0.0,,0.0
toxoplasmose_chagas_igg,VARZEA GRANDE,1,1,0,0.0,0.0,0.0,,0.0
toxoplasmose_chagas_igm,GUARANTA DO NORTE,1,1,0,0.0,0.0,0.0,0.0,0.0
toxoplasmose_citomegalov_rus_igg,BARAO DE MELGACO,1,1,0,0.0,0.0,0.0,,0.5
toxoplasmose_citomegalov_rus_igg,BARRA DO GARCAS,1,1,0,0.0,0.0,0.0,,0.0
toxoplasmose_citomegalov_rus_igg,CACERES,1,1,0,0.0,0.0,0.0,0.0,0.01077642877252243
toxoplasmose_citomegalov_rus_igg,CAMPO NOVO DO PARECIS,2,2,0,0.0,0.0,0.0,0.0,0.0
toxoplasmose_citomegalov_rus_igg,CAMPO VERDE,1,1,0,0.0,0.0,0.0,,0.0
toxoplasmose_citomegalov_rus_igg,CANARANA,2,2,0,0.0,0.0,0.0,0.0,0.0
toxoplasmose_citomegalov_rus_igg,CHAPADA DOS GUIMARAES,4,4,1,0.0,0.0,0.25,5.139274334463974,0.3827034645824692
toxoplasmose_citomegalov_rus_igg,CUIABA,17,20,0,0.0,0.0,0.0,0.0,0.5400617248673216
toxoplasmose_citomegalov_rus_igg,DAVINOPOLIS,1,1,0,0.0,0.0,0.0,,0.0
toxoplasmose_citomegalov_rus_igg,DEMERVAL LOBAO,1,1,0,0.0,0.0,0.0,,0.0
toxoplasmose_citomegalov_rus_igg,GUARANTA DO NORTE,17,18,0,0.0,0.0,0.0,0.0,0.9999999999999999
toxoplasmose_citomegalov_rus_igg,JACIARA,1,1,0,0.0,0.0,0.0,0.0,0.0
toxoplasmose_citomegalov_rus_igg,JANGADA,1,1,0,0.0,0.0,0.0,0.0,0.056065913569820006
toxoplasmose_citomegalov_rus_igg,LADARIO,1,1,0,0.0,0.0,0.0,,0.0
toxoplasmose_citomegalov_rus_igg,LUCAS DO RIO VERDE,1,1,0,0.0,0.0,0.0,0.0,0.0
toxoplasmose_citomegalov_rus_igg,MANAUS,1,1,0,0.0,0.0,0.0,,0.0
toxoplasmose_citomegalov_rus_igg,MATRIZ DE CAMARAGIBE,1,1,0,0.0,0.0,0.0,,0.0
toxoplasmose_citomegalov_rus_igg,MONTES CLAROS,2,2,0,0.0,0.0,0.0,,0.0
toxoplasmose_citomegalov_rus_igg,NOSSA SENHORA DO LIVRAMENTO,1,1,0,0.0,0.0,0.0,,0.10755540540540556
toxoplasmose_citomegalov_rus_igg,NOVA MUTUM,5,5,1,0.0,0.0,0.2,0.3151839886533764,0.8
toxoplasmose_citomegalov_rus_igg,NOVO SANTO ANTONIO,1,1,0,0.0,0.0,0.0,0.0,0.20666531883445952
toxoplasmose_citomegalov_rus_igg,PLANALTO DA SERRA,1,1,0,0.0,0.0,0.0,,0.05307984586148658
toxoplasmose_citomegalov_rus_igg,PRIMAVERA DO LESTE,1,1,0,0.0,0.0,0.0,,0.0
toxoplasmose_citomegalov_rus_igg,SORRISO,1,1,0,0.0,0.0,0.0,0.0,0.0
toxoplasmose_citomegalov_rus_igg,TRES LAGOAS,1,1,0,0.0,0.0,0.0,,0.0
toxoplasmose_citomegalov_rus_igg,VARZEA GRANDE,77,182,12,0.0,0.0,0.07792207792207792,0.07838907319030985,2.193867248018343
toxoplasmose_citomegalov_rus_igg,VILA RICA,1,2,0,0.0,0.0,0.0,,0.04660449394707213
toxoplasmose_citomegalov_rus_igg_avidez,CUIABA,1,1,0,0.0,0.0,0.0,0.0,0.0
toxoplasmose_citomegalov_rus_igg_avidez,JACIARA,1,1,0,0.0,0.0,0.0,0.0,0.0
toxoplasmose_citomegalov_rus_igg_avidez,LUCAS DO RIO VERDE,1,1,0,0.0,0.0,0.0,0.0,0.0
toxoplasmose_citomegalov_rus_igg_avidez,NOVO SANTO ANTONIO,1,1,0,0.0,0.0,0.0,0.0,0.20666531883445952
toxoplasmose_citomegalov_rus_igg_avidez,VARZEA GRANDE,14,18,1,0.0,0.0,0.07142857142857142,0.03135562927612394,1.321110255092798
toxoplasmose_citomegalov_rus_igm,BARAO DE MELGACO,1,1,0,0.0,0.0,0.0,,0.5
toxoplasmose_citomegalov_rus_igm,BARRA DO GARCAS,1,1,0,0.0,0.0,0.0,,0.0
toxoplasmose_citomegalov_rus_igm,CACERES,1,1,0,0.0,0.0,0.0,0.0,0.01077642877252243
toxoplasmose_citomegalov_rus_igm,CAMPO NOVO DO PARECIS,2,2,0,0.0,0.0,0.0,0.0,0.0
toxoplasmose_citomegalov_rus_igm,CAMPO VERDE,1,1,0,0.0,0.0,0.0,,0.0
toxoplasmose_citomegalov_rus_igm,CANARANA,2,2,0,0.0,0.0,0.0,0.0,0.0
toxoplasmose_citomegalov_rus_igm,CHAPADA DOS GUIMARAES,4,4,1,0.0,0.0,0.25,5.139274334463974,0.3827034645824692
toxoplasmose_citomegalov_rus_igm,CUIABA,17,20,0,0.0,0.0,0.0,0.0,0.5400617248673216
toxoplasmose_citomegalov_rus_igm,DAVINOPOLIS,1,1,0,0.0,0.0,0.0,,0.0
toxoplasmose_citomegalov_rus_igm,DEMERVAL LOBAO,1,1,0,0.0,0.0,0.0,,0.0
toxoplasmose_citomegalov_rus_igm,GUARANTA DO NORTE,17,18,0,0.0,0.0,0.0,0.0,0.9999999999999999
toxoplasmose_citomegalov_rus_igm,JACIARA,1,1,0,0.0,0.0,0.0,0.0,0.0
toxoplasmose_citomegalov_rus_igm,JANGADA,1,1,0,0.0,0.0,0.0,0.0,0.056065913569820006
toxoplasmose_citomegalov_rus_igm,LADARIO,1,1,0,0.0,0.0,0.0,,0.0
toxoplasmose_citomegalov_rus_igm,LUCAS DO RIO VERDE,1,1,0,0.0,0.0,0.0,0.0,0.0
toxoplasmose_citomegalov_rus_igm,MANAUS,1,1,0,0.0,0.0,0.0,,0.0
toxoplasmose_citomegalov_rus_igm,MATRIZ DE CAMARAGIBE,1,1,0,0.0,0.0,0.0,,0.0
toxoplasmose_citomegalov_rus_igm,MONTES CLAROS,2,2,0,0.0,0.0,0.0,,0.0
toxoplasmose_citomegalov_rus_igm,NOSSA SENHORA DO LIVRAMENTO,1,1,0,0.0,0.0,0.0,,0.10755540540540556
toxoplasmose_citomegalov_rus_igm,NOVA MUTUM,5,5,0,0.0,0.0,0.0,0.0,0.0
toxoplasmose_citomegalov_rus_igm,NOVO SANTO ANTONIO,1,1,0,0.0,0.0,0.0,0.0,0.20666531883445952
toxoplasmose_citomegalov_rus_igm,PLANALTO DA SERRA,1,1,0,0.0,0.0,0.0,,0.05307984586148658
toxoplasmose_citomegalov_rus_igm,PRIMAVERA DO LESTE,1,1,0,0.0,0.0,0.0,,0.0
toxoplasmose_citomegalov_rus_igm,SORRISO,1,1,0,0.0,0.0,0.0,0.0,0.0
toxoplasmose_citomegalov_rus_igm,TRES LAGOAS,1,1,0,0.0,0.0,0.0,,0.0
toxoplasmose_citomegalov_rus_igm,VARZEA GRANDE,77,183,0,0.0,0.0,0.0,0.0,1.25
toxoplasmose_citomegalov_rus_igm,VILA RICA,1,2,0,0.0,0.0,0.0,,0.04660449394707213
toxoplasmose_criptococos,CHAPADA DOS GUIMARAES,1,1,0,0.0,0.0,0.0,,0.03629330306869366
toxoplasmose_criptococos,CUIABA,2,2,0,0.0,0.0,0.0,0.0,0.0
toxoplasmose_criptococos,JANGADA,1,1,0,0.0,0.0,0.0,,0.056065913569820006
toxoplasmose_criptococos,TRES LAGOAS,1,1,0,0.0,0.0,0.0,,0.0
toxoplasmose_criptococos,VARZEA GRANDE,16,17,0,0.0,0.0,0.0,0.0,0.9682458365518541
toxoplasmose_cultura_para_fungos,ROSARIO OESTE,2,2,1,0.0,0.0,0.5,3.3242470580413537,0.3326213576858109
toxoplasmose_epstein_barr_igg,CACERES,1,1,0,0.0,0.0,0.0,0.0,0.01077642877252243
toxoplasmose_epstein_barr_igg,CAMPO NOVO DO PARECIS,1,1,0,0.0,0.0,0.0,0.0,0.0
toxoplasmose_epstein_barr_igg,CANARANA,1,1,0,0.0,0.0,0.0,0.0,0.0
toxoplasmose_epstein_barr_igg,CUIABA,1,1,0,0.0,0.0,0.0,0.0,0.0
toxoplasmose_epstein_barr_igg,DEMERVAL LOBAO,1,1,0,0.0,0.0,0.0,,0.0
toxoplasmose_epstein_barr_igg,GUARANTA DO NORTE,3,3,0,0.0,0.0,0.0,0.0,0.0
toxoplasmose_epstein_barr_igg,MATRIZ DE CAMARAGIBE,1,1,0,0.0,0.0,0.0,,0.0
toxoplasmose_epstein_barr_igg,NOSSA SENHORA DO LIVRAMENTO,1,1,0,0.0,0.0,0.0,,0.10755540540540556
toxoplasmose_epstein_barr_igg,NOVA MUTUM,1,1,0,0.0,0.0,0.0,0.0,0.0
toxoplasmose_epstein_barr_igg,PLANALTO DA SERRA,1,1,0,0.0,0.0,0.0,,0.05307984586148658
toxoplasmose_epstein_barr_igg,PRIMAVERA DO LESTE,1,1,0,0.0,0.0,0.0,,0.0
toxoplasmose_epstein_barr_igg,TRES LAGOAS,1,1,0,0.0,0.0,0.0,,0.0
toxoplasmose_epstein_barr_igg,VARZEA GRANDE,15,21,0,0.0,0.0,0.0,0.0,0.5619514869490164
toxoplasmose_epstein_barr_igm,CACERES,1,1,0,0.0,0.0,0.0,0.0,0.01077642877252243
toxoplasmose_epstein_barr_igm,CAMPO NOVO DO PARECIS,1,1,0,0.0,0.0,0.0,0.0,0.0
toxoplasmose_epstein_barr_igm,CANARANA,1,1,0,0.0,0.0,0.0,0.0,0.0
toxoplasmose_epstein_barr_igm,CUIABA,1,1,0,0.0,0.0,0.0,0.0,0.0
toxoplasmose_epstein_barr_igm,DEMERVAL LOBAO,1,1,0,0.0,0.0,0.0,,0.0
toxoplasmose_epstein_barr_igm,GUARANTA DO NORTE,3,3,0,0.0,0.0,0.0,0.0,0.0
toxoplasmose_epstein_barr_igm,MATRIZ DE CAMARAGIBE,1,1,0,0.0,0.0,0.0,,0.0
toxoplasmose_epstein_barr_igm,NOSSA SENHORA DO LIVRAMENTO,1,1,0,0.0,0.0,0.0,,0.10755540540540556
toxoplasmose_epstein_barr_igm,NOVA MUTUM,1,1,0,0.0,0.0,0.0,0.0,0.0
toxoplasmose_epstein_barr_igm,PLANALTO DA SERRA,1,1,0,0.0,0.0,0.0,,0.05307984586148658
toxoplasmose_epstein_barr_igm,PRIMAVERA DO LESTE,1,1,0,0.0,0.0,0.0,,0.0
toxoplasmose_epstein_barr_igm,TRES LAGOAS,1,1,0,0.0,0.0,0.0,,0.0
toxoplasmose_epstein_barr_igm,VARZEA GRANDE,15,21,0,0.0,0.0,0.0,0.0,0.5619514869490164
toxoplasmose_fungos,ROSARIO OESTE,1,2,1,0.0,0.0,0.5,6.648494116082707,0.06282135768581094
toxoplasmose_fungos_teste_de_sensibilidade,ROSARIO OESTE,2,2,0,0.0,0.0,0.0,0.0,0.06282135768581094
toxoplasmose_herpes_simplex_1_e_2_biologia_molecular,VARZEA GRANDE,12,15,0,0.0,0.0,0.0,0.0,0.43301270189221935
toxoplasmose_herpes_simplex_1_e_2_biologia_molecular,VILA RICA,1,2,0,0.0,0.0,0.0,,0.04660449394707213
toxoplasmose_herpes_v_rus_biologia_molecular,VARZEA GRANDE,1,1,0,0.0,0.0,0.0,0.0,0.0
toxoplasmose_herpes_v_rus_igg,CUIABA,1,1,0,0.0,0.0,0.0,0.0,0.0
toxoplasmose_herpes_v_rus_igg,DEMERVAL LOBAO,1,1,0,0.0,0.0,0.0,,0.0
toxoplasmose_herpes_v_rus_igg,MATRIZ DE CAMARAGIBE,1,1,0,0.0,0.0,0.0,,0.0
toxoplasmose_herpes_v_rus_igg,NOVA MUTUM,1,1,0,0.0,0.0,0.0,0.0,0.0
toxoplasmose_herpes_v_rus_igg,TRES LAGOAS,1,1,0,0.0,0.0,0.0,,0.0
toxoplasmose_herpes_v_rus_igg,VARZEA GRANDE,16,19,0,0.0,0.0,0.0,0.0,0.5204164998665332
toxoplasmose_herpes_v_rus_igm,CUIABA,1,1,0,0.0,0.0,0.0,0.0,0.0
toxoplasmose_herpes_v_rus_igm,DEMERVAL LOBAO,1,1,0,0.0,0.0,0.0,,0.0
toxoplasmose_herpes_v_rus_igm,MATRIZ DE CAMARAGIBE,1,1,0,0.0,0.0,0.0,,0.0
toxoplasmose_herpes_v_rus_igm,NOVA MUTUM,1,1,0,0.0,0.0,0.0,0.0,0.0
toxoplasmose_herpes_v_rus_igm,TRES LAGOAS,1,1,0,0.0,0.0,0.0,,0.0
toxoplasmose_herpes_v_rus_igm,VARZEA GRANDE,16,19,0,0.0,0.0,0.0,0.0,0.5204164998665332
toxoplasmose_histoplasmose,CHAPADA DOS GUIMARAES,1,1,0,0.0,0.0,0.0,,0.03629330306869366
toxoplasmose_histoplasmose,CUIABA,2,2,0,0.0,0.0,0.0,0.0,0.0
toxoplasmose_histoplasmose,TRES LAGOAS,1,1,0,0.0,0.0,0.0,,0.0
toxoplasmose_histoplasmose,VARZEA GRANDE,12,13,0,0.0,0.0,0.0,0.0,0.8291561975888501
toxoplasmose_htlv_i_ii_v_rus_linfotr_pico_humano_tipo_i_e_ii,GUARANTA DO NORTE,7,7,0,0.0,0.0,0.0,0.0,0.0
toxoplasmose_iga,JUARA,1,1,0,0.0,0.0,0.0,0.0,0.0
toxoplasmose_igg,ACORIZAL,1,1,0,0.0,0.0,0.0,0.0,0.03850080940315332
toxoplasmose_igg,ALTA FLORESTA,1,1,0,0.0,0.0,0.0,0.0,0.0
toxoplasmose_igg,CAMPO NOVO DO PARECIS,2,2,2,0.0,0.0,1.0,2.0821621171424405,0.0
toxoplasmose_igg,CHAPADA DOS GUIMARAES,1,1,1,0.0,0.0,1.0,5.163688939378292,0.03629330306869366
toxoplasmose_igg,CONFRESA,2,2,2,0.0,0.0,1.0,2.92903627657949,0.18261062077702708
toxoplasmose_igg,CUIABA,1,10,4,0.0,0.0,0.4,0.5916074566203833,0.0
toxoplasmose_igg,GUARANTA DO NORTE,12,13,12,0.0,0.0,0.9166666666666666,3.029640818118665,1.889458466504403
toxoplasmose_igg,JUARA,1,2,2,0.0,0.0,1.0,5.576933801795772,0.0
toxoplasmose_igg,JUINA,1,1,0,0.0,0.0,0.0,0.0,0.0
toxoplasmose_igg,NOVA MUTUM,5,5,3,0.0,0.0,0.6,1.0980302575593999,0.2981993161855452
toxoplasmose_igg,NOVA XAVANTINA,1,1,1,0.0,0.0,1.0,3.9866050071758887,0.0
toxoplasmose_igg,PARANATINGA,1,1,0,0.0,0.0,0.0,0.0,0.02608180602477483
toxoplasmose_igg,POCONE,1,1,1,0.0,0.0,1.0,3.1853220360578454,0.06830926590653164
toxoplasmose_igg,PONTES E LACERDA,1,1,0,0.0,0.0,0.0,0.0,0.0
toxoplasmose_igg,SORRISO,5,6,4,0.0,0.0,0.7,0.7145817277618118,0.6058465478685597
toxoplasmose_igg,TANGARA DA SERRA,1,1,1,0.0,0.0,1.0,0.9045762512550996,0.0
toxoplasmose_igg,VARZEA GRANDE,4,4,3,0.0,0.0,0.75,0.24120331509836268,0.23094010767585035
toxoplasmose_igm,ACORIZAL,1,1,0,0.0,0.0,0.0,0.0,0.03850080940315332
toxoplasmose_igm,ALTA FLORESTA,1,1,0,0.0,0.0,0.0,0.0,0.0
toxoplasmose_igm,CAMPO NOVO DO PARECIS,2,2,1,0.0,0.0,0.5,1.0410810585712202,0.2698
toxoplasmose_igm,CHAPADA DOS GUIMARAES,1,1,0,0.0,0.0,0.0,0.0,0.03629330306869366
toxoplasmose_igm,CONFRESA,2,2,0,0.0,0.0,0.0,0.0,0.047710620777027084
toxoplasmose_igm,CUIABA,1,10,0,0.0,0.0,0.0,0.0,0.0
toxoplasmose_igm,GUARANTA DO NORTE,12,13,1,0.0,0.0,0.08333333333333333,0.26411426639621366,1.32664991614216
toxoplasmose_igm,JUARA,1,2,2,0.0,0.0,1.0,5.576933801795772,0.0
toxoplasmose_igm,JUINA,1,1,0,0.0,0.0,0.0,0.0,0.0
toxoplasmose_igm,NOVA MUTUM,5,5,1,0.0,0.0,0.2,0.41474845506200486,0.8
toxoplasmose_igm,NOVA XAVANTINA,1,1,1,0.0,0.0,1.0,3.9866050071758887,0.0
toxoplasmose_igm,PARANATINGA,1,1,0,0.0,0.0,0.0,0.0,0.02608180602477483
toxoplasmose_igm,POCONE,1,1,0,0.0,0.0,0.0,0.0,0.06830926590653164
toxoplasmose_igm,PONTES E LACERDA,1,1,0,0.0,0.0,0.0,0.0,0.0
toxoplasmose_igm,SORRISO,5,6,1,0.0,0.0,0.2,0.18077461924345822,0.8
toxoplasmose_igm,TANGARA DA SERRA,1,1,1,0.0,0.0,1.0,0.9045762512550996,0.0
toxoplasmose_igm,VARZEA GRANDE,4,4,0,0.0,0.0,0.0,0.0,0.0
toxoplasmose_mayaro_biologia_molecular,VARZEA GRANDE,1,1,0,0.0,0.0,0.0,0.0,0.0
toxoplasmose_paracoccidioidomicose,CHAPADA DOS GUIMARAES,1,1,0,0.0,0.0,0.0,,0.03629330306869366
toxoplasmose_paracoccidioidomicose,CUIABA,2,2,0,0.0,0.0,0.0,0.0,0.0
toxoplasmose_paracoccidioidomicose,SORRISO,1,1,0,0.0,0.0,0.0,0.0,0.0
toxoplasmose_paracoccidioidomicose,VARZEA GRANDE,11,12,0,0.0,0.0,0.0,0.0,0.790569415042095
toxoplasmose_parvov_rus_b19_igg,VARZEA GRANDE,1,1,0,0.0,0.0,0.0,,0.0
toxoplasmose_pesquisa_de_arbov_rus_zdc,VARZEA GRANDE,1,1,0,0.0,0.0,0.0,0.0,0.0
toxoplasmose_pesquisa_quantitativa_do_dna_do_v_rus_epstein_barr,NOVA MUTUM,1,1,0,0.0,0.0,0.0,0.0,0.0
toxoplasmose_rub_ola_biologia_molecular,CUIABA,1,1,0,0.0,0.0,0.0,0.0,0.0
toxoplasmose_rub_ola_biologia_molecular,VARZEA GRANDE,2,2,0,0.0,0.0,0.0,0.0,0.0
toxoplasmose_rub_ola_igg,CAMPO NOVO DO PARECIS,1,1,0,0.0,0.0,0.0,,0.0
toxoplasmose_rub_ola_igg,CHAPADA DOS GUIMARAES,1,2,1,0.0,0.0,0.5,5.139274334463974,0.03629330306869366
toxoplasmose_rub_ola_igg,CUIABA,8,10,0,0.0,0.0,0.0,0.0,0.43301270189221935
toxoplasmose_rub_ola_igg,GUARANTA DO NORTE,8,10,0,0.0,0.0,0.0,0.0,0.43301270189221935
toxoplasmose_rub_ola_igg,JANGADA,1,1,0,0.0,0.0,0.0,0.0,0.056065913569820006
toxoplasmose_rub_ola_igg,LUCAS DO RIO VERDE,2,2,0,0.0,0.0,0.0,0.0,0.0
toxoplasmose_rub_ola_igg,MONTES CLAROS,1,1,0,0.0,0.0,0.0,,0.0
toxoplasmose_rub_ola_igg,NOVA MUTUM,1,1,0,0.0,0.0,0.0,0.0,0.0
toxoplasmose_rub_ola_igg,NOVO SANTO ANTONIO,1,2,1,0.0,0.0,0.5,48.99559039686428,0.20666531883445952
toxoplasmose_rub_ola_igg,VARZEA GRANDE,32,70,1,0.0,0.0,0.015625,0.009798634148788732,2.0
toxoplasmose_rub_ola_igg,VILA RICA,1,1,0,0.0,0.0,0.0,0.0,0.04660449394707213
toxoplasmose_rub_ola_igm,CAMPO NOVO DO PARECIS,1,1,0,0.0,0.0,0.0,,0.0
toxoplasmose_rub_ola_igm,CHAPADA DOS GUIMARAES,1,2,0,0.0,0.0,0.0,0.0,0.03629330306869366
toxoplasmose_rub_ola_igm,CUIABA,9,11,0,0.0,0.0,0.0,0.0,0.4677071733467426
toxoplasmose_rub_ola_igm,GUARANTA DO NORTE,9,12,0,0.0,0.0,0.0,0.0,0.3535533905932738
toxoplasmose_rub_ola_igm,JANGADA,1,1,0,0.0,0.0,0.0,0.0,0.056065913569820006
toxoplasmose_rub_ola_igm,LUCAS DO RIO VERDE,2,2,0,0.0,0.0,0.0,0.0,0.0
toxoplasmose_rub_ola_igm,MONTES CLAROS,1,2,0,0.0,0.0,0.0,,0.0
toxoplasmose_rub_ola_igm,NOVA MUTUM,1,1,0,0.0,0.0,0.0,0.0,0.0
toxoplasmose_rub_ola_igm,NOVO SANTO ANTONIO,1,2,0,0.0,0.0,0.0,0.0,0.20666531883445952
toxoplasmose_rub_ola_igm,VARZEA GRANDE,33,76,0,0.0,0.0,0.0,0.0,1.180375
toxoplasmose_rub_ola_igm,VILA RICA,1,1,0,0.0,0.0,0.0,0.0,0.04660449394707213
toxoplasmose_sarampo_igg,GUARANTA DO NORTE,4,4,0,0.0,0.0,0.0,0.0,0.0
toxoplasmose_sarampo_igm,GUARANTA DO NORTE,4,4,0,0.0,0.0,0.0,0.0,0.0
toxoplasmose_toxoplasmose_avidez_igg,ALTO BOA VISTA,1,1,0,0.0,0.0,0.0,,0.1979444819819821
toxoplasmose_toxoplasmose_avidez_igg,ARENAPOLIS,2,4,0,0.0,0.0,0.0,0.0,0.168625
toxoplasmose_toxoplasmose_avidez_igg,BARRA DO BUGRES,1,2,0,0.0,0.0,0.0,0.0,0.0017327737894144602
toxoplasmose_toxoplasmose_avidez_igg,CAMPO GRANDE,1,2,0,0.0,0.0,0.0,,0.0
toxoplasmose_toxoplasmose_avidez_igg,CAMPO NOVO DO PARECIS,13,18,0,0.0,0.0,0.0,0.0,0.6462303276414969
toxoplasmose_toxoplasmose_avidez_igg,CANARANA,7,16,0,0.0,0.0,0.0,0.0,0.33725
toxoplasmose_toxoplasmose_avidez_igg,COCALINHO,1,2,0,0.0,0.0,0.0,0.0,0.15397950098536037
toxoplasmose_toxoplasmose_avidez_igg,CONCORDIA,1,1,0,0.0,0.0,0.0,,0.0
toxoplasmose_toxoplasmose_avidez_igg,CONFRESA,1,2,0,0.0,0.0,0.0,0.0,0.047710620777027084
toxoplasmose_toxoplasmose_avidez_igg,CUIABA,17,19,0,0.0,0.0,0.0,0.0,0.6846531968814576
toxoplasmose_toxoplasmose_avidez_igg,GUARANTA DO NORTE,4,5,0,0.0,0.0,0.0,0.0,0.43301270189221935
toxoplasmose_toxoplasmose_avidez_igg,JACIARA,2,3,0,0.0,0.0,0.0,0.0,0.168625
toxoplasmose_toxoplasmose_avidez_igg,JUARA,1,1,0,0.0,0.0,0.0,0.0,0.0
toxoplasmose_toxoplasmose_avidez_igg,JUINA,1,2,0,0.0,0.0,0.0,,0.0
toxoplasmose_toxoplasmose_avidez_igg,JUNDIA,1,1,0,0.0,0.0,0.0,,0.0
toxoplasmose_toxoplasmose_avidez_igg,JURUENA,1,1,0,0.0,0.0,0.0,0.0,0.0634907305743244
toxoplasmose_toxoplasmose_avidez_igg,LUCAS DO RIO VERDE,1,1,0,0.0,0.0,0.0,0.0,0.0
toxoplasmose_toxoplasmose_avidez_igg,MIRASSOL D''OESTE,1,2,0,0.0,0.0,0.0,,0.0
toxoplasmose_toxoplasmose_avidez_igg,NOVA MARILANDIA,4,7,0,0.0,0.0,0.0,0.0,0.4330127018922193
toxoplasmose_toxoplasmose_avidez_igg,NOVA OLIMPIA,1,1,0,0.0,0.0,0.0,,0.0
toxoplasmose_toxoplasmose_avidez_igg,NOVO SANTO ANTONIO,1,1,0,0.0,0.0,0.0,0.0,0.20666531883445952
toxoplasmose_toxoplasmose_avidez_igg,PEIXOTO DE AZEVEDO,1,2,0,0.0,0.0,0.0,0.0,0.02064137105855867
toxoplasmose_toxoplasmose_avidez_igg,PORTO ESTRELA,1,2,0,0.0,0.0,0.0,,0.10080470861486512
toxoplasmose_toxoplasmose_avidez_igg,RIO DE JANEIRO,1,1,0,0.0,0.0,0.0,,0.0
toxoplasmose_toxoplasmose_avidez_igg,RONDONOPOLIS,1,4,0,0.0,0.0,0.0,,0.0
toxoplasmose_toxoplasmose_avidez_igg,SANTA TEREZINHA,1,1,0,0.0,0.0,0.0,0.0,0.17831903856982004
toxoplasmose_toxoplasmose_avidez_igg,SAO JOSE DO POVO,1,2,0,0.0,0.0,0.0,,0.021652551379504583
toxoplasmose_toxoplasmose_avidez_igg,SAPEZAL,1,2,0,0.0,0.0,0.0,0.0,0.0
toxoplasmose_toxoplasmose_avidez_igg,SORRISO,14,20,0,0.0,0.0,0.0,0.0,0.7833494518006401
toxoplasmose_toxoplasmose_avidez_igg,TANGARA DA SERRA,11,12,0,0.0,0.0,0.0,0.0,0.790569415042095
toxoplasmose_toxoplasmose_avidez_igg,VARZEA GRANDE,19,28,0,0.0,0.0,0.0,0.0,0.7713892158398701
toxoplasmose_toxoplasmose_avidez_igg,VILA RICA,1,1,0,0.0,0.0,0.0,0.0,0.04660449394707213
toxoplasmose_toxoplasmose_biologia_molecular,CUIABA,1,1,0,0.0,0.0,0.0,0.0,0.0
toxoplasmose_toxoplasmose_iga,ARENAPOLIS,1,2,0,0.0,0.0,0.0,0.0,0.0
toxoplasmose_toxoplasmose_iga,JUARA,1,1,0,0.0,0.0,0.0,0.0,0.0
toxoplasmose_toxoplasmose_iga,NOVA MARILANDIA,1,1,0,0.0,0.0,0.0,0.0,0.0
toxoplasmose_toxoplasmose_igg,ALTO BOA VISTA,1,1,0,0.0,0.0,0.0,,0.1979444819819821
toxoplasmose_toxoplasmose_igg,ARENAPOLIS,5,6,0,0.0,0.0,0.0,0.0,0.5
toxoplasmose_toxoplasmose_igg,BARAO DE MELGACO,1,1,0,0.0,0.0,0.0,,0.5
toxoplasmose_toxoplasmose_igg,BARRA DO BUGRES,2,3,0,0.0,0.0,0.0,0.0,0.17035777378941447
toxoplasmose_toxoplasmose_igg,BARRA DO GARCAS,1,1,0,0.0,0.0,0.0,,0.0
toxoplasmose_toxoplasmose_igg,BRASNORTE,1,2,0,0.0,0.0,0.0,,0.0
toxoplasmose_toxoplasmose_igg,CACERES,1,2,0,0.0,0.0,0.0,0.0,0.01077642877252243
toxoplasmose_toxoplasmose_igg,CAMPO GRANDE,1,2,0,0.0,0.0,0.0,,0.0
toxoplasmose_toxoplasmose_igg,CAMPO NOVO DO PARECIS,9,14,2,0.0,0.0,0.16666666666666666,0.5524037850707353,0.816227766016838
toxoplasmose_toxoplasmose_igg,CAMPO VERDE,1,1,0,0.0,0.0,0.0,,0.0
toxoplasmose_toxoplasmose_igg,CANARANA,4,11,0,0.0,0.0,0.0,0.0,0.33725
toxoplasmose_toxoplasmose_igg,CHAPADA DOS GUIMARAES,4,5,1,0.0,0.0,0.125,5.139274334463974,0.8157161664746886
toxoplasmose_toxoplasmose_igg,COCALINHO,1,2,0,0.0,0.0,0.0,0.0,0.15397950098536037
toxoplasmose_toxoplasmose_igg,CONCORDIA,1,1,0,0.0,0.0,0.0,,0.0
toxoplasmose_toxoplasmose_igg,CONFRESA,1,2,0,0.0,0.0,0.0,0.0,0.047710620777027084
toxoplasmose_toxoplasmose_igg,CUIABA,22,30,1,0.0,0.0,0.022727272727272728,0.009033423667570008,1.9713360773915538
toxoplasmose_toxoplasmose_igg,DAVINOPOLIS,1,1,0,0.0,0.0,0.0,,0.0
toxoplasmose_toxoplasmose_igg,DEMERVAL LOBAO,1,1,0,0.0,0.0,0.0,,0.0
toxoplasmose_toxoplasmose_igg,GUARANTA DO NORTE,31,55,1,0.0,0.0,0.016129032258064516,0.139313213719008,1.9881444891376154
toxoplasmose_toxoplasmose_igg,IPUACU,1,2,0,0.0,0.0,0.0,,0.0
toxoplasmose_toxoplasmose_igg,JACIARA,2,2,0,0.0,0.0,0.0,0.0,0.0
toxoplasmose_toxoplasmose_igg,JANGADA,1,1,0,0.0,0.0,0.0,0.0,0.056065913569820006
toxoplasmose_toxoplasmose_igg,JUARA,4,5,0,0.0,0.0,0.0,0.0,0.43301270189221935
toxoplasmose_toxoplasmose_igg,JUINA,1,2,0,0.0,0.0,0.0,,0.0
toxoplasmose_toxoplasmose_igg,JUNDIA,1,1,0,0.0,0.0,0.0,,0.0
toxoplasmose_toxoplasmose_igg,LADARIO,1,1,0,0.0,0.0,0.0,,0.0
toxoplasmose_toxoplasmose_igg,LUCAS DO RIO VERDE,1,1,0,0.0,0.0,0.0,0.0,0.0
toxoplasmose_toxoplasmose_igg,MANAUS,1,2,0,0.0,0.0,0.0,,0.0
toxoplasmose_toxoplasmose_igg,MATRIZ DE CAMARAGIBE,1,1,0,0.0,0.0,0.0,,0.0
toxoplasmose_toxoplasmose_igg,MIRASSOL D''OESTE,2,4,0,0.0,0.0,0.0,,0.0
toxoplasmose_toxoplasmose_igg,MONTES CLAROS,1,1,0,0.0,0.0,0.0,,0.0
toxoplasmose_toxoplasmose_igg,NOSSA SENHORA DO LIVRAMENTO,2,2,0,0.0,0.0,0.0,0.0,0.10755540540540556
toxoplasmose_toxoplasmose_igg,NOVA MARILANDIA,3,7,0,0.0,0.0,0.0,0.0,0.33725
toxoplasmose_toxoplasmose_igg,NOVA MONTE VERDE,1,2,0,0.0,0.0,0.0,0.0,0.007011799690315371
toxoplasmose_toxoplasmose_igg,NOVA MUTUM,19,31,2,0.0,0.0,0.05263157894736842,0.19698999290836025,1.1122454516974485
toxoplasmose_toxoplasmose_igg,NOVA OLIMPIA,1,1,0,0.0,0.0,0.0,,0.0
toxoplasmose_toxoplasmose_igg,NOVO PROGRESSO,1,2,0,0.0,0.0,0.0,,0.0
toxoplasmose_toxoplasmose_igg,NOVO SANTO ANTONIO,1,2,1,0.0,0.0,0.5,48.99559039686428,0.20666531883445952
toxoplasmose_toxoplasmose_igg,PEIXOTO DE AZEVEDO,1,1,0,0.0,0.0,0.0,0.0,0.02064137105855867
toxoplasmose_toxoplasmose_igg,PLANALTO DA SERRA,1,1,0,0.0,0.0,0.0,,0.05307984586148658
toxoplasmose_toxoplasmose_igg,PORTO ESTRELA,1,1,0,0.0,0.0,0.0,,0.10080470861486512
toxoplasmose_toxoplasmose_igg,PRIMAVERA DO LESTE,1,1,0,0.0,0.0,0.0,,0.0
toxoplasmose_toxoplasmose_igg,QUERENCIA,1,1,0,0.0,0.0,0.0,0.0,0.0
toxoplasmose_toxoplasmose_igg,RIO DE JANEIRO,1,1,0,0.0,0.0,0.0,,0.0
toxoplasmose_toxoplasmose_igg,RONDONOPOLIS,1,8,0,0.0,0.0,0.0,,0.0
toxoplasmose_toxoplasmose_igg,ROSARIO OESTE,1,1,0,0.0,0.0,0.0,0.0,0.06282135768581094
toxoplasmose_toxoplasmose_igg,SANTA RITA DO TRIVELATO,1,2,0,0.0,0.0,0.0,0.0,0.0
toxoplasmose_toxoplasmose_igg,SANTA TEREZINHA,1,1,0,0.0,0.0,0.0,0.0,0.17831903856982004
toxoplasmose_toxoplasmose_igg,SAO JOSE DO POVO,1,4,0,0.0,0.0,0.0,,0.021652551379504583
toxoplasmose_toxoplasmose_igg,SAO JOSE DOS QUATRO MARCOS,2,2,0,0.0,0.0,0.0,0.0,0.0
toxoplasmose_toxoplasmose_igg,SAPEZAL,3,6,1,0.0,0.0,0.16666666666666666,1.0251994012835497,0.565685424949238
toxoplasmose_toxoplasmose_igg,SORRISO,9,12,3,0.0,0.0,0.2777777777777778,0.2673832537868153,0.7433005998328626
toxoplasmose_toxoplasmose_igg,TANGARA DA SERRA,12,13,2,0.0,0.0,0.125,0.34903100267881293,1.32615558699221
toxoplasmose_toxoplasmose_igg,TAPURAH,1,1,0,0.0,0.0,0.0,,0.0
toxoplasmose_toxoplasmose_igg,TRES LAGOAS,1,1,0,0.0,0.0,0.0,,0.0
toxoplasmose_toxoplasmose_igg,VARZEA GRANDE,81,249,10,0.0,0.0,0.01861650009798158,0.061481626031615576,3.01175
toxoplasmose_toxoplasmose_igg,VILA RICA,1,2,0,0.0,0.0,0.0,,0.04660449394707213
toxoplasmose_toxoplasmose_igm,ALTO BOA VISTA,1,1,0,0.0,0.0,0.0,,0.1979444819819821
toxoplasmose_toxoplasmose_igm,ARENAPOLIS,3,7,0,0.0,0.0,0.0,0.0,0.3535533905932737
toxoplasmose_toxoplasmose_igm,BARAO DE MELGACO,1,1,0,0.0,0.0,0.0,,0.5
toxoplasmose_toxoplasmose_igm,BARRA DO BUGRES,2,3,0,0.0,0.0,0.0,0.0,0.17035777378941447
toxoplasmose_toxoplasmose_igm,BARRA DO GARCAS,1,1,0,0.0,0.0,0.0,,0.0
toxoplasmose_toxoplasmose_igm,BRASNORTE,1,2,0,0.0,0.0,0.0,,0.0
toxoplasmose_toxoplasmose_igm,CACERES,3,6,0,0.0,0.0,0.0,0.0,0.36432981936579617
toxoplasmose_toxoplasmose_igm,CAMPO GRANDE,1,2,0,0.0,0.0,0.0,,0.0
toxoplasmose_toxoplasmose_igm,CAMPO NOVO DO PARECIS,10,18,1,0.0,0.0,0.1,0.24167665596844667,1.1291502622129181
toxoplasmose_toxoplasmose_igm,CAMPO VERDE,1,1,0,0.0,0.0,0.0,,0.0
toxoplasmose_toxoplasmose_igm,CANARANA,4,11,0,0.0,0.0,0.0,0.0,0.33725
toxoplasmose_toxoplasmose_igm,CHAPADA DOS GUIMARAES,4,5,1,0.0,0.0,0.125,5.139274334463974,0.8157161664746886
toxoplasmose_toxoplasmose_igm,COCALINHO,1,2,0,0.0,0.0,0.0,0.0,0.15397950098536037
toxoplasmose_toxoplasmose_igm,CONCORDIA,1,1,0,0.0,0.0,0.0,,0.0
toxoplasmose_toxoplasmose_igm,CONFRESA,1,2,0,0.0,0.0,0.0,0.0,0.047710620777027084
toxoplasmose_toxoplasmose_igm,CUIABA,23,31,0,0.0,0.0,0.0,0.0,0.7373429994210161
toxoplasmose_toxoplasmose_igm,DAVINOPOLIS,1,1,0,0.0,0.0,0.0,,0.0
toxoplasmose_toxoplasmose_igm,DEMERVAL LOBAO,1,1,0,0.0,0.0,0.0,,0.0
toxoplasmose_toxoplasmose_igm,GUARANTA DO NORTE,33,56,0,0.0,0.0,0.0,0.0,0.759881764151431
toxoplasmose_toxoplasmose_igm,IPUACU,1,2,0,0.0,0.0,0.0,,0.0
toxoplasmose_toxoplasmose_igm,JACIARA,2,2,0,0.0,0.0,0.0,0.0,0.0
toxoplasmose_toxoplasmose_igm,JANGADA,1,1,0,0.0,0.0,0.0,0.0,0.056065913569820006
toxoplasmose_toxoplasmose_igm,JUARA,4,4,0,0.0,0.0,0.0,0.0,0.0
toxoplasmose_toxoplasmose_igm,JUINA,1,2,0,0.0,0.0,0.0,,0.0
toxoplasmose_toxoplasmose_igm,JUNDIA,1,1,0,0.0,0.0,0.0,,0.0
toxoplasmose_toxoplasmose_igm,LADARIO,1,1,0,0.0,0.0,0.0,,0.0
toxoplasmose_toxoplasmose_igm,LUCAS DO RIO VERDE,1,1,0,0.0,0.0,0.0,0.0,0.0
toxoplasmose_toxoplasmose_igm,MANAUS,1,2,0,0.0,0.0,0.0,,0.0
toxoplasmose_toxoplasmose_igm,MATRIZ DE CAMARAGIBE,1,1,0,0.0,0.0,0.0,,0.0
toxoplasmose_toxoplasmose_igm,MIRASSOL D''OESTE,2,4,0,0.0,0.0,0.0,,0.0
toxoplasmose_toxoplasmose_igm,MONTES CLAROS,1,2,0,0.0,0.0,0.0,,0.0
toxoplasmose_toxoplasmose_igm,NOSSA SENHORA DO LIVRAMENTO,2,2,0,0.0,0.0,0.0,0.0,0.10755540540540556
toxoplasmose_toxoplasmose_igm,NOVA MARILANDIA,3,7,0,0.0,0.0,0.0,0.0,0.33725
toxoplasmose_toxoplasmose_igm,NOVA MONTE VERDE,1,2,0,0.0,0.0,0.0,0.0,0.007011799690315371
toxoplasmose_toxoplasmose_igm,NOVA MUTUM,20,33,1,0.0,0.0,0.025,0.092701173133346,1.671779788708135
toxoplasmose_toxoplasmose_igm,NOVA OLIMPIA,1,1,0,0.0,0.0,0.0,,0.0
toxoplasmose_toxoplasmose_igm,NOVO PROGRESSO,1,2,0,0.0,0.0,0.0,,0.0
toxoplasmose_toxoplasmose_igm,NOVO SANTO ANTONIO,1,2,0,0.0,0.0,0.0,0.0,0.20666531883445952
toxoplasmose_toxoplasmose_igm,PEIXOTO DE AZEVEDO,1,1,0,0.0,0.0,0.0,0.0,0.02064137105855867
toxoplasmose_toxoplasmose_igm,PLANALTO DA SERRA,1,1,0,0.0,0.0,0.0,,0.05307984586148658
toxoplasmose_toxoplasmose_igm,PORTO ESTRELA,1,1,0,0.0,0.0,0.0,,0.10080470861486512
toxoplasmose_toxoplasmose_igm,PRIMAVERA DO LESTE,1,1,0,0.0,0.0,0.0,,0.0
toxoplasmose_toxoplasmose_igm,QUERENCIA,1,1,0,0.0,0.0,0.0,0.0,0.0
toxoplasmose_toxoplasmose_igm,RIO DE JANEIRO,1,1,0,0.0,0.0,0.0,,0.0
toxoplasmose_toxoplasmose_igm,RONDONOPOLIS,1,8,0,0.0,0.0,0.0,,0.0
toxoplasmose_toxoplasmose_igm,ROSARIO OESTE,1,1,0,0.0,0.0,0.0,0.0,0.06282135768581094
toxoplasmose_toxoplasmose_igm,SANTA RITA DO TRIVELATO,1,2,0,0.0,0.0,0.0,0.0,0.0
toxoplasmose_toxoplasmose_igm,SANTA TEREZINHA,1,1,0,0.0,0.0,0.0,0.0,0.17831903856982004
toxoplasmose_toxoplasmose_igm,SAO JOSE DO POVO,1,4,0,0.0,0.0,0.0,,0.021652551379504583
toxoplasmose_toxoplasmose_igm,SAO JOSE DOS QUATRO MARCOS,2,2,0,0.0,0.0,0.0,0.0,0.0
toxoplasmose_toxoplasmose_igm,SAPEZAL,3,6,0,0.0,0.0,0.0,0.0,0.168625
toxoplasmose_toxoplasmose_igm,SORRISO,10,13,2,0.0,0.0,0.2,0.16042995227208917,0.8
toxoplasmose_toxoplasmose_igm,TANGARA DA SERRA,12,13,2,0.0,0.0,0.125,0.34903100267881293,1.32615558699221
toxoplasmose_toxoplasmose_igm,TAPURAH,1,1,0,0.0,0.0,0.0,,0.0
toxoplasmose_toxoplasmose_igm,TRES LAGOAS,1,1,0,0.0,0.0,0.0,,0.0
toxoplasmose_toxoplasmose_igm,VARZEA GRANDE,82,253,1,0.0,0.0,0.0013550135501355014,0.006029928706946912,2.7307083333333333
toxoplasmose_toxoplasmose_igm,VILA RICA,1,2,0,0.0,0.0,0.0,,0.04660449394707213
toxoplasmose_v_rus_respirat_rios,CUIABA,1,1,0,0.0,0.0,0.0,0.0,0.0
toxoplasmose_v_rus_respirat_rios,VARZEA GRANDE,3,3,0,0.0,0.0,0.0,0.0,0.0
toxoplasmose_varicela_zoster_biologia_molecular,VARZEA GRANDE,4,4,0,0.0,0.0,0.0,0.0,0.0
toxoplasmose_varicela_zoster_biologia_molecular,VILA RICA,1,1,0,0.0,0.0,0.0,,0.04660449394707213
transtorno_end_crino_cultura_para_fungos,RONDONOPOLIS,1,1,0,0.0,0.0,0.0,,0.0
transtorno_end_crino_fungos,RONDONOPOLIS,1,1,0,0.0,0.0,0.0,,0.0
transtorno_end_crino_fungos_teste_de_sensibilidade,RONDONOPOLIS,1,1,0,0.0,0.0,0.0,,0.0
tuberculose,ABAETETUBA,1,1,0,0.0,0.0,0.0,,0.0
tuberculose,ACAILANDIA,6,9,0,0.0,0.0,0.0,,0.5590169943749475
tuberculose,ACORIZAL,38,99,2,4.0,2.0,0.039473684210526314,1.3473457289140394,2.066348558707469
tuberculose,ACREUNA,7,12,0,0.0,0.0,0.0,,0.554700196225229
tuberculose,AGUA BOA,98,1384,9,24.0,0.0,0.0367298692526656,0.3915745514924098,2.2368289194770186
tuberculose,AGUA CLARA,2,3,0,0.0,0.0,0.0,,0.168625
tuberculose,AGUA PRETA,1,1,0,0.0,0.0,0.0,,0.0
tuberculose,AGUAI,1,1,0,0.0,0.0,0.0,,0.0
tuberculose,AGUAS BELAS,1,1,0,0.0,0.0,0.0,,0.0
tuberculose,AGUAS LINDAS DE GOIAS,4,6,1,0.0,0.0,0.125,,0.5150351615137755
tuberculose,AIQUARA,1,1,0,0.0,0.0,0.0,,0.0
tuberculose,ALCANTARA,1,1,0,0.0,0.0,0.0,,0.0
tuberculose,ALEXANIA,2,2,0,0.0,0.0,0.0,,0.0
tuberculose,ALMEIRIM,2,3,0,0.0,0.0,0.0,,0.168625
tuberculose,ALTA FLORESTA,84,516,11,47.0,2.0,0.035515873015873015,0.2865340277321799,1.9968418524115095
tuberculose,ALTA FLORESTA D''OESTE,8,14,0,0.0,0.0,0.0,,0.6254627916220946
tuberculose,ALTAMIRA,14,43,0,0.0,0.0,0.0,,0.33725
tuberculose,ALTO ALEGRE DOS PARECIS,1,1,0,0.0,0.0,0.0,,0.0
tuberculose,ALTO ARAGUAIA,32,81,0,1.0,0.0,0.0,0.0,1.903834841531101
tuberculose,ALTO BOA VISTA,11,21,0,1.0,1.0,0.0,0.0,0.5948071786416707
tuberculose,ALTO GARCAS,26,69,0,1.0,0.0,0.0,0.0,1.25
tuberculose,ALTO PARAGUAI,19,41,3,2.0,1.0,0.07017543859649122,2.635765107625784,1.5260813692215398
tuberculose,ALTO PARAISO,1,1,0,0.0,0.0,0.0,,0.0
tuberculose,ALTO PARANA,1,1,0,0.0,0.0,0.0,,0.0
tuberculose,ALTO TAQUARI,19,45,0,2.0,0.0,0.0,0.0,1.0289450442275352
tuberculose,ALVARES MACHADO,1,1,0,0.0,0.0,0.0,,0.0
tuberculose,ALVORADA,1,2,0,0.0,0.0,0.0,,0.0
tuberculose,ALVORADA D''OESTE,1,1,0,0.0,0.0,0.0,,0.0
tuberculose,AMAMBAI,10,11,0,0.0,0.0,0.0,,0.75
tuberculose,AMARANTE DO MARANHAO,1,1,0,0.0,0.0,0.0,,0.0
tuberculose,ANANINDEUA,2,3,0,0.0,0.0,0.0,,0.168625
tuberculose,ANAPOLIS,7,11,0,0.0,0.0,0.0,,0.21650635094610968
tuberculose,ANCHIETA,1,1,0,0.0,0.0,0.0,,0.0
tuberculose,ANDIRA,1,1,0,0.0,0.0,0.0,,0.0
tuberculose,ANGELICA,2,2,0,0.0,0.0,0.0,,0.0
tuberculose,ANICUNS,2,2,0,0.0,0.0,0.0,,0.0
tuberculose,APARECIDA DE GOIANIA,31,42,0,1.0,0.0,0.0,,0.5893689584893059
tuberculose,APARECIDA DO TABOADO,2,5,0,0.0,0.0,0.0,,0.168625
tuberculose,APIACAS,22,67,0,4.0,1.0,0.0,0.0,0.8764731644587139
tuberculose,APORE,1,1,0,0.0,0.0,0.0,,0.0
tuberculose,APUAREMA,2,2,0,0.0,0.0,0.0,,0.0
tuberculose,APUI,4,4,0,0.0,0.0,0.0,,0.0
tuberculose,AQUIDAUANA,4,5,0,0.0,0.0,0.0,,0.43301270189221935
tuberculose,ARACAJU,6,7,0,0.0,0.0,0.0,,0.5590169943749475
tuberculose,ARACAS,3,3,0,0.0,0.0,0.0,,0.0
tuberculose,ARACATUBA,5,5,0,0.0,0.0,0.0,,0.0
tuberculose,ARACI,1,2,0,0.0,0.0,0.0,,0.0
tuberculose,ARACOIABA,2,2,0,0.0,0.0,0.0,,0.0
tuberculose,ARAGARCAS,10,25,0,0.0,0.0,0.0,,0.600099198148979
tuberculose,ARAGUAIANA,5,8,0,0.0,0.0,0.0,0.0,0.43749999999999994
tuberculose,ARAGUAINA,9,17,0,0.0,0.0,0.0,,0.168625
tuberculose,ARAGUAINHA,2,2,0,0.0,0.0,0.0,,0.01041088471283786
tuberculose,ARAGUANA,1,1,0,0.0,0.0,0.0,,0.0
tuberculose,ARAGUATINS,2,2,0,0.0,0.0,0.0,,0.0
tuberculose,ARAPIRACA,2,5,0,0.0,0.0,0.0,,0.168625
tuberculose,ARAPONGAS,1,1,0,0.0,0.0,0.0,,0.0
tuberculose,ARAPUTANGA,74,314,11,9.0,1.0,0.04360706860706861,1.2346068054251824,1.6991732627135416
tuberculose,ARAQUARI,2,4,0,0.0,0.0,0.0,,0.168625
tuberculose,ARARIPINA,2,2,0,0.0,0.0,0.0,,0.0
tuberculose,ARAXA,2,2,0,0.0,0.0,0.0,,0.0
tuberculose,ARCOS,1,1,0,0.0,0.0,0.0,,0.0
tuberculose,ARCOVERDE,3,3,0,0.0,0.0,0.0,,0.0
tuberculose,ARENAPOLIS,38,80,0,2.0,0.0,0.0,0.0,1.25
tuberculose,ARIPUANA,36,85,3,7.0,0.0,0.041666666666666664,0.30757400999615536,2.033625820395929
tuberculose,ARIQUEMES,20,28,0,0.0,0.0,0.0,,0.6859943405700353
tuberculose,ASSIS,4,9,1,0.0,0.0,0.125,,0.6745
tuberculose,ASSIS CHATEAUBRIAND,1,1,0,0.0,0.0,0.0,,0.0
tuberculose,ASTORGA,1,1,0,0.0,0.0,0.0,,0.0
tuberculose,ATALAIA,1,1,0,0.0,0.0,0.0,,0.0
tuberculose,AUGUSTO CORREA,1,1,0,0.0,0.0,0.0,,0.0
tuberculose,AURORA DO PARA,1,2,0,0.0,0.0,0.0,,0.0
tuberculose,AVANHANDAVA,1,1,0,0.0,0.0,0.0,,0.0
tuberculose,BACABAL,2,2,0,0.0,0.0,0.0,,0.0
tuberculose,BAEPENDI,1,1,0,0.0,0.0,0.0,,0.0
tuberculose,BALIZA,5,7,0,0.0,0.0,0.0,,0.30618621784789735
tuberculose,BALNEARIO CAMBORIU,1,1,0,0.0,0.0,0.0,,0.0
tuberculose,BALSAMO,1,1,0,0.0,0.0,0.0,,0.0
tuberculose,BALSAS,1,1,0,0.0,0.0,0.0,,0.0
tuberculose,BARAO DE MELGACO,24,52,3,0.0,0.0,0.07083333333333333,1.7351471404775127,1.870959432403374
tuberculose,BARCARENA,2,4,0,0.0,0.0,0.0,,0.0
tuberculose,BARRA BONITA,3,3,0,0.0,0.0,0.0,,0.0
tuberculose,BARRA DO BUGRES,94,309,7,29.0,0.0,0.04609929078014184,0.3033703338630846,1.8083398648171793
tuberculose,BARRA DO CHOCA,1,2,0,0.0,0.0,0.0,,0.0
tuberculose,BARRA DO CORDA,3,5,0,0.0,0.0,0.0,,0.35355339059327373
tuberculose,BARRA DO GARCAS,106,686,4,142.0,7.0,0.008090337335620356,0.05443726957974075,2.207787693750544
tuberculose,BARRA MANSA,2,2,0,0.0,0.0,0.0,,0.0
tuberculose,BARRACAO,1,1,0,0.0,0.0,0.0,,0.0
tuberculose,BARREIRAS,2,6,0,0.0,0.0,0.0,,0.0
tuberculose,BARREIRINHAS,1,1,0,0.0,0.0,0.0,,0.0
tuberculose,BARRETOS,2,2,0,0.0,0.0,0.0,,0.0
tuberculose,BATATAIS,1,2,0,0.0,0.0,0.0,,0.0
tuberculose,BAURU,1,2,0,0.0,0.0,0.0,,0.0
tuberculose,BEBERIBE,1,1,0,0.0,0.0,0.0,,0.0
tuberculose,BELA VISTA DE GOIAS,1,2,0,0.0,0.0,0.0,,0.0
tuberculose,BELEM,14,30,1,0.0,0.0,0.008928571428571428,,1.971110255092798
tuberculose,BELO HORIZONTE,7,10,0,0.0,0.0,0.0,,0.28867513459481287
tuberculose,BENTO DE ABREU,1,1,0,0.0,0.0,0.0,,0.0
tuberculose,BENTO GONCALVES,1,1,0,0.0,0.0,0.0,,0.0
tuberculose,BEQUIMAO,1,1,0,0.0,0.0,0.0,,0.0
tuberculose,BERTIOGA,1,1,0,0.0,0.0,0.0,,0.0
tuberculose,BETIM,6,7,0,0.0,0.0,0.0,,0.5590169943749475
tuberculose,BIGUACU,4,5,0,0.0,0.0,0.0,,0.43301270189221935
tuberculose,BIRIGUI,2,3,0,0.0,0.0,0.0,,0.168625
tuberculose,BLUMENAU,3,3,0,0.0,0.0,0.0,,0.0
tuberculose,BOA ESPERANCA DO NORTE,4,7,0,0.0,0.0,0.0,,0.505875
tuberculose,BOA VISTA,28,56,0,0.0,0.0,0.0,,1.25
tuberculose,BOCA DA MATA,1,1,0,0.0,0.0,0.0,,0.0
tuberculose,BOCA DO ACRE,1,3,0,0.0,0.0,0.0,,0.0
tuberculose,BOM JARDIM,3,3,0,0.0,0.0,0.0,,0.0
tuberculose,BOM JARDIM DE GOIAS,2,2,0,0.0,0.0,0.0,,0.0
tuberculose,BOM JESUS DO ARAGUAIA,12,26,0,0.0,0.0,0.0,0.0,0.6279192426801803
tuberculose,BOM JESUS DO GALHO,1,1,0,0.0,0.0,0.0,,0.0
tuberculose,BOM LUGAR,1,1,0,0.0,0.0,0.0,,0.0
tuberculose,BOMBINHAS,2,2,0,0.0,0.0,0.0,,0.0
tuberculose,BONITO,2,2,0,0.0,0.0,0.0,,0.0
tuberculose,BORBA,1,1,0,0.0,0.0,0.0,,0.0
tuberculose,BRAGANCA PAULISTA,2,6,0,0.0,0.0,0.0,,0.168625
tuberculose,BRASIL NOVO,1,1,0,0.0,0.0,0.0,,0.0
tuberculose,BRASILIA,34,56,0,0.0,0.0,0.0,,0.6757373783994859
tuberculose,BRASNORTE,49,199,5,5.0,2.0,0.03605442176870748,0.7723773155871921,2.233050027514755
tuberculose,BREU BRANCO,1,2,0,0.0,0.0,0.0,,0.0
tuberculose,BRITANIA,1,1,0,0.0,0.0,0.0,,0.0
tuberculose,BUJARI,6,6,0,0.0,0.0,0.0,,0.0
tuberculose,BURITICUPU,5,5,0,0.0,0.0,0.0,,0.0
tuberculose,BURITIS,6,13,0,0.0,0.0,0.0,,1.180375
tuberculose,CABO FRIO,1,1,0,0.0,0.0,0.0,,0.0
tuberculose,CABREUVA,1,4,0,0.0,0.0,0.0,,0.0
tuberculose,CACERES,126,1180,12,150.0,5.0,0.014317905466973788,0.14380942546066722,2.1354475899655005
tuberculose,CACHOEIRO DE ITAPEMIRIM,1,2,0,0.0,0.0,0.0,,0.0
tuberculose,CACOAL,11,12,0,0.0,0.0,0.0,,0.790569415042095
tuberculose,CACU,2,2,0,0.0,0.0,0.0,,0.0
tuberculose,CAFELANDIA,1,1,0,0.0,0.0,0.0,,0.0
tuberculose,CAIAPONIA,3,3,0,0.0,0.0,0.0,,0.0
tuberculose,CAJAMAR,1,1,0,0.0,0.0,0.0,,0.0
tuberculose,CAJAZEIRAS,1,3,0,0.0,0.0,0.0,,0.0
tuberculose,CALDAS NOVAS,4,5,0,0.0,0.0,0.0,,0.43301270189221935
tuberculose,CAMBE,1,1,0,0.0,0.0,0.0,,0.0
tuberculose,CAMBORIU,1,1,0,0.0,0.0,0.0,,0.0
tuberculose,CAMOCIM,1,1,0,0.0,0.0,0.0,,0.0
tuberculose,CAMPESTRE DO MARANHAO,2,2,0,0.0,0.0,0.0,,0.0
tuberculose,CAMPINA DA LAGOA,2,2,0,0.0,0.0,0.0,,0.0
tuberculose,CAMPINA GRANDE,2,2,0,0.0,0.0,0.0,,0.0
tuberculose,CAMPINA GRANDE DO SUL,2,2,0,0.0,0.0,0.0,,0.0
tuberculose,CAMPINAPOLIS,76,599,12,44.0,2.0,0.020658375348055542,1.2872741917001933,2.447601580095721
tuberculose,CAMPINAS,5,5,0,0.0,0.0,0.0,,0.0
tuberculose,CAMPO ALEGRE,1,1,0,0.0,0.0,0.0,,0.0
tuberculose,CAMPO BELO,1,1,0,0.0,0.0,0.0,,0.0
tuberculose,CAMPO FORMOSO,2,2,0,0.0,0.0,0.0,,0.0
tuberculose,CAMPO GRANDE,65,146,3,0.0,0.0,0.023076923076923078,,1.01175
tuberculose,CAMPO MOURAO,2,2,0,0.0,0.0,0.0,,0.0
tuberculose,CAMPO NOVO DE RONDONIA,1,1,0,0.0,0.0,0.0,,0.0
tuberculose,CAMPO NOVO DO PARECIS,92,273,5,32.0,1.0,0.03691123188405797,0.0906287459881675,2.1802396925576155
tuberculose,CAMPO VERDE,104,472,6,8.0,0.0,0.011324786324786324,0.13134794245536907,2.2344427908251396
tuberculose,CAMPOS DE JULIO,31,68,1,1.0,0.0,0.03225806451612903,0.0,1.0
tuberculose,CAMPOS DOS GOYTACAZES,1,2,0,0.0,0.0,0.0,,0.0
tuberculose,CANAA DOS CARAJAS,6,6,0,0.0,0.0,0.0,,0.0
tuberculose,CANABRAVA DO NORTE,6,9,0,0.0,0.0,0.0,0.0,0.5862880641233252
tuberculose,CANAPOLIS,3,3,0,0.0,0.0,0.0,,0.0
tuberculose,CANARANA,35,129,0,5.0,0.0,0.0,0.0,1.25
tuberculose,CANDEIAS DO JAMARI,5,7,0,0.0,0.0,0.0,,0.30618621784789735
tuberculose,CANHOTINHO,1,1,0,0.0,0.0,0.0,,0.0
tuberculose,CANSANCAO,1,1,0,0.0,0.0,0.0,,0.0
tuberculose,CAPANEMA,2,2,0,0.0,0.0,0.0,,0.0
tuberculose,CAPELA,1,1,0,0.0,0.0,0.0,,0.0
tuberculose,CAPIM GROSSO,1,2,0,0.0,0.0,0.0,,0.0
tuberculose,CAPIXABA,2,2,0,0.0,0.0,0.0,,0.0
tuberculose,CARAGUATATUBA,1,1,0,0.0,0.0,0.0,,0.0
tuberculose,CARAPICUIBA,3,4,0,0.0,0.0,0.0,,0.3535533905932738
tuberculose,CARAUARI,1,2,0,0.0,0.0,0.0,,0.0
tuberculose,CARDEAL DA SILVA,1,1,0,0.0,0.0,0.0,,0.0
tuberculose,CARDOSO,1,1,0,0.0,0.0,0.0,,0.0
tuberculose,CARIACICA,1,1,0,0.0,0.0,0.0,,0.0
tuberculose,CARLINDA,13,63,0,0.0,0.0,0.0,0.0,1.2694830236486487
tuberculose,CARMOLANDIA,1,1,0,0.0,0.0,0.0,,0.0
tuberculose,CARMOPOLIS,1,1,0,0.0,0.0,0.0,,0.0
tuberculose,CARRASCO BONITO,1,1,0,0.0,0.0,0.0,,0.0
tuberculose,CASCAVEL,11,14,0,0.0,0.0,0.0,,0.408248290463863
tuberculose,CASSILANDIA,6,6,1,0.0,0.0,0.16666666666666666,,0.447213595499958
tuberculose,CASTANHAL,4,4,0,0.0,0.0,0.0,,0.0
tuberculose,CASTANHEIRA,40,161,6,6.0,0.0,0.04839285714285714,2.301750082475189,1.3707895587381789
tuberculose,CASTILHO,1,4,0,0.0,0.0,0.0,,0.0
tuberculose,CATALAO,2,2,0,0.0,0.0,0.0,,0.0
tuberculose,CATARINA,1,1,0,0.0,0.0,0.0,,0.0
tuberculose,CATENDE,2,2,0,0.0,0.0,0.0,,0.0
tuberculose,CAXIAS,9,12,0,0.0,0.0,0.0,,0.3535533905932738
tuberculose,CAXIAS DO SUL,2,2,0,0.0,0.0,0.0,,0.0
tuberculose,CEDRAL,2,3,0,0.0,0.0,0.0,,0.168625
tuberculose,CENTENARIO DO SUL,2,2,0,0.0,0.0,0.0,,0.0
tuberculose,CEREJEIRAS,3,3,0,0.0,0.0,0.0,,0.0
tuberculose,CERES,3,5,0,0.0,0.0,0.0,,0.17677669529663684
tuberculose,CEZARINA,1,1,0,0.0,0.0,0.0,,0.0
tuberculose,CHAPADA DOS GUIMARAES,109,449,7,34.0,3.0,0.022588581545607136,0.4063185630114832,2.3396420740714694
tuberculose,CHAPADA GAUCHA,2,2,0,0.0,0.0,0.0,,0.0
tuberculose,CHAPADAO DO SUL,7,8,0,0.0,0.0,0.0,,0.6123724356957946
tuberculose,CHAPADINHA,1,1,0,0.0,0.0,0.0,,0.0
tuberculose,CHAPECO,4,7,0,0.0,0.0,0.0,,0.4330127018922193
tuberculose,CHOPINZINHO,1,4,0,0.0,0.0,0.0,,0.0
tuberculose,CHORROCHO,1,1,0,0.0,0.0,0.0,,0.0
tuberculose,CHUPINGUAIA,2,2,0,0.0,0.0,0.0,,0.0
tuberculose,CIANORTE,1,2,0,0.0,0.0,0.0,,0.0
tuberculose,CIDADE OCIDENTAL,4,5,0,0.0,0.0,0.0,,0.43301270189221935
tuberculose,CLAUDIA,31,67,1,3.0,0.0,0.008064516129032258,0.48171413156576365,2.180223220124065
tuberculose,COCALINHO,2,7,0,0.0,0.0,0.0,0.0,0.32260450098536037
tuberculose,COCALZINHO DE GOIAS,2,2,0,0.0,0.0,0.0,,0.0
tuberculose,CODO,3,8,0,0.0,0.0,0.0,,0.505875
tuberculose,COLIDER,76,510,5,25.0,1.0,0.010808270676691729,0.2602638402792653,2.33725
tuberculose,COLINAS DO TOCANTINS,2,2,0,0.0,0.0,0.0,,0.0
tuberculose,COLNIZA,50,121,0,9.0,0.0,0.0,0.0,1.4080004856418922
tuberculose,COLORADO DO OESTE,2,2,0,0.0,0.0,0.0,,0.0
tuberculose,COMODORO,30,80,0,3.0,0.0,0.0,0.0,1.25
tuberculose,CONCEICAO DAS ALAGOAS,2,2,0,0.0,0.0,0.0,,0.0
tuberculose,CONCEICAO DO ARAGUAIA,4,4,0,0.0,0.0,0.0,,0.0
tuberculose,CONCORDIA,3,6,0,0.0,0.0,0.0,,0.0
tuberculose,CONFRESA,33,125,4,9.0,1.0,0.030303030303030304,0.5200208008320333,2.2567404094851615
tuberculose,CONGONHAS,1,1,0,0.0,0.0,0.0,,0.0
tuberculose,CONQUISTA D''OESTE,7,10,0,0.0,0.0,0.0,,0.5393193716300061
tuberculose,COREAU,1,1,0,0.0,0.0,0.0,,0.0
tuberculose,COROATA,2,2,0,0.0,0.0,0.0,,0.0
tuberculose,CORONEL FABRICIANO,1,1,0,0.0,0.0,0.0,,0.0
tuberculose,CORUMBA,9,11,0,0.0,0.0,0.0,,0.4677071733467426
tuberculose,CORUMBIARA,1,4,0,0.0,0.0,0.0,,0.0
tuberculose,CORURIPE,1,1,0,0.0,0.0,0.0,,0.0
tuberculose,COSTA RICA,2,2,0,0.0,0.0,0.0,,0.0
tuberculose,COTRIGUACU,17,38,1,0.0,0.0,0.0196078431372549,0.6010771302173494,1.8453556289824748
tuberculose,COUTO MAGALHAES,2,2,0,0.0,0.0,0.0,,0.0
tuberculose,COXIM,6,8,0,0.0,0.0,0.0,,0.3535533905932738
tuberculose,CRUZ ALTA,1,1,0,0.0,0.0,0.0,,0.0
tuberculose,CRUZEIRO DO OESTE,2,4,0,0.0,0.0,0.0,,0.0
tuberculose,CRUZEIRO DO SUL,2,2,0,0.0,0.0,0.0,,0.0
tuberculose,CUIABA,139,22181,553,1171.0,64.0,0.022863361520533122,0.7346215052104834,2.7996612373565126
tuberculose,CUJUBIM,6,7,0,0.0,0.0,0.0,,0.5590169943749473
tuberculose,CUMARU DO NORTE,1,2,0,0.0,0.0,0.0,,0.0
tuberculose,CURIMATA,3,3,0,0.0,0.0,0.0,,0.0
tuberculose,CURITIBA,10,14,0,0.0,0.0,0.0,,0.3061862178478973
tuberculose,CURRAIS NOVOS,1,1,0,0.0,0.0,0.0,,0.0
tuberculose,CURRALINHOS,1,4,0,0.0,0.0,0.0,,0.0
tuberculose,CURVELANDIA,12,24,0,1.0,0.0,0.0,0.0,0.8278950396185306
tuberculose,DAVINOPOLIS,2,2,0,0.0,0.0,0.0,,0.0
tuberculose,DEMERVAL LOBAO,1,1,0,0.0,0.0,0.0,,0.0
tuberculose,DENISE,11,18,0,0.0,0.0,0.0,0.0,0.168625
tuberculose,DIAMANTINO,73,188,3,12.0,0.0,0.029354207436399216,0.24162103562453757,1.8364155534139193
tuberculose,DIANOPOLIS,3,3,0,0.0,0.0,0.0,,0.0
tuberculose,DIAS D''AVILA,2,3,0,0.0,0.0,0.0,,0.168625
tuberculose,DIONISIO CERQUEIRA,1,1,0,0.0,0.0,0.0,,0.0
tuberculose,DOIS IRMAOS DO BURITI,5,6,0,0.0,0.0,0.0,,0.49999999999999994
tuberculose,DOIS IRMAOS DO TOCANTINS,2,2,0,0.0,0.0,0.0,,0.0
tuberculose,DOIS RIACHOS,3,8,0,0.0,0.0,0.0,,0.3535533905932738
tuberculose,DOM AQUINO,30,47,0,1.0,0.0,0.0,0.0,0.6873863542433759
tuberculose,DOM ELISEU,2,2,0,0.0,0.0,0.0,,0.0
tuberculose,DOURADOS,21,36,0,0.0,0.0,0.0,,0.168625
tuberculose,DOVERLANDIA,1,1,0,0.0,0.0,0.0,,0.0
tuberculose,DRACENA,1,1,0,0.0,0.0,0.0,,0.0
tuberculose,ELDORADO DOS CARAJAS,2,2,0,0.0,0.0,0.0,,0.0
tuberculose,ENGENHEIRO BELTRAO,1,1,0,0.0,0.0,0.0,,0.0
tuberculose,EPITACIOLANDIA,2,5,0,0.0,0.0,0.0,,0.168625
tuberculose,ERMO,1,3,0,0.0,0.0,0.0,,0.0
tuberculose,ESMERALDAS,2,5,0,0.0,0.0,0.0,,0.168625
tuberculose,ESPERANTINOPOLIS,1,1,0,0.0,0.0,0.0,,0.0
tuberculose,ESPIGAO D''OESTE,2,2,0,0.0,0.0,0.0,,0.0
tuberculose,ESPLANADA,1,1,0,0.0,0.0,0.0,,0.0
tuberculose,ESTIVA,5,6,0,0.0,0.0,0.0,,0.5
tuberculose,ESTREITO,8,9,1,0.0,0.0,0.125,,0.6614378277661476
tuberculose,ESTRELA,1,1,0,0.0,0.0,0.0,,0.0
tuberculose,ESTRELA D''OESTE,1,1,0,0.0,0.0,0.0,,0.0
tuberculose,ESTRELA DO NORTE,1,1,0,0.0,0.0,0.0,,0.0
tuberculose,EXTREMA,1,1,0,0.0,0.0,0.0,,0.0
tuberculose,FATIMA DO SUL,11,15,1,0.0,0.0,0.09090909090909091,,0.632455532033676
tuberculose,FAXINAL DO SOTURNO,1,1,0,0.0,0.0,0.0,,0.0
tuberculose,FAZENDA RIO GRANDE,1,1,0,0.0,0.0,0.0,,0.0
tuberculose,FEIRA DE SANTANA,4,7,0,0.0,0.0,0.0,,0.4330127018922193
tuberculose,FELIZ,2,2,0,0.0,0.0,0.0,,0.0
tuberculose,FELIZ NATAL,27,48,0,0.0,1.0,0.0,0.0,0.8069933131985481
tuberculose,FERNANDOPOLIS,6,6,0,0.0,0.0,0.0,,0.0
tuberculose,FIGUEIROPOLIS D''OESTE,5,9,0,0.0,0.0,0.0,,0.168625
tuberculose,FIRMINOPOLIS,8,9,0,0.0,0.0,0.0,,0.6614378277661476
tuberculose,FLORES DE GOIAS,2,2,0,0.0,0.0,0.0,,0.0
tuberculose,FLORIANO,1,1,0,0.0,0.0,0.0,,0.0
tuberculose,FLORIANOPOLIS,5,10,0,0.0,0.0,0.0,,0.48412291827592707
tuberculose,FLORINIA,1,2,0,0.0,0.0,0.0,,0.0
tuberculose,FORMOSA,1,1,0,0.0,0.0,0.0,,0.0
tuberculose,FORMOSA DO OESTE,1,2,0,0.0,0.0,0.0,,0.0
tuberculose,FORMOSO DO ARAGUAIA,2,4,0,0.0,0.0,0.0,,0.0
tuberculose,FORTALEZA,4,4,0,0.0,0.0,0.0,,0.0
tuberculose,FOZ DO IGUACU,5,9,1,0.0,0.0,0.06666666666666667,,0.568625
tuberculose,FRANCA,1,1,0,0.0,0.0,0.0,,0.0
tuberculose,FRANCISCO MACEDO,2,2,0,0.0,0.0,0.0,,0.0
tuberculose,FRANCISCO MORATO,2,2,0,0.0,0.0,0.0,,0.0
tuberculose,FRUTAL,1,1,0,0.0,0.0,0.0,,0.0
tuberculose,GAUCHA DO NORTE,16,37,0,2.0,0.0,0.0,0.0,1.3257055989583335
tuberculose,GENERAL CARNEIRO,10,23,1,0.0,0.0,0.05,3.2,1.0818533854166665
tuberculose,GLORIA D''OESTE,12,37,0,0.0,0.0,0.0,,0.843125
tuberculose,GLORIA DE DOURADOS,1,1,0,0.0,0.0,0.0,,0.0
tuberculose,GOIANAPOLIS,2,2,0,0.0,0.0,0.0,,0.0
tuberculose,GOIANIA,29,50,1,0.0,0.0,0.017241379310344827,,1.042107596053326
tuberculose,GOIANIRA,2,3,0,0.0,0.0,0.0,,0.168625
tuberculose,GOIATINS,11,19,2,0.0,0.0,0.07575757575757575,,0.5155217860230611
tuberculose,GOVERNADOR EUGENIO BARROS,2,4,0,0.0,0.0,0.0,,0.168625
tuberculose,GOVERNADOR JORGE TEIXEIRA,1,1,0,0.0,0.0,0.0,,0.0
tuberculose,GOVERNADOR NUNES FREIRE,1,1,0,0.0,0.0,0.0,,0.0
tuberculose,GOVERNADOR VALADARES,2,4,0,0.0,0.0,0.0,,0.168625
tuberculose,GRAJAU,5,7,0,0.0,0.0,0.0,,0.49999999999999994
tuberculose,GRANJA,1,1,0,0.0,0.0,0.0,,0.0
tuberculose,GUAIRA,3,3,0,0.0,0.0,0.0,,0.0
tuberculose,GUAJARA-MIRIM,8,8,0,0.0,0.0,0.0,,0.0
tuberculose,GUANAMBI,1,1,0,0.0,0.0,0.0,,0.0
tuberculose,GUAPO,1,1,0,0.0,0.0,0.0,,0.0
tuberculose,GUARA,1,1,0,0.0,0.0,0.0,,0.0
tuberculose,GUARANTA DO NORTE,69,282,4,8.0,0.0,0.033816425120772944,0.2716623562906135,1.6557438524302
tuberculose,GUARAQUECABA,2,4,0,0.0,0.0,0.0,,0.0
tuberculose,GUARAREMA,2,3,0,0.0,0.0,0.0,,0.168625
tuberculose,GUARATINGA,1,1,0,0.0,0.0,0.0,,0.0
tuberculose,GUAREI,1,1,0,0.0,0.0,0.0,,0.0
tuberculose,GUARUJA,1,1,0,0.0,0.0,0.0,,0.0
tuberculose,GUARULHOS,5,5,0,0.0,0.0,0.0,,0.0
tuberculose,GUIRATINGA,43,118,1,6.0,0.0,0.003875968992248062,0.0,1.6916141082488738
tuberculose,GURUPI,2,3,0,0.0,0.0,0.0,,0.168625
tuberculose,HELIOPOLIS,1,1,0,0.0,0.0,0.0,,0.0
tuberculose,HUMAITA,4,4,0,0.0,0.0,0.0,,0.0
tuberculose,IACANGA,2,2,0,0.0,0.0,0.0,,0.0
tuberculose,IBIRACI,1,1,0,0.0,0.0,0.0,,0.0
tuberculose,IBITINGA,1,1,0,0.0,0.0,0.0,,0.0
tuberculose,IBOTIRAMA,1,1,0,0.0,0.0,0.0,,0.0
tuberculose,ICARAIMA,2,2,0,0.0,0.0,0.0,,0.0
tuberculose,IGARACU DO TIETE,1,1,0,0.0,0.0,0.0,,0.0
tuberculose,IGARAPE DO MEIO,1,1,0,0.0,0.0,0.0,,0.0
tuberculose,ILHABELA,1,2,0,0.0,0.0,0.0,,0.0
tuberculose,IMPERATRIZ,8,12,0,0.0,0.0,0.0,,0.168625
tuberculose,INDAIAL,3,4,0,0.0,0.0,0.0,,0.3535533905932738
tuberculose,INDAIATUBA,2,2,0,0.0,0.0,0.0,,0.0
tuberculose,INDEPENDENCIA,1,1,0,0.0,0.0,0.0,,0.0
tuberculose,INDIAVAI,12,32,0,0.0,0.0,0.0,0.0,0.7021769073761261
tuberculose,INHUMAS,2,2,0,0.0,0.0,0.0,,0.0
tuberculose,INOCENCIA,3,5,3,0.0,0.0,0.5,,0.31167669529663683
tuberculose,IPIRANGA DO NORTE,17,33,0,0.0,0.0,0.0,0.0,0.7521357423397341
tuberculose,IPIXUNA DO PARA,1,1,0,0.0,0.0,0.0,,0.0
tuberculose,IPORA,9,17,0,0.0,0.0,0.0,,0.4410264281704982
tuberculose,IPORA DO OESTE,1,1,0,0.0,0.0,0.0,,0.0
tuberculose,IRAJUBA,1,1,0,0.0,0.0,0.0,,0.0
tuberculose,IRITUIA,2,2,0,0.0,0.0,0.0,,0.0
tuberculose,ISRAELANDIA,2,3,0,0.0,0.0,0.0,,0.168625
tuberculose,ITABERAI,4,5,0,0.0,0.0,0.0,,0.43301270189221935
tuberculose,ITACARE,1,2,0,0.0,0.0,0.0,,0.0
tuberculose,ITAGUAI,1,1,0,0.0,0.0,0.0,,0.0
tuberculose,ITAGUARI,1,1,0,0.0,0.0,0.0,,0.0
tuberculose,ITAIPAVA DO GRAJAU,1,2,0,0.0,0.0,0.0,,0.0
tuberculose,ITAIPULANDIA,2,2,0,0.0,0.0,0.0,,0.0
tuberculose,ITAITUBA,14,20,0,0.0,0.0,0.0,,0.7833494518006401
tuberculose,ITAMARANDIBA,1,2,0,0.0,0.0,0.0,,0.0
tuberculose,ITANHANGA,10,16,0,0.0,0.0,0.0,0.0,0.43749999999999994
tuberculose,ITAPECERICA DA SERRA,1,1,0,0.0,0.0,0.0,,0.0
tuberculose,ITAPECURU MIRIM,4,7,0,0.0,0.0,0.0,,0.505875
tuberculose,ITAPEMA,1,6,0,0.0,0.0,0.0,,0.0
tuberculose,ITAPEVA,1,1,0,0.0,0.0,0.0,,0.0
tuberculose,ITAPIPOCA,2,2,0,0.0,0.0,0.0,,0.0
tuberculose,ITAUBA,12,21,0,0.0,0.0,0.0,0.0,0.5567306167185677
tuberculose,ITIQUIRA,33,102,0,2.0,0.0,0.0,0.0,0.6548982424320019
tuberculose,ITUIUTABA,4,4,0,0.0,0.0,0.0,,0.0
tuberculose,ITUMBIARA,2,2,0,0.0,0.0,0.0,,0.0
tuberculose,ITUPIRANGA,2,3,0,0.0,0.0,0.0,,0.168625
tuberculose,IVOTI,1,2,0,0.0,0.0,0.0,,0.0
tuberculose,JABOATAO DOS GUARARAPES,5,8,0,0.0,0.0,0.0,,0.20412414523193148
tuberculose,JACAREACANGA,3,6,0,0.0,0.0,0.0,,0.35355339059327373
tuberculose,JACIARA,60,393,0,11.0,0.0,0.0,0.0,1.7665157610739421
tuberculose,JACOBINA,1,2,0,0.0,0.0,0.0,,0.0
tuberculose,JACUNDA,1,1,0,0.0,0.0,0.0,,0.0
tuberculose,JAGUARIUNA,1,1,0,0.0,0.0,0.0,,0.0
tuberculose,JANGADA,30,64,0,3.0,0.0,0.0,0.0,1.5041641050008188
tuberculose,JANIOPOLIS,1,2,0,0.0,0.0,0.0,,0.0
tuberculose,JARAGUA DO SUL,1,1,0,0.0,0.0,0.0,,0.0
tuberculose,JARDIM,1,1,0,0.0,0.0,0.0,,0.0
tuberculose,JARU,13,21,0,0.0,0.0,0.0,,0.5535714285714286
tuberculose,JATAI,20,22,0,0.0,0.0,0.0,,0.75
tuberculose,JATEI,1,1,0,0.0,0.0,0.0,,0.0
tuberculose,JAURU,12,33,2,1.0,0.0,0.027777777777777776,2.307044560565687,2.4447408222662745
tuberculose,JI-PARANA,19,27,0,0.0,0.0,0.0,,0.8619069922946074
tuberculose,JOAO DOURADO,1,1,0,0.0,0.0,0.0,,0.0
tuberculose,JOAO PESSOA,6,6,0,0.0,0.0,0.0,,0.0
tuberculose,JOAQUIM GOMES,3,3,0,0.0,0.0,0.0,,0.0
tuberculose,JOINVILLE,5,8,0,0.0,0.0,0.0,,0.20412414523193148
tuberculose,JOSE BONIFACIO,1,1,0,0.0,0.0,0.0,,0.0
tuberculose,JOSELANDIA,1,1,0,0.0,0.0,0.0,,0.0
tuberculose,JUARA,68,289,1,20.0,2.0,0.0014705882352941176,0.0,2.25
tuberculose,JUAZEIRO,2,2,0,0.0,0.0,0.0,,0.0
tuberculose,JUCURUTU,1,1,0,0.0,0.0,0.0,,0.0
tuberculose,JUINA,108,1127,19,48.0,3.0,0.03137712083790515,0.47704062095665595,1.6769411724489813
tuberculose,JUNDIAI,1,1,0,0.0,0.0,0.0,,0.0
tuberculose,JURANDA,2,2,0,0.0,0.0,0.0,,0.0
tuberculose,JURUENA,14,54,1,1.0,0.0,0.023809523809523808,1.2316484382697803,1.710353427234013
tuberculose,JURUTI,1,3,0,0.0,0.0,0.0,,0.0
tuberculose,JUSCIMEIRA,31,84,0,0.0,0.0,0.0,0.0,1.01175
tuberculose,JUSSARA,1,3,0,0.0,0.0,0.0,,0.0
tuberculose,JUTI,1,1,0,0.0,0.0,0.0,,0.0
tuberculose,LADAINHA,1,1,0,0.0,0.0,0.0,,0.0
tuberculose,LADARIO,4,4,0,0.0,0.0,0.0,,0.0
tuberculose,LAGOA ALEGRE,1,1,0,0.0,0.0,0.0,,0.0
tuberculose,LAGOA DA CONFUSAO,5,20,0,1.0,0.0,0.0,,0.48412291827592707
tuberculose,LAGUNA,1,1,0,0.0,0.0,0.0,,0.0
tuberculose,LAMBARI D''OESTE,7,17,0,0.0,0.0,0.0,,0.6745
tuberculose,LARANJAL DO JARI,2,3,0,0.0,0.0,0.0,,0.168625
tuberculose,LARANJEIRAS,1,2,0,0.0,0.0,0.0,,0.0
tuberculose,LENCOIS PAULISTA,1,1,0,0.0,0.0,0.0,,0.0
tuberculose,LIMEIRA,3,4,0,0.0,0.0,0.0,,0.3535533905932738
tuberculose,LONDRINA,10,12,0,0.0,0.0,0.0,,0.5
tuberculose,LUCAS DO RIO VERDE,107,689,6,41.0,1.0,0.03303254914598775,0.08241540882438265,2.0
tuberculose,LUCIARA,13,31,0,0.0,0.0,0.0,0.0,0.7976266328828829
tuberculose,LUIS DOMINGUES,2,2,0,0.0,0.0,0.0,,0.0
tuberculose,LUIS EDUARDO MAGALHAES,1,2,0,0.0,0.0,0.0,,0.0
tuberculose,LUIZIANA,2,2,0,0.0,0.0,0.0,,0.0
tuberculose,LUZ,1,2,0,0.0,0.0,0.0,,0.0
tuberculose,LUZIANIA,2,2,0,0.0,0.0,0.0,,0.0
tuberculose,LUZILANDIA,1,1,0,0.0,0.0,0.0,,0.0
tuberculose,MACAPA,6,8,0,0.0,0.0,0.0,,0.3535533905932738
tuberculose,MACEIO,7,11,0,0.0,0.0,0.0,,0.21650635094610968
tuberculose,MACHADINHO D''OESTE,10,12,0,0.0,0.0,0.0,,0.5
tuberculose,MANAUS,39,80,0,0.0,0.0,0.0,,0.6897028252537678
tuberculose,MANCIO LIMA,1,2,0,0.0,0.0,0.0,,0.0
tuberculose,MARABA,12,13,0,0.0,0.0,0.0,,0.8291561975888501
tuberculose,MARACACUME,2,3,0,0.0,0.0,0.0,,0.168625
tuberculose,MARACAI,1,1,0,0.0,0.0,0.0,,0.0
tuberculose,MARACAJU,7,7,0,0.0,0.0,0.0,,0.0
tuberculose,MARACANAU,1,1,0,0.0,0.0,0.0,,0.0
tuberculose,MARAGOGI,1,1,0,0.0,0.0,0.0,,0.0
tuberculose,MARANGUAPE,1,1,0,0.0,0.0,0.0,,0.0
tuberculose,MARCELANDIA,16,33,0,2.0,0.0,0.0,0.0,1.256850390625
tuberculose,MARCOLANDIA,3,3,0,0.0,0.0,0.0,,0.0
tuberculose,MARECHAL DEODORO,1,1,0,0.0,0.0,0.0,,0.0
tuberculose,MARECHAL THAUMATURGO,1,1,0,0.0,0.0,0.0,,0.0
tuberculose,MARIALVA,1,2,0,0.0,0.0,0.0,,0.0
tuberculose,MARIANOPOLIS DO TOCANTINS,2,2,0,0.0,0.0,0.0,,0.0
tuberculose,MARIBONDO,1,2,0,0.0,0.0,0.0,,0.0
tuberculose,MARILIA,1,1,0,0.0,0.0,0.0,,0.0
tuberculose,MARILUZ,1,1,0,0.0,0.0,0.0,,0.0
tuberculose,MARINGA,9,17,0,0.0,0.0,0.0,,0.33725
tuberculose,MARITUBA,5,5,0,0.0,0.0,0.0,,0.0
tuberculose,MARIZOPOLIS,1,1,0,0.0,0.0,0.0,,0.0
tuberculose,MATA ROMA,1,1,0,0.0,0.0,0.0,,0.0
tuberculose,MATINHA,4,4,0,0.0,0.0,0.0,,0.0
tuberculose,MATOES,1,2,0,0.0,0.0,0.0,,0.0
tuberculose,MATUPA,30,79,0,6.0,1.0,0.0,0.0,1.25
tuberculose,MAUA,2,2,0,0.0,0.0,0.0,,0.0
tuberculose,MAUA DA SERRA,1,1,0,0.0,0.0,0.0,,0.0
tuberculose,MAUES,1,1,0,0.0,0.0,0.0,,0.0
tuberculose,MESSIAS,4,5,0,0.0,0.0,0.0,,0.43301270189221935
tuberculose,MILAGRES,1,1,0,0.0,0.0,0.0,,0.0
tuberculose,MINACU,1,1,0,0.0,0.0,0.0,,0.0
tuberculose,MINEIROS,22,25,0,0.0,0.0,0.0,,0.6291528696058959
tuberculose,MINISTRO ANDREAZZA,2,2,0,0.0,0.0,0.0,,0.0
tuberculose,MIRANDA,2,2,0,0.0,0.0,0.0,,0.0
tuberculose,MIRANORTE,1,2,0,0.0,0.0,0.0,,0.0
tuberculose,MIRANTE DO PARANAPANEMA,2,2,0,0.0,0.0,0.0,,0.0
tuberculose,MIRASSOL D''OESTE,75,308,1,0.0,0.0,0.013333333333333334,,1.25
tuberculose,MIRINZAL,2,2,0,0.0,0.0,0.0,,0.0
tuberculose,MOGI GUACU,3,10,0,0.0,0.0,0.0,,0.168625
tuberculose,MOJU,3,3,0,0.0,0.0,0.0,,0.0
tuberculose,MOJUI DOS CAMPOS,1,2,0,0.0,0.0,0.0,,0.0
tuberculose,MONTE ALEGRE DE SERGIPE,2,2,0,0.0,0.0,0.0,,0.0
tuberculose,MONTE CARMELO,1,1,0,0.0,0.0,0.0,,0.0
tuberculose,MONTES CLAROS,2,3,2,0.0,0.0,0.5,,0.303525
tuberculose,MONTEZUMA,1,1,0,0.0,0.0,0.0,,0.0
tuberculose,MOSSORO,1,1,0,0.0,0.0,0.0,,0.0
tuberculose,MOZARLANDIA,3,5,0,0.0,0.0,0.0,,0.35355339059327373
tuberculose,MURICI,2,2,0,0.0,0.0,0.0,,0.0
tuberculose,MURUTINGA DO SUL,1,1,0,0.0,0.0,0.0,,0.0
tuberculose,NATAL,2,8,0,0.0,0.0,0.0,,0.168625
tuberculose,NAVEGANTES,1,2,0,0.0,0.0,0.0,,0.0
tuberculose,NAVIRAI,6,6,0,0.0,0.0,0.0,,0.0
tuberculose,NILOPOLIS,1,1,0,0.0,0.0,0.0,,0.0
tuberculose,NOBRES,58,131,2,8.0,2.0,0.022988505747126436,0.2885453275855104,1.9375457907366633
tuberculose,NORTELANDIA,38,75,4,2.0,0.0,0.06578947368421052,2.5104809533746106,1.6262690507184006
tuberculose,NOSSA SENHORA DO LIVRAMENTO,72,209,10,13.0,0.0,0.037764550264550265,1.531750116413009,2.6966267206835477
tuberculose,NOVA ANDRADINA,1,1,0,0.0,0.0,0.0,,0.0
tuberculose,NOVA BANDEIRANTES,14,32,0,3.0,0.0,0.0,0.0,1.2774300464527029
tuberculose,NOVA BRASILANDIA,9,16,0,0.0,0.0,0.0,0.0,0.5018515272283586
tuberculose,NOVA BRASILANDIA D''OESTE,2,3,0,0.0,0.0,0.0,,0.168625
tuberculose,NOVA CANAA,2,2,0,0.0,0.0,0.0,,0.0
tuberculose,NOVA CANAA DO NORTE,18,47,2,1.0,0.0,0.037037037037037035,1.1362990739162548,1.403045218003327
tuberculose,NOVA CRIXAS,7,8,0,0.0,0.0,0.0,,0.6123724356957946
tuberculose,NOVA ESPERANCA,1,1,0,0.0,0.0,0.0,,0.0
tuberculose,NOVA GLORIA,1,1,0,0.0,0.0,0.0,,0.0
tuberculose,NOVA GUARITA,5,18,0,0.0,0.0,0.0,0.0,1.180375
tuberculose,NOVA LACERDA,29,52,0,2.0,0.0,0.0,0.0,0.9045377163112841
tuberculose,NOVA LONDRINA,1,1,0,0.0,0.0,0.0,,0.0
tuberculose,NOVA MAMORE,1,1,0,0.0,0.0,0.0,,0.0
tuberculose,NOVA MARILANDIA,5,12,0,1.0,0.0,0.0,0.0,0.6745
tuberculose,NOVA MARINGA,23,38,0,0.0,0.0,0.0,0.0,0.6677888111682515
tuberculose,NOVA MONTE VERDE,20,33,0,2.0,0.0,0.0,0.0,1.0820795911405308
tuberculose,NOVA MUTUM,101,649,9,44.0,1.0,0.021814919587196814,0.1958655583610686,2.062568566358364
tuberculose,NOVA NAZARE,8,9,0,0.0,0.0,0.0,0.0,0.7822857444328145
tuberculose,NOVA ODESSA,2,2,0,0.0,0.0,0.0,,0.0
tuberculose,NOVA OLIMPIA,21,50,4,0.0,0.0,0.07142857142857142,1.6345878795308733,1.4259039313017272
tuberculose,NOVA REDENCAO,1,2,0,0.0,0.0,0.0,,0.0
tuberculose,NOVA SANTA HELENA,8,18,0,2.0,0.0,0.0,0.0,1.4175458245126284
tuberculose,NOVA SERRANA,4,4,0,0.0,0.0,0.0,,0.0
tuberculose,NOVA TEBAS,2,3,0,0.0,0.0,0.0,,0.168625
tuberculose,NOVA UBIRATA,25,46,0,4.0,0.0,0.0,0.0,0.6815636380128001
tuberculose,NOVA VENECIA,1,1,0,0.0,0.0,0.0,,0.0
tuberculose,NOVA VICOSA,1,2,0,0.0,0.0,0.0,,0.0
tuberculose,NOVA XAVANTINA,57,229,1,8.0,0.0,0.0021929824561403508,0.09187545363505231,3.01175
tuberculose,NOVO ARIPUANA,1,1,0,0.0,0.0,0.0,,0.0
tuberculose,NOVO GAMA,2,2,0,0.0,0.0,0.0,,0.0
tuberculose,NOVO HAMBURGO,3,3,0,0.0,0.0,0.0,,0.0
tuberculose,NOVO HORIZONTE DO NORTE,3,6,0,0.0,0.0,0.0,0.0,0.17110785121058564
tuberculose,NOVO HORIZONTE DO OESTE,4,7,0,0.0,0.0,0.0,,0.505875
tuberculose,NOVO MUNDO,21,46,0,0.0,0.0,0.0,0.0,0.6867480996621622
tuberculose,NOVO ORIENTE,2,5,0,0.0,0.0,0.0,,0.168625
tuberculose,NOVO PROGRESSO,22,34,2,0.0,0.0,0.06818181818181818,,0.8159304959721911
tuberculose,NOVO SANTO ANTONIO,6,10,0,0.0,0.0,0.0,0.0,0.7343101718455458
tuberculose,NOVO SAO JOAQUIM,5,6,0,0.0,0.0,0.0,0.0,0.5409077034065316
tuberculose,OBIDOS,1,4,0,0.0,0.0,0.0,,0.0
tuberculose,OCARA,2,2,0,0.0,0.0,0.0,,0.0
tuberculose,OEIRAS,2,2,0,0.0,0.0,0.0,,0.0
tuberculose,OLHO D''AGUA DAS CUNHAS,2,2,0,0.0,0.0,0.0,,0.0
tuberculose,OLIMPIA,1,1,0,0.0,0.0,0.0,,0.0
tuberculose,OLINDA,7,13,1,0.0,0.0,0.047619047619047616,,0.6585229485566356
tuberculose,OLINDA NOVA DO MARANHAO,1,1,0,0.0,0.0,0.0,,0.0
tuberculose,OLIVENCA,1,1,0,0.0,0.0,0.0,,0.0
tuberculose,OSASCO,4,4,0,0.0,0.0,0.0,,0.0
tuberculose,OURILANDIA DO NORTE,3,6,1,0.0,0.0,0.3333333333333333,,0.28284271247461906
tuberculose,OURO BRANCO,2,2,0,0.0,0.0,0.0,,0.0
tuberculose,OURO PRETO DO OESTE,10,13,0,0.0,0.0,0.0,,0.3818813079129867
tuberculose,OUROESTE,1,1,0,0.0,0.0,0.0,,0.0
tuberculose,PACAJA,1,3,0,0.0,0.0,0.0,,0.0
tuberculose,PACARAIMA,41,105,4,0.0,0.0,0.07317073170731707,,1.25
tuberculose,PALESTINA DO PARA,1,1,0,0.0,0.0,0.0,,0.0
tuberculose,PALHOCA,2,2,0,0.0,0.0,0.0,,0.0
tuberculose,PALMAS,6,6,0,0.0,0.0,0.0,,0.0
tuberculose,PALMEIRANDIA,1,5,1,0.0,0.0,0.2,,0.0
tuberculose,PALMEIRAS DE GOIAS,4,5,0,0.0,0.0,0.0,,0.43301270189221935
tuberculose,PALMITAL,1,1,0,0.0,0.0,0.0,,0.0
tuberculose,PAO DE ACUCAR,1,1,0,0.0,0.0,0.0,,0.0
tuberculose,PARA DE MINAS,2,2,0,0.0,0.0,0.0,,0.0
tuberculose,PARAGOMINAS,4,4,0,0.0,0.0,0.0,,0.0
tuberculose,PARAIBA DO SUL,1,1,0,0.0,0.0,0.0,,0.0
tuberculose,PARAISO DAS AGUAS,1,1,0,0.0,0.0,0.0,,0.0
tuberculose,PARAISO DO NORTE,2,2,0,0.0,0.0,0.0,,0.0
tuberculose,PARAISO DO TOCANTINS,2,4,0,0.0,0.0,0.0,,0.0
tuberculose,PARANAGUA,1,1,0,0.0,0.0,0.0,,0.0
tuberculose,PARANAIBA,3,6,0,0.0,0.0,0.0,,0.35355339059327373
tuberculose,PARANAITA,41,118,4,2.0,1.0,0.05226480836236934,0.9794637859395249,1.544243967108751
tuberculose,PARANATINGA,43,160,0,14.0,1.0,0.0,0.0,1.5558959310045533
tuberculose,PARANAVAI,2,5,0,0.0,0.0,0.0,,0.168625
tuberculose,PARAUAPEBAS,13,15,0,0.0,0.0,0.0,,0.8660254037844386
tuberculose,PARECIS,1,1,0,0.0,0.0,0.0,,0.0
tuberculose,PARINTINS,1,1,0,0.0,0.0,0.0,,0.0
tuberculose,PARIPIRANGA,1,1,0,0.0,0.0,0.0,,0.0
tuberculose,PARNAMIRIM,3,5,0,0.0,0.0,0.0,,0.17677669529663684
tuberculose,PAROBE,1,1,0,0.0,0.0,0.0,,0.0
tuberculose,PASSA E FICA,1,1,0,0.0,0.0,0.0,,0.0
tuberculose,PASSO FUNDO,1,1,0,0.0,0.0,0.0,,0.0
tuberculose,PASSOS,3,4,0,0.0,0.0,0.0,,0.3535533905932738
tuberculose,PATO BRAGADO,1,2,0,0.0,0.0,0.0,,0.0
tuberculose,PATOS,2,2,0,0.0,0.0,0.0,,0.0
tuberculose,PATROCINIO,1,1,0,0.0,0.0,0.0,,0.0
tuberculose,PAULICEIA,2,2,0,0.0,0.0,0.0,,0.0
tuberculose,PAULO AFONSO,1,2,0,0.0,0.0,0.0,,0.0
tuberculose,PAULO RAMOS,2,2,0,0.0,0.0,0.0,,0.0
tuberculose,PEDRA PRETA,43,126,2,9.0,0.0,0.023255813953488372,0.1978262847828065,1.9055385138137417
tuberculose,PEDREIRA,1,1,0,0.0,0.0,0.0,,0.0
tuberculose,PEDREIRAS,5,6,0,0.0,0.0,0.0,,0.5
tuberculose,PEDRO DO ROSARIO,5,7,0,0.0,0.0,0.0,,0.49999999999999994
tuberculose,PEDRO GOMES,2,2,0,0.0,0.0,0.0,,0.0
tuberculose,PEIXE,2,2,0,0.0,0.0,0.0,,0.0
tuberculose,PEIXOTO DE AZEVEDO,90,896,4,43.0,3.0,0.0020751633986928106,0.16690770921672718,3.1167038710585584
tuberculose,PELOTAS,1,2,0,0.0,0.0,0.0,,0.0
tuberculose,PENAPOLIS,2,2,0,0.0,0.0,0.0,,0.0
tuberculose,PENEDO,1,1,0,0.0,0.0,0.0,,0.0
tuberculose,PEREIRA BARRETO,1,1,0,0.0,0.0,0.0,,0.0
tuberculose,PERITORO,3,9,2,0.0,0.0,0.3333333333333333,,0.6745
tuberculose,PETROLINA,1,1,0,0.0,0.0,0.0,,0.0
tuberculose,PICOS,1,1,0,0.0,0.0,0.0,,0.0
tuberculose,PIMENTA BUENO,12,15,0,0.0,0.0,0.0,,0.43301270189221935
tuberculose,PINDAI,1,1,0,0.0,0.0,0.0,,0.0
tuberculose,PINDARE-MIRIM,1,1,0,0.0,0.0,0.0,,0.0
tuberculose,PINHAIS,2,4,0,0.0,0.0,0.0,,0.0
tuberculose,PINHEIRO,1,2,0,0.0,0.0,0.0,,0.0
tuberculose,PINHEIROS,1,3,0,0.0,0.0,0.0,,0.0
tuberculose,PIRACAIA,1,2,0,0.0,0.0,0.0,,0.0
tuberculose,PIRACICABA,1,3,0,0.0,0.0,0.0,,0.0
tuberculose,PIRAI DO NORTE,2,4,0,0.0,0.0,0.0,,0.0
tuberculose,PIRIPIRI,1,1,0,0.0,0.0,0.0,,0.0
tuberculose,PIUM,3,5,0,0.0,0.0,0.0,,0.35355339059327373
tuberculose,PLACAS,2,2,0,0.0,0.0,0.0,,0.0
tuberculose,PLANALTINA,3,4,0,0.0,0.0,0.0,,0.3535533905932738
tuberculose,PLANALTO,1,1,0,0.0,0.0,0.0,,0.0
tuberculose,PLANALTO DA SERRA,4,4,0,0.0,0.0,0.0,0.0,0.05307984586148658
tuberculose,POCO FUNDO,1,1,0,0.0,0.0,0.0,,0.0
tuberculose,POCO REDONDO,1,1,0,0.0,0.0,0.0,,0.0
tuberculose,POCONE,89,307,2,39.0,2.0,0.02247191011235955,0.09711575907134028,2.172233035756008
tuberculose,PONTA GROSSA,3,6,0,0.0,0.0,0.0,,0.0
tuberculose,PONTA PORA,11,12,0,0.0,0.0,0.0,,0.790569415042095
tuberculose,PONTAL,3,4,0,0.0,0.0,0.0,,0.3535533905932738
tuberculose,PONTAL DO ARAGUAIA,15,38,0,0.0,0.0,0.0,0.0,0.843125
tuberculose,PONTAL DO PARANA,1,1,0,0.0,0.0,0.0,,0.0
tuberculose,PONTE BRANCA,5,6,0,0.0,0.0,0.0,0.0,0.5406323585304054
tuberculose,PONTES E LACERDA,107,1571,34,75.0,3.0,0.02115061596767096,0.7595305504246315,2.296053791313604
tuberculose,POPULINA,1,1,0,0.0,0.0,0.0,,0.0
tuberculose,PORANGATU,1,1,0,0.0,0.0,0.0,,0.0
tuberculose,PORTO,2,2,0,0.0,0.0,0.0,,0.0
tuberculose,PORTO ALEGRE,4,5,0,0.0,0.0,0.0,,0.43301270189221935
tuberculose,PORTO ALEGRE DO NORTE,28,117,3,1.0,0.0,0.07142857142857142,0.8404915194405689,1.9741741506467216
tuberculose,PORTO DOS GAUCHOS,9,15,0,0.0,0.0,0.0,0.0,0.5552832787332951
tuberculose,PORTO ESPERIDIAO,31,87,1,3.0,1.0,0.01075268817204301,0.37829781116886463,2.069010117329675
tuberculose,PORTO ESTRELA,13,30,1,0.0,0.0,0.07692307692307693,2.8942722352464476,1.4260805636760918
tuberculose,PORTO GRANDE,4,4,0,0.0,0.0,0.0,,0.0
tuberculose,PORTO NACIONAL,3,3,0,0.0,0.0,0.0,,0.0
tuberculose,PORTO REAL DO COLEGIO,1,1,0,0.0,0.0,0.0,,0.0
tuberculose,PORTO SEGURO,1,4,0,0.0,0.0,0.0,,0.0
tuberculose,PORTO UNIAO,1,1,0,0.0,0.0,0.0,,0.0
tuberculose,PORTO VELHO,52,116,2,0.0,0.0,0.019230769230769232,,1.25
tuberculose,POXOREO,47,128,0,4.0,1.0,0.0,,1.25
tuberculose,PRAIA GRANDE,1,1,0,0.0,0.0,0.0,,0.0
tuberculose,PRESIDENTE DUTRA,1,1,0,0.0,0.0,0.0,,0.0
tuberculose,PRESIDENTE FIGUEIREDO,1,3,0,0.0,0.0,0.0,,0.0
tuberculose,PRESIDENTE MEDICI,4,4,0,0.0,0.0,0.0,,0.0
tuberculose,PRESIDENTE PRUDENTE,3,5,0,0.0,0.0,0.0,,0.17677669529663684
tuberculose,PRIMAVERA DE RONDONIA,4,4,0,0.0,0.0,0.0,,0.0
tuberculose,PRIMAVERA DO LESTE,94,374,3,26.0,1.0,0.022796352583586626,0.03212279129710065,2.1741575194441314
tuberculose,QUERENCIA,35,102,2,5.0,0.0,0.023809523809523808,0.2432921533807665,1.6874657985741472
tuberculose,QUIRINOPOLIS,12,15,0,0.0,0.0,0.0,,0.7351470441147051
tuberculose,QUITERIANOPOLIS,2,2,0,0.0,0.0,0.0,,0.0
tuberculose,RAMILANDIA,1,1,0,0.0,0.0,0.0,,0.0
tuberculose,REALEZA,2,2,0,0.0,0.0,0.0,,0.0
tuberculose,RECIFE,2,6,0,0.0,0.0,0.0,,0.168625
tuberculose,REDENCAO,8,13,0,0.0,0.0,0.0,,0.40112872661921006
tuberculose,REGENTE FEIJO,2,2,0,0.0,0.0,0.0,,0.0
tuberculose,REGISTRO,2,2,0,0.0,0.0,0.0,,0.0
tuberculose,RESERVA DO CABACAL,20,57,2,1.0,0.0,0.075,6.12509723329268,1.8350966643748061
tuberculose,RETIROLANDIA,1,1,0,0.0,0.0,0.0,,0.0
tuberculose,RIACHAO DO DANTAS,1,1,0,0.0,0.0,0.0,,0.0
tuberculose,RIACHO DA CRUZ,4,8,0,0.0,0.0,0.0,,0.0
tuberculose,RIBAS DO RIO PARDO,1,1,0,0.0,0.0,0.0,,0.0
tuberculose,RIBEIRA DO AMPARO,1,1,0,0.0,0.0,0.0,,0.0
tuberculose,RIBEIRA DO POMBAL,1,1,0,0.0,0.0,0.0,,0.0
tuberculose,RIBEIRAO CASCALHEIRA,14,26,1,0.0,0.0,0.03571428571428571,0.8715280501302934,1.4861246839455486
tuberculose,RIBEIRAO DAS NEVES,3,3,0,0.0,0.0,0.0,,0.0
tuberculose,RIBEIRAO PRETO,4,5,0,0.0,0.0,0.0,,0.43301270189221935
tuberculose,RIBEIRAOZINHO,5,7,0,0.0,0.0,0.0,0.0,0.5116926625844594
tuberculose,RIO BONITO DO IGUACU,2,2,0,0.0,0.0,0.0,,0.0
tuberculose,RIO BRANCO,45,107,3,1.0,0.0,0.016137566137566138,1.965589087049389,1.8984632611101147
tuberculose,RIO BRILHANTE,10,13,0,0.0,0.0,0.0,,0.6637384880265758
tuberculose,RIO CRESPO,1,2,0,0.0,0.0,0.0,,0.0
tuberculose,RIO DE JANEIRO,23,47,0,2.0,0.0,0.0,,1.0621665781230538
tuberculose,RIO DOS CEDROS,2,2,0,0.0,0.0,0.0,,0.0
tuberculose,RIO LARGO,2,2,0,0.0,0.0,0.0,,0.0
tuberculose,RIO PRETO DA EVA,1,1,0,0.0,0.0,0.0,,0.0
tuberculose,RIO QUENTE,1,1,0,0.0,0.0,0.0,,0.0
tuberculose,RIO REAL,2,2,0,0.0,0.0,0.0,,0.0
tuberculose,RIO VERDE,10,16,0,0.0,0.0,0.0,,0.6546536707079771
tuberculose,RIO VERDE DE MATO GROSSO,3,3,0,0.0,0.0,0.0,,0.0
tuberculose,ROLIM DE MOURA,4,5,0,0.0,0.0,0.0,,0.43301270189221935
tuberculose,ROMARIA,1,1,0,0.0,0.0,0.0,,0.0
tuberculose,RONDONOPOLIS,124,2817,13,465.0,24.0,0.01820453160585988,0.054902613766468725,1.9915087325245224
tuberculose,RORAINOPOLIS,1,1,0,0.0,0.0,0.0,,0.0
tuberculose,ROSARIO,2,2,0,0.0,0.0,0.0,,0.0
tuberculose,ROSARIO DO CATETE,2,2,0,0.0,0.0,0.0,,0.0
tuberculose,ROSARIO OESTE,71,176,5,9.0,0.0,0.04507042253521127,0.5017731408364308,2.0085099154303925
tuberculose,RUBIATABA,1,2,0,0.0,0.0,0.0,,0.0
tuberculose,SACRAMENTO,1,1,0,0.0,0.0,0.0,,0.0
tuberculose,SALINOPOLIS,2,4,0,0.0,0.0,0.0,,0.0
tuberculose,SALTO,1,2,0,0.0,0.0,0.0,,0.0
tuberculose,SALTO DO CEU,4,6,0,0.0,0.0,0.0,0.0,0.1988346055039415
tuberculose,SALVADOR,6,10,0,0.0,0.0,0.0,,0.5276448530110863
tuberculose,SANTA ALBERTINA,1,1,0,0.0,0.0,0.0,,0.0
tuberculose,SANTA CARMEM,6,9,0,2.0,0.0,0.0,0.0,0.3523367307087384
tuberculose,SANTA CRUZ DO XINGU,4,15,0,0.0,0.0,0.0,0.0,0.4814310212556306
tuberculose,SANTA HELENA,2,3,0,0.0,0.0,0.0,,0.168625
tuberculose,SANTA HELENA DE GOIAS,4,6,0,0.0,0.0,0.0,,0.43301270189221935
tuberculose,SANTA INES,5,7,0,0.0,0.0,0.0,,0.5
tuberculose,SANTA LUZIA,4,5,1,0.0,0.0,0.125,,0.7794228634059949
tuberculose,SANTA LUZIA D''OESTE,2,2,0,0.0,0.0,0.0,,0.0
tuberculose,SANTA LUZIA DO PARA,1,1,0,0.0,0.0,0.0,,0.0
tuberculose,SANTA LUZIA DO PARUA,2,2,0,0.0,0.0,0.0,,0.0
tuberculose,SANTA MARIA DAS BARREIRAS,5,7,0,0.0,0.0,0.0,,0.30618621784789735
tuberculose,SANTA RITA DO ARAGUAIA,1,2,0,0.0,0.0,0.0,,0.0
tuberculose,SANTA RITA DO TRIVELATO,5,9,0,0.0,0.0,0.0,0.0,0.30618621784789724
tuberculose,SANTA ROSA,1,3,0,0.0,0.0,0.0,,0.0
tuberculose,SANTA ROSA DE VITERBO,2,2,0,0.0,0.0,0.0,,0.0
tuberculose,SANTA TEREZINHA,15,30,0,0.0,0.0,0.0,0.0,0.9557769406286287
tuberculose,SANTANA DO ARAGUAIA,2,5,0,0.0,0.0,0.0,,0.168625
tuberculose,SANTANA DO IPANEMA,2,4,0,0.0,0.0,0.0,,0.168625
tuberculose,SANTANA DO MUNDAU,3,3,0,0.0,0.0,0.0,,0.0
tuberculose,SANTAREM,11,15,0,0.0,0.0,0.0,,0.33071891388307384
tuberculose,SANTIAGO,3,5,0,0.0,0.0,0.0,,0.17677669529663684
tuberculose,SANTO AFONSO,5,7,0,0.0,0.0,0.0,0.0,0.49999999999999994
tuberculose,SANTO ANTONIO DO LESTE,14,24,0,9.0,0.0,0.0,0.0,0.68246225797685
tuberculose,SANTO ANTONIO DO LEVERGER,92,303,6,17.0,2.0,0.016149068322981366,0.42462986898264443,2.163925147804054
tuberculose,SANTO ANTONIO DOS LOPES,2,2,0,0.0,0.0,0.0,,0.0
tuberculose,SANTOS,1,1,0,0.0,0.0,0.0,,0.0
tuberculose,SAO BENTO,6,8,0,0.0,0.0,0.0,,0.3535533905932738
tuberculose,SAO BERNARDO DO CAMPO,2,2,0,0.0,0.0,0.0,,0.0
tuberculose,SAO CARLOS,4,7,0,0.0,0.0,0.0,,0.505875
tuberculose,SAO CRISTOVAO,1,1,0,0.0,0.0,0.0,,0.0
tuberculose,SAO DOMINGOS DO CAPIM,2,3,0,0.0,0.0,0.0,,0.168625
tuberculose,SAO FELIX DO ARAGUAIA,20,219,0,2.0,0.0,0.0,0.0,1.3635110692327521
tuberculose,SAO FELIX DO XINGU,7,7,0,0.0,0.0,0.0,,0.0
tuberculose,SAO FRANCISCO DO PIAUI,1,2,0,0.0,0.0,0.0,,0.0
tuberculose,SAO FRANCISCO DO SUL,1,2,0,0.0,0.0,0.0,,0.0
tuberculose,SAO GABRIEL DO OESTE,5,6,0,0.0,0.0,0.0,,0.5
tuberculose,SAO GONCALO,3,6,0,0.0,0.0,0.0,,0.168625
tuberculose,SAO GONCALO DO AMARANTE,2,2,0,0.0,0.0,0.0,,0.0
tuberculose,SAO GONCALO DOS CAMPOS,1,1,0,0.0,0.0,0.0,,0.0
tuberculose,SAO GOTARDO,2,2,0,0.0,0.0,0.0,,0.0
tuberculose,SAO JOAO BATISTA,3,3,0,0.0,0.0,0.0,,0.0
tuberculose,SAO JOAO DO PARAISO,2,4,0,0.0,0.0,0.0,,0.0
tuberculose,SAO JOAO DO SOTER,1,1,0,0.0,0.0,0.0,,0.0
tuberculose,SAO JOSE,2,3,0,0.0,0.0,0.0,,0.168625
tuberculose,SAO JOSE DA TAPERA,2,2,0,0.0,0.0,0.0,,0.0
tuberculose,SAO JOSE DE RIBAMAR,5,6,0,0.0,0.0,0.0,,0.5
tuberculose,SAO JOSE DO DIVINO,1,1,0,0.0,0.0,0.0,,0.0
tuberculose,SAO JOSE DO POVO,12,15,0,0.0,0.0,0.0,0.0,0.7567995954942097
tuberculose,SAO JOSE DO RIO CLARO,48,97,1,6.0,0.0,0.020833333333333332,0.2161881701833276,2.0
tuberculose,SAO JOSE DO RIO PRETO,4,7,0,0.0,0.0,0.0,,0.505875
tuberculose,SAO JOSE DO XINGU,23,164,1,0.0,0.0,0.005434782608695652,0.8020532563362208,2.331826626624397
tuberculose,SAO JOSE DOS CAMPOS,1,3,0,0.0,0.0,0.0,,0.0
tuberculose,SAO JOSE DOS QUATRO MARCOS,40,113,3,4.0,0.0,0.024404761904761905,0.6046095431570292,2.039076008162242
tuberculose,SAO LEOPOLDO,4,4,0,0.0,0.0,0.0,,0.0
tuberculose,SAO LUIS,17,25,0,0.0,0.0,0.0,,0.5493502655735357
tuberculose,SAO LUIS DE MONTES BELOS,5,10,0,0.0,0.0,0.0,,0.3952847075210474
tuberculose,SAO LUIS DO QUITUNDE,2,2,0,0.0,0.0,0.0,,0.0
tuberculose,SAO LUIS GONZAGA DO MARANHAO,1,1,0,0.0,0.0,0.0,,0.0
tuberculose,SAO MATEUS DO MARANHAO,2,4,0,0.0,0.0,0.0,,0.0
tuberculose,SAO MIGUEL DO ARAGUAIA,4,4,0,0.0,0.0,0.0,,0.0
tuberculose,SAO MIGUEL DO GUAMA,5,5,0,0.0,0.0,0.0,,0.0
tuberculose,SAO MIGUEL DO GUAPORE,3,5,0,0.0,0.0,0.0,,0.17677669529663684
tuberculose,SAO MIGUEL DOS CAMPOS,2,19,0,0.0,0.0,0.0,,0.168625
tuberculose,SAO PAULO,24,43,0,0.0,0.0,0.0,,1.25
tuberculose,SAO PEDRO DA AGUA BRANCA,1,1,0,0.0,0.0,0.0,,0.0
tuberculose,SAO PEDRO DA CIPA,11,15,0,1.0,0.0,0.0,0.0,0.663166271282983
tuberculose,SAO PEDRO DOS CRENTES,1,1,0,0.0,0.0,0.0,,0.0
tuberculose,SAO ROMAO,4,9,0,0.0,0.0,0.0,,0.6745
tuberculose,SAO SEBASTIAO,1,1,0,0.0,0.0,0.0,,0.0
tuberculose,SAO SEBASTIAO DO PARAISO,2,2,0,0.0,0.0,0.0,,0.0
tuberculose,SAO SIMAO,2,2,0,0.0,0.0,0.0,,0.0
tuberculose,SAO VICENTE,4,6,0,0.0,0.0,0.0,,0.168625
tuberculose,SAO VICENTE FERRER,1,1,0,0.0,0.0,0.0,,0.0
tuberculose,SAPEZAL,48,112,3,10.0,0.0,0.033854166666666664,0.24541843069887198,1.675165443306599
tuberculose,SAPUCAIA DO SUL,2,4,0,0.0,0.0,0.0,,0.0
tuberculose,SARANDI,3,4,0,0.0,0.0,0.0,,0.3535533905932738
tuberculose,SEARA,1,6,0,0.0,0.0,0.0,,0.0
tuberculose,SENA MADUREIRA,3,8,2,1.0,0.0,0.3333333333333333,,0.3535533905932738
tuberculose,SENADOR ALEXANDRE COSTA,1,1,0,0.0,0.0,0.0,,0.0
tuberculose,SENADOR CANEDO,11,13,0,0.0,0.0,0.0,,0.5303300858899106
tuberculose,SENADOR FIRMINO,1,2,0,0.0,0.0,0.0,,0.0
tuberculose,SENADOR GUIOMARD,1,1,0,0.0,0.0,0.0,,0.0
tuberculose,SENADOR RUI PALMEIRA,1,2,0,0.0,0.0,0.0,,0.0
tuberculose,SENHOR DO BONFIM,1,1,0,0.0,0.0,0.0,,0.0
tuberculose,SERINGUEIRAS,1,1,0,0.0,0.0,0.0,,0.0
tuberculose,SERRA,2,2,0,0.0,0.0,0.0,,0.0
tuberculose,SERRA NEGRA DO NORTE,1,1,1,0.0,0.0,1.0,,0.0
tuberculose,SERRA NOVA DOURADA,5,5,0,0.0,0.0,0.0,0.0,0.08282183980855864
tuberculose,SERRINHA,1,4,0,0.0,0.0,0.0,,0.0
tuberculose,SIDROLANDIA,4,8,0,0.0,0.0,0.0,,0.843125
tuberculose,SILVANIA,1,1,0,0.0,0.0,0.0,,0.0
tuberculose,SINOP,137,4931,75,241.0,7.0,0.019747993658288956,0.25822487786472426,2.2505402824653293
tuberculose,SOBRADINHO,1,6,0,0.0,0.0,0.0,,0.0
tuberculose,SOLEDADE DE MINAS,1,1,0,0.0,0.0,0.0,,0.0
tuberculose,SONORA,15,16,0,0.0,0.0,0.0,,0.9354143466934853
tuberculose,SOORETAMA,1,1,0,0.0,0.0,0.0,,0.0
tuberculose,SOROCABA,3,5,0,0.0,0.0,0.0,,0.17677669529663684
tuberculose,SORRISO,118,1086,8,81.0,2.0,0.00964181769266515,0.05794655121409661,2.2462141450714035
tuberculose,SUMARE,11,15,0,0.0,0.0,0.0,,0.7477804035376253
tuberculose,SUZANO,2,2,0,0.0,0.0,0.0,,0.0
tuberculose,TABAPORA,16,22,1,0.0,0.0,0.03125,0.0,1.0352396868128269
tuberculose,TABAPUA,1,1,0,0.0,0.0,0.0,,0.0
tuberculose,TANGARA,1,1,0,0.0,0.0,0.0,,0.0
tuberculose,TANGARA DA SERRA,121,776,22,61.0,2.0,0.03775493668541797,0.18562771179137405,1.8628515348507058
tuberculose,TAPEJARA,1,1,0,0.0,0.0,0.0,,0.0
tuberculose,TAPURAH,47,98,2,8.0,0.0,0.0425531914893617,0.18807881254560913,2.237013426724076
tuberculose,TAQUARITINGA,1,1,1,0.0,0.0,1.0,,0.0
tuberculose,TEFE,1,1,0,0.0,0.0,0.0,,0.0
tuberculose,TEIXEIRA,1,1,0,0.0,0.0,0.0,,0.0
tuberculose,TEIXEIRA DE FREITAS,2,2,0,0.0,0.0,0.0,,0.0
tuberculose,TEJUCUOCA,2,2,0,0.0,0.0,0.0,,0.0
tuberculose,TEOTONIO VILELA,1,1,0,0.0,0.0,0.0,,0.0
tuberculose,TERESINA,10,11,0,0.0,0.0,0.0,,0.75
tuberculose,TERRA NOVA DO NORTE,13,41,0,0.0,0.0,0.0,0.0,0.5901875
tuberculose,TESOURO,14,25,0,0.0,0.0,0.0,0.0,0.9213466814470722
tuberculose,TIMBO GRANDE,1,1,0,0.0,0.0,0.0,,0.0
tuberculose,TIMON,3,4,0,0.0,0.0,0.0,,0.3535533905932738
tuberculose,TOBIAS BARRETO,4,4,0,0.0,0.0,0.0,,0.0
tuberculose,TOLEDO,6,10,0,0.0,0.0,0.0,,0.505875
tuberculose,TOME-ACU,2,2,0,0.0,0.0,0.0,,0.0
tuberculose,TORIXOREU,5,7,0,1.0,0.0,0.0,0.0,0.6408654302634379
tuberculose,TRAIRAO,1,2,0,0.0,0.0,0.0,,0.0
tuberculose,TRES LAGOAS,14,17,1,0.0,0.0,0.03571428571428571,,1.1998238089709672
tuberculose,TRINDADE,2,3,0,0.0,0.0,0.0,,0.168625
tuberculose,TUBARAO,1,2,0,0.0,0.0,0.0,,0.0
tuberculose,TUCUMA,5,7,0,0.0,0.0,0.0,,0.30618621784789735
tuberculose,TUCURUI,7,8,0,0.0,0.0,0.0,,0.6123724356957946
tuberculose,TUFILANDIA,1,1,0,0.0,0.0,0.0,,0.0
tuberculose,TUNTUM,1,3,0,0.0,0.0,0.0,,0.0
tuberculose,TUPI PAULISTA,3,5,0,0.0,0.0,0.0,,0.35355339059327373
tuberculose,TURILANDIA,2,2,0,0.0,0.0,0.0,,0.0
tuberculose,UBAJARA,1,1,0,0.0,0.0,0.0,,0.0
tuberculose,UBARANA,1,1,0,0.0,0.0,0.0,,0.0
tuberculose,UBERABA,1,1,0,0.0,0.0,0.0,,0.0
tuberculose,UBERLANDIA,12,18,0,0.0,0.0,0.0,,0.6527912098338668
tuberculose,ULIANOPOLIS,2,2,0,0.0,0.0,0.0,,0.0
tuberculose,UNAI,1,1,0,0.0,0.0,0.0,,0.0
tuberculose,UNIAO DO SUL,16,37,3,1.0,1.0,0.0625,5.492162349107793,1.5082111360794657
tuberculose,UNIAO DOS PALMARES,2,2,0,0.0,0.0,0.0,,0.0
tuberculose,URANDI,1,1,0,0.0,0.0,0.0,,0.0
tuberculose,URANIA,1,1,0,0.0,0.0,0.0,,0.0
tuberculose,URUACU,4,4,0,0.0,0.0,0.0,,0.0
tuberculose,URUANA,1,1,0,0.0,0.0,0.0,,0.0
tuberculose,URUCUIA,1,1,0,0.0,0.0,0.0,,0.0
tuberculose,URUPA,1,1,0,0.0,0.0,0.0,,0.0
tuberculose,UTINGA,1,2,0,0.0,0.0,0.0,,0.0
tuberculose,VACARIA,1,2,0,0.0,0.0,0.0,,0.0
tuberculose,VALE DE SAO DOMINGOS,8,17,0,0.0,0.0,0.0,0.0,0.4745003726907714
tuberculose,VALENTIM GENTIL,1,1,0,0.0,0.0,0.0,,0.0
tuberculose,VARGEM GRANDE,1,1,0,0.0,0.0,0.0,,0.0
tuberculose,VARJAO,4,4,0,0.0,0.0,0.0,,0.0
tuberculose,VARZEA GRANDE,138,9631,144,618.0,37.0,0.012613067447858171,0.439666885768737,1.7514947999949144
tuberculose,VENDA NOVA DO IMIGRANTE,1,1,0,0.0,0.0,0.0,,0.0
tuberculose,VERA,34,55,1,5.0,0.0,0.014705882352941176,0.0,1.1406996483774232
tuberculose,VIAMAO,3,4,0,0.0,0.0,0.0,,0.3535533905932738
tuberculose,VIANA,4,7,1,0.0,0.0,0.08333333333333333,,0.8522851615137754
tuberculose,VICOSA,1,1,0,0.0,0.0,0.0,,0.0
tuberculose,VIDEIRA,1,1,1,0.0,0.0,1.0,,0.0
tuberculose,VILA BELA DA SANTISSIMA TRINDADE,37,89,0,0.0,0.0,0.0,0.0,0.8743996936121641
tuberculose,VILA NOVA DOS MARTIRIOS,1,1,0,0.0,0.0,0.0,,0.0
tuberculose,VILA RICA,16,142,0,4.0,0.0,0.0,0.0,1.6483856759338293
tuberculose,VILA VELHA,2,3,0,0.0,0.0,0.0,,0.168625
tuberculose,VILHENA,27,40,0,0.0,0.0,0.0,,0.9584719958221234
tuberculose,VINHEDO,2,2,0,0.0,0.0,0.0,,0.0
tuberculose,VITORIA,2,3,0,0.0,0.0,0.0,,0.168625
tuberculose,VITORIA DO MEARIM,1,1,0,0.0,0.0,0.0,,0.0
tuberculose,VITORIA DO XINGU,1,1,0,0.0,0.0,0.0,,0.0
tuberculose,VITORINO FREIRE,3,3,0,0.0,0.0,0.0,,0.0
tuberculose,XINGUARA,2,2,0,0.0,0.0,0.0,,0.0
tuberculose,ZE DOCA,2,2,0,0.0,0.0,0.0,,0.0
tuberculose_cultura,ACORIZAL,3,3,0,0.0,0.0,0.0,0.0,0.03850080940315332
tuberculose_cultura,AGUA BOA,30,35,14,10.0,1.0,0.3944444444444445,1.6219731541004854,1.3064220121850603
tuberculose_cultura,ALTA FLORESTA,28,41,5,11.0,1.0,0.10119047619047618,0.31589684778979615,1.283483037513376
tuberculose_cultura,ALTA FLORESTA D''OESTE,1,1,0,0.0,0.0,0.0,,0.0
tuberculose_cultura,ALTAMIRA,7,29,2,0.0,0.0,0.15126050420168066,,0.5828937301696948
tuberculose_cultura,ALTO BOA VISTA,1,3,0,0.0,0.0,0.0,0.0,0.1979444819819821
tuberculose_cultura,ALTO GARCAS,2,2,0,1.0,0.0,0.0,0.0,0.10117499999999997
tuberculose_cultura,ALTO TAQUARI,1,1,0,0.0,0.0,0.0,0.0,0.0
tuberculose_cultura,ANANINDEUA,1,1,1,0.0,0.0,1.0,,0.0
tuberculose_cultura,APARECIDA DE GOIANIA,1,1,1,0.0,0.0,1.0,,0.0
tuberculose_cultura,APIACAS,6,6,0,1.0,0.0,0.0,0.0,0.34047559288059914
tuberculose_cultura,ARAPUTANGA,38,54,16,4.0,0.0,0.26535087719298245,2.7585838942263976,1.8246944643746712
tuberculose_cultura,ARENAPOLIS,1,1,0,2.0,0.0,0.0,0.0,0.0
tuberculose_cultura,ARIPUANA,4,4,1,0.0,0.0,0.25,1.015187200519776,0.7466502463102087
tuberculose_cultura,ARIQUEMES,3,3,0,0.0,0.0,0.0,,0.0
tuberculose_cultura,BADY BASSITT,1,1,0,0.0,0.0,0.0,,0.0
tuberculose_cultura,BARAO DE MELGACO,6,9,3,1.0,0.0,0.3888888888888889,6.625024617179007,1.6448101966249686
tuberculose_cultura,BARRA DO BUGRES,38,60,18,16.0,0.0,0.3684210526315789,1.5272303806910192,1.7216992492599088
tuberculose_cultura,BARRA DO GARCAS,16,19,9,16.0,1.0,0.4166666666666667,0.8258606103330188,1.833024665759825
tuberculose_cultura,BOA VISTA,1,1,1,0.0,0.0,1.0,,0.0
tuberculose_cultura,BOM JESUS DO ARAGUAIA,1,1,1,1.0,0.0,1.0,13.257324671881214,0.12204424268018027
tuberculose_cultura,BRASNORTE,6,8,0,2.0,0.0,0.0,0.0,0.5590169943749473
tuberculose_cultura,CACERES,72,109,24,76.0,4.0,0.20324074074074072,0.3626937772812631,1.6255890562283895
tuberculose_cultura,CACOAL,2,2,2,0.0,0.0,1.0,,0.0
tuberculose_cultura,CAMPINAPOLIS,21,80,14,24.0,1.0,0.19047619047619047,4.229359730718256,1.9998813524286758
tuberculose_cultura,CAMPO GRANDE,1,1,1,0.0,0.0,1.0,,0.0
tuberculose_cultura,CAMPO NOVO DO PARECIS,14,15,1,1.0,0.0,0.07142857142857142,0.19762767736095904,1.4422205101855958
tuberculose_cultura,CAMPO VERDE,28,34,1,9.0,0.0,0.03571428571428571,0.07671088281952385,2.2122776436547533
tuberculose_cultura,CAMPOS DE JULIO,2,2,0,2.0,0.0,0.0,0.0,0.10117500000000008
tuberculose_cultura,CANARANA,7,10,2,1.0,0.0,0.21428571428571427,1.1049357479862545,1.1151067247383195
tuberculose_cultura,CARLINDA,5,7,0,0.0,0.0,0.0,0.0,0.5194830236486486
tuberculose_cultura,CASTANHEIRA,4,5,2,1.0,0.0,0.375,6.160623786289946,0.7470879404924314
tuberculose_cultura,CHAPADA DOS GUIMARAES,29,37,7,12.0,0.0,0.1954022988505747,1.1750998878466807,1.7981475538964147
tuberculose_cultura,CIDADE OCIDENTAL,1,1,1,0.0,0.0,1.0,,0.0
tuberculose_cultura,CLAUDIA,3,5,0,0.0,0.0,0.0,0.0,0.17677669529663684
tuberculose_cultura,COLIDER,31,86,6,10.0,0.0,0.07629288274449565,0.5943418500963789,2.0031753970446045
tuberculose_cultura,COLNIZA,2,2,0,0.0,0.0,0.0,0.0,0.15800048564189215
tuberculose_cultura,COMODORO,4,5,2,1.0,0.0,0.375,2.705627705627706,0.962620323027551
tuberculose_cultura,CONFRESA,2,2,0,1.0,0.0,0.0,0.0,0.14888562077702708
tuberculose_cultura,CONQUISTA D''OESTE,2,2,0,0.0,0.0,0.0,,0.0
tuberculose_cultura,CORUMBA,1,1,0,0.0,0.0,0.0,,0.0
tuberculose_cultura,COTRIGUACU,1,1,0,0.0,0.0,0.0,0.0,0.10213395974099129
tuberculose_cultura,CRATO,1,1,0,0.0,0.0,0.0,,0.0
tuberculose_cultura,CUIABA,154,1126,201,1397.0,79.0,0.17773017450251982,0.20147735996758215,1.8333732583551856
tuberculose_cultura,CURVELANDIA,2,2,1,0.0,0.0,0.5,10.197838058331634,0.2698
tuberculose_cultura,DENISE,1,1,0,0.0,0.0,0.0,0.0,0.0
tuberculose_cultura,DIAMANTINO,24,28,8,6.0,1.0,0.2916666666666667,1.5124512862091126,1.1565937740121963
tuberculose_cultura,DOURADINA,1,1,0,0.0,0.0,0.0,,0.0
tuberculose_cultura,ENGENHEIRO BELTRAO,1,1,0,0.0,0.0,0.0,,0.0
tuberculose_cultura,FELIZ NATAL,7,9,0,2.0,0.0,0.0,0.0,0.39528470752104733
tuberculose_cultura,FLORIANO,1,2,0,0.0,0.0,0.0,,0.0
tuberculose_cultura,FOZ DO IGUACU,1,1,0,0.0,0.0,0.0,,0.0
tuberculose_cultura,GAUCHA DO NORTE,1,1,0,0.0,0.0,0.0,0.0,0.07570559895833356
tuberculose_cultura,GENERAL CARNEIRO,2,17,0,0.0,0.0,0.0,0.0,0.2504783854166666
tuberculose_cultura,GOIANIA,3,3,1,0.0,0.0,0.3333333333333333,,0.28284271247461906
tuberculose_cultura,GRAJAU,3,3,1,0.0,0.0,0.3333333333333333,,0.28284271247461906
tuberculose_cultura,GUARANTA DO NORTE,33,52,5,7.0,1.0,0.10533910533910534,0.4851113742012315,1.6413635657151262
tuberculose_cultura,GUARULHOS,1,1,0,0.0,0.0,0.0,,0.0
tuberculose_cultura,GUIRATINGA,2,2,1,1.0,0.0,0.5,3.1766200762388817,0.38808910824887377
tuberculose_cultura,IBIPITANGA,1,1,0,0.0,0.0,0.0,,0.0
tuberculose_cultura,ILHEUS,1,1,1,0.0,0.0,1.0,,0.0
tuberculose_cultura,IMPERATRIZ,1,1,1,1.0,0.0,1.0,,0.0
tuberculose_cultura,ITANHANGA,1,1,0,0.0,0.0,0.0,0.0,0.0
tuberculose_cultura,ITAUBA,3,3,0,1.0,0.0,0.0,0.0,0.21213203435596426
tuberculose_cultura,JABOATAO DOS GUARARAPES,1,1,0,0.0,0.0,0.0,,0.0
tuberculose_cultura,JACIARA,4,4,0,0.0,0.0,0.0,0.0,0.0
tuberculose_cultura,JALES,1,1,0,0.0,0.0,0.0,,0.0
tuberculose_cultura,JANGADA,6,6,0,1.0,0.0,0.0,0.0,0.39147611019478845
tuberculose_cultura,JAURU,6,7,0,2.0,0.0,0.0,0.0,0.5591356775112087
tuberculose_cultura,JI-PARANA,3,3,0,0.0,0.0,0.0,,0.0
tuberculose_cultura,JUARA,12,18,1,4.0,0.0,0.08333333333333333,0.23237224174149052,1.5387819504981242
tuberculose_cultura,JUINA,23,50,3,20.0,0.0,0.08967391304347826,0.2782520870266089,1.6395408400873395
tuberculose_cultura,JURUENA,1,1,0,0.0,0.0,0.0,0.0,0.0634907305743244
tuberculose_cultura,JUSCIMEIRA,3,3,0,0.0,0.0,0.0,0.0,0.0
tuberculose_cultura,LAGO DA PEDRA,1,1,0,0.0,0.0,0.0,,0.0
tuberculose_cultura,LAMBARI D''OESTE,2,3,0,0.0,0.0,0.0,,0.168625
tuberculose_cultura,LONDRINA,1,2,0,0.0,0.0,0.0,,0.0
tuberculose_cultura,LUCAS DO RIO VERDE,28,36,9,17.0,0.0,0.24404761904761904,0.413956613738588,1.4211799392305997
tuberculose_cultura,MARCELANDIA,5,5,1,2.0,0.0,0.2,1.755001755001755,0.8068503906250001
tuberculose_cultura,MATRIZ DE CAMARAGIBE,1,1,0,0.0,0.0,0.0,,0.0
tuberculose_cultura,MATUPA,5,7,0,0.0,0.0,0.0,0.0,0.30618621784789735
tuberculose_cultura,MIRASSOL D''OESTE,4,4,1,0.0,0.0,0.25,,0.3464101615137755
tuberculose_cultura,NOBRES,10,12,7,3.0,0.0,0.5,4.495897700359093,1.5928652760677262
tuberculose_cultura,NOSSA SENHORA DO LIVRAMENTO,12,15,4,4.0,0.0,0.25,2.850464625733995,1.3095651467278195
tuberculose_cultura,NOVA BANDEIRANTES,3,3,0,0.0,0.0,0.0,0.0,0.027430046452702812
tuberculose_cultura,NOVA CANAA DO NORTE,6,6,1,2.0,0.0,0.16666666666666666,1.294397846121984,0.8944271909999159
tuberculose_cultura,NOVA GUARITA,1,2,0,0.0,0.0,0.0,0.0,0.0
tuberculose_cultura,NOVA LACERDA,3,3,0,0.0,0.0,0.0,0.0,0.03343541314752269
tuberculose_cultura,NOVA MARILANDIA,24,34,7,4.0,0.0,0.16666666666666666,8.683694503587777,1.2551485241744365
tuberculose_cultura,NOVA MONTE VERDE,5,8,0,0.0,0.0,0.0,0.0,0.4445117996903153
tuberculose_cultura,NOVA MUTUM,11,11,2,4.0,0.0,0.18181818181818182,0.3105826374988159,0.9877529457589165
tuberculose_cultura,NOVA OLIMPIA,6,7,1,0.0,0.0,0.16666666666666666,1.0141576406636648,0.894427190999916
tuberculose_cultura,NOVA SANTA HELENA,1,1,0,0.0,0.0,0.0,0.0,0.0
tuberculose_cultura,NOVA UBIRATA,4,5,1,0.0,0.0,0.125,2.0012808197246237,1.143132278861212
tuberculose_cultura,NOVA XAVANTINA,5,5,0,3.0,0.0,0.0,0.0,0.101175
tuberculose_cultura,NOVO MUNDO,7,7,1,2.0,0.0,0.14285714285714285,1.4966699094514706,0.9920439967754335
tuberculose_cultura,NOVO PROGRESSO,2,2,0,0.0,0.0,0.0,,0.0
tuberculose_cultura,NOVO SANTO ANTONIO,1,2,0,0.0,0.0,0.0,0.0,0.20666531883445952
tuberculose_cultura,NOVO SAO JOAQUIM,3,3,0,0.0,0.0,0.0,0.0,0.04090770340653165
tuberculose_cultura,OURILANDIA DO NORTE,1,2,0,0.0,0.0,0.0,,0.0
tuberculose_cultura,PARANAITA,25,46,9,3.0,1.0,0.2033333333333333,3.075518546849716,1.2870679021310247
tuberculose_cultura,PARANATINGA,3,3,1,0.0,0.0,0.3333333333333333,1.4336917562724014,0.5917672309740128
tuberculose_cultura,PASSO DE CAMARAGIBE,1,1,0,0.0,0.0,0.0,,0.0
tuberculose_cultura,PEDRA PRETA,2,2,1,0.0,0.0,0.5,2.6961445133459154,0.2698
tuberculose_cultura,PEIXOTO DE AZEVEDO,25,66,5,5.0,0.0,0.09466666666666666,0.5980690063430325,1.3749041612158368
tuberculose_cultura,PIMENTA BUENO,3,3,0,0.0,0.0,0.0,,0.0
tuberculose_cultura,PIRACICABA,1,1,0,0.0,0.0,0.0,,0.0
tuberculose_cultura,PLANALTO DA SERRA,1,1,1,0.0,0.0,1.0,30.97893432465923,0.05307984586148658
tuberculose_cultura,POCONE,19,22,4,16.0,0.0,0.10526315789473684,0.6743963730963055,2.40555492496019
tuberculose_cultura,PONTAL DO ARAGUAIA,1,1,0,0.0,0.0,0.0,0.0,0.0
tuberculose_cultura,PONTES E LACERDA,40,53,5,21.0,1.0,0.1,0.2354843316377723,1.6673991877240184
tuberculose_cultura,PORTO ALEGRE DO NORTE,1,2,0,0.0,0.0,0.0,0.0,0.08777804757882886
tuberculose_cultura,PORTO ESPERIDIAO,1,2,0,1.0,1.0,0.0,0.0,0.05470817849099111
tuberculose_cultura,PORTO ESTRELA,2,2,0,0.0,0.0,0.0,0.0,0.10080470861486512
tuberculose_cultura,PORTO VELHO,3,3,1,0.0,0.0,0.3333333333333333,,0.28284271247461906
tuberculose_cultura,POXOREO,2,2,0,1.0,0.0,0.0,,0.0
tuberculose_cultura,PRIMAVERA DO LESTE,16,19,5,8.0,0.0,0.21875,0.3562734428604387,1.4861112077436807
tuberculose_cultura,PROMISSAO,1,2,2,0.0,0.0,1.0,,0.0
tuberculose_cultura,QUERENCIA,11,13,2,3.0,0.0,0.18181818181818182,0.6395518020970904,0.8681883549494736
tuberculose_cultura,QUERENCIA DO NORTE,1,1,0,0.0,0.0,0.0,,0.0
tuberculose_cultura,RECIFE,1,1,0,0.0,0.0,0.0,,0.0
tuberculose_cultura,RIBEIRAO CASCALHEIRA,1,1,0,0.0,0.0,0.0,0.0,0.10804437992680185
tuberculose_cultura,RIO BRANCO,2,2,2,0.0,0.0,1.0,22.114291568767403,0.14914197635135135
tuberculose_cultura,RONDONOPOLIS,59,77,7,136.0,9.0,0.09887005649717513,0.0484830716382511,2.250329002838257
tuberculose_cultura,ROSARIO OESTE,3,3,0,1.0,0.0,0.0,0.0,0.2749533920417752
tuberculose_cultura,SANTA CARMEM,3,3,0,0.0,0.0,0.0,0.0,0.0
tuberculose_cultura,SANTA TEREZINHA,1,1,1,0.0,0.0,1.0,13.164823591363875,0.17831903856982004
tuberculose_cultura,SANTAREM,1,1,0,0.0,0.0,0.0,,0.0
tuberculose_cultura,SANTO ANTONIO DO LEVERGER,25,33,4,6.0,0.0,0.16,0.9480280849366577,1.2484188904948423
tuberculose_cultura,SAO FELIX DO ARAGUAIA,1,1,0,0.0,0.0,0.0,0.0,0.16267185388513522
tuberculose_cultura,SAO GERALDO DO ARAGUAIA,1,1,0,0.0,0.0,0.0,,0.0
tuberculose_cultura,SAO JOSE DO RIO CLARO,6,8,1,2.0,0.0,0.16666666666666666,1.1177430532269241,0.8944271909999159
tuberculose_cultura,SAO JOSE DO XINGU,1,1,0,0.0,0.0,0.0,0.0,0.10040118595157664
tuberculose_cultura,SAO JOSE DOS QUATRO MARCOS,4,5,1,1.0,0.0,0.25,1.330636576538216,0.692820323027551
tuberculose_cultura,SAO LUIS,1,1,1,0.0,0.0,1.0,,0.0
tuberculose_cultura,SAO LUIS GONZAGA DO MARANHAO,1,1,0,0.0,0.0,0.0,,0.0
tuberculose_cultura,SAO PAULO,2,3,0,0.0,0.0,0.0,,0.168625
tuberculose_cultura,SAPEZAL,11,12,1,7.0,0.0,0.09090909090909091,0.3000003000003,1.264911064067352
tuberculose_cultura,SENADOR ALEXANDRE COSTA,1,1,0,0.0,0.0,0.0,,0.0
tuberculose_cultura,SERINGUEIRAS,1,1,0,0.0,0.0,0.0,,0.0
tuberculose_cultura,SINOP,110,375,43,93.0,2.0,0.10879623644329527,0.21840208317360396,2.1687673492362194
tuberculose_cultura,SORRISO,45,75,23,32.0,0.0,0.26296296296296295,0.4923434724628929,1.4427695554216287
tuberculose_cultura,TABAPORA,2,3,0,0.0,0.0,0.0,0.0,0.168625
tuberculose_cultura,TANGARA DA SERRA,49,80,22,23.0,0.0,0.32142857142857145,0.40935247291506743,1.3901707773848915
tuberculose_cultura,TAPURAH,6,6,0,0.0,0.0,0.0,0.0,0.0
tuberculose_cultura,TARUMA,1,1,0,0.0,0.0,0.0,,0.0
tuberculose_cultura,TEIXEIRA SOARES,5,5,0,0.0,0.0,0.0,,0.0
tuberculose_cultura,TERESINA,1,2,0,0.0,0.0,0.0,,0.0
tuberculose_cultura,TESOURO,3,4,0,0.0,0.0,0.0,0.0,0.431775072040346
tuberculose_cultura,TOLEDO,1,1,1,0.0,0.0,1.0,,0.0
tuberculose_cultura,TUCUMA,1,1,0,0.0,0.0,0.0,,0.0
tuberculose_cultura,VALE DE SAO DOMINGOS,1,1,0,0.0,0.0,0.0,0.0,0.04944814189189199
tuberculose_cultura,VARZEA GRANDE,123,437,73,560.0,38.0,0.18798349347129834,0.19733060282507797,2.210012542835477
tuberculose_cultura,VERA,1,1,0,0.0,0.0,0.0,0.0,0.0
tuberculose_cultura,VILA BELA DA SANTISSIMA TRINDADE,1,1,0,0.0,0.0,0.0,0.0,0.11178052505630645
tuberculose_cultura,VILA RICA,1,1,0,0.0,0.0,0.0,0.0,0.04660449394707213
tuberculose_cultura,VITORIA,1,1,0,0.0,0.0,0.0,,0.0
tuberculose_lf_lam,ARAPUTANGA,2,2,1,2.0,0.0,0.5,3.3485132601125103,0.370975
tuberculose_lf_lam,ARIPUANA,1,1,0,0.0,0.0,0.0,0.0,0.05382992328265769
tuberculose_lf_lam,ARIQUEMES,1,1,0,0.0,0.0,0.0,,0.0
tuberculose_lf_lam,BOA VISTA,1,1,1,0.0,0.0,1.0,,0.0
tuberculose_lf_lam,CACERES,5,9,4,15.0,0.0,0.4,0.8731432064001396,0.8016472903643597
tuberculose_lf_lam,CAMPOS DE JULIO,1,1,0,0.0,0.0,0.0,0.0,0.0
tuberculose_lf_lam,CLAUDIA,1,1,1,1.0,0.0,1.0,10.442773600668337,0.0
tuberculose_lf_lam,CUIABA,11,15,7,94.0,1.0,0.5,0.09411936809869735,0.7375711030678928
tuberculose_lf_lam,FELIZ NATAL,1,2,1,1.0,0.0,0.5,9.407337723424272,0.0
tuberculose_lf_lam,GOIANIA,1,1,0,0.0,0.0,0.0,,0.0
tuberculose_lf_lam,LAMBARI D''OESTE,1,1,0,0.0,0.0,0.0,,0.0
tuberculose_lf_lam,LUCAS DO RIO VERDE,1,1,1,0.0,0.0,1.0,1.134738896579897,0.0
tuberculose_lf_lam,MIRASSOL D''OESTE,2,2,1,0.0,0.0,0.5,,0.1349
tuberculose_lf_lam,NOBRES,2,2,0,1.0,0.0,0.0,0.0,0.12220565174549552
tuberculose_lf_lam,NOVA BRASILANDIA,1,1,0,0.0,0.0,0.0,0.0,0.04917279701576588
tuberculose_lf_lam,PONTES E LACERDA,2,2,1,1.0,0.0,0.5,0.9290917199345918,0.370975
tuberculose_lf_lam,PORTO ESPERIDIAO,1,1,0,0.0,0.0,0.0,0.0,0.05470817849099111
tuberculose_lf_lam,SANTO ANTONIO DO LEVERGER,1,1,1,0.0,0.0,1.0,5.9608965188364325,0.07961264780405415
tuberculose_lf_lam,SINOP,10,20,5,13.0,0.0,0.3333333333333333,0.24162643586509516,0.8465309924999298
tuberculose_lf_lam,TANGARA DA SERRA,4,6,3,3.0,0.0,0.25,0.6784321884413247,1.2124355652982142
tuberculose_lf_lam,VARZEA GRANDE,1,1,0,3.0,1.0,0.0,0.0,0.0
tuberculose_lf_lam,VERA,1,1,0,0.0,0.0,0.0,0.0,0.0
tuberculose_teste_de_sensibilidade,AGUA BOA,3,6,1,3.0,0.0,0.16666666666666666,1.2494221422592051,0.6861253524202826
tuberculose_teste_de_sensibilidade,ALTA FLORESTA,2,4,0,0.0,0.0,0.0,0.0,0.0
tuberculose_teste_de_sensibilidade,ALTAMIRA,1,2,0,0.0,0.0,0.0,,0.0
tuberculose_teste_de_sensibilidade,ARAPUTANGA,3,8,1,3.0,0.0,0.16666666666666666,2.2543847783939763,0.565685424949238
tuberculose_teste_de_sensibilidade,BARAO DE MELGACO,1,2,1,1.0,0.0,0.5,12.24739742804654,0.5
tuberculose_teste_de_sensibilidade,BARRA DO BUGRES,1,2,0,0.0,0.0,0.0,0.0,0.0017327737894144602
tuberculose_teste_de_sensibilidade,BARRA DO GARCAS,3,10,2,6.0,1.0,0.3333333333333333,1.0804620055535747,0.9421221758462295
tuberculose_teste_de_sensibilidade,BOA VISTA,1,2,0,0.0,0.0,0.0,,0.0
tuberculose_teste_de_sensibilidade,CACERES,14,32,12,15.0,1.0,0.4107142857142857,0.9115395794632748,0.7310648896522547
tuberculose_teste_de_sensibilidade,CACOAL,1,2,0,0.0,0.0,0.0,,0.0
tuberculose_teste_de_sensibilidade,CAMPINAPOLIS,2,10,0,4.0,1.0,0.0,0.0,0.44760158009572104
tuberculose_teste_de_sensibilidade,CAMPO NOVO DO PARECIS,1,2,0,0.0,0.0,0.0,0.0,0.0
tuberculose_teste_de_sensibilidade,CAMPO VERDE,1,2,0,1.0,0.0,0.0,0.0,0.0
tuberculose_teste_de_sensibilidade,CANARANA,1,2,0,1.0,0.0,0.0,0.0,0.0
tuberculose_teste_de_sensibilidade,CASTANHEIRA,1,2,1,0.0,0.0,0.5,13.255567338282079,0.0
tuberculose_teste_de_sensibilidade,CHAPADA DOS GUIMARAES,2,6,0,1.0,0.0,0.0,0.0,0.30609330306869365
tuberculose_teste_de_sensibilidade,COLIDER,1,4,0,0.0,0.0,0.0,0.0,0.0
tuberculose_teste_de_sensibilidade,COMODORO,1,2,0,0.0,0.0,0.0,0.0,0.0
tuberculose_teste_de_sensibilidade,CUIABA,58,168,33,534.0,34.0,0.1793103448275862,0.08827897124063873,2.2865469016479567
tuberculose_teste_de_sensibilidade,CURVELANDIA,1,2,0,0.0,0.0,0.0,0.0,0.0
tuberculose_teste_de_sensibilidade,DIAMANTINO,4,8,4,1.0,0.0,0.5,4.55767740759309,0.5396
tuberculose_teste_de_sensibilidade,GOIANIA,1,2,0,0.0,0.0,0.0,,0.0
tuberculose_teste_de_sensibilidade,GUARANTA DO NORTE,1,2,0,0.0,0.0,0.0,0.0,0.0
tuberculose_teste_de_sensibilidade,GUIRATINGA,1,2,1,1.0,0.0,0.5,6.353240152477763,0.017114108248873782
tuberculose_teste_de_sensibilidade,ILHEUS,1,2,0,0.0,0.0,0.0,,0.0
tuberculose_teste_de_sensibilidade,IMPERATRIZ,1,2,0,1.0,0.0,0.0,,0.0
tuberculose_teste_de_sensibilidade,JUARA,1,2,0,1.0,0.0,0.0,0.0,0.0
tuberculose_teste_de_sensibilidade,JUINA,1,2,0,0.0,0.0,0.0,0.0,0.0
tuberculose_teste_de_sensibilidade,LUCAS DO RIO VERDE,5,12,2,2.0,0.0,0.2,0.5140112634054858,0.7104159522338394
tuberculose_teste_de_sensibilidade,MIRASSOL D''OESTE,1,2,1,0.0,0.0,0.5,,0.0
tuberculose_teste_de_sensibilidade,NOBRES,3,8,1,0.0,0.0,0.16666666666666666,2.1190930281839373,0.5867160766947337
tuberculose_teste_de_sensibilidade,NOSSA SENHORA DO LIVRAMENTO,3,6,3,2.0,0.0,0.5,8.551393877201985,0.3196874397613699
tuberculose_teste_de_sensibilidade,NOVA MUTUM,2,4,1,1.0,0.0,0.25,0.8541022531217438,0.2698
tuberculose_teste_de_sensibilidade,PARANAITA,6,12,7,0.0,0.0,0.5833333333333334,10.058951311430446,0.27812476904377953
tuberculose_teste_de_sensibilidade,PEDRA PRETA,1,2,0,0.0,0.0,0.0,0.0,0.0
tuberculose_teste_de_sensibilidade,PEIXOTO DE AZEVEDO,1,2,0,1.0,0.0,0.0,0.0,0.02064137105855867
tuberculose_teste_de_sensibilidade,POCONE,1,2,0,1.0,0.0,0.0,0.0,0.06830926590653164
tuberculose_teste_de_sensibilidade,PONTES E LACERDA,2,4,2,1.0,1.0,0.5,1.8902974564104271,0.23607499999999998
tuberculose_teste_de_sensibilidade,PORTO VELHO,1,2,0,0.0,0.0,0.0,,0.0
tuberculose_teste_de_sensibilidade,PRIMAVERA DO LESTE,2,6,0,0.0,0.0,0.0,0.0,0.168625
tuberculose_teste_de_sensibilidade,PROMISSAO,1,4,0,0.0,0.0,0.0,,0.0
tuberculose_teste_de_sensibilidade,QUERENCIA,1,2,1,0.0,0.0,0.5,3.517534911533997,0.0
tuberculose_teste_de_sensibilidade,RIO BRANCO,1,2,0,0.0,0.0,0.0,0.0,0.014241976351351361
tuberculose_teste_de_sensibilidade,RONDONOPOLIS,4,8,2,13.0,1.0,0.25,0.206412804389008,0.9232050807568877
tuberculose_teste_de_sensibilidade,SANTA TEREZINHA,1,2,0,0.0,0.0,0.0,0.0,0.17831903856982004
tuberculose_teste_de_sensibilidade,SAO JOSE DOS QUATRO MARCOS,1,2,0,0.0,0.0,0.0,0.0,0.0
tuberculose_teste_de_sensibilidade,SAO LUIS,1,2,1,0.0,0.0,0.5,,0.0
tuberculose_teste_de_sensibilidade,SINOP,24,56,9,35.0,2.0,0.16666666666666666,0.23041526056677294,1.746506837349621
tuberculose_teste_de_sensibilidade,SORRISO,9,32,8,10.0,0.0,0.2222222222222222,0.936253977616508,1.0420705792884823
tuberculose_teste_de_sensibilidade,TANGARA DA SERRA,10,26,5,6.0,0.0,0.2,0.4522881256275498,0.9552063079129867
tuberculose_teste_de_sensibilidade,VARZEA GRANDE,35,79,21,159.0,8.0,0.2833333333333333,0.20149321044231333,1.406145190298626
tularemia_cultura_para_fungos,JUINA,1,1,0,0.0,0.0,0.0,0.0,0.0
tularemia_fungos,JUINA,1,1,0,0.0,0.0,0.0,0.0,0.0
tularemia_fungos_teste_de_sensibilidade,JUINA,1,1,0,0.0,0.0,0.0,0.0,0.0
var_ola_citomegalov_rus_igg,NOVA XAVANTINA,1,2,0,0.0,0.0,0.0,,0.0
var_ola_citomegalov_rus_igg_avidez,NOVA XAVANTINA,1,1,0,0.0,0.0,0.0,,0.0
var_ola_citomegalov_rus_igm,NOVA XAVANTINA,1,2,0,0.0,0.0,0.0,,0.0
var_ola_herpes_simplex_1_e_2_biologia_molecular,CUIABA,5,5,0,0.0,0.0,0.0,0.0,0.0
var_ola_herpes_simplex_1_e_2_biologia_molecular,NOVA XAVANTINA,1,1,0,0.0,0.0,0.0,,0.0
var_ola_herpes_simplex_1_e_2_biologia_molecular,VARZEA GRANDE,2,2,0,0.0,0.0,0.0,0.0,0.0
var_ola_herpes_v_rus_igg,CUIABA,1,1,0,0.0,0.0,0.0,0.0,0.0
var_ola_herpes_v_rus_igm,CUIABA,1,1,0,0.0,0.0,0.0,0.0,0.0
var_ola_parvov_rus_b19_igg,CUIABA,2,2,0,0.0,0.0,0.0,0.0,0.0
var_ola_parvov_rus_b19_igm,CUIABA,2,2,0,0.0,0.0,0.0,0.0,0.0
var_ola_pesquisa_de_arbov_rus_zdc,CUIABA,1,1,0,0.0,0.0,0.0,0.0,0.0
var_ola_pesquisa_quantitativa_do_dna_do_v_rus_epstein_barr,NOVA XAVANTINA,1,1,0,0.0,0.0,0.0,,0.0
var_ola_rub_ola_igg,CUIABA,3,3,0,0.0,0.0,0.0,0.0,0.0
var_ola_rub_ola_igm,CUIABA,3,3,0,0.0,0.0,0.0,0.0,0.0
var_ola_sarampo_biologia_molecular,CUIABA,2,5,0,0.0,0.0,0.0,0.0,0.168625
var_ola_sarampo_igg,CUIABA,3,3,0,0.0,0.0,0.0,0.0,0.0
var_ola_sarampo_igm,CUIABA,3,3,0,0.0,0.0,0.0,0.0,0.0
var_ola_var_ola,ALTO PARAGUAI,2,2,0,0.0,0.0,0.0,,0.0542049619932434
var_ola_var_ola,ARAPUTANGA,1,2,0,0.0,0.0,0.0,0.0,0.0
var_ola_var_ola,BARRA DO GARCAS,2,4,0,0.0,0.0,0.0,0.0,0.0
var_ola_var_ola,BRASNORTE,1,1,0,0.0,0.0,0.0,,0.0
var_ola_var_ola,CACERES,2,4,0,0.0,0.0,0.0,0.0,0.17940142877252244
var_ola_var_ola,CAMPO NOVO DO PARECIS,6,13,0,0.0,0.0,0.0,0.0,0.168625
var_ola_var_ola,CAMPO VERDE,1,2,0,0.0,0.0,0.0,0.0,0.0
var_ola_var_ola,CUIABA,43,145,0,0.0,0.0,0.0,0.0,1.25
var_ola_var_ola,FELIZ NATAL,2,5,0,0.0,0.0,0.0,0.0,0.168625
var_ola_var_ola,GAMELEIRA,1,1,0,0.0,0.0,0.0,,0.0
var_ola_var_ola,GENERAL CARNEIRO,1,4,0,0.0,0.0,0.0,0.0,0.0818533854166666
var_ola_var_ola,ITAJAI,1,1,0,0.0,0.0,0.0,,0.0
var_ola_var_ola,ITAUBA,2,2,0,0.0,0.0,0.0,0.0,0.0
var_ola_var_ola,JANGADA,1,2,0,0.0,0.0,0.0,0.0,0.056065913569820006
var_ola_var_ola,JARU,1,3,0,0.0,0.0,0.0,,0.0
var_ola_var_ola,JUARA,2,4,0,0.0,0.0,0.0,,0.168625
var_ola_var_ola,JUINA,1,6,0,0.0,0.0,0.0,0.0,0.0
var_ola_var_ola,JURUENA,1,4,0,0.0,0.0,0.0,0.0,0.0634907305743244
var_ola_var_ola,LUCAS DO RIO VERDE,3,10,0,0.0,0.0,0.0,0.0,0.3535533905932737
var_ola_var_ola,MARCELANDIA,1,8,0,0.0,0.0,0.0,0.0,0.006850390625000021
var_ola_var_ola,NOVA MUTUM,5,14,0,0.0,0.0,0.0,0.0,0.168625
var_ola_var_ola,NOVA OLIMPIA,1,3,0,0.0,0.0,0.0,0.0,0.0
var_ola_var_ola,NOVA XAVANTINA,1,4,0,0.0,0.0,0.0,,0.0
var_ola_var_ola,PACARAIMA,3,8,0,0.0,0.0,0.0,,0.17677669529663695
var_ola_var_ola,PARANAPANEMA,1,2,0,0.0,0.0,0.0,,0.0
var_ola_var_ola,PARANATINGA,3,4,0,0.0,0.0,0.0,0.0,0.3796351966180486
var_ola_var_ola,PEIXOTO DE AZEVEDO,2,9,0,0.0,0.0,0.0,0.0,0.18926637105855867
var_ola_var_ola,PINHEIRO,1,1,0,0.0,0.0,0.0,,0.0
var_ola_var_ola,PONTES E LACERDA,2,4,0,0.0,0.0,0.0,0.0,0.168625
var_ola_var_ola,PRIMAVERA DO LESTE,1,2,0,0.0,0.0,0.0,,0.0
var_ola_var_ola,RECIFE,1,1,0,0.0,0.0,0.0,,0.0
var_ola_var_ola,RESERVA DO CABACAL,1,5,0,0.0,0.0,0.0,0.0,0.004149162443693711
var_ola_var_ola,RONDONOPOLIS,2,3,0,0.0,0.0,0.0,0.0,0.168625
var_ola_var_ola,SAPEZAL,1,3,0,0.0,0.0,0.0,0.0,0.0
var_ola_var_ola,SINOP,7,23,0,0.0,0.0,0.0,0.0,0.505875
var_ola_var_ola,TANGARA DA SERRA,3,11,0,0.0,0.0,0.0,0.0,0.17677669529663695
var_ola_var_ola,TRES LAGOAS,1,2,0,0.0,0.0,0.0,,0.0
var_ola_var_ola,TRINDADE,1,1,0,0.0,0.0,0.0,,0.0
var_ola_var_ola,VARZEA GRANDE,14,49,0,0.0,0.0,0.0,0.0,1.01175
var_ola_varicela_biologia_molecular,BRASNORTE,1,1,0,0.0,0.0,0.0,,0.0
var_ola_varicela_biologia_molecular,CUIABA,7,8,0,0.0,0.0,0.0,0.0,0.6123724356957946
var_ola_varicela_biologia_molecular,JARU,1,2,0,0.0,0.0,0.0,,0.0
var_ola_varicela_igg,CUIABA,2,2,0,0.0,0.0,0.0,,0.0
var_ola_varicela_igm,CUIABA,2,2,0,0.0,0.0,0.0,,0.0
var_ola_varicela_zoster_biologia_molecular,ARAPUTANGA,1,2,0,0.0,0.0,0.0,0.0,0.0
var_ola_varicela_zoster_biologia_molecular,BARRA DO GARCAS,1,1,0,0.0,0.0,0.0,0.0,0.0
var_ola_varicela_zoster_biologia_molecular,BRASNORTE,1,1,0,0.0,0.0,0.0,,0.0
var_ola_varicela_zoster_biologia_molecular,CACERES,2,2,0,0.0,0.0,0.0,0.0,0.01077642877252243
var_ola_varicela_zoster_biologia_molecular,CAMPO NOVO DO PARECIS,5,9,0,0.0,0.0,0.0,0.0,0.12499999999999994
var_ola_varicela_zoster_biologia_molecular,CAMPO VERDE,1,2,0,0.0,0.0,0.0,0.0,0.0
var_ola_varicela_zoster_biologia_molecular,CUIABA,40,115,0,0.0,0.0,0.0,0.0,1.01175
var_ola_varicela_zoster_biologia_molecular,FELIZ NATAL,2,4,0,0.0,0.0,0.0,0.0,0.0
var_ola_varicela_zoster_biologia_molecular,GAMELEIRA,1,1,0,0.0,0.0,0.0,,0.0
var_ola_varicela_zoster_biologia_molecular,GENERAL CARNEIRO,1,4,0,0.0,0.0,0.0,0.0,0.0818533854166666
var_ola_varicela_zoster_biologia_molecular,ITAJAI,1,1,0,0.0,0.0,0.0,,0.0
var_ola_varicela_zoster_biologia_molecular,ITAUBA,2,2,0,0.0,0.0,0.0,0.0,0.0
var_ola_varicela_zoster_biologia_molecular,JANGADA,1,2,0,0.0,0.0,0.0,0.0,0.056065913569820006
var_ola_varicela_zoster_biologia_molecular,JARU,1,3,0,0.0,0.0,0.0,,0.0
var_ola_varicela_zoster_biologia_molecular,JUARA,1,2,0,0.0,0.0,0.0,,0.0
var_ola_varicela_zoster_biologia_molecular,JUINA,1,4,0,0.0,0.0,0.0,0.0,0.0
var_ola_varicela_zoster_biologia_molecular,JURUENA,1,4,0,0.0,0.0,0.0,0.0,0.0634907305743244
var_ola_varicela_zoster_biologia_molecular,LUCAS DO RIO VERDE,3,6,0,0.0,0.0,0.0,0.0,0.0
var_ola_varicela_zoster_biologia_molecular,MARCELANDIA,1,6,0,0.0,0.0,0.0,0.0,0.006850390625000021
var_ola_varicela_zoster_biologia_molecular,NOVA MUTUM,4,8,0,0.0,0.0,0.0,0.0,0.33725
var_ola_varicela_zoster_biologia_molecular,NOVA OLIMPIA,1,2,0,0.0,0.0,0.0,0.0,0.0
var_ola_varicela_zoster_biologia_molecular,NOVA XAVANTINA,1,2,0,0.0,0.0,0.0,,0.0
var_ola_varicela_zoster_biologia_molecular,PACARAIMA,3,5,0,0.0,0.0,0.0,,0.17677669529663684
var_ola_varicela_zoster_biologia_molecular,PARANAPANEMA,1,2,0,0.0,0.0,0.0,,0.0
var_ola_varicela_zoster_biologia_molecular,PARANATINGA,3,3,0,0.0,0.0,0.0,0.0,0.02608180602477483
var_ola_varicela_zoster_biologia_molecular,PEIXOTO DE AZEVEDO,2,8,0,0.0,0.0,0.0,0.0,0.02064137105855867
var_ola_varicela_zoster_biologia_molecular,PINHEIRO,1,1,0,0.0,0.0,0.0,,0.0
var_ola_varicela_zoster_biologia_molecular,PONTES E LACERDA,2,3,0,0.0,0.0,0.0,0.0,0.168625
var_ola_varicela_zoster_biologia_molecular,PRIMAVERA DO LESTE,1,1,0,0.0,0.0,0.0,,0.0
var_ola_varicela_zoster_biologia_molecular,RECIFE,1,1,0,0.0,0.0,0.0,,0.0
var_ola_varicela_zoster_biologia_molecular,RESERVA DO CABACAL,1,3,0,0.0,0.0,0.0,0.0,0.004149162443693711
var_ola_varicela_zoster_biologia_molecular,RONDONOPOLIS,2,3,0,0.0,0.0,0.0,0.0,0.168625
var_ola_varicela_zoster_biologia_molecular,SAPEZAL,1,2,0,0.0,0.0,0.0,0.0,0.0
var_ola_varicela_zoster_biologia_molecular,SINOP,5,11,0,0.0,0.0,0.0,0.0,0.45927932677184585
var_ola_varicela_zoster_biologia_molecular,TANGARA DA SERRA,3,9,0,0.0,0.0,0.0,0.0,0.168625
var_ola_varicela_zoster_biologia_molecular,TRES LAGOAS,1,2,0,0.0,0.0,0.0,,0.0
var_ola_varicela_zoster_biologia_molecular,TRINDADE,1,1,0,0.0,0.0,0.0,,0.0
var_ola_varicela_zoster_biologia_molecular,VARZEA GRANDE,14,33,0,0.0,0.0,0.0,0.0,0.6786140266507457
varicela_herpes_zoster_citomegalov_rus_igg,VARZEA GRANDE,1,1,0,0.0,0.0,0.0,0.0,0.0
varicela_herpes_zoster_citomegalov_rus_igm,VARZEA GRANDE,1,1,0,0.0,0.0,0.0,0.0,0.0
varicela_herpes_zoster_epstein_barr_igg,CUIABA,1,1,0,0.0,0.0,0.0,0.0,0.0
varicela_herpes_zoster_epstein_barr_igm,CUIABA,1,1,0,0.0,0.0,0.0,0.0,0.0
varicela_herpes_zoster_herpes_simplex_1_e_2_biologia_molecular,ALTA FLORESTA,1,1,0,0.0,0.0,0.0,0.0,0.0
varicela_herpes_zoster_herpes_simplex_1_e_2_biologia_molecular,BARRA DO GARCAS,1,1,0,0.0,0.0,0.0,0.0,0.0
varicela_herpes_zoster_herpes_simplex_1_e_2_biologia_molecular,CAMPINAPOLIS,1,1,0,0.0,0.0,0.0,0.0,0.27897658009572107
varicela_herpes_zoster_herpes_simplex_1_e_2_biologia_molecular,CUIABA,4,4,0,0.0,0.0,0.0,0.0,0.0
varicela_herpes_zoster_herpes_simplex_1_e_2_biologia_molecular,PONTES E LACERDA,1,1,0,0.0,0.0,0.0,0.0,0.0
varicela_herpes_zoster_herpes_simplex_1_e_2_biologia_molecular,VARZEA GRANDE,2,2,0,0.0,0.0,0.0,0.0,0.0
varicela_herpes_zoster_herpes_v_rus_igg,ARAPUTANGA,1,1,0,0.0,0.0,0.0,0.0,0.0
varicela_herpes_zoster_herpes_v_rus_igg,CUIABA,2,2,0,0.0,0.0,0.0,,0.0
varicela_herpes_zoster_herpes_v_rus_igg,JANGADA,1,1,0,0.0,0.0,0.0,,0.056065913569820006
varicela_herpes_zoster_herpes_v_rus_igg,NOVA MUTUM,1,1,0,0.0,0.0,0.0,,0.0
varicela_herpes_zoster_herpes_v_rus_igg,PONTES E LACERDA,1,1,0,0.0,0.0,0.0,0.0,0.0
varicela_herpes_zoster_herpes_v_rus_igm,ARAPUTANGA,1,1,0,0.0,0.0,0.0,0.0,0.0
varicela_herpes_zoster_herpes_v_rus_igm,CUIABA,2,2,0,0.0,0.0,0.0,,0.0
varicela_herpes_zoster_herpes_v_rus_igm,JANGADA,1,1,0,0.0,0.0,0.0,,0.056065913569820006
varicela_herpes_zoster_herpes_v_rus_igm,NOVA MUTUM,1,1,0,0.0,0.0,0.0,,0.0
varicela_herpes_zoster_herpes_v_rus_igm,PONTES E LACERDA,1,1,0,0.0,0.0,0.0,0.0,0.0
varicela_herpes_zoster_mpox_biologia_molecular,CUIABA,1,1,0,0.0,0.0,0.0,0.0,0.0
varicela_herpes_zoster_parvov_rus_b19_igg,CUIABA,1,1,0,0.0,0.0,0.0,0.0,0.0
varicela_herpes_zoster_parvov_rus_b19_igm,CUIABA,1,1,0,0.0,0.0,0.0,0.0,0.0
varicela_herpes_zoster_rub_ola_igg,ALTA FLORESTA,1,2,0,0.0,0.0,0.0,0.0,0.0
varicela_herpes_zoster_rub_ola_igg,CUIABA,1,1,0,0.0,0.0,0.0,0.0,0.0
varicela_herpes_zoster_rub_ola_igm,ALTA FLORESTA,1,2,0,0.0,0.0,0.0,0.0,0.0
varicela_herpes_zoster_rub_ola_igm,CUIABA,1,1,0,0.0,0.0,0.0,0.0,0.0
varicela_herpes_zoster_sarampo_biologia_molecular,CUIABA,3,5,0,0.0,0.0,0.0,0.0,0.17677669529663684
varicela_herpes_zoster_sarampo_biologia_molecular,VARZEA GRANDE,1,2,0,0.0,0.0,0.0,,0.0
varicela_herpes_zoster_sarampo_igg,ALTA FLORESTA,1,1,0,0.0,0.0,0.0,0.0,0.0
varicela_herpes_zoster_sarampo_igg,CUIABA,2,2,0,0.0,0.0,0.0,0.0,0.0
varicela_herpes_zoster_sarampo_igg,VARZEA GRANDE,1,1,0,0.0,0.0,0.0,,0.0
varicela_herpes_zoster_sarampo_igm,ALTA FLORESTA,1,1,0,0.0,0.0,0.0,0.0,0.0
varicela_herpes_zoster_sarampo_igm,CUIABA,2,2,0,0.0,0.0,0.0,0.0,0.0
varicela_herpes_zoster_sarampo_igm,VARZEA GRANDE,1,1,0,0.0,0.0,0.0,,0.0
varicela_herpes_zoster_v_rus_respirat_rios,CUIABA,2,2,0,0.0,0.0,0.0,0.0,0.0
varicela_herpes_zoster_var_ola,ALTA FLORESTA,1,1,0,0.0,0.0,0.0,0.0,0.0
varicela_herpes_zoster_var_ola,ARENAPOLIS,1,1,0,0.0,0.0,0.0,0.0,0.0
varicela_herpes_zoster_var_ola,CONFRESA,1,1,0,0.0,0.0,0.0,0.0,0.047710620777027084
varicela_herpes_zoster_var_ola,CUIABA,10,17,0,0.0,0.0,0.0,0.0,0.3611111111111111
varicela_herpes_zoster_var_ola,ITAITUBA,1,3,0,0.0,0.0,0.0,,0.0
varicela_herpes_zoster_var_ola,LUCAS DO RIO VERDE,1,3,0,0.0,0.0,0.0,,0.0
varicela_herpes_zoster_var_ola,MIRASSOL D''OESTE,1,2,0,0.0,0.0,0.0,,0.0
varicela_herpes_zoster_var_ola,NOVA MUTUM,1,3,0,0.0,0.0,0.0,,0.0
varicela_herpes_zoster_var_ola,NOVA OLIMPIA,2,6,0,0.0,0.0,0.0,0.0,0.0
varicela_herpes_zoster_var_ola,PINHEIRO,1,1,0,0.0,0.0,0.0,,0.0
varicela_herpes_zoster_var_ola,PONTES E LACERDA,1,3,0,0.0,0.0,0.0,0.0,0.0
varicela_herpes_zoster_var_ola,SINOP,1,2,0,0.0,0.0,0.0,0.0,0.0
varicela_herpes_zoster_var_ola,VARZEA GRANDE,5,15,0,0.0,0.0,0.0,0.0,0.3952847075210474
varicela_herpes_zoster_varicela_biologia_molecular,ARENAPOLIS,1,1,0,0.0,0.0,0.0,0.0,0.0
varicela_herpes_zoster_varicela_biologia_molecular,CUIABA,8,11,0,0.0,0.0,0.0,0.0,0.3227486121839514
varicela_herpes_zoster_varicela_biologia_molecular,JACIARA,1,1,0,0.0,0.0,0.0,0.0,0.0
varicela_herpes_zoster_varicela_biologia_molecular,JUARA,1,1,0,0.0,0.0,0.0,,0.0
varicela_herpes_zoster_varicela_biologia_molecular,MATUPA,1,1,0,0.0,0.0,0.0,0.0,0.0
varicela_herpes_zoster_varicela_biologia_molecular,MIRASSOL D''OESTE,1,1,0,0.0,0.0,0.0,,0.0
varicela_herpes_zoster_varicela_biologia_molecular,SAO JOSE DO RIO CLARO,1,1,0,0.0,0.0,0.0,0.0,0.0
varicela_herpes_zoster_varicela_biologia_molecular,SORRISO,1,2,0,0.0,0.0,0.0,0.0,0.0
varicela_herpes_zoster_varicela_biologia_molecular,TERRA NOVA DO NORTE,1,1,0,0.0,0.0,0.0,,0.0
varicela_herpes_zoster_varicela_biologia_molecular,VARZEA GRANDE,1,1,0,0.0,0.0,0.0,,0.0
varicela_herpes_zoster_varicela_igg,PINHEIRO,1,1,0,0.0,0.0,0.0,,0.0
varicela_herpes_zoster_varicela_igg,VILA RICA,1,1,0,0.0,0.0,0.0,0.0,0.04660449394707213
varicela_herpes_zoster_varicela_igm,PINHEIRO,1,1,0,0.0,0.0,0.0,,0.0
varicela_herpes_zoster_varicela_igm,VILA RICA,1,1,0,0.0,0.0,0.0,0.0,0.04660449394707213
varicela_herpes_zoster_varicela_zoster_biologia_molecular,ALTA FLORESTA,1,2,0,0.0,0.0,0.0,0.0,0.0
varicela_herpes_zoster_varicela_zoster_biologia_molecular,ARENAPOLIS,1,1,0,0.0,0.0,0.0,0.0,0.0
varicela_herpes_zoster_varicela_zoster_biologia_molecular,BARRA DO GARCAS,1,1,0,0.0,0.0,0.0,0.0,0.0
varicela_herpes_zoster_varicela_zoster_biologia_molecular,CANARANA,1,1,0,0.0,0.0,0.0,,0.0
varicela_herpes_zoster_varicela_zoster_biologia_molecular,CUIABA,14,27,0,0.0,0.0,0.0,0.0,1.25
varicela_herpes_zoster_varicela_zoster_biologia_molecular,ITAITUBA,1,2,0,0.0,0.0,0.0,,0.0
varicela_herpes_zoster_varicela_zoster_biologia_molecular,LUCAS DO RIO VERDE,1,3,0,0.0,0.0,0.0,,0.0
varicela_herpes_zoster_varicela_zoster_biologia_molecular,MATUPA,1,1,0,0.0,0.0,0.0,0.0,0.0
varicela_herpes_zoster_varicela_zoster_biologia_molecular,MIRASSOL D''OESTE,1,3,0,0.0,0.0,0.0,,0.0
varicela_herpes_zoster_varicela_zoster_biologia_molecular,NOVA MUTUM,1,2,0,0.0,0.0,0.0,,0.0
varicela_herpes_zoster_varicela_zoster_biologia_molecular,NOVA OLIMPIA,2,4,0,0.0,0.0,0.0,0.0,0.0
varicela_herpes_zoster_varicela_zoster_biologia_molecular,PINHEIRO,1,1,0,0.0,0.0,0.0,,0.0
varicela_herpes_zoster_varicela_zoster_biologia_molecular,PONTES E LACERDA,1,2,0,0.0,0.0,0.0,0.0,0.0
varicela_herpes_zoster_varicela_zoster_biologia_molecular,SINOP,1,1,0,0.0,0.0,0.0,0.0,0.0
varicela_herpes_zoster_varicela_zoster_biologia_molecular,TERRA NOVA DO NORTE,1,1,0,0.0,0.0,0.0,,0.0
varicela_herpes_zoster_varicela_zoster_biologia_molecular,VARZEA GRANDE,6,12,0,0.0,0.0,0.0,0.0,0.43301270189221935
varicela_zoster_biologia_molecular,ARAPUTANGA,1,1,0,0.0,0.0,0.0,0.0,0.0
varicela_zoster_biologia_molecular,CAMPO NOVO DO PARECIS,2,2,1,0.0,0.0,0.5,1.0410810585712202,0.2698
varicela_zoster_biologia_molecular,CLAUDIA,1,4,0,0.0,0.0,0.0,0.0,0.0
varicela_zoster_biologia_molecular,COLIDER,1,1,0,0.0,0.0,0.0,0.0,0.0
varicela_zoster_biologia_molecular,CUIABA,7,11,5,0.0,0.0,0.42857142857142855,0.10564418868221129,0.7394450166573326
varicela_zoster_biologia_molecular,SORRISO,1,1,0,0.0,0.0,0.0,0.0,0.0
varicela_zoster_biologia_molecular,TABAPORA,2,6,6,0.0,0.0,1.0,30.205396697543293,0.30352500000000004
varicela_zoster_biologia_molecular,TANGARA DA SERRA,1,1,1,0.0,0.0,1.0,0.9045762512550996,0.0
varicela_zoster_biologia_molecular,VARZEA GRANDE,3,11,7,0.0,0.0,0.5833333333333334,0.7504103136393506,1.68625
variola,ACORIZAL,1,2,0,0.0,0.0,0.0,0.0,0.03850080940315332
variola,AGUA BOA,2,2,1,0.0,0.0,0.5,1.711215305109689,0.2698
variola,ALTAMIRA,1,1,0,0.0,0.0,0.0,,0.0
variola,ARAPUTANGA,1,2,0,0.0,0.0,0.0,0.0,0.0
variola,BACABAL,1,1,0,0.0,0.0,0.0,,0.0
variola,BARRA DO GARCAS,9,23,5,0.0,0.0,0.16666666666666666,0.8027099487871053,1.3852577554195744
variola,CACERES,1,2,1,0.0,0.0,0.5,1.1150633913537984,0.01077642877252243
variola,CAMPO NOVO DO PARECIS,14,30,4,0.0,0.0,0.1130952380952381,0.6224847724662536,1.4218480811461138
variola,CAMPO VERDE,5,8,1,0.0,0.0,0.2,0.44858136144443195,0.7999999999999999
variola,CAMPOS DE JULIO,1,1,0,0.0,0.0,0.0,0.0,0.0
variola,CARLINDA,2,6,2,0.0,0.0,0.5,9.67866821525358,0.2892830236486487
variola,CLAUDIA,1,4,0,0.0,0.0,0.0,0.0,0.0
variola,COLIDER,2,3,0,0.0,0.0,0.0,0.0,0.168625
variola,COMODORO,3,5,0,0.0,0.0,0.0,0.0,0.17677669529663684
variola,CUIABA,29,114,77,0.0,0.0,0.4858635617256307,0.40754200675933383,1.9780250000000001
variola,DIAMANTINO,1,2,0,0.0,0.0,0.0,0.0,0.0
variola,GUARANTA DO NORTE,1,1,1,0.0,0.0,1.0,3.2233109850438373,0.0
variola,ITIQUIRA,1,2,0,0.0,0.0,0.0,0.0,0.00106340090090095
variola,JANGADA,1,1,0,0.0,0.0,0.0,0.0,0.056065913569820006
variola,JUSCIMEIRA,1,1,0,0.0,0.0,0.0,0.0,0.0
variola,LUCAS DO RIO VERDE,4,14,0,0.0,0.0,0.0,0.0,0.14433756729740646
variola,MANAUS,1,1,0,0.0,0.0,0.0,,0.0
variola,MIRASSOL D''OESTE,2,2,0,0.0,0.0,0.0,,0.0
variola,NOVA BRASILANDIA,1,1,0,0.0,0.0,0.0,0.0,0.04917279701576588
variola,NOVA MUTUM,7,11,3,0.0,0.0,0.2857142857142857,0.7675127215233591,0.9641896142669525
variola,NOVA UBIRATA,1,2,0,0.0,0.0,0.0,0.0,0.0172992539414415
variola,NOVA XAVANTINA,2,6,4,0.0,0.0,0.5,8.215239268843705,0.43842499999999995
variola,NOVO MUNDO,2,3,2,0.0,0.0,0.5,15.337423312883436,0.4506730996621622
variola,OLHO D''AGUA GRANDE,1,1,0,0.0,0.0,0.0,,0.0
variola,PACARAIMA,1,2,0,0.0,0.0,0.0,,0.0
variola,PARAGUACU PAULISTA,1,1,0,0.0,0.0,0.0,,0.0
variola,PARANATINGA,1,1,0,0.0,0.0,0.0,0.0,0.02608180602477483
variola,PEIXOTO DE AZEVEDO,2,4,0,0.0,0.0,0.0,0.0,0.02064137105855867
variola,POCONE,1,2,0,0.0,0.0,0.0,0.0,0.06830926590653164
variola,PONTES E LACERDA,3,4,0,0.0,0.0,0.0,0.0,0.3535533905932738
variola,PORTO ESPERIDIAO,2,4,1,0.0,0.0,0.5,4.900039200313603,0.3245081784909911
variola,POXOREO,2,3,3,0.0,0.0,1.0,,0.168625
variola,PRIMAVERA DO LESTE,2,2,1,0.0,0.0,0.5,0.5872266459962887,0.2698
variola,QUERENCIA,4,9,0,0.0,0.0,0.0,0.0,0.33725
variola,RONDONOPOLIS,2,4,1,0.0,0.0,0.16666666666666666,0.20415579537056316,0.43842499999999995
variola,ROSARIO OESTE,1,1,0,0.0,0.0,0.0,0.0,0.06282135768581094
variola,SANTA CARMEM,1,2,0,0.0,0.0,0.0,0.0,0.0
variola,SANTO ANTONIO DO LEVERGER,1,1,1,0.0,0.0,1.0,6.559097468188377,0.07961264780405415
variola,SAO FELIX DO ARAGUAIA,2,2,1,0.0,0.0,0.5,3.6708024374128185,0.4324718538851352
variola,SAPEZAL,5,14,0,0.0,0.0,0.0,0.0,0.168625
variola,SINOP,8,25,8,0.0,0.0,0.2708333333333333,0.5093932108072864,1.8173982228751533
variola,SORRISO,3,7,2,0.0,0.0,0.16666666666666666,0.6025820641448608,0.9029354249492381
variola,TABAPORA,3,8,0,0.0,0.0,0.0,0.0,0.3535533905932738
variola,TANGARA DA SERRA,12,29,9,0.0,0.0,0.25833333333333336,0.7046620440836575,1.1856816026710886
variola,TAPURAH,3,4,0,0.0,0.0,0.0,0.0,0.3535533905932738
variola,UMUARAMA,1,1,0,0.0,0.0,0.0,,0.0
variola,VARZEA GRANDE,21,85,41,0.0,0.0,0.41609977324263037,0.6506244884266599,1.7700541666666667
virus_respiratorios,ACORIZAL,1,2,0,0.0,0.0,0.0,0.0,0.03850080940315332
virus_respiratorios,APARECIDA DE GOIANIA,1,1,1,0.0,0.0,1.0,,0.0
virus_respiratorios,AVELINO LOPES,1,1,0,0.0,0.0,0.0,,0.0
virus_respiratorios,BARAO DE MELGACO,1,1,0,0.0,0.0,0.0,0.0,0.5
virus_respiratorios,BARRA DO BUGRES,1,1,0,0.0,0.0,0.0,0.0,0.0017327737894144602
virus_respiratorios,BOA VISTA,2,2,0,0.0,0.0,0.0,,0.0
virus_respiratorios,BOCA DO ACRE,1,1,0,0.0,0.0,0.0,,0.0
virus_respiratorios,BREJINHO,1,1,0,0.0,0.0,0.0,,0.0
virus_respiratorios,CACERES,1,3,0,0.0,0.0,0.0,0.0,0.01077642877252243
virus_respiratorios,CAMPINAPOLIS,2,2,0,0.0,0.0,0.0,0.0,0.27897658009572107
virus_respiratorios,CAMPO GRANDE,1,1,0,0.0,0.0,0.0,,0.0
virus_respiratorios,CAMPO NOVO DO PARECIS,5,5,0,0.0,0.0,0.0,0.0,0.0
virus_respiratorios,CAXIAS,1,1,0,0.0,0.0,0.0,,0.0
virus_respiratorios,CHAPADA DOS GUIMARAES,2,2,0,0.0,0.0,0.0,0.0,0.03629330306869366
virus_respiratorios,COLATINA,1,1,0,0.0,0.0,0.0,,0.0
virus_respiratorios,COLNIZA,1,1,0,0.0,0.0,0.0,0.0,0.15800048564189215
virus_respiratorios,COMODORO,1,3,0,0.0,0.0,0.0,0.0,0.0
virus_respiratorios,CUIABA,34,264,10,0.0,0.0,0.03951106083459025,0.04350054828091053,1.5598386676965934
virus_respiratorios,CURITIBA,1,1,0,0.0,0.0,0.0,,0.0
virus_respiratorios,FRANCO DA ROCHA,1,1,0,0.0,0.0,0.0,,0.0
virus_respiratorios,GAUCHA DO NORTE,1,3,0,0.0,0.0,0.0,0.0,0.07570559895833356
virus_respiratorios,GUARANTA DO NORTE,1,1,0,0.0,0.0,0.0,0.0,0.0
virus_respiratorios,IPIRA,1,1,0,0.0,0.0,0.0,,0.0
virus_respiratorios,ITAPETIM,1,1,0,0.0,0.0,0.0,,0.0
virus_respiratorios,JAURU,1,1,0,0.0,0.0,0.0,0.0,0.00011868313626129
virus_respiratorios,JUINA,2,2,0,0.0,0.0,0.0,0.0,0.0
virus_respiratorios,LAMBARI D''OESTE,1,1,0,0.0,0.0,0.0,,0.0
virus_respiratorios,MIRASSOL D''OESTE,1,3,0,0.0,0.0,0.0,,0.0
virus_respiratorios,MUCURI,1,1,0,0.0,0.0,0.0,,0.0
virus_respiratorios,NORTELANDIA,1,1,0,0.0,0.0,0.0,0.0,0.0
virus_respiratorios,NOVA MUTUM,1,1,0,0.0,0.0,0.0,0.0,0.0
virus_respiratorios,NOVA NAZARE,3,6,0,0.0,0.0,0.0,0.0,0.28947291666666697
virus_respiratorios,NOVO PROGRESSO,1,1,0,0.0,0.0,0.0,,0.0
virus_respiratorios,OURO FINO,1,1,1,0.0,0.0,1.0,,0.0
virus_respiratorios,PACARAIMA,2,2,0,0.0,0.0,0.0,,0.0
virus_respiratorios,PIMENTA BUENO,1,1,0,0.0,0.0,0.0,,0.0
virus_respiratorios,POCONE,1,2,0,0.0,0.0,0.0,0.0,0.06830926590653164
virus_respiratorios,PONTES E LACERDA,1,1,0,0.0,0.0,0.0,0.0,0.0
virus_respiratorios,SANTAREM,1,1,0,0.0,0.0,0.0,,0.0
virus_respiratorios,SANTO ANTONIO DO LESTE,1,3,0,0.0,0.0,0.0,0.0,0.00947566159909919
virus_respiratorios,SAO FRANCISCO DO PARA,1,1,0,0.0,0.0,0.0,,0.0
virus_respiratorios,SAO JULIAO,1,1,1,0.0,0.0,1.0,,0.0
virus_respiratorios,SAO RAIMUNDO NONATO,1,1,0,0.0,0.0,0.0,,0.0
virus_respiratorios,SINOP,2,2,0,0.0,0.0,0.0,0.0,0.0
virus_respiratorios,TANGARA DA SERRA,1,1,0,0.0,0.0,0.0,0.0,0.0
virus_respiratorios,TAPURAH,1,1,1,0.0,0.0,1.0,6.7240451855836465,0.0
virus_respiratorios,TELEMACO BORBA,1,1,0,0.0,0.0,0.0,,0.0
virus_respiratorios,TERESINA,1,1,0,0.0,0.0,0.0,,0.0
virus_respiratorios,UNIAO DO SUL,2,2,0,0.0,0.0,0.0,0.0,0.00187994087837845
virus_respiratorios,VARZEA GRANDE,33,128,2,0.0,0.0,0.00984848484848485,0.01949117697764547,2.376968087566157
virus_respiratorios,VILHENA,1,1,0,0.0,0.0,0.0,,0.0
zika,ACORIZAL,5,7,0,0.0,0.0,0.0,0.0,0.34468702725105066
zika,AGUA BOA,12,37,0,0.0,0.0,0.0,0.0,1.25
zika,ALDEIAS ALTAS,1,1,0,0.0,0.0,0.0,,0.0
zika,ALMEIRIM,1,2,0,0.0,0.0,0.0,,0.0
zika,ALTA FLORESTA,70,205,55,113.0,0.0,0.19726190476190478,1.5073043882797794,2.737998169177993
zika,ALTAMIRA,1,1,1,0.0,0.0,1.0,,0.0
zika,ALTO BOA VISTA,2,29,0,0.0,0.0,0.0,0.0,0.36656948198198214
zika,ALTO GARCAS,4,6,0,0.0,0.0,0.0,0.0,0.168625
zika,ALTO PARAGUAI,1,1,0,0.0,0.0,0.0,0.0,0.0542049619932434
zika,ALTO TAQUARI,2,4,0,2.0,0.0,0.0,0.0,0.101175
zika,APIACAS,1,2,0,0.0,0.0,0.0,0.0,0.00506539625563067
zika,AQUIDAUANA,1,4,0,0.0,0.0,0.0,,0.0
zika,ARAPIRACA,1,1,0,0.0,0.0,0.0,,0.0
zika,ARAPUTANGA,47,410,1,10.0,0.0,0.02127659574468085,0.12458482108373846,2.200971957998465
zika,ARARI,1,1,0,0.0,0.0,0.0,,0.0
zika,ARENAPOLIS,14,64,0,0.0,0.0,0.0,0.0,1.25
zika,ARIPUANA,6,9,2,0.0,0.0,0.25,1.3305657056930829,0.7367390039794793
zika,ASSIS BRASIL,1,2,0,0.0,0.0,0.0,,0.0
zika,ASSIS CHATEAUBRIAND,1,1,0,0.0,0.0,0.0,,0.0
zika,AUGUSTO CORREA,1,2,0,0.0,0.0,0.0,,0.0
zika,BACABAL,1,1,0,0.0,0.0,0.0,,0.0
zika,BALSAS,1,1,0,0.0,0.0,0.0,,0.0
zika,BARAO DE GRAJAU,1,2,0,0.0,0.0,0.0,,0.0
zika,BARAO DE MELGACO,7,12,0,0.0,0.0,0.0,0.0,0.658113883008419
zika,BARRA DE SANTO ANTONIO,1,2,0,0.0,0.0,0.0,,0.0
zika,BARRA DO BUGRES,6,6,0,1.0,0.0,0.0,0.0,0.3371429704143829
zika,BARRA DO CORDA,1,1,0,0.0,0.0,0.0,,0.0
zika,BARRA DO GARCAS,21,66,2,6.0,0.0,0.04931972789115647,0.17470300489168414,1.8324176148832918
zika,BARREIRAS,1,4,0,0.0,0.0,0.0,,0.0
zika,BEBERIBE,1,1,0,0.0,0.0,0.0,,0.0
zika,BELO HORIZONTE,3,4,0,0.0,0.0,0.0,,0.3535533905932738
zika,BOA VISTA,5,12,1,0.0,0.0,0.1,,0.5
zika,BOM JESUS DAS SELVAS,1,1,0,0.0,0.0,0.0,,0.0
zika,BRASILIA,3,5,0,0.0,0.0,0.0,,0.17677669529663684
zika,BRASNORTE,2,3,1,0.0,0.0,0.25,2.9404845918607387,0.43842499999999995
zika,BREJO,1,1,0,0.0,0.0,0.0,,0.0
zika,BRITANIA,1,1,0,0.0,0.0,0.0,,0.0
zika,BURITI BRAVO,1,1,0,0.0,0.0,0.0,,0.0
zika,CACERES,76,1267,72,644.0,0.0,0.1300203634085213,0.36239217770159127,2.0107764287725223
zika,CAMPINAPOLIS,15,27,0,5.0,0.0,0.0,0.0,0.9649709206657564
zika,CAMPO GRANDE,10,12,0,0.0,0.0,0.0,,0.5
zika,CAMPO NOVO DE RONDONIA,1,1,0,0.0,0.0,0.0,,0.0
zika,CAMPO NOVO DO PARECIS,119,785,21,53.0,0.0,0.07478991596638655,0.5260488170865155,3.2296866874777157
zika,CAMPO VERDE,41,158,8,21.0,0.0,0.11788617886178861,0.4695344989257074,1.3380938866672936
zika,CAMPOS DE JULIO,4,4,0,0.0,0.0,0.0,0.0,0.0
zika,CANABRAVA DO NORTE,2,2,1,1.0,0.0,0.5,11.148272017837236,0.4662728110923424
zika,CANARANA,20,39,2,95.0,0.0,0.058333333333333334,0.3623747097380412,1.4766590493599119
zika,CANTA,1,2,0,0.0,0.0,0.0,,0.0
zika,CAPINZAL,2,3,0,0.0,0.0,0.0,,0.168625
zika,CARAPICUIBA,1,1,0,0.0,0.0,0.0,,0.0
zika,CARLINDA,3,4,0,0.0,0.0,0.0,0.0,0.3730364142419225
zika,CAROEBE,1,2,1,0.0,0.0,0.5,,0.0
zika,CASTANHAL,2,6,0,0.0,0.0,0.0,,0.168625
zika,CASTANHEIRA,1,3,0,0.0,0.0,0.0,0.0,0.0
zika,CATANDUVAS,1,1,0,0.0,0.0,0.0,,0.0
zika,CAUCAIA,1,1,0,0.0,0.0,0.0,,0.0
zika,CAXIAS,1,2,1,0.0,0.0,0.5,,0.0
zika,CHAPADA DOS GUIMARAES,91,1421,9,68.0,0.0,0.04487179487179487,0.5456216624890521,2.036293303068694
zika,CHAPADAO DO SUL,1,1,0,0.0,0.0,0.0,,0.0
zika,CHAPECO,1,1,0,0.0,0.0,0.0,,0.0
zika,CHUPINGUAIA,1,2,0,0.0,0.0,0.0,,0.0
zika,CLAUDIA,5,6,0,0.0,0.0,0.0,0.0,0.49999999999999994
zika,COCALINHO,1,2,0,0.0,0.0,0.0,0.0,0.15397950098536037
zika,COLIDER,42,114,10,8.0,0.0,0.0782312925170068,0.7283764807371335,1.71202941725196
zika,COLINAS DO TOCANTINS,1,1,0,0.0,0.0,0.0,,0.0
zika,COLNIZA,12,22,1,1.0,0.0,0.041666666666666664,0.34618846500034617,1.5655843746216378
zika,CONCEICAO DE MACABU,1,2,0,0.0,0.0,0.0,,0.0
zika,CONCEICAO DO ARAGUAIA,1,1,0,0.0,0.0,0.0,,0.0
zika,CONFRESA,10,15,0,4.0,0.0,0.0,0.0,0.7256183014603276
zika,CONQUISTA D''OESTE,4,19,0,0.0,0.0,0.0,,0.168625
zika,CORUMBA,5,5,0,0.0,0.0,0.0,,0.0
zika,CORUMBIARA,1,1,0,0.0,0.0,0.0,,0.0
zika,COSTA MARQUES,1,1,0,0.0,0.0,0.0,,0.0
zika,COTRIGUACU,1,1,0,0.0,0.0,0.0,0.0,0.10213395974099129
zika,CUIABA,238,4956,114,65.0,0.0,0.08810824639453305,0.08270287780232928,2.6530711130717473
zika,CURITIBA,1,1,0,0.0,0.0,0.0,,0.0
zika,CURITIBANOS,1,1,0,0.0,0.0,0.0,,0.0
zika,CURVELANDIA,9,62,0,1.0,0.0,0.0,0.0,1.1241666666666668
zika,DENISE,7,27,0,0.0,0.0,0.0,0.0,1.180375
zika,DIAMANTINO,19,38,0,0.0,0.0,0.0,0.0,0.6745
zika,DOM AQUINO,3,5,0,4.0,0.0,0.0,0.0,0.3889087296526011
zika,DOURADOS,3,12,0,0.0,0.0,0.0,,1.180375
zika,ERECHIM,2,2,0,0.0,0.0,0.0,,0.0
zika,FELIZ NATAL,9,21,0,1.0,0.0,0.0,0.0,0.6407116072277476
zika,FIGUEIROPOLIS D''OESTE,2,2,0,0.0,0.0,0.0,,0.0
zika,FLORIANOPOLIS,1,1,0,0.0,0.0,0.0,,0.0
zika,FORTALEZA,1,1,0,0.0,0.0,0.0,,0.0
zika,FRANCISCO BELTRAO,1,1,0,0.0,0.0,0.0,,0.0
zika,GAUCHA DO NORTE,3,4,0,0.0,0.0,0.0,0.0,0.42925898955160735
zika,GENERAL CARNEIRO,2,5,1,0.0,0.0,0.5,8.077544426494347,0.3516533854166666
zika,GLORIA D''OESTE,2,6,0,0.0,0.0,0.0,,0.168625
zika,GOIANIA,4,5,0,0.0,0.0,0.0,,0.43301270189221935
zika,GOVERNADOR LUIZ ROCHA,1,1,0,0.0,0.0,0.0,,0.0
zika,GOVERNADOR NUNES FREIRE,1,2,0,0.0,0.0,0.0,,0.0
zika,GRANJA,1,1,0,0.0,0.0,0.0,,0.0
zika,GUAJARA-MIRIM,1,1,0,0.0,0.0,0.0,,0.0
zika,GUARANTA DO NORTE,45,79,21,80.0,0.0,0.18888888888888888,1.3025864872251427,1.86969952628657
zika,GUARULHOS,3,4,0,0.0,0.0,0.0,,0.3535533905932738
zika,GUIRATINGA,1,1,1,0.0,0.0,1.0,9.317927692881103,0.017114108248873782
zika,ICARA,1,2,0,0.0,0.0,0.0,,0.0
zika,IGUATEMI,1,1,0,0.0,0.0,0.0,,0.0
zika,INDAIAL,1,4,0,0.0,0.0,0.0,,0.0
zika,INDIAVAI,4,15,0,0.0,0.0,0.0,0.0,0.1963019073761262
zika,IPAMERI,1,1,0,0.0,0.0,0.0,,0.0
zika,IPIAU,1,1,0,0.0,0.0,0.0,,0.0
zika,IPIRANGA DO NORTE,1,2,0,0.0,0.0,0.0,0.0,0.0
zika,IPIXUNA,1,2,0,0.0,0.0,0.0,,0.0
zika,IRITUIA,1,1,0,0.0,0.0,0.0,,0.0
zika,ITAITUBA,1,1,0,0.0,0.0,0.0,,0.0
zika,ITAJAI,1,2,0,0.0,0.0,0.0,,0.0
zika,ITANHANGA,3,7,0,0.0,0.0,0.0,0.0,0.33725
zika,ITAPECURU MIRIM,1,2,0,0.0,0.0,0.0,,0.0
zika,ITAPEMA,1,1,0,0.0,0.0,0.0,,0.0
zika,ITAPURA,1,1,0,0.0,0.0,0.0,,0.0
zika,ITAUBA,6,11,0,94.0,0.0,0.0,0.0,0.8618033988749896
zika,ITAUNA,1,2,0,0.0,0.0,0.0,,0.0
zika,ITIQUIRA,3,11,0,5.0,0.0,0.0,0.0,0.1778400961975379
zika,IVAIPORA,2,3,0,0.0,0.0,0.0,,0.168625
zika,JACIARA,9,18,0,1.0,0.0,0.0,0.0,0.6396021490668312
zika,JANGADA,10,23,1,1.0,0.0,0.05,1.3489815189531904,1.2560659135698202
zika,JARDINOPOLIS,1,1,0,0.0,0.0,0.0,,0.0
zika,JARU,1,1,0,0.0,0.0,0.0,,0.0
zika,JAURU,1,1,0,1.0,0.0,0.0,0.0,0.00011868313626129
zika,JI-PARANA,4,6,0,0.0,0.0,0.0,,0.168625
zika,JOAQUIM GOMES,1,1,0,0.0,0.0,0.0,,0.0
zika,JOINVILLE,1,1,0,0.0,0.0,0.0,,0.0
zika,JUARA,11,18,1,12.0,0.0,0.045454545454545456,0.3183152211972472,1.1981409569829142
zika,JUINA,7,9,0,0.0,0.0,0.0,0.0,0.39528470752104733
zika,JUNDIAI,1,1,0,0.0,0.0,0.0,,0.0
zika,JURUENA,4,6,0,0.0,0.0,0.0,0.0,0.23211573057432439
zika,JUSCIMEIRA,1,2,1,0.0,0.0,0.5,8.579272477693891,0.0
zika,LAMBARI D''OESTE,5,32,0,0.0,0.0,0.0,,1.25
zika,LENCOIS,1,1,0,0.0,0.0,0.0,,0.0
zika,LUCAS DO RIO VERDE,53,97,13,6.0,0.0,0.12578616352201258,0.30796060498750566,1.650540015649857
zika,LUIS ANTONIO,1,1,0,0.0,0.0,0.0,,0.0
zika,LUIZIANIA,2,4,0,0.0,0.0,0.0,,0.0
zika,MACEIO,1,2,0,0.0,0.0,0.0,,0.0
zika,MACHADINHO D''OESTE,1,1,0,0.0,0.0,0.0,,0.0
zika,MANAUS,6,16,0,0.0,0.0,0.0,,1.25
zika,MARABA,1,2,0,0.0,0.0,0.0,,0.0
zika,MARACAJU,3,3,0,0.0,0.0,0.0,,0.0
zika,MARCELANDIA,73,308,93,38.0,0.0,0.16431157629787768,12.65343307334697,2.539735533686076
zika,MARIALVA,1,2,0,0.0,0.0,0.0,,0.0
zika,MARINGA,5,10,0,0.0,0.0,0.0,,0.33725
zika,MATUPA,21,51,9,5.0,0.0,0.1468253968253968,2.736271829544498,2.157273489529828
zika,MIGUEL ALVES,1,1,0,0.0,0.0,0.0,,0.0
zika,MINEIROS,1,1,0,0.0,0.0,0.0,,0.0
zika,MINISTRO ANDREAZZA,1,1,0,0.0,0.0,0.0,,0.0
zika,MIRASSOL D''OESTE,17,44,3,0.0,0.0,0.06372549019607843,,0.6041713676388963
zika,NITEROI,1,1,0,0.0,0.0,0.0,,0.0
zika,NOBRES,14,26,2,2.0,0.0,0.05357142857142857,1.1647475974572017,1.4113748821209573
zika,NORTELANDIA,1,2,0,0.0,0.0,0.0,0.0,0.0
zika,NOSSA SENHORA DO LIVRAMENTO,30,58,7,76.0,0.0,0.12222222222222222,1.843037755717842,1.7006804054054057
zika,NOVA BANDEIRANTES,4,9,0,0.0,0.0,0.0,0.0,0.7019300464527028
zika,NOVA BRASILANDIA D''OESTE,1,1,0,0.0,0.0,0.0,,0.0
zika,NOVA CANAA DO NORTE,7,15,2,0.0,0.0,0.11904761904761904,2.588795692243968,0.6767354836084838
zika,NOVA CANAA PAULISTA,2,2,0,0.0,0.0,0.0,,0.0
zika,NOVA FATIMA,1,2,0,0.0,0.0,0.0,,0.0
zika,NOVA GUARITA,8,63,11,1.0,0.0,0.04926470588235294,31.200363058770137,2.2753687475745994
zika,NOVA IPIXUNA,1,1,0,0.0,0.0,0.0,,0.0
zika,NOVA LACERDA,4,4,0,1.0,0.0,0.0,0.0,0.29324303428285425
zika,NOVA MARILANDIA,3,6,1,0.0,0.0,0.16666666666666666,8.934155275618691,0.5656854249492381
zika,NOVA MARINGA,2,7,0,0.0,0.0,0.0,0.0,0.19428429405968475
zika,NOVA MONTE VERDE,2,4,2,0.0,0.0,0.5,11.236521054702873,0.14191179969031537
zika,NOVA MUTUM,20,54,1,41.0,0.0,0.025,0.10368711376550122,1.7435595774162695
zika,NOVA OLIMPIA,7,13,0,0.0,0.0,0.0,0.0,0.3952847075210474
zika,NOVA SANTA HELENA,55,280,38,10.0,0.0,0.1386842105263158,18.067997950447676,2.034093500060507
zika,NOVA UBIRATA,3,4,0,0.0,0.0,0.0,0.0,0.3708526445347153
zika,NOVA XAVANTINA,7,16,0,74.0,0.0,0.0,0.0,0.7135474356957946
zika,NOVO HORIZONTE DO NORTE,7,20,0,2.0,0.0,0.0,0.0,0.3699063126280624
zika,NOVO MUNDO,7,9,2,0.0,0.0,0.2857142857142857,2.993339818902941,0.6447036316958382
zika,NOVO REPARTIMENTO,2,4,0,0.0,0.0,0.0,,0.0
zika,OSORIO,2,4,0,0.0,0.0,0.0,,0.0
zika,OURO PRETO DO OESTE,1,1,0,0.0,0.0,0.0,,0.0
zika,PACARAIMA,4,6,0,0.0,0.0,0.0,,0.168625
zika,PALMEIRA DOS INDIOS,1,1,0,0.0,0.0,0.0,,0.0
zika,PALMEIRAS DE GOIAS,1,4,0,0.0,0.0,0.0,,0.0
zika,PAO DE ACUCAR,1,1,0,0.0,0.0,0.0,,0.0
zika,PARANAITA,1,2,0,0.0,0.0,0.0,,0.0
zika,PARANATINGA,5,10,1,0.0,0.0,0.1,0.8602150537634408,0.8260818060247748
zika,PARANAVAI,1,2,0,0.0,0.0,0.0,,0.0
zika,PARAUAPEBAS,1,1,0,0.0,0.0,0.0,,0.0
zika,PEDRA PRETA,8,20,0,1.0,0.0,0.0,0.0,0.48117519665968855
zika,PEIXOTO DE AZEVEDO,10,30,1,0.0,0.0,0.1,0.2801512816921138,1.2706413710585587
zika,PETROLINA,1,1,0,0.0,0.0,0.0,,0.0
zika,PINHEIRO,1,1,0,0.0,0.0,0.0,,0.0
zika,PLANALTO DA SERRA,2,2,1,0.0,0.0,0.5,15.489467162329616,0.32287984586148655
zika,POCONE,23,46,0,9.0,0.0,0.0,0.0,1.6507316000623027
zika,PONTA PORA,1,1,1,0.0,0.0,1.0,,0.0
zika,PONTES E LACERDA,44,210,10,398.0,0.0,0.09545454545454546,0.4840808830929622,2.0
zika,PORTO ACRE,1,4,0,0.0,0.0,0.0,,0.0
zika,PORTO ALEGRE DO NORTE,1,1,0,0.0,0.0,0.0,0.0,0.08777804757882886
zika,PORTO ESPERIDIAO,10,53,3,0.0,0.0,0.125,1.0266097240473062,0.9559626444715348
zika,PORTO ESTRELA,1,2,0,0.0,0.0,0.0,0.0,0.10080470861486512
zika,PORTO NACIONAL,1,1,0,0.0,0.0,0.0,,0.0
zika,PORTO VELHO,5,7,0,0.0,0.0,0.0,,0.30618621784789735
zika,POXOREO,5,11,0,0.0,0.0,0.0,,0.45927932677184585
zika,PRIMAVERA DO LESTE,57,665,113,8.0,0.0,0.1189321972394077,2.9919501704167333,2.3920341962632197
zika,QUEBRANGULO,1,1,0,0.0,0.0,0.0,,0.0
zika,QUERENCIA,58,400,33,22.0,0.0,0.054447139621822016,2.128311570415427,3.159190956903055
zika,QUIRINOPOLIS,1,2,0,0.0,0.0,0.0,,0.0
zika,REGENTE FEIJO,2,4,0,0.0,0.0,0.0,,0.0
zika,RIBEIRAO CASCALHEIRA,4,5,0,0.0,0.0,0.0,0.0,0.5410570818190212
zika,RIO BRANCO,9,21,0,0.0,0.0,0.0,0.0,0.8573669763513514
zika,RIO DE JANEIRO,1,1,0,0.0,0.0,0.0,,0.0
zika,RIO VERDE,1,1,0,0.0,0.0,0.0,,0.0
zika,RONDONOPOLIS,63,211,5,35.0,0.0,0.03968253968253968,0.03338963412905877,1.7387532936081782
zika,ROSANA,1,1,0,0.0,0.0,0.0,,0.0
zika,ROSARIO OESTE,19,51,1,5.0,0.0,0.02631578947368421,0.34604111660547504,1.7113494951096682
zika,SALTO DO CEU,4,12,0,0.0,0.0,0.0,0.0,0.4632223073961609
zika,SALVADOR,1,1,0,0.0,0.0,0.0,,0.0
zika,SANTA MARIA,2,2,1,0.0,0.0,0.5,,0.1349
zika,SANTA MARIANA,1,2,0,0.0,0.0,0.0,,0.0
zika,SANTA RITA DO TRIVELATO,1,2,0,0.0,0.0,0.0,0.0,0.0
zika,SANTA TEREZINHA,1,1,0,0.0,0.0,0.0,0.0,0.17831903856982004
zika,SANTANA DO IPANEMA,1,1,0,0.0,0.0,0.0,,0.0
zika,SANTAREM,3,8,0,0.0,0.0,0.0,,0.3535533905932738
zika,SANTO AFONSO,1,1,0,0.0,0.0,0.0,0.0,0.0
zika,SANTO ANTONIO DO LESTE,1,2,0,0.0,0.0,0.0,0.0,0.00947566159909919
zika,SANTO ANTONIO DO LEVERGER,39,92,20,5.0,0.0,0.13995726495726496,3.0816141115637925,2.7511886510408634
zika,SANTO ANTONIO DOS LOPES,3,8,0,0.0,0.0,0.0,,0.3535533905932738
zika,SAO FELIX DO ARAGUAIA,2,3,0,0.0,0.0,0.0,0.0,0.3312968538851352
zika,SAO JOAO DA BALIZA,1,1,0,0.0,0.0,0.0,,0.0
zika,SAO JOSE DO RIO CLARO,6,11,0,3.0,0.0,0.0,0.0,0.4063975506935793
zika,SAO JOSE DO XINGU,2,4,0,0.0,0.0,0.0,0.0,0.10040118595157664
zika,SAO JOSE DOS QUATRO MARCOS,12,46,5,2.0,0.0,0.16666666666666666,2.2177276275636935,0.7865524492175697
zika,SAO LUIS DO QUITUNDE,1,1,0,0.0,0.0,0.0,,0.0
zika,SAO MIGUEL DO GUAMA,1,2,0,0.0,0.0,0.0,,0.0
zika,SAO PAULO,2,4,0,0.0,0.0,0.0,,0.168625
zika,SAO PEDRO DA CIPA,1,2,0,1.0,0.0,0.0,0.0,0.02677016821509017
zika,SAPEZAL,15,23,1,8.0,0.0,0.03333333333333333,0.23032983231988208,1.6853703078155937
zika,SAQUAREMA,1,1,0,0.0,0.0,0.0,,0.0
zika,SERRA,2,3,0,0.0,0.0,0.0,,0.168625
zika,SIDROLANDIA,1,2,0,0.0,0.0,0.0,,0.0
zika,SINOP,93,562,9,479.0,0.0,0.0456989247311828,0.05890996405590511,2.0
zika,SOROCABA,2,3,0,0.0,0.0,0.0,,0.168625
zika,SORRISO,75,162,41,47.0,0.0,0.1936931216931217,0.5691608643474774,3.1020243888980676
zika,SUMARE,1,2,0,0.0,0.0,0.0,,0.0
zika,TABAPORA,3,12,0,0.0,0.0,0.0,0.0,0.168625
zika,TANGARA DA SERRA,104,773,24,54.0,0.0,0.07202886982298748,0.21434238654865437,2.106160397483057
zika,TAPURAH,11,21,1,0.0,0.0,0.045454545454545456,0.6326311127981274,1.264911064067352
zika,TEOFILO OTONI,1,1,0,0.0,0.0,0.0,,0.0
zika,TERRA NOVA DO NORTE,11,23,1,1.0,0.0,0.045454545454545456,1.1968021446694432,1.1981409569829142
zika,TESOURO,1,2,0,0.0,0.0,0.0,0.0,0.07822168144707219
zika,TOLEDO,1,1,0,0.0,0.0,0.0,,0.0
zika,TORIXOREU,1,3,0,0.0,0.0,0.0,0.0,0.03467921241554051
zika,TRAIRAO,1,4,0,0.0,0.0,0.0,,0.0
zika,TRES RIOS,1,1,0,0.0,0.0,0.0,,0.0
zika,TUBARAO,1,1,0,0.0,0.0,0.0,,0.0
zika,TUNTUM,1,1,0,0.0,0.0,0.0,,0.0
zika,UNIAO DO SUL,17,32,8,14.0,0.0,0.24509803921568624,13.434397680600046,1.122621996968686
zika,UNIAO DOS PALMARES,2,2,0,0.0,0.0,0.0,,0.0
zika,VARZEA GRANDE,193,3128,84,44.0,0.0,0.08706740675687859,0.15694445493954548,2.456314868645014
zika,VERA,16,146,3,3.0,0.0,0.018229166666666664,1.7428890128276628,1.8026953462117659
zika,VILA BELA DA SANTISSIMA TRINDADE,1,6,2,0.0,0.0,0.3333333333333333,,0.11178052505630645
zika,VILA NOVA DOS MARTIRIOS,2,4,0,0.0,0.0,0.0,,0.0
zika,VILA RICA,12,33,3,24.0,0.0,0.044444444444444446,1.2532584720272708,2.072302549896716
zika,VILHENA,1,2,0,0.0,0.0,0.0,,0.0
zika,VITORINO FREIRE,1,1,0,0.0,0.0,0.0,,0.0
zika,XINGUARA,1,2,1,0.0,0.0,0.5,,0.0
