municipio,target,epi_year,epi_week,metric,valor_atual,baseline_ma8,z_proxy,tipo_anomalia,severidade,acao_sugerida,modelo_versao
AGUA BOA,hepatite_a,2026,30,positividade,0.5,0.0625,7.0,alta_atipica,alta,Investigar pico atípico e validar capacidade laboratorial/vigilância.,baseline_v1
CANARANA,dengue,2026,28,positividade,0.5,0.0625,7.0,alta_atipica,alta,Investigar pico atípico e validar capacidade laboratorial/vigilância.,baseline_v1
CUIABA,toxoplasmose_rub_ola_igg,2025,39,positividade,1.0,0.125,7.0,alta_atipica,alta,Investigar pico atípico e validar capacidade laboratorial/vigilância.,baseline_v1
GOIANIA,tuberculose,2026,27,positividade,0.25,0.03125,7.0,alta_atipica,alta,Investigar pico atípico e validar capacidade laboratorial/vigilância.,baseline_v1
JURUENA,dengue,2026,12,positividade,1.0,0.125,7.0,alta_atipica,alta,Investigar pico atípico e validar capacidade laboratorial/vigilância.,baseline_v1
LAMBARI D''OESTE,chikungunya,2025,32,positividade,0.375,0.046875,7.0,alta_atipica,alta,Investigar pico atípico e validar capacidade laboratorial/vigilância.,baseline_v1
LAMBARI D''OESTE,dengue,2026,17,positividade,0.2,0.025,7.0,alta_atipica,alta,Investigar pico atípico e validar capacidade laboratorial/vigilância.,baseline_v1
NOSSA SENHORA DO LIVRAMENTO,tuberculose,2026,29,positividade,0.5,0.0625,7.0,alta_atipica,alta,Investigar pico atípico e validar capacidade laboratorial/vigilância.,baseline_v1
NOVO MUNDO,tuberculose,2026,29,positividade,1.0,0.125,7.0,alta_atipica,alta,Investigar pico atípico e validar capacidade laboratorial/vigilância.,baseline_v1
PACARAIMA,tuberculose,2026,29,positividade,0.5,0.0625,7.0,alta_atipica,alta,Investigar pico atípico e validar capacidade laboratorial/vigilância.,baseline_v1
VARZEA GRANDE,sifilis,2026,23,positividade,1.0,0.125,7.0,alta_atipica,alta,Investigar pico atípico e validar capacidade laboratorial/vigilância.,baseline_v1
NOVA SANTA HELENA,zika,2025,30,incidencia_100k,44.4247001332741,5.553087516659263,7.0,alta_atipica,alta,Investigar pico atípico e validar capacidade laboratorial/vigilância.,baseline_v1
APARECIDA DE GOIANIA,dengue,2025,43,positividade,0.3333333333333333,0.041666666666666664,6.999999999999999,alta_atipica,alta,Investigar pico atípico e validar capacidade laboratorial/vigilância.,baseline_v1
CAMPO VERDE,meningite,2026,30,positividade,0.3333333333333333,0.041666666666666664,6.999999999999999,alta_atipica,alta,Investigar pico atípico e validar capacidade laboratorial/vigilância.,baseline_v1
FOZ DO IGUACU,dengue,2025,27,positividade,0.6666666666666666,0.08333333333333333,6.999999999999999,alta_atipica,alta,Investigar pico atípico e validar capacidade laboratorial/vigilância.,baseline_v1
NOVA SANTA HELENA,zika,2025,30,positividade,0.3333333333333333,0.041666666666666664,6.999999999999999,alta_atipica,alta,Investigar pico atípico e validar capacidade laboratorial/vigilância.,baseline_v1
CUIABA,toxoplasmose_rub_ola_igg,2025,39,incidencia_100k,0.1445347786811201,0.018066847335140013,6.999999999999999,alta_atipica,alta,Investigar pico atípico e validar capacidade laboratorial/vigilância.,baseline_v1
DOURADOS,chikungunya,2025,27,positividade,0.5,0.07142857142857142,6.000000000000001,alta_atipica,alta,Investigar pico atípico e validar capacidade laboratorial/vigilância.,baseline_v1
LUCIARA,tuberculose,2026,28,positividade,1.0,0.14285714285714285,6.000000000000001,alta_atipica,alta,Investigar pico atípico e validar capacidade laboratorial/vigilância.,baseline_v1
NOBRES,zika,2026,28,positividade,0.25,0.03571428571428571,6.000000000000001,alta_atipica,alta,Investigar pico atípico e validar capacidade laboratorial/vigilância.,baseline_v1
NOVA BANDEIRANTES,chikungunya,2025,36,positividade,0.5,0.07142857142857142,6.000000000000001,alta_atipica,alta,Investigar pico atípico e validar capacidade laboratorial/vigilância.,baseline_v1
PARANAITA,paracoccidioidomicose_paracoccidioidomicose,2026,25,positividade,0.5,0.07142857142857142,6.000000000000001,alta_atipica,alta,Investigar pico atípico e validar capacidade laboratorial/vigilância.,baseline_v1
RONDONOPOLIS,leishmaniose,2026,23,positividade,1.0,0.14285714285714285,6.000000000000001,alta_atipica,alta,Investigar pico atípico e validar capacidade laboratorial/vigilância.,baseline_v1
NOVA MUTUM,hepatite_a,2026,21,positividade,0.6666666666666666,0.09523809523809523,6.0,alta_atipica,alta,Investigar pico atípico e validar capacidade laboratorial/vigilância.,baseline_v1
PORTO ESPERIDIAO,zika,2026,15,positividade,0.3333333333333333,0.047619047619047616,6.0,alta_atipica,alta,Investigar pico atípico e validar capacidade laboratorial/vigilância.,baseline_v1
NOVA BANDEIRANTES,chikungunya,2025,36,incidencia_100k,6.97350069735007,0.9962143853357243,6.0,alta_atipica,alta,Investigar pico atípico e validar capacidade laboratorial/vigilância.,baseline_v1
COLIDER,tuberculose,2026,30,positividade,1.0,0.15625,5.4,alta_atipica,alta,Investigar pico atípico e validar capacidade laboratorial/vigilância.,baseline_v1
ARAPUTANGA,zika,2025,39,positividade,1.0,0.1607142857142857,5.222222222222223,alta_atipica,alta,Investigar pico atípico e validar capacidade laboratorial/vigilância.,baseline_v1
APARECIDA DE GOIANIA,chikungunya,2025,28,positividade,1.0,0.16666666666666666,5.000000000000001,alta_atipica,alta,Investigar pico atípico e validar capacidade laboratorial/vigilância.,baseline_v1
CONQUISTA D''OESTE,tuberculose,2026,21,positividade,1.0,0.16666666666666666,5.000000000000001,alta_atipica,alta,Investigar pico atípico e validar capacidade laboratorial/vigilância.,baseline_v1
DENISE,doen_a_de_chagas_chagas_igg,2026,13,positividade,1.0,0.16666666666666666,5.000000000000001,alta_atipica,alta,Investigar pico atípico e validar capacidade laboratorial/vigilância.,baseline_v1
GUARANTA DO NORTE,zika,2025,35,positividade,1.0,0.16666666666666666,5.000000000000001,alta_atipica,alta,Investigar pico atípico e validar capacidade laboratorial/vigilância.,baseline_v1
HORTOLANDIA,chikungunya,2025,32,positividade,1.0,0.16666666666666666,5.000000000000001,alta_atipica,alta,Investigar pico atípico e validar capacidade laboratorial/vigilância.,baseline_v1
ITANHANGA,chikungunya,2025,33,positividade,1.0,0.16666666666666666,5.000000000000001,alta_atipica,alta,Investigar pico atípico e validar capacidade laboratorial/vigilância.,baseline_v1
JOAO LISBOA,dengue,2025,32,positividade,1.0,0.16666666666666666,5.000000000000001,alta_atipica,alta,Investigar pico atípico e validar capacidade laboratorial/vigilância.,baseline_v1
NOVO HORIZONTE DO NORTE,zika,2025,51,positividade,0.5,0.08333333333333333,5.000000000000001,alta_atipica,alta,Investigar pico atípico e validar capacidade laboratorial/vigilância.,baseline_v1
TAPURAH,meningite,2026,29,positividade,0.25,0.041666666666666664,5.000000000000001,alta_atipica,alta,Investigar pico atípico e validar capacidade laboratorial/vigilância.,baseline_v1
ITANHANGA,chikungunya,2025,33,incidencia_100k,24.221872350732717,4.036978725122119,5.000000000000001,alta_atipica,alta,Investigar pico atípico e validar capacidade laboratorial/vigilância.,baseline_v1
ITAUBA,tuberculose,2025,42,notificacoes,1.0,0.16666666666666666,5.000000000000001,alta_atipica,alta,Investigar pico atípico e validar capacidade laboratorial/vigilância.,baseline_v1
NOVO HORIZONTE DO NORTE,zika,2025,51,incidencia_100k,30.609121518212422,5.101520253035404,5.0,alta_atipica,alta,Investigar pico atípico e validar capacidade laboratorial/vigilância.,baseline_v1
GUARANTA DO NORTE,zika,2025,35,incidencia_100k,3.2042039155371844,0.5340339859228641,4.999999999999999,alta_atipica,alta,Investigar pico atípico e validar capacidade laboratorial/vigilância.,baseline_v1
RONDONOPOLIS,tuberculose,2026,30,positividade,0.3,0.05003531073446326,4.995765702187722,alta_atipica,alta,Investigar pico atípico e validar capacidade laboratorial/vigilância.,baseline_v1
DIAMANTINO,zika,2025,46,incidencia_100k,8.840560491535163,1.657605092162843,4.333333333333334,alta_atipica,alta,Investigar pico atípico e validar capacidade laboratorial/vigilância.,baseline_v1
CANARANA,hepatite_a,2026,2,positividade,1.0,0.1875,4.333333333333333,alta_atipica,alta,Investigar pico atípico e validar capacidade laboratorial/vigilância.,baseline_v1
CHAPADA DOS GUIMARAES,sarampo_sarampo_igg,2026,1,positividade,1.0,0.1875,4.333333333333333,alta_atipica,alta,Investigar pico atípico e validar capacidade laboratorial/vigilância.,baseline_v1
NOVO PROGRESSO,tuberculose,2026,27,positividade,1.0,0.1875,4.333333333333333,alta_atipica,alta,Investigar pico atípico e validar capacidade laboratorial/vigilância.,baseline_v1
CUIABA,raiva_raiva,2026,26,tests,25.0,4.75,4.2631578947368425,alta_atipica,alta,Investigar pico atípico e validar capacidade laboratorial/vigilância.,baseline_v1
NOVA SANTA HELENA,chikungunya,2025,27,positividade,0.5,0.09659090909090909,4.176470588235294,alta_atipica,alta,Investigar pico atípico e validar capacidade laboratorial/vigilância.,baseline_v1
ALMEIRIM,dengue,2025,40,positividade,1.0,0.2,4.0,alta_atipica,alta,Investigar pico atípico e validar capacidade laboratorial/vigilância.,baseline_v1
ALTAMIRA,hepatite_b_hbv,2025,30,positividade,1.0,0.2,4.0,alta_atipica,alta,Investigar pico atípico e validar capacidade laboratorial/vigilância.,baseline_v1
ARAPIRACA,dengue,2025,34,positividade,0.5,0.1,4.0,alta_atipica,alta,Investigar pico atípico e validar capacidade laboratorial/vigilância.,baseline_v1
CHUPINGUAIA,dengue,2025,26,positividade,1.0,0.2,4.0,alta_atipica,alta,Investigar pico atípico e validar capacidade laboratorial/vigilância.,baseline_v1
JUARA,hiv,2026,30,positividade,0.5,0.1,4.0,alta_atipica,alta,Investigar pico atípico e validar capacidade laboratorial/vigilância.,baseline_v1
LAGOA DA CONFUSAO,tuberculose,2026,27,positividade,0.5,0.1,4.0,alta_atipica,alta,Investigar pico atípico e validar capacidade laboratorial/vigilância.,baseline_v1
MATINHA,dengue,2025,30,positividade,0.6666666666666666,0.13333333333333333,4.0,alta_atipica,alta,Investigar pico atípico e validar capacidade laboratorial/vigilância.,baseline_v1
NOVA BANDEIRANTES,zika,2025,36,positividade,0.5,0.1,4.0,alta_atipica,alta,Investigar pico atípico e validar capacidade laboratorial/vigilância.,baseline_v1
SAO JOSE DO XINGU,hepatite_b_hbv,2025,44,positividade,1.0,0.2,4.0,alta_atipica,alta,Investigar pico atípico e validar capacidade laboratorial/vigilância.,baseline_v1
VARZEA GRANDE,paracoccidioidomicose_paracoccidioidomicose,2026,25,positividade,0.5,0.1,4.0,alta_atipica,alta,Investigar pico atípico e validar capacidade laboratorial/vigilância.,baseline_v1
VOTUPORANGA,dengue,2025,29,positividade,1.0,0.2,4.0,alta_atipica,alta,Investigar pico atípico e validar capacidade laboratorial/vigilância.,baseline_v1
NOVA BANDEIRANTES,zika,2025,36,incidencia_100k,6.97350069735007,1.394700139470014,4.0,alta_atipica,alta,Investigar pico atípico e validar capacidade laboratorial/vigilância.,baseline_v1
SAO JOSE DO XINGU,hepatite_b_hbv,2025,44,incidencia_100k,16.041065126724416,3.2082130253448833,4.0,alta_atipica,alta,Investigar pico atípico e validar capacidade laboratorial/vigilância.,baseline_v1
BARRA DO GARCAS,tuberculose,2026,29,positividade,0.3333333333333333,0.07291666666666664,3.571428571428573,alta_atipica,alta,Investigar pico atípico e validar capacidade laboratorial/vigilância.,baseline_v1
SAO LUIS,dengue,2025,40,positividade,0.6666666666666666,0.14583333333333331,3.571428571428571,alta_atipica,alta,Investigar pico atípico e validar capacidade laboratorial/vigilância.,baseline_v1
SORRISO,raiva_raiva,2026,26,tests,61.0,13.875,3.3963963963963963,alta_atipica,alta,Investigar pico atípico e validar capacidade laboratorial/vigilância.,baseline_v1
LUCAS DO RIO VERDE,dengue,2026,30,tests,712.0,167.625,3.2475764354958985,alta_atipica,alta,Investigar pico atípico e validar capacidade laboratorial/vigilância.,baseline_v1
ACORIZAL,zika,2025,42,positividade,0.5,0.125,3.0,alta_atipica,alta,Investigar pico atípico e validar capacidade laboratorial/vigilância.,baseline_v1
CAMPO VERDE,doen_a_de_chagas_chagas_igg,2026,30,positividade,1.0,0.25,3.0,alta_atipica,alta,Investigar pico atípico e validar capacidade laboratorial/vigilância.,baseline_v1
CHAPADA DOS GUIMARAES,tuberculose,2026,30,positividade,0.5,0.125,3.0,alta_atipica,alta,Investigar pico atípico e validar capacidade laboratorial/vigilância.,baseline_v1
CODO,tuberculose,2025,47,positividade,1.0,0.25,3.0,alta_atipica,alta,Investigar pico atípico e validar capacidade laboratorial/vigilância.,baseline_v1
COLIDER,doen_a_de_chagas_chagas,2026,29,positividade,1.0,0.25,3.0,alta_atipica,alta,Investigar pico atípico e validar capacidade laboratorial/vigilância.,baseline_v1
COLIDER,doen_a_de_chagas_chagas_igg,2026,29,positividade,1.0,0.25,3.0,alta_atipica,alta,Investigar pico atípico e validar capacidade laboratorial/vigilância.,baseline_v1
CUIABA,htlv_htlv_i_ii_v_rus_linfotr_pico_humano_tipo_i_e_ii,2026,19,positividade,1.0,0.25,3.0,alta_atipica,alta,Investigar pico atípico e validar capacidade laboratorial/vigilância.,baseline_v1
CUIABA,micobacterioses_cultura_para_fungos,2024,49,positividade,1.0,0.25,3.0,alta_atipica,alta,Investigar pico atípico e validar capacidade laboratorial/vigilância.,baseline_v1
CUIABA,micobacterioses_fungos,2024,49,positividade,1.0,0.25,3.0,alta_atipica,alta,Investigar pico atípico e validar capacidade laboratorial/vigilância.,baseline_v1
DIAMANTINO,zika,2025,46,positividade,1.0,0.25,3.0,alta_atipica,alta,Investigar pico atípico e validar capacidade laboratorial/vigilância.,baseline_v1
FLORIANOPOLIS,dengue,2025,40,positividade,1.0,0.25,3.0,alta_atipica,alta,Investigar pico atípico e validar capacidade laboratorial/vigilância.,baseline_v1
GUARANTA DO NORTE,htlv_htlv_i_ii_v_rus_linfotr_pico_humano_tipo_i_e_ii,2026,22,positividade,1.0,0.25,3.0,alta_atipica,alta,Investigar pico atípico e validar capacidade laboratorial/vigilância.,baseline_v1
GUARULHOS,dengue,2025,46,positividade,1.0,0.25,3.0,alta_atipica,alta,Investigar pico atípico e validar capacidade laboratorial/vigilância.,baseline_v1
LUCAS DO RIO VERDE,zika,2026,15,positividade,0.5,0.125,3.0,alta_atipica,alta,Investigar pico atípico e validar capacidade laboratorial/vigilância.,baseline_v1
MACAPA,chikungunya,2025,26,positividade,0.5,0.125,3.0,alta_atipica,alta,Investigar pico atípico e validar capacidade laboratorial/vigilância.,baseline_v1
MARCELANDIA,meningite,2026,25,positividade,1.0,0.25,3.0,alta_atipica,alta,Investigar pico atípico e validar capacidade laboratorial/vigilância.,baseline_v1
NOVO MUNDO,chikungunya,2025,34,positividade,1.0,0.25,3.0,alta_atipica,alta,Investigar pico atípico e validar capacidade laboratorial/vigilância.,baseline_v1
POCONE,zika,2025,51,positividade,0.5,0.125,3.0,alta_atipica,alta,Investigar pico atípico e validar capacidade laboratorial/vigilância.,baseline_v1
SAO DOMINGOS DO ARAGUAIA,dengue,2025,30,positividade,1.0,0.25,3.0,alta_atipica,alta,Investigar pico atípico e validar capacidade laboratorial/vigilância.,baseline_v1
SAO LUIS DO QUITUNDE,chikungunya,2025,31,positividade,1.0,0.25,3.0,alta_atipica,alta,Investigar pico atípico e validar capacidade laboratorial/vigilância.,baseline_v1
SINOP,parvovirose_parvov_rus_b19_igg,2026,22,positividade,0.5,0.125,3.0,alta_atipica,alta,Investigar pico atípico e validar capacidade laboratorial/vigilância.,baseline_v1
TABAPORA,hepatite_b_hbv,2025,51,positividade,1.0,0.25,3.0,alta_atipica,alta,Investigar pico atípico e validar capacidade laboratorial/vigilância.,baseline_v1
VARZEA GRANDE,hepatite_a,2026,21,positividade,1.0,0.25,3.0,alta_atipica,alta,Investigar pico atípico e validar capacidade laboratorial/vigilância.,baseline_v1
VILHENA,hepatite_b_hbv,2026,25,positividade,1.0,0.25,3.0,alta_atipica,alta,Investigar pico atípico e validar capacidade laboratorial/vigilância.,baseline_v1
ACORIZAL,zika,2025,42,incidencia_100k,20.21018593371059,5.052546483427648,3.0,alta_atipica,alta,Investigar pico atípico e validar capacidade laboratorial/vigilância.,baseline_v1
CUIABA,micobacterioses_cultura_para_fungos,2024,49,incidencia_100k,0.1464274627634962,0.03660686569087405,3.0,alta_atipica,alta,Investigar pico atípico e validar capacidade laboratorial/vigilância.,baseline_v1
CUIABA,micobacterioses_fungos,2024,49,incidencia_100k,0.1464274627634962,0.03660686569087405,3.0,alta_atipica,alta,Investigar pico atípico e validar capacidade laboratorial/vigilância.,baseline_v1
NOVO MUNDO,chikungunya,2025,34,incidencia_100k,31.4070351758794,7.85175879396985,3.0,alta_atipica,alta,Investigar pico atípico e validar capacidade laboratorial/vigilância.,baseline_v1
POCONE,zika,2025,51,incidencia_100k,3.204820049354229,0.8012050123385572,3.0,alta_atipica,alta,Investigar pico atípico e validar capacidade laboratorial/vigilância.,baseline_v1
CAMPO VERDE,dengue,2026,30,tests,81.0,20.875,2.8802395209580838,alta_atipica,alta,Investigar pico atípico e validar capacidade laboratorial/vigilância.,baseline_v1
CAMPO NOVO DO PARECIS,zika,2026,29,positividade,0.25,0.06458333333333333,2.8709677419354844,alta_atipica,alta,Investigar pico atípico e validar capacidade laboratorial/vigilância.,baseline_v1
BOA ESPERANCA DO NORTE,dengue,2026,30,tests,45.0,11.75,2.8297872340425534,alta_atipica,alta,Investigar pico atípico e validar capacidade laboratorial/vigilância.,baseline_v1
SINOP,dengue,2026,30,tests,29.0,8.0,2.625,alta_atipica,alta,Investigar pico atípico e validar capacidade laboratorial/vigilância.,baseline_v1
CANARANA,toxoplasmose_toxoplasmose_igm,2026,11,positividade,1.0,0.27777777777777773,2.600000000000001,alta_atipica,alta,Investigar pico atípico e validar capacidade laboratorial/vigilância.,baseline_v1
VERA,dengue,2026,30,tests,9.0,2.5,2.6,alta_atipica,alta,Investigar pico atípico e validar capacidade laboratorial/vigilância.,baseline_v1
CANARANA,doen_a_de_chagas_chagas,2026,28,positividade,1.0,0.2857142857142857,2.5,alta_atipica,alta,Investigar pico atípico e validar capacidade laboratorial/vigilância.,baseline_v1
MATUPA,hepatite_a,2025,31,positividade,0.5,0.14285714285714285,2.5,alta_atipica,alta,Investigar pico atípico e validar capacidade laboratorial/vigilância.,baseline_v1
SAO PEDRO DA CIPA,hepatite_b_hbv,2026,16,positividade,1.0,0.2857142857142857,2.5,alta_atipica,alta,Investigar pico atípico e validar capacidade laboratorial/vigilância.,baseline_v1
FELIZ NATAL,zika,2025,31,incidencia_100k,9.502993442934525,2.7151409836955787,2.5,alta_atipica,alta,Investigar pico atípico e validar capacidade laboratorial/vigilância.,baseline_v1
MATUPA,hepatite_a,2025,31,incidencia_100k,4.553941436313129,1.3011261246608938,2.5,alta_atipica,alta,Investigar pico atípico e validar capacidade laboratorial/vigilância.,baseline_v1
SANTO ANTONIO DO LEVERGER,meningite,2026,4,notificacoes,1.0,0.2857142857142857,2.5,alta_atipica,alta,Investigar pico atípico e validar capacidade laboratorial/vigilância.,baseline_v1
SORRISO,infec_o_coloniza_o_bact_rias_cultura,2025,48,tests,9.0,2.6,2.4615384615384617,alta_atipica,alta,Investigar pico atípico e validar capacidade laboratorial/vigilância.,baseline_v1
PACARAIMA,dengue,2026,30,tests,12.0,3.5,2.4285714285714284,alta_atipica,alta,Investigar pico atípico e validar capacidade laboratorial/vigilância.,baseline_v1
CURITIBA,dengue,2026,30,tests,8.0,2.375,2.3684210526315788,alta_atipica,alta,Investigar pico atípico e validar capacidade laboratorial/vigilância.,baseline_v1
CAMPO NOVO DO PARECIS,chikungunya,2026,30,tests,71.0,21.125,2.36094674556213,alta_atipica,alta,Investigar pico atípico e validar capacidade laboratorial/vigilância.,baseline_v1
PARANAITA,dengue,2026,30,tests,67.0,20.0,2.35,alta_atipica,alta,Investigar pico atípico e validar capacidade laboratorial/vigilância.,baseline_v1
COLIDER,dengue,2026,30,tests,18.0,5.375,2.3488372093023258,alta_atipica,alta,Investigar pico atípico e validar capacidade laboratorial/vigilância.,baseline_v1
CAMPO NOVO DO PARECIS,dengue,2026,30,tests,19.0,5.75,2.3043478260869565,alta_atipica,alta,Investigar pico atípico e validar capacidade laboratorial/vigilância.,baseline_v1
SORRISO,dengue,2026,30,tests,194.0,60.0,2.2333333333333334,alta_atipica,alta,Investigar pico atípico e validar capacidade laboratorial/vigilância.,baseline_v1
VARZEA GRANDE,dengue,2026,30,tests,409.0,127.625,2.204701273261508,alta_atipica,alta,Investigar pico atípico e validar capacidade laboratorial/vigilância.,baseline_v1
ARAPUTANGA,dengue,2026,29,tests,16.0,5.0,2.2,alta_atipica,alta,Investigar pico atípico e validar capacidade laboratorial/vigilância.,baseline_v1
GUARANTA DO NORTE,toxoplasmose_toxoplasmose_igg,2026,28,tests,6.0,1.875,2.2,alta_atipica,alta,Investigar pico atípico e validar capacidade laboratorial/vigilância.,baseline_v1
GUARANTA DO NORTE,toxoplasmose_toxoplasmose_igm,2026,28,tests,6.0,1.875,2.2,alta_atipica,alta,Investigar pico atípico e validar capacidade laboratorial/vigilância.,baseline_v1
BARRA DO BUGRES,hepatite_b_hbv,2026,28,positividade,1.0,0.3125,2.2,alta_atipica,alta,Investigar pico atípico e validar capacidade laboratorial/vigilância.,baseline_v1
CAMPO NOVO DO PARECIS,hepatite_a,2026,21,positividade,0.6666666666666666,0.20833333333333331,2.2,alta_atipica,alta,Investigar pico atípico e validar capacidade laboratorial/vigilância.,baseline_v1
CAMPO NOVO DO PARECIS,tuberculose,2026,30,positividade,1.0,0.3125,2.2,alta_atipica,alta,Investigar pico atípico e validar capacidade laboratorial/vigilância.,baseline_v1
NOVA MUTUM,hepatite_b_hbv,2026,29,tests,19.0,6.0,2.1666666666666665,alta_atipica,alta,Investigar pico atípico e validar capacidade laboratorial/vigilância.,baseline_v1
NOVA MUTUM,dengue,2026,30,tests,17.0,5.375,2.1627906976744184,alta_atipica,alta,Investigar pico atípico e validar capacidade laboratorial/vigilância.,baseline_v1
VARZEA GRANDE,toxoplasmose_citomegalov_rus_igg,2026,30,tests,17.0,5.375,2.1627906976744184,alta_atipica,alta,Investigar pico atípico e validar capacidade laboratorial/vigilância.,baseline_v1
VARZEA GRANDE,toxoplasmose_citomegalov_rus_igm,2026,30,tests,17.0,5.375,2.1627906976744184,alta_atipica,alta,Investigar pico atípico e validar capacidade laboratorial/vigilância.,baseline_v1
ITANHANGA,dengue,2026,30,tests,5.0,1.625,2.076923076923077,alta_atipica,alta,Investigar pico atípico e validar capacidade laboratorial/vigilância.,baseline_v1
AGUA BOA,hepatite_b_hbv,2026,30,tests,8.0,2.625,2.0476190476190474,alta_atipica,alta,Investigar pico atípico e validar capacidade laboratorial/vigilância.,baseline_v1
LAMBARI D''OESTE,chikungunya,2025,32,tests,8.0,2.625,2.0476190476190474,alta_atipica,alta,Investigar pico atípico e validar capacidade laboratorial/vigilância.,baseline_v1
NOVA MUTUM,tuberculose,2026,30,positividade,0.4,0.13229166666666667,2.0236220472440944,alta_atipica,alta,Investigar pico atípico e validar capacidade laboratorial/vigilância.,baseline_v1
CANARANA,zika,2025,37,positividade,0.5,0.16666666666666666,2.0000000000000004,alta_atipica,alta,Investigar pico atípico e validar capacidade laboratorial/vigilância.,baseline_v1
MATUPA,zika,2026,16,positividade,0.25,0.08333333333333333,2.0000000000000004,alta_atipica,alta,Investigar pico atípico e validar capacidade laboratorial/vigilância.,baseline_v1
PLANALTO DA SERRA,chikungunya,2025,32,positividade,0.5,0.16666666666666666,2.0000000000000004,alta_atipica,alta,Investigar pico atípico e validar capacidade laboratorial/vigilância.,baseline_v1
CANARANA,zika,2025,37,incidencia_100k,3.530574777573789,1.176858259191263,1.9999999999999996,alta_atipica,alta,Investigar pico atípico e validar capacidade laboratorial/vigilância.,baseline_v1
TANGARA DA SERRA,dengue,2026,30,tests,66.0,22.125,1.9830508474576272,alta_atipica,alta,Investigar pico atípico e validar capacidade laboratorial/vigilância.,baseline_v1
PEIXOTO DE AZEVEDO,raiva_raiva,2025,12,tests,10.0,3.4,1.9411764705882353,alta_atipica,alta,Investigar pico atípico e validar capacidade laboratorial/vigilância.,baseline_v1
CONFRESA,zika,2026,7,notificacoes,7.0,2.4,1.9166666666666665,alta_atipica,alta,Investigar pico atípico e validar capacidade laboratorial/vigilância.,baseline_v1
DIAMANTINO,tuberculose,2026,29,positividade,0.3333333333333333,0.11458333333333333,1.9090909090909092,alta_atipica,alta,Investigar pico atípico e validar capacidade laboratorial/vigilância.,baseline_v1
PORTO ESPERIDIAO,chikungunya,2026,16,tests,13.0,4.5,1.8888888888888888,alta_atipica,alta,Investigar pico atípico e validar capacidade laboratorial/vigilância.,baseline_v1
VARZEA GRANDE,leishmaniose,2026,23,tests,5.0,1.75,1.8571428571428572,alta_atipica,alta,Investigar pico atípico e validar capacidade laboratorial/vigilância.,baseline_v1
VILA BELA DA SANTISSIMA TRINDADE,chikungunya,2026,16,tests,13.0,4.6,1.8260869565217392,alta_atipica,alta,Investigar pico atípico e validar capacidade laboratorial/vigilância.,baseline_v1
DENISE,dengue,2026,30,tests,9.0,3.25,1.7692307692307692,alta_atipica,alta,Investigar pico atípico e validar capacidade laboratorial/vigilância.,baseline_v1
GUIRATINGA,tuberculose,2026,29,tests,9.0,3.375,1.6666666666666667,alta_atipica,alta,Investigar pico atípico e validar capacidade laboratorial/vigilância.,baseline_v1
JUINA,dengue,2026,30,tests,10.0,3.75,1.6666666666666667,alta_atipica,alta,Investigar pico atípico e validar capacidade laboratorial/vigilância.,baseline_v1
PONTES E LACERDA,hepatite_b_hbv,2026,29,tests,6.0,2.25,1.6666666666666667,alta_atipica,alta,Investigar pico atípico e validar capacidade laboratorial/vigilância.,baseline_v1
SAO JOSE DO RIO CLARO,dengue,2026,30,tests,5.0,1.875,1.6666666666666667,alta_atipica,alta,Investigar pico atípico e validar capacidade laboratorial/vigilância.,baseline_v1
BOM LUGAR,dengue,2025,29,positividade,1.0,0.375,1.6666666666666667,alta_atipica,alta,Investigar pico atípico e validar capacidade laboratorial/vigilância.,baseline_v1
CAMPINAPOLIS,hepatite_b_hbv,2026,13,positividade,1.0,0.375,1.6666666666666667,alta_atipica,alta,Investigar pico atípico e validar capacidade laboratorial/vigilância.,baseline_v1
CAMPO GRANDE,chikungunya,2025,37,positividade,0.25,0.09375,1.6666666666666667,alta_atipica,alta,Investigar pico atípico e validar capacidade laboratorial/vigilância.,baseline_v1
COLIDER,zika,2026,22,positividade,0.5,0.1875,1.6666666666666667,alta_atipica,alta,Investigar pico atípico e validar capacidade laboratorial/vigilância.,baseline_v1
CUIABA,citomegalov_rus_citomegalov_rus_igm,2026,22,positividade,1.0,0.375,1.6666666666666667,alta_atipica,alta,Investigar pico atípico e validar capacidade laboratorial/vigilância.,baseline_v1
VILA BELA DA SANTISSIMA TRINDADE,hepatite_b_hbv,2026,10,positividade,1.0,0.375,1.6666666666666667,alta_atipica,alta,Investigar pico atípico e validar capacidade laboratorial/vigilância.,baseline_v1
NOVA SANTA HELENA,chikungunya,2025,27,incidencia_100k,66.63705019991116,24.988893824966684,1.6666666666666667,alta_atipica,alta,Investigar pico atípico e validar capacidade laboratorial/vigilância.,baseline_v1
ARAPUTANGA,zika,2025,39,incidencia_100k,6.754474839581223,2.532928064842959,1.6666666666666665,alta_atipica,alta,Investigar pico atípico e validar capacidade laboratorial/vigilância.,baseline_v1
ALTO GARCAS,dengue,2026,30,tests,19.0,7.25,1.6206896551724137,alta_atipica,alta,Investigar pico atípico e validar capacidade laboratorial/vigilância.,baseline_v1
JUARA,doen_as_sexualmente_transmitidas_pesquisa_de_multipat_genos_ist,2025,51,tests,22.0,8.571428571428571,1.5666666666666667,alta_atipica,alta,Investigar pico atípico e validar capacidade laboratorial/vigilância.,baseline_v1
CUIABA,dengue,2026,30,tests,99.0,38.875,1.5466237942122187,alta_atipica,alta,Investigar pico atípico e validar capacidade laboratorial/vigilância.,baseline_v1
NOVA LACERDA,raiva_raiva,2025,17,tests,7.0,2.75,1.5454545454545454,alta_atipica,alta,Investigar pico atípico e validar capacidade laboratorial/vigilância.,baseline_v1
ITAUBA,chikungunya,2025,17,tests,8.0,3.1666666666666665,1.5263157894736845,alta_atipica,alta,Investigar pico atípico e validar capacidade laboratorial/vigilância.,baseline_v1
ARIPUANA,chikungunya,2025,37,positividade,1.0,0.3958333333333333,1.5263157894736845,alta_atipica,alta,Investigar pico atípico e validar capacidade laboratorial/vigilância.,baseline_v1
BELEM,dengue,2026,30,tests,6.0,2.375,1.5263157894736843,alta_atipica,alta,Investigar pico atípico e validar capacidade laboratorial/vigilância.,baseline_v1
NOVO SANTO ANTONIO,hepatite_b_hbv,2026,20,tests,6.0,2.375,1.5263157894736843,alta_atipica,alta,Investigar pico atípico e validar capacidade laboratorial/vigilância.,baseline_v1
SANTA TEREZINHA,dengue,2025,22,tests,6.0,2.375,1.5263157894736843,alta_atipica,alta,Investigar pico atípico e validar capacidade laboratorial/vigilância.,baseline_v1
SANTO ANTONIO DO LEVERGER,hepatite_b_hbv,2026,29,tests,6.0,2.375,1.5263157894736843,alta_atipica,alta,Investigar pico atípico e validar capacidade laboratorial/vigilância.,baseline_v1
PRIMAVERA DO LESTE,hepatite_c_hcv,2026,17,tests,5.0,2.0,1.5,alta_atipica,alta,Investigar pico atípico e validar capacidade laboratorial/vigilância.,baseline_v1
SAO JOSE DO RIO CLARO,zika,2026,16,notificacoes,3.0,1.2,1.5,alta_atipica,alta,Investigar pico atípico e validar capacidade laboratorial/vigilância.,baseline_v1
LUZIANIA,dengue,2025,37,positividade,1.0,0.4,1.4999999999999998,alta_atipica,alta,Investigar pico atípico e validar capacidade laboratorial/vigilância.,baseline_v1
PLANALTO DA SERRA,hepatite_b_hbv,2026,21,positividade,1.0,0.4,1.4999999999999998,alta_atipica,alta,Investigar pico atípico e validar capacidade laboratorial/vigilância.,baseline_v1
RESERVA DO CABACAL,hepatite_b_hbv,2026,4,positividade,1.0,0.4,1.4999999999999998,alta_atipica,alta,Investigar pico atípico e validar capacidade laboratorial/vigilância.,baseline_v1
RIO BRANCO,hepatite_b_hbv,2026,13,positividade,1.0,0.4,1.4999999999999998,alta_atipica,alta,Investigar pico atípico e validar capacidade laboratorial/vigilância.,baseline_v1
SANTA CRUZ DO XINGU,hepatite_b_hbv,2026,28,positividade,1.0,0.4,1.4999999999999998,alta_atipica,alta,Investigar pico atípico e validar capacidade laboratorial/vigilância.,baseline_v1
SAO JOSE DO RIO CLARO,zika,2026,16,positividade,0.5,0.2,1.4999999999999998,alta_atipica,alta,Investigar pico atípico e validar capacidade laboratorial/vigilância.,baseline_v1
NOVA MUTUM,hepatite_b_hbv,2026,29,positividade,0.2631578947368421,0.10581140350877193,1.487046632124352,alta_atipica,alta,Investigar pico atípico e validar capacidade laboratorial/vigilância.,baseline_v1
CHAPADA DOS GUIMARAES,dengue,2026,30,tests,13.0,5.25,1.4761904761904763,alta_atipica,alta,Investigar pico atípico e validar capacidade laboratorial/vigilância.,baseline_v1
DIAMANTINO,dengue,2026,20,tests,4.0,1.625,1.4615384615384615,alta_atipica,alta,Investigar pico atípico e validar capacidade laboratorial/vigilância.,baseline_v1
NOVO PROGRESSO,dengue,2026,28,tests,4.0,1.625,1.4615384615384615,alta_atipica,alta,Investigar pico atípico e validar capacidade laboratorial/vigilância.,baseline_v1
ITIQUIRA,tuberculose,2026,29,tests,7.0,2.875,1.434782608695652,alta_atipica,alta,Investigar pico atípico e validar capacidade laboratorial/vigilância.,baseline_v1
JURUENA,hepatite_b_hbv,2026,29,tests,13.0,5.375,1.4186046511627908,alta_atipica,alta,Investigar pico atípico e validar capacidade laboratorial/vigilância.,baseline_v1
CUIABA,doenca_de_chagas_aguda_chagas,2026,28,tests,3.0,1.25,1.4,alta_atipica,alta,Investigar pico atípico e validar capacidade laboratorial/vigilância.,baseline_v1
CUIABA,doenca_de_chagas_aguda_chagas_igg,2026,28,tests,3.0,1.25,1.4,alta_atipica,alta,Investigar pico atípico e validar capacidade laboratorial/vigilância.,baseline_v1
CANARANA,doen_a_de_chagas_chagas_igg,2026,28,positividade,1.0,0.4166666666666667,1.3999999999999997,alta_atipica,alta,Investigar pico atípico e validar capacidade laboratorial/vigilância.,baseline_v1
NOVA UBIRATA,chikungunya,2025,37,incidencia_100k,30.73770491803279,12.80737704918033,1.3999999999999997,alta_atipica,alta,Investigar pico atípico e validar capacidade laboratorial/vigilância.,baseline_v1
BARRA DO BUGRES,tuberculose,2026,30,positividade,0.5,0.21279761904761904,1.3496503496503496,alta_atipica,alta,Investigar pico atípico e validar capacidade laboratorial/vigilância.,baseline_v1
CUIABA,infec_o_coloniza_o_bact_rias_teste_de_sensibilidade_ii,2026,29,tests,3.0,1.2857142857142858,1.3333333333333333,alta_atipica,alta,Investigar pico atípico e validar capacidade laboratorial/vigilância.,baseline_v1
VARZEA GRANDE,oropouche,2026,30,tests,7.0,3.0,1.3333333333333333,alta_atipica,alta,Investigar pico atípico e validar capacidade laboratorial/vigilância.,baseline_v1
CANARANA,leishmaniose,2026,23,positividade,1.0,0.42857142857142855,1.3333333333333333,alta_atipica,alta,Investigar pico atípico e validar capacidade laboratorial/vigilância.,baseline_v1
NOVA UBIRATA,chikungunya,2025,37,positividade,0.75,0.3229166666666667,1.3225806451612903,alta_atipica,alta,Investigar pico atípico e validar capacidade laboratorial/vigilância.,baseline_v1
POXOREO,tuberculose,2026,29,tests,11.0,4.75,1.3157894736842106,alta_atipica,alta,Investigar pico atípico e validar capacidade laboratorial/vigilância.,baseline_v1
ALTO GARCAS,tuberculose,2026,29,tests,4.0,1.75,1.2857142857142858,alta_atipica,alta,Investigar pico atípico e validar capacidade laboratorial/vigilância.,baseline_v1
BARCELOS,dengue,2026,20,tests,4.0,1.75,1.2857142857142858,alta_atipica,alta,Investigar pico atípico e validar capacidade laboratorial/vigilância.,baseline_v1
BOA VISTA,dengue,2026,30,tests,4.0,1.75,1.2857142857142858,alta_atipica,alta,Investigar pico atípico e validar capacidade laboratorial/vigilância.,baseline_v1
BRASNORTE,dengue,2026,30,tests,4.0,1.75,1.2857142857142858,alta_atipica,alta,Investigar pico atípico e validar capacidade laboratorial/vigilância.,baseline_v1
CAMPO VERDE,doen_a_de_chagas_chagas,2026,29,tests,4.0,1.75,1.2857142857142858,alta_atipica,alta,Investigar pico atípico e validar capacidade laboratorial/vigilância.,baseline_v1
CUIABA,infec_o_coloniza_o_pesquisa_de_genes_de_resist_ncia,2026,27,tests,4.0,1.75,1.2857142857142858,alta_atipica,alta,Investigar pico atípico e validar capacidade laboratorial/vigilância.,baseline_v1
CUIABA,oropouche,2026,30,tests,4.0,1.75,1.2857142857142858,alta_atipica,alta,Investigar pico atípico e validar capacidade laboratorial/vigilância.,baseline_v1
FIGUEIROPOLIS D''OESTE,chikungunya,2025,12,tests,4.0,1.75,1.2857142857142858,alta_atipica,alta,Investigar pico atípico e validar capacidade laboratorial/vigilância.,baseline_v1
GOIANIA,tuberculose,2026,27,tests,4.0,1.75,1.2857142857142858,alta_atipica,alta,Investigar pico atípico e validar capacidade laboratorial/vigilância.,baseline_v1
LARANJAL DO JARI,dengue,2026,30,tests,4.0,1.75,1.2857142857142858,alta_atipica,alta,Investigar pico atípico e validar capacidade laboratorial/vigilância.,baseline_v1
NOVA BANDEIRANTES,dengue,2026,20,tests,4.0,1.75,1.2857142857142858,alta_atipica,alta,Investigar pico atípico e validar capacidade laboratorial/vigilância.,baseline_v1
POCONE,hepatite_b_hbv,2026,29,tests,6.0,2.625,1.2857142857142858,alta_atipica,alta,Investigar pico atípico e validar capacidade laboratorial/vigilância.,baseline_v1
SAO JOSE DO RIO CLARO,chikungunya,2026,20,tests,4.0,1.75,1.2857142857142858,alta_atipica,alta,Investigar pico atípico e validar capacidade laboratorial/vigilância.,baseline_v1
SINOP,hiv,2026,29,tests,4.0,1.75,1.2857142857142858,alta_atipica,alta,Investigar pico atípico e validar capacidade laboratorial/vigilância.,baseline_v1
SORRISO,hiv,2026,27,tests,4.0,1.75,1.2857142857142858,alta_atipica,alta,Investigar pico atípico e validar capacidade laboratorial/vigilância.,baseline_v1
SORRISO,zika,2025,42,positividade,0.5,0.21875,1.2857142857142858,alta_atipica,alta,Investigar pico atípico e validar capacidade laboratorial/vigilância.,baseline_v1
BOM JESUS DO ARAGUAIA,hepatite_c_hcv,2026,20,tests,3.0,1.3333333333333333,1.2500000000000002,alta_atipica,alta,Investigar pico atípico e validar capacidade laboratorial/vigilância.,baseline_v1
IPIXUNA DO PARA,dengue,2025,22,tests,4.0,1.8,1.2222222222222223,alta_atipica,alta,Investigar pico atípico e validar capacidade laboratorial/vigilância.,baseline_v1
JOAQUIM PIRES,dengue,2026,28,tests,4.0,1.8,1.2222222222222223,alta_atipica,alta,Investigar pico atípico e validar capacidade laboratorial/vigilância.,baseline_v1
PLANALTO DA SERRA,dengue,2026,29,tests,5.0,2.25,1.2222222222222223,alta_atipica,alta,Investigar pico atípico e validar capacidade laboratorial/vigilância.,baseline_v1
PORTO ESPERIDIAO,zika,2026,15,tests,6.0,2.7142857142857144,1.2105263157894737,alta_atipica,alta,Investigar pico atípico e validar capacidade laboratorial/vigilância.,baseline_v1
BARRA DO GARCAS,raiva_raiva,2026,11,tests,38.0,17.25,1.2028985507246377,alta_atipica,alta,Investigar pico atípico e validar capacidade laboratorial/vigilância.,baseline_v1
COLIDER,intoxica_o_ex_gena_por_subst_ncias_qu_micas_incluindo_agrot_xicos_gases_t_xicos_,2026,20,tests,15.0,6.857142857142857,1.1875,alta_atipica,alta,Investigar pico atípico e validar capacidade laboratorial/vigilância.,baseline_v1
TAPURAH,meningite,2026,29,tests,4.0,1.8333333333333333,1.181818181818182,alta_atipica,alta,Investigar pico atípico e validar capacidade laboratorial/vigilância.,baseline_v1
BARRA DO BUGRES,hepatite_c_hcv,2026,29,tests,3.0,1.375,1.1818181818181819,alta_atipica,alta,Investigar pico atípico e validar capacidade laboratorial/vigilância.,baseline_v1
SINOP,criptococose_criptococos_teste_r_pido,2026,29,tests,3.0,1.375,1.1818181818181819,alta_atipica,alta,Investigar pico atípico e validar capacidade laboratorial/vigilância.,baseline_v1
NOBRES,zika,2026,28,tests,4.0,1.8571428571428572,1.1538461538461537,alta_atipica,alta,Investigar pico atípico e validar capacidade laboratorial/vigilância.,baseline_v1
ACORIZAL,dengue,2026,29,tests,4.0,1.875,1.1333333333333333,alta_atipica,alta,Investigar pico atípico e validar capacidade laboratorial/vigilância.,baseline_v1
BOM JARDIM,dengue,2026,20,tests,4.0,1.875,1.1333333333333333,alta_atipica,alta,Investigar pico atípico e validar capacidade laboratorial/vigilância.,baseline_v1
CUIABA,sarampo_sarampo_igm,2025,46,tests,4.0,1.875,1.1333333333333333,alta_atipica,alta,Investigar pico atípico e validar capacidade laboratorial/vigilância.,baseline_v1
DIAMANTINO,hepatite_b_hbv,2026,28,tests,4.0,1.875,1.1333333333333333,alta_atipica,alta,Investigar pico atípico e validar capacidade laboratorial/vigilância.,baseline_v1
CAMPO VERDE,raiva_raiva,2026,26,tests,27.0,12.75,1.1176470588235294,alta_atipica,alta,Investigar pico atípico e validar capacidade laboratorial/vigilância.,baseline_v1
CACERES,tuberculose,2026,30,positividade,0.5,0.2370927318295739,1.108879492600423,alta_atipica,alta,Investigar pico atípico e validar capacidade laboratorial/vigilância.,baseline_v1
RONDONOPOLIS,sarampo_sarampo_igg,2025,41,tests,3.0,1.4285714285714286,1.0999999999999999,alta_atipica,alta,Investigar pico atípico e validar capacidade laboratorial/vigilância.,baseline_v1
JUARA,chikungunya,2026,16,tests,8.0,3.875,1.064516129032258,alta_atipica,alta,Investigar pico atípico e validar capacidade laboratorial/vigilância.,baseline_v1
CHAPADINHA,dengue,2026,20,tests,4.0,2.0,1.0,alta_atipica,alta,Investigar pico atípico e validar capacidade laboratorial/vigilância.,baseline_v1
CRUZEIRO DO SUL,dengue,2026,30,tests,4.0,2.0,1.0,alta_atipica,alta,Investigar pico atípico e validar capacidade laboratorial/vigilância.,baseline_v1
CUIABA,infec_o_coloniza_o_bact_rias_cultura,2026,29,tests,3.0,1.5,1.0,alta_atipica,alta,Investigar pico atípico e validar capacidade laboratorial/vigilância.,baseline_v1
ESPERANTINOPOLIS,dengue,2026,28,tests,4.0,2.0,1.0,alta_atipica,alta,Investigar pico atípico e validar capacidade laboratorial/vigilância.,baseline_v1
GUARANTA DO NORTE,hepatite_c_hcv,2026,29,tests,3.0,1.5,1.0,alta_atipica,alta,Investigar pico atípico e validar capacidade laboratorial/vigilância.,baseline_v1
JACAREACANGA,dengue,2026,30,tests,4.0,2.0,1.0,alta_atipica,alta,Investigar pico atípico e validar capacidade laboratorial/vigilância.,baseline_v1
JUARA,zika,2026,16,tests,4.0,2.0,1.0,alta_atipica,alta,Investigar pico atípico e validar capacidade laboratorial/vigilância.,baseline_v1
LUCAS DO RIO VERDE,chikungunya,2026,16,tests,4.0,2.0,1.0,alta_atipica,alta,Investigar pico atípico e validar capacidade laboratorial/vigilância.,baseline_v1
MATUPA,hepatite_c_hcv,2026,23,tests,3.0,1.5,1.0,alta_atipica,alta,Investigar pico atípico e validar capacidade laboratorial/vigilância.,baseline_v1
NOVA MUTUM,hantavirus,2026,25,tests,6.0,3.0,1.0,alta_atipica,alta,Investigar pico atípico e validar capacidade laboratorial/vigilância.,baseline_v1
PLANALTO,dengue,2026,29,tests,4.0,2.0,1.0,alta_atipica,alta,Investigar pico atípico e validar capacidade laboratorial/vigilância.,baseline_v1
PORTO ALEGRE DO NORTE,dengue,2026,30,tests,4.0,2.0,1.0,alta_atipica,alta,Investigar pico atípico e validar capacidade laboratorial/vigilância.,baseline_v1
SALVADOR,tuberculose,2025,50,tests,4.0,2.0,1.0,alta_atipica,alta,Investigar pico atípico e validar capacidade laboratorial/vigilância.,baseline_v1
SAO JOSE DOS BASILIOS,dengue,2025,26,tests,5.0,2.5,1.0,alta_atipica,alta,Investigar pico atípico e validar capacidade laboratorial/vigilância.,baseline_v1
SORRISO,influenza,2026,28,tests,3.0,1.5,1.0,alta_atipica,alta,Investigar pico atípico e validar capacidade laboratorial/vigilância.,baseline_v1
ZE DOCA,chikungunya,2025,23,tests,4.0,2.0,1.0,alta_atipica,alta,Investigar pico atípico e validar capacidade laboratorial/vigilância.,baseline_v1
APARECIDA DE GOIANIA,hepatite_b_hbv,2026,16,positividade,1.0,0.5,1.0,alta_atipica,alta,Investigar pico atípico e validar capacidade laboratorial/vigilância.,baseline_v1
BARAO DE MELGACO,hepatite_b_hbv,2026,21,positividade,1.0,0.5,1.0,alta_atipica,alta,Investigar pico atípico e validar capacidade laboratorial/vigilância.,baseline_v1
CACERES,brucelose_brucelose_igg,2026,24,positividade,1.0,0.5,1.0,alta_atipica,alta,Investigar pico atípico e validar capacidade laboratorial/vigilância.,baseline_v1
CACERES,brucelose_brucelose_igm,2026,24,positividade,1.0,0.5,1.0,alta_atipica,alta,Investigar pico atípico e validar capacidade laboratorial/vigilância.,baseline_v1
CAMPO VERDE,sarampo_rub_ola_igg,2026,1,positividade,1.0,0.5,1.0,alta_atipica,alta,Investigar pico atípico e validar capacidade laboratorial/vigilância.,baseline_v1
CUIABA,doenca_de_chagas_aguda_chagas,2026,28,positividade,0.3333333333333333,0.16666666666666666,1.0,alta_atipica,alta,Investigar pico atípico e validar capacidade laboratorial/vigilância.,baseline_v1
CUIABA,doenca_de_chagas_aguda_chagas_igg,2026,28,positividade,0.3333333333333333,0.16666666666666666,1.0,alta_atipica,alta,Investigar pico atípico e validar capacidade laboratorial/vigilância.,baseline_v1
GUARANTA DO NORTE,hepatite,2026,16,positividade,0.5,0.25,1.0,alta_atipica,alta,Investigar pico atípico e validar capacidade laboratorial/vigilância.,baseline_v1
GUARANTA DO NORTE,toxoplasmose_citomegalov_rus_igg,2026,30,positividade,1.0,0.5,1.0,alta_atipica,alta,Investigar pico atípico e validar capacidade laboratorial/vigilância.,baseline_v1
GUIRATINGA,hepatite_b_hbv,2026,28,positividade,1.0,0.5,1.0,alta_atipica,alta,Investigar pico atípico e validar capacidade laboratorial/vigilância.,baseline_v1
NOVA MARINGA,hepatite_b_hbv,2026,28,positividade,1.0,0.5,1.0,alta_atipica,alta,Investigar pico atípico e validar capacidade laboratorial/vigilância.,baseline_v1
PONTES E LACERDA,sarampo_parvov_rus_b19_igg,2025,36,positividade,1.0,0.5,1.0,alta_atipica,alta,Investigar pico atípico e validar capacidade laboratorial/vigilância.,baseline_v1
RIBEIRAO CASCALHEIRA,hepatite_b_hbv,2026,25,positividade,1.0,0.5,1.0,alta_atipica,alta,Investigar pico atípico e validar capacidade laboratorial/vigilância.,baseline_v1
SANTO AFONSO,hepatite_b_hbv,2026,10,positividade,1.0,0.5,1.0,alta_atipica,alta,Investigar pico atípico e validar capacidade laboratorial/vigilância.,baseline_v1
SINOP,criptococose_criptococos_teste_r_pido,2026,29,positividade,0.3333333333333333,0.16666666666666666,1.0,alta_atipica,alta,Investigar pico atípico e validar capacidade laboratorial/vigilância.,baseline_v1
ARIPUANA,chikungunya,2025,37,incidencia_100k,7.530687551773477,3.7653437758867385,1.0,alta_atipica,alta,Investigar pico atípico e validar capacidade laboratorial/vigilância.,baseline_v1
PLANALTO DA SERRA,chikungunya,2025,32,incidencia_100k,30.048076923076923,15.024038461538462,1.0,alta_atipica,alta,Investigar pico atípico e validar capacidade laboratorial/vigilância.,baseline_v1
PONTES E LACERDA,sarampo_parvov_rus_b19_igg,2025,36,incidencia_100k,1.793335963559413,0.8966679817797065,1.0,alta_atipica,alta,Investigar pico atípico e validar capacidade laboratorial/vigilância.,baseline_v1
SORRISO,zika,2025,42,incidencia_100k,0.8021497613604459,0.40107488068022296,1.0,alta_atipica,alta,Investigar pico atípico e validar capacidade laboratorial/vigilância.,baseline_v1
BARRA DO GARCAS,leptospira,2025,48,notificacoes,1.0,0.5,1.0,alta_atipica,alta,Investigar pico atípico e validar capacidade laboratorial/vigilância.,baseline_v1
ACORIZAL,dengue,2026,29,positividade,0.0,0.16666666666666666,-1.0,queda_atipica,alta,Verificar possível interrupção de fluxo de coleta ou subnotificação.,baseline_v1
ACREUNA,tuberculose,2026,25,positividade,0.0,0.08333333333333333,-1.0,queda_atipica,alta,Verificar possível interrupção de fluxo de coleta ou subnotificação.,baseline_v1
AGUA BOA,chikungunya,2025,38,positividade,0.0,0.34375,-1.0,queda_atipica,alta,Verificar possível interrupção de fluxo de coleta ou subnotificação.,baseline_v1
AGUA BOA,zika,2025,36,positividade,0.0,0.020833333333333325,-1.0,queda_atipica,alta,Verificar possível interrupção de fluxo de coleta ou subnotificação.,baseline_v1
ALTA FLORESTA,dengue,2026,30,positividade,0.0,0.05208333333333333,-1.0,queda_atipica,alta,Verificar possível interrupção de fluxo de coleta ou subnotificação.,baseline_v1
ALTA FLORESTA,zika,2026,22,positividade,0.0,0.0625,-1.0,queda_atipica,alta,Verificar possível interrupção de fluxo de coleta ou subnotificação.,baseline_v1
ALTO GARCAS,zika,2026,26,positividade,0.0,0.08333333333333333,-1.0,queda_atipica,alta,Verificar possível interrupção de fluxo de coleta ou subnotificação.,baseline_v1
ALTO PARAGUAI,dengue,2026,7,positividade,0.0,0.10416666666666666,-1.0,queda_atipica,alta,Verificar possível interrupção de fluxo de coleta ou subnotificação.,baseline_v1
ALTO PARAGUAI,tuberculose,2026,19,positividade,0.0,0.125,-1.0,queda_atipica,alta,Verificar possível interrupção de fluxo de coleta ou subnotificação.,baseline_v1
ALTO TAQUARI,tuberculose,2026,29,positividade,0.0,0.0625,-1.0,queda_atipica,alta,Verificar possível interrupção de fluxo de coleta ou subnotificação.,baseline_v1
AMARANTE DO MARANHAO,dengue,2026,10,positividade,0.0,0.2,-1.0,queda_atipica,alta,Verificar possível interrupção de fluxo de coleta ou subnotificação.,baseline_v1
APARECIDA DE GOIANIA,tuberculose,2026,25,positividade,0.0,0.1875,-1.0,queda_atipica,alta,Verificar possível interrupção de fluxo de coleta ou subnotificação.,baseline_v1
APIACAS,tuberculose,2026,26,positividade,0.0,0.125,-1.0,queda_atipica,alta,Verificar possível interrupção de fluxo de coleta ou subnotificação.,baseline_v1
ARAPUTANGA,chikungunya,2026,29,positividade,0.0,0.0625,-1.0,queda_atipica,alta,Verificar possível interrupção de fluxo de coleta ou subnotificação.,baseline_v1
ARAPUTANGA,dengue,2026,29,positividade,0.0,0.0625,-1.0,queda_atipica,alta,Verificar possível interrupção de fluxo de coleta ou subnotificação.,baseline_v1
ARAPUTANGA,hepatite_b_hbv,2026,29,positividade,0.0,0.2916666666666667,-1.0,queda_atipica,alta,Verificar possível interrupção de fluxo de coleta ou subnotificação.,baseline_v1
ARENAPOLIS,chikungunya,2026,18,positividade,0.0,0.041666666666666664,-1.0,queda_atipica,alta,Verificar possível interrupção de fluxo de coleta ou subnotificação.,baseline_v1
ARIPUANA,dengue,2025,36,positividade,0.0,0.16666666666666666,-1.0,queda_atipica,alta,Verificar possível interrupção de fluxo de coleta ou subnotificação.,baseline_v1
ARIPUANA,tuberculose,2026,26,positividade,0.0,0.125,-1.0,queda_atipica,alta,Verificar possível interrupção de fluxo de coleta ou subnotificação.,baseline_v1
BELEM,tuberculose,2025,47,positividade,0.0,0.125,-1.0,queda_atipica,alta,Verificar possível interrupção de fluxo de coleta ou subnotificação.,baseline_v1
BOA ESPERANCA DO NORTE,tuberculose,2026,29,positividade,0.0,0.375,-1.0,queda_atipica,alta,Verificar possível interrupção de fluxo de coleta ou subnotificação.,baseline_v1
BOA VISTA,tuberculose,2026,29,positividade,0.0,0.125,-1.0,queda_atipica,alta,Verificar possível interrupção de fluxo de coleta ou subnotificação.,baseline_v1
BOM JARDIM,dengue,2026,20,positividade,0.0,0.1875,-1.0,queda_atipica,alta,Verificar possível interrupção de fluxo de coleta ou subnotificação.,baseline_v1
BRASNORTE,dengue,2026,30,positividade,0.0,0.0625,-1.0,queda_atipica,alta,Verificar possível interrupção de fluxo de coleta ou subnotificação.,baseline_v1
CACERES,chikungunya,2026,17,positividade,0.0,0.03390548029556649,-1.0,queda_atipica,alta,Verificar possível interrupção de fluxo de coleta ou subnotificação.,baseline_v1
CACERES,criptococose_criptococos_teste_r_pido,2026,25,positividade,0.0,0.14285714285714285,-1.0,queda_atipica,alta,Verificar possível interrupção de fluxo de coleta ou subnotificação.,baseline_v1
CACERES,dengue,2026,30,positividade,0.0,0.05829326923076923,-1.0,queda_atipica,alta,Verificar possível interrupção de fluxo de coleta ou subnotificação.,baseline_v1
CACERES,hepatite_b_hbv,2026,30,positividade,0.0,0.125,-1.0,queda_atipica,alta,Verificar possível interrupção de fluxo de coleta ou subnotificação.,baseline_v1
CACERES,sarampo_rub_ola_igg,2026,15,positividade,0.0,0.125,-1.0,queda_atipica,alta,Verificar possível interrupção de fluxo de coleta ou subnotificação.,baseline_v1
CACERES,zika,2026,17,positividade,0.0,0.25708333333333333,-1.0,queda_atipica,alta,Verificar possível interrupção de fluxo de coleta ou subnotificação.,baseline_v1
CAMPINAPOLIS,tuberculose,2026,30,positividade,0.0,0.140625,-1.0,queda_atipica,alta,Verificar possível interrupção de fluxo de coleta ou subnotificação.,baseline_v1
CAMPINAPOLIS,zika,2025,42,positividade,0.0,0.08333333333333333,-1.0,queda_atipica,alta,Verificar possível interrupção de fluxo de coleta ou subnotificação.,baseline_v1
CAMPO NOVO DO PARECIS,doen_a_de_chagas_chagas,2026,29,positividade,0.0,0.35714285714285715,-1.0,queda_atipica,alta,Verificar possível interrupção de fluxo de coleta ou subnotificação.,baseline_v1
CAMPO NOVO DO PARECIS,doen_a_de_chagas_chagas_igg,2026,29,positividade,0.0,0.35714285714285715,-1.0,queda_atipica,alta,Verificar possível interrupção de fluxo de coleta ou subnotificação.,baseline_v1
CAMPO NOVO DO PARECIS,hepatite_b_hbv,2026,29,positividade,0.0,0.0625,-1.0,queda_atipica,alta,Verificar possível interrupção de fluxo de coleta ou subnotificação.,baseline_v1
CAMPO VERDE,sarampo_rub_ola_igm,2026,1,positividade,0.0,0.2,-1.0,queda_atipica,alta,Verificar possível interrupção de fluxo de coleta ou subnotificação.,baseline_v1
CAMPO VERDE,sarampo_sarampo_igg,2026,17,positividade,0.0,0.125,-1.0,queda_atipica,alta,Verificar possível interrupção de fluxo de coleta ou subnotificação.,baseline_v1
CAMPO VERDE,sarampo_sarampo_igm,2026,17,positividade,0.0,0.125,-1.0,queda_atipica,alta,Verificar possível interrupção de fluxo de coleta ou subnotificação.,baseline_v1
CAMPO VERDE,tuberculose,2026,30,positividade,0.0,0.05625,-1.0,queda_atipica,alta,Verificar possível interrupção de fluxo de coleta ou subnotificação.,baseline_v1
CAMPO VERDE,zika,2026,12,positividade,0.0,0.11458333333333333,-1.0,queda_atipica,alta,Verificar possível interrupção de fluxo de coleta ou subnotificação.,baseline_v1
CAMPOS DE JULIO,chikungunya,2025,31,positividade,0.0,0.14285714285714285,-1.0,queda_atipica,alta,Verificar possível interrupção de fluxo de coleta ou subnotificação.,baseline_v1
CAMPOS DE JULIO,dengue,2026,8,positividade,0.0,0.3333333333333333,-1.0,queda_atipica,alta,Verificar possível interrupção de fluxo de coleta ou subnotificação.,baseline_v1
CAMPOS DE JULIO,tuberculose,2026,29,positividade,0.0,0.125,-1.0,queda_atipica,alta,Verificar possível interrupção de fluxo de coleta ou subnotificação.,baseline_v1
CANARANA,chikungunya,2025,37,positividade,0.0,0.07142857142857142,-1.0,queda_atipica,alta,Verificar possível interrupção de fluxo de coleta ou subnotificação.,baseline_v1
CANARANA,citomegalov_rus_citomegalov_rus_igm,2026,13,positividade,0.0,0.07083333333333333,-1.0,queda_atipica,alta,Verificar possível interrupção de fluxo de coleta ou subnotificação.,baseline_v1
CANARANA,tuberculose,2026,30,positividade,0.0,0.033333333333333326,-1.0,queda_atipica,alta,Verificar possível interrupção de fluxo de coleta ou subnotificação.,baseline_v1
CARLINDA,tuberculose,2026,28,positividade,0.0,0.07291666666666666,-1.0,queda_atipica,alta,Verificar possível interrupção de fluxo de coleta ou subnotificação.,baseline_v1
CASSILANDIA,tuberculose,2026,25,positividade,0.0,0.2,-1.0,queda_atipica,alta,Verificar possível interrupção de fluxo de coleta ou subnotificação.,baseline_v1
CASTANHEIRA,tuberculose,2026,25,positividade,0.0,0.0625,-1.0,queda_atipica,alta,Verificar possível interrupção de fluxo de coleta ou subnotificação.,baseline_v1
CAXIAS,dengue,2026,29,positividade,0.0,0.0625,-1.0,queda_atipica,alta,Verificar possível interrupção de fluxo de coleta ou subnotificação.,baseline_v1
CHAPADA DOS GUIMARAES,dengue,2026,30,positividade,0.0,0.09374999999999999,-1.0,queda_atipica,alta,Verificar possível interrupção de fluxo de coleta ou subnotificação.,baseline_v1
CHAPADA DOS GUIMARAES,sarampo_sarampo_igm,2026,1,positividade,0.0,0.0625,-1.0,queda_atipica,alta,Verificar possível interrupção de fluxo de coleta ou subnotificação.,baseline_v1
CHAPADA DOS GUIMARAES,zika,2026,19,positividade,0.0,0.3385416666666667,-1.0,queda_atipica,alta,Verificar possível interrupção de fluxo de coleta ou subnotificação.,baseline_v1
CHAPECO,tuberculose,2026,13,positividade,0.0,0.0625,-1.0,queda_atipica,alta,Verificar possível interrupção de fluxo de coleta ou subnotificação.,baseline_v1
COLIDER,dengue,2026,30,positividade,0.0,0.10416666666666666,-1.0,queda_atipica,alta,Verificar possível interrupção de fluxo de coleta ou subnotificação.,baseline_v1
COLNIZA,chikungunya,2026,12,positividade,0.0,0.125,-1.0,queda_atipica,alta,Verificar possível interrupção de fluxo de coleta ou subnotificação.,baseline_v1
COMODORO,tuberculose,2026,29,positividade,0.0,0.08333333333333333,-1.0,queda_atipica,alta,Verificar possível interrupção de fluxo de coleta ou subnotificação.,baseline_v1
CONFRESA,dengue,2026,29,positividade,0.0,0.09375,-1.0,queda_atipica,alta,Verificar possível interrupção de fluxo de coleta ou subnotificação.,baseline_v1
CONFRESA,hepatite_c_hcv,2026,27,positividade,0.0,0.125,-1.0,queda_atipica,alta,Verificar possível interrupção de fluxo de coleta ou subnotificação.,baseline_v1
CONFRESA,tuberculose,2026,29,positividade,0.0,0.125,-1.0,queda_atipica,alta,Verificar possível interrupção de fluxo de coleta ou subnotificação.,baseline_v1
CONFRESA,zika,2026,7,positividade,0.0,0.2,-1.0,queda_atipica,alta,Verificar possível interrupção de fluxo de coleta ou subnotificação.,baseline_v1
CONQUISTA D''OESTE,dengue,2026,30,positividade,0.0,0.3125,-1.0,queda_atipica,alta,Verificar possível interrupção de fluxo de coleta ou subnotificação.,baseline_v1
CUIABA,dengue,2026,30,positividade,0.0,0.025127334465195238,-1.0,queda_atipica,alta,Verificar possível interrupção de fluxo de coleta ou subnotificação.,baseline_v1
CUIABA,doen_a_de_chagas_chagas,2026,29,positividade,0.0,0.25,-1.0,queda_atipica,alta,Verificar possível interrupção de fluxo de coleta ou subnotificação.,baseline_v1
CUIABA,doen_a_de_chagas_chagas_igg,2026,29,positividade,0.0,0.25,-1.0,queda_atipica,alta,Verificar possível interrupção de fluxo de coleta ou subnotificação.,baseline_v1
CUIABA,hepatite,2026,30,positividade,0.0,0.11607142857142856,-1.0,queda_atipica,alta,Verificar possível interrupção de fluxo de coleta ou subnotificação.,baseline_v1
CUIABA,hepatite_c_hcv,2026,30,positividade,0.0,0.025,-1.0,queda_atipica,alta,Verificar possível interrupção de fluxo de coleta ou subnotificação.,baseline_v1
CUIABA,hiv,2026,16,positividade,0.0,0.16666666666666666,-1.0,queda_atipica,alta,Verificar possível interrupção de fluxo de coleta ou subnotificação.,baseline_v1
CUIABA,leishmaniose,2026,29,positividade,0.0,0.12083333333333332,-1.0,queda_atipica,alta,Verificar possível interrupção de fluxo de coleta ou subnotificação.,baseline_v1
CUIABA,sarampo_rub_ola_igg,2025,47,positividade,0.0,0.0625,-1.0,queda_atipica,alta,Verificar possível interrupção de fluxo de coleta ou subnotificação.,baseline_v1
CUIABA,sarampo_sarampo_igm,2025,46,positividade,0.0,0.041666666666666664,-1.0,queda_atipica,alta,Verificar possível interrupção de fluxo de coleta ou subnotificação.,baseline_v1
CUIABA,sifilis,2026,22,positividade,0.0,0.4375,-1.0,queda_atipica,alta,Verificar possível interrupção de fluxo de coleta ou subnotificação.,baseline_v1
CUIABA,toxoplasmose_toxoplasmose_igg,2026,30,positividade,0.0,0.7083333333333334,-1.0,queda_atipica,alta,Verificar possível interrupção de fluxo de coleta ou subnotificação.,baseline_v1
CUIABA,toxoplasmose_toxoplasmose_igm,2026,30,positividade,0.0,0.4791666666666667,-1.0,queda_atipica,alta,Verificar possível interrupção de fluxo de coleta ou subnotificação.,baseline_v1
CUIABA,zika,2026,30,positividade,0.0,0.0125,-1.0,queda_atipica,alta,Verificar possível interrupção de fluxo de coleta ou subnotificação.,baseline_v1
CURITIBA,tuberculose,2026,16,positividade,0.0,0.25,-1.0,queda_atipica,alta,Verificar possível interrupção de fluxo de coleta ou subnotificação.,baseline_v1
CURVELANDIA,hepatite_b_hbv,2026,21,positividade,0.0,0.2857142857142857,-1.0,queda_atipica,alta,Verificar possível interrupção de fluxo de coleta ou subnotificação.,baseline_v1
CURVELANDIA,tuberculose,2026,29,positividade,0.0,0.0625,-1.0,queda_atipica,alta,Verificar possível interrupção de fluxo de coleta ou subnotificação.,baseline_v1
DENISE,chikungunya,2025,41,positividade,0.0,0.041666666666666664,-1.0,queda_atipica,alta,Verificar possível interrupção de fluxo de coleta ou subnotificação.,baseline_v1
ESTIVA,tuberculose,2026,19,positividade,0.0,0.4,-1.0,queda_atipica,alta,Verificar possível interrupção de fluxo de coleta ou subnotificação.,baseline_v1
ESTREITO,tuberculose,2026,26,positividade,0.0,0.25,-1.0,queda_atipica,alta,Verificar possível interrupção de fluxo de coleta ou subnotificação.,baseline_v1
FATIMA DO SUL,tuberculose,2025,50,positividade,0.0,0.125,-1.0,queda_atipica,alta,Verificar possível interrupção de fluxo de coleta ou subnotificação.,baseline_v1
FELIZ NATAL,chikungunya,2026,5,positividade,0.0,0.21875,-1.0,queda_atipica,alta,Verificar possível interrupção de fluxo de coleta ou subnotificação.,baseline_v1
FIGUEIROPOLIS D''OESTE,dengue,2026,28,positividade,0.0,0.047619047619047616,-1.0,queda_atipica,alta,Verificar possível interrupção de fluxo de coleta ou subnotificação.,baseline_v1
FIRMINOPOLIS,tuberculose,2026,26,positividade,0.0,0.16666666666666666,-1.0,queda_atipica,alta,Verificar possível interrupção de fluxo de coleta ou subnotificação.,baseline_v1
FOZ DO IGUACU,tuberculose,2026,22,positividade,0.0,0.16666666666666666,-1.0,queda_atipica,alta,Verificar possível interrupção de fluxo de coleta ou subnotificação.,baseline_v1
FRANCISCO BELTRAO,dengue,2026,8,positividade,0.0,0.1,-1.0,queda_atipica,alta,Verificar possível interrupção de fluxo de coleta ou subnotificação.,baseline_v1
GENERAL CARNEIRO,dengue,2026,20,positividade,0.0,0.09375,-1.0,queda_atipica,alta,Verificar possível interrupção de fluxo de coleta ou subnotificação.,baseline_v1
GLORIA D''OESTE,tuberculose,2026,30,positividade,0.0,0.0625,-1.0,queda_atipica,alta,Verificar possível interrupção de fluxo de coleta ou subnotificação.,baseline_v1
GOIANIA,chikungunya,2025,36,positividade,0.0,0.125,-1.0,queda_atipica,alta,Verificar possível interrupção de fluxo de coleta ou subnotificação.,baseline_v1
GUARANTA DO NORTE,tuberculose,2026,30,positividade,0.0,0.11458333333333333,-1.0,queda_atipica,alta,Verificar possível interrupção de fluxo de coleta ou subnotificação.,baseline_v1
GUIRATINGA,dengue,2026,20,positividade,0.0,0.10416666666666666,-1.0,queda_atipica,alta,Verificar possível interrupção de fluxo de coleta ou subnotificação.,baseline_v1
IMPERATRIZ,dengue,2026,14,positividade,0.0,0.06666666666666667,-1.0,queda_atipica,alta,Verificar possível interrupção de fluxo de coleta ou subnotificação.,baseline_v1
INDIAVAI,tuberculose,2026,20,positividade,0.0,0.025,-1.0,queda_atipica,alta,Verificar possível interrupção de fluxo de coleta ou subnotificação.,baseline_v1
IPIRANGA DO NORTE,chikungunya,2025,52,positividade,0.0,0.04545454545454545,-1.0,queda_atipica,alta,Verificar possível interrupção de fluxo de coleta ou subnotificação.,baseline_v1
IPIRANGA DO NORTE,hepatite_b_hbv,2026,19,positividade,0.0,0.125,-1.0,queda_atipica,alta,Verificar possível interrupção de fluxo de coleta ou subnotificação.,baseline_v1
IPIRANGA DO NORTE,tuberculose,2026,29,positividade,0.0,0.1875,-1.0,queda_atipica,alta,Verificar possível interrupção de fluxo de coleta ou subnotificação.,baseline_v1
ITAITUBA,dengue,2026,7,positividade,0.0,0.1125,-1.0,queda_atipica,alta,Verificar possível interrupção de fluxo de coleta ou subnotificação.,baseline_v1
ITAUBA,dengue,2026,24,positividade,0.0,0.033928571428571426,-1.0,queda_atipica,alta,Verificar possível interrupção de fluxo de coleta ou subnotificação.,baseline_v1
ITAUBA,hepatite_b_hbv,2026,28,positividade,0.0,0.75,-1.0,queda_atipica,alta,Verificar possível interrupção de fluxo de coleta ou subnotificação.,baseline_v1
JACIARA,dengue,2026,11,positividade,0.0,0.41666666666666663,-1.0,queda_atipica,alta,Verificar possível interrupção de fluxo de coleta ou subnotificação.,baseline_v1
JACIARA,meningite,2026,21,positividade,0.0,0.125,-1.0,queda_atipica,alta,Verificar possível interrupção de fluxo de coleta ou subnotificação.,baseline_v1
JACIARA,zika,2025,49,positividade,0.0,0.15,-1.0,queda_atipica,alta,Verificar possível interrupção de fluxo de coleta ou subnotificação.,baseline_v1
JANGADA,chikungunya,2025,36,positividade,0.0,0.0625,-1.0,queda_atipica,alta,Verificar possível interrupção de fluxo de coleta ou subnotificação.,baseline_v1
JANGADA,zika,2025,38,positividade,0.0,0.0625,-1.0,queda_atipica,alta,Verificar possível interrupção de fluxo de coleta ou subnotificação.,baseline_v1
JAURU,tuberculose,2026,16,positividade,0.0,0.1875,-1.0,queda_atipica,alta,Verificar possível interrupção de fluxo de coleta ou subnotificação.,baseline_v1
JOSELANDIA,dengue,2025,32,positividade,0.0,0.0625,-1.0,queda_atipica,alta,Verificar possível interrupção de fluxo de coleta ou subnotificação.,baseline_v1
JUARA,dengue,2026,20,positividade,0.0,0.041666666666666664,-1.0,queda_atipica,alta,Verificar possível interrupção de fluxo de coleta ou subnotificação.,baseline_v1
JUARA,tuberculose,2026,30,positividade,0.0,0.01785714285714285,-1.0,queda_atipica,alta,Verificar possível interrupção de fluxo de coleta ou subnotificação.,baseline_v1
JUARA,zika,2026,16,positividade,0.0,0.07142857142857142,-1.0,queda_atipica,alta,Verificar possível interrupção de fluxo de coleta ou subnotificação.,baseline_v1
JUAZEIRO,dengue,2025,38,positividade,0.0,0.4166666666666667,-1.0,queda_atipica,alta,Verificar possível interrupção de fluxo de coleta ou subnotificação.,baseline_v1
JUINA,meningite,2026,29,positividade,0.0,0.041666666666666664,-1.0,queda_atipica,alta,Verificar possível interrupção de fluxo de coleta ou subnotificação.,baseline_v1
JUINA,tuberculose,2026,29,positividade,0.0,0.022727272727272752,-1.0,queda_atipica,alta,Verificar possível interrupção de fluxo de coleta ou subnotificação.,baseline_v1
LAGO DA PEDRA,dengue,2026,22,positividade,0.0,0.25,-1.0,queda_atipica,alta,Verificar possível interrupção de fluxo de coleta ou subnotificação.,baseline_v1
LUCAS DO RIO VERDE,chikungunya,2026,16,positividade,0.0,0.0625,-1.0,queda_atipica,alta,Verificar possível interrupção de fluxo de coleta ou subnotificação.,baseline_v1
LUCAS DO RIO VERDE,dengue,2026,30,positividade,0.0,0.006367575565419562,-1.0,queda_atipica,alta,Verificar possível interrupção de fluxo de coleta ou subnotificação.,baseline_v1
LUCAS DO RIO VERDE,hepatite_b_hbv,2026,30,positividade,0.0,0.125,-1.0,queda_atipica,alta,Verificar possível interrupção de fluxo de coleta ou subnotificação.,baseline_v1
LUCAS DO RIO VERDE,tuberculose,2026,30,positividade,0.0,0.05416666666666667,-1.0,queda_atipica,alta,Verificar possível interrupção de fluxo de coleta ou subnotificação.,baseline_v1
MARCELANDIA,dengue,2026,30,positividade,0.0,0.03229166666666666,-1.0,queda_atipica,alta,Verificar possível interrupção de fluxo de coleta ou subnotificação.,baseline_v1
MARINGA,dengue,2026,17,positividade,0.0,0.0625,-1.0,queda_atipica,alta,Verificar possível interrupção de fluxo de coleta ou subnotificação.,baseline_v1
MATUPA,chikungunya,2026,16,positividade,0.0,0.25,-1.0,queda_atipica,alta,Verificar possível interrupção de fluxo de coleta ou subnotificação.,baseline_v1
MATUPA,dengue,2026,29,positividade,0.0,0.1337797619047619,-1.0,queda_atipica,alta,Verificar possível interrupção de fluxo de coleta ou subnotificação.,baseline_v1
MATUPA,doen_a_de_chagas_chagas,2026,28,positividade,0.0,0.14285714285714285,-1.0,queda_atipica,alta,Verificar possível interrupção de fluxo de coleta ou subnotificação.,baseline_v1
MATUPA,doen_a_de_chagas_chagas_igg,2026,28,positividade,0.0,0.14285714285714285,-1.0,queda_atipica,alta,Verificar possível interrupção de fluxo de coleta ou subnotificação.,baseline_v1
MINEIROS,tuberculose,2026,29,positividade,0.0,0.125,-1.0,queda_atipica,alta,Verificar possível interrupção de fluxo de coleta ou subnotificação.,baseline_v1
MIRASSOL D''OESTE,criptococose_criptococos_teste_r_pido,2026,29,positividade,0.0,0.5,-1.0,queda_atipica,alta,Verificar possível interrupção de fluxo de coleta ou subnotificação.,baseline_v1
MIRASSOL D''OESTE,dengue,2026,30,positividade,0.0,0.03125,-1.0,queda_atipica,alta,Verificar possível interrupção de fluxo de coleta ou subnotificação.,baseline_v1
MIRASSOL D''OESTE,hepatite_b_hbv,2026,26,positividade,0.0,0.625,-1.0,queda_atipica,alta,Verificar possível interrupção de fluxo de coleta ou subnotificação.,baseline_v1
MIRASSOL D''OESTE,sarampo_rub_ola_igg,2026,1,positividade,0.0,0.3333333333333333,-1.0,queda_atipica,alta,Verificar possível interrupção de fluxo de coleta ou subnotificação.,baseline_v1
MIRASSOL D''OESTE,sarampo_rub_ola_igm,2026,1,positividade,0.0,0.16666666666666666,-1.0,queda_atipica,alta,Verificar possível interrupção de fluxo de coleta ou subnotificação.,baseline_v1
MIRASSOL D''OESTE,tuberculose,2026,30,positividade,0.0,0.125,-1.0,queda_atipica,alta,Verificar possível interrupção de fluxo de coleta ou subnotificação.,baseline_v1
MIRASSOL D''OESTE,zika,2025,50,positividade,0.0,0.03125,-1.0,queda_atipica,alta,Verificar possível interrupção de fluxo de coleta ou subnotificação.,baseline_v1
NOBRES,dengue,2026,29,positividade,0.0,0.125,-1.0,queda_atipica,alta,Verificar possível interrupção de fluxo de coleta ou subnotificação.,baseline_v1
NOBRES,tuberculose,2026,30,positividade,0.0,0.08333333333333333,-1.0,queda_atipica,alta,Verificar possível interrupção de fluxo de coleta ou subnotificação.,baseline_v1
NORTELANDIA,tuberculose,2026,30,positividade,0.0,0.0625,-1.0,queda_atipica,alta,Verificar possível interrupção de fluxo de coleta ou subnotificação.,baseline_v1
NOSSA SENHORA DO LIVRAMENTO,chikungunya,2026,15,positividade,0.0,0.125,-1.0,queda_atipica,alta,Verificar possível interrupção de fluxo de coleta ou subnotificação.,baseline_v1
NOSSA SENHORA DO LIVRAMENTO,dengue,2026,30,positividade,0.0,0.025,-1.0,queda_atipica,alta,Verificar possível interrupção de fluxo de coleta ou subnotificação.,baseline_v1
NOVA BANDEIRANTES,dengue,2026,20,positividade,0.0,0.125,-1.0,queda_atipica,alta,Verificar possível interrupção de fluxo de coleta ou subnotificação.,baseline_v1
NOVA BRASILANDIA,dengue,2026,17,positividade,0.0,0.08333333333333333,-1.0,queda_atipica,alta,Verificar possível interrupção de fluxo de coleta ou subnotificação.,baseline_v1
NOVA CANAA DO NORTE,dengue,2026,7,positividade,0.0,0.125,-1.0,queda_atipica,alta,Verificar possível interrupção de fluxo de coleta ou subnotificação.,baseline_v1
NOVA CANAA DO NORTE,tuberculose,2026,25,positividade,0.0,0.0625,-1.0,queda_atipica,alta,Verificar possível interrupção de fluxo de coleta ou subnotificação.,baseline_v1
NOVA GUARITA,dengue,2026,17,positividade,0.0,0.14334045584045582,-1.0,queda_atipica,alta,Verificar possível interrupção de fluxo de coleta ou subnotificação.,baseline_v1
NOVA LACERDA,dengue,2026,19,positividade,0.0,0.19791666666666666,-1.0,queda_atipica,alta,Verificar possível interrupção de fluxo de coleta ou subnotificação.,baseline_v1
NOVA LACERDA,tuberculose,2026,21,positividade,0.0,0.0625,-1.0,queda_atipica,alta,Verificar possível interrupção de fluxo de coleta ou subnotificação.,baseline_v1
NOVA MARILANDIA,chikungunya,2025,37,positividade,0.0,0.25,-1.0,queda_atipica,alta,Verificar possível interrupção de fluxo de coleta ou subnotificação.,baseline_v1
NOVA MARILANDIA,hepatite_b_hbv,2026,19,positividade,0.0,0.14285714285714285,-1.0,queda_atipica,alta,Verificar possível interrupção de fluxo de coleta ou subnotificação.,baseline_v1
NOVA MARINGA,dengue,2026,20,positividade,0.0,0.08333333333333333,-1.0,queda_atipica,alta,Verificar possível interrupção de fluxo de coleta ou subnotificação.,baseline_v1
NOVA MARINGA,tuberculose,2026,30,positividade,0.0,0.125,-1.0,queda_atipica,alta,Verificar possível interrupção de fluxo de coleta ou subnotificação.,baseline_v1
NOVA MONTE VERDE,dengue,2025,50,positividade,0.0,0.125,-1.0,queda_atipica,alta,Verificar possível interrupção de fluxo de coleta ou subnotificação.,baseline_v1
NOVA MUTUM,hepatite,2026,22,positividade,0.0,0.0625,-1.0,queda_atipica,alta,Verificar possível interrupção de fluxo de coleta ou subnotificação.,baseline_v1
NOVA MUTUM,hepatite_c_hcv,2026,23,positividade,0.0,0.125,-1.0,queda_atipica,alta,Verificar possível interrupção de fluxo de coleta ou subnotificação.,baseline_v1
NOVA MUTUM,leptospira,2026,25,positividade,0.0,0.125,-1.0,queda_atipica,alta,Verificar possível interrupção de fluxo de coleta ou subnotificação.,baseline_v1
NOVA MUTUM,sarampo_sarampo_igg,2025,48,positividade,0.0,0.14285714285714285,-1.0,queda_atipica,alta,Verificar possível interrupção de fluxo de coleta ou subnotificação.,baseline_v1
NOVA MUTUM,toxoplasmose_toxoplasmose_igm,2026,28,positividade,0.0,0.25,-1.0,queda_atipica,alta,Verificar possível interrupção de fluxo de coleta ou subnotificação.,baseline_v1
NOVA MUTUM,zika,2025,51,positividade,0.0,0.0625,-1.0,queda_atipica,alta,Verificar possível interrupção de fluxo de coleta ou subnotificação.,baseline_v1
NOVA OLIMPIA,dengue,2026,25,positividade,0.0,0.057291666666666664,-1.0,queda_atipica,alta,Verificar possível interrupção de fluxo de coleta ou subnotificação.,baseline_v1
NOVA OLIMPIA,hepatite_b_hbv,2026,28,positividade,0.0,0.125,-1.0,queda_atipica,alta,Verificar possível interrupção de fluxo de coleta ou subnotificação.,baseline_v1
NOVA SANTA HELENA,dengue,2026,19,positividade,0.0,0.06770833333333333,-1.0,queda_atipica,alta,Verificar possível interrupção de fluxo de coleta ou subnotificação.,baseline_v1
NOVA UBIRATA,dengue,2026,30,positividade,0.0,0.02500000000000001,-1.0,queda_atipica,alta,Verificar possível interrupção de fluxo de coleta ou subnotificação.,baseline_v1
NOVA UBIRATA,hepatite_b_hbv,2026,24,positividade,0.0,0.125,-1.0,queda_atipica,alta,Verificar possível interrupção de fluxo de coleta ou subnotificação.,baseline_v1
NOVA XAVANTINA,dengue,2026,14,positividade,0.0,0.125,-1.0,queda_atipica,alta,Verificar possível interrupção de fluxo de coleta ou subnotificação.,baseline_v1
NOVA XAVANTINA,tuberculose,2026,26,positividade,0.0,0.125,-1.0,queda_atipica,alta,Verificar possível interrupção de fluxo de coleta ou subnotificação.,baseline_v1
NOVO MUNDO,dengue,2025,50,positividade,0.0,0.0625,-1.0,queda_atipica,alta,Verificar possível interrupção de fluxo de coleta ou subnotificação.,baseline_v1
NOVO PROGRESSO,dengue,2026,28,positividade,0.0,0.1875,-1.0,queda_atipica,alta,Verificar possível interrupção de fluxo de coleta ou subnotificação.,baseline_v1
PACARAIMA,dengue,2026,30,positividade,0.0,0.041666666666666664,-1.0,queda_atipica,alta,Verificar possível interrupção de fluxo de coleta ou subnotificação.,baseline_v1
PARANAITA,dengue,2026,30,positividade,0.0,0.0625,-1.0,queda_atipica,alta,Verificar possível interrupção de fluxo de coleta ou subnotificação.,baseline_v1
PARANAITA,tuberculose,2026,29,positividade,0.0,0.15,-1.0,queda_atipica,alta,Verificar possível interrupção de fluxo de coleta ou subnotificação.,baseline_v1
PEDRA PRETA,dengue,2025,46,positividade,0.0,0.21250000000000002,-1.0,queda_atipica,alta,Verificar possível interrupção de fluxo de coleta ou subnotificação.,baseline_v1
PEIXOTO DE AZEVEDO,chikungunya,2025,35,positividade,0.0,0.09375,-1.0,queda_atipica,alta,Verificar possível interrupção de fluxo de coleta ou subnotificação.,baseline_v1
PEIXOTO DE AZEVEDO,dengue,2026,30,positividade,0.0,0.01785714285714285,-1.0,queda_atipica,alta,Verificar possível interrupção de fluxo de coleta ou subnotificação.,baseline_v1
PEIXOTO DE AZEVEDO,leishmaniose,2026,23,positividade,0.0,0.125,-1.0,queda_atipica,alta,Verificar possível interrupção de fluxo de coleta ou subnotificação.,baseline_v1
PEIXOTO DE AZEVEDO,meningite,2026,12,positividade,0.0,0.16666666666666666,-1.0,queda_atipica,alta,Verificar possível interrupção de fluxo de coleta ou subnotificação.,baseline_v1
PEIXOTO DE AZEVEDO,tuberculose,2026,30,positividade,0.0,0.08333333333333333,-1.0,queda_atipica,alta,Verificar possível interrupção de fluxo de coleta ou subnotificação.,baseline_v1
PLANALTO DA SERRA,dengue,2026,29,positividade,0.0,0.1875,-1.0,queda_atipica,alta,Verificar possível interrupção de fluxo de coleta ou subnotificação.,baseline_v1
POCAO DE PEDRAS,dengue,2025,32,positividade,0.0,0.375,-1.0,queda_atipica,alta,Verificar possível interrupção de fluxo de coleta ou subnotificação.,baseline_v1
POCONE,chikungunya,2026,12,positividade,0.0,0.08173076923076922,-1.0,queda_atipica,alta,Verificar possível interrupção de fluxo de coleta ou subnotificação.,baseline_v1
POCONE,dengue,2026,30,positividade,0.0,0.10416666666666666,-1.0,queda_atipica,alta,Verificar possível interrupção de fluxo de coleta ou subnotificação.,baseline_v1
POCONE,tuberculose,2026,30,positividade,0.0,0.12500000000000006,-1.0,queda_atipica,alta,Verificar possível interrupção de fluxo de coleta ou subnotificação.,baseline_v1
PONTES E LACERDA,chikungunya,2026,30,positividade,0.0,0.09375,-1.0,queda_atipica,alta,Verificar possível interrupção de fluxo de coleta ou subnotificação.,baseline_v1
PONTES E LACERDA,dengue,2026,30,positividade,0.0,0.05454360204360202,-1.0,queda_atipica,alta,Verificar possível interrupção de fluxo de coleta ou subnotificação.,baseline_v1
PONTES E LACERDA,hepatite_a,2026,22,positividade,0.0,0.5,-1.0,queda_atipica,alta,Verificar possível interrupção de fluxo de coleta ou subnotificação.,baseline_v1
PONTES E LACERDA,hiv,2025,47,positividade,0.0,0.16666666666666666,-1.0,queda_atipica,alta,Verificar possível interrupção de fluxo de coleta ou subnotificação.,baseline_v1
PONTES E LACERDA,leishmaniose,2026,23,positividade,0.0,0.25,-1.0,queda_atipica,alta,Verificar possível interrupção de fluxo de coleta ou subnotificação.,baseline_v1
PONTES E LACERDA,tuberculose,2026,29,positividade,0.0,0.12499999999999997,-1.0,queda_atipica,alta,Verificar possível interrupção de fluxo de coleta ou subnotificação.,baseline_v1
PONTES E LACERDA,zika,2026,28,positividade,0.0,0.21875,-1.0,queda_atipica,alta,Verificar possível interrupção de fluxo de coleta ou subnotificação.,baseline_v1
PORTO ALEGRE DO NORTE,tuberculose,2026,29,positividade,0.0,0.125,-1.0,queda_atipica,alta,Verificar possível interrupção de fluxo de coleta ou subnotificação.,baseline_v1
PORTO DOS GAUCHOS,dengue,2026,1,positividade,0.0,0.0625,-1.0,queda_atipica,alta,Verificar possível interrupção de fluxo de coleta ou subnotificação.,baseline_v1
PORTO ESPERIDIAO,dengue,2026,17,positividade,0.0,0.013888888888888888,-1.0,queda_atipica,alta,Verificar possível interrupção de fluxo de coleta ou subnotificação.,baseline_v1
PORTO ESPERIDIAO,hepatite_b_hbv,2026,27,positividade,0.0,0.3958333333333333,-1.0,queda_atipica,alta,Verificar possível interrupção de fluxo de coleta ou subnotificação.,baseline_v1
PORTO VELHO,tuberculose,2026,26,positividade,0.0,0.13541666666666666,-1.0,queda_atipica,alta,Verificar possível interrupção de fluxo de coleta ou subnotificação.,baseline_v1
PRIMAVERA DO LESTE,dengue,2026,30,positividade,0.0,0.05295138888888888,-1.0,queda_atipica,alta,Verificar possível interrupção de fluxo de coleta ou subnotificação.,baseline_v1
PRIMAVERA DO LESTE,leptospira,2026,29,positividade,0.0,0.3333333333333333,-1.0,queda_atipica,alta,Verificar possível interrupção de fluxo de coleta ou subnotificação.,baseline_v1
PRIMAVERA DO LESTE,sarampo_parvov_rus_b19_igg,2026,10,positividade,0.0,0.4375,-1.0,queda_atipica,alta,Verificar possível interrupção de fluxo de coleta ou subnotificação.,baseline_v1
PRIMAVERA DO LESTE,sarampo_rub_ola_igg,2025,49,positividade,0.0,0.27777777777777773,-1.0,queda_atipica,alta,Verificar possível interrupção de fluxo de coleta ou subnotificação.,baseline_v1
PRIMAVERA DO LESTE,sarampo_sarampo_igg,2026,9,positividade,0.0,0.03125,-1.0,queda_atipica,alta,Verificar possível interrupção de fluxo de coleta ou subnotificação.,baseline_v1
PRIMAVERA DO LESTE,sarampo_sarampo_igm,2026,9,positividade,0.0,0.1875,-1.0,queda_atipica,alta,Verificar possível interrupção de fluxo de coleta ou subnotificação.,baseline_v1
PRIMAVERA DO LESTE,tuberculose,2026,30,positividade,0.0,0.023863636363636365,-1.0,queda_atipica,alta,Verificar possível interrupção de fluxo de coleta ou subnotificação.,baseline_v1
QUERENCIA,chikungunya,2025,39,positividade,0.0,0.3541666666666667,-1.0,queda_atipica,alta,Verificar possível interrupção de fluxo de coleta ou subnotificação.,baseline_v1
QUERENCIA,dengue,2026,30,positividade,0.0,0.125,-1.0,queda_atipica,alta,Verificar possível interrupção de fluxo de coleta ou subnotificação.,baseline_v1
QUERENCIA,tuberculose,2026,30,positividade,0.0,0.1875,-1.0,queda_atipica,alta,Verificar possível interrupção de fluxo de coleta ou subnotificação.,baseline_v1
QUIRINOPOLIS,tuberculose,2026,26,positividade,0.0,0.125,-1.0,queda_atipica,alta,Verificar possível interrupção de fluxo de coleta ou subnotificação.,baseline_v1
RESERVA DO CABACAL,tuberculose,2026,23,positividade,0.0,0.125,-1.0,queda_atipica,alta,Verificar possível interrupção de fluxo de coleta ou subnotificação.,baseline_v1
RIO BRANCO,zika,2025,48,positividade,0.0,0.07142857142857142,-1.0,queda_atipica,alta,Verificar possível interrupção de fluxo de coleta ou subnotificação.,baseline_v1
RIO VERDE,dengue,2025,33,positividade,0.0,0.0625,-1.0,queda_atipica,alta,Verificar possível interrupção de fluxo de coleta ou subnotificação.,baseline_v1
RONDONOPOLIS,dengue,2026,30,positividade,0.0,0.046875,-1.0,queda_atipica,alta,Verificar possível interrupção de fluxo de coleta ou subnotificação.,baseline_v1
RONDONOPOLIS,doen_a_de_chagas_chagas,2026,29,positividade,0.0,0.1642857142857143,-1.0,queda_atipica,alta,Verificar possível interrupção de fluxo de coleta ou subnotificação.,baseline_v1
RONDONOPOLIS,doen_a_de_chagas_chagas_igg,2026,29,positividade,0.0,0.1571428571428571,-1.0,queda_atipica,alta,Verificar possível interrupção de fluxo de coleta ou subnotificação.,baseline_v1
RONDONOPOLIS,leptospira,2026,15,positividade,0.0,0.0625,-1.0,queda_atipica,alta,Verificar possível interrupção de fluxo de coleta ou subnotificação.,baseline_v1
RONDONOPOLIS,micose_cultura_para_fungos,2026,15,positividade,0.0,0.4,-1.0,queda_atipica,alta,Verificar possível interrupção de fluxo de coleta ou subnotificação.,baseline_v1
RONDONOPOLIS,micose_fungos,2026,30,positividade,0.0,0.5,-1.0,queda_atipica,alta,Verificar possível interrupção de fluxo de coleta ou subnotificação.,baseline_v1
RONDONOPOLIS,zika,2026,29,positividade,0.0,0.03125,-1.0,queda_atipica,alta,Verificar possível interrupção de fluxo de coleta ou subnotificação.,baseline_v1
ROSARIO OESTE,zika,2026,9,positividade,0.0,0.0625,-1.0,queda_atipica,alta,Verificar possível interrupção de fluxo de coleta ou subnotificação.,baseline_v1
SALTO DO CEU,dengue,2026,15,positividade,0.0,0.03125,-1.0,queda_atipica,alta,Verificar possível interrupção de fluxo de coleta ou subnotificação.,baseline_v1
SANTA LUZIA,tuberculose,2026,29,positividade,0.0,0.125,-1.0,queda_atipica,alta,Verificar possível interrupção de fluxo de coleta ou subnotificação.,baseline_v1
SANTA RITA DO TRIVELATO,dengue,2026,19,positividade,0.0,0.041666666666666664,-1.0,queda_atipica,alta,Verificar possível interrupção de fluxo de coleta ou subnotificação.,baseline_v1
SANTO ANTONIO DO LEVERGER,dengue,2026,30,positividade,0.0,0.041666666666666664,-1.0,queda_atipica,alta,Verificar possível interrupção de fluxo de coleta ou subnotificação.,baseline_v1
SANTO ANTONIO DO LEVERGER,tuberculose,2026,30,positividade,0.0,0.08333333333333333,-1.0,queda_atipica,alta,Verificar possível interrupção de fluxo de coleta ou subnotificação.,baseline_v1
SANTO ANTONIO DO LEVERGER,zika,2025,42,positividade,0.0,0.0625,-1.0,queda_atipica,alta,Verificar possível interrupção de fluxo de coleta ou subnotificação.,baseline_v1
SAO JOSE DO POVO,hepatite_b_hbv,2026,22,positividade,0.0,0.625,-1.0,queda_atipica,alta,Verificar possível interrupção de fluxo de coleta ou subnotificação.,baseline_v1
SAO JOSE DO RIO CLARO,chikungunya,2026,20,positividade,0.0,0.125,-1.0,queda_atipica,alta,Verificar possível interrupção de fluxo de coleta ou subnotificação.,baseline_v1
SAO JOSE DO RIO CLARO,leptospira,2026,27,positividade,0.0,0.16666666666666666,-1.0,queda_atipica,alta,Verificar possível interrupção de fluxo de coleta ou subnotificação.,baseline_v1
SAO JOSE DOS QUATRO MARCOS,chikungunya,2025,51,positividade,0.0,0.125,-1.0,queda_atipica,alta,Verificar possível interrupção de fluxo de coleta ou subnotificação.,baseline_v1
SAO JOSE DOS QUATRO MARCOS,dengue,2026,29,positividade,0.0,0.035416666666666666,-1.0,queda_atipica,alta,Verificar possível interrupção de fluxo de coleta ou subnotificação.,baseline_v1
SAO JOSE DOS QUATRO MARCOS,tuberculose,2026,29,positividade,0.0,0.0625,-1.0,queda_atipica,alta,Verificar possível interrupção de fluxo de coleta ou subnotificação.,baseline_v1
SAO PAULO,chikungunya,2025,38,positividade,0.0,0.14285714285714285,-1.0,queda_atipica,alta,Verificar possível interrupção de fluxo de coleta ou subnotificação.,baseline_v1
SAO PAULO,tuberculose,2026,29,positividade,0.0,0.0625,-1.0,queda_atipica,alta,Verificar possível interrupção de fluxo de coleta ou subnotificação.,baseline_v1
SAPEZAL,tuberculose,2026,30,positividade,0.0,0.10416666666666666,-1.0,queda_atipica,alta,Verificar possível interrupção de fluxo de coleta ou subnotificação.,baseline_v1
SINOP,brucelose_brucelose,2026,24,positividade,0.0,0.2,-1.0,queda_atipica,alta,Verificar possível interrupção de fluxo de coleta ou subnotificação.,baseline_v1
SINOP,dengue,2026,30,positividade,0.0,0.0078125,-1.0,queda_atipica,alta,Verificar possível interrupção de fluxo de coleta ou subnotificação.,baseline_v1
SINOP,febre_amarela,2026,21,positividade,0.0,0.025,-1.0,queda_atipica,alta,Verificar possível interrupção de fluxo de coleta ou subnotificação.,baseline_v1
SINOP,hepatite_b_hbv,2026,30,positividade,0.0,0.011363636363636362,-1.0,queda_atipica,alta,Verificar possível interrupção de fluxo de coleta ou subnotificação.,baseline_v1
SINOP,zika,2026,12,positividade,0.0,0.17500000000000002,-1.0,queda_atipica,alta,Verificar possível interrupção de fluxo de coleta ou subnotificação.,baseline_v1
SORRISO,dengue,2026,30,positividade,0.0,0.005681818181818175,-1.0,queda_atipica,alta,Verificar possível interrupção de fluxo de coleta ou subnotificação.,baseline_v1
SORRISO,tuberculose,2026,30,positividade,0.0,0.1298878205128205,-1.0,queda_atipica,alta,Verificar possível interrupção de fluxo de coleta ou subnotificação.,baseline_v1
TABAPORA,tuberculose,2026,18,positividade,0.0,0.041666666666666664,-1.0,queda_atipica,alta,Verificar possível interrupção de fluxo de coleta ou subnotificação.,baseline_v1
TANGARA DA SERRA,dengue,2026,30,positividade,0.0,0.03173076923076923,-1.0,queda_atipica,alta,Verificar possível interrupção de fluxo de coleta ou subnotificação.,baseline_v1
TANGARA DA SERRA,leptospira,2026,30,positividade,0.0,0.0625,-1.0,queda_atipica,alta,Verificar possível interrupção de fluxo de coleta ou subnotificação.,baseline_v1
TANGARA DA SERRA,meningite,2026,26,positividade,0.0,0.14583333333333331,-1.0,queda_atipica,alta,Verificar possível interrupção de fluxo de coleta ou subnotificação.,baseline_v1
TANGARA DA SERRA,toxoplasmose_toxoplasmose_igm,2026,30,positividade,0.0,0.625,-1.0,queda_atipica,alta,Verificar possível interrupção de fluxo de coleta ou subnotificação.,baseline_v1
TANGARA DA SERRA,tuberculose,2026,30,positividade,0.0,0.14470147907647907,-1.0,queda_atipica,alta,Verificar possível interrupção de fluxo de coleta ou subnotificação.,baseline_v1
TANGARA DA SERRA,zika,2026,22,positividade,0.0,0.14583333333333331,-1.0,queda_atipica,alta,Verificar possível interrupção de fluxo de coleta ou subnotificação.,baseline_v1
TAPURAH,chikungunya,2026,21,positividade,0.0,0.1875,-1.0,queda_atipica,alta,Verificar possível interrupção de fluxo de coleta ou subnotificação.,baseline_v1
TAPURAH,tuberculose,2026,29,positividade,0.0,0.1875,-1.0,queda_atipica,alta,Verificar possível interrupção de fluxo de coleta ou subnotificação.,baseline_v1
TERESINA,tuberculose,2026,29,positividade,0.0,0.0625,-1.0,queda_atipica,alta,Verificar possível interrupção de fluxo de coleta ou subnotificação.,baseline_v1
TERRA NOVA DO NORTE,dengue,2026,12,positividade,0.0,0.035,-1.0,queda_atipica,alta,Verificar possível interrupção de fluxo de coleta ou subnotificação.,baseline_v1
TERRA NOVA DO NORTE,hepatite_c_hcv,2026,11,positividade,0.0,0.0625,-1.0,queda_atipica,alta,Verificar possível interrupção de fluxo de coleta ou subnotificação.,baseline_v1
VALE DE SAO DOMINGOS,tuberculose,2026,21,positividade,0.0,0.125,-1.0,queda_atipica,alta,Verificar possível interrupção de fluxo de coleta ou subnotificação.,baseline_v1
VARZEA GRANDE,chikungunya,2026,30,positividade,0.0,0.008333333333333325,-1.0,queda_atipica,alta,Verificar possível interrupção de fluxo de coleta ou subnotificação.,baseline_v1
VARZEA GRANDE,doenca_de_chagas_aguda_chagas_igg,2026,22,positividade,0.0,0.125,-1.0,queda_atipica,alta,Verificar possível interrupção de fluxo de coleta ou subnotificação.,baseline_v1
VARZEA GRANDE,hepatite,2026,25,positividade,0.0,0.0625,-1.0,queda_atipica,alta,Verificar possível interrupção de fluxo de coleta ou subnotificação.,baseline_v1
VARZEA GRANDE,hepatite_c_hcv,2026,29,positividade,0.0,0.03125,-1.0,queda_atipica,alta,Verificar possível interrupção de fluxo de coleta ou subnotificação.,baseline_v1
VARZEA GRANDE,hiv,2026,29,positividade,0.0,0.041666666666666664,-1.0,queda_atipica,alta,Verificar possível interrupção de fluxo de coleta ou subnotificação.,baseline_v1
VARZEA GRANDE,leptospira,2026,30,positividade,0.0,0.125,-1.0,queda_atipica,alta,Verificar possível interrupção de fluxo de coleta ou subnotificação.,baseline_v1
VARZEA GRANDE,sarampo_rub_ola_igg,2026,22,positividade,0.0,0.10416666666666666,-1.0,queda_atipica,alta,Verificar possível interrupção de fluxo de coleta ou subnotificação.,baseline_v1
VARZEA GRANDE,sarampo_rub_ola_igm,2026,22,positividade,0.0,0.0625,-1.0,queda_atipica,alta,Verificar possível interrupção de fluxo de coleta ou subnotificação.,baseline_v1
VARZEA GRANDE,sarampo_sarampo_igg,2026,21,positividade,0.0,0.0625,-1.0,queda_atipica,alta,Verificar possível interrupção de fluxo de coleta ou subnotificação.,baseline_v1
VARZEA GRANDE,toxoplasmose_rub_ola_igg,2025,43,positividade,0.0,0.1875,-1.0,queda_atipica,alta,Verificar possível interrupção de fluxo de coleta ou subnotificação.,baseline_v1
VARZEA GRANDE,toxoplasmose_toxoplasmose_igm,2026,30,positividade,0.0,0.011363636363636376,-1.0,queda_atipica,alta,Verificar possível interrupção de fluxo de coleta ou subnotificação.,baseline_v1
VARZEA GRANDE,zika,2026,30,positividade,0.0,0.15197368421052632,-1.0,queda_atipica,alta,Verificar possível interrupção de fluxo de coleta ou subnotificação.,baseline_v1
VERA,chikungunya,2026,6,positividade,0.0,0.31462879226037116,-1.0,queda_atipica,alta,Verificar possível interrupção de fluxo de coleta ou subnotificação.,baseline_v1
VERA,hepatite_b_hbv,2026,26,positividade,0.0,0.125,-1.0,queda_atipica,alta,Verificar possível interrupção de fluxo de coleta ou subnotificação.,baseline_v1
VERA,tuberculose,2026,29,positividade,0.0,0.16785714285714284,-1.0,queda_atipica,alta,Verificar possível interrupção de fluxo de coleta ou subnotificação.,baseline_v1
VIANA,tuberculose,2026,1,positividade,0.0,0.2,-1.0,queda_atipica,alta,Verificar possível interrupção de fluxo de coleta ou subnotificação.,baseline_v1
VILA BELA DA SANTISSIMA TRINDADE,dengue,2026,17,positividade,0.0,0.041666666666666664,-1.0,queda_atipica,alta,Verificar possível interrupção de fluxo de coleta ou subnotificação.,baseline_v1
VILA RICA,dengue,2026,29,positividade,0.0,0.125,-1.0,queda_atipica,alta,Verificar possível interrupção de fluxo de coleta ou subnotificação.,baseline_v1
AGUA BOA,chikungunya,2025,38,incidencia_100k,0.0,2.725941618118944,-1.0,queda_atipica,alta,Verificar possível interrupção de fluxo de coleta ou subnotificação.,baseline_v1
AGUA BOA,zika,2025,36,incidencia_100k,0.0,0.3894202311598492,-1.0,queda_atipica,alta,Verificar possível interrupção de fluxo de coleta ou subnotificação.,baseline_v1
ARIPUANA,dengue,2025,36,incidencia_100k,0.0,0.9413359439716846,-1.0,queda_atipica,alta,Verificar possível interrupção de fluxo de coleta ou subnotificação.,baseline_v1
CAMPINAPOLIS,zika,2025,42,incidencia_100k,0.0,3.1629554655870447,-1.0,queda_atipica,alta,Verificar possível interrupção de fluxo de coleta ou subnotificação.,baseline_v1
CAMPOS DE JULIO,chikungunya,2025,31,incidencia_100k,0.0,1.43632759759846,-1.0,queda_atipica,alta,Verificar possível interrupção de fluxo de coleta ou subnotificação.,baseline_v1
CANARANA,chikungunya,2025,37,incidencia_100k,0.0,0.5043678253676841,-1.0,queda_atipica,alta,Verificar possível interrupção de fluxo de coleta ou subnotificação.,baseline_v1
CUIABA,sarampo_rub_ola_igg,2025,47,incidencia_100k,0.0,0.018066847335140013,-1.0,queda_atipica,alta,Verificar possível interrupção de fluxo de coleta ou subnotificação.,baseline_v1
CUIABA,sarampo_sarampo_igm,2025,46,incidencia_100k,0.0,0.018066847335140013,-1.0,queda_atipica,alta,Verificar possível interrupção de fluxo de coleta ou subnotificação.,baseline_v1
DENISE,chikungunya,2025,41,incidencia_100k,0.0,1.8726591760299625,-1.0,queda_atipica,alta,Verificar possível interrupção de fluxo de coleta ou subnotificação.,baseline_v1
IPIRANGA DO NORTE,chikungunya,2025,52,incidencia_100k,0.0,11.55001155001155,-1.0,queda_atipica,alta,Verificar possível interrupção de fluxo de coleta ou subnotificação.,baseline_v1
JACIARA,zika,2025,49,incidencia_100k,0.0,1.342146763748616,-1.0,queda_atipica,alta,Verificar possível interrupção de fluxo de coleta ou subnotificação.,baseline_v1
JANGADA,chikungunya,2025,36,incidencia_100k,0.0,1.686226898691488,-1.0,queda_atipica,alta,Verificar possível interrupção de fluxo de coleta ou subnotificação.,baseline_v1
JANGADA,zika,2025,38,incidencia_100k,0.0,1.686226898691488,-1.0,queda_atipica,alta,Verificar possível interrupção de fluxo de coleta ou subnotificação.,baseline_v1
NOVA MARILANDIA,chikungunya,2025,37,incidencia_100k,0.0,13.401232913428036,-1.0,queda_atipica,alta,Verificar possível interrupção de fluxo de coleta ou subnotificação.,baseline_v1
NOVA MONTE VERDE,dengue,2025,50,incidencia_100k,0.0,1.475796930342385,-1.0,queda_atipica,alta,Verificar possível interrupção de fluxo de coleta ou subnotificação.,baseline_v1
NOVA MUTUM,sarampo_sarampo_igg,2025,48,incidencia_100k,0.0,0.22513142046669743,-1.0,queda_atipica,alta,Verificar possível interrupção de fluxo de coleta ou subnotificação.,baseline_v1
NOVA MUTUM,zika,2025,51,incidencia_100k,0.0,0.19698999290836025,-1.0,queda_atipica,alta,Verificar possível interrupção de fluxo de coleta ou subnotificação.,baseline_v1
NOVO MUNDO,dengue,2025,50,incidencia_100k,0.0,3.925879396984925,-1.0,queda_atipica,alta,Verificar possível interrupção de fluxo de coleta ou subnotificação.,baseline_v1
PEDRA PRETA,dengue,2025,46,incidencia_100k,0.0,3.298849361342764,-1.0,queda_atipica,alta,Verificar possível interrupção de fluxo de coleta ou subnotificação.,baseline_v1
PEIXOTO DE AZEVEDO,chikungunya,2025,35,incidencia_100k,0.0,1.1109794394738401,-1.0,queda_atipica,alta,Verificar possível interrupção de fluxo de coleta ou subnotificação.,baseline_v1
PONTES E LACERDA,hiv,2025,47,incidencia_100k,0.0,0.5977786545198044,-1.0,queda_atipica,alta,Verificar possível interrupção de fluxo de coleta ou subnotificação.,baseline_v1
PRIMAVERA DO LESTE,sarampo_rub_ola_igg,2025,49,incidencia_100k,0.0,0.8680013054739634,-1.0,queda_atipica,alta,Verificar possível interrupção de fluxo de coleta ou subnotificação.,baseline_v1
QUERENCIA,chikungunya,2025,39,incidencia_100k,0.0,1.607717041800643,-1.0,queda_atipica,alta,Verificar possível interrupção de fluxo de coleta ou subnotificação.,baseline_v1
RIO BRANCO,zika,2025,48,incidencia_100k,0.0,3.2175032175032174,-1.0,queda_atipica,alta,Verificar possível interrupção de fluxo de coleta ou subnotificação.,baseline_v1
SANTO ANTONIO DO LEVERGER,zika,2025,42,incidencia_100k,0.0,0.7423243660549914,-1.0,queda_atipica,alta,Verificar possível interrupção de fluxo de coleta ou subnotificação.,baseline_v1
SAO JOSE DOS QUATRO MARCOS,chikungunya,2025,51,incidencia_100k,0.0,1.410755600699735,-1.0,queda_atipica,alta,Verificar possível interrupção de fluxo de coleta ou subnotificação.,baseline_v1
VARZEA GRANDE,toxoplasmose_rub_ola_igg,2025,43,incidencia_100k,0.0,0.07838907319030985,-1.0,queda_atipica,alta,Verificar possível interrupção de fluxo de coleta ou subnotificação.,baseline_v1
AGUA BOA,meningite,2026,20,notificacoes,0.0,0.5,-1.0,queda_atipica,alta,Verificar possível interrupção de fluxo de coleta ou subnotificação.,baseline_v1
ALTA FLORESTA,zika,2026,22,notificacoes,0.0,1.625,-1.0,queda_atipica,alta,Verificar possível interrupção de fluxo de coleta ou subnotificação.,baseline_v1
ALTO BOA VISTA,tuberculose,2026,24,notificacoes,0.0,0.125,-1.0,queda_atipica,alta,Verificar possível interrupção de fluxo de coleta ou subnotificação.,baseline_v1
ALTO PARAGUAI,tuberculose,2026,19,notificacoes,0.0,0.375,-1.0,queda_atipica,alta,Verificar possível interrupção de fluxo de coleta ou subnotificação.,baseline_v1
ALTO TAQUARI,tuberculose,2026,29,notificacoes,0.0,0.25,-1.0,queda_atipica,alta,Verificar possível interrupção de fluxo de coleta ou subnotificação.,baseline_v1
BARRA DO GARCAS,meningite,2026,25,notificacoes,0.0,0.125,-1.0,queda_atipica,alta,Verificar possível interrupção de fluxo de coleta ou subnotificação.,baseline_v1
BARRA DO GARCAS,zika,2026,28,notificacoes,0.0,0.125,-1.0,queda_atipica,alta,Verificar possível interrupção de fluxo de coleta ou subnotificação.,baseline_v1
CACERES,meningite,2026,29,notificacoes,0.0,0.125,-1.0,queda_atipica,alta,Verificar possível interrupção de fluxo de coleta ou subnotificação.,baseline_v1
CACERES,zika,2026,17,notificacoes,0.0,0.375,-1.0,queda_atipica,alta,Verificar possível interrupção de fluxo de coleta ou subnotificação.,baseline_v1
CAMPO NOVO DO PARECIS,hantavirus,2026,28,notificacoes,0.0,0.25,-1.0,queda_atipica,alta,Verificar possível interrupção de fluxo de coleta ou subnotificação.,baseline_v1
CAMPO VERDE,meningite,2026,30,notificacoes,0.0,0.25,-1.0,queda_atipica,alta,Verificar possível interrupção de fluxo de coleta ou subnotificação.,baseline_v1
CAMPO VERDE,zika,2026,12,notificacoes,0.0,0.125,-1.0,queda_atipica,alta,Verificar possível interrupção de fluxo de coleta ou subnotificação.,baseline_v1
CANARANA,meningite,2026,23,notificacoes,0.0,0.5,-1.0,queda_atipica,alta,Verificar possível interrupção de fluxo de coleta ou subnotificação.,baseline_v1
CANARANA,zika,2025,37,notificacoes,0.0,1.3333333333333333,-1.0,queda_atipica,alta,Verificar possível interrupção de fluxo de coleta ou subnotificação.,baseline_v1
CHAPADA DOS GUIMARAES,leptospira,2026,3,notificacoes,0.0,0.5,-1.0,queda_atipica,alta,Verificar possível interrupção de fluxo de coleta ou subnotificação.,baseline_v1
CHAPADA DOS GUIMARAES,oropouche,2025,45,notificacoes,0.0,0.2,-1.0,queda_atipica,alta,Verificar possível interrupção de fluxo de coleta ou subnotificação.,baseline_v1
CHAPADA DOS GUIMARAES,zika,2026,19,notificacoes,0.0,0.125,-1.0,queda_atipica,alta,Verificar possível interrupção de fluxo de coleta ou subnotificação.,baseline_v1
COLIDER,leptospira,2026,29,notificacoes,0.0,0.2,-1.0,queda_atipica,alta,Verificar possível interrupção de fluxo de coleta ou subnotificação.,baseline_v1
COLIDER,zika,2026,22,notificacoes,0.0,0.25,-1.0,queda_atipica,alta,Verificar possível interrupção de fluxo de coleta ou subnotificação.,baseline_v1
COLNIZA,zika,2026,12,notificacoes,0.0,0.125,-1.0,queda_atipica,alta,Verificar possível interrupção de fluxo de coleta ou subnotificação.,baseline_v1
CUIABA,leptospira,2026,29,notificacoes,0.0,0.5,-1.0,queda_atipica,alta,Verificar possível interrupção de fluxo de coleta ou subnotificação.,baseline_v1
CURVELANDIA,zika,2025,12,notificacoes,0.0,0.125,-1.0,queda_atipica,alta,Verificar possível interrupção de fluxo de coleta ou subnotificação.,baseline_v1
DIAMANTINO,meningite,2026,24,notificacoes,0.0,0.2,-1.0,queda_atipica,alta,Verificar possível interrupção de fluxo de coleta ou subnotificação.,baseline_v1
FELIZ NATAL,meningite,2025,45,notificacoes,0.0,0.25,-1.0,queda_atipica,alta,Verificar possível interrupção de fluxo de coleta ou subnotificação.,baseline_v1
FELIZ NATAL,zika,2025,31,notificacoes,0.0,0.14285714285714285,-1.0,queda_atipica,alta,Verificar possível interrupção de fluxo de coleta ou subnotificação.,baseline_v1
GUARANTA DO NORTE,meningite,2026,22,notificacoes,0.0,0.25,-1.0,queda_atipica,alta,Verificar possível interrupção de fluxo de coleta ou subnotificação.,baseline_v1
ITAUBA,zika,2026,11,notificacoes,0.0,15.666666666666666,-1.0,queda_atipica,alta,Verificar possível interrupção de fluxo de coleta ou subnotificação.,baseline_v1
JAURU,tuberculose,2026,16,notificacoes,0.0,0.125,-1.0,queda_atipica,alta,Verificar possível interrupção de fluxo de coleta ou subnotificação.,baseline_v1
JUARA,zika,2026,16,notificacoes,0.0,2.5714285714285716,-1.0,queda_atipica,alta,Verificar possível interrupção de fluxo de coleta ou subnotificação.,baseline_v1
JUINA,meningite,2026,29,notificacoes,0.0,0.125,-1.0,queda_atipica,alta,Verificar possível interrupção de fluxo de coleta ou subnotificação.,baseline_v1
LUCIARA,tuberculose,2026,28,notificacoes,0.0,0.14285714285714285,-1.0,queda_atipica,alta,Verificar possível interrupção de fluxo de coleta ou subnotificação.,baseline_v1
MARCELANDIA,zika,2025,44,notificacoes,0.0,0.125,-1.0,queda_atipica,alta,Verificar possível interrupção de fluxo de coleta ou subnotificação.,baseline_v1
MATUPA,tuberculose,2026,28,notificacoes,0.0,0.125,-1.0,queda_atipica,alta,Verificar possível interrupção de fluxo de coleta ou subnotificação.,baseline_v1
MATUPA,zika,2026,16,notificacoes,0.0,0.14285714285714285,-1.0,queda_atipica,alta,Verificar possível interrupção de fluxo de coleta ou subnotificação.,baseline_v1
NOBRES,zika,2026,28,notificacoes,0.0,0.14285714285714285,-1.0,queda_atipica,alta,Verificar possível interrupção de fluxo de coleta ou subnotificação.,baseline_v1
NOSSA SENHORA DO LIVRAMENTO,zika,2025,35,notificacoes,0.0,1.75,-1.0,queda_atipica,alta,Verificar possível interrupção de fluxo de coleta ou subnotificação.,baseline_v1
NOVA BANDEIRANTES,tuberculose,2026,21,notificacoes,0.0,0.125,-1.0,queda_atipica,alta,Verificar possível interrupção de fluxo de coleta ou subnotificação.,baseline_v1
NOVA MONTE VERDE,tuberculose,2026,25,notificacoes,0.0,0.125,-1.0,queda_atipica,alta,Verificar possível interrupção de fluxo de coleta ou subnotificação.,baseline_v1
NOVA MUTUM,hantavirus,2026,25,notificacoes,0.0,0.4,-1.0,queda_atipica,alta,Verificar possível interrupção de fluxo de coleta ou subnotificação.,baseline_v1
NOVA MUTUM,leptospira,2026,25,notificacoes,0.0,0.25,-1.0,queda_atipica,alta,Verificar possível interrupção de fluxo de coleta ou subnotificação.,baseline_v1
NOVA MUTUM,zika,2025,51,notificacoes,0.0,1.25,-1.0,queda_atipica,alta,Verificar possível interrupção de fluxo de coleta ou subnotificação.,baseline_v1
NOVA SANTA HELENA,tuberculose,2026,18,notificacoes,0.0,0.14285714285714285,-1.0,queda_atipica,alta,Verificar possível interrupção de fluxo de coleta ou subnotificação.,baseline_v1
NOVA SANTA HELENA,zika,2025,30,notificacoes,0.0,0.125,-1.0,queda_atipica,alta,Verificar possível interrupção de fluxo de coleta ou subnotificação.,baseline_v1
NOVA UBIRATA,tuberculose,2026,27,notificacoes,0.0,0.125,-1.0,queda_atipica,alta,Verificar possível interrupção de fluxo de coleta ou subnotificação.,baseline_v1
PEDRA PRETA,zika,2025,33,notificacoes,0.0,0.14285714285714285,-1.0,queda_atipica,alta,Verificar possível interrupção de fluxo de coleta ou subnotificação.,baseline_v1
PEIXOTO DE AZEVEDO,meningite,2026,12,notificacoes,0.0,0.125,-1.0,queda_atipica,alta,Verificar possível interrupção de fluxo de coleta ou subnotificação.,baseline_v1
POCONE,meningite,2025,48,notificacoes,0.0,0.4,-1.0,queda_atipica,alta,Verificar possível interrupção de fluxo de coleta ou subnotificação.,baseline_v1
POCONE,zika,2025,51,notificacoes,0.0,0.125,-1.0,queda_atipica,alta,Verificar possível interrupção de fluxo de coleta ou subnotificação.,baseline_v1
PONTES E LACERDA,zika,2026,28,notificacoes,0.0,1.25,-1.0,queda_atipica,alta,Verificar possível interrupção de fluxo de coleta ou subnotificação.,baseline_v1
PORTO ESTRELA,tuberculose,2026,16,notificacoes,0.0,0.125,-1.0,queda_atipica,alta,Verificar possível interrupção de fluxo de coleta ou subnotificação.,baseline_v1
QUERENCIA,meningite,2026,30,notificacoes,0.0,0.2,-1.0,queda_atipica,alta,Verificar possível interrupção de fluxo de coleta ou subnotificação.,baseline_v1
QUERENCIA,zika,2025,33,notificacoes,0.0,0.2857142857142857,-1.0,queda_atipica,alta,Verificar possível interrupção de fluxo de coleta ou subnotificação.,baseline_v1
RONDONOPOLIS,meningite,2026,25,notificacoes,0.0,0.25,-1.0,queda_atipica,alta,Verificar possível interrupção de fluxo de coleta ou subnotificação.,baseline_v1
RONDONOPOLIS,zika,2026,29,notificacoes,0.0,0.125,-1.0,queda_atipica,alta,Verificar possível interrupção de fluxo de coleta ou subnotificação.,baseline_v1
SANTA CARMEM,tuberculose,2025,46,notificacoes,0.0,0.42857142857142855,-1.0,queda_atipica,alta,Verificar possível interrupção de fluxo de coleta ou subnotificação.,baseline_v1
SANTO ANTONIO DO LESTE,tuberculose,2026,29,notificacoes,0.0,1.0,-1.0,queda_atipica,alta,Verificar possível interrupção de fluxo de coleta ou subnotificação.,baseline_v1
SAO JOSE DO RIO CLARO,leptospira,2026,27,notificacoes,0.0,0.16666666666666666,-1.0,queda_atipica,alta,Verificar possível interrupção de fluxo de coleta ou subnotificação.,baseline_v1
SAO JOSE DO RIO CLARO,meningite,2026,20,notificacoes,0.0,0.4,-1.0,queda_atipica,alta,Verificar possível interrupção de fluxo de coleta ou subnotificação.,baseline_v1
SAO JOSE DOS QUATRO MARCOS,zika,2025,12,notificacoes,0.0,0.25,-1.0,queda_atipica,alta,Verificar possível interrupção de fluxo de coleta ou subnotificação.,baseline_v1
SAO PEDRO DA CIPA,tuberculose,2026,28,notificacoes,0.0,0.125,-1.0,queda_atipica,alta,Verificar possível interrupção de fluxo de coleta ou subnotificação.,baseline_v1
SAPEZAL,tuberculose,2026,30,notificacoes,0.0,0.125,-1.0,queda_atipica,alta,Verificar possível interrupção de fluxo de coleta ou subnotificação.,baseline_v1
SINOP,leptospira,2026,24,notificacoes,0.0,0.25,-1.0,queda_atipica,alta,Verificar possível interrupção de fluxo de coleta ou subnotificação.,baseline_v1
SINOP,zika,2026,12,notificacoes,0.0,2.25,-1.0,queda_atipica,alta,Verificar possível interrupção de fluxo de coleta ou subnotificação.,baseline_v1
SORRISO,meningite,2026,30,notificacoes,0.0,0.25,-1.0,queda_atipica,alta,Verificar possível interrupção de fluxo de coleta ou subnotificação.,baseline_v1
SORRISO,zika,2025,42,notificacoes,0.0,0.125,-1.0,queda_atipica,alta,Verificar possível interrupção de fluxo de coleta ou subnotificação.,baseline_v1
TANGARA DA SERRA,hantavirus,2026,25,notificacoes,0.0,0.125,-1.0,queda_atipica,alta,Verificar possível interrupção de fluxo de coleta ou subnotificação.,baseline_v1
TAPURAH,meningite,2026,29,notificacoes,0.0,0.3333333333333333,-1.0,queda_atipica,alta,Verificar possível interrupção de fluxo de coleta ou subnotificação.,baseline_v1
TAPURAH,tuberculose,2026,29,notificacoes,0.0,0.125,-1.0,queda_atipica,alta,Verificar possível interrupção de fluxo de coleta ou subnotificação.,baseline_v1
VARZEA GRANDE,leptospira,2026,30,notificacoes,0.0,0.25,-1.0,queda_atipica,alta,Verificar possível interrupção de fluxo de coleta ou subnotificação.,baseline_v1
VERA,zika,2025,35,notificacoes,0.0,0.125,-1.0,queda_atipica,alta,Verificar possível interrupção de fluxo de coleta ou subnotificação.,baseline_v1
GUARANTA DO NORTE,toxoplasmose_toxoplasmose_igm,2026,28,positividade,0.1666666666666666,0.08333333333333333,0.9999999999999993,alta_atipica,moderada,Investigar pico atípico e validar capacidade laboratorial/vigilância.,baseline_v1
ALTAMIRA,chikungunya,2025,49,tests,3.0,1.5714285714285714,0.9090909090909092,alta_atipica,moderada,Investigar pico atípico e validar capacidade laboratorial/vigilância.,baseline_v1
MIRASSOL D''OESTE,meningite,2026,16,tests,3.0,1.5714285714285714,0.9090909090909092,alta_atipica,moderada,Investigar pico atípico e validar capacidade laboratorial/vigilância.,baseline_v1
NOVA MUTUM,sarampo_sarampo_igg,2025,48,tests,3.0,1.5714285714285714,0.9090909090909092,alta_atipica,moderada,Investigar pico atípico e validar capacidade laboratorial/vigilância.,baseline_v1
NOVA MUTUM,sarampo_sarampo_igm,2025,48,tests,3.0,1.5714285714285714,0.9090909090909092,alta_atipica,moderada,Investigar pico atípico e validar capacidade laboratorial/vigilância.,baseline_v1
RONDONOPOLIS,sarampo_sarampo_igm,2025,41,tests,3.0,1.5714285714285714,0.9090909090909092,alta_atipica,moderada,Investigar pico atípico e validar capacidade laboratorial/vigilância.,baseline_v1
ARAPUTANGA,chikungunya,2026,29,tests,5.0,2.625,0.9047619047619048,alta_atipica,moderada,Investigar pico atípico e validar capacidade laboratorial/vigilância.,baseline_v1
NOVO MUNDO,dengue,2025,50,tests,5.0,2.625,0.9047619047619048,alta_atipica,moderada,Investigar pico atípico e validar capacidade laboratorial/vigilância.,baseline_v1
SAO JOSE DOS QUATRO MARCOS,raiva_raiva,2025,23,tests,11.0,5.8,0.896551724137931,alta_atipica,moderada,Investigar pico atípico e validar capacidade laboratorial/vigilância.,baseline_v1
ARENAPOLIS,dengue,2026,20,tests,12.0,6.375,0.8823529411764706,alta_atipica,moderada,Investigar pico atípico e validar capacidade laboratorial/vigilância.,baseline_v1
CAMPO GRANDE,chikungunya,2025,37,tests,4.0,2.125,0.8823529411764706,alta_atipica,moderada,Investigar pico atípico e validar capacidade laboratorial/vigilância.,baseline_v1
CANARANA,tuberculose,2026,30,tests,12.0,6.375,0.8823529411764706,alta_atipica,moderada,Investigar pico atípico e validar capacidade laboratorial/vigilância.,baseline_v1
CONQUISTA D''OESTE,dengue,2026,30,tests,4.0,2.125,0.8823529411764706,alta_atipica,moderada,Investigar pico atípico e validar capacidade laboratorial/vigilância.,baseline_v1
DOURADOS,dengue,2026,20,tests,4.0,2.125,0.8823529411764706,alta_atipica,moderada,Investigar pico atípico e validar capacidade laboratorial/vigilância.,baseline_v1
NOVA MARINGA,dengue,2026,20,tests,4.0,2.125,0.8823529411764706,alta_atipica,moderada,Investigar pico atípico e validar capacidade laboratorial/vigilância.,baseline_v1
PRIMAVERA DO LESTE,zika,2026,28,tests,4.0,2.125,0.8823529411764706,alta_atipica,moderada,Investigar pico atípico e validar capacidade laboratorial/vigilância.,baseline_v1
VARZEA GRANDE,infec_o_coloniza_o_bact_rias_teste_de_sensibilidade,2025,45,tests,4.0,2.125,0.8823529411764706,alta_atipica,moderada,Investigar pico atípico e validar capacidade laboratorial/vigilância.,baseline_v1
MATINHA,dengue,2025,30,tests,3.0,1.6,0.8749999999999999,alta_atipica,moderada,Investigar pico atípico e validar capacidade laboratorial/vigilância.,baseline_v1
SORRISO,infec_o_coloniza_o_bact_rias_teste_de_sensibilidade,2025,48,tests,3.0,1.6,0.8749999999999999,alta_atipica,moderada,Investigar pico atípico e validar capacidade laboratorial/vigilância.,baseline_v1
SORRISO,infec_o_coloniza_o_pesquisa_de_genes_de_resist_ncia,2025,52,tests,3.0,1.6,0.8749999999999999,alta_atipica,moderada,Investigar pico atípico e validar capacidade laboratorial/vigilância.,baseline_v1
BOM JESUS DO ARAGUAIA,hepatite_b_hbv,2026,21,positividade,1.0,0.5390625,0.855072463768116,alta_atipica,moderada,Investigar pico atípico e validar capacidade laboratorial/vigilância.,baseline_v1
JUINA,hepatite_b_hbv,2026,30,tests,46.0,24.875,0.8492462311557789,alta_atipica,moderada,Investigar pico atípico e validar capacidade laboratorial/vigilância.,baseline_v1
JURUENA,chikungunya,2025,31,tests,4.0,2.1666666666666665,0.8461538461538463,alta_atipica,moderada,Investigar pico atípico e validar capacidade laboratorial/vigilância.,baseline_v1
ARIPUANA,tuberculose,2026,26,tests,3.0,1.625,0.8461538461538461,alta_atipica,moderada,Investigar pico atípico e validar capacidade laboratorial/vigilância.,baseline_v1
CLAUDIA,dengue,2026,29,tests,3.0,1.625,0.8461538461538461,alta_atipica,moderada,Investigar pico atípico e validar capacidade laboratorial/vigilância.,baseline_v1
IPIRANGA DO NORTE,tuberculose,2026,29,tests,3.0,1.625,0.8461538461538461,alta_atipica,moderada,Investigar pico atípico e validar capacidade laboratorial/vigilância.,baseline_v1
ITANHANGA,tuberculose,2026,12,tests,3.0,1.625,0.8461538461538461,alta_atipica,moderada,Investigar pico atípico e validar capacidade laboratorial/vigilância.,baseline_v1
NOSSA SENHORA DO LIVRAMENTO,dengue,2026,30,tests,6.0,3.25,0.8461538461538461,alta_atipica,moderada,Investigar pico atípico e validar capacidade laboratorial/vigilância.,baseline_v1
NOVA MONTE VERDE,dengue,2025,50,tests,3.0,1.625,0.8461538461538461,alta_atipica,moderada,Investigar pico atípico e validar capacidade laboratorial/vigilância.,baseline_v1
VILA RICA,hepatite_c_hcv,2026,17,tests,3.0,1.625,0.8461538461538461,alta_atipica,moderada,Investigar pico atípico e validar capacidade laboratorial/vigilância.,baseline_v1
MINEIROS,dengue,2026,11,tests,5.0,2.75,0.8181818181818182,alta_atipica,moderada,Investigar pico atípico e validar capacidade laboratorial/vigilância.,baseline_v1
JUARA,influenza,2026,15,tests,3.0,1.6666666666666667,0.7999999999999999,alta_atipica,moderada,Investigar pico atípico e validar capacidade laboratorial/vigilância.,baseline_v1
LUCAS DO RIO VERDE,hepatite_b_hbv,2026,30,tests,11.0,6.125,0.7959183673469388,alta_atipica,moderada,Investigar pico atípico e validar capacidade laboratorial/vigilância.,baseline_v1
CAMPO NOVO DO PARECIS,oropouche,2026,30,tests,2.0,1.125,0.7777777777777778,alta_atipica,moderada,Investigar pico atípico e validar capacidade laboratorial/vigilância.,baseline_v1
CAMPO VERDE,oropouche,2026,23,tests,2.0,1.125,0.7777777777777778,alta_atipica,moderada,Investigar pico atípico e validar capacidade laboratorial/vigilância.,baseline_v1
CHAPECO,dengue,2026,20,tests,4.0,2.25,0.7777777777777778,alta_atipica,moderada,Investigar pico atípico e validar capacidade laboratorial/vigilância.,baseline_v1
COLIDER,hepatite_b_hbv,2026,30,tests,4.0,2.25,0.7777777777777778,alta_atipica,moderada,Investigar pico atípico e validar capacidade laboratorial/vigilância.,baseline_v1
GUARANTA DO NORTE,toxoplasmose_citomegalov_rus_igg,2026,30,tests,2.0,1.125,0.7777777777777778,alta_atipica,moderada,Investigar pico atípico e validar capacidade laboratorial/vigilância.,baseline_v1
GUARANTA DO NORTE,toxoplasmose_citomegalov_rus_igm,2026,30,tests,2.0,1.125,0.7777777777777778,alta_atipica,moderada,Investigar pico atípico e validar capacidade laboratorial/vigilância.,baseline_v1
ITAUBA,sars_cov_2,2026,17,tests,2.0,1.125,0.7777777777777778,alta_atipica,moderada,Investigar pico atípico e validar capacidade laboratorial/vigilância.,baseline_v1
JUSCIMEIRA,tuberculose,2026,29,tests,4.0,2.25,0.7777777777777778,alta_atipica,moderada,Investigar pico atípico e validar capacidade laboratorial/vigilância.,baseline_v1
MANAUS,dengue,2026,30,tests,4.0,2.25,0.7777777777777778,alta_atipica,moderada,Investigar pico atípico e validar capacidade laboratorial/vigilância.,baseline_v1
PEIXOTO DE AZEVEDO,hepatite_c_hcv,2026,5,tests,4.0,2.25,0.7777777777777778,alta_atipica,moderada,Investigar pico atípico e validar capacidade laboratorial/vigilância.,baseline_v1
SAO JOSE DO RIO CLARO,hepatite_c_hcv,2026,29,tests,2.0,1.125,0.7777777777777778,alta_atipica,moderada,Investigar pico atípico e validar capacidade laboratorial/vigilância.,baseline_v1
TANGARA DA SERRA,zika,2026,22,tests,4.0,2.25,0.7777777777777778,alta_atipica,moderada,Investigar pico atípico e validar capacidade laboratorial/vigilância.,baseline_v1
NOVA CANAA DO NORTE,hepatite_b_hbv,2026,13,positividade,1.0,0.5625,0.7777777777777778,alta_atipica,moderada,Investigar pico atípico e validar capacidade laboratorial/vigilância.,baseline_v1
SORRISO,toxoplasmose_toxoplasmose_igm,2026,14,positividade,1.0,0.5625,0.7777777777777778,alta_atipica,moderada,Investigar pico atípico e validar capacidade laboratorial/vigilância.,baseline_v1
LUCAS DO RIO VERDE,raiva_raiva,2025,12,tests,21.0,11.833333333333334,0.7746478873239435,alta_atipica,moderada,Investigar pico atípico e validar capacidade laboratorial/vigilância.,baseline_v1
SORRISO,hepatite_b_hbv,2026,30,tests,13.0,7.375,0.7627118644067796,alta_atipica,moderada,Investigar pico atípico e validar capacidade laboratorial/vigilância.,baseline_v1
PORTO DOS GAUCHOS,hepatite_b_hbv,2026,22,tests,2.0,1.1428571428571428,0.7500000000000001,alta_atipica,moderada,Investigar pico atípico e validar capacidade laboratorial/vigilância.,baseline_v1
ALTO BOA VISTA,hepatite_b_hbv,2026,17,positividade,1.0,0.5714285714285714,0.7500000000000001,alta_atipica,moderada,Investigar pico atípico e validar capacidade laboratorial/vigilância.,baseline_v1
PORTO DOS GAUCHOS,hepatite_b_hbv,2026,22,positividade,1.0,0.5714285714285714,0.7500000000000001,alta_atipica,moderada,Investigar pico atípico e validar capacidade laboratorial/vigilância.,baseline_v1
FELIZ NATAL,zika,2025,31,positividade,0.1666666666666666,0.09523809523809523,0.7499999999999994,alta_atipica,moderada,Investigar pico atípico e validar capacidade laboratorial/vigilância.,baseline_v1
PORTO DOS GAUCHOS,dengue,2026,1,tests,5.0,2.875,0.7391304347826086,alta_atipica,moderada,Investigar pico atípico e validar capacidade laboratorial/vigilância.,baseline_v1
GAUCHA DO NORTE,influenza,2026,14,tests,3.0,1.75,0.7142857142857143,alta_atipica,moderada,Investigar pico atípico e validar capacidade laboratorial/vigilância.,baseline_v1
INDIAVAI,dengue,2026,6,tests,3.0,1.75,0.7142857142857143,alta_atipica,moderada,Investigar pico atípico e validar capacidade laboratorial/vigilância.,baseline_v1
NOVA MUTUM,leptospira,2026,25,tests,3.0,1.75,0.7142857142857143,alta_atipica,moderada,Investigar pico atípico e validar capacidade laboratorial/vigilância.,baseline_v1
SAO LUIS,dengue,2025,40,tests,3.0,1.75,0.7142857142857143,alta_atipica,moderada,Investigar pico atípico e validar capacidade laboratorial/vigilância.,baseline_v1
VARZEA GRANDE,varicela_herpes_zoster_var_ola,2026,22,tests,3.0,1.75,0.7142857142857143,alta_atipica,moderada,Investigar pico atípico e validar capacidade laboratorial/vigilância.,baseline_v1
VARZEA GRANDE,varicela_herpes_zoster_varicela_zoster_biologia_molecular,2026,22,tests,3.0,1.75,0.7142857142857143,alta_atipica,moderada,Investigar pico atípico e validar capacidade laboratorial/vigilância.,baseline_v1
ANICUNS,dengue,2025,22,tests,2.0,1.1666666666666667,0.7142857142857142,alta_atipica,moderada,Investigar pico atípico e validar capacidade laboratorial/vigilância.,baseline_v1
ARIPUANA,meningite,2026,30,tests,4.0,2.3333333333333335,0.7142857142857142,alta_atipica,moderada,Investigar pico atípico e validar capacidade laboratorial/vigilância.,baseline_v1
CAMPINAPOLIS,dengue,2026,30,tests,98.0,57.375,0.7080610021786492,alta_atipica,moderada,Investigar pico atípico e validar capacidade laboratorial/vigilância.,baseline_v1
VARZEA GRANDE,toxoplasmose_toxoplasmose_igg,2026,30,positividade,0.6666666666666666,0.3931818181818182,0.6955684007707128,alta_atipica,moderada,Investigar pico atípico e validar capacidade laboratorial/vigilância.,baseline_v1
CUIABA,sarampo_sarampo_igg,2025,46,tests,4.0,2.375,0.6842105263157895,alta_atipica,moderada,Investigar pico atípico e validar capacidade laboratorial/vigilância.,baseline_v1
GAUCHA DO NORTE,dengue,2026,14,tests,4.0,2.375,0.6842105263157895,alta_atipica,moderada,Investigar pico atípico e validar capacidade laboratorial/vigilância.,baseline_v1
SANTO ANTONIO DO LEVERGER,dengue,2026,30,tests,4.0,2.375,0.6842105263157895,alta_atipica,moderada,Investigar pico atípico e validar capacidade laboratorial/vigilância.,baseline_v1
FELIZ NATAL,zika,2025,31,tests,6.0,3.5714285714285716,0.6799999999999999,alta_atipica,moderada,Investigar pico atípico e validar capacidade laboratorial/vigilância.,baseline_v1
CUIABA,chikungunya,2026,30,tests,17.0,10.125,0.6790123456790124,alta_atipica,moderada,Investigar pico atípico e validar capacidade laboratorial/vigilância.,baseline_v1
JUARA,hiv,2026,30,tests,4.0,2.4,0.6666666666666667,alta_atipica,moderada,Investigar pico atípico e validar capacidade laboratorial/vigilância.,baseline_v1
NOVA CRIXAS,tuberculose,2025,12,tests,2.0,1.2,0.6666666666666667,alta_atipica,moderada,Investigar pico atípico e validar capacidade laboratorial/vigilância.,baseline_v1
SAO BENTO,tuberculose,2026,28,tests,2.0,1.2,0.6666666666666667,alta_atipica,moderada,Investigar pico atípico e validar capacidade laboratorial/vigilância.,baseline_v1
VARZEA GRANDE,febre_amarela,2026,20,tests,2.0,1.2,0.6666666666666667,alta_atipica,moderada,Investigar pico atípico e validar capacidade laboratorial/vigilância.,baseline_v1
VARZEA GRANDE,paracoccidioidomicose_paracoccidioidomicose,2026,25,tests,2.0,1.2,0.6666666666666667,alta_atipica,moderada,Investigar pico atípico e validar capacidade laboratorial/vigilância.,baseline_v1
VIANA,tuberculose,2026,1,tests,2.0,1.2,0.6666666666666667,alta_atipica,moderada,Investigar pico atípico e validar capacidade laboratorial/vigilância.,baseline_v1
TESOURO,hepatite_b_hbv,2026,13,positividade,1.0,0.6,0.6666666666666667,alta_atipica,moderada,Investigar pico atípico e validar capacidade laboratorial/vigilância.,baseline_v1
NORTELANDIA,sars_cov_2,2026,17,tests,3.0,1.8,0.6666666666666666,alta_atipica,moderada,Investigar pico atípico e validar capacidade laboratorial/vigilância.,baseline_v1
CUIABA,hepatite_c_hcv,2026,30,tests,12.0,7.25,0.6551724137931034,alta_atipica,moderada,Investigar pico atípico e validar capacidade laboratorial/vigilância.,baseline_v1
PEDRA PRETA,tuberculose,2026,29,tests,6.0,3.625,0.6551724137931034,alta_atipica,moderada,Investigar pico atípico e validar capacidade laboratorial/vigilância.,baseline_v1
BARRA DO BUGRES,chikungunya,2026,20,tests,4.0,2.5,0.6,alta_atipica,moderada,Investigar pico atípico e validar capacidade laboratorial/vigilância.,baseline_v1
BARRA DO BUGRES,tuberculose,2026,30,tests,8.0,5.0,0.6,alta_atipica,moderada,Investigar pico atípico e validar capacidade laboratorial/vigilância.,baseline_v1
BURITIS,dengue,2026,12,tests,2.0,1.25,0.6,alta_atipica,moderada,Investigar pico atípico e validar capacidade laboratorial/vigilância.,baseline_v1
CAMPO NOVO DO PARECIS,meningite,2026,19,tests,2.0,1.25,0.6,alta_atipica,moderada,Investigar pico atípico e validar capacidade laboratorial/vigilância.,baseline_v1
CAMPOS DE JULIO,tuberculose,2026,29,tests,2.0,1.25,0.6,alta_atipica,moderada,Investigar pico atípico e validar capacidade laboratorial/vigilância.,baseline_v1
CHAPADA DOS GUIMARAES,sarampo_sarampo_biologia_molecular,2026,1,tests,2.0,1.25,0.6,alta_atipica,moderada,Investigar pico atípico e validar capacidade laboratorial/vigilância.,baseline_v1
COTRIGUACU,dengue,2025,48,tests,3.0,1.875,0.6,alta_atipica,moderada,Investigar pico atípico e validar capacidade laboratorial/vigilância.,baseline_v1
CUIABA,paracoccidioidomicose_paracoccidioidomicose,2026,25,tests,2.0,1.25,0.6,alta_atipica,moderada,Investigar pico atípico e validar capacidade laboratorial/vigilância.,baseline_v1
CUIABA,sifilis,2026,22,tests,2.0,1.25,0.6,alta_atipica,moderada,Investigar pico atípico e validar capacidade laboratorial/vigilância.,baseline_v1
CUIABA,toxoplasmose_toxoplasmose_avidez_igg,2026,27,tests,2.0,1.25,0.6,alta_atipica,moderada,Investigar pico atípico e validar capacidade laboratorial/vigilância.,baseline_v1
GOVERNADOR NEWTON BELLO,dengue,2026,13,tests,2.0,1.25,0.6,alta_atipica,moderada,Investigar pico atípico e validar capacidade laboratorial/vigilância.,baseline_v1
GUIRATINGA,dengue,2026,20,tests,4.0,2.5,0.6,alta_atipica,moderada,Investigar pico atípico e validar capacidade laboratorial/vigilância.,baseline_v1
IGARAPE DO MEIO,dengue,2025,22,tests,4.0,2.5,0.6,alta_atipica,moderada,Investigar pico atípico e validar capacidade laboratorial/vigilância.,baseline_v1
ITAJAI,hepatite_c_hcv,2025,16,tests,2.0,1.25,0.6,alta_atipica,moderada,Investigar pico atípico e validar capacidade laboratorial/vigilância.,baseline_v1
JACAREACANGA,tuberculose,2025,26,tests,4.0,2.5,0.6,alta_atipica,moderada,Investigar pico atípico e validar capacidade laboratorial/vigilância.,baseline_v1
LAMBARI D''OESTE,tuberculose,2026,12,tests,2.0,1.25,0.6,alta_atipica,moderada,Investigar pico atípico e validar capacidade laboratorial/vigilância.,baseline_v1
MARCELANDIA,chikungunya,2025,21,tests,4.0,2.5,0.6,alta_atipica,moderada,Investigar pico atípico e validar capacidade laboratorial/vigilância.,baseline_v1
MIGUEL ALVES,dengue,2025,30,tests,2.0,1.25,0.6,alta_atipica,moderada,Investigar pico atípico e validar capacidade laboratorial/vigilância.,baseline_v1
MIRASSOL D''OESTE,doen_as_sexualmente_transmitidas_pesquisa_de_multipat_genos_ist,2026,25,tests,2.0,1.25,0.6,alta_atipica,moderada,Investigar pico atípico e validar capacidade laboratorial/vigilância.,baseline_v1
NOVA BANDEIRANTES,hepatite_b_hbv,2026,25,tests,3.0,1.875,0.6,alta_atipica,moderada,Investigar pico atípico e validar capacidade laboratorial/vigilância.,baseline_v1
NOVA CANAA DO NORTE,sars_cov_2,2026,23,tests,2.0,1.25,0.6,alta_atipica,moderada,Investigar pico atípico e validar capacidade laboratorial/vigilância.,baseline_v1
NOVA MUTUM,influenza,2026,22,tests,2.0,1.25,0.6,alta_atipica,moderada,Investigar pico atípico e validar capacidade laboratorial/vigilância.,baseline_v1
PONTES E LACERDA,infec_o_coloniza_o_bact_rias_teste_de_sensibilidade,2025,36,tests,2.0,1.25,0.6,alta_atipica,moderada,Investigar pico atípico e validar capacidade laboratorial/vigilância.,baseline_v1
POXOREO,hepatite_b_hbv,2026,28,tests,2.0,1.25,0.6,alta_atipica,moderada,Investigar pico atípico e validar capacidade laboratorial/vigilância.,baseline_v1
RIBEIRAO PRETO,tuberculose,2025,15,tests,2.0,1.25,0.6,alta_atipica,moderada,Investigar pico atípico e validar capacidade laboratorial/vigilância.,baseline_v1
SANTO ANTONIO DO LEVERGER,hepatite_c_hcv,2026,29,tests,2.0,1.25,0.6,alta_atipica,moderada,Investigar pico atípico e validar capacidade laboratorial/vigilância.,baseline_v1
SANTO ANTONIO DO LEVERGER,influenza,2026,26,tests,2.0,1.25,0.6,alta_atipica,moderada,Investigar pico atípico e validar capacidade laboratorial/vigilância.,baseline_v1
SENADOR ALEXANDRE COSTA,dengue,2025,30,tests,2.0,1.25,0.6,alta_atipica,moderada,Investigar pico atípico e validar capacidade laboratorial/vigilância.,baseline_v1
SINOP,parvovirose_parvov_rus_b19_igg,2026,22,tests,2.0,1.25,0.6,alta_atipica,moderada,Investigar pico atípico e validar capacidade laboratorial/vigilância.,baseline_v1
SINOP,parvovirose_parvov_rus_b19_igm,2026,22,tests,2.0,1.25,0.6,alta_atipica,moderada,Investigar pico atípico e validar capacidade laboratorial/vigilância.,baseline_v1
SORRISO,toxoplasmose_toxoplasmose_avidez_igg,2026,14,tests,3.0,1.875,0.6,alta_atipica,moderada,Investigar pico atípico e validar capacidade laboratorial/vigilância.,baseline_v1
SORRISO,toxoplasmose_toxoplasmose_igg,2026,14,tests,2.0,1.25,0.6,alta_atipica,moderada,Investigar pico atípico e validar capacidade laboratorial/vigilância.,baseline_v1
SORRISO,toxoplasmose_toxoplasmose_igm,2026,14,tests,2.0,1.25,0.6,alta_atipica,moderada,Investigar pico atípico e validar capacidade laboratorial/vigilância.,baseline_v1
TANGARA DA SERRA,toxoplasmose_toxoplasmose_avidez_igg,2026,27,tests,2.0,1.25,0.6,alta_atipica,moderada,Investigar pico atípico e validar capacidade laboratorial/vigilância.,baseline_v1
TRES LAGOAS,tuberculose,2026,25,tests,2.0,1.25,0.6,alta_atipica,moderada,Investigar pico atípico e validar capacidade laboratorial/vigilância.,baseline_v1
VARZEA GRANDE,coqueluche_coqueluche_detec_o_de_bordetella_pertussis,2026,16,tests,2.0,1.25,0.6,alta_atipica,moderada,Investigar pico atípico e validar capacidade laboratorial/vigilância.,baseline_v1
VIDEIRA,dengue,2026,5,tests,2.0,1.25,0.6,alta_atipica,moderada,Investigar pico atípico e validar capacidade laboratorial/vigilância.,baseline_v1
ALTO ARAGUAIA,hepatite_b_hbv,2026,30,positividade,1.0,0.625,0.6,alta_atipica,moderada,Investigar pico atípico e validar capacidade laboratorial/vigilância.,baseline_v1
CAMPO VERDE,doen_a_de_chagas_chagas,2026,29,positividade,0.25,0.15625,0.6,alta_atipica,moderada,Investigar pico atípico e validar capacidade laboratorial/vigilância.,baseline_v1
CUIABA,toxoplasmose_citomegalov_rus_igg,2026,30,positividade,1.0,0.625,0.6,alta_atipica,moderada,Investigar pico atípico e validar capacidade laboratorial/vigilância.,baseline_v1
NOVA MONTE VERDE,hepatite_b_hbv,2026,25,positividade,1.0,0.625,0.6,alta_atipica,moderada,Investigar pico atípico e validar capacidade laboratorial/vigilância.,baseline_v1
NOVO HORIZONTE DO NORTE,hepatite_b_hbv,2026,5,positividade,1.0,0.625,0.6,alta_atipica,moderada,Investigar pico atípico e validar capacidade laboratorial/vigilância.,baseline_v1
PORTO ALEGRE DO NORTE,hepatite_b_hbv,2026,30,positividade,1.0,0.625,0.6,alta_atipica,moderada,Investigar pico atípico e validar capacidade laboratorial/vigilância.,baseline_v1
POXOREO,hepatite_b_hbv,2026,28,positividade,1.0,0.625,0.6,alta_atipica,moderada,Investigar pico atípico e validar capacidade laboratorial/vigilância.,baseline_v1
SAO JOSE DOS QUATRO MARCOS,hepatite_b_hbv,2026,25,positividade,1.0,0.625,0.6,alta_atipica,moderada,Investigar pico atípico e validar capacidade laboratorial/vigilância.,baseline_v1
SAPEZAL,hepatite_b_hbv,2026,30,positividade,1.0,0.625,0.6,alta_atipica,moderada,Investigar pico atípico e validar capacidade laboratorial/vigilância.,baseline_v1
RIO DE JANEIRO,chikungunya,2025,12,tests,6.0,3.8,0.5789473684210527,alta_atipica,moderada,Investigar pico atípico e validar capacidade laboratorial/vigilância.,baseline_v1
NOVA XAVANTINA,hepatite_a,2026,21,positividade,1.0,0.6333333333333333,0.5789473684210527,alta_atipica,moderada,Investigar pico atípico e validar capacidade laboratorial/vigilância.,baseline_v1
VERA,zika,2025,35,positividade,0.2083333333333333,0.13283730158730156,0.5683345780433159,alta_atipica,moderada,Investigar pico atípico e validar capacidade laboratorial/vigilância.,baseline_v1
SINOP,raiva_raiva,2025,14,tests,10.0,6.4,0.5624999999999999,alta_atipica,moderada,Investigar pico atípico e validar capacidade laboratorial/vigilância.,baseline_v1
PARANAITA,paracoccidioidomicose_paracoccidioidomicose,2026,25,tests,2.0,1.2857142857142858,0.5555555555555555,alta_atipica,moderada,Investigar pico atípico e validar capacidade laboratorial/vigilância.,baseline_v1
SANTA RITA DO TRIVELATO,tuberculose,2025,52,tests,2.0,1.2857142857142858,0.5555555555555555,alta_atipica,moderada,Investigar pico atípico e validar capacidade laboratorial/vigilância.,baseline_v1
SERRA NOVA DOURADA,hepatite_b_hbv,2026,22,positividade,1.0,0.6428571428571429,0.5555555555555555,alta_atipica,moderada,Investigar pico atípico e validar capacidade laboratorial/vigilância.,baseline_v1
JACIARA,dengue,2026,11,tests,5.0,3.25,0.5384615384615384,alta_atipica,moderada,Investigar pico atípico e validar capacidade laboratorial/vigilância.,baseline_v1
JUINA,hansen_ase_hansen_ase_teste_de_sensibilidade_genot_pico,2026,28,tests,4.0,2.625,0.5238095238095238,alta_atipica,moderada,Investigar pico atípico e validar capacidade laboratorial/vigilância.,baseline_v1
MIRASSOL D''OESTE,chikungunya,2026,13,tests,4.0,2.625,0.5238095238095238,alta_atipica,moderada,Investigar pico atípico e validar capacidade laboratorial/vigilância.,baseline_v1
NOVA UBIRATA,chikungunya,2025,37,tests,4.0,2.625,0.5238095238095238,alta_atipica,moderada,Investigar pico atípico e validar capacidade laboratorial/vigilância.,baseline_v1
TAPURAH,dengue,2026,29,tests,4.0,2.625,0.5238095238095238,alta_atipica,moderada,Investigar pico atípico e validar capacidade laboratorial/vigilância.,baseline_v1
JUSCIMEIRA,dengue,2025,46,tests,5.0,3.2857142857142856,0.5217391304347827,alta_atipica,moderada,Investigar pico atípico e validar capacidade laboratorial/vigilância.,baseline_v1
COTRIGUACU,hepatite_b_hbv,2026,23,positividade,1.0,0.6625457875457876,0.509329647546648,alta_atipica,moderada,Investigar pico atípico e validar capacidade laboratorial/vigilância.,baseline_v1
CASTANHEIRA,hepatite_b_hbv,2026,30,positividade,1.0,0.6631493506493507,0.5079559363525091,alta_atipica,moderada,Investigar pico atípico e validar capacidade laboratorial/vigilância.,baseline_v1
ALTO TAQUARI,dengue,2025,21,tests,2.0,1.3333333333333333,0.5000000000000001,alta_atipica,moderada,Investigar pico atípico e validar capacidade laboratorial/vigilância.,baseline_v1
BOM JESUS DAS SELVAS,dengue,2025,37,tests,2.0,1.3333333333333333,0.5000000000000001,alta_atipica,moderada,Investigar pico atípico e validar capacidade laboratorial/vigilância.,baseline_v1
CAMPO VERDE,leptospira,2026,25,tests,2.0,1.3333333333333333,0.5000000000000001,alta_atipica,moderada,Investigar pico atípico e validar capacidade laboratorial/vigilância.,baseline_v1
FOZ DO IGUACU,tuberculose,2026,22,tests,2.0,1.3333333333333333,0.5000000000000001,alta_atipica,moderada,Investigar pico atípico e validar capacidade laboratorial/vigilância.,baseline_v1
MIRASSOL D''OESTE,infec_o_coloniza_o_bact_rias_teste_de_sensibilidade,2025,34,tests,2.0,1.3333333333333333,0.5000000000000001,alta_atipica,moderada,Investigar pico atípico e validar capacidade laboratorial/vigilância.,baseline_v1
SINOP,htlv_htlv_i_ii_v_rus_linfotr_pico_humano_tipo_i_e_ii,2026,19,tests,2.0,1.3333333333333333,0.5000000000000001,alta_atipica,moderada,Investigar pico atípico e validar capacidade laboratorial/vigilância.,baseline_v1
VARZEA GRANDE,toxoplasmose_paracoccidioidomicose,2026,26,tests,2.0,1.3333333333333333,0.5000000000000001,alta_atipica,moderada,Investigar pico atípico e validar capacidade laboratorial/vigilância.,baseline_v1
CUIABA,infec_o_coloniza_o_pesquisa_de_carbapenemases,2026,29,positividade,1.0,0.6666666666666666,0.5000000000000001,alta_atipica,moderada,Investigar pico atípico e validar capacidade laboratorial/vigilância.,baseline_v1
NOVA GUARITA,chikungunya,2025,37,positividade,0.1,0.06666666666666667,0.5000000000000001,alta_atipica,moderada,Investigar pico atípico e validar capacidade laboratorial/vigilância.,baseline_v1
RONDONOPOLIS,meningite,2026,25,tests,3.0,2.0,0.5,alta_atipica,moderada,Investigar pico atípico e validar capacidade laboratorial/vigilância.,baseline_v1
TAPURAH,tuberculose,2026,29,tests,3.0,2.0,0.5,alta_atipica,moderada,Investigar pico atípico e validar capacidade laboratorial/vigilância.,baseline_v1
BOM JESUS DO ARAGUAIA,tuberculose,2026,24,tests,1.0,2.0,-0.5,queda_atipica,moderada,Verificar possível interrupção de fluxo de coleta ou subnotificação.,baseline_v1
CHAPADA DOS GUIMARAES,oropouche,2025,45,tests,1.0,2.0,-0.5,queda_atipica,moderada,Verificar possível interrupção de fluxo de coleta ou subnotificação.,baseline_v1
COTRIGUACU,influenza,2025,12,tests,1.0,2.0,-0.5,queda_atipica,moderada,Verificar possível interrupção de fluxo de coleta ou subnotificação.,baseline_v1
CUIABA,infec_o_coloniza_o_bact_rias_identifica_o,2025,49,tests,1.0,2.0,-0.5,queda_atipica,moderada,Verificar possível interrupção de fluxo de coleta ou subnotificação.,baseline_v1
CUIABA,infec_o_coloniza_o_fungos_teste_de_sensibilidade,2026,28,tests,1.0,2.0,-0.5,queda_atipica,moderada,Verificar possível interrupção de fluxo de coleta ou subnotificação.,baseline_v1
DOM AQUINO,meningite,2026,30,tests,1.0,2.0,-0.5,queda_atipica,moderada,Verificar possível interrupção de fluxo de coleta ou subnotificação.,baseline_v1
GUARANTA DO NORTE,meningite,2026,22,tests,1.0,2.0,-0.5,queda_atipica,moderada,Verificar possível interrupção de fluxo de coleta ou subnotificação.,baseline_v1
IMPERATRIZ,dengue,2026,14,tests,1.0,2.0,-0.5,queda_atipica,moderada,Verificar possível interrupção de fluxo de coleta ou subnotificação.,baseline_v1
IPIRANGA DO NORTE,chikungunya,2025,52,tests,4.0,8.0,-0.5,queda_atipica,moderada,Verificar possível interrupção de fluxo de coleta ou subnotificação.,baseline_v1
JUSCIMEIRA,meningite,2026,17,tests,1.0,2.0,-0.5,queda_atipica,moderada,Verificar possível interrupção de fluxo de coleta ou subnotificação.,baseline_v1
MARINGA,zika,2025,14,tests,1.0,2.0,-0.5,queda_atipica,moderada,Verificar possível interrupção de fluxo de coleta ou subnotificação.,baseline_v1
MINEIROS,chikungunya,2025,11,tests,1.0,2.0,-0.5,queda_atipica,moderada,Verificar possível interrupção de fluxo de coleta ou subnotificação.,baseline_v1
MURICI,dengue,2025,29,tests,1.0,2.0,-0.5,queda_atipica,moderada,Verificar possível interrupção de fluxo de coleta ou subnotificação.,baseline_v1
NOVA CANAA DO NORTE,dengue,2026,7,tests,1.0,2.0,-0.5,queda_atipica,moderada,Verificar possível interrupção de fluxo de coleta ou subnotificação.,baseline_v1
NOVA LACERDA,sars_cov_2,2025,23,tests,1.0,2.0,-0.5,queda_atipica,moderada,Verificar possível interrupção de fluxo de coleta ou subnotificação.,baseline_v1
NOVA MUTUM,sars_cov_2,2026,19,tests,2.0,4.0,-0.5,queda_atipica,moderada,Verificar possível interrupção de fluxo de coleta ou subnotificação.,baseline_v1
NOVO MUNDO,hepatite_b_hbv,2026,28,tests,1.0,2.0,-0.5,queda_atipica,moderada,Verificar possível interrupção de fluxo de coleta ou subnotificação.,baseline_v1
NOVO REPARTIMENTO,dengue,2025,19,tests,1.0,2.0,-0.5,queda_atipica,moderada,Verificar possível interrupção de fluxo de coleta ou subnotificação.,baseline_v1
OURILANDIA DO NORTE,tuberculose,2026,5,tests,1.0,2.0,-0.5,queda_atipica,moderada,Verificar possível interrupção de fluxo de coleta ou subnotificação.,baseline_v1
PEIXOTO DE AZEVEDO,meningite,2026,12,tests,1.0,2.0,-0.5,queda_atipica,moderada,Verificar possível interrupção de fluxo de coleta ou subnotificação.,baseline_v1
PONTES E LACERDA,hansen_ase_hansen_ase_teste_de_sensibilidade_genot_pico,2026,28,tests,1.0,2.0,-0.5,queda_atipica,moderada,Verificar possível interrupção de fluxo de coleta ou subnotificação.,baseline_v1
PRIMAVERA DO LESTE,sarampo_rub_ola_igg,2025,49,tests,1.0,2.0,-0.5,queda_atipica,moderada,Verificar possível interrupção de fluxo de coleta ou subnotificação.,baseline_v1
PRIMAVERA DO LESTE,sarampo_rub_ola_igm,2025,49,tests,1.0,2.0,-0.5,queda_atipica,moderada,Verificar possível interrupção de fluxo de coleta ou subnotificação.,baseline_v1
QUERENCIA,chikungunya,2025,39,tests,1.0,2.0,-0.5,queda_atipica,moderada,Verificar possível interrupção de fluxo de coleta ou subnotificação.,baseline_v1
SANTO ANTONIO DO LEVERGER,hansen_ase_hansen_ase_teste_de_sensibilidade_genot_pico,2026,17,tests,1.0,2.0,-0.5,queda_atipica,moderada,Verificar possível interrupção de fluxo de coleta ou subnotificação.,baseline_v1
SAO LUIS DE MONTES BELOS,tuberculose,2026,24,tests,1.0,2.0,-0.5,queda_atipica,moderada,Verificar possível interrupção de fluxo de coleta ou subnotificação.,baseline_v1
SAPEZAL,tuberculose,2026,30,tests,1.0,2.0,-0.5,queda_atipica,moderada,Verificar possível interrupção de fluxo de coleta ou subnotificação.,baseline_v1
SINOP,leishmaniose,2026,25,tests,1.0,2.0,-0.5,queda_atipica,moderada,Verificar possível interrupção de fluxo de coleta ou subnotificação.,baseline_v1
TANGARA DA SERRA,doen_as_sexualmente_transmitidas_pesquisa_de_multipat_genos_ist,2026,30,tests,3.0,6.0,-0.5,queda_atipica,moderada,Verificar possível interrupção de fluxo de coleta ou subnotificação.,baseline_v1
VARZEA GRANDE,hepatite_c_hcv,2026,29,tests,1.0,2.0,-0.5,queda_atipica,moderada,Verificar possível interrupção de fluxo de coleta ou subnotificação.,baseline_v1
VILA RICA,chikungunya,2026,29,tests,2.0,4.0,-0.5,queda_atipica,moderada,Verificar possível interrupção de fluxo de coleta ou subnotificação.,baseline_v1
COLNIZA,chikungunya,2026,12,tests,2.0,4.125,-0.5151515151515151,queda_atipica,moderada,Verificar possível interrupção de fluxo de coleta ou subnotificação.,baseline_v1
GUARANTA DO NORTE,zika,2025,35,notificacoes,6.0,12.666666666666666,-0.5263157894736842,queda_atipica,moderada,Verificar possível interrupção de fluxo de coleta ou subnotificação.,baseline_v1
BRASNORTE,sars_cov_2,2026,29,tests,1.0,2.125,-0.5294117647058824,queda_atipica,moderada,Verificar possível interrupção de fluxo de coleta ou subnotificação.,baseline_v1
CACERES,influenza,2026,29,tests,1.0,2.125,-0.5294117647058824,queda_atipica,moderada,Verificar possível interrupção de fluxo de coleta ou subnotificação.,baseline_v1
CAMPO NOVO DO PARECIS,tuberculose,2026,30,tests,1.0,2.125,-0.5294117647058824,queda_atipica,moderada,Verificar possível interrupção de fluxo de coleta ou subnotificação.,baseline_v1
CAMPO VERDE,chikungunya,2026,26,tests,1.0,2.125,-0.5294117647058824,queda_atipica,moderada,Verificar possível interrupção de fluxo de coleta ou subnotificação.,baseline_v1
CAMPOS DE JULIO,dengue,2026,8,tests,1.0,2.125,-0.5294117647058824,queda_atipica,moderada,Verificar possível interrupção de fluxo de coleta ou subnotificação.,baseline_v1
GOIANESIA DO PARA,dengue,2026,30,tests,1.0,2.125,-0.5294117647058824,queda_atipica,moderada,Verificar possível interrupção de fluxo de coleta ou subnotificação.,baseline_v1
JACIARA,sars_cov_2,2026,25,tests,1.0,2.125,-0.5294117647058824,queda_atipica,moderada,Verificar possível interrupção de fluxo de coleta ou subnotificação.,baseline_v1
NOVA MONTE VERDE,tuberculose,2026,25,tests,1.0,2.125,-0.5294117647058824,queda_atipica,moderada,Verificar possível interrupção de fluxo de coleta ou subnotificação.,baseline_v1
PORTO VELHO,tuberculose,2026,26,tests,1.0,2.125,-0.5294117647058824,queda_atipica,moderada,Verificar possível interrupção de fluxo de coleta ou subnotificação.,baseline_v1
RIO VERDE,dengue,2025,33,tests,1.0,2.125,-0.5294117647058824,queda_atipica,moderada,Verificar possível interrupção de fluxo de coleta ou subnotificação.,baseline_v1
SAO JOSE DE RIBAMAR,dengue,2025,27,tests,1.0,2.125,-0.5294117647058824,queda_atipica,moderada,Verificar possível interrupção de fluxo de coleta ou subnotificação.,baseline_v1
SINOP,tuberculose,2026,30,tests,12.0,25.5,-0.5294117647058824,queda_atipica,moderada,Verificar possível interrupção de fluxo de coleta ou subnotificação.,baseline_v1
SAO PAULO,chikungunya,2025,38,tests,2.0,4.285714285714286,-0.5333333333333333,queda_atipica,moderada,Verificar possível interrupção de fluxo de coleta ou subnotificação.,baseline_v1
TAPURAH,influenza,2026,16,tests,1.0,2.142857142857143,-0.5333333333333333,queda_atipica,moderada,Verificar possível interrupção de fluxo de coleta ou subnotificação.,baseline_v1
ALTAMIRA,dengue,2025,21,tests,1.0,2.1666666666666665,-0.5384615384615384,queda_atipica,moderada,Verificar possível interrupção de fluxo de coleta ou subnotificação.,baseline_v1
CORUMBA,dengue,2026,15,tests,1.0,2.1666666666666665,-0.5384615384615384,queda_atipica,moderada,Verificar possível interrupção de fluxo de coleta ou subnotificação.,baseline_v1
FELIZ NATAL,chikungunya,2026,5,tests,2.0,4.375,-0.5428571428571428,queda_atipica,moderada,Verificar possível interrupção de fluxo de coleta ou subnotificação.,baseline_v1
ALTO ARAGUAIA,sars_cov_2,2026,29,tests,1.0,2.2,-0.5454545454545455,queda_atipica,moderada,Verificar possível interrupção de fluxo de coleta ou subnotificação.,baseline_v1
GRAJAU,dengue,2025,13,tests,1.0,2.2,-0.5454545454545455,queda_atipica,moderada,Verificar possível interrupção de fluxo de coleta ou subnotificação.,baseline_v1
MATUPA,sars_cov_2,2026,17,tests,1.0,2.2,-0.5454545454545455,queda_atipica,moderada,Verificar possível interrupção de fluxo de coleta ou subnotificação.,baseline_v1
NOVA MUTUM,oropouche,2026,21,tests,1.0,2.2,-0.5454545454545455,queda_atipica,moderada,Verificar possível interrupção de fluxo de coleta ou subnotificação.,baseline_v1
RIBEIRAO CASCALHEIRA,dengue,2025,30,tests,1.0,2.2,-0.5454545454545455,queda_atipica,moderada,Verificar possível interrupção de fluxo de coleta ou subnotificação.,baseline_v1
TAPURAH,zika,2025,42,tests,1.0,2.2,-0.5454545454545455,queda_atipica,moderada,Verificar possível interrupção de fluxo de coleta ou subnotificação.,baseline_v1
BARRA DO GARCAS,zika,2026,28,tests,1.0,2.25,-0.5555555555555556,queda_atipica,moderada,Verificar possível interrupção de fluxo de coleta ou subnotificação.,baseline_v1
CHAPADAO DO SUL,dengue,2026,30,tests,1.0,2.25,-0.5555555555555556,queda_atipica,moderada,Verificar possível interrupção de fluxo de coleta ou subnotificação.,baseline_v1
COLIDER,tuberculose,2026,30,tests,1.0,2.25,-0.5555555555555556,queda_atipica,moderada,Verificar possível interrupção de fluxo de coleta ou subnotificação.,baseline_v1
CURITIBA,hepatite_b_hbv,2024,45,tests,1.0,2.25,-0.5555555555555556,queda_atipica,moderada,Verificar possível interrupção de fluxo de coleta ou subnotificação.,baseline_v1
FELIZ NATAL,dengue,2026,29,tests,1.0,2.25,-0.5555555555555556,queda_atipica,moderada,Verificar possível interrupção de fluxo de coleta ou subnotificação.,baseline_v1
ITACOATIARA,dengue,2025,23,tests,1.0,2.25,-0.5555555555555556,queda_atipica,moderada,Verificar possível interrupção de fluxo de coleta ou subnotificação.,baseline_v1
ITAUBA,influenza,2025,21,tests,1.0,2.25,-0.5555555555555556,queda_atipica,moderada,Verificar possível interrupção de fluxo de coleta ou subnotificação.,baseline_v1
JACIARA,meningite,2026,21,tests,1.0,2.25,-0.5555555555555556,queda_atipica,moderada,Verificar possível interrupção de fluxo de coleta ou subnotificação.,baseline_v1
NOVA BANDEIRANTES,tuberculose,2026,21,tests,1.0,2.25,-0.5555555555555556,queda_atipica,moderada,Verificar possível interrupção de fluxo de coleta ou subnotificação.,baseline_v1
NOVO HORIZONTE DO NORTE,influenza,2026,28,tests,1.0,2.25,-0.5555555555555556,queda_atipica,moderada,Verificar possível interrupção de fluxo de coleta ou subnotificação.,baseline_v1
PONTES E LACERDA,hepatite,2025,22,tests,1.0,2.25,-0.5555555555555556,queda_atipica,moderada,Verificar possível interrupção de fluxo de coleta ou subnotificação.,baseline_v1
PONTES E LACERDA,influenza,2026,28,tests,1.0,2.25,-0.5555555555555556,queda_atipica,moderada,Verificar possível interrupção de fluxo de coleta ou subnotificação.,baseline_v1
PRIMAVERA DO LESTE,sarampo_sarampo_igg,2026,9,tests,1.0,2.25,-0.5555555555555556,queda_atipica,moderada,Verificar possível interrupção de fluxo de coleta ou subnotificação.,baseline_v1
PRIMAVERA DO LESTE,sarampo_sarampo_igm,2026,9,tests,1.0,2.25,-0.5555555555555556,queda_atipica,moderada,Verificar possível interrupção de fluxo de coleta ou subnotificação.,baseline_v1
SANTA RITA DO TRIVELATO,dengue,2026,19,tests,1.0,2.25,-0.5555555555555556,queda_atipica,moderada,Verificar possível interrupção de fluxo de coleta ou subnotificação.,baseline_v1
SORRISO,meningite,2026,30,tests,1.0,2.25,-0.5555555555555556,queda_atipica,moderada,Verificar possível interrupção de fluxo de coleta ou subnotificação.,baseline_v1
TANGARA DA SERRA,meningite,2026,26,tests,1.0,2.25,-0.5555555555555556,queda_atipica,moderada,Verificar possível interrupção de fluxo de coleta ou subnotificação.,baseline_v1
TANGARA DA SERRA,sars_cov_2,2026,26,tests,1.0,2.25,-0.5555555555555556,queda_atipica,moderada,Verificar possível interrupção de fluxo de coleta ou subnotificação.,baseline_v1
TAPURAH,chikungunya,2026,21,tests,1.0,2.25,-0.5555555555555556,queda_atipica,moderada,Verificar possível interrupção de fluxo de coleta ou subnotificação.,baseline_v1
UNIAO DO SUL,chikungunya,2025,9,tests,2.0,4.5,-0.5555555555555556,queda_atipica,moderada,Verificar possível interrupção de fluxo de coleta ou subnotificação.,baseline_v1
VARZEA GRANDE,leptospira,2026,30,tests,1.0,2.25,-0.5555555555555556,queda_atipica,moderada,Verificar possível interrupção de fluxo de coleta ou subnotificação.,baseline_v1
VILHENA,hepatite_b_hbv,2026,25,tests,1.0,2.25,-0.5555555555555556,queda_atipica,moderada,Verificar possível interrupção de fluxo de coleta ou subnotificação.,baseline_v1
VILHENA,sars_cov_2,2026,18,tests,1.0,2.25,-0.5555555555555556,queda_atipica,moderada,Verificar possível interrupção de fluxo de coleta ou subnotificação.,baseline_v1
ITIQUIRA,dengue,2025,27,tests,1.0,2.2857142857142856,-0.5625,queda_atipica,moderada,Verificar possível interrupção de fluxo de coleta ou subnotificação.,baseline_v1
CUIABA,sarampo_sarampo_biologia_molecular,2026,25,tests,2.0,4.625,-0.5675675675675675,queda_atipica,moderada,Verificar possível interrupção de fluxo de coleta ou subnotificação.,baseline_v1
AGUA BOA,zika,2025,36,tests,1.0,2.375,-0.5789473684210527,queda_atipica,moderada,Verificar possível interrupção de fluxo de coleta ou subnotificação.,baseline_v1
ARENAPOLIS,chikungunya,2026,18,tests,1.0,2.375,-0.5789473684210527,queda_atipica,moderada,Verificar possível interrupção de fluxo de coleta ou subnotificação.,baseline_v1
CAMPO NOVO DO PARECIS,leptospira,2026,28,tests,1.0,2.375,-0.5789473684210527,queda_atipica,moderada,Verificar possível interrupção de fluxo de coleta ou subnotificação.,baseline_v1
JUINA,influenza,2026,29,tests,1.0,2.375,-0.5789473684210527,queda_atipica,moderada,Verificar possível interrupção de fluxo de coleta ou subnotificação.,baseline_v1
LAMBARI D''OESTE,dengue,2026,17,tests,5.0,11.875,-0.5789473684210527,queda_atipica,moderada,Verificar possível interrupção de fluxo de coleta ou subnotificação.,baseline_v1
MARINGA,chikungunya,2025,19,tests,1.0,2.375,-0.5789473684210527,queda_atipica,moderada,Verificar possível interrupção de fluxo de coleta ou subnotificação.,baseline_v1
MIRASSOL D''OESTE,zika,2025,50,tests,1.0,2.375,-0.5789473684210527,queda_atipica,moderada,Verificar possível interrupção de fluxo de coleta ou subnotificação.,baseline_v1
NOSSA SENHORA DO LIVRAMENTO,zika,2025,35,tests,1.0,2.375,-0.5789473684210527,queda_atipica,moderada,Verificar possível interrupção de fluxo de coleta ou subnotificação.,baseline_v1
RIO BRANCO,dengue,2026,22,tests,1.0,2.375,-0.5789473684210527,queda_atipica,moderada,Verificar possível interrupção de fluxo de coleta ou subnotificação.,baseline_v1
TERRA NOVA DO NORTE,tuberculose,2026,16,tests,1.0,2.375,-0.5789473684210527,queda_atipica,moderada,Verificar possível interrupção de fluxo de coleta ou subnotificação.,baseline_v1
ARAPUTANGA,raiva_raiva,2025,23,tests,2.0,4.8,-0.5833333333333334,queda_atipica,moderada,Verificar possível interrupção de fluxo de coleta ou subnotificação.,baseline_v1
SAO LUDGERO,dengue,2025,23,tests,1.0,2.4,-0.5833333333333334,queda_atipica,moderada,Verificar possível interrupção de fluxo de coleta ou subnotificação.,baseline_v1
SAPEZAL,sars_cov_2,2026,29,tests,1.0,2.4285714285714284,-0.5882352941176471,queda_atipica,moderada,Verificar possível interrupção de fluxo de coleta ou subnotificação.,baseline_v1
MARCELANDIA,hepatite_b_hbv,2026,25,tests,2.0,4.875,-0.5897435897435898,queda_atipica,moderada,Verificar possível interrupção de fluxo de coleta ou subnotificação.,baseline_v1
ALTO PARAGUAI,dengue,2026,7,tests,1.0,2.5,-0.6,queda_atipica,moderada,Verificar possível interrupção de fluxo de coleta ou subnotificação.,baseline_v1
APIACAS,tuberculose,2026,26,tests,1.0,2.5,-0.6,queda_atipica,moderada,Verificar possível interrupção de fluxo de coleta ou subnotificação.,baseline_v1
BARRA DO BUGRES,infec_o_coloniza_o_bact_rias_cultura,2025,31,tests,1.0,2.5,-0.6,queda_atipica,moderada,Verificar possível interrupção de fluxo de coleta ou subnotificação.,baseline_v1
BOM LUGAR,dengue,2025,29,tests,1.0,2.5,-0.6,queda_atipica,moderada,Verificar possível interrupção de fluxo de coleta ou subnotificação.,baseline_v1
NOVA XAVANTINA,filariose_filariose_parasitol_gico,2025,23,tests,1.0,2.5,-0.6,queda_atipica,moderada,Verificar possível interrupção de fluxo de coleta ou subnotificação.,baseline_v1
PONTES E LACERDA,hiv,2025,47,tests,1.0,2.5,-0.6,queda_atipica,moderada,Verificar possível interrupção de fluxo de coleta ou subnotificação.,baseline_v1
PORTO ALEGRE DO NORTE,hepatite_b_hbv,2026,30,tests,1.0,2.5,-0.6,queda_atipica,moderada,Verificar possível interrupção de fluxo de coleta ou subnotificação.,baseline_v1
SANTO ANTONIO DO LEVERGER,tuberculose,2026,30,tests,1.0,2.5,-0.6,queda_atipica,moderada,Verificar possível interrupção de fluxo de coleta ou subnotificação.,baseline_v1
SAO DOMINGOS DO ARAGUAIA,dengue,2025,30,tests,1.0,2.5,-0.6,queda_atipica,moderada,Verificar possível interrupção de fluxo de coleta ou subnotificação.,baseline_v1
SAO JOSE DOS QUATRO MARCOS,sars_cov_2,2026,26,tests,1.0,2.5,-0.6,queda_atipica,moderada,Verificar possível interrupção de fluxo de coleta ou subnotificação.,baseline_v1
SAPEZAL,meningite,2026,30,tests,1.0,2.5,-0.6,queda_atipica,moderada,Verificar possível interrupção de fluxo de coleta ou subnotificação.,baseline_v1
TABAPORA,influenza,2026,14,tests,1.0,2.5,-0.6,queda_atipica,moderada,Verificar possível interrupção de fluxo de coleta ou subnotificação.,baseline_v1
VERA,tuberculose,2026,29,tests,1.0,2.5,-0.6,queda_atipica,moderada,Verificar possível interrupção de fluxo de coleta ou subnotificação.,baseline_v1
PEDRA PRETA,zika,2025,33,tests,1.0,2.5714285714285716,-0.6111111111111112,queda_atipica,moderada,Verificar possível interrupção de fluxo de coleta ou subnotificação.,baseline_v1
AMARANTE DO MARANHAO,dengue,2026,10,tests,1.0,2.6,-0.6153846153846154,queda_atipica,moderada,Verificar possível interrupção de fluxo de coleta ou subnotificação.,baseline_v1
ITUMBIARA,dengue,2026,17,tests,1.0,2.6,-0.6153846153846154,queda_atipica,moderada,Verificar possível interrupção de fluxo de coleta ou subnotificação.,baseline_v1
SINOP,febre_amarela,2026,21,tests,1.0,2.6,-0.6153846153846154,queda_atipica,moderada,Verificar possível interrupção de fluxo de coleta ou subnotificação.,baseline_v1
GUARANTA DO NORTE,tuberculose,2026,30,tests,1.0,2.625,-0.6190476190476191,queda_atipica,moderada,Verificar possível interrupção de fluxo de coleta ou subnotificação.,baseline_v1
NOVA MUTUM,hiv,2025,47,tests,1.0,2.625,-0.6190476190476191,queda_atipica,moderada,Verificar possível interrupção de fluxo de coleta ou subnotificação.,baseline_v1
PARANAITA,tuberculose,2026,29,tests,1.0,2.625,-0.6190476190476191,queda_atipica,moderada,Verificar possível interrupção de fluxo de coleta ou subnotificação.,baseline_v1
PEIXOTO DE AZEVEDO,chikungunya,2025,35,tests,2.0,5.25,-0.6190476190476191,queda_atipica,moderada,Verificar possível interrupção de fluxo de coleta ou subnotificação.,baseline_v1
PONTAL DO ARAGUAIA,tuberculose,2025,23,tests,1.0,2.625,-0.6190476190476191,queda_atipica,moderada,Verificar possível interrupção de fluxo de coleta ou subnotificação.,baseline_v1
SANTA TEREZINHA,tuberculose,2026,22,tests,1.0,2.625,-0.6190476190476191,queda_atipica,moderada,Verificar possível interrupção de fluxo de coleta ou subnotificação.,baseline_v1
SINOP,influenza,2026,27,tests,1.0,2.625,-0.6190476190476191,queda_atipica,moderada,Verificar possível interrupção de fluxo de coleta ou subnotificação.,baseline_v1
CACERES,febre_amarela,2026,16,tests,1.0,2.6666666666666665,-0.625,queda_atipica,moderada,Verificar possível interrupção de fluxo de coleta ou subnotificação.,baseline_v1
OURINHOS,dengue,2025,23,tests,1.0,2.6666666666666665,-0.625,queda_atipica,moderada,Verificar possível interrupção de fluxo de coleta ou subnotificação.,baseline_v1
SAO JOSE DO RIO CLARO,influenza,2026,24,tests,1.0,2.6666666666666665,-0.625,queda_atipica,moderada,Verificar possível interrupção de fluxo de coleta ou subnotificação.,baseline_v1
VARZEA GRANDE,raiva_raiva,2026,26,tests,4.0,10.75,-0.627906976744186,queda_atipica,moderada,Verificar possível interrupção de fluxo de coleta ou subnotificação.,baseline_v1
HUMAITA,dengue,2025,30,tests,1.0,2.7142857142857144,-0.631578947368421,queda_atipica,moderada,Verificar possível interrupção de fluxo de coleta ou subnotificação.,baseline_v1
RIO BRANCO,zika,2025,48,tests,1.0,2.7142857142857144,-0.631578947368421,queda_atipica,moderada,Verificar possível interrupção de fluxo de coleta ou subnotificação.,baseline_v1
CAMPO NOVO DO PARECIS,hepatite_b_hbv,2026,29,tests,1.0,2.75,-0.6363636363636364,queda_atipica,moderada,Verificar possível interrupção de fluxo de coleta ou subnotificação.,baseline_v1
JAURU,dengue,2026,30,tests,1.0,2.75,-0.6363636363636364,queda_atipica,moderada,Verificar possível interrupção de fluxo de coleta ou subnotificação.,baseline_v1
NOSSA SENHORA DO LIVRAMENTO,chikungunya,2026,15,tests,1.0,2.75,-0.6363636363636364,queda_atipica,moderada,Verificar possível interrupção de fluxo de coleta ou subnotificação.,baseline_v1
NOVO MUNDO,raiva_raiva,2026,11,tests,1.0,2.75,-0.6363636363636364,queda_atipica,moderada,Verificar possível interrupção de fluxo de coleta ou subnotificação.,baseline_v1
PEIXOTO DE AZEVEDO,tuberculose,2026,30,tests,1.0,2.75,-0.6363636363636364,queda_atipica,moderada,Verificar possível interrupção de fluxo de coleta ou subnotificação.,baseline_v1
TABAPORA,hepatite_b_hbv,2025,51,tests,1.0,2.75,-0.6363636363636364,queda_atipica,moderada,Verificar possível interrupção de fluxo de coleta ou subnotificação.,baseline_v1
VALE DO ANARI,dengue,2026,20,tests,1.0,2.75,-0.6363636363636364,queda_atipica,moderada,Verificar possível interrupção de fluxo de coleta ou subnotificação.,baseline_v1
JACIARA,leishmaniose,2026,1,tests,1.0,2.8,-0.6428571428571428,queda_atipica,moderada,Verificar possível interrupção de fluxo de coleta ou subnotificação.,baseline_v1
NOVA XAVANTINA,hepatite_a,2026,21,tests,1.0,2.8,-0.6428571428571428,queda_atipica,moderada,Verificar possível interrupção de fluxo de coleta ou subnotificação.,baseline_v1
CACERES,raiva_raiva,2026,26,tests,5.0,14.166666666666666,-0.6470588235294118,queda_atipica,moderada,Verificar possível interrupção de fluxo de coleta ou subnotificação.,baseline_v1
ARAGARCAS,tuberculose,2026,22,tests,1.0,2.875,-0.6521739130434783,queda_atipica,moderada,Verificar possível interrupção de fluxo de coleta ou subnotificação.,baseline_v1
CACERES,sarampo_sarampo_biologia_molecular,2025,45,tests,1.0,2.875,-0.6521739130434783,queda_atipica,moderada,Verificar possível interrupção de fluxo de coleta ou subnotificação.,baseline_v1
JUARA,hepatite_b_hbv,2026,29,tests,1.0,2.875,-0.6521739130434783,queda_atipica,moderada,Verificar possível interrupção de fluxo de coleta ou subnotificação.,baseline_v1
NOVA LACERDA,dengue,2026,19,tests,1.0,2.875,-0.6521739130434783,queda_atipica,moderada,Verificar possível interrupção de fluxo de coleta ou subnotificação.,baseline_v1
SORRISO,chikungunya,2026,29,tests,1.0,2.875,-0.6521739130434783,queda_atipica,moderada,Verificar possível interrupção de fluxo de coleta ou subnotificação.,baseline_v1
SORRISO,doenca_de_chagas_aguda_chagas_igg,2025,18,tests,1.0,2.875,-0.6521739130434783,queda_atipica,moderada,Verificar possível interrupção de fluxo de coleta ou subnotificação.,baseline_v1
VARZEA GRANDE,sarampo_rub_ola_igg,2026,22,tests,1.0,2.875,-0.6521739130434783,queda_atipica,moderada,Verificar possível interrupção de fluxo de coleta ou subnotificação.,baseline_v1
VARZEA GRANDE,sarampo_rub_ola_igm,2026,22,tests,1.0,2.875,-0.6521739130434783,queda_atipica,moderada,Verificar possível interrupção de fluxo de coleta ou subnotificação.,baseline_v1
AGUA BOA,hepatite_a,2026,30,tests,2.0,6.0,-0.6666666666666666,queda_atipica,moderada,Verificar possível interrupção de fluxo de coleta ou subnotificação.,baseline_v1
ALTAMIRA,hepatite_b_hbv,2025,30,tests,1.0,3.0,-0.6666666666666666,queda_atipica,moderada,Verificar possível interrupção de fluxo de coleta ou subnotificação.,baseline_v1
ARAPUTANGA,zika,2025,39,tests,1.0,3.0,-0.6666666666666666,queda_atipica,moderada,Verificar possível interrupção de fluxo de coleta ou subnotificação.,baseline_v1
JUARA,tuberculose,2026,30,tests,1.0,3.0,-0.6666666666666666,queda_atipica,moderada,Verificar possível interrupção de fluxo de coleta ou subnotificação.,baseline_v1
NOVA XAVANTINA,hepatite_b_hbv,2026,30,tests,1.0,3.0,-0.6666666666666666,queda_atipica,moderada,Verificar possível interrupção de fluxo de coleta ou subnotificação.,baseline_v1
PIMENTA BUENO,dengue,2026,28,tests,1.0,3.0,-0.6666666666666666,queda_atipica,moderada,Verificar possível interrupção de fluxo de coleta ou subnotificação.,baseline_v1
POXOREO,dengue,2025,23,tests,1.0,3.0,-0.6666666666666666,queda_atipica,moderada,Verificar possível interrupção de fluxo de coleta ou subnotificação.,baseline_v1
TANGARA DA SERRA,chikungunya,2026,30,tests,1.0,3.0,-0.6666666666666666,queda_atipica,moderada,Verificar possível interrupção de fluxo de coleta ou subnotificação.,baseline_v1
CONQUISTA D''OESTE,chikungunya,2026,5,tests,2.0,6.125,-0.673469387755102,queda_atipica,moderada,Verificar possível interrupção de fluxo de coleta ou subnotificação.,baseline_v1
GENERAL CARNEIRO,dengue,2026,20,tests,4.0,12.25,-0.673469387755102,queda_atipica,moderada,Verificar possível interrupção de fluxo de coleta ou subnotificação.,baseline_v1
ARAPUTANGA,sars_cov_2,2026,23,tests,1.0,3.125,-0.68,queda_atipica,moderada,Verificar possível interrupção de fluxo de coleta ou subnotificação.,baseline_v1
CUIABA,hansen_ase_hansen_ase_teste_de_sensibilidade_genot_pico,2026,27,tests,1.0,3.125,-0.68,queda_atipica,moderada,Verificar possível interrupção de fluxo de coleta ou subnotificação.,baseline_v1
POCONE,chikungunya,2026,12,tests,1.0,3.125,-0.68,queda_atipica,moderada,Verificar possível interrupção de fluxo de coleta ou subnotificação.,baseline_v1
PORTO VELHO,chikungunya,2025,23,tests,1.0,3.125,-0.68,queda_atipica,moderada,Verificar possível interrupção de fluxo de coleta ou subnotificação.,baseline_v1
ARENAPOLIS,zika,2024,44,tests,2.0,6.333333333333333,-0.6842105263157895,queda_atipica,moderada,Verificar possível interrupção de fluxo de coleta ou subnotificação.,baseline_v1
VARZEA GRANDE,dengue,2026,30,positividade,0.0073349633251833,0.023787202673469697,-0.6916424589359504,queda_atipica,moderada,Verificar possível interrupção de fluxo de coleta ou subnotificação.,baseline_v1
ALTA FLORESTA,hepatite_b_hbv,2026,28,tests,1.0,3.25,-0.6923076923076923,queda_atipica,moderada,Verificar possível interrupção de fluxo de coleta ou subnotificação.,baseline_v1
BARRA DO BUGRES,infec_o_coloniza_o_bact_rias_teste_de_sensibilidade,2025,31,tests,1.0,3.25,-0.6923076923076923,queda_atipica,moderada,Verificar possível interrupção de fluxo de coleta ou subnotificação.,baseline_v1
CURVELANDIA,chikungunya,2025,18,tests,4.0,13.0,-0.6923076923076923,queda_atipica,moderada,Verificar possível interrupção de fluxo de coleta ou subnotificação.,baseline_v1
AGUA BOA,meningite,2026,20,tests,1.0,3.3333333333333335,-0.7000000000000001,queda_atipica,moderada,Verificar possível interrupção de fluxo de coleta ou subnotificação.,baseline_v1
VOTUPORANGA,dengue,2025,29,tests,1.0,3.4,-0.7058823529411765,queda_atipica,moderada,Verificar possível interrupção de fluxo de coleta ou subnotificação.,baseline_v1
APIACAS,dengue,2026,21,tests,3.0,10.25,-0.7073170731707317,queda_atipica,moderada,Verificar possível interrupção de fluxo de coleta ou subnotificação.,baseline_v1
CANARANA,toxoplasmose_toxoplasmose_igm,2026,11,tests,1.0,3.5,-0.7142857142857143,queda_atipica,moderada,Verificar possível interrupção de fluxo de coleta ou subnotificação.,baseline_v1
CARAPICUIBA,dengue,2026,6,tests,1.0,3.5,-0.7142857142857143,queda_atipica,moderada,Verificar possível interrupção de fluxo de coleta ou subnotificação.,baseline_v1
CARLINDA,tuberculose,2026,28,tests,1.0,3.5,-0.7142857142857143,queda_atipica,moderada,Verificar possível interrupção de fluxo de coleta ou subnotificação.,baseline_v1
CUIABA,sars_cov_2,2026,30,tests,4.0,14.0,-0.7142857142857143,queda_atipica,moderada,Verificar possível interrupção de fluxo de coleta ou subnotificação.,baseline_v1
JUINA,hansen_ase_hansen_ase_biologia_molecular,2026,26,tests,1.0,3.5,-0.7142857142857143,queda_atipica,moderada,Verificar possível interrupção de fluxo de coleta ou subnotificação.,baseline_v1
JURUENA,dengue,2026,12,tests,1.0,3.5,-0.7142857142857143,queda_atipica,moderada,Verificar possível interrupção de fluxo de coleta ou subnotificação.,baseline_v1
QUERENCIA,influenza,2026,26,tests,1.0,3.5,-0.7142857142857143,queda_atipica,moderada,Verificar possível interrupção de fluxo de coleta ou subnotificação.,baseline_v1
ITAUBA,dengue,2026,24,tests,1.0,3.625,-0.7241379310344828,queda_atipica,moderada,Verificar possível interrupção de fluxo de coleta ou subnotificação.,baseline_v1
MATUPA,dengue,2026,29,tests,3.0,11.0,-0.7272727272727273,queda_atipica,moderada,Verificar possível interrupção de fluxo de coleta ou subnotificação.,baseline_v1
GLORIA D''OESTE,dengue,2025,21,tests,1.0,3.7142857142857144,-0.7307692307692307,queda_atipica,moderada,Verificar possível interrupção de fluxo de coleta ou subnotificação.,baseline_v1
CACERES,dengue,2026,30,tests,2.0,7.5,-0.7333333333333333,queda_atipica,moderada,Verificar possível interrupção de fluxo de coleta ou subnotificação.,baseline_v1
CACERES,tuberculose,2026,30,tests,2.0,7.5,-0.7333333333333333,queda_atipica,moderada,Verificar possível interrupção de fluxo de coleta ou subnotificação.,baseline_v1
NOVA SANTA HELENA,dengue,2026,19,tests,1.0,3.75,-0.7333333333333333,queda_atipica,moderada,Verificar possível interrupção de fluxo de coleta ou subnotificação.,baseline_v1
SAO JOSE DOS QUATRO MARCOS,zika,2025,12,tests,2.0,7.5,-0.7333333333333333,queda_atipica,moderada,Verificar possível interrupção de fluxo de coleta ou subnotificação.,baseline_v1
UNIAO DO SUL,sars_cov_2,2026,17,tests,1.0,3.75,-0.7333333333333333,queda_atipica,moderada,Verificar possível interrupção de fluxo de coleta ou subnotificação.,baseline_v1
CANARANA,toxoplasmose_toxoplasmose_igg,2026,11,tests,1.0,3.8,-0.7368421052631579,queda_atipica,moderada,Verificar possível interrupção de fluxo de coleta ou subnotificação.,baseline_v1
CURVELANDIA,zika,2025,12,tests,2.0,7.625,-0.7377049180327869,queda_atipica,moderada,Verificar possível interrupção de fluxo de coleta ou subnotificação.,baseline_v1
PONTAL DO ARAGUAIA,dengue,2026,16,tests,4.0,15.5,-0.7419354838709677,queda_atipica,moderada,Verificar possível interrupção de fluxo de coleta ou subnotificação.,baseline_v1
VILA RICA,dengue,2026,29,tests,1.0,3.875,-0.7419354838709677,queda_atipica,moderada,Verificar possível interrupção de fluxo de coleta ou subnotificação.,baseline_v1
GUARANTA DO NORTE,hepatite_b_hbv,2026,30,positividade,0.125,0.4913194444444444,-0.7455830388692579,queda_atipica,moderada,Verificar possível interrupção de fluxo de coleta ou subnotificação.,baseline_v1
COLNIZA,dengue,2026,30,tests,1.0,4.0,-0.75,queda_atipica,moderada,Verificar possível interrupção de fluxo de coleta ou subnotificação.,baseline_v1
PRIMAVERA DO LESTE,tuberculose,2026,30,tests,2.0,8.0,-0.75,queda_atipica,moderada,Verificar possível interrupção de fluxo de coleta ou subnotificação.,baseline_v1
QUERENCIA,hepatite_b_hbv,2026,30,tests,1.0,4.0,-0.75,queda_atipica,moderada,Verificar possível interrupção de fluxo de coleta ou subnotificação.,baseline_v1
TABAPORA,dengue,2026,30,tests,3.0,12.0,-0.75,queda_atipica,moderada,Verificar possível interrupção de fluxo de coleta ou subnotificação.,baseline_v1
NOVA GUARITA,dengue,2026,17,tests,2.0,8.25,-0.7575757575757576,queda_atipica,moderada,Verificar possível interrupção de fluxo de coleta ou subnotificação.,baseline_v1
NOVA SANTA HELENA,chikungunya,2025,27,tests,6.0,24.75,-0.7575757575757576,queda_atipica,moderada,Verificar possível interrupção de fluxo de coleta ou subnotificação.,baseline_v1
PEIXOTO DE AZEVEDO,zika,2025,26,tests,1.0,4.166666666666667,-0.76,queda_atipica,moderada,Verificar possível interrupção de fluxo de coleta ou subnotificação.,baseline_v1
MATUPA,tuberculose,2026,28,tests,1.0,4.25,-0.7647058823529411,queda_atipica,moderada,Verificar possível interrupção de fluxo de coleta ou subnotificação.,baseline_v1
NOVA CANAA DO NORTE,influenza,2026,20,tests,1.0,4.25,-0.7647058823529411,queda_atipica,moderada,Verificar possível interrupção de fluxo de coleta ou subnotificação.,baseline_v1
VARZEA GRANDE,hepatite_b_hbv,2026,30,tests,1.0,4.25,-0.7647058823529411,queda_atipica,moderada,Verificar possível interrupção de fluxo de coleta ou subnotificação.,baseline_v1
POCONE,hepatite_b_hbv,2026,29,positividade,0.1666666666666666,0.7172619047619048,-0.7676348547717843,queda_atipica,moderada,Verificar possível interrupção de fluxo de coleta ou subnotificação.,baseline_v1
CAMPINAPOLIS,chikungunya,2026,21,tests,1.0,4.375,-0.7714285714285715,queda_atipica,moderada,Verificar possível interrupção de fluxo de coleta ou subnotificação.,baseline_v1
COLIDER,sars_cov_2,2026,28,tests,1.0,4.375,-0.7714285714285715,queda_atipica,moderada,Verificar possível interrupção de fluxo de coleta ou subnotificação.,baseline_v1
CACERES,doen_as_sexualmente_transmitidas_clamidia_biologia_molecular,2024,36,tests,1.0,4.5,-0.7777777777777778,queda_atipica,moderada,Verificar possível interrupção de fluxo de coleta ou subnotificação.,baseline_v1
CANARANA,hepatite_b_hbv,2026,30,tests,1.0,4.5,-0.7777777777777778,queda_atipica,moderada,Verificar possível interrupção de fluxo de coleta ou subnotificação.,baseline_v1
SALTO DO CEU,dengue,2026,15,tests,1.0,4.5,-0.7777777777777778,queda_atipica,moderada,Verificar possível interrupção de fluxo de coleta ou subnotificação.,baseline_v1
JANGADA,dengue,2025,36,tests,1.0,4.75,-0.7894736842105263,queda_atipica,moderada,Verificar possível interrupção de fluxo de coleta ou subnotificação.,baseline_v1
SANTO ANTONIO DO LEVERGER,hepatite_b_hbv,2026,29,positividade,0.1666666666666666,0.7916666666666666,-0.7894736842105263,queda_atipica,moderada,Verificar possível interrupção de fluxo de coleta ou subnotificação.,baseline_v1
PARANAITA,influenza,2026,25,tests,1.0,5.0,-0.8,queda_atipica,moderada,Verificar possível interrupção de fluxo de coleta ou subnotificação.,baseline_v1
COTRIGUACU,hepatite_b_hbv,2026,23,tests,1.0,5.25,-0.8095238095238095,queda_atipica,moderada,Verificar possível interrupção de fluxo de coleta ou subnotificação.,baseline_v1
CUIABA,doen_as_sexualmente_transmitidas_pesquisa_de_multipat_genos_ist,2026,28,tests,1.0,5.25,-0.8095238095238095,queda_atipica,moderada,Verificar possível interrupção de fluxo de coleta ou subnotificação.,baseline_v1
VARZEA GRANDE,zika,2026,30,tests,1.0,5.875,-0.8297872340425532,queda_atipica,moderada,Verificar possível interrupção de fluxo de coleta ou subnotificação.,baseline_v1
COLIDER,raiva_raiva,2025,21,tests,1.0,6.0,-0.8333333333333334,queda_atipica,moderada,Verificar possível interrupção de fluxo de coleta ou subnotificação.,baseline_v1
NOVA MUTUM,raiva_raiva,2026,26,tests,1.0,6.0,-0.8333333333333334,queda_atipica,moderada,Verificar possível interrupção de fluxo de coleta ou subnotificação.,baseline_v1
RONDONOPOLIS,tuberculose,2026,30,tests,10.0,63.625,-0.8428290766208252,queda_atipica,moderada,Verificar possível interrupção de fluxo de coleta ou subnotificação.,baseline_v1
TANGARA DA SERRA,tuberculose,2026,30,tests,1.0,6.5,-0.8461538461538461,queda_atipica,moderada,Verificar possível interrupção de fluxo de coleta ou subnotificação.,baseline_v1
MIRASSOL D''OESTE,raiva_raiva,2025,22,tests,1.0,7.0,-0.8571428571428571,queda_atipica,moderada,Verificar possível interrupção de fluxo de coleta ou subnotificação.,baseline_v1
TERRA NOVA DO NORTE,dengue,2026,12,tests,1.0,7.125,-0.8596491228070176,queda_atipica,moderada,Verificar possível interrupção de fluxo de coleta ou subnotificação.,baseline_v1
CAMPOS DE JULIO,chikungunya,2025,31,tests,1.0,7.142857142857143,-0.86,queda_atipica,moderada,Verificar possível interrupção de fluxo de coleta ou subnotificação.,baseline_v1
PONTES E LACERDA,raiva_raiva,2025,14,tests,1.0,7.2,-0.8611111111111112,queda_atipica,moderada,Verificar possível interrupção de fluxo de coleta ou subnotificação.,baseline_v1
PRIMAVERA DO LESTE,sarampo_sarampo_biologia_molecular,2026,16,tests,1.0,7.625,-0.8688524590163934,queda_atipica,moderada,Verificar possível interrupção de fluxo de coleta ou subnotificação.,baseline_v1
CASTANHEIRA,hepatite_b_hbv,2026,30,tests,1.0,7.875,-0.873015873015873,queda_atipica,moderada,Verificar possível interrupção de fluxo de coleta ou subnotificação.,baseline_v1
COMODORO,dengue,2026,30,tests,1.0,7.875,-0.873015873015873,queda_atipica,moderada,Verificar possível interrupção de fluxo de coleta ou subnotificação.,baseline_v1
PRIMAVERA DO LESTE,raiva_raiva,2026,11,tests,1.0,8.0,-0.875,queda_atipica,moderada,Verificar possível interrupção de fluxo de coleta ou subnotificação.,baseline_v1
COLNIZA,hepatite_b_hbv,2026,30,tests,1.0,8.125,-0.8769230769230769,queda_atipica,moderada,Verificar possível interrupção de fluxo de coleta ou subnotificação.,baseline_v1
CUIABA,influenza,2026,30,tests,2.0,17.0,-0.8823529411764706,queda_atipica,moderada,Verificar possível interrupção de fluxo de coleta ou subnotificação.,baseline_v1
CANARANA,citomegalov_rus_citomegalov_rus_igg,2026,13,tests,1.0,8.875,-0.8873239436619719,queda_atipica,moderada,Verificar possível interrupção de fluxo de coleta ou subnotificação.,baseline_v1
CANARANA,citomegalov_rus_citomegalov_rus_igm,2026,13,tests,1.0,9.0,-0.8888888888888888,queda_atipica,moderada,Verificar possível interrupção de fluxo de coleta ou subnotificação.,baseline_v1
VARZEA GRANDE,sarampo_sarampo_biologia_molecular,2026,25,tests,1.0,9.0,-0.8888888888888888,queda_atipica,moderada,Verificar possível interrupção de fluxo de coleta ou subnotificação.,baseline_v1
VILA RICA,tuberculose,2026,19,tests,1.0,9.5,-0.8947368421052632,queda_atipica,moderada,Verificar possível interrupção de fluxo de coleta ou subnotificação.,baseline_v1
VERA,chikungunya,2026,6,tests,2.0,21.125,-0.9053254437869822,queda_atipica,moderada,Verificar possível interrupção de fluxo de coleta ou subnotificação.,baseline_v1
CURVELANDIA,dengue,2025,20,tests,1.0,10.875,-0.9080459770114943,queda_atipica,moderada,Verificar possível interrupção de fluxo de coleta ou subnotificação.,baseline_v1
CACERES,zika,2026,17,tests,2.0,23.0,-0.9130434782608695,queda_atipica,moderada,Verificar possível interrupção de fluxo de coleta ou subnotificação.,baseline_v1
JUINA,raiva_raiva,2026,26,tests,1.0,12.4,-0.9193548387096774,queda_atipica,moderada,Verificar possível interrupção de fluxo de coleta ou subnotificação.,baseline_v1
GUARANTA DO NORTE,influenza,2026,30,tests,1.0,19.375,-0.9483870967741935,queda_atipica,moderada,Verificar possível interrupção de fluxo de coleta ou subnotificação.,baseline_v1
CACERES,chikungunya,2026,17,tests,3.0,66.375,-0.9548022598870056,queda_atipica,moderada,Verificar possível interrupção de fluxo de coleta ou subnotificação.,baseline_v1
PONTES E LACERDA,hepatite_b_hbv,2026,29,positividade,0.5,0.33333333333333337,0.49999999999999983,alta_atipica,baixa,Investigar pico atípico e validar capacidade laboratorial/vigilância.,baseline_v1
COMODORO,hepatite_b_hbv,2026,28,positividade,1.0,0.6875,0.45454545454545453,alta_atipica,baixa,Investigar pico atípico e validar capacidade laboratorial/vigilância.,baseline_v1
NOVA MUTUM,toxoplasmose_toxoplasmose_igg,2026,28,positividade,1.0,0.6875,0.45454545454545453,alta_atipica,baixa,Investigar pico atípico e validar capacidade laboratorial/vigilância.,baseline_v1
COLNIZA,hepatite_b_hbv,2026,30,positividade,1.0,0.7214285714285714,0.38613861386138615,alta_atipica,baixa,Investigar pico atípico e validar capacidade laboratorial/vigilância.,baseline_v1
ACORIZAL,hepatite_b_hbv,2026,30,positividade,1.0,0.75,0.3333333333333333,alta_atipica,baixa,Investigar pico atípico e validar capacidade laboratorial/vigilância.,baseline_v1
ARAGUAIANA,hepatite_b_hbv,2026,29,positividade,1.0,0.75,0.3333333333333333,alta_atipica,baixa,Investigar pico atípico e validar capacidade laboratorial/vigilância.,baseline_v1
CAMPO NOVO DO PARECIS,toxoplasmose_toxoplasmose_igm,2026,30,positividade,1.0,0.75,0.3333333333333333,alta_atipica,baixa,Investigar pico atípico e validar capacidade laboratorial/vigilância.,baseline_v1
CAMPOS DE JULIO,hepatite_b_hbv,2026,11,positividade,1.0,0.75,0.3333333333333333,alta_atipica,baixa,Investigar pico atípico e validar capacidade laboratorial/vigilância.,baseline_v1
CARLINDA,hepatite_b_hbv,2026,25,positividade,1.0,0.75,0.3333333333333333,alta_atipica,baixa,Investigar pico atípico e validar capacidade laboratorial/vigilância.,baseline_v1
DIAMANTINO,doenca_de_chagas_aguda_chagas,2026,29,positividade,1.0,0.75,0.3333333333333333,alta_atipica,baixa,Investigar pico atípico e validar capacidade laboratorial/vigilância.,baseline_v1
DIAMANTINO,doenca_de_chagas_aguda_chagas_igg,2026,29,positividade,1.0,0.75,0.3333333333333333,alta_atipica,baixa,Investigar pico atípico e validar capacidade laboratorial/vigilância.,baseline_v1
LUCAS DO RIO VERDE,brucelose_brucelose,2025,7,positividade,1.0,0.75,0.3333333333333333,alta_atipica,baixa,Investigar pico atípico e validar capacidade laboratorial/vigilância.,baseline_v1
MARCELANDIA,hepatite_b_hbv,2026,25,positividade,1.0,0.75,0.3333333333333333,alta_atipica,baixa,Investigar pico atípico e validar capacidade laboratorial/vigilância.,baseline_v1
NOVA MUTUM,toxoplasmose_citomegalov_rus_igg,2025,47,positividade,1.0,0.75,0.3333333333333333,alta_atipica,baixa,Investigar pico atípico e validar capacidade laboratorial/vigilância.,baseline_v1
NOVO MUNDO,hepatite_b_hbv,2026,28,positividade,1.0,0.75,0.3333333333333333,alta_atipica,baixa,Investigar pico atípico e validar capacidade laboratorial/vigilância.,baseline_v1
PARANATINGA,hepatite_b_hbv,2026,28,positividade,1.0,0.75,0.3333333333333333,alta_atipica,baixa,Investigar pico atípico e validar capacidade laboratorial/vigilância.,baseline_v1
PONTAL DO ARAGUAIA,hepatite_b_hbv,2026,22,positividade,1.0,0.75,0.3333333333333333,alta_atipica,baixa,Investigar pico atípico e validar capacidade laboratorial/vigilância.,baseline_v1
SORRISO,toxoplasmose_toxoplasmose_igg,2026,14,positividade,1.0,0.75,0.3333333333333333,alta_atipica,baixa,Investigar pico atípico e validar capacidade laboratorial/vigilância.,baseline_v1
VARZEA GRANDE,infec_o_coloniza_o_cultura_para_fungos,2026,28,positividade,1.0,0.75,0.3333333333333333,alta_atipica,baixa,Investigar pico atípico e validar capacidade laboratorial/vigilância.,baseline_v1
CANARANA,toxoplasmose_toxoplasmose_igg,2026,11,positividade,1.0,0.7666666666666666,0.3043478260869566,alta_atipica,baixa,Investigar pico atípico e validar capacidade laboratorial/vigilância.,baseline_v1
CANARANA,hepatite_b_hbv,2026,30,positividade,1.0,0.7916666666666667,0.263157894736842,alta_atipica,baixa,Investigar pico atípico e validar capacidade laboratorial/vigilância.,baseline_v1
ALTO GARCAS,hepatite_b_hbv,2026,23,positividade,1.0,0.8,0.24999999999999994,alta_atipica,baixa,Investigar pico atípico e validar capacidade laboratorial/vigilância.,baseline_v1
DOM AQUINO,hepatite_b_hbv,2026,25,positividade,1.0,0.8,0.24999999999999994,alta_atipica,baixa,Investigar pico atípico e validar capacidade laboratorial/vigilância.,baseline_v1
NOVA LACERDA,hepatite_b_hbv,2026,17,positividade,1.0,0.8,0.24999999999999994,alta_atipica,baixa,Investigar pico atípico e validar capacidade laboratorial/vigilância.,baseline_v1
CUIABA,hepatite_b_hbv,2026,30,positividade,1.0,0.8253968253968254,0.21153846153846162,alta_atipica,baixa,Investigar pico atípico e validar capacidade laboratorial/vigilância.,baseline_v1
