municipio,familia,epi_year,epi_week,prob_pressao_alta_proxima_janela,limiar_operacional,acima_limiar,faixa_pressao_predita,indice_pressao_proxy_atual,tests,drivers,tipo_sinal,metodo,modelo_versao
JUINA,hepatite,2026,36,0.9515,0.35,True,critica,40.0,49,tests_ma8=40.2 (imp=0.486); tests_ma4=41 (imp=0.306); tests_lag1=59 (imp=0.0495); tests=49 (imp=0.0458); indice_pressao_proxy=40 (imp=0.0338),Predito,sklearn_gb_pressao_familia_v1,pressao_v1
GUARANTA DO NORTE,hepatite,2026,36,0.9449,0.35,True,critica,21.05,7,tests_ma8=21.2 (imp=0.486); tests_ma4=30.2 (imp=0.306); tests_lag1=25 (imp=0.0495); indice_pressao_proxy=21.1 (imp=0.0338); tests=7 (imp=0.0458),Predito,sklearn_gb_pressao_familia_v1,pressao_v1
VARZEA GRANDE,respiratorio,2026,37,0.9438,0.35,True,critica,40.0,9,tests_ma8=20.9 (imp=0.212); indice_pressao_proxy=40 (imp=0.0587); tests_ma4=23 (imp=0.0783); tests_lag1=24 (imp=0.0454); tests_pct_estadual=1 (imp=0.468),Predito,sklearn_gb_pressao_familia_v1,pressao_v1
CUIABA,tuberculose,2026,36,0.9366,0.25,True,critica,60.0,104,tests_ma4=130 (imp=0.466); tests_ma8=117 (imp=0.272); tests_lag1=134 (imp=0.0179); tests=104 (imp=0.0222); indice_pressao_proxy=60 (imp=0.024),Predito,sklearn_gb_pressao_familia_v1,pressao_v1
CUIABA,hepatite,2026,36,0.9201,0.35,True,critica,40.0,16,tests_ma8=20.6 (imp=0.486); tests_ma4=20.5 (imp=0.306); tests_lag1=28 (imp=0.0495); indice_pressao_proxy=40 (imp=0.0338); tests=16 (imp=0.0458),Predito,sklearn_gb_pressao_familia_v1,pressao_v1
LUCAS DO RIO VERDE,arbovirose,2026,36,0.9194,0.44999999999999996,True,critica,32.54,29,tests_ma4=60.2 (imp=0.379); tests_ma8=54.5 (imp=0.0883); tests_lag1=49 (imp=0.0273); tests=29 (imp=0.0167); indice_pressao_proxy=32.5 (imp=0.0141),Predito,sklearn_gb_pressao_familia_v1,pressao_v1
VARZEA GRANDE,tuberculose,2026,36,0.9151,0.25,True,critica,60.0,44,tests_ma4=54.5 (imp=0.466); tests_ma8=50 (imp=0.272); indice_pressao_proxy=60 (imp=0.024); tests_lag1=63 (imp=0.0179); tests=44 (imp=0.0222),Predito,sklearn_gb_pressao_familia_v1,pressao_v1
RONDONOPOLIS,tuberculose,2026,36,0.9131,0.25,True,critica,20.71,19,tests_ma4=25.2 (imp=0.466); tests_ma8=37.2 (imp=0.272); indice_pressao_proxy=20.7 (imp=0.024); tests=19 (imp=0.0222); tests_trend=-12 (imp=0.0303),Predito,sklearn_gb_pressao_familia_v1,pressao_v1
VARZEA GRANDE,arbovirose,2026,36,0.9098,0.44999999999999996,True,critica,40.0,52,tests_ma4=46.8 (imp=0.379); tests_ma8=40.2 (imp=0.0883); tests_lag1=47 (imp=0.0273); tests=52 (imp=0.0167); indice_pressao_proxy=40 (imp=0.0141),Predito,sklearn_gb_pressao_familia_v1,pressao_v1
CUIABA,outros,2026,36,0.8822,0.39999999999999997,True,critica,33.68,45,tests_ma8=27.2 (imp=0.594); tests_ma4=30.5 (imp=0.0884); indice_pressao_proxy=33.7 (imp=0.0767); tests=45 (imp=0.0338); tests_lag1=20 (imp=0.0272),Predito,sklearn_gb_pressao_familia_v1,pressao_v1
SINOP,outros,2026,36,0.8328,0.39999999999999997,True,critica,40.0,63,tests_ma8=17.5 (imp=0.594); indice_pressao_proxy=40 (imp=0.0767); tests_ma4=28.2 (imp=0.0884); tests=63 (imp=0.0338); tests_lag1=18 (imp=0.0272),Predito,sklearn_gb_pressao_familia_v1,pressao_v1
CUIABA,arbovirose,2026,36,0.8211,0.44999999999999996,True,critica,40.0,36,tests_ma4=21.5 (imp=0.379); tests_ma8=18.4 (imp=0.0883); tests=36 (imp=0.0167); indice_pressao_proxy=40 (imp=0.0141); tests_pct_estadual=0.955 (imp=0.414),Predito,sklearn_gb_pressao_familia_v1,pressao_v1
TANGARA DA SERRA,tuberculose,2026,36,0.8109,0.25,True,critica,40.0,43,tests_ma4=26.2 (imp=0.466); tests_ma8=17.9 (imp=0.272); indice_pressao_proxy=40 (imp=0.024); tests=43 (imp=0.0222); tests_trend=8.38 (imp=0.0303),Predito,sklearn_gb_pressao_familia_v1,pressao_v1
CACERES,outros,2026,36,0.7896,0.39999999999999997,True,critica,40.0,58,tests_ma8=15.9 (imp=0.594); indice_pressao_proxy=40 (imp=0.0767); tests_ma4=27.5 (imp=0.0884); tests=58 (imp=0.0338); tests_trend=11.6 (imp=0.0302),Predito,sklearn_gb_pressao_familia_v1,pressao_v1
SINOP,tuberculose,2026,36,0.7759,0.25,True,critica,27.25,25,tests_ma4=41 (imp=0.466); tests_ma8=32.4 (imp=0.272); tests_lag1=39 (imp=0.0179); indice_pressao_proxy=27.2 (imp=0.024); tests=25 (imp=0.0222),Predito,sklearn_gb_pressao_familia_v1,pressao_v1
TERRA NOVA DO NORTE,hepatite,2026,36,0.7636,0.35,True,critica,6.02,2,tests_ma8=9.12 (imp=0.486); tests_ma4=10.8 (imp=0.306); tests_lag1=27 (imp=0.0495); indice_pressao_proxy=6.02 (imp=0.0338); tests=2 (imp=0.0458),Predito,sklearn_gb_pressao_familia_v1,pressao_v1
SORRISO,arbovirose,2026,36,0.6829,0.44999999999999996,True,critica,21.32,19,tests_ma4=23.2 (imp=0.379); tests_ma8=19.9 (imp=0.0883); tests_lag1=29 (imp=0.0273); tests_pct_estadual=0.864 (imp=0.414); tests=19 (imp=0.0167),Predito,sklearn_gb_pressao_familia_v1,pressao_v1
VARZEA GRANDE,outros,2026,36,0.682,0.39999999999999997,True,critica,30.68,41,tests_ma8=21.5 (imp=0.594); indice_pressao_proxy=30.7 (imp=0.0767); tests_ma4=25.5 (imp=0.0884); tests=41 (imp=0.0338); tests_lag1=24 (imp=0.0272),Predito,sklearn_gb_pressao_familia_v1,pressao_v1
TOLEDO,hepatite,2026,35,0.6757,0.35,True,critica,17.71,12,tests=12 (imp=0.0458); tests_lag1=nan (imp=0.0495); tests_ma4=nan (imp=0.306); tests_ma8=nan (imp=0.486); tests_trend=nan (imp=0.0213),Predito,sklearn_gb_pressao_familia_v1,pressao_v1
LUCAS DO RIO VERDE,respiratorio,2026,36,0.6652,0.35,True,critica,12.66,5,tests_ma8=8.88 (imp=0.212); tests_ma4=9.75 (imp=0.0783); indice_pressao_proxy=12.7 (imp=0.0587); tests_pct_estadual=0.931 (imp=0.468); tests_lag1=5 (imp=0.0454),Predito,sklearn_gb_pressao_familia_v1,pressao_v1
ARIPUANA,hepatite,2026,36,0.665,0.35,True,critica,21.05,7,tests_ma8=9.88 (imp=0.486); tests_ma4=10.8 (imp=0.306); indice_pressao_proxy=21.1 (imp=0.0338); tests_lag1=7 (imp=0.0495); tests=7 (imp=0.0458),Predito,sklearn_gb_pressao_familia_v1,pressao_v1
CASTANHEIRA,hepatite,2026,36,0.663,0.35,True,critica,21.05,7,tests_ma8=7.12 (imp=0.486); tests_ma4=7 (imp=0.306); indice_pressao_proxy=21.1 (imp=0.0338); tests_lag1=7 (imp=0.0495); tests=7 (imp=0.0458),Predito,sklearn_gb_pressao_familia_v1,pressao_v1
COLNIZA,hepatite,2026,36,0.6518,0.35,True,critica,21.05,7,tests_ma8=7 (imp=0.486); tests_ma4=5.5 (imp=0.306); indice_pressao_proxy=21.1 (imp=0.0338); tests_lag1=7 (imp=0.0495); tests=7 (imp=0.0458),Predito,sklearn_gb_pressao_familia_v1,pressao_v1
GUARANTA DO NORTE,outros,2026,35,0.6445,0.39999999999999997,True,critica,40.0,23,tests_ma8=11.4 (imp=0.594); indice_pressao_proxy=40 (imp=0.0767); tests_ma4=13.5 (imp=0.0884); tests=23 (imp=0.0338); tests_lag1=20 (imp=0.0272),Predito,sklearn_gb_pressao_familia_v1,pressao_v1
CACERES,tuberculose,2026,36,0.6297,0.25,True,critica,17.44,16,tests_ma4=9.75 (imp=0.466); tests_ma8=8.38 (imp=0.272); indice_pressao_proxy=17.4 (imp=0.024); tests=16 (imp=0.0222); tests_lag1=6 (imp=0.0179),Predito,sklearn_gb_pressao_familia_v1,pressao_v1
BRASNORTE,hepatite,2026,24,0.6073,0.35,True,critica,27.72,7,tests_ma8=9.12 (imp=0.486); tests_ma4=9.25 (imp=0.306); indice_pressao_proxy=27.7 (imp=0.0338); tests=7 (imp=0.0458); tests_lag1=1 (imp=0.0495),Predito,sklearn_gb_pressao_familia_v1,pressao_v1
JACIARA,tuberculose,2026,35,0.6064,0.25,True,critica,40.0,20,tests_ma4=6.25 (imp=0.466); tests_ma8=6.38 (imp=0.272); indice_pressao_proxy=40 (imp=0.024); tests=20 (imp=0.0222); tests_pct_estadual=0.954 (imp=0.11),Predito,sklearn_gb_pressao_familia_v1,pressao_v1
LUCAS DO RIO VERDE,tuberculose,2026,36,0.5813,0.25,True,alta,10.9,10,tests_ma4=12.8 (imp=0.466); tests_ma8=9.62 (imp=0.272); indice_pressao_proxy=10.9 (imp=0.024); tests=10 (imp=0.0222); tests_pct_estadual=0.865 (imp=0.11),Predito,sklearn_gb_pressao_familia_v1,pressao_v1
SORRISO,tuberculose,2026,36,0.5809,0.25,True,alta,9.81,9,tests_ma4=9.5 (imp=0.466); tests_ma8=10.1 (imp=0.272); indice_pressao_proxy=9.81 (imp=0.024); tests=9 (imp=0.0222); tests_pct_estadual=0.823 (imp=0.11),Predito,sklearn_gb_pressao_familia_v1,pressao_v1
ALTA FLORESTA,arbovirose,2026,27,0.5778,0.44999999999999996,True,alta,23.53,16,tests_ma4=12.5 (imp=0.379); tests_ma8=13.4 (imp=0.0883); tests_pct_estadual=0.909 (imp=0.414); indice_pressao_proxy=23.5 (imp=0.0141); tests_lag1=11 (imp=0.0273),Predito,sklearn_gb_pressao_familia_v1,pressao_v1
CAMPO VERDE,arbovirose,2026,36,0.5362,0.44999999999999996,True,alta,10.1,9,tests_ma4=29.2 (imp=0.379); tests_ma8=19.2 (imp=0.0883); tests_lag1=40 (imp=0.0273); tests_pct_estadual=0.75 (imp=0.414); tests_trend=10 (imp=0.0236),Predito,sklearn_gb_pressao_familia_v1,pressao_v1
SAO JOSE DO XINGU,tuberculose,2026,13,0.5193,0.25,True,alta,40.0,65,tests_ma4=17.8 (imp=0.466); tests_ma8=12.5 (imp=0.272); tests=65 (imp=0.0222); indice_pressao_proxy=40 (imp=0.024); tests_trend=5.25 (imp=0.0303),Predito,sklearn_gb_pressao_familia_v1,pressao_v1
CANARANA,hepatite,2026,35,0.5103,0.35,True,alta,11.81,8,tests_ma8=4.62 (imp=0.486); tests_ma4=4 (imp=0.306); indice_pressao_proxy=11.8 (imp=0.0338); tests=8 (imp=0.0458); tests_lag1=6 (imp=0.0495),Predito,sklearn_gb_pressao_familia_v1,pressao_v1
ALTA FLORESTA,tuberculose,2026,36,0.5074,0.25,True,alta,10.9,10,tests_ma4=9.5 (imp=0.466); tests_ma8=5.62 (imp=0.272); indice_pressao_proxy=10.9 (imp=0.024); tests=10 (imp=0.0222); tests_lag1=10 (imp=0.0179),Predito,sklearn_gb_pressao_familia_v1,pressao_v1
MACEIO,arbovirose,2026,31,0.5067,0.44999999999999996,True,alta,26.32,5,tests_ma4=2.75 (imp=0.379); indice_pressao_proxy=26.3 (imp=0.0141); tests_pct_estadual=0.812 (imp=0.414); tests_ma8=2.88 (imp=0.0883); tests=5 (imp=0.0167),Predito,sklearn_gb_pressao_familia_v1,pressao_v1
RONDONOPOLIS,hepatite,2026,35,0.4981,0.35,True,alta,13.28,9,tests_ma8=5.25 (imp=0.486); tests_ma4=6 (imp=0.306); indice_pressao_proxy=13.3 (imp=0.0338); tests=9 (imp=0.0458); tests_lag1=1 (imp=0.0495),Predito,sklearn_gb_pressao_familia_v1,pressao_v1
APIACAS,outros,2026,20,0.4956,0.39999999999999997,True,alta,21.85,13,tests_ma8=4.2 (imp=0.594); indice_pressao_proxy=21.9 (imp=0.0767); tests=13 (imp=0.0338); tests_ma4=4.75 (imp=0.0884); tests_pct_estadual=0.84 (imp=0.0633),Predito,sklearn_gb_pressao_familia_v1,pressao_v1
ROSARIO,tuberculose,2024,39,0.488,0.25,True,alta,0.45,1,tests=1 (imp=0.0222); tests_lag1=nan (imp=0.0179); tests_ma4=nan (imp=0.466); tests_ma8=nan (imp=0.272); tests_trend=nan (imp=0.0303),Predito,sklearn_gb_pressao_familia_v1,pressao_v1
COLNIZA,arbovirose,2026,30,0.4828,0.44999999999999996,True,alta,11.51,6,tests_ma4=8 (imp=0.379); tests_ma8=14.5 (imp=0.0883); tests_pct_estadual=0.792 (imp=0.414); indice_pressao_proxy=11.5 (imp=0.0141); tests_trend=-6.5 (imp=0.0236),Predito,sklearn_gb_pressao_familia_v1,pressao_v1
CANARANA,outros,2026,35,0.4778,0.39999999999999997,True,alta,1.82,1,tests_ma8=5.38 (imp=0.594); tests_ma4=2.25 (imp=0.0884); indice_pressao_proxy=1.82 (imp=0.0767); tests_trend=-3.12 (imp=0.0302); tests_lag1=2 (imp=0.0272),Predito,sklearn_gb_pressao_familia_v1,pressao_v1
LAGOA DA CONFUSAO,tuberculose,2026,27,0.4713,0.25,True,alta,25.24,10,tests_ma4=6.5 (imp=0.466); tests=10 (imp=0.0222); tests_pct_estadual=0.889 (imp=0.11); tests_lag1=3 (imp=0.0179); tests_ma8=nan (imp=0.272),Predito,sklearn_gb_pressao_familia_v1,pressao_v1
CACERES,arbovirose,2026,36,0.4703,0.44999999999999996,True,alta,5.61,5,tests_ma4=19.2 (imp=0.379); tests_ma8=12.9 (imp=0.0883); tests_pct_estadual=0.5 (imp=0.414); tests_trend=6.38 (imp=0.0236); tests_lag1=5 (imp=0.0273),Predito,sklearn_gb_pressao_familia_v1,pressao_v1
SINOP,hepatite,2026,36,0.469,0.35,True,alta,15.04,5,tests_ma8=5.25 (imp=0.486); tests_ma4=5.75 (imp=0.306); indice_pressao_proxy=15 (imp=0.0338); tests_lag1=6 (imp=0.0495); tests=5 (imp=0.0458),Predito,sklearn_gb_pressao_familia_v1,pressao_v1
JURUENA,outros,2026,35,0.4608,0.39999999999999997,True,alta,1.82,1,tests_ma8=5.62 (imp=0.594); tests_ma4=2 (imp=0.0884); indice_pressao_proxy=1.82 (imp=0.0767); tests_lag1=5 (imp=0.0272); tests_trend=-3.62 (imp=0.0302),Predito,sklearn_gb_pressao_familia_v1,pressao_v1
PORTO ESPERIDIAO,tuberculose,2026,29,0.4593,0.25,True,alta,0.99,1,tests_ma8=4 (imp=0.272); tests_ma4=1.5 (imp=0.466); tests_trend=-2.5 (imp=0.0303); indice_pressao_proxy=0.99 (imp=0.024); tests=1 (imp=0.0222),Predito,sklearn_gb_pressao_familia_v1,pressao_v1
PARANAITA,arbovirose,2026,32,0.4579,0.44999999999999996,True,alta,15.93,9,tests_ma4=5 (imp=0.379); tests_ma8=6.5 (imp=0.0883); tests_pct_estadual=0.786 (imp=0.414); indice_pressao_proxy=15.9 (imp=0.0141); tests=9 (imp=0.0167),Predito,sklearn_gb_pressao_familia_v1,pressao_v1
CARLINDA,tuberculose,2026,28,0.4529,0.25,True,alta,7.36,3,tests_ma4=5.5 (imp=0.466); tests_ma8=6.75 (imp=0.272); indice_pressao_proxy=7.36 (imp=0.024); tests_pct_estadual=0.713 (imp=0.11); tests_lag1=4 (imp=0.0179),Predito,sklearn_gb_pressao_familia_v1,pressao_v1
POXOREO,tuberculose,2026,36,0.4476,0.25,True,alta,1.09,1,tests_ma8=5.12 (imp=0.272); tests_ma4=1.5 (imp=0.466); tests_trend=-3.62 (imp=0.0303); indice_pressao_proxy=1.09 (imp=0.024); tests=1 (imp=0.0222),Predito,sklearn_gb_pressao_familia_v1,pressao_v1
JURUENA,hepatite,2026,34,0.4433,0.35,True,alta,2.17,1,tests_ma8=8.88 (imp=0.486); tests_ma4=9 (imp=0.306); tests_lag1=14 (imp=0.0495); indice_pressao_proxy=2.17 (imp=0.0338); tests=1 (imp=0.0458),Predito,sklearn_gb_pressao_familia_v1,pressao_v1
PRIMAVERA DO LESTE,arbovirose,2026,35,0.439,0.44999999999999996,False,alta,8.64,10,tests_ma4=7.5 (imp=0.379); tests_ma8=9.12 (imp=0.0883); tests_lag1=13 (imp=0.0273); tests_pct_estadual=0.826 (imp=0.414); tests=10 (imp=0.0167),Predito,sklearn_gb_pressao_familia_v1,pressao_v1
MARCELANDIA,arbovirose,2026,34,0.439,0.44999999999999996,False,alta,10.12,15,tests_ma4=6.25 (imp=0.379); tests_ma8=6.88 (imp=0.0883); tests_pct_estadual=0.818 (imp=0.414); tests=15 (imp=0.0167); indice_pressao_proxy=10.1 (imp=0.0141),Predito,sklearn_gb_pressao_familia_v1,pressao_v1
CANARANA,tuberculose,2026,31,0.4372,0.25,True,alta,4.0,1,tests_ma4=7.25 (imp=0.466); tests_ma8=6.5 (imp=0.272); tests_lag1=24 (imp=0.0179); indice_pressao_proxy=4 (imp=0.024); tests_pct_estadual=0.262 (imp=0.11),Predito,sklearn_gb_pressao_familia_v1,pressao_v1
QUERENCIA,arbovirose,2026,28,0.4313,0.44999999999999996,False,alta,2.49,3,tests_ma4=1.5 (imp=0.379); tests_ma8=3.75 (imp=0.0883); tests_pct_estadual=0.412 (imp=0.414); tests_trend=-2.25 (imp=0.0236); tests=3 (imp=0.0167),Predito,sklearn_gb_pressao_familia_v1,pressao_v1
JUINA,outros,2026,35,0.4294,0.39999999999999997,True,alta,36.45,20,tests_ma8=5.5 (imp=0.594); indice_pressao_proxy=36.5 (imp=0.0767); tests_ma4=7.75 (imp=0.0884); tests=20 (imp=0.0338); volume_norm=0.911 (imp=0.0804),Predito,sklearn_gb_pressao_familia_v1,pressao_v1
BOM JESUS DO ARAGUAIA,hepatite,2026,19,0.4245,0.35,True,alta,40.0,27,tests_ma8=5.38 (imp=0.486); tests_ma4=7.75 (imp=0.306); indice_pressao_proxy=40 (imp=0.0338); tests=27 (imp=0.0458); tests_trend=2.38 (imp=0.0213),Predito,sklearn_gb_pressao_familia_v1,pressao_v1
PONTAL DO ARAGUAIA,arbovirose,2026,13,0.4224,0.44999999999999996,False,alta,2.75,5,tests_ma4=22 (imp=0.379); tests_ma8=17.1 (imp=0.0883); tests_pct_estadual=0.542 (imp=0.414); tests_trend=4.88 (imp=0.0236); tests=5 (imp=0.0167),Predito,sklearn_gb_pressao_familia_v1,pressao_v1
RIBEIRAO CASCALHEIRA,outros,2026,25,0.4201,0.39999999999999997,True,alta,18.75,9,tests_ma8=4.75 (imp=0.594); indice_pressao_proxy=18.8 (imp=0.0767); tests_ma4=6 (imp=0.0884); tests=9 (imp=0.0338); tests_lag1=11 (imp=0.0272),Predito,sklearn_gb_pressao_familia_v1,pressao_v1
GLORIA D''OESTE,outros,2026,34,0.4182,0.39999999999999997,True,alta,33.25,17,indice_pressao_proxy=33.2 (imp=0.0767); tests_ma8=4.25 (imp=0.594); tests_ma4=6.5 (imp=0.0884); tests=17 (imp=0.0338); tests_lag1=4 (imp=0.0272),Predito,sklearn_gb_pressao_familia_v1,pressao_v1
LUCIARA,tuberculose,2026,30,0.4102,0.25,True,alta,17.52,6,tests_ma4=3.75 (imp=0.466); tests_ma8=2.83 (imp=0.272); indice_pressao_proxy=17.5 (imp=0.024); tests=6 (imp=0.0222); tests_pct_estadual=0.846 (imp=0.11),Predito,sklearn_gb_pressao_familia_v1,pressao_v1
DIAMANTINO,outros,2026,35,0.4087,0.39999999999999997,True,alta,10.93,6,tests_ma8=3.62 (imp=0.594); indice_pressao_proxy=10.9 (imp=0.0767); tests_ma4=3.75 (imp=0.0884); tests=6 (imp=0.0338); tests_pct_estadual=0.536 (imp=0.0633),Predito,sklearn_gb_pressao_familia_v1,pressao_v1
NOVA MARILANDIA,outros,2026,29,0.4074,0.39999999999999997,True,alta,24.74,12,tests_ma8=3.25 (imp=0.594); indice_pressao_proxy=24.7 (imp=0.0767); tests=12 (imp=0.0338); tests_ma4=4.25 (imp=0.0884); tests_pct_estadual=0.909 (imp=0.0633),Predito,sklearn_gb_pressao_familia_v1,pressao_v1
NOBRES,outros,2026,25,0.4063,0.39999999999999997,True,alta,10.42,5,tests_ma8=3.38 (imp=0.594); indice_pressao_proxy=10.4 (imp=0.0767); tests_ma4=3.25 (imp=0.0884); tests=5 (imp=0.0338); tests_pct_estadual=0.643 (imp=0.0633),Predito,sklearn_gb_pressao_familia_v1,pressao_v1
CONFRESA,outros,2026,27,0.4063,0.39999999999999997,True,alta,2.94,2,tests_ma8=5.38 (imp=0.594); indice_pressao_proxy=2.94 (imp=0.0767); tests_ma4=1.75 (imp=0.0884); tests_trend=-3.62 (imp=0.0302); tests=2 (imp=0.0338),Predito,sklearn_gb_pressao_familia_v1,pressao_v1
SAO MIGUEL DOS CAMPOS,tuberculose,2026,28,0.3995,0.25,True,moderada,2.45,1,tests_ma4=9.5 (imp=0.466); tests_lag1=18 (imp=0.0179); tests_pct_estadual=0.259 (imp=0.11); tests=1 (imp=0.0222); tests_ma8=nan (imp=0.272),Predito,sklearn_gb_pressao_familia_v1,pressao_v1
SERRA NOVA DOURADA,hepatite,2026,20,0.3953,0.35,True,moderada,4.0,2,tests_ma8=5.17 (imp=0.486); tests_ma4=3.5 (imp=0.306); tests_lag1=9 (imp=0.0495); indice_pressao_proxy=4 (imp=0.0338); tests=2 (imp=0.0458),Predito,sklearn_gb_pressao_familia_v1,pressao_v1
PARANATINGA,outros,2026,35,0.3949,0.39999999999999997,False,moderada,14.58,8,tests_ma8=3.25 (imp=0.594); indice_pressao_proxy=14.6 (imp=0.0767); tests_ma4=3.75 (imp=0.0884); tests=8 (imp=0.0338); tests_pct_estadual=0.661 (imp=0.0633),Predito,sklearn_gb_pressao_familia_v1,pressao_v1
PARANAITA,tuberculose,2026,29,0.3944,0.25,True,moderada,5.93,6,tests_ma4=6.75 (imp=0.466); tests_ma8=6 (imp=0.272); indice_pressao_proxy=5.93 (imp=0.024); tests=6 (imp=0.0222); tests_pct_estadual=0.766 (imp=0.11),Predito,sklearn_gb_pressao_familia_v1,pressao_v1
CAMPO NOVO DO PARECIS,outros,2026,35,0.3941,0.39999999999999997,False,moderada,18.22,10,tests_ma8=10 (imp=0.594); indice_pressao_proxy=18.2 (imp=0.0767); tests_ma4=9.75 (imp=0.0884); tests=10 (imp=0.0338); tests_lag1=6 (imp=0.0272),Predito,sklearn_gb_pressao_familia_v1,pressao_v1
CHAPADA DOS GUIMARAES,outros,2026,34,0.3927,0.39999999999999997,False,moderada,21.52,11,tests_ma8=5 (imp=0.594); indice_pressao_proxy=21.5 (imp=0.0767); tests_ma4=6.5 (imp=0.0884); tests=11 (imp=0.0338); tests_lag1=7 (imp=0.0272),Predito,sklearn_gb_pressao_familia_v1,pressao_v1
SAO FELIX DO ARAGUAIA,tuberculose,2026,25,0.384,0.25,True,moderada,1.79,1,tests_ma8=14.4 (imp=0.272); tests_ma4=4.5 (imp=0.466); tests_trend=-9.88 (imp=0.0303); tests_lag1=5 (imp=0.0179); indice_pressao_proxy=1.79 (imp=0.024),Predito,sklearn_gb_pressao_familia_v1,pressao_v1
MATUPA,outros,2026,35,0.383,0.39999999999999997,False,moderada,14.58,8,tests_ma8=7.5 (imp=0.594); indice_pressao_proxy=14.6 (imp=0.0767); tests_ma4=8.25 (imp=0.0884); tests=8 (imp=0.0338); tests_lag1=3 (imp=0.0272),Predito,sklearn_gb_pressao_familia_v1,pressao_v1
CARLINDA,outros,2026,29,0.3807,0.39999999999999997,False,moderada,6.19,3,tests_ma8=5.25 (imp=0.594); indice_pressao_proxy=6.19 (imp=0.0767); tests_ma4=5.25 (imp=0.0884); tests_lag1=16 (imp=0.0272); tests=3 (imp=0.0338),Predito,sklearn_gb_pressao_familia_v1,pressao_v1
CAMPO VERDE,tuberculose,2026,36,0.3794,0.25,True,moderada,1.09,1,tests_ma4=4 (imp=0.466); tests_ma8=4.25 (imp=0.272); tests_lag1=8 (imp=0.0179); indice_pressao_proxy=1.09 (imp=0.024); tests=1 (imp=0.0222),Predito,sklearn_gb_pressao_familia_v1,pressao_v1
ALTO GARCAS,outros,2026,20,0.3729,0.39999999999999997,False,moderada,31.93,19,tests_ma8=7.29 (imp=0.594); indice_pressao_proxy=31.9 (imp=0.0767); tests=19 (imp=0.0338); tests_ma4=5.75 (imp=0.0884); volume_norm=0.798 (imp=0.0804),Predito,sklearn_gb_pressao_familia_v1,pressao_v1
APIACAS,hepatite,2026,35,0.3721,0.35,True,moderada,17.71,12,tests_ma8=2.38 (imp=0.486); tests_ma4=3.75 (imp=0.306); indice_pressao_proxy=17.7 (imp=0.0338); tests=12 (imp=0.0458); tests_lag1=1 (imp=0.0495),Predito,sklearn_gb_pressao_familia_v1,pressao_v1
ALTAMIRA,hepatite,2026,29,0.3716,0.35,True,moderada,17.61,7,tests_ma8=3.67 (imp=0.486); tests_ma4=5 (imp=0.306); indice_pressao_proxy=17.6 (imp=0.0338); tests=7 (imp=0.0458); tests_lag1=6 (imp=0.0495),Predito,sklearn_gb_pressao_familia_v1,pressao_v1
BARRA DO BUGRES,arbovirose,2026,30,0.3708,0.44999999999999996,False,moderada,5.76,3,tests_ma4=3.25 (imp=0.379); tests_pct_estadual=0.688 (imp=0.414); tests_ma8=2.5 (imp=0.0883); tests_lag1=6 (imp=0.0273); indice_pressao_proxy=5.76 (imp=0.0141),Predito,sklearn_gb_pressao_familia_v1,pressao_v1
CAMPOS DE JULIO,outros,2026,22,0.369,0.39999999999999997,False,moderada,12.1,8,tests_ma8=3.5 (imp=0.594); indice_pressao_proxy=12.1 (imp=0.0767); tests=8 (imp=0.0338); tests_ma4=3 (imp=0.0884); tests_pct_estadual=0.812 (imp=0.0633),Predito,sklearn_gb_pressao_familia_v1,pressao_v1
JACIARA,arbovirose,2026,30,0.3682,0.44999999999999996,False,moderada,9.59,5,tests_ma4=4 (imp=0.379); tests_ma8=6.25 (imp=0.0883); tests_pct_estadual=0.75 (imp=0.414); tests_lag1=5 (imp=0.0273); indice_pressao_proxy=9.59 (imp=0.0141),Predito,sklearn_gb_pressao_familia_v1,pressao_v1
PEIXOTO DE AZEVEDO,outros,2026,33,0.3668,0.39999999999999997,False,moderada,15.77,7,tests_ma8=4.38 (imp=0.594); indice_pressao_proxy=15.8 (imp=0.0767); tests_ma4=2.75 (imp=0.0884); tests=7 (imp=0.0338); tests_trend=-1.62 (imp=0.0302),Predito,sklearn_gb_pressao_familia_v1,pressao_v1
NOSSA SENHORA DO LIVRAMENTO,outros,2026,35,0.3648,0.39999999999999997,False,moderada,7.29,4,tests_ma8=5.88 (imp=0.594); indice_pressao_proxy=7.29 (imp=0.0767); tests_ma4=6 (imp=0.0884); tests_lag1=6 (imp=0.0272); tests=4 (imp=0.0338),Predito,sklearn_gb_pressao_familia_v1,pressao_v1
BRASILIA,hepatite,2026,35,0.3645,0.35,True,moderada,17.71,12,tests_ma4=6.5 (imp=0.306); indice_pressao_proxy=17.7 (imp=0.0338); tests=12 (imp=0.0458); tests_lag1=1 (imp=0.0495); tests_ma8=nan (imp=0.486),Predito,sklearn_gb_pressao_familia_v1,pressao_v1
TANGARA DA SERRA,outros,2026,36,0.3639,0.39999999999999997,False,moderada,22.99,4,tests_ma8=9.62 (imp=0.594); indice_pressao_proxy=23 (imp=0.0767); tests_ma4=9.5 (imp=0.0884); tests_lag1=12 (imp=0.0272); tests=4 (imp=0.0338),Predito,sklearn_gb_pressao_familia_v1,pressao_v1
SANTA CARMEM,outros,2026,24,0.3566,0.39999999999999997,False,moderada,7.58,4,tests_ma8=2.67 (imp=0.594); indice_pressao_proxy=7.58 (imp=0.0767); tests_ma4=2.67 (imp=0.0884); tests=4 (imp=0.0338); tests_pct_estadual=0.45 (imp=0.0633),Predito,sklearn_gb_pressao_familia_v1,pressao_v1
COLIDER,arbovirose,2026,36,0.3555,0.44999999999999996,False,moderada,10.1,9,tests_ma4=4.25 (imp=0.379); tests_ma8=3.88 (imp=0.0883); tests_pct_estadual=0.75 (imp=0.414); tests=9 (imp=0.0167); indice_pressao_proxy=10.1 (imp=0.0141),Predito,sklearn_gb_pressao_familia_v1,pressao_v1
ALTA FLORESTA,outros,2026,34,0.355,0.39999999999999997,False,moderada,9.78,5,tests_ma8=6.62 (imp=0.594); indice_pressao_proxy=9.78 (imp=0.0767); tests_ma4=3.5 (imp=0.0884); tests=5 (imp=0.0338); tests_trend=-3.12 (imp=0.0302),Predito,sklearn_gb_pressao_familia_v1,pressao_v1
CAMPO NOVO DO PARECIS,respiratorio,2026,35,0.3531,0.35,True,moderada,10.0,4,tests_ma8=5.25 (imp=0.212); indice_pressao_proxy=10 (imp=0.0587); tests_pct_estadual=0.883 (imp=0.468); tests_ma4=2.75 (imp=0.0783); tests_trend=-2.5 (imp=0.0585),Predito,sklearn_gb_pressao_familia_v1,pressao_v1
MOGI GUACU,tuberculose,2025,20,0.3527,0.25,True,moderada,1.38,1,tests_ma4=3.33 (imp=0.466); tests_ma8=3.33 (imp=0.272); tests_lag1=5 (imp=0.0179); indice_pressao_proxy=1.38 (imp=0.024); tests=1 (imp=0.0222),Predito,sklearn_gb_pressao_familia_v1,pressao_v1
RIO DE JANEIRO,tuberculose,2026,35,0.3524,0.25,True,moderada,27.08,13,tests_ma4=5.25 (imp=0.466); tests_ma8=3.12 (imp=0.272); indice_pressao_proxy=27.1 (imp=0.024); tests=13 (imp=0.0222); tests_lag1=6 (imp=0.0179),Predito,sklearn_gb_pressao_familia_v1,pressao_v1
SANTO ANTONIO DO LEVERGER,tuberculose,2026,35,0.352,0.25,True,moderada,10.42,5,tests_ma4=5 (imp=0.466); tests_ma8=5 (imp=0.272); indice_pressao_proxy=10.4 (imp=0.024); tests=5 (imp=0.0222); tests_lag1=6 (imp=0.0179),Predito,sklearn_gb_pressao_familia_v1,pressao_v1
PRIMAVERA DO LESTE,outros,2026,35,0.3516,0.39999999999999997,False,moderada,16.4,9,tests_ma8=5.12 (imp=0.594); indice_pressao_proxy=16.4 (imp=0.0767); tests_ma4=5.75 (imp=0.0884); tests=9 (imp=0.0338); tests_lag1=3 (imp=0.0272),Predito,sklearn_gb_pressao_familia_v1,pressao_v1
NOVA UBIRATA,arbovirose,2026,36,0.3455,0.44999999999999996,False,moderada,10.1,9,tests_ma4=4.75 (imp=0.379); tests_ma8=8.88 (imp=0.0883); tests_pct_estadual=0.75 (imp=0.414); tests=9 (imp=0.0167); indice_pressao_proxy=10.1 (imp=0.0141),Predito,sklearn_gb_pressao_familia_v1,pressao_v1
JACIARA,outros,2026,35,0.3454,0.39999999999999997,False,moderada,10.93,6,tests_ma8=8 (imp=0.594); indice_pressao_proxy=10.9 (imp=0.0767); tests_ma4=7 (imp=0.0884); tests_lag1=8 (imp=0.0272); tests=6 (imp=0.0338),Predito,sklearn_gb_pressao_familia_v1,pressao_v1
ARIPUANA,tuberculose,2026,36,0.3445,0.25,True,moderada,4.36,4,tests_ma4=5 (imp=0.466); tests_ma8=4.25 (imp=0.272); indice_pressao_proxy=4.36 (imp=0.024); tests_lag1=5 (imp=0.0179); tests=4 (imp=0.0222),Predito,sklearn_gb_pressao_familia_v1,pressao_v1
GUARANTA DO NORTE,arbovirose,2026,35,0.3416,0.44999999999999996,False,moderada,5.18,6,tests_ma4=3.75 (imp=0.379); tests_ma8=4.38 (imp=0.0883); tests_pct_estadual=0.761 (imp=0.414); tests=6 (imp=0.0167); indice_pressao_proxy=5.18 (imp=0.0141),Predito,sklearn_gb_pressao_familia_v1,pressao_v1
RESERVA DO CABACAL,outros,2026,33,0.3397,0.39999999999999997,False,moderada,6.76,3,tests_ma8=3.67 (imp=0.594); indice_pressao_proxy=6.76 (imp=0.0767); tests_ma4=4.5 (imp=0.0884); tests_lag1=7 (imp=0.0272); tests=3 (imp=0.0338),Predito,sklearn_gb_pressao_familia_v1,pressao_v1
QUERENCIA,outros,2026,34,0.338,0.39999999999999997,False,moderada,13.69,7,tests_ma8=3.88 (imp=0.594); indice_pressao_proxy=13.7 (imp=0.0767); tests_ma4=3.5 (imp=0.0884); tests=7 (imp=0.0338); tests_lag1=3 (imp=0.0272),Predito,sklearn_gb_pressao_familia_v1,pressao_v1
COTRIGUACU,hepatite,2026,35,0.3375,0.35,False,moderada,1.48,1,tests_ma8=6.38 (imp=0.486); tests_ma4=4 (imp=0.306); tests_lag1=7 (imp=0.0495); tests_trend=-2.38 (imp=0.0213); indice_pressao_proxy=1.48 (imp=0.0338),Predito,sklearn_gb_pressao_familia_v1,pressao_v1
TABAPORA,hepatite,2026,34,0.3366,0.35,False,moderada,17.39,8,tests_ma8=3.5 (imp=0.486); tests_ma4=4.5 (imp=0.306); indice_pressao_proxy=17.4 (imp=0.0338); tests=8 (imp=0.0458); tests_lag1=1 (imp=0.0495),Predito,sklearn_gb_pressao_familia_v1,pressao_v1
CHAPADA DOS GUIMARAES,respiratorio,2026,36,0.3359,0.35,False,moderada,10.13,4,indice_pressao_proxy=10.1 (imp=0.0587); tests_pct_estadual=0.897 (imp=0.468); tests_ma8=1.88 (imp=0.212); tests_ma4=2 (imp=0.0783); tests=4 (imp=0.0304),Predito,sklearn_gb_pressao_familia_v1,pressao_v1
GAUCHA DO NORTE,tuberculose,2026,33,0.3358,0.25,True,moderada,15.95,13,tests_ma4=5 (imp=0.466); tests_ma8=3.12 (imp=0.272); indice_pressao_proxy=15.9 (imp=0.024); tests=13 (imp=0.0222); tests_pct_estadual=0.903 (imp=0.11),Predito,sklearn_gb_pressao_familia_v1,pressao_v1
TANGARA DA SERRA,arbovirose,2026,36,0.3343,0.44999999999999996,False,moderada,5.61,5,tests_ma4=6 (imp=0.379); tests_ma8=5 (imp=0.0883); tests_pct_estadual=0.5 (imp=0.414); tests_lag1=6 (imp=0.0273); tests=5 (imp=0.0167),Predito,sklearn_gb_pressao_familia_v1,pressao_v1
VILA BELA DA SANTISSIMA TRINDADE,arbovirose,2026,15,0.3343,0.44999999999999996,False,moderada,6.67,6,tests_ma4=6 (imp=0.379); tests_ma8=4.62 (imp=0.0883); tests_lag1=12 (imp=0.0273); tests_pct_estadual=0.451 (imp=0.414); tests=6 (imp=0.0167),Predito,sklearn_gb_pressao_familia_v1,pressao_v1
PLANALTO DA SERRA,arbovirose,2026,26,0.3343,0.44999999999999996,False,moderada,5.26,5,tests_ma4=4.5 (imp=0.379); tests_ma8=3.38 (imp=0.0883); tests_pct_estadual=0.547 (imp=0.414); tests_lag1=5 (imp=0.0273); tests=5 (imp=0.0167),Predito,sklearn_gb_pressao_familia_v1,pressao_v1
BARRA DO GARCAS,outros,2026,34,0.3325,0.39999999999999997,False,moderada,1.96,1,tests_ma8=4.88 (imp=0.594); tests_ma4=5 (imp=0.0884); indice_pressao_proxy=1.96 (imp=0.0767); tests_lag1=2 (imp=0.0272); tests=1 (imp=0.0338),Predito,sklearn_gb_pressao_familia_v1,pressao_v1
CAMPINAPOLIS,outros,2026,24,0.3325,0.39999999999999997,False,moderada,1.9,1,tests_ma8=4.25 (imp=0.594); tests_ma4=5 (imp=0.0884); tests_lag1=8 (imp=0.0272); indice_pressao_proxy=1.9 (imp=0.0767); tests=1 (imp=0.0338),Predito,sklearn_gb_pressao_familia_v1,pressao_v1
PARAUAPEBAS,arbovirose,2026,23,0.3322,0.44999999999999996,False,moderada,2.87,3,tests_ma4=1.5 (imp=0.379); tests_ma8=3 (imp=0.0883); tests_pct_estadual=0.293 (imp=0.414); tests=3 (imp=0.0167); indice_pressao_proxy=2.87 (imp=0.0141),Predito,sklearn_gb_pressao_familia_v1,pressao_v1
PEDRA PRETA,tuberculose,2026,36,0.3289,0.25,True,moderada,1.09,1,tests_ma4=7 (imp=0.466); tests_ma8=5.5 (imp=0.272); tests_trend=1.5 (imp=0.0303); indice_pressao_proxy=1.09 (imp=0.024); tests=1 (imp=0.0222),Predito,sklearn_gb_pressao_familia_v1,pressao_v1
RONDONOPOLIS,outros,2026,36,0.3286,0.39999999999999997,False,moderada,5.24,7,tests_ma8=11.1 (imp=0.594); tests_ma4=11 (imp=0.0884); tests_lag1=19 (imp=0.0272); indice_pressao_proxy=5.24 (imp=0.0767); tests=7 (imp=0.0338),Predito,sklearn_gb_pressao_familia_v1,pressao_v1
NOSSA SENHORA DO LIVRAMENTO,arbovirose,2026,33,0.3286,0.44999999999999996,False,moderada,5.83,7,tests_ma4=2.5 (imp=0.379); tests_pct_estadual=0.727 (imp=0.414); tests_ma8=2.62 (imp=0.0883); tests=7 (imp=0.0167); indice_pressao_proxy=5.83 (imp=0.0141),Predito,sklearn_gb_pressao_familia_v1,pressao_v1
PORTO ESPERIDIAO,arbovirose,2026,15,0.3284,0.44999999999999996,False,moderada,7.78,7,tests_ma4=6 (imp=0.379); tests_ma8=4.38 (imp=0.0883); tests_lag1=8 (imp=0.0273); tests_pct_estadual=0.5 (imp=0.414); tests=7 (imp=0.0167),Predito,sklearn_gb_pressao_familia_v1,pressao_v1
POXOREO,outros,2026,26,0.3269,0.39999999999999997,False,moderada,12.06,6,tests_ma8=3.62 (imp=0.594); indice_pressao_proxy=12.1 (imp=0.0767); tests_ma4=5.5 (imp=0.0884); tests=6 (imp=0.0338); tests_trend=1.88 (imp=0.0302),Predito,sklearn_gb_pressao_familia_v1,pressao_v1
SAO JOSE DOS QUATRO MARCOS,arbovirose,2026,28,0.3266,0.44999999999999996,False,moderada,3.32,4,tests_ma4=8.75 (imp=0.379); tests_ma8=5.5 (imp=0.0883); tests_lag1=10 (imp=0.0273); tests_pct_estadual=0.537 (imp=0.414); tests_trend=3.25 (imp=0.0236),Predito,sklearn_gb_pressao_familia_v1,pressao_v1
GLORIA D''OESTE,tuberculose,2026,34,0.3266,0.25,True,moderada,10.63,7,tests_ma4=3.25 (imp=0.466); tests_ma8=3.88 (imp=0.272); indice_pressao_proxy=10.6 (imp=0.024); tests=7 (imp=0.0222); tests_pct_estadual=0.833 (imp=0.11),Predito,sklearn_gb_pressao_familia_v1,pressao_v1
SANTA CRUZ DO XINGU,tuberculose,2026,34,0.3262,0.25,True,moderada,9.11,6,tests_ma4=3.75 (imp=0.466); tests_ma8=3.75 (imp=0.272); indice_pressao_proxy=9.11 (imp=0.024); tests=6 (imp=0.0222); tests_pct_estadual=0.792 (imp=0.11),Predito,sklearn_gb_pressao_familia_v1,pressao_v1
CHAPADA DOS GUIMARAES,tuberculose,2026,36,0.3262,0.25,True,moderada,7.63,7,tests_ma4=4.25 (imp=0.466); tests_ma8=4 (imp=0.272); indice_pressao_proxy=7.63 (imp=0.024); tests=7 (imp=0.0222); tests_pct_estadual=0.792 (imp=0.11),Predito,sklearn_gb_pressao_familia_v1,pressao_v1
PORTO DOS GAUCHOS,outros,2026,36,0.325,0.39999999999999997,False,moderada,2.99,4,tests_ma8=4 (imp=0.594); tests_ma4=4.75 (imp=0.0884); indice_pressao_proxy=2.99 (imp=0.0767); tests=4 (imp=0.0338); tests_pct_estadual=0.625 (imp=0.0633),Predito,sklearn_gb_pressao_familia_v1,pressao_v1
NOBRES,tuberculose,2026,36,0.3233,0.25,True,moderada,9.81,9,tests_ma4=3 (imp=0.466); tests_ma8=3.88 (imp=0.272); indice_pressao_proxy=9.81 (imp=0.024); tests=9 (imp=0.0222); tests_pct_estadual=0.823 (imp=0.11),Predito,sklearn_gb_pressao_familia_v1,pressao_v1
CAMPINAPOLIS,tuberculose,2026,36,0.3231,0.25,True,moderada,6.54,6,tests_ma4=5.75 (imp=0.466); tests_ma8=5.12 (imp=0.272); indice_pressao_proxy=6.54 (imp=0.024); tests=6 (imp=0.0222); tests_pct_estadual=0.76 (imp=0.11),Predito,sklearn_gb_pressao_familia_v1,pressao_v1
TAPURAH,arbovirose,2026,33,0.322,0.44999999999999996,False,moderada,4.17,5,tests_ma4=5.25 (imp=0.379); tests_ma8=4.75 (imp=0.0883); tests_pct_estadual=0.591 (imp=0.414); tests_lag1=6 (imp=0.0273); tests=5 (imp=0.0167),Predito,sklearn_gb_pressao_familia_v1,pressao_v1
GAUCHA DO NORTE,arbovirose,2026,13,0.322,0.44999999999999996,False,moderada,3.85,7,tests_ma4=4.5 (imp=0.379); tests_ma8=3.88 (imp=0.0883); tests_pct_estadual=0.615 (imp=0.414); tests_lag1=5 (imp=0.0273); tests=7 (imp=0.0167),Predito,sklearn_gb_pressao_familia_v1,pressao_v1
ITIQUIRA,arbovirose,2026,33,0.322,0.44999999999999996,False,moderada,4.17,5,tests_ma4=5 (imp=0.379); tests_ma8=4.25 (imp=0.0883); tests_pct_estadual=0.591 (imp=0.414); tests_lag1=4 (imp=0.0273); tests=5 (imp=0.0167),Predito,sklearn_gb_pressao_familia_v1,pressao_v1
NOVO SAO JOAQUIM,arbovirose,2025,14,0.3207,0.44999999999999996,False,moderada,1.87,12,tests_ma4=10.8 (imp=0.379); tests_ma8=11.5 (imp=0.0883); tests_pct_estadual=0.741 (imp=0.414); tests=12 (imp=0.0167); tests_lag1=5 (imp=0.0273),Predito,sklearn_gb_pressao_familia_v1,pressao_v1
ALTO TAQUARI,outros,2026,35,0.3189,0.39999999999999997,False,moderada,1.82,1,tests_ma8=7.62 (imp=0.594); tests_ma4=5.25 (imp=0.0884); indice_pressao_proxy=1.82 (imp=0.0767); tests_trend=-2.38 (imp=0.0302); tests_lag1=2 (imp=0.0272),Predito,sklearn_gb_pressao_familia_v1,pressao_v1
JURUENA,tuberculose,2026,35,0.3189,0.25,True,moderada,18.75,9,tests_ma4=3.75 (imp=0.466); tests_ma8=2.88 (imp=0.272); indice_pressao_proxy=18.8 (imp=0.024); tests=9 (imp=0.0222); tests_pct_estadual=0.885 (imp=0.11),Predito,sklearn_gb_pressao_familia_v1,pressao_v1
NOSSA SENHORA DO LIVRAMENTO,tuberculose,2026,35,0.3178,0.25,True,moderada,18.75,9,tests_ma4=3.75 (imp=0.466); tests_ma8=3.25 (imp=0.272); indice_pressao_proxy=18.8 (imp=0.024); tests=9 (imp=0.0222); tests_pct_estadual=0.885 (imp=0.11),Predito,sklearn_gb_pressao_familia_v1,pressao_v1
NOVA XAVANTINA,arbovirose,2026,10,0.317,0.44999999999999996,False,moderada,6.87,8,tests_ma4=6.25 (imp=0.379); tests_ma8=4.5 (imp=0.0883); tests_pct_estadual=0.704 (imp=0.414); tests=8 (imp=0.0167); tests_lag1=4 (imp=0.0273),Predito,sklearn_gb_pressao_familia_v1,pressao_v1
SALTO DO CEU,outros,2026,18,0.3167,0.39999999999999997,False,moderada,15.76,8,tests_ma8=3 (imp=0.594); indice_pressao_proxy=15.8 (imp=0.0767); tests_ma4=3.5 (imp=0.0884); tests=8 (imp=0.0338); tests_lag1=2 (imp=0.0272),Predito,sklearn_gb_pressao_familia_v1,pressao_v1
GENERAL CARNEIRO,outros,2026,13,0.3166,0.39999999999999997,False,moderada,6.69,4,tests_ma8=3.88 (imp=0.594); indice_pressao_proxy=6.69 (imp=0.0767); tests_ma4=4.5 (imp=0.0884); tests_lag1=12 (imp=0.0272); tests=4 (imp=0.0338),Predito,sklearn_gb_pressao_familia_v1,pressao_v1
DIAMANTINO,hepatite,2026,36,0.3155,0.35,False,moderada,15.04,5,tests_ma8=4.38 (imp=0.486); tests_ma4=6 (imp=0.306); indice_pressao_proxy=15 (imp=0.0338); tests=5 (imp=0.0458); tests_lag1=1 (imp=0.0495),Predito,sklearn_gb_pressao_familia_v1,pressao_v1
CANARANA,arbovirose,2026,33,0.3155,0.44999999999999996,False,moderada,5.0,6,tests_ma4=4.5 (imp=0.379); tests_ma8=3.75 (imp=0.0883); tests_pct_estadual=0.697 (imp=0.414); tests=6 (imp=0.0167); indice_pressao_proxy=5 (imp=0.0141),Predito,sklearn_gb_pressao_familia_v1,pressao_v1
CONFRESA,arbovirose,2026,36,0.3154,0.44999999999999996,False,moderada,10.1,9,tests_ma4=4 (imp=0.379); tests_ma8=4 (imp=0.0883); tests_pct_estadual=0.75 (imp=0.414); tests=9 (imp=0.0167); indice_pressao_proxy=10.1 (imp=0.0141),Predito,sklearn_gb_pressao_familia_v1,pressao_v1
NOBRES,arbovirose,2026,25,0.3136,0.44999999999999996,False,moderada,4.88,5,tests_ma4=4 (imp=0.379); tests_ma8=2.88 (imp=0.0883); tests_pct_estadual=0.576 (imp=0.414); tests_lag1=5 (imp=0.0273); tests=5 (imp=0.0167),Predito,sklearn_gb_pressao_familia_v1,pressao_v1
CAMPO NOVO DO PARECIS,hepatite,2026,36,0.3128,0.35,False,moderada,18.05,6,tests_ma8=3.88 (imp=0.486); tests_ma4=5.25 (imp=0.306); tests_lag1=13 (imp=0.0495); indice_pressao_proxy=18.1 (imp=0.0338); tests=6 (imp=0.0458),Predito,sklearn_gb_pressao_familia_v1,pressao_v1
SAO JOSE DO POVO,outros,2026,32,0.3125,0.39999999999999997,False,moderada,14.16,10,tests_ma8=6.71 (imp=0.594); indice_pressao_proxy=14.2 (imp=0.0767); tests_ma4=5 (imp=0.0884); tests=10 (imp=0.0338); tests_lag1=4 (imp=0.0272),Predito,sklearn_gb_pressao_familia_v1,pressao_v1
NOVA XAVANTINA,hepatite,2026,35,0.3118,0.35,False,moderada,16.24,11,tests_ma8=3.38 (imp=0.486); tests_ma4=4.25 (imp=0.306); indice_pressao_proxy=16.2 (imp=0.0338); tests=11 (imp=0.0458); tests_lag1=3 (imp=0.0495),Predito,sklearn_gb_pressao_familia_v1,pressao_v1
VILA RICA,outros,2026,33,0.3117,0.39999999999999997,False,moderada,2.25,1,tests_ma8=3.62 (imp=0.594); tests_ma4=6 (imp=0.0884); indice_pressao_proxy=2.25 (imp=0.0767); tests_lag1=5 (imp=0.0272); tests_trend=2.38 (imp=0.0302),Predito,sklearn_gb_pressao_familia_v1,pressao_v1
CUIABA,respiratorio,2026,37,0.3106,0.35,False,moderada,10.06,2,tests_ma8=21.9 (imp=0.212); tests_ma4=21.8 (imp=0.0783); tests_lag1=23 (imp=0.0454); indice_pressao_proxy=10.1 (imp=0.0587); tests_pct_estadual=0.625 (imp=0.468),Predito,sklearn_gb_pressao_familia_v1,pressao_v1
AGUA BOA,outros,2026,35,0.3089,0.39999999999999997,False,moderada,1.82,1,tests_ma8=5.12 (imp=0.594); tests_ma4=3 (imp=0.0884); indice_pressao_proxy=1.82 (imp=0.0767); tests_lag1=5 (imp=0.0272); tests_trend=-2.12 (imp=0.0302),Predito,sklearn_gb_pressao_familia_v1,pressao_v1
CHAPADAO DO SUL,arbovirose,2026,30,0.3085,0.44999999999999996,False,moderada,5.76,3,tests_ma4=2.75 (imp=0.379); tests_pct_estadual=0.688 (imp=0.414); tests_ma8=2.75 (imp=0.0883); tests_lag1=4 (imp=0.0273); indice_pressao_proxy=5.76 (imp=0.0141),Predito,sklearn_gb_pressao_familia_v1,pressao_v1
GUIRATINGA,outros,2026,33,0.3076,0.39999999999999997,False,moderada,24.79,11,tests_ma8=4.4 (imp=0.594); indice_pressao_proxy=24.8 (imp=0.0767); tests_ma4=5 (imp=0.0884); tests=11 (imp=0.0338); tests_lag1=4 (imp=0.0272),Predito,sklearn_gb_pressao_familia_v1,pressao_v1
JUINA,arbovirose,2026,28,0.3018,0.44999999999999996,False,moderada,2.49,3,tests_ma4=4 (imp=0.379); tests_ma8=3.5 (imp=0.0883); tests_pct_estadual=0.412 (imp=0.414); tests_lag1=5 (imp=0.0273); tests=3 (imp=0.0167),Predito,sklearn_gb_pressao_familia_v1,pressao_v1
PARANAITA,outros,2026,36,0.301,0.39999999999999997,False,moderada,5.24,7,tests_ma8=3.75 (imp=0.594); tests_ma4=5.25 (imp=0.0884); indice_pressao_proxy=5.24 (imp=0.0767); tests=7 (imp=0.0338); tests_lag1=6 (imp=0.0272),Predito,sklearn_gb_pressao_familia_v1,pressao_v1
ACORIZAL,tuberculose,2026,33,0.3,0.25,True,moderada,6.13,5,tests_ma4=3 (imp=0.466); tests_ma8=3.25 (imp=0.272); indice_pressao_proxy=6.13 (imp=0.024); tests=5 (imp=0.0222); tests_pct_estadual=0.726 (imp=0.11),Predito,sklearn_gb_pressao_familia_v1,pressao_v1
NOVA MONTE VERDE,arbovirose,2025,50,0.2993,0.44999999999999996,False,moderada,2.33,1,tests_ma4=3.5 (imp=0.379); tests_ma8=2.62 (imp=0.0883); tests_lag1=4 (imp=0.0273); tests_pct_estadual=0.19 (imp=0.414); indice_pressao_proxy=2.33 (imp=0.0141),Predito,sklearn_gb_pressao_familia_v1,pressao_v1
SANTO ANTONIO DO LEVERGER,hepatite,2026,25,0.2987,0.35,False,moderada,23.76,9,tests_ma8=3.12 (imp=0.486); tests_ma4=3 (imp=0.306); indice_pressao_proxy=23.8 (imp=0.0338); tests=9 (imp=0.0458); tests_lag1=1 (imp=0.0495),Predito,sklearn_gb_pressao_familia_v1,pressao_v1
TAPURAH,outros,2026,29,0.2983,0.39999999999999997,False,moderada,10.31,5,tests_ma8=4.12 (imp=0.594); indice_pressao_proxy=10.3 (imp=0.0767); tests_ma4=2.75 (imp=0.0884); tests=5 (imp=0.0338); tests_lag1=2 (imp=0.0272),Predito,sklearn_gb_pressao_familia_v1,pressao_v1
NOVA MUTUM,tuberculose,2026,35,0.2982,0.25,True,moderada,10.42,5,tests_ma4=3.5 (imp=0.466); tests_ma8=5.5 (imp=0.272); indice_pressao_proxy=10.4 (imp=0.024); tests=5 (imp=0.0222); tests_pct_estadual=0.762 (imp=0.11),Predito,sklearn_gb_pressao_familia_v1,pressao_v1
NOVA MONTE VERDE,outros,2026,12,0.2963,0.39999999999999997,False,moderada,7.74,3,tests_ma8=6.25 (imp=0.594); indice_pressao_proxy=7.74 (imp=0.0767); tests_ma4=6.25 (imp=0.0884); tests=3 (imp=0.0338); tests_lag1=2 (imp=0.0272),Predito,sklearn_gb_pressao_familia_v1,pressao_v1
NOVA OLIMPIA,arbovirose,2026,22,0.2943,0.44999999999999996,False,moderada,4.26,5,tests_ma4=3.5 (imp=0.379); tests_ma8=2.62 (imp=0.0883); tests_pct_estadual=0.541 (imp=0.414); tests=5 (imp=0.0167); indice_pressao_proxy=4.26 (imp=0.0141),Predito,sklearn_gb_pressao_familia_v1,pressao_v1
NOVA BRASILANDIA,outros,2026,16,0.2933,0.39999999999999997,False,moderada,5.75,5,tests_ma8=5.33 (imp=0.594); tests_ma4=5.33 (imp=0.0884); indice_pressao_proxy=5.75 (imp=0.0767); tests=5 (imp=0.0338); tests_pct_estadual=0.69 (imp=0.0633),Predito,sklearn_gb_pressao_familia_v1,pressao_v1
AGUA BOA,hepatite,2026,36,0.2922,0.35,False,moderada,9.02,3,tests_ma8=3.62 (imp=0.486); tests_ma4=3 (imp=0.306); tests_lag1=7 (imp=0.0495); indice_pressao_proxy=9.02 (imp=0.0338); tests=3 (imp=0.0458),Predito,sklearn_gb_pressao_familia_v1,pressao_v1
ALTAMIRA,tuberculose,2026,33,0.2913,0.25,True,moderada,6.13,5,tests_ma4=3.25 (imp=0.466); tests_ma8=2.62 (imp=0.272); indice_pressao_proxy=6.13 (imp=0.024); tests=5 (imp=0.0222); tests_pct_estadual=0.726 (imp=0.11),Predito,sklearn_gb_pressao_familia_v1,pressao_v1
SANTANA DO MARANHAO,arbovirose,2026,28,0.2904,0.44999999999999996,False,moderada,8.29,10,tests=10 (imp=0.0167); tests_lag1=nan (imp=0.0273); tests_ma4=nan (imp=0.379); tests_ma8=nan (imp=0.0883); tests_trend=nan (imp=0.0236),Predito,sklearn_gb_pressao_familia_v1,pressao_v1
IPIRANGA DO NORTE,outros,2026,28,0.2892,0.39999999999999997,False,moderada,5.88,4,tests_ma8=3 (imp=0.594); indice_pressao_proxy=5.88 (imp=0.0767); tests_ma4=3 (imp=0.0884); tests=4 (imp=0.0338); tests_lag1=4 (imp=0.0272),Predito,sklearn_gb_pressao_familia_v1,pressao_v1
UNIAO DO SUL,outros,2026,36,0.2891,0.39999999999999997,False,moderada,5.24,7,tests_ma8=3.25 (imp=0.594); indice_pressao_proxy=5.24 (imp=0.0767); tests_ma4=4.25 (imp=0.0884); tests=7 (imp=0.0338); tests_lag1=8 (imp=0.0272),Predito,sklearn_gb_pressao_familia_v1,pressao_v1
NOVO HORIZONTE DO NORTE,outros,2026,16,0.2891,0.39999999999999997,False,moderada,5.75,5,tests_ma8=2.88 (imp=0.594); indice_pressao_proxy=5.75 (imp=0.0767); tests_ma4=3.75 (imp=0.0884); tests=5 (imp=0.0338); tests_lag1=4 (imp=0.0272),Predito,sklearn_gb_pressao_familia_v1,pressao_v1
CASTANHEIRA,tuberculose,2026,35,0.289,0.25,True,moderada,6.25,3,tests_ma4=3.25 (imp=0.466); tests_ma8=4.12 (imp=0.272); indice_pressao_proxy=6.25 (imp=0.024); tests_lag1=6 (imp=0.0179); tests=3 (imp=0.0222),Predito,sklearn_gb_pressao_familia_v1,pressao_v1
ARAPUTANGA,outros,2026,35,0.289,0.39999999999999997,False,moderada,1.82,1,tests_ma8=2.75 (imp=0.594); tests_ma4=2.75 (imp=0.0884); indice_pressao_proxy=1.82 (imp=0.0767); tests=1 (imp=0.0338); tests_lag1=1 (imp=0.0272),Predito,sklearn_gb_pressao_familia_v1,pressao_v1
NOVA MUTUM,outros,2026,34,0.288,0.39999999999999997,False,moderada,1.96,1,tests_ma8=4.62 (imp=0.594); tests_ma4=4.25 (imp=0.0884); tests_lag1=9 (imp=0.0272); indice_pressao_proxy=1.96 (imp=0.0767); tests=1 (imp=0.0338),Predito,sklearn_gb_pressao_familia_v1,pressao_v1
TABAPORA,outros,2026,35,0.2867,0.39999999999999997,False,moderada,1.82,1,tests_ma8=3 (imp=0.594); tests_ma4=2 (imp=0.0884); indice_pressao_proxy=1.82 (imp=0.0767); tests=1 (imp=0.0338); tests_trend=-1 (imp=0.0302),Predito,sklearn_gb_pressao_familia_v1,pressao_v1
COLIDER,tuberculose,2026,35,0.2866,0.25,True,moderada,4.17,2,tests_ma8=8.25 (imp=0.272); tests_ma4=3.5 (imp=0.466); tests_trend=-4.75 (imp=0.0303); indice_pressao_proxy=4.17 (imp=0.024); tests_pct_estadual=0.469 (imp=0.11),Predito,sklearn_gb_pressao_familia_v1,pressao_v1
NORTELANDIA,outros,2026,34,0.2857,0.39999999999999997,False,moderada,7.82,4,tests_ma8=2.5 (imp=0.594); indice_pressao_proxy=7.82 (imp=0.0767); tests_ma4=3 (imp=0.0884); tests=4 (imp=0.0338); tests_pct_estadual=0.513 (imp=0.0633),Predito,sklearn_gb_pressao_familia_v1,pressao_v1
NOVA SANTA HELENA,arbovirose,2026,17,0.2829,0.44999999999999996,False,moderada,5.32,4,tests_ma4=22.5 (imp=0.379); tests_ma8=38.8 (imp=0.0883); tests_trend=-16.2 (imp=0.0236); tests_lag1=7 (imp=0.0273); tests_pct_estadual=0.449 (imp=0.414),Predito,sklearn_gb_pressao_familia_v1,pressao_v1
NOVA MARINGA,arbovirose,2026,17,0.2812,0.44999999999999996,False,moderada,6.64,5,tests_ma4=3.75 (imp=0.379); tests_ma8=3.33 (imp=0.0883); tests_pct_estadual=0.526 (imp=0.414); tests_lag1=5 (imp=0.0273); indice_pressao_proxy=6.64 (imp=0.0141),Predito,sklearn_gb_pressao_familia_v1,pressao_v1
SAO JOSE DO POVO,tuberculose,2026,32,0.2804,0.25,True,moderada,1.11,1,tests_ma4=1 (imp=0.466); tests_ma8=1.25 (imp=0.272); tests_pct_estadual=0.286 (imp=0.11); indice_pressao_proxy=1.11 (imp=0.024); tests=1 (imp=0.0222),Predito,sklearn_gb_pressao_familia_v1,pressao_v1
VILHENA,tuberculose,2026,32,0.2804,0.25,True,moderada,1.11,1,tests_ma4=1 (imp=0.466); tests_ma8=1.38 (imp=0.272); tests_pct_estadual=0.286 (imp=0.11); indice_pressao_proxy=1.11 (imp=0.024); tests=1 (imp=0.0222),Predito,sklearn_gb_pressao_familia_v1,pressao_v1
SORRISO,outros,2026,36,0.2794,0.39999999999999997,False,moderada,11.23,15,tests_ma8=8.12 (imp=0.594); tests_ma4=10.5 (imp=0.0884); indice_pressao_proxy=11.2 (imp=0.0767); tests=15 (imp=0.0338); tests_lag1=3 (imp=0.0272),Predito,sklearn_gb_pressao_familia_v1,pressao_v1
JATAI,arbovirose,2026,18,0.2784,0.44999999999999996,False,moderada,2.26,3,tests_ma4=1.75 (imp=0.379); tests_ma8=1.71 (imp=0.0883); tests_pct_estadual=0.347 (imp=0.414); tests_lag1=2 (imp=0.0273); tests=3 (imp=0.0167),Predito,sklearn_gb_pressao_familia_v1,pressao_v1
VERA,outros,2026,20,0.2764,0.39999999999999997,False,moderada,1.68,1,tests_ma8=2.88 (imp=0.594); tests_ma4=1.5 (imp=0.0884); indice_pressao_proxy=1.68 (imp=0.0767); tests_trend=-1.38 (imp=0.0302); tests=1 (imp=0.0338),Predito,sklearn_gb_pressao_familia_v1,pressao_v1
FELIZ NATAL,outros,2026,10,0.2756,0.39999999999999997,False,moderada,8.7,6,tests_ma8=5.5 (imp=0.594); indice_pressao_proxy=8.7 (imp=0.0767); tests_ma4=5 (imp=0.0884); tests=6 (imp=0.0338); tests_lag1=4 (imp=0.0272),Predito,sklearn_gb_pressao_familia_v1,pressao_v1
SANTO AFONSO,hepatite,2026,30,0.2751,0.35,False,moderada,40.0,9,tests_ma8=3.67 (imp=0.486); indice_pressao_proxy=40 (imp=0.0338); tests_ma4=3.67 (imp=0.306); tests=9 (imp=0.0458); tests_lag1=1 (imp=0.0495),Predito,sklearn_gb_pressao_familia_v1,pressao_v1
CURVELANDIA,outros,2026,25,0.2692,0.39999999999999997,False,moderada,6.25,3,tests_ma8=3.12 (imp=0.594); indice_pressao_proxy=6.25 (imp=0.0767); tests_ma4=3.25 (imp=0.0884); tests=3 (imp=0.0338); tests_pct_estadual=0.457 (imp=0.0633),Predito,sklearn_gb_pressao_familia_v1,pressao_v1
GUARANTA DO NORTE,tuberculose,2026,36,0.2689,0.25,True,moderada,1.09,1,tests_ma4=7.5 (imp=0.466); tests_ma8=4.5 (imp=0.272); tests_trend=3 (imp=0.0303); tests_lag1=4 (imp=0.0179); indice_pressao_proxy=1.09 (imp=0.024),Predito,sklearn_gb_pressao_familia_v1,pressao_v1
CAMPO VERDE,outros,2026,36,0.2682,0.39999999999999997,False,moderada,1.5,2,tests_ma8=5 (imp=0.594); tests_ma4=2 (imp=0.0884); indice_pressao_proxy=1.5 (imp=0.0767); tests_trend=-3 (imp=0.0302); tests=2 (imp=0.0338),Predito,sklearn_gb_pressao_familia_v1,pressao_v1
CHAPADA DOS GUIMARAES,arbovirose,2026,36,0.2678,0.44999999999999996,False,moderada,5.61,5,tests_ma4=3 (imp=0.379); tests_ma8=2.62 (imp=0.0883); tests_pct_estadual=0.5 (imp=0.414); tests_lag1=5 (imp=0.0273); tests=5 (imp=0.0167),Predito,sklearn_gb_pressao_familia_v1,pressao_v1
CLAUDIA,outros,2026,34,0.2669,0.39999999999999997,False,moderada,1.96,1,tests_ma8=3.25 (imp=0.594); tests_ma4=2.75 (imp=0.0884); indice_pressao_proxy=1.96 (imp=0.0767); tests_lag1=2 (imp=0.0272); tests=1 (imp=0.0338),Predito,sklearn_gb_pressao_familia_v1,pressao_v1
SAO JOSE DO XINGU,outros,2026,23,0.265,0.39999999999999997,False,moderada,1.2,1,tests_ma8=2.88 (imp=0.594); tests_ma4=1.75 (imp=0.0884); indice_pressao_proxy=1.2 (imp=0.0767); tests_trend=-1.12 (imp=0.0302); tests=1 (imp=0.0338),Predito,sklearn_gb_pressao_familia_v1,pressao_v1
MARCELANDIA,hepatite,2026,35,0.2637,0.35,False,moderada,7.38,5,tests_ma8=4.38 (imp=0.486); tests_ma4=3.5 (imp=0.306); indice_pressao_proxy=7.38 (imp=0.0338); tests=5 (imp=0.0458); tests_lag1=2 (imp=0.0495),Predito,sklearn_gb_pressao_familia_v1,pressao_v1
PLANALTO DA SERRA,outros,2026,27,0.2632,0.39999999999999997,False,moderada,8.82,6,tests_ma8=2.67 (imp=0.594); indice_pressao_proxy=8.82 (imp=0.0767); tests_ma4=2.67 (imp=0.0884); tests=6 (imp=0.0338); tests_pct_estadual=0.788 (imp=0.0633),Predito,sklearn_gb_pressao_familia_v1,pressao_v1
DOM AQUINO,outros,2026,30,0.2609,0.39999999999999997,False,moderada,2.67,1,tests_ma8=3.25 (imp=0.594); tests_ma4=3.75 (imp=0.0884); indice_pressao_proxy=2.67 (imp=0.0767); tests_lag1=7 (imp=0.0272); tests=1 (imp=0.0338),Predito,sklearn_gb_pressao_familia_v1,pressao_v1
RESERVA DO CABACAL,tuberculose,2026,19,0.2599,0.25,True,moderada,3.96,2,tests_ma4=3.25 (imp=0.466); tests_ma8=4.62 (imp=0.272); indice_pressao_proxy=3.96 (imp=0.024); tests_pct_estadual=0.486 (imp=0.11); tests=2 (imp=0.0222),Predito,sklearn_gb_pressao_familia_v1,pressao_v1
NOVA XAVANTINA,outros,2026,36,0.2599,0.39999999999999997,False,moderada,1.5,2,tests_ma8=4.38 (imp=0.594); tests_ma4=4.75 (imp=0.0884); tests_lag1=14 (imp=0.0272); indice_pressao_proxy=1.5 (imp=0.0767); tests=2 (imp=0.0338),Predito,sklearn_gb_pressao_familia_v1,pressao_v1
SAPEZAL,outros,2026,30,0.2597,0.39999999999999997,False,moderada,16.0,6,tests_ma8=5.62 (imp=0.594); indice_pressao_proxy=16 (imp=0.0767); tests_ma4=9.5 (imp=0.0884); tests=6 (imp=0.0338); tests_trend=3.88 (imp=0.0302),Predito,sklearn_gb_pressao_familia_v1,pressao_v1
MIRASSOL D''OESTE,outros,2026,36,0.2594,0.39999999999999997,False,moderada,0.75,1,tests_ma8=2.62 (imp=0.594); tests_ma4=2.75 (imp=0.0884); tests_lag1=3 (imp=0.0272); indice_pressao_proxy=0.75 (imp=0.0767); tests=1 (imp=0.0338),Predito,sklearn_gb_pressao_familia_v1,pressao_v1
VARZEA GRANDE,hepatite,2026,36,0.2587,0.35,False,moderada,9.02,3,tests_ma8=3.88 (imp=0.486); tests_ma4=5.5 (imp=0.306); indice_pressao_proxy=9.02 (imp=0.0338); tests_lag1=4 (imp=0.0495); tests=3 (imp=0.0458),Predito,sklearn_gb_pressao_familia_v1,pressao_v1
MIRASSOL D''OESTE,tuberculose,2026,35,0.2585,0.25,True,moderada,8.33,4,tests_ma4=3 (imp=0.466); tests_ma8=3.5 (imp=0.272); indice_pressao_proxy=8.33 (imp=0.024); tests_lag1=5 (imp=0.0179); tests=4 (imp=0.0222),Predito,sklearn_gb_pressao_familia_v1,pressao_v1
SANTA CARMEM,arbovirose,2026,28,0.2571,0.44999999999999996,False,moderada,3.32,4,tests_ma4=4 (imp=0.379); tests_ma8=3.62 (imp=0.0883); tests_pct_estadual=0.537 (imp=0.414); tests_lag1=4 (imp=0.0273); tests=4 (imp=0.0167),Predito,sklearn_gb_pressao_familia_v1,pressao_v1
PEIXOTO DE AZEVEDO,arbovirose,2026,23,0.2571,0.44999999999999996,False,moderada,4.78,5,tests_ma4=3.75 (imp=0.379); tests_ma8=3.38 (imp=0.0883); tests_pct_estadual=0.5 (imp=0.414); tests_lag1=5 (imp=0.0273); tests=5 (imp=0.0167),Predito,sklearn_gb_pressao_familia_v1,pressao_v1
BARRA DO GARCAS,tuberculose,2026,36,0.2571,0.25,True,moderada,3.27,3,tests_ma4=4 (imp=0.466); tests_ma8=4 (imp=0.272); tests_lag1=5 (imp=0.0179); indice_pressao_proxy=3.27 (imp=0.024); tests_pct_estadual=0.667 (imp=0.11),Predito,sklearn_gb_pressao_familia_v1,pressao_v1
MARCELANDIA,outros,2026,27,0.2558,0.39999999999999997,False,moderada,1.47,1,tests_ma8=6.25 (imp=0.594); tests_ma4=5.25 (imp=0.0884); tests_lag1=6 (imp=0.0272); indice_pressao_proxy=1.47 (imp=0.0767); tests=1 (imp=0.0338),Predito,sklearn_gb_pressao_familia_v1,pressao_v1
COTRIGUACU,outros,2026,32,0.2547,0.39999999999999997,False,moderada,4.25,3,tests_ma8=3.62 (imp=0.594); tests_ma4=4.75 (imp=0.0884); indice_pressao_proxy=4.25 (imp=0.0767); tests_lag1=8 (imp=0.0272); tests=3 (imp=0.0338),Predito,sklearn_gb_pressao_familia_v1,pressao_v1
VILA RICA,tuberculose,2026,15,0.2537,0.25,True,moderada,4.35,2,tests_ma8=9.88 (imp=0.272); tests_ma4=2 (imp=0.466); tests_trend=-7.88 (imp=0.0303); indice_pressao_proxy=4.35 (imp=0.024); tests_pct_estadual=0.507 (imp=0.11),Predito,sklearn_gb_pressao_familia_v1,pressao_v1
JUINA,tuberculose,2026,36,0.2516,0.25,True,moderada,2.18,2,tests_ma4=3.25 (imp=0.466); tests_ma8=4.38 (imp=0.272); tests_lag1=7 (imp=0.0179); tests_pct_estadual=0.49 (imp=0.11); indice_pressao_proxy=2.18 (imp=0.024),Predito,sklearn_gb_pressao_familia_v1,pressao_v1
JAURU,outros,2026,10,0.2506,0.39999999999999997,False,moderada,1.45,1,tests_ma8=3 (imp=0.594); tests_ma4=3 (imp=0.0884); indice_pressao_proxy=1.45 (imp=0.0767); tests=1 (imp=0.0338); tests_lag1=1 (imp=0.0272),Predito,sklearn_gb_pressao_familia_v1,pressao_v1
RIBEIRAOZINHO,outros,2026,10,0.2501,0.39999999999999997,False,moderada,5.8,4,tests_ma8=4 (imp=0.594); indice_pressao_proxy=5.8 (imp=0.0767); tests_ma4=4 (imp=0.0884); tests=4 (imp=0.0338); tests_lag1=4 (imp=0.0272),Predito,sklearn_gb_pressao_familia_v1,pressao_v1
NOVO HORIZONTE DO NORTE,respiratorio,2026,34,0.249,0.35,False,baixa,6.04,4,tests_ma8=2.88 (imp=0.212); tests_pct_estadual=0.889 (imp=0.468); indice_pressao_proxy=6.04 (imp=0.0587); tests_ma4=1.75 (imp=0.0783); tests=4 (imp=0.0304),Predito,sklearn_gb_pressao_familia_v1,pressao_v1
COMODORO,tuberculose,2026,36,0.2487,0.25,False,baixa,1.09,1,tests_ma4=2.25 (imp=0.466); tests_ma8=2.38 (imp=0.272); tests_lag1=5 (imp=0.0179); indice_pressao_proxy=1.09 (imp=0.024); tests=1 (imp=0.0222),Predito,sklearn_gb_pressao_familia_v1,pressao_v1
NOVO MUNDO,outros,2026,29,0.2485,0.39999999999999997,False,baixa,6.19,3,tests_ma8=2.71 (imp=0.594); indice_pressao_proxy=6.19 (imp=0.0767); tests_ma4=2.25 (imp=0.0884); tests_lag1=4 (imp=0.0272); tests=3 (imp=0.0338),Predito,sklearn_gb_pressao_familia_v1,pressao_v1
PEIXOTO DE AZEVEDO,tuberculose,2026,34,0.2485,0.25,False,baixa,1.52,1,tests_ma4=3.75 (imp=0.466); tests_ma8=5.38 (imp=0.272); tests_trend=-1.62 (imp=0.0303); indice_pressao_proxy=1.52 (imp=0.024); tests_pct_estadual=0.225 (imp=0.11),Predito,sklearn_gb_pressao_familia_v1,pressao_v1
ALTO PARAGUAI,arbovirose,2026,32,0.2462,0.44999999999999996,False,baixa,1.77,1,tests_ma4=3.75 (imp=0.379); tests_ma8=2.62 (imp=0.0883); tests_lag1=3 (imp=0.0273); tests_pct_estadual=0.179 (imp=0.414); tests_trend=1.12 (imp=0.0236),Predito,sklearn_gb_pressao_familia_v1,pressao_v1
PRIMAVERA DO LESTE,tuberculose,2026,34,0.2455,0.25,False,baixa,1.52,1,tests_ma4=3.75 (imp=0.466); tests_ma8=6 (imp=0.272); tests_lag1=5 (imp=0.0179); tests_trend=-2.25 (imp=0.0303); indice_pressao_proxy=1.52 (imp=0.024),Predito,sklearn_gb_pressao_familia_v1,pressao_v1
NOVA BANDEIRANTES,tuberculose,2026,36,0.2449,0.25,False,baixa,3.27,3,tests_ma4=3.75 (imp=0.466); tests_ma8=2.88 (imp=0.272); indice_pressao_proxy=3.27 (imp=0.024); tests_pct_estadual=0.667 (imp=0.11); tests=3 (imp=0.0222),Predito,sklearn_gb_pressao_familia_v1,pressao_v1
NOVA GUARITA,outros,2026,30,0.2425,0.39999999999999997,False,baixa,2.67,1,tests_ma8=2.75 (imp=0.594); tests_ma4=2.75 (imp=0.0884); indice_pressao_proxy=2.67 (imp=0.0767); tests=1 (imp=0.0338); tests_lag1=1 (imp=0.0272),Predito,sklearn_gb_pressao_familia_v1,pressao_v1
ARAPUTANGA,tuberculose,2026,35,0.2424,0.25,False,baixa,8.33,4,tests_ma4=4.75 (imp=0.466); tests_ma8=4.12 (imp=0.272); indice_pressao_proxy=8.33 (imp=0.024); tests=4 (imp=0.0222); tests_pct_estadual=0.677 (imp=0.11),Predito,sklearn_gb_pressao_familia_v1,pressao_v1
CHOPINZINHO,respiratorio,2025,43,0.2421,0.35,False,baixa,7.69,3,tests=3 (imp=0.0304); tests_lag1=nan (imp=0.0454); tests_ma4=nan (imp=0.0783); tests_ma8=nan (imp=0.212); tests_trend=nan (imp=0.0585),Predito,sklearn_gb_pressao_familia_v1,pressao_v1
POXOREO,arbovirose,2025,24,0.2418,0.44999999999999996,False,baixa,0.74,2,tests_ma4=6 (imp=0.379); tests_ma8=4.38 (imp=0.0883); tests_lag1=6 (imp=0.0273); tests_pct_estadual=0.375 (imp=0.414); tests_trend=1.62 (imp=0.0236),Predito,sklearn_gb_pressao_familia_v1,pressao_v1
NOVA BANDEIRANTES,outros,2026,28,0.2417,0.39999999999999997,False,baixa,5.88,4,tests_ma8=2.4 (imp=0.594); indice_pressao_proxy=5.88 (imp=0.0767); tests_ma4=2.5 (imp=0.0884); tests=4 (imp=0.0338); tests_lag1=3 (imp=0.0272),Predito,sklearn_gb_pressao_familia_v1,pressao_v1
TERRA NOVA DO NORTE,outros,2026,34,0.2412,0.39999999999999997,False,baixa,3.91,2,tests_ma8=5 (imp=0.594); indice_pressao_proxy=3.91 (imp=0.0767); tests_ma4=3.25 (imp=0.0884); tests_lag1=4 (imp=0.0272); tests=2 (imp=0.0338),Predito,sklearn_gb_pressao_familia_v1,pressao_v1
NOVA LACERDA,outros,2026,29,0.2409,0.39999999999999997,False,baixa,4.12,2,tests_ma8=3.57 (imp=0.594); tests_ma4=3.75 (imp=0.0884); indice_pressao_proxy=4.12 (imp=0.0767); tests_lag1=7 (imp=0.0272); tests=2 (imp=0.0338),Predito,sklearn_gb_pressao_familia_v1,pressao_v1
COCALINHO,outros,2025,49,0.2404,0.39999999999999997,False,baixa,2.96,1,tests_ma8=4.62 (imp=0.594); indice_pressao_proxy=2.96 (imp=0.0767); tests_ma4=1.75 (imp=0.0884); tests_trend=-2.88 (imp=0.0302); tests=1 (imp=0.0338),Predito,sklearn_gb_pressao_familia_v1,pressao_v1
LUCAS DO RIO VERDE,outros,2026,36,0.2403,0.39999999999999997,False,baixa,6.74,9,tests_ma8=4.88 (imp=0.594); indice_pressao_proxy=6.74 (imp=0.0767); tests_ma4=5.25 (imp=0.0884); tests=9 (imp=0.0338); tests_pct_estadual=0.821 (imp=0.0633),Predito,sklearn_gb_pressao_familia_v1,pressao_v1
MARCELANDIA,tuberculose,2026,20,0.24,0.25,False,baixa,1.69,1,tests_ma4=3.25 (imp=0.466); tests_ma8=2.62 (imp=0.272); indice_pressao_proxy=1.69 (imp=0.024); tests_pct_estadual=0.272 (imp=0.11); tests=1 (imp=0.0222),Predito,sklearn_gb_pressao_familia_v1,pressao_v1
SINOP,respiratorio,2026,36,0.2399,0.35,False,baixa,5.06,2,tests_pct_estadual=0.793 (imp=0.468); tests_ma8=1.75 (imp=0.212); indice_pressao_proxy=5.06 (imp=0.0587); tests_ma4=2.25 (imp=0.0783); tests=2 (imp=0.0304),Predito,sklearn_gb_pressao_familia_v1,pressao_v1
DENISE,outros,2026,36,0.2391,0.39999999999999997,False,baixa,0.75,1,tests_ma8=2.88 (imp=0.594); tests_ma4=2 (imp=0.0884); indice_pressao_proxy=0.75 (imp=0.0767); tests=1 (imp=0.0338); tests_lag1=1 (imp=0.0272),Predito,sklearn_gb_pressao_familia_v1,pressao_v1
VALE DE SAO DOMINGOS,tuberculose,2026,19,0.2381,0.25,False,baixa,3.96,2,tests_ma4=3.25 (imp=0.466); tests_ma8=2.5 (imp=0.272); indice_pressao_proxy=3.96 (imp=0.024); tests_pct_estadual=0.486 (imp=0.11); tests=2 (imp=0.0222),Predito,sklearn_gb_pressao_familia_v1,pressao_v1
CASCAVEL,arbovirose,2025,30,0.2375,0.44999999999999996,False,baixa,3.06,7,tests_ma4=4.5 (imp=0.379); tests_ma8=3.88 (imp=0.0883); tests_pct_estadual=0.359 (imp=0.414); tests=7 (imp=0.0167); tests_lag1=3 (imp=0.0273),Predito,sklearn_gb_pressao_familia_v1,pressao_v1
PORTO DOS GAUCHOS,arbovirose,2025,52,0.2363,0.44999999999999996,False,baixa,17.62,5,tests_ma4=2.5 (imp=0.379); indice_pressao_proxy=17.6 (imp=0.0141); tests_ma8=2.75 (imp=0.0883); tests_pct_estadual=0.528 (imp=0.414); tests=5 (imp=0.0167),Predito,sklearn_gb_pressao_familia_v1,pressao_v1
ALTO BOA VISTA,arbovirose,2026,28,0.2363,0.44999999999999996,False,baixa,3.32,4,tests_ma4=11.3 (imp=0.379); tests_ma8=11.3 (imp=0.0883); tests_pct_estadual=0.537 (imp=0.414); tests=4 (imp=0.0167); tests_lag1=2 (imp=0.0273),Predito,sklearn_gb_pressao_familia_v1,pressao_v1
PORTO ESPERIDIAO,outros,2026,34,0.2362,0.39999999999999997,False,baixa,3.91,2,tests_ma8=3.12 (imp=0.594); indice_pressao_proxy=3.91 (imp=0.0767); tests_ma4=3.25 (imp=0.0884); tests=2 (imp=0.0338); tests_lag1=1 (imp=0.0272),Predito,sklearn_gb_pressao_familia_v1,pressao_v1
RIBEIRAOZINHO,arbovirose,2026,27,0.2359,0.44999999999999996,False,baixa,5.88,4,tests_ma4=7 (imp=0.379); tests_ma8=7 (imp=0.0883); tests_lag1=12 (imp=0.0273); tests_pct_estadual=0.485 (imp=0.414); indice_pressao_proxy=5.88 (imp=0.0141),Predito,sklearn_gb_pressao_familia_v1,pressao_v1
NOVA MARILANDIA,tuberculose,2026,33,0.2358,0.25,False,baixa,1.23,1,tests_ma4=2.5 (imp=0.466); tests_ma8=2.5 (imp=0.272); tests_lag1=6 (imp=0.0179); indice_pressao_proxy=1.23 (imp=0.024); tests_pct_estadual=0.242 (imp=0.11),Predito,sklearn_gb_pressao_familia_v1,pressao_v1
CONFRESA,tuberculose,2026,36,0.2357,0.25,False,baixa,3.27,3,tests_ma4=2.75 (imp=0.466); tests_ma8=2.88 (imp=0.272); indice_pressao_proxy=3.27 (imp=0.024); tests_pct_estadual=0.667 (imp=0.11); tests=3 (imp=0.0222),Predito,sklearn_gb_pressao_familia_v1,pressao_v1
NOVA OLIMPIA,outros,2026,36,0.2357,0.39999999999999997,False,baixa,0.75,1,tests_ma8=2.75 (imp=0.594); tests_ma4=1.5 (imp=0.0884); indice_pressao_proxy=0.75 (imp=0.0767); tests_trend=-1.25 (imp=0.0302); tests=1 (imp=0.0338),Predito,sklearn_gb_pressao_familia_v1,pressao_v1
BRASNORTE,arbovirose,2026,28,0.2355,0.44999999999999996,False,baixa,0.83,1,tests_ma4=7 (imp=0.379); tests_ma8=4.38 (imp=0.0883); tests_lag1=5 (imp=0.0273); tests_pct_estadual=0.163 (imp=0.414); tests_trend=2.62 (imp=0.0236),Predito,sklearn_gb_pressao_familia_v1,pressao_v1
GOIANIA,tuberculose,2026,26,0.2347,0.25,False,baixa,22.86,8,tests_ma4=2.75 (imp=0.466); tests_ma8=2.12 (imp=0.272); indice_pressao_proxy=22.9 (imp=0.024); tests=8 (imp=0.0222); tests_pct_estadual=0.872 (imp=0.11),Predito,sklearn_gb_pressao_familia_v1,pressao_v1
COTRIGUACU,arbovirose,2025,43,0.234,0.44999999999999996,False,baixa,7.45,6,tests_ma4=3.25 (imp=0.379); tests_pct_estadual=0.583 (imp=0.414); tests_ma8=2.25 (imp=0.0883); indice_pressao_proxy=7.45 (imp=0.0141); tests=6 (imp=0.0167),Predito,sklearn_gb_pressao_familia_v1,pressao_v1
ALTO GARCAS,tuberculose,2026,36,0.2339,0.25,False,baixa,4.36,4,tests_ma4=1.75 (imp=0.466); tests_ma8=2.75 (imp=0.272); indice_pressao_proxy=4.36 (imp=0.024); tests=4 (imp=0.0222); tests_pct_estadual=0.719 (imp=0.11),Predito,sklearn_gb_pressao_familia_v1,pressao_v1
JAURU,tuberculose,2026,13,0.2338,0.25,False,baixa,0.62,1,tests_ma4=3 (imp=0.466); tests_ma8=3 (imp=0.272); tests_lag1=6 (imp=0.0179); tests_pct_estadual=0.27 (imp=0.11); tests=1 (imp=0.0222),Predito,sklearn_gb_pressao_familia_v1,pressao_v1
CAMPO NOVO DO PARECIS,arbovirose,2026,36,0.2338,0.44999999999999996,False,baixa,5.61,5,tests_ma4=5 (imp=0.379); tests_ma8=6.25 (imp=0.0883); tests_pct_estadual=0.5 (imp=0.414); tests=5 (imp=0.0167); indice_pressao_proxy=5.61 (imp=0.0141),Predito,sklearn_gb_pressao_familia_v1,pressao_v1
GAUCHA DO NORTE,outros,2026,24,0.2337,0.39999999999999997,False,baixa,1.9,1,tests_ma8=2.2 (imp=0.594); tests_ma4=2 (imp=0.0884); indice_pressao_proxy=1.9 (imp=0.0767); tests=1 (imp=0.0338); tests_lag1=1 (imp=0.0272),Predito,sklearn_gb_pressao_familia_v1,pressao_v1
NOVA CANAA DO NORTE,outros,2026,26,0.2324,0.39999999999999997,False,baixa,4.02,2,tests_ma8=3 (imp=0.594); indice_pressao_proxy=4.02 (imp=0.0767); tests_ma4=2.25 (imp=0.0884); tests=2 (imp=0.0338); tests_pct_estadual=0.529 (imp=0.0633),Predito,sklearn_gb_pressao_familia_v1,pressao_v1
SAO JOSE DOS QUATRO MARCOS,outros,2026,36,0.2319,0.39999999999999997,False,baixa,0.75,1,tests_ma8=4.25 (imp=0.594); tests_ma4=3.25 (imp=0.0884); tests_lag1=3 (imp=0.0272); indice_pressao_proxy=0.75 (imp=0.0767); tests=1 (imp=0.0338),Predito,sklearn_gb_pressao_familia_v1,pressao_v1
POCONE,arbovirose,2026,36,0.2318,0.44999999999999996,False,baixa,1.12,1,tests_ma4=1.5 (imp=0.379); tests_ma8=5 (imp=0.0883); tests_trend=-3.5 (imp=0.0236); tests_lag1=3 (imp=0.0273); tests_pct_estadual=0.182 (imp=0.414),Predito,sklearn_gb_pressao_familia_v1,pressao_v1
MATUPA,tuberculose,2026,34,0.2312,0.25,False,baixa,3.04,2,tests_ma4=3.25 (imp=0.466); tests_ma8=3 (imp=0.272); indice_pressao_proxy=3.04 (imp=0.024); tests_lag1=4 (imp=0.0179); tests_pct_estadual=0.5 (imp=0.11),Predito,sklearn_gb_pressao_familia_v1,pressao_v1
GOIANIA,arbovirose,2026,30,0.231,0.44999999999999996,False,baixa,1.92,1,tests_ma4=1.25 (imp=0.379); tests_ma8=2.25 (imp=0.0883); tests_pct_estadual=0.292 (imp=0.414); tests_lag1=1 (imp=0.0273); indice_pressao_proxy=1.92 (imp=0.0141),Predito,sklearn_gb_pressao_familia_v1,pressao_v1
SAO JOSE DOS QUATRO MARCOS,tuberculose,2026,34,0.2305,0.25,False,baixa,4.55,3,tests_ma4=2.25 (imp=0.466); tests_ma8=2.88 (imp=0.272); indice_pressao_proxy=4.55 (imp=0.024); tests_pct_estadual=0.608 (imp=0.11); tests=3 (imp=0.0222),Predito,sklearn_gb_pressao_familia_v1,pressao_v1
NOVA SANTA HELENA,outros,2026,7,0.2294,0.39999999999999997,False,baixa,8.22,3,tests_ma8=2.5 (imp=0.594); indice_pressao_proxy=8.22 (imp=0.0767); tests_ma4=3 (imp=0.0884); tests=3 (imp=0.0338); tests_lag1=2 (imp=0.0272),Predito,sklearn_gb_pressao_familia_v1,pressao_v1
DIAMANTINO,arbovirose,2026,35,0.2285,0.44999999999999996,False,baixa,2.59,3,tests_ma4=1.75 (imp=0.379); tests_ma8=2.5 (imp=0.0883); tests_pct_estadual=0.435 (imp=0.414); tests=3 (imp=0.0167); indice_pressao_proxy=2.59 (imp=0.0141),Predito,sklearn_gb_pressao_familia_v1,pressao_v1
PONTES E LACERDA,arbovirose,2026,36,0.2285,0.44999999999999996,False,baixa,6.73,6,tests_ma4=3 (imp=0.379); tests_ma8=4.38 (imp=0.0883); tests_pct_estadual=0.636 (imp=0.414); tests_lag1=4 (imp=0.0273); tests=6 (imp=0.0167),Predito,sklearn_gb_pressao_familia_v1,pressao_v1
PONTES E LACERDA,outros,2026,36,0.2277,0.39999999999999997,False,baixa,0.75,1,tests_ma8=3.12 (imp=0.594); tests_ma4=4 (imp=0.0884); tests_lag1=7 (imp=0.0272); indice_pressao_proxy=0.75 (imp=0.0767); tests=1 (imp=0.0338),Predito,sklearn_gb_pressao_familia_v1,pressao_v1
NOVA LACERDA,arbovirose,2026,17,0.2265,0.44999999999999996,False,baixa,6.64,5,tests_ma4=3.75 (imp=0.379); tests_ma8=4.88 (imp=0.0883); tests_pct_estadual=0.526 (imp=0.414); indice_pressao_proxy=6.64 (imp=0.0141); tests=5 (imp=0.0167),Predito,sklearn_gb_pressao_familia_v1,pressao_v1
NOVA MARILANDIA,arbovirose,2026,34,0.226,0.44999999999999996,False,baixa,4.05,6,tests_ma4=6.75 (imp=0.379); tests_ma8=7.12 (imp=0.0883); tests_lag1=10 (imp=0.0273); tests_pct_estadual=0.636 (imp=0.414); tests=6 (imp=0.0167),Predito,sklearn_gb_pressao_familia_v1,pressao_v1
TABAPORA,arbovirose,2026,29,0.226,0.44999999999999996,False,baixa,3.19,3,tests_ma4=5 (imp=0.379); tests_ma8=5.25 (imp=0.0883); tests_pct_estadual=0.469 (imp=0.414); tests_lag1=3 (imp=0.0273); tests=3 (imp=0.0167),Predito,sklearn_gb_pressao_familia_v1,pressao_v1
ARAPUTANGA,arbovirose,2026,35,0.226,0.44999999999999996,False,baixa,4.32,5,tests_ma4=5 (imp=0.379); tests_ma8=5.12 (imp=0.0883); tests_pct_estadual=0.63 (imp=0.414); tests=5 (imp=0.0167); tests_lag1=3 (imp=0.0273),Predito,sklearn_gb_pressao_familia_v1,pressao_v1
RONDONOPOLIS,arbovirose,2026,35,0.226,0.44999999999999996,False,baixa,4.32,5,tests_ma4=5.5 (imp=0.379); tests_ma8=6.5 (imp=0.0883); tests_pct_estadual=0.63 (imp=0.414); tests_lag1=7 (imp=0.0273); tests=5 (imp=0.0167),Predito,sklearn_gb_pressao_familia_v1,pressao_v1
SAO PEDRO DA CIPA,outros,2026,26,0.2252,0.39999999999999997,False,baixa,2.01,1,tests_ma8=2.67 (imp=0.594); tests_ma4=2.67 (imp=0.0884); indice_pressao_proxy=2.01 (imp=0.0767); tests=1 (imp=0.0338); tests_lag1=1 (imp=0.0272),Predito,sklearn_gb_pressao_familia_v1,pressao_v1
JUSCIMEIRA,tuberculose,2026,35,0.2248,0.25,False,baixa,4.17,2,tests_ma4=3.5 (imp=0.466); tests_ma8=3.38 (imp=0.272); indice_pressao_proxy=4.17 (imp=0.024); tests_pct_estadual=0.469 (imp=0.11); tests=2 (imp=0.0222),Predito,sklearn_gb_pressao_familia_v1,pressao_v1
MONTES CLAROS,outros,2025,7,0.2243,0.39999999999999997,False,baixa,4.04,2,tests_ma8=3.33 (imp=0.594); indice_pressao_proxy=4.04 (imp=0.0767); tests_ma4=3.33 (imp=0.0884); tests_lag1=6 (imp=0.0272); tests=2 (imp=0.0338),Predito,sklearn_gb_pressao_familia_v1,pressao_v1
ARAGARCAS,tuberculose,2026,21,0.2242,0.25,False,baixa,2.35,1,tests_ma8=2.88 (imp=0.272); tests_ma4=1 (imp=0.466); tests_trend=-1.88 (imp=0.0303); indice_pressao_proxy=2.35 (imp=0.024); tests_pct_estadual=0.244 (imp=0.11),Predito,sklearn_gb_pressao_familia_v1,pressao_v1
FLORIANOPOLIS,tuberculose,2026,19,0.224,0.25,False,baixa,9.9,5,tests_ma4=2.25 (imp=0.466); tests_ma8=2.25 (imp=0.272); indice_pressao_proxy=9.9 (imp=0.024); tests=5 (imp=0.0222); tests_pct_estadual=0.721 (imp=0.11),Predito,sklearn_gb_pressao_familia_v1,pressao_v1
NOVA CANAA DO NORTE,arbovirose,2026,7,0.2239,0.44999999999999996,False,baixa,9.27,7,tests_ma4=4 (imp=0.379); tests_ma8=4 (imp=0.0883); tests_pct_estadual=0.586 (imp=0.414); indice_pressao_proxy=9.27 (imp=0.0141); tests=7 (imp=0.0167),Predito,sklearn_gb_pressao_familia_v1,pressao_v1
POCONE,hepatite,2026,36,0.2226,0.35,False,baixa,3.01,1,tests_ma8=4.12 (imp=0.486); tests_ma4=4.5 (imp=0.306); indice_pressao_proxy=3.01 (imp=0.0338); tests_lag1=1 (imp=0.0495); tests=1 (imp=0.0458),Predito,sklearn_gb_pressao_familia_v1,pressao_v1
ARIPUANA,outros,2026,30,0.222,0.39999999999999997,False,baixa,10.67,4,tests_ma8=1.88 (imp=0.594); indice_pressao_proxy=10.7 (imp=0.0767); tests_ma4=2.25 (imp=0.0884); tests=4 (imp=0.0338); tests_pct_estadual=0.571 (imp=0.0633),Predito,sklearn_gb_pressao_familia_v1,pressao_v1
NOVO MUNDO,arbovirose,2025,49,0.2219,0.44999999999999996,False,baixa,7.09,5,tests_ma4=3 (imp=0.379); tests_ma8=3 (imp=0.0883); tests_pct_estadual=0.543 (imp=0.414); indice_pressao_proxy=7.09 (imp=0.0141); tests=5 (imp=0.0167),Predito,sklearn_gb_pressao_familia_v1,pressao_v1
JUSCIMEIRA,arbovirose,2025,45,0.2219,0.44999999999999996,False,baixa,6.9,5,tests_ma4=2.25 (imp=0.379); tests_ma8=3.12 (imp=0.0883); tests_pct_estadual=0.516 (imp=0.414); indice_pressao_proxy=6.9 (imp=0.0141); tests=5 (imp=0.0167),Predito,sklearn_gb_pressao_familia_v1,pressao_v1
LAMBARI D''OESTE,arbovirose,2026,16,0.2211,0.44999999999999996,False,baixa,3.7,5,tests_ma4=9.5 (imp=0.379); tests_ma8=12.1 (imp=0.0883); tests_lag1=11 (imp=0.0273); tests_pct_estadual=0.567 (imp=0.414); tests=5 (imp=0.0167),Predito,sklearn_gb_pressao_familia_v1,pressao_v1
MATUPA,arbovirose,2026,34,0.2211,0.44999999999999996,False,baixa,3.37,5,tests_ma4=4.75 (imp=0.379); tests_ma8=8.75 (imp=0.0883); tests_pct_estadual=0.545 (imp=0.414); tests_lag1=5 (imp=0.0273); tests_trend=-4 (imp=0.0236),Predito,sklearn_gb_pressao_familia_v1,pressao_v1
BRASNORTE,tuberculose,2026,34,0.2206,0.25,False,baixa,3.04,2,tests_ma4=2 (imp=0.466); tests_ma8=2.88 (imp=0.272); indice_pressao_proxy=3.04 (imp=0.024); tests_pct_estadual=0.5 (imp=0.11); tests=2 (imp=0.0222),Predito,sklearn_gb_pressao_familia_v1,pressao_v1
ROSARIO OESTE,outros,2026,28,0.2205,0.39999999999999997,False,baixa,1.47,1,tests_ma8=2.38 (imp=0.594); tests_ma4=1.5 (imp=0.0884); indice_pressao_proxy=1.47 (imp=0.0767); tests=1 (imp=0.0338); tests_lag1=1 (imp=0.0272),Predito,sklearn_gb_pressao_familia_v1,pressao_v1
NOVA OLIMPIA,tuberculose,2026,36,0.2196,0.25,False,baixa,1.09,1,tests_ma4=3.75 (imp=0.466); tests_ma8=2.75 (imp=0.272); tests_lag1=9 (imp=0.0179); tests_trend=1 (imp=0.0303); indice_pressao_proxy=1.09 (imp=0.024),Predito,sklearn_gb_pressao_familia_v1,pressao_v1
JANGADA,arbovirose,2026,36,0.2174,0.44999999999999996,False,baixa,5.61,5,tests_ma4=3.5 (imp=0.379); tests_ma8=3.75 (imp=0.0883); tests_pct_estadual=0.5 (imp=0.414); tests=5 (imp=0.0167); indice_pressao_proxy=5.61 (imp=0.0141),Predito,sklearn_gb_pressao_familia_v1,pressao_v1
CONQUISTA D''OESTE,arbovirose,2026,27,0.2171,0.44999999999999996,False,baixa,7.35,5,tests_ma4=3 (imp=0.379); tests_ma8=5.88 (imp=0.0883); tests_pct_estadual=0.545 (imp=0.414); indice_pressao_proxy=7.35 (imp=0.0141); tests=5 (imp=0.0167),Predito,sklearn_gb_pressao_familia_v1,pressao_v1
PORTO ALEGRE DO NORTE,outros,2026,33,0.217,0.39999999999999997,False,baixa,4.51,2,tests_ma8=2.2 (imp=0.594); indice_pressao_proxy=4.51 (imp=0.0767); tests_ma4=2.25 (imp=0.0884); tests_lag1=3 (imp=0.0272); tests=2 (imp=0.0338),Predito,sklearn_gb_pressao_familia_v1,pressao_v1
RIO BRANCO,outros,2026,34,0.2165,0.39999999999999997,False,baixa,1.96,1,tests_ma8=2.43 (imp=0.594); tests_ma4=2 (imp=0.0884); indice_pressao_proxy=1.96 (imp=0.0767); tests_lag1=3 (imp=0.0272); tests=1 (imp=0.0338),Predito,sklearn_gb_pressao_familia_v1,pressao_v1
ALTO BOA VISTA,outros,2026,34,0.2165,0.39999999999999997,False,baixa,1.96,1,tests_ma8=2.43 (imp=0.594); tests_ma4=2.25 (imp=0.0884); indice_pressao_proxy=1.96 (imp=0.0767); tests_lag1=4 (imp=0.0272); tests=1 (imp=0.0338),Predito,sklearn_gb_pressao_familia_v1,pressao_v1
SAO FELIX DO ARAGUAIA,arbovirose,2026,16,0.2153,0.44999999999999996,False,baixa,3.7,5,tests_ma4=2.75 (imp=0.379); tests_pct_estadual=0.567 (imp=0.414); tests_ma8=2.43 (imp=0.0883); tests=5 (imp=0.0167); indice_pressao_proxy=3.7 (imp=0.0141),Predito,sklearn_gb_pressao_familia_v1,pressao_v1
LAMBARI D''OESTE,outros,2026,23,0.2151,0.39999999999999997,False,baixa,4.82,4,tests_ma8=3.25 (imp=0.594); indice_pressao_proxy=4.82 (imp=0.0767); tests_ma4=3.25 (imp=0.0884); tests=4 (imp=0.0338); tests_pct_estadual=0.542 (imp=0.0633),Predito,sklearn_gb_pressao_familia_v1,pressao_v1
JANGADA,tuberculose,2026,36,0.215,0.25,False,baixa,2.18,2,tests_ma4=2.25 (imp=0.466); tests_ma8=2.62 (imp=0.272); tests_lag1=3 (imp=0.0179); tests_pct_estadual=0.49 (imp=0.11); indice_pressao_proxy=2.18 (imp=0.024),Predito,sklearn_gb_pressao_familia_v1,pressao_v1
BARAO DE MELGACO,tuberculose,2026,36,0.215,0.25,False,baixa,2.18,2,tests_ma4=2.5 (imp=0.466); tests_ma8=2.75 (imp=0.272); tests_lag1=5 (imp=0.0179); tests_pct_estadual=0.49 (imp=0.11); indice_pressao_proxy=2.18 (imp=0.024),Predito,sklearn_gb_pressao_familia_v1,pressao_v1
GENERAL CARNEIRO,arbovirose,2026,19,0.2148,0.44999999999999996,False,baixa,5.61,6,tests_ma4=6.25 (imp=0.379); tests_ma8=17.8 (imp=0.0883); tests_trend=-11.5 (imp=0.0236); tests_pct_estadual=0.58 (imp=0.414); tests_lag1=6 (imp=0.0273),Predito,sklearn_gb_pressao_familia_v1,pressao_v1
LADARIO,arbovirose,2025,14,0.2142,0.44999999999999996,False,baixa,1.4,9,tests_ma4=10.3 (imp=0.379); tests_ma8=10.3 (imp=0.0883); tests_lag1=18 (imp=0.0273); tests_pct_estadual=0.706 (imp=0.414); tests=9 (imp=0.0167),Predito,sklearn_gb_pressao_familia_v1,pressao_v1
JUSCIMEIRA,outros,2026,36,0.2138,0.39999999999999997,False,baixa,1.5,2,tests_ma8=4.12 (imp=0.594); tests_ma4=5.25 (imp=0.0884); indice_pressao_proxy=1.5 (imp=0.0767); tests_lag1=4 (imp=0.0272); tests=2 (imp=0.0338),Predito,sklearn_gb_pressao_familia_v1,pressao_v1
INDIAVAI,outros,2026,28,0.2136,0.39999999999999997,False,baixa,4.41,3,tests_ma8=4.5 (imp=0.594); tests_ma4=4.5 (imp=0.0884); indice_pressao_proxy=4.41 (imp=0.0767); tests=3 (imp=0.0338); tests_lag1=3 (imp=0.0272),Predito,sklearn_gb_pressao_familia_v1,pressao_v1
SORRISO,hepatite,2026,36,0.2133,0.35,False,baixa,3.01,1,tests_ma8=3.62 (imp=0.486); tests_ma4=5.25 (imp=0.306); tests_lag1=15 (imp=0.0495); indice_pressao_proxy=3.01 (imp=0.0338); tests=1 (imp=0.0458),Predito,sklearn_gb_pressao_familia_v1,pressao_v1
RIO DE JANEIRO,arbovirose,2025,12,0.2128,0.44999999999999996,False,baixa,1.58,7,tests_ma4=7.25 (imp=0.379); tests_ma8=4.38 (imp=0.0883); tests_pct_estadual=0.662 (imp=0.414); tests_lag1=8 (imp=0.0273); tests=7 (imp=0.0167),Predito,sklearn_gb_pressao_familia_v1,pressao_v1
NOVA NAZARE,outros,2025,41,0.2126,0.39999999999999997,False,baixa,3.36,3,tests_ma8=2.67 (imp=0.594); indice_pressao_proxy=3.36 (imp=0.0767); tests_ma4=2.67 (imp=0.0884); tests_lag1=4 (imp=0.0272); tests=3 (imp=0.0338),Predito,sklearn_gb_pressao_familia_v1,pressao_v1
SAPEZAL,arbovirose,2026,36,0.212,0.44999999999999996,False,baixa,1.12,1,tests_ma4=1.75 (imp=0.379); tests_ma8=3.38 (imp=0.0883); tests_pct_estadual=0.182 (imp=0.414); tests_trend=-1.62 (imp=0.0236); tests_lag1=1 (imp=0.0273),Predito,sklearn_gb_pressao_familia_v1,pressao_v1
BARAO DE MELGACO,outros,2026,33,0.2113,0.39999999999999997,False,baixa,2.25,1,tests_ma8=2.43 (imp=0.594); tests_ma4=2.75 (imp=0.0884); indice_pressao_proxy=2.25 (imp=0.0767); tests_lag1=4 (imp=0.0272); tests=1 (imp=0.0338),Predito,sklearn_gb_pressao_familia_v1,pressao_v1
PORTO ESTRELA,outros,2026,30,0.2113,0.39999999999999997,False,baixa,2.67,1,tests_ma8=2.25 (imp=0.594); tests_ma4=2.75 (imp=0.0884); indice_pressao_proxy=2.67 (imp=0.0767); tests_lag1=3 (imp=0.0272); tests=1 (imp=0.0338),Predito,sklearn_gb_pressao_familia_v1,pressao_v1
NOVA MUTUM,hepatite,2026,35,0.2107,0.35,False,baixa,2.95,2,tests_ma8=3.5 (imp=0.486); tests_ma4=1.5 (imp=0.306); indice_pressao_proxy=2.95 (imp=0.0338); tests=2 (imp=0.0458); tests_lag1=1 (imp=0.0495),Predito,sklearn_gb_pressao_familia_v1,pressao_v1
SANTA TEREZINHA,tuberculose,2026,15,0.2105,0.25,False,baixa,4.35,2,tests_ma4=3.25 (imp=0.466); tests_ma8=2.75 (imp=0.272); indice_pressao_proxy=4.35 (imp=0.024); tests_pct_estadual=0.507 (imp=0.11); tests=2 (imp=0.0222),Predito,sklearn_gb_pressao_familia_v1,pressao_v1
BOA VISTA,outros,2026,26,0.2104,0.39999999999999997,False,baixa,4.02,2,tests_ma8=3.5 (imp=0.594); tests_ma4=3.5 (imp=0.0884); indice_pressao_proxy=4.02 (imp=0.0767); tests=2 (imp=0.0338); tests_lag1=2 (imp=0.0272),Predito,sklearn_gb_pressao_familia_v1,pressao_v1
PRIMAVERA DO LESTE,respiratorio,2026,36,0.2103,0.35,False,baixa,5.06,2,tests_ma8=3.75 (imp=0.212); tests_pct_estadual=0.793 (imp=0.468); indice_pressao_proxy=5.06 (imp=0.0587); tests_ma4=2.5 (imp=0.0783); tests_lag1=2 (imp=0.0454),Predito,sklearn_gb_pressao_familia_v1,pressao_v1
BARAO DE MELGACO,arbovirose,2026,23,0.21,0.44999999999999996,False,baixa,4.78,5,tests_ma4=3.25 (imp=0.379); tests_ma8=5 (imp=0.0883); tests_pct_estadual=0.5 (imp=0.414); tests_lag1=4 (imp=0.0273); tests=5 (imp=0.0167),Predito,sklearn_gb_pressao_familia_v1,pressao_v1
BOA ESPERANCA DO NORTE,arbovirose,2026,35,0.21,0.44999999999999996,False,baixa,3.46,4,tests_ma4=3 (imp=0.379); tests_ma8=3.12 (imp=0.0883); tests_pct_estadual=0.522 (imp=0.414); tests_lag1=4 (imp=0.0273); tests=4 (imp=0.0167),Predito,sklearn_gb_pressao_familia_v1,pressao_v1
BARRA DO BUGRES,outros,2026,36,0.21,0.39999999999999997,False,baixa,2.25,3,tests_ma8=5.12 (imp=0.594); indice_pressao_proxy=2.25 (imp=0.0767); tests_ma4=1.5 (imp=0.0884); tests_trend=-3.62 (imp=0.0302); tests=3 (imp=0.0338),Predito,sklearn_gb_pressao_familia_v1,pressao_v1
SANTA RITA DO TRIVELATO,arbovirose,2026,16,0.21,0.44999999999999996,False,baixa,2.22,3,tests_ma4=3 (imp=0.379); tests_ma8=3.75 (imp=0.0883); tests_pct_estadual=0.433 (imp=0.414); tests_lag1=5 (imp=0.0273); tests=3 (imp=0.0167),Predito,sklearn_gb_pressao_familia_v1,pressao_v1
JUARA,arbovirose,2026,35,0.2096,0.44999999999999996,False,baixa,0.86,1,tests_ma4=5.25 (imp=0.379); tests_ma8=7.5 (imp=0.0883); tests_lag1=5 (imp=0.0273); tests_pct_estadual=0.174 (imp=0.414); tests_trend=-2.25 (imp=0.0236),Predito,sklearn_gb_pressao_familia_v1,pressao_v1
CAMPO GRANDE,outros,2026,33,0.2096,0.39999999999999997,False,baixa,13.52,6,tests_ma8=2 (imp=0.594); indice_pressao_proxy=13.5 (imp=0.0767); tests_ma4=2.5 (imp=0.0884); tests=6 (imp=0.0338); tests_pct_estadual=0.681 (imp=0.0633),Predito,sklearn_gb_pressao_familia_v1,pressao_v1
NOVO PROGRESSO,arbovirose,2026,33,0.2081,0.44999999999999996,False,baixa,4.17,5,tests_ma4=2 (imp=0.379); tests_pct_estadual=0.591 (imp=0.414); tests_ma8=2.62 (imp=0.0883); tests=5 (imp=0.0167); indice_pressao_proxy=4.17 (imp=0.0141),Predito,sklearn_gb_pressao_familia_v1,pressao_v1
SANTO ANTONIO DO LEVERGER,arbovirose,2026,34,0.2081,0.44999999999999996,False,baixa,3.37,5,tests_ma4=2.25 (imp=0.379); tests_pct_estadual=0.545 (imp=0.414); tests_ma8=2.5 (imp=0.0883); tests=5 (imp=0.0167); indice_pressao_proxy=3.37 (imp=0.0141),Predito,sklearn_gb_pressao_familia_v1,pressao_v1
ARENAPOLIS,arbovirose,2026,33,0.2081,0.44999999999999996,False,baixa,4.17,5,tests_ma4=2.25 (imp=0.379); tests_ma8=3.12 (imp=0.0883); tests_pct_estadual=0.591 (imp=0.414); tests=5 (imp=0.0167); indice_pressao_proxy=4.17 (imp=0.0141),Predito,sklearn_gb_pressao_familia_v1,pressao_v1
SANTANA DO ARAGUAIA,arbovirose,2026,16,0.2081,0.44999999999999996,False,baixa,3.7,5,tests_ma4=3 (imp=0.379); tests_ma8=3 (imp=0.0883); tests_pct_estadual=0.567 (imp=0.414); tests=5 (imp=0.0167); tests_lag1=2 (imp=0.0273),Predito,sklearn_gb_pressao_familia_v1,pressao_v1
SALTO DO CEU,arbovirose,2026,14,0.2081,0.44999999999999996,False,baixa,3.17,4,tests_ma4=2 (imp=0.379); tests_ma8=3.88 (imp=0.0883); tests_pct_estadual=0.411 (imp=0.414); tests=4 (imp=0.0167); indice_pressao_proxy=3.17 (imp=0.0141),Predito,sklearn_gb_pressao_familia_v1,pressao_v1
SAO LUIS,arbovirose,2025,33,0.2081,0.44999999999999996,False,baixa,3.89,6,tests_ma4=2.5 (imp=0.379); tests_ma8=2.62 (imp=0.0883); tests_pct_estadual=0.526 (imp=0.414); tests=6 (imp=0.0167); indice_pressao_proxy=3.89 (imp=0.0141),Predito,sklearn_gb_pressao_familia_v1,pressao_v1
INDIAVAI,arbovirose,2026,2,0.2081,0.44999999999999996,False,baixa,2.99,3,tests_ma4=2.75 (imp=0.379); tests_ma8=2.75 (imp=0.0883); tests_pct_estadual=0.461 (imp=0.414); tests_lag1=2 (imp=0.0273); tests=3 (imp=0.0167),Predito,sklearn_gb_pressao_familia_v1,pressao_v1
PETROLINA,arbovirose,2026,14,0.2081,0.44999999999999996,False,baixa,3.17,4,tests_ma4=2 (imp=0.379); tests_ma8=2.83 (imp=0.0883); tests_pct_estadual=0.411 (imp=0.414); tests=4 (imp=0.0167); tests_lag1=2 (imp=0.0273),Predito,sklearn_gb_pressao_familia_v1,pressao_v1
ITAUBA,arbovirose,2026,24,0.2077,0.44999999999999996,False,baixa,0.77,1,tests_ma4=8.5 (imp=0.379); tests_ma8=9.25 (imp=0.0883); tests_pct_estadual=0.194 (imp=0.414); tests_lag1=2 (imp=0.0273); tests_trend=-0.75 (imp=0.0236),Predito,sklearn_gb_pressao_familia_v1,pressao_v1
CAMPO NOVO DO PARECIS,tuberculose,2026,36,0.2076,0.25,False,baixa,2.18,2,tests_ma4=3.25 (imp=0.466); tests_ma8=3.12 (imp=0.272); tests_pct_estadual=0.49 (imp=0.11); indice_pressao_proxy=2.18 (imp=0.024); tests=2 (imp=0.0222),Predito,sklearn_gb_pressao_familia_v1,pressao_v1
AGUA BOA,tuberculose,2026,35,0.2063,0.25,False,baixa,6.25,3,tests_ma8=5.25 (imp=0.272); tests_ma4=1.5 (imp=0.466); indice_pressao_proxy=6.25 (imp=0.024); tests_trend=-3.75 (imp=0.0303); tests=3 (imp=0.0222),Predito,sklearn_gb_pressao_familia_v1,pressao_v1
ALTO GARCAS,arbovirose,2026,35,0.2053,0.44999999999999996,False,baixa,2.59,3,tests_ma4=4 (imp=0.379); tests_ma8=7.88 (imp=0.0883); tests_pct_estadual=0.435 (imp=0.414); tests_trend=-3.88 (imp=0.0236); tests_lag1=3 (imp=0.0273),Predito,sklearn_gb_pressao_familia_v1,pressao_v1
CLAUDIA,arbovirose,2026,28,0.2053,0.44999999999999996,False,baixa,3.32,4,tests_ma4=2.5 (imp=0.379); tests_ma8=5.25 (imp=0.0883); tests_pct_estadual=0.537 (imp=0.414); tests_lag1=4 (imp=0.0273); tests=4 (imp=0.0167),Predito,sklearn_gb_pressao_familia_v1,pressao_v1
NOVO MUNDO,tuberculose,2026,28,0.2037,0.25,False,baixa,2.45,1,tests_ma4=2 (imp=0.466); tests_ma8=2.38 (imp=0.272); indice_pressao_proxy=2.45 (imp=0.024); tests_pct_estadual=0.259 (imp=0.11); tests=1 (imp=0.0222),Predito,sklearn_gb_pressao_familia_v1,pressao_v1
ARENAPOLIS,outros,2026,34,0.2036,0.39999999999999997,False,baixa,5.87,3,tests_ma8=2.25 (imp=0.594); indice_pressao_proxy=5.87 (imp=0.0767); tests_ma4=3 (imp=0.0884); tests_lag1=7 (imp=0.0272); tests=3 (imp=0.0338),Predito,sklearn_gb_pressao_familia_v1,pressao_v1
VILHENA,arbovirose,2026,30,0.203,0.44999999999999996,False,baixa,1.92,1,tests_ma4=2 (imp=0.379); tests_ma8=2.5 (imp=0.0883); tests_lag1=5 (imp=0.0273); tests_pct_estadual=0.292 (imp=0.414); indice_pressao_proxy=1.92 (imp=0.0141),Predito,sklearn_gb_pressao_familia_v1,pressao_v1
SAO JOSE DO RIO CLARO,arbovirose,2026,25,0.2021,0.44999999999999996,False,baixa,0.98,1,tests_ma4=1.25 (imp=0.379); tests_ma8=2.25 (imp=0.0883); tests_pct_estadual=0.182 (imp=0.414); tests_lag1=1 (imp=0.0273); tests_trend=-1 (imp=0.0236),Predito,sklearn_gb_pressao_familia_v1,pressao_v1
COLIDER,outros,2026,36,0.2011,0.39999999999999997,False,baixa,0.75,1,tests_ma8=2.25 (imp=0.594); tests_ma4=2.5 (imp=0.0884); indice_pressao_proxy=0.75 (imp=0.0767); tests=1 (imp=0.0338); tests_lag1=1 (imp=0.0272),Predito,sklearn_gb_pressao_familia_v1,pressao_v1
TESOURO,outros,2026,3,0.2,0.39999999999999997,False,baixa,30.0,15,tests=15 (imp=0.0338); tests_lag1=nan (imp=0.0272); tests_ma4=nan (imp=0.0884); tests_ma8=nan (imp=0.594); tests_trend=nan (imp=0.0302),Predito,sklearn_gb_pressao_familia_v1,pressao_v1
NOVO PROGRESSO,outros,2026,27,0.1999,0.39999999999999997,False,baixa,1.47,1,tests_ma8=2.5 (imp=0.594); tests_ma4=3 (imp=0.0884); indice_pressao_proxy=1.47 (imp=0.0767); tests_lag1=4 (imp=0.0272); tests=1 (imp=0.0338),Predito,sklearn_gb_pressao_familia_v1,pressao_v1
SANTAREM,arbovirose,2026,10,0.1985,0.44999999999999996,False,baixa,0.86,1,tests_ma4=1 (imp=0.379); tests_ma8=3.12 (imp=0.0883); tests_trend=-2.12 (imp=0.0236); tests_pct_estadual=0.112 (imp=0.414); tests_lag1=1 (imp=0.0273),Predito,sklearn_gb_pressao_familia_v1,pressao_v1
COLNIZA,outros,2026,34,0.1983,0.39999999999999997,False,baixa,7.82,4,tests_ma8=1.88 (imp=0.594); indice_pressao_proxy=7.82 (imp=0.0767); tests_ma4=2 (imp=0.0884); tests=4 (imp=0.0338); tests_pct_estadual=0.513 (imp=0.0633),Predito,sklearn_gb_pressao_familia_v1,pressao_v1
SANTO AFONSO,arbovirose,2026,9,0.1982,0.44999999999999996,False,baixa,9.64,6,tests_ma4=2.5 (imp=0.379); tests_pct_estadual=0.692 (imp=0.414); tests_ma8=2.33 (imp=0.0883); indice_pressao_proxy=9.64 (imp=0.0141); tests=6 (imp=0.0167),Predito,sklearn_gb_pressao_familia_v1,pressao_v1
TERRA NOVA DO NORTE,arbovirose,2026,9,0.198,0.44999999999999996,False,baixa,3.21,2,tests_ma4=16.8 (imp=0.379); tests_ma8=32.5 (imp=0.0883); tests_trend=-15.8 (imp=0.0236); tests_pct_estadual=0.337 (imp=0.414); tests_lag1=5 (imp=0.0273),Predito,sklearn_gb_pressao_familia_v1,pressao_v1
PARANATINGA,tuberculose,2026,36,0.1976,0.25,False,baixa,1.09,1,tests_ma4=1.75 (imp=0.466); tests_ma8=2.38 (imp=0.272); tests_lag1=3 (imp=0.0179); indice_pressao_proxy=1.09 (imp=0.024); tests=1 (imp=0.0222),Predito,sklearn_gb_pressao_familia_v1,pressao_v1
BARRA DO BUGRES,tuberculose,2026,36,0.1976,0.25,False,baixa,1.09,1,tests_ma8=3.12 (imp=0.272); tests_ma4=1.75 (imp=0.466); tests_lag1=4 (imp=0.0179); tests_trend=-1.38 (imp=0.0303); indice_pressao_proxy=1.09 (imp=0.024),Predito,sklearn_gb_pressao_familia_v1,pressao_v1
PEIXOTO DE AZEVEDO,hepatite,2026,36,0.1965,0.35,False,baixa,3.01,1,tests_ma8=3.62 (imp=0.486); tests_ma4=3.5 (imp=0.306); tests_lag1=3 (imp=0.0495); indice_pressao_proxy=3.01 (imp=0.0338); tests=1 (imp=0.0458),Predito,sklearn_gb_pressao_familia_v1,pressao_v1
TANGARA DA SERRA,hepatite,2026,36,0.1965,0.35,False,baixa,3.01,1,tests_ma8=3 (imp=0.486); tests_ma4=3.75 (imp=0.306); indice_pressao_proxy=3.01 (imp=0.0338); tests_lag1=2 (imp=0.0495); tests=1 (imp=0.0458),Predito,sklearn_gb_pressao_familia_v1,pressao_v1
JI-PARANA,arbovirose,2026,6,0.1963,0.44999999999999996,False,baixa,3.29,2,tests_ma4=1.75 (imp=0.379); tests_ma8=2.5 (imp=0.0883); tests_pct_estadual=0.375 (imp=0.414); indice_pressao_proxy=3.29 (imp=0.0141); tests=2 (imp=0.0167),Predito,sklearn_gb_pressao_familia_v1,pressao_v1
VOTUPORANGA,arbovirose,2025,14,0.1963,0.44999999999999996,False,baixa,1.24,8,tests_ma4=4.5 (imp=0.379); tests_ma8=4.5 (imp=0.0883); tests_pct_estadual=0.672 (imp=0.414); tests=8 (imp=0.0167); tests_lag1=4 (imp=0.0273),Predito,sklearn_gb_pressao_familia_v1,pressao_v1
RIBEIRAO CASCALHEIRA,tuberculose,2026,33,0.1962,0.25,False,baixa,4.91,4,tests_ma4=2.5 (imp=0.466); tests_ma8=2.38 (imp=0.272); indice_pressao_proxy=4.91 (imp=0.024); tests=4 (imp=0.0222); tests_pct_estadual=0.677 (imp=0.11),Predito,sklearn_gb_pressao_familia_v1,pressao_v1
ITUMBIARA,respiratorio,2024,45,0.1961,0.35,False,baixa,6.58,5,tests=5 (imp=0.0304); tests_lag1=nan (imp=0.0454); tests_ma4=nan (imp=0.0783); tests_ma8=nan (imp=0.212); tests_trend=nan (imp=0.0585),Predito,sklearn_gb_pressao_familia_v1,pressao_v1
MACAUBAS,respiratorio,2025,9,0.1961,0.35,False,baixa,6.38,6,tests=6 (imp=0.0304); tests_lag1=nan (imp=0.0454); tests_ma4=nan (imp=0.0783); tests_ma8=nan (imp=0.212); tests_trend=nan (imp=0.0585),Predito,sklearn_gb_pressao_familia_v1,pressao_v1
ARIPUANA,respiratorio,2026,36,0.1954,0.35,False,baixa,5.06,2,tests_pct_estadual=0.793 (imp=0.468); indice_pressao_proxy=5.06 (imp=0.0587); tests_ma8=1.25 (imp=0.212); tests_ma4=1.5 (imp=0.0783); tests_lag1=2 (imp=0.0454),Predito,sklearn_gb_pressao_familia_v1,pressao_v1
POCONE,outros,2026,34,0.1954,0.39999999999999997,False,baixa,5.87,3,tests_ma8=9.75 (imp=0.594); tests_ma4=13.2 (imp=0.0884); indice_pressao_proxy=5.87 (imp=0.0767); tests_trend=3.5 (imp=0.0302); tests=3 (imp=0.0338),Predito,sklearn_gb_pressao_familia_v1,pressao_v1
TERRA NOVA DO NORTE,tuberculose,2026,15,0.1952,0.25,False,baixa,2.17,1,tests_ma4=3 (imp=0.466); tests_ma8=3.88 (imp=0.272); tests_lag1=3 (imp=0.0179); indice_pressao_proxy=2.17 (imp=0.024); tests_trend=-0.875 (imp=0.0303),Predito,sklearn_gb_pressao_familia_v1,pressao_v1
TANGARA DA SERRA,respiratorio,2026,36,0.195,0.35,False,baixa,2.53,1,tests_ma8=1.62 (imp=0.212); tests_lag1=4 (imp=0.0454); tests_pct_estadual=0.362 (imp=0.468); tests_ma4=2 (imp=0.0783); indice_pressao_proxy=2.53 (imp=0.0587),Predito,sklearn_gb_pressao_familia_v1,pressao_v1
BARRA DO GARCAS,hepatite,2026,36,0.1947,0.35,False,baixa,15.04,5,tests_ma8=2 (imp=0.486); tests_ma4=2.25 (imp=0.306); indice_pressao_proxy=15 (imp=0.0338); tests=5 (imp=0.0458); tests_lag1=1 (imp=0.0495),Predito,sklearn_gb_pressao_familia_v1,pressao_v1
ARENAPOLIS,tuberculose,2026,34,0.1946,0.25,False,baixa,3.04,2,tests_ma4=1.75 (imp=0.466); tests_ma8=2.62 (imp=0.272); indice_pressao_proxy=3.04 (imp=0.024); tests_pct_estadual=0.5 (imp=0.11); tests=2 (imp=0.0222),Predito,sklearn_gb_pressao_familia_v1,pressao_v1
RECIFE,arbovirose,2026,21,0.1944,0.44999999999999996,False,baixa,1.24,1,tests_ma4=3 (imp=0.379); tests_ma8=3 (imp=0.0883); tests_lag1=3 (imp=0.0273); tests_pct_estadual=0.179 (imp=0.414); indice_pressao_proxy=1.24 (imp=0.0141),Predito,sklearn_gb_pressao_familia_v1,pressao_v1
PORTO VELHO,arbovirose,2026,11,0.1944,0.44999999999999996,False,baixa,0.87,1,tests_ma4=2.25 (imp=0.379); tests_ma8=2.75 (imp=0.0883); tests_lag1=6 (imp=0.0273); tests_pct_estadual=0.174 (imp=0.414); tests=1 (imp=0.0167),Predito,sklearn_gb_pressao_familia_v1,pressao_v1
SINOP,arbovirose,2026,35,0.1944,0.44999999999999996,False,baixa,0.86,1,tests_ma4=3.75 (imp=0.379); tests_ma8=5.88 (imp=0.0883); tests_lag1=3 (imp=0.0273); tests_pct_estadual=0.174 (imp=0.414); tests_trend=-2.12 (imp=0.0236),Predito,sklearn_gb_pressao_familia_v1,pressao_v1
GUARULHOS,arbovirose,2026,24,0.1944,0.44999999999999996,False,baixa,0.77,1,tests_ma4=2.25 (imp=0.379); tests_ma8=2.83 (imp=0.0883); tests_lag1=4 (imp=0.0273); tests_pct_estadual=0.194 (imp=0.414); tests=1 (imp=0.0167),Predito,sklearn_gb_pressao_familia_v1,pressao_v1
NOVA MUTUM,arbovirose,2026,33,0.1944,0.44999999999999996,False,baixa,0.83,1,tests_ma4=2 (imp=0.379); tests_ma8=2.62 (imp=0.0883); tests_lag1=5 (imp=0.0273); tests_pct_estadual=0.197 (imp=0.414); tests=1 (imp=0.0167),Predito,sklearn_gb_pressao_familia_v1,pressao_v1
SENA MADUREIRA,tuberculose,2025,3,0.1934,0.25,False,baixa,2.21,4,tests_ma4=2.67 (imp=0.466); tests_ma8=2.67 (imp=0.272); tests=4 (imp=0.0222); tests_pct_estadual=0.673 (imp=0.11); indice_pressao_proxy=2.21 (imp=0.024),Predito,sklearn_gb_pressao_familia_v1,pressao_v1
COMODORO,outros,2026,35,0.1929,0.39999999999999997,False,baixa,9.11,5,tests_ma8=1.88 (imp=0.594); indice_pressao_proxy=9.11 (imp=0.0767); tests_ma4=2.25 (imp=0.0884); tests=5 (imp=0.0338); tests_pct_estadual=0.464 (imp=0.0633),Predito,sklearn_gb_pressao_familia_v1,pressao_v1
ROSARIO OESTE,arbovirose,2026,21,0.1926,0.44999999999999996,False,baixa,1.24,1,tests_ma4=2.25 (imp=0.379); tests_ma8=2.5 (imp=0.0883); tests_pct_estadual=0.179 (imp=0.414); tests_lag1=1 (imp=0.0273); indice_pressao_proxy=1.24 (imp=0.0141),Predito,sklearn_gb_pressao_familia_v1,pressao_v1
PIMENTA BUENO,arbovirose,2026,27,0.1926,0.44999999999999996,False,baixa,1.47,1,tests_ma4=2 (imp=0.379); tests_ma8=2.5 (imp=0.0883); tests_pct_estadual=0.167 (imp=0.414); tests_lag1=2 (imp=0.0273); indice_pressao_proxy=1.47 (imp=0.0141),Predito,sklearn_gb_pressao_familia_v1,pressao_v1
LONDRINA,arbovirose,2026,11,0.1926,0.44999999999999996,False,baixa,0.87,1,tests_ma4=2.25 (imp=0.379); tests_ma8=2.4 (imp=0.0883); tests_pct_estadual=0.174 (imp=0.414); tests_lag1=2 (imp=0.0273); tests=1 (imp=0.0167),Predito,sklearn_gb_pressao_familia_v1,pressao_v1
IPIRANGA DO NORTE,arbovirose,2026,35,0.1926,0.44999999999999996,False,baixa,0.86,1,tests_ma4=2.25 (imp=0.379); tests_ma8=3.38 (imp=0.0883); tests_pct_estadual=0.174 (imp=0.414); tests_lag1=2 (imp=0.0273); tests_trend=-1.12 (imp=0.0236),Predito,sklearn_gb_pressao_familia_v1,pressao_v1
MIRASSOL D''OESTE,arbovirose,2026,35,0.1919,0.44999999999999996,False,baixa,1.73,2,tests_ma4=3.25 (imp=0.379); tests_ma8=2.88 (imp=0.0883); tests_pct_estadual=0.348 (imp=0.414); tests_lag1=3 (imp=0.0273); tests=2 (imp=0.0167),Predito,sklearn_gb_pressao_familia_v1,pressao_v1
COLNIZA,tuberculose,2026,36,0.1916,0.25,False,baixa,1.09,1,tests_ma8=3.62 (imp=0.272); tests_ma4=1.5 (imp=0.466); tests_trend=-2.12 (imp=0.0303); tests_lag1=3 (imp=0.0179); indice_pressao_proxy=1.09 (imp=0.024),Predito,sklearn_gb_pressao_familia_v1,pressao_v1
SANTO ANTONIO DO LESTE,hepatite,2026,29,0.1902,0.35,False,baixa,2.52,1,tests_ma8=3.5 (imp=0.486); tests_ma4=3.5 (imp=0.306); indice_pressao_proxy=2.52 (imp=0.0338); tests_lag1=1 (imp=0.0495); tests=1 (imp=0.0458),Predito,sklearn_gb_pressao_familia_v1,pressao_v1
NOVA CANAA DO NORTE,tuberculose,2026,25,0.1902,0.25,False,baixa,5.37,3,tests_ma4=2.25 (imp=0.466); tests_ma8=2.25 (imp=0.272); indice_pressao_proxy=5.37 (imp=0.024); tests_pct_estadual=0.644 (imp=0.11); tests=3 (imp=0.0222),Predito,sklearn_gb_pressao_familia_v1,pressao_v1
CLAUDIA,tuberculose,2026,36,0.1889,0.25,False,baixa,2.18,2,tests_ma4=3.75 (imp=0.466); tests_ma8=2.62 (imp=0.272); tests_lag1=6 (imp=0.0179); tests_pct_estadual=0.49 (imp=0.11); indice_pressao_proxy=2.18 (imp=0.024),Predito,sklearn_gb_pressao_familia_v1,pressao_v1
BELEM,tuberculose,2026,34,0.1888,0.25,False,baixa,1.52,1,tests_ma4=2.75 (imp=0.466); tests_ma8=2.62 (imp=0.272); indice_pressao_proxy=1.52 (imp=0.024); tests_pct_estadual=0.225 (imp=0.11); tests=1 (imp=0.0222),Predito,sklearn_gb_pressao_familia_v1,pressao_v1
BRASILIA,arbovirose,2026,24,0.1886,0.44999999999999996,False,baixa,1.55,2,tests_ma4=3 (imp=0.379); tests_ma8=2.12 (imp=0.0883); tests_pct_estadual=0.417 (imp=0.414); tests_lag1=3 (imp=0.0273); tests=2 (imp=0.0167),Predito,sklearn_gb_pressao_familia_v1,pressao_v1
CHAPECO,arbovirose,2026,17,0.1885,0.44999999999999996,False,baixa,2.66,2,tests_ma4=1.75 (imp=0.379); tests_ma8=2.88 (imp=0.0883); tests_pct_estadual=0.308 (imp=0.414); indice_pressao_proxy=2.66 (imp=0.0141); tests=2 (imp=0.0167),Predito,sklearn_gb_pressao_familia_v1,pressao_v1
BOM JESUS DO ARAGUAIA,tuberculose,2026,28,0.1862,0.25,False,baixa,2.45,1,tests_ma4=2 (imp=0.466); tests_ma8=2.25 (imp=0.272); indice_pressao_proxy=2.45 (imp=0.024); tests_lag1=3 (imp=0.0179); tests_pct_estadual=0.259 (imp=0.11),Predito,sklearn_gb_pressao_familia_v1,pressao_v1
PONTAL DO ARAGUAIA,tuberculose,2025,23,0.1858,0.25,False,baixa,1.04,1,tests_ma4=2.5 (imp=0.466); tests_ma8=2.62 (imp=0.272); indice_pressao_proxy=1.04 (imp=0.024); tests=1 (imp=0.0222); tests_pct_estadual=0.202 (imp=0.11),Predito,sklearn_gb_pressao_familia_v1,pressao_v1
SAO LUDGERO,arbovirose,2025,23,0.1856,0.44999999999999996,False,baixa,0.22,1,tests_ma4=1.75 (imp=0.379); tests_ma8=2.4 (imp=0.0883); tests_pct_estadual=0.178 (imp=0.414); tests_lag1=1 (imp=0.0273); tests=1 (imp=0.0167),Predito,sklearn_gb_pressao_familia_v1,pressao_v1
PEDRA AZUL,arbovirose,2025,9,0.1852,0.44999999999999996,False,baixa,1.47,5,tests_ma4=3.33 (imp=0.379); tests_ma8=3.33 (imp=0.0883); tests_pct_estadual=0.675 (imp=0.414); tests=5 (imp=0.0167); tests_lag1=2 (imp=0.0273),Predito,sklearn_gb_pressao_familia_v1,pressao_v1
FELIZ NATAL,arbovirose,2026,29,0.1834,0.44999999999999996,False,baixa,1.06,1,tests_ma4=3.75 (imp=0.379); tests_ma8=3.12 (imp=0.0883); tests_pct_estadual=0.156 (imp=0.414); tests_lag1=1 (imp=0.0273); tests=1 (imp=0.0167),Predito,sklearn_gb_pressao_familia_v1,pressao_v1
POCONE,tuberculose,2026,36,0.1825,0.25,False,baixa,2.18,2,tests_ma4=2.75 (imp=0.466); tests_ma8=2.5 (imp=0.272); tests_pct_estadual=0.49 (imp=0.11); indice_pressao_proxy=2.18 (imp=0.024); tests=2 (imp=0.0222),Predito,sklearn_gb_pressao_familia_v1,pressao_v1
TRES LAGOAS,outros,2026,18,0.1821,0.39999999999999997,False,baixa,23.65,12,indice_pressao_proxy=23.6 (imp=0.0767); tests_ma4=8.5 (imp=0.0884); tests=12 (imp=0.0338); tests_lag1=5 (imp=0.0272); tests_ma8=nan (imp=0.594),Predito,sklearn_gb_pressao_familia_v1,pressao_v1
RONDONOPOLIS,respiratorio,2026,36,0.1819,0.35,False,baixa,5.06,2,tests_pct_estadual=0.793 (imp=0.468); tests_ma8=1.5 (imp=0.212); indice_pressao_proxy=5.06 (imp=0.0587); tests_ma4=1.25 (imp=0.0783); tests=2 (imp=0.0304),Predito,sklearn_gb_pressao_familia_v1,pressao_v1
SANTO AFONSO,outros,2026,33,0.1815,0.39999999999999997,False,baixa,2.25,1,tests_ma8=1.8 (imp=0.594); tests_ma4=2 (imp=0.0884); indice_pressao_proxy=2.25 (imp=0.0767); tests=1 (imp=0.0338); tests_lag1=1 (imp=0.0272),Predito,sklearn_gb_pressao_familia_v1,pressao_v1
NOVA GUARITA,tuberculose,2026,14,0.1809,0.25,False,baixa,0.78,1,tests_ma4=4.25 (imp=0.466); tests_ma8=3.6 (imp=0.272); tests_lag1=2 (imp=0.0179); tests_pct_estadual=0.22 (imp=0.11); tests=1 (imp=0.0222),Predito,sklearn_gb_pressao_familia_v1,pressao_v1
JUARA,tuberculose,2026,35,0.1788,0.25,False,baixa,2.08,1,tests_ma4=3.5 (imp=0.466); tests_ma8=3 (imp=0.272); indice_pressao_proxy=2.08 (imp=0.024); tests_lag1=2 (imp=0.0179); tests=1 (imp=0.0222),Predito,sklearn_gb_pressao_familia_v1,pressao_v1
CURITIBA,arbovirose,2026,27,0.1781,0.44999999999999996,False,baixa,2.94,2,tests_ma4=2 (imp=0.379); tests_ma8=2.5 (imp=0.0883); tests_pct_estadual=0.364 (imp=0.414); tests_lag1=2 (imp=0.0273); indice_pressao_proxy=2.94 (imp=0.0141),Predito,sklearn_gb_pressao_familia_v1,pressao_v1
ROSARIO OESTE,tuberculose,2026,36,0.177,0.25,False,baixa,2.18,2,tests_ma4=3 (imp=0.466); tests_ma8=2.25 (imp=0.272); tests_lag1=3 (imp=0.0179); tests_pct_estadual=0.49 (imp=0.11); indice_pressao_proxy=2.18 (imp=0.024),Predito,sklearn_gb_pressao_familia_v1,pressao_v1
RIO BRANCO,arbovirose,2026,34,0.177,0.44999999999999996,False,baixa,0.67,1,tests_ma4=1.75 (imp=0.379); tests_ma8=2.5 (imp=0.0883); tests_pct_estadual=0.0909 (imp=0.414); tests_lag1=1 (imp=0.0273); tests_trend=-0.75 (imp=0.0236),Predito,sklearn_gb_pressao_familia_v1,pressao_v1
DOM AQUINO,arbovirose,2025,17,0.1749,0.44999999999999996,False,baixa,0.38,2,tests_ma4=1.75 (imp=0.379); tests_ma8=3 (imp=0.0883); tests_pct_estadual=0.247 (imp=0.414); tests_lag1=2 (imp=0.0273); tests=2 (imp=0.0167),Predito,sklearn_gb_pressao_familia_v1,pressao_v1
BRASNORTE,outros,2026,29,0.1746,0.39999999999999997,False,baixa,4.12,2,tests_ma8=2.25 (imp=0.594); indice_pressao_proxy=4.12 (imp=0.0767); tests_ma4=2.25 (imp=0.0884); tests_lag1=3 (imp=0.0272); tests=2 (imp=0.0338),Predito,sklearn_gb_pressao_familia_v1,pressao_v1
CASTANHAL,arbovirose,2026,3,0.1745,0.44999999999999996,False,baixa,1.85,1,tests_ma4=2.75 (imp=0.379); tests_ma8=2.75 (imp=0.0883); tests_lag1=3 (imp=0.0273); tests_pct_estadual=0.16 (imp=0.414); indice_pressao_proxy=1.85 (imp=0.0141),Predito,sklearn_gb_pressao_familia_v1,pressao_v1
NOVA BRASILANDIA,respiratorio,2026,36,0.1744,0.35,False,baixa,5.06,2,tests_pct_estadual=0.793 (imp=0.468); indice_pressao_proxy=5.06 (imp=0.0587); tests_ma8=1.2 (imp=0.212); tests_ma4=1.25 (imp=0.0783); tests=2 (imp=0.0304),Predito,sklearn_gb_pressao_familia_v1,pressao_v1
JURUENA,arbovirose,2025,31,0.1742,0.44999999999999996,False,baixa,1.64,3,tests_ma4=4.5 (imp=0.379); tests_ma8=3.38 (imp=0.0883); tests_lag1=6 (imp=0.0273); tests=3 (imp=0.0167); tests_pct_estadual=0.115 (imp=0.414),Predito,sklearn_gb_pressao_familia_v1,pressao_v1
PORTO ESTRELA,tuberculose,2026,30,0.1731,0.25,False,baixa,2.92,1,tests_ma4=1.75 (imp=0.466); tests_ma8=2.75 (imp=0.272); indice_pressao_proxy=2.92 (imp=0.024); tests_trend=-1 (imp=0.0303); tests_pct_estadual=0.212 (imp=0.11),Predito,sklearn_gb_pressao_familia_v1,pressao_v1
RIO VERDE,arbovirose,2025,21,0.172,0.44999999999999996,False,baixa,0.87,5,tests_ma4=2.75 (imp=0.379); tests_pct_estadual=0.674 (imp=0.414); tests_ma8=2.25 (imp=0.0883); tests_lag1=4 (imp=0.0273); tests=5 (imp=0.0167),Predito,sklearn_gb_pressao_familia_v1,pressao_v1
NOVA BANDEIRANTES,arbovirose,2026,16,0.1708,0.44999999999999996,False,baixa,0.74,1,tests_ma4=1.75 (imp=0.379); tests_ma8=2.88 (imp=0.0883); tests_pct_estadual=0.156 (imp=0.414); tests_lag1=1 (imp=0.0273); tests_trend=-1.12 (imp=0.0236),Predito,sklearn_gb_pressao_familia_v1,pressao_v1
SORRISO,respiratorio,2026,35,0.17,0.35,False,baixa,5.0,2,tests_ma8=3.12 (imp=0.212); tests_pct_estadual=0.733 (imp=0.468); indice_pressao_proxy=5 (imp=0.0587); tests_ma4=1.75 (imp=0.0783); tests_lag1=2 (imp=0.0454),Predito,sklearn_gb_pressao_familia_v1,pressao_v1
VERA,respiratorio,2026,35,0.17,0.35,False,baixa,5.0,2,tests_ma8=3.17 (imp=0.212); tests_pct_estadual=0.733 (imp=0.468); indice_pressao_proxy=5 (imp=0.0587); tests_trend=-1.92 (imp=0.0585); tests_ma4=1.25 (imp=0.0783),Predito,sklearn_gb_pressao_familia_v1,pressao_v1
APIACAS,arbovirose,2026,33,0.1697,0.44999999999999996,False,baixa,1.67,2,tests_ma4=2.75 (imp=0.379); tests_ma8=5.25 (imp=0.0883); tests_pct_estadual=0.409 (imp=0.414); tests_lag1=3 (imp=0.0273); tests_trend=-2.5 (imp=0.0236),Predito,sklearn_gb_pressao_familia_v1,pressao_v1
FOZ DO IGUACU,tuberculose,2026,21,0.1689,0.25,False,baixa,4.71,2,tests_ma4=2.33 (imp=0.466); tests_ma8=2.33 (imp=0.272); indice_pressao_proxy=4.71 (imp=0.024); tests_pct_estadual=0.555 (imp=0.11); tests=2 (imp=0.0222),Predito,sklearn_gb_pressao_familia_v1,pressao_v1
CASCAVEL,tuberculose,2026,33,0.1688,0.25,False,baixa,1.23,1,tests_ma4=1 (imp=0.466); tests_ma8=1.25 (imp=0.272); indice_pressao_proxy=1.23 (imp=0.024); tests_pct_estadual=0.242 (imp=0.11); tests=1 (imp=0.0222),Predito,sklearn_gb_pressao_familia_v1,pressao_v1
SAO JOSE DO RIO CLARO,outros,2026,28,0.1688,0.39999999999999997,False,baixa,1.47,1,tests_ma8=1.88 (imp=0.594); tests_ma4=2 (imp=0.0884); indice_pressao_proxy=1.47 (imp=0.0767); tests_lag1=2 (imp=0.0272); tests=1 (imp=0.0338),Predito,sklearn_gb_pressao_familia_v1,pressao_v1
OURINHOS,arbovirose,2025,23,0.1681,0.44999999999999996,False,baixa,0.22,1,tests_ma4=2 (imp=0.379); tests_ma8=2.67 (imp=0.0883); tests_pct_estadual=0.178 (imp=0.414); tests_lag1=2 (imp=0.0273); tests=1 (imp=0.0167),Predito,sklearn_gb_pressao_familia_v1,pressao_v1
FORTALEZA,arbovirose,2025,23,0.1681,0.44999999999999996,False,baixa,0.22,1,tests_ma4=2 (imp=0.379); tests_ma8=2.43 (imp=0.0883); tests_pct_estadual=0.178 (imp=0.414); tests_lag1=1 (imp=0.0273); tests=1 (imp=0.0167),Predito,sklearn_gb_pressao_familia_v1,pressao_v1
SANTO ANTONIO DO LESTE,tuberculose,2026,32,0.1681,0.25,False,baixa,4.46,4,tests_ma4=2 (imp=0.466); tests_ma8=2.12 (imp=0.272); indice_pressao_proxy=4.46 (imp=0.024); tests=4 (imp=0.0222); tests_pct_estadual=0.702 (imp=0.11),Predito,sklearn_gb_pressao_familia_v1,pressao_v1
VILHENA,outros,2026,32,0.1667,0.39999999999999997,False,baixa,5.66,4,tests_ma8=1.75 (imp=0.594); indice_pressao_proxy=5.66 (imp=0.0767); tests_ma4=1.75 (imp=0.0884); tests=4 (imp=0.0338); tests_pct_estadual=0.479 (imp=0.0633),Predito,sklearn_gb_pressao_familia_v1,pressao_v1
GUIRATINGA,tuberculose,2026,36,0.1666,0.25,False,baixa,1.09,1,tests_ma8=2.62 (imp=0.272); tests_ma4=1.5 (imp=0.466); tests_trend=-1.12 (imp=0.0303); indice_pressao_proxy=1.09 (imp=0.024); tests=1 (imp=0.0222),Predito,sklearn_gb_pressao_familia_v1,pressao_v1
PORTO VELHO,tuberculose,2026,36,0.1664,0.25,False,baixa,6.54,6,tests_ma4=2.75 (imp=0.466); tests_ma8=2 (imp=0.272); indice_pressao_proxy=6.54 (imp=0.024); tests=6 (imp=0.0222); tests_pct_estadual=0.76 (imp=0.11),Predito,sklearn_gb_pressao_familia_v1,pressao_v1
PEDRA PRETA,arbovirose,2026,16,0.1648,0.44999999999999996,False,baixa,1.48,2,tests_ma4=4.25 (imp=0.379); tests_ma8=4.88 (imp=0.0883); tests_pct_estadual=0.344 (imp=0.414); tests_lag1=5 (imp=0.0273); tests=2 (imp=0.0167),Predito,sklearn_gb_pressao_familia_v1,pressao_v1
SANTA HELENA DE GOIAS,arbovirose,2025,24,0.1644,0.44999999999999996,False,baixa,1.11,3,tests_ma4=2.75 (imp=0.379); tests_ma8=2.75 (imp=0.0883); tests_pct_estadual=0.522 (imp=0.414); tests_lag1=3 (imp=0.0273); tests=3 (imp=0.0167),Predito,sklearn_gb_pressao_familia_v1,pressao_v1
UNIAO DO SUL,tuberculose,2026,31,0.1634,0.25,False,baixa,8.0,2,tests_ma4=3 (imp=0.466); tests_ma8=2.12 (imp=0.272); indice_pressao_proxy=8 (imp=0.024); tests_lag1=7 (imp=0.0179); tests_pct_estadual=0.643 (imp=0.11),Predito,sklearn_gb_pressao_familia_v1,pressao_v1
SANTA RITA DO TRIVELATO,tuberculose,2025,44,0.1633,0.25,False,baixa,8.57,3,tests_ma4=2 (imp=0.466); tests_ma8=2 (imp=0.272); indice_pressao_proxy=8.57 (imp=0.024); tests_pct_estadual=0.702 (imp=0.11); tests=3 (imp=0.0222),Predito,sklearn_gb_pressao_familia_v1,pressao_v1
BARRA DO GARCAS,arbovirose,2026,36,0.1632,0.44999999999999996,False,baixa,3.37,3,tests_ma4=3.25 (imp=0.379); tests_ma8=3.12 (imp=0.0883); tests_pct_estadual=0.364 (imp=0.414); tests_lag1=4 (imp=0.0273); tests=3 (imp=0.0167),Predito,sklearn_gb_pressao_familia_v1,pressao_v1
CAIBI,arbovirose,2025,9,0.1629,0.44999999999999996,False,baixa,1.17,4,tests_ma4=3 (imp=0.379); tests_ma8=3 (imp=0.0883); tests_pct_estadual=0.631 (imp=0.414); tests=4 (imp=0.0167); tests_lag1=2 (imp=0.0273),Predito,sklearn_gb_pressao_familia_v1,pressao_v1
BARRETOS,arbovirose,2025,8,0.1629,0.44999999999999996,False,baixa,1.18,4,tests_ma4=3.67 (imp=0.379); tests_ma8=3.67 (imp=0.0883); tests_pct_estadual=0.564 (imp=0.414); tests=4 (imp=0.0167); tests_lag1=2 (imp=0.0273),Predito,sklearn_gb_pressao_familia_v1,pressao_v1
PIMENTA BUENO,tuberculose,2026,25,0.1628,0.25,False,baixa,1.79,1,tests_ma4=1 (imp=0.466); tests_ma8=1.17 (imp=0.272); indice_pressao_proxy=1.79 (imp=0.024); tests_pct_estadual=0.239 (imp=0.11); tests=1 (imp=0.0222),Predito,sklearn_gb_pressao_familia_v1,pressao_v1
NOVO SAO JOAQUIM,tuberculose,2026,33,0.1628,0.25,False,baixa,1.23,1,tests_ma4=1 (imp=0.466); tests_ma8=1.2 (imp=0.272); indice_pressao_proxy=1.23 (imp=0.024); tests_pct_estadual=0.242 (imp=0.11); tests=1 (imp=0.0222),Predito,sklearn_gb_pressao_familia_v1,pressao_v1
ITIQUIRA,tuberculose,2026,35,0.1623,0.25,False,baixa,2.08,1,tests_ma8=3.5 (imp=0.272); tests_ma4=1.75 (imp=0.466); tests_trend=-1.75 (imp=0.0303); indice_pressao_proxy=2.08 (imp=0.024); tests=1 (imp=0.0222),Predito,sklearn_gb_pressao_familia_v1,pressao_v1
RIBEIRAOZINHO,tuberculose,2026,31,0.1623,0.25,False,baixa,4.0,1,tests_ma4=1 (imp=0.466); tests_ma8=1.4 (imp=0.272); indice_pressao_proxy=4 (imp=0.024); tests_pct_estadual=0.262 (imp=0.11); tests=1 (imp=0.0222),Predito,sklearn_gb_pressao_familia_v1,pressao_v1
SANTA TEREZINHA,arbovirose,2025,22,0.1621,0.44999999999999996,False,baixa,1.47,6,tests_ma4=2.75 (imp=0.379); tests_pct_estadual=0.662 (imp=0.414); tests_ma8=2.88 (imp=0.0883); tests=6 (imp=0.0167); tests_lag1=2 (imp=0.0273),Predito,sklearn_gb_pressao_familia_v1,pressao_v1
FIGUEIROPOLIS D''OESTE,arbovirose,2026,14,0.1616,0.44999999999999996,False,baixa,3.97,5,tests_ma4=2 (imp=0.379); tests_pct_estadual=0.544 (imp=0.414); tests_ma8=2.12 (imp=0.0883); tests=5 (imp=0.0167); indice_pressao_proxy=3.97 (imp=0.0141),Predito,sklearn_gb_pressao_familia_v1,pressao_v1
ACRELANDIA,arbovirose,2026,16,0.1616,0.44999999999999996,False,baixa,2.22,3,tests_ma4=2.33 (imp=0.379); tests_ma8=2.33 (imp=0.0883); tests_pct_estadual=0.433 (imp=0.414); tests_lag1=2 (imp=0.0273); tests=3 (imp=0.0167),Predito,sklearn_gb_pressao_familia_v1,pressao_v1
COCALZINHO DE GOIAS,arbovirose,2025,18,0.1615,0.44999999999999996,False,baixa,0.77,4,tests_ma4=3.33 (imp=0.379); tests_ma8=3.33 (imp=0.0883); tests_pct_estadual=0.49 (imp=0.414); tests_lag1=3 (imp=0.0273); tests=4 (imp=0.0167),Predito,sklearn_gb_pressao_familia_v1,pressao_v1
CARAPICUIBA,arbovirose,2025,12,0.1615,0.44999999999999996,False,baixa,0.68,3,tests_ma4=4 (imp=0.379); tests_ma8=4 (imp=0.0883); tests_pct_estadual=0.466 (imp=0.414); tests_lag1=4 (imp=0.0273); tests=3 (imp=0.0167),Predito,sklearn_gb_pressao_familia_v1,pressao_v1
SAO PEDRO DO IGUACU,arbovirose,2025,14,0.1615,0.44999999999999996,False,baixa,0.62,4,tests_ma4=3.33 (imp=0.379); tests_ma8=3.33 (imp=0.0883); tests_pct_estadual=0.54 (imp=0.414); tests_lag1=3 (imp=0.0273); tests=4 (imp=0.0167),Predito,sklearn_gb_pressao_familia_v1,pressao_v1
VOLTA REDONDA,arbovirose,2025,14,0.1615,0.44999999999999996,False,baixa,0.93,6,tests_ma4=4 (imp=0.379); tests_ma8=4 (imp=0.0883); tests_pct_estadual=0.63 (imp=0.414); tests=6 (imp=0.0167); tests_lag1=3 (imp=0.0273),Predito,sklearn_gb_pressao_familia_v1,pressao_v1
MORRINHOS,arbovirose,2025,5,0.1615,0.44999999999999996,False,baixa,1.02,3,tests_ma4=3 (imp=0.379); tests_ma8=3 (imp=0.0883); tests_pct_estadual=0.508 (imp=0.414); tests_lag1=3 (imp=0.0273); tests=3 (imp=0.0167),Predito,sklearn_gb_pressao_familia_v1,pressao_v1
FENIX,arbovirose,2025,51,0.1613,0.44999999999999996,False,baixa,12.83,6,tests=6 (imp=0.0167); tests_lag1=nan (imp=0.0273); tests_ma4=nan (imp=0.379); tests_ma8=nan (imp=0.0883); tests_trend=nan (imp=0.0236),Predito,sklearn_gb_pressao_familia_v1,pressao_v1
SAO LUIS DE MONTES BELOS,tuberculose,2026,22,0.161,0.25,False,baixa,2.31,1,tests_ma4=2.25 (imp=0.466); tests_ma8=2.25 (imp=0.272); indice_pressao_proxy=2.31 (imp=0.024); tests_lag1=3 (imp=0.0179); tests_pct_estadual=0.27 (imp=0.11),Predito,sklearn_gb_pressao_familia_v1,pressao_v1
BARRA DO CORDA,arbovirose,2025,46,0.1607,0.44999999999999996,False,baixa,2.87,4,tests_ma4=4.67 (imp=0.379); tests_ma8=4.67 (imp=0.0883); tests_pct_estadual=0.3 (imp=0.414); tests_lag1=3 (imp=0.0273); tests=4 (imp=0.0167),Predito,sklearn_gb_pressao_familia_v1,pressao_v1
ROLIM DE MOURA,arbovirose,2025,23,0.1605,0.44999999999999996,False,baixa,0.22,1,tests_ma4=2 (imp=0.379); tests_ma8=2.25 (imp=0.0883); tests_pct_estadual=0.178 (imp=0.414); tests_lag1=1 (imp=0.0273); tests=1 (imp=0.0167),Predito,sklearn_gb_pressao_familia_v1,pressao_v1
IGARAPE DO MEIO,arbovirose,2025,22,0.1599,0.44999999999999996,False,baixa,0.98,4,tests_ma4=2.67 (imp=0.379); tests_pct_estadual=0.583 (imp=0.414); tests_ma8=2.67 (imp=0.0883); tests=4 (imp=0.0167); tests_lag1=2 (imp=0.0273),Predito,sklearn_gb_pressao_familia_v1,pressao_v1
TABOAO DA SERRA,arbovirose,2025,5,0.1599,0.44999999999999996,False,baixa,1.02,3,tests_ma4=3.67 (imp=0.379); tests_ma8=3.67 (imp=0.0883); tests_pct_estadual=0.508 (imp=0.414); tests=3 (imp=0.0167); tests_lag1=1 (imp=0.0273),Predito,sklearn_gb_pressao_familia_v1,pressao_v1
CURITIBA,hepatite,2026,34,0.1599,0.35,False,baixa,2.17,1,tests_ma8=2.67 (imp=0.486); tests_ma4=2.67 (imp=0.306); indice_pressao_proxy=2.17 (imp=0.0338); tests_lag1=1 (imp=0.0495); tests=1 (imp=0.0458),Predito,sklearn_gb_pressao_familia_v1,pressao_v1
BREJOLANDIA,arbovirose,2025,18,0.1599,0.44999999999999996,False,baixa,0.96,5,tests_ma4=3.33 (imp=0.379); tests_ma8=3.33 (imp=0.0883); tests_pct_estadual=0.543 (imp=0.414); tests=5 (imp=0.0167); tests_lag1=2 (imp=0.0273),Predito,sklearn_gb_pressao_familia_v1,pressao_v1
CHUPINGUAIA,arbovirose,2025,14,0.1599,0.44999999999999996,False,baixa,0.93,6,tests_ma4=2.67 (imp=0.379); tests_pct_estadual=0.63 (imp=0.414); tests_ma8=2.67 (imp=0.0883); tests=6 (imp=0.0167); tests_lag1=1 (imp=0.0273),Predito,sklearn_gb_pressao_familia_v1,pressao_v1
MACAPA,arbovirose,2025,23,0.1599,0.44999999999999996,False,baixa,0.66,3,tests_ma4=3 (imp=0.379); tests_ma8=3 (imp=0.0883); tests_pct_estadual=0.618 (imp=0.414); tests=3 (imp=0.0167); tests_lag1=1 (imp=0.0273),Predito,sklearn_gb_pressao_familia_v1,pressao_v1
JUARA,outros,2026,36,0.1594,0.39999999999999997,False,baixa,1.5,2,tests_ma8=7.88 (imp=0.594); tests_ma4=9.5 (imp=0.0884); tests_lag1=23 (imp=0.0272); indice_pressao_proxy=1.5 (imp=0.0767); tests=2 (imp=0.0338),Predito,sklearn_gb_pressao_familia_v1,pressao_v1
CLAUDIA,hepatite,2026,35,0.1594,0.35,False,baixa,1.48,1,tests_ma8=2.25 (imp=0.486); tests_ma4=3 (imp=0.306); tests_lag1=9 (imp=0.0495); indice_pressao_proxy=1.48 (imp=0.0338); tests=1 (imp=0.0458),Predito,sklearn_gb_pressao_familia_v1,pressao_v1
BELEM,arbovirose,2026,28,0.159,0.44999999999999996,False,baixa,0.83,1,tests_ma4=1.75 (imp=0.379); tests_ma8=2 (imp=0.0883); tests_lag1=3 (imp=0.0273); tests_pct_estadual=0.163 (imp=0.414); tests=1 (imp=0.0167),Predito,sklearn_gb_pressao_familia_v1,pressao_v1
CORUMBA,arbovirose,2026,14,0.1585,0.44999999999999996,False,baixa,0.79,1,tests_ma4=3 (imp=0.379); tests_ma8=3.62 (imp=0.0883); tests_lag1=7 (imp=0.0273); tests_pct_estadual=0.1 (imp=0.414); tests=1 (imp=0.0167),Predito,sklearn_gb_pressao_familia_v1,pressao_v1
CACOAL,arbovirose,2025,28,0.1573,0.44999999999999996,False,baixa,2.01,4,tests_ma4=4.25 (imp=0.379); tests_ma8=4.5 (imp=0.0883); tests_pct_estadual=0.373 (imp=0.414); tests=4 (imp=0.0167); indice_pressao_proxy=2.01 (imp=0.0141),Predito,sklearn_gb_pressao_familia_v1,pressao_v1
ZE DOCA,arbovirose,2025,23,0.157,0.44999999999999996,False,baixa,1.1,5,tests_ma4=2.5 (imp=0.379); tests_pct_estadual=0.701 (imp=0.414); tests_ma8=2.2 (imp=0.0883); tests=5 (imp=0.0167); tests_lag1=3 (imp=0.0273),Predito,sklearn_gb_pressao_familia_v1,pressao_v1
FORTUNA,arbovirose,2025,24,0.1563,0.44999999999999996,False,baixa,0.74,2,tests_ma4=3.5 (imp=0.379); tests_ma8=3.5 (imp=0.0883); tests_pct_estadual=0.375 (imp=0.414); tests=2 (imp=0.0167); tests_lag1=1 (imp=0.0273),Predito,sklearn_gb_pressao_familia_v1,pressao_v1
ARIPUANA,arbovirose,2025,24,0.1563,0.44999999999999996,False,baixa,0.74,2,tests_ma4=3.75 (imp=0.379); tests_ma8=5.88 (imp=0.0883); tests_pct_estadual=0.375 (imp=0.414); tests_lag1=2 (imp=0.0273); tests_trend=-2.12 (imp=0.0236),Predito,sklearn_gb_pressao_familia_v1,pressao_v1
BURITI,arbovirose,2025,16,0.1563,0.44999999999999996,False,baixa,0.63,2,tests_ma4=3 (imp=0.379); tests_ma8=3 (imp=0.0883); tests_pct_estadual=0.406 (imp=0.414); tests_lag1=2 (imp=0.0273); tests=2 (imp=0.0167),Predito,sklearn_gb_pressao_familia_v1,pressao_v1
BOA VISTA,tuberculose,2026,34,0.1562,0.25,False,baixa,1.52,1,tests_ma8=2.62 (imp=0.272); tests_ma4=1.25 (imp=0.466); tests_trend=-1.38 (imp=0.0303); indice_pressao_proxy=1.52 (imp=0.024); tests_pct_estadual=0.225 (imp=0.11),Predito,sklearn_gb_pressao_familia_v1,pressao_v1
VILA BELA DA SANTISSIMA TRINDADE,tuberculose,2026,34,0.1562,0.25,False,baixa,1.52,1,tests_ma8=2.62 (imp=0.272); tests_ma4=1.25 (imp=0.466); tests_trend=-1.38 (imp=0.0303); indice_pressao_proxy=1.52 (imp=0.024); tests_pct_estadual=0.225 (imp=0.11),Predito,sklearn_gb_pressao_familia_v1,pressao_v1
PARANATINGA,arbovirose,2026,29,0.156,0.44999999999999996,False,baixa,1.06,1,tests_ma4=2.75 (imp=0.379); tests_ma8=2.75 (imp=0.0883); tests_lag1=6 (imp=0.0273); tests_pct_estadual=0.156 (imp=0.414); tests=1 (imp=0.0167),Predito,sklearn_gb_pressao_familia_v1,pressao_v1
JAURU,arbovirose,2026,29,0.156,0.44999999999999996,False,baixa,1.06,1,tests_ma4=2.75 (imp=0.379); tests_ma8=3.5 (imp=0.0883); tests_lag1=5 (imp=0.0273); tests_pct_estadual=0.156 (imp=0.414); tests_trend=-0.75 (imp=0.0236),Predito,sklearn_gb_pressao_familia_v1,pressao_v1
CAMPINAPOLIS,respiratorio,2026,32,0.1556,0.35,False,baixa,2.85,1,tests_ma8=3.5 (imp=0.212); tests_pct_estadual=0.4 (imp=0.468); tests_ma4=2.25 (imp=0.0783); indice_pressao_proxy=2.85 (imp=0.0587); tests_lag1=3 (imp=0.0454),Predito,sklearn_gb_pressao_familia_v1,pressao_v1
ACORIZAL,arbovirose,2026,23,0.1551,0.44999999999999996,False,baixa,0.96,1,tests_ma4=3.25 (imp=0.379); tests_ma8=3 (imp=0.0883); tests_lag1=5 (imp=0.0273); tests_pct_estadual=0.0862 (imp=0.414); tests=1 (imp=0.0167),Predito,sklearn_gb_pressao_familia_v1,pressao_v1
DOM AQUINO,tuberculose,2026,34,0.1548,0.25,False,baixa,1.52,1,tests_ma4=1 (imp=0.466); tests_ma8=1.25 (imp=0.272); indice_pressao_proxy=1.52 (imp=0.024); tests_pct_estadual=0.225 (imp=0.11); tests=1 (imp=0.0222),Predito,sklearn_gb_pressao_familia_v1,pressao_v1
NOVA BRASILANDIA,arbovirose,2026,14,0.1548,0.44999999999999996,False,baixa,0.79,1,tests_ma4=2.5 (imp=0.379); tests_ma8=6.12 (imp=0.0883); tests_trend=-3.62 (imp=0.0236); tests_lag1=3 (imp=0.0273); tests_pct_estadual=0.1 (imp=0.414),Predito,sklearn_gb_pressao_familia_v1,pressao_v1
GRAJAU,tuberculose,2026,34,0.1548,0.25,False,baixa,1.52,1,tests_ma4=1 (imp=0.466); tests_ma8=1.4 (imp=0.272); indice_pressao_proxy=1.52 (imp=0.024); tests_pct_estadual=0.225 (imp=0.11); tests=1 (imp=0.0222),Predito,sklearn_gb_pressao_familia_v1,pressao_v1
UBERLANDIA,tuberculose,2026,34,0.1548,0.25,False,baixa,1.52,1,tests_ma4=1 (imp=0.466); tests_ma8=1.29 (imp=0.272); indice_pressao_proxy=1.52 (imp=0.024); tests_pct_estadual=0.225 (imp=0.11); tests=1 (imp=0.0222),Predito,sklearn_gb_pressao_familia_v1,pressao_v1
NORTELANDIA,tuberculose,2026,34,0.1548,0.25,False,baixa,1.52,1,tests_ma4=1 (imp=0.466); tests_ma8=1.38 (imp=0.272); indice_pressao_proxy=1.52 (imp=0.024); tests_pct_estadual=0.225 (imp=0.11); tests=1 (imp=0.0222),Predito,sklearn_gb_pressao_familia_v1,pressao_v1
SETE QUEDAS,arbovirose,2025,8,0.1546,0.44999999999999996,False,baixa,0.59,2,tests_ma4=4 (imp=0.379); tests_ma8=4 (imp=0.0883); tests_pct_estadual=0.317 (imp=0.414); tests_lag1=3 (imp=0.0273); tests=2 (imp=0.0167),Predito,sklearn_gb_pressao_familia_v1,pressao_v1
MANAUS,arbovirose,2026,25,0.1546,0.44999999999999996,False,baixa,0.98,1,tests_ma4=2.5 (imp=0.379); tests_ma8=2.25 (imp=0.0883); tests_pct_estadual=0.182 (imp=0.414); tests_lag1=1 (imp=0.0273); tests=1 (imp=0.0167),Predito,sklearn_gb_pressao_familia_v1,pressao_v1
IPORA,tuberculose,2026,16,0.1541,0.25,False,baixa,4.09,4,tests_ma4=2.5 (imp=0.466); tests_ma8=2 (imp=0.272); indice_pressao_proxy=4.09 (imp=0.024); tests=4 (imp=0.0222); tests_lag1=4 (imp=0.0179),Predito,sklearn_gb_pressao_familia_v1,pressao_v1
LUZIANIA,arbovirose,2025,29,0.1534,0.44999999999999996,False,baixa,2.2,5,tests_ma4=3 (imp=0.379); tests_ma8=3 (imp=0.0883); tests_pct_estadual=0.404 (imp=0.414); tests=5 (imp=0.0167); tests_lag1=2 (imp=0.0273),Predito,sklearn_gb_pressao_familia_v1,pressao_v1
COMODORO,arbovirose,2026,19,0.1531,0.44999999999999996,False,baixa,2.8,3,tests_ma4=3.5 (imp=0.379); tests_ma8=8.75 (imp=0.0883); tests_pct_estadual=0.386 (imp=0.414); tests_trend=-5.25 (imp=0.0236); tests=3 (imp=0.0167),Predito,sklearn_gb_pressao_familia_v1,pressao_v1
RESERVA DO CABACAL,arbovirose,2025,28,0.1529,0.44999999999999996,False,baixa,1.5,3,tests_ma4=2.25 (imp=0.379); tests_ma8=3.25 (imp=0.0883); tests_pct_estadual=0.23 (imp=0.414); tests_lag1=2 (imp=0.0273); tests=3 (imp=0.0167),Predito,sklearn_gb_pressao_familia_v1,pressao_v1
SAO BERNARDO DO CAMPO,arbovirose,2025,29,0.1529,0.44999999999999996,False,baixa,1.32,3,tests_ma4=2.5 (imp=0.379); tests_ma8=2.5 (imp=0.0883); tests_pct_estadual=0.237 (imp=0.414); tests_lag1=2 (imp=0.0273); tests=3 (imp=0.0167),Predito,sklearn_gb_pressao_familia_v1,pressao_v1
PARANAITA,respiratorio,2026,25,0.1529,0.35,False,baixa,3.81,2,tests_ma8=3.25 (imp=0.212); tests_pct_estadual=0.714 (imp=0.468); indice_pressao_proxy=3.81 (imp=0.0587); tests_ma4=1.5 (imp=0.0783); tests_trend=-1.75 (imp=0.0585),Predito,sklearn_gb_pressao_familia_v1,pressao_v1
ASSIS BRASIL,arbovirose,2026,19,0.1528,0.44999999999999996,False,baixa,0.93,1,tests_ma4=3 (imp=0.379); tests_ma8=3 (imp=0.0883); tests_lag1=3 (imp=0.0273); tests_pct_estadual=0.136 (imp=0.414); tests=1 (imp=0.0167),Predito,sklearn_gb_pressao_familia_v1,pressao_v1
ALTA FLORESTA D''OESTE,tuberculose,2026,27,0.1525,0.25,False,baixa,12.62,5,tests_ma4=2 (imp=0.466); tests_ma8=2 (imp=0.272); indice_pressao_proxy=12.6 (imp=0.024); tests=5 (imp=0.0222); tests_pct_estadual=0.769 (imp=0.11),Predito,sklearn_gb_pressao_familia_v1,pressao_v1
JACAREACANGA,tuberculose,2025,22,0.1521,0.25,False,baixa,1.16,1,tests_ma4=2 (imp=0.466); tests_ma8=2 (imp=0.272); tests_lag1=4 (imp=0.0179); indice_pressao_proxy=1.16 (imp=0.024); tests_pct_estadual=0.242 (imp=0.11),Predito,sklearn_gb_pressao_familia_v1,pressao_v1
GUATAMBU,arbovirose,2026,9,0.1518,0.44999999999999996,False,baixa,9.64,6,tests=6 (imp=0.0167); tests_lag1=nan (imp=0.0273); tests_ma4=nan (imp=0.379); tests_ma8=nan (imp=0.0883); tests_trend=nan (imp=0.0236),Predito,sklearn_gb_pressao_familia_v1,pressao_v1
VALE DO ANARI,arbovirose,2026,17,0.1513,0.44999999999999996,False,baixa,1.33,1,tests_ma4=2.25 (imp=0.379); tests_ma8=2.8 (imp=0.0883); tests_pct_estadual=0.154 (imp=0.414); tests_lag1=1 (imp=0.0273); indice_pressao_proxy=1.33 (imp=0.0141),Predito,sklearn_gb_pressao_familia_v1,pressao_v1
BOA VISTA,arbovirose,2026,26,0.1513,0.44999999999999996,False,baixa,1.05,1,tests_ma4=2.25 (imp=0.379); tests_ma8=2.62 (imp=0.0883); tests_pct_estadual=0.141 (imp=0.414); tests_lag1=1 (imp=0.0273); tests=1 (imp=0.0167),Predito,sklearn_gb_pressao_familia_v1,pressao_v1
CRUZEIRO DO SUL,arbovirose,2026,26,0.1513,0.44999999999999996,False,baixa,1.05,1,tests_ma4=2 (imp=0.379); tests_ma8=2.8 (imp=0.0883); tests_pct_estadual=0.141 (imp=0.414); tests_lag1=1 (imp=0.0273); tests_trend=-0.8 (imp=0.0236),Predito,sklearn_gb_pressao_familia_v1,pressao_v1
UNIAO DO SUL,respiratorio,2026,17,0.1511,0.35,False,baixa,0.81,1,tests_ma8=4 (imp=0.212); tests_ma4=4 (imp=0.0783); tests_pct_estadual=0.308 (imp=0.468); indice_pressao_proxy=0.81 (imp=0.0587); tests_lag1=1 (imp=0.0454),Predito,sklearn_gb_pressao_familia_v1,pressao_v1
CAMPOS DE JULIO,arbovirose,2026,7,0.1511,0.44999999999999996,False,baixa,1.32,1,tests_ma4=3.5 (imp=0.379); tests_ma8=10 (imp=0.0883); tests_trend=-6.5 (imp=0.0236); tests_pct_estadual=0.114 (imp=0.414); tests_lag1=1 (imp=0.0273),Predito,sklearn_gb_pressao_familia_v1,pressao_v1
CAMPO GRANDE,arbovirose,2026,25,0.1505,0.44999999999999996,False,baixa,0.98,1,tests_ma4=2 (imp=0.379); tests_ma8=2.12 (imp=0.0883); tests_lag1=5 (imp=0.0273); tests_pct_estadual=0.182 (imp=0.414); tests=1 (imp=0.0167),Predito,sklearn_gb_pressao_familia_v1,pressao_v1
NOVO SANTO ANTONIO,hepatite,2026,31,0.1496,0.35,False,baixa,13.33,2,tests_ma8=2.38 (imp=0.486); indice_pressao_proxy=13.3 (imp=0.0338); tests_ma4=1.25 (imp=0.306); tests=2 (imp=0.0458); tests_lag1=1 (imp=0.0495),Predito,sklearn_gb_pressao_familia_v1,pressao_v1
INDIAVAI,respiratorio,2024,50,0.1496,0.35,False,baixa,15.69,2,tests_pct_estadual=0.5 (imp=0.468); tests_ma4=2.5 (imp=0.0783); tests_lag1=3 (imp=0.0454); tests=2 (imp=0.0304); tests_ma8=nan (imp=0.212),Predito,sklearn_gb_pressao_familia_v1,pressao_v1
IPIRANGA DO NORTE,tuberculose,2026,28,0.149,0.25,False,baixa,2.45,1,tests_ma4=1.5 (imp=0.466); tests_ma8=2.25 (imp=0.272); indice_pressao_proxy=2.45 (imp=0.024); tests_lag1=2 (imp=0.0179); tests_pct_estadual=0.259 (imp=0.11),Predito,sklearn_gb_pressao_familia_v1,pressao_v1
BURITIS,arbovirose,2026,11,0.149,0.44999999999999996,False,baixa,0.87,1,tests_ma4=2 (imp=0.379); tests_ma8=2.2 (imp=0.0883); tests_pct_estadual=0.174 (imp=0.414); tests_lag1=2 (imp=0.0273); tests=1 (imp=0.0167),Predito,sklearn_gb_pressao_familia_v1,pressao_v1
SAPEZAL,tuberculose,2026,28,0.149,0.25,False,baixa,2.45,1,tests_ma4=4.5 (imp=0.466); tests_ma8=3 (imp=0.272); indice_pressao_proxy=2.45 (imp=0.024); tests_trend=1.5 (imp=0.0303); tests_pct_estadual=0.259 (imp=0.11),Predito,sklearn_gb_pressao_familia_v1,pressao_v1
ARIQUEMES,tuberculose,2026,30,0.1487,0.25,False,baixa,2.92,1,tests_ma4=1 (imp=0.466); tests_ma8=1.25 (imp=0.272); indice_pressao_proxy=2.92 (imp=0.024); tests_pct_estadual=0.212 (imp=0.11); tests=1 (imp=0.0222),Predito,sklearn_gb_pressao_familia_v1,pressao_v1
PARAUAPEBAS,tuberculose,2026,35,0.1487,0.25,False,baixa,2.08,1,tests_ma4=1 (imp=0.466); tests_ma8=1.25 (imp=0.272); indice_pressao_proxy=2.08 (imp=0.024); tests=1 (imp=0.0222); tests_pct_estadual=0.2 (imp=0.11),Predito,sklearn_gb_pressao_familia_v1,pressao_v1
PORTO DOS GAUCHOS,tuberculose,2026,23,0.1487,0.25,False,baixa,3.2,1,tests_ma4=1 (imp=0.466); tests_ma8=1.33 (imp=0.272); indice_pressao_proxy=3.2 (imp=0.024); tests_pct_estadual=0.232 (imp=0.11); tests=1 (imp=0.0222),Predito,sklearn_gb_pressao_familia_v1,pressao_v1
RIO BRILHANTE,tuberculose,2026,24,0.1487,0.25,False,baixa,2.24,1,tests_ma4=1 (imp=0.466); tests_ma8=1.33 (imp=0.272); indice_pressao_proxy=2.24 (imp=0.024); tests_pct_estadual=0.226 (imp=0.11); tests=1 (imp=0.0222),Predito,sklearn_gb_pressao_familia_v1,pressao_v1
SANTAREM,tuberculose,2026,15,0.1487,0.25,False,baixa,2.17,1,tests_ma4=1 (imp=0.466); tests_ma8=1.25 (imp=0.272); indice_pressao_proxy=2.17 (imp=0.024); tests_pct_estadual=0.213 (imp=0.11); tests=1 (imp=0.0222),Predito,sklearn_gb_pressao_familia_v1,pressao_v1
SERRA NOVA DOURADA,arbovirose,2025,29,0.1486,0.44999999999999996,False,baixa,0.88,2,tests_ma4=3 (imp=0.379); tests_ma8=3 (imp=0.0883); tests_pct_estadual=0.149 (imp=0.414); tests_lag1=2 (imp=0.0273); tests=2 (imp=0.0167),Predito,sklearn_gb_pressao_familia_v1,pressao_v1
INDIAVAI,tuberculose,2026,19,0.1481,0.25,False,baixa,1.98,1,tests_ma4=3.75 (imp=0.466); tests_ma8=2.38 (imp=0.272); indice_pressao_proxy=1.98 (imp=0.024); tests_trend=1.38 (imp=0.0303); tests_lag1=2 (imp=0.0179),Predito,sklearn_gb_pressao_familia_v1,pressao_v1
LUCAS DO RIO VERDE,hepatite,2026,33,0.1479,0.35,False,baixa,5.16,2,tests_ma8=2.25 (imp=0.486); tests_ma4=1.75 (imp=0.306); indice_pressao_proxy=5.16 (imp=0.0338); tests_lag1=2 (imp=0.0495); tests=2 (imp=0.0458),Predito,sklearn_gb_pressao_familia_v1,pressao_v1
DIADEMA,arbovirose,2025,11,0.1478,0.44999999999999996,False,baixa,0.35,1,tests_ma4=2.67 (imp=0.379); tests_ma8=2.67 (imp=0.0883); tests_pct_estadual=0.209 (imp=0.414); tests_lag1=3 (imp=0.0273); tests=1 (imp=0.0167),Predito,sklearn_gb_pressao_familia_v1,pressao_v1
CAMPINAPOLIS,arbovirose,2026,34,0.1472,0.44999999999999996,False,baixa,2.02,3,tests_ma4=4.25 (imp=0.379); tests_ma8=6.88 (imp=0.0883); tests_pct_estadual=0.295 (imp=0.414); tests_trend=-2.62 (imp=0.0236); tests=3 (imp=0.0167),Predito,sklearn_gb_pressao_familia_v1,pressao_v1
NOVA FATIMA,arbovirose,2025,11,0.1463,0.44999999999999996,False,baixa,0.35,1,tests_ma4=2.67 (imp=0.379); tests_ma8=2.67 (imp=0.0883); tests_pct_estadual=0.209 (imp=0.414); tests_lag1=2 (imp=0.0273); tests=1 (imp=0.0167),Predito,sklearn_gb_pressao_familia_v1,pressao_v1
SAO PEDRO DA CIPA,arbovirose,2025,11,0.1463,0.44999999999999996,False,baixa,0.35,1,tests_ma4=2.5 (imp=0.379); tests_ma8=2.5 (imp=0.0883); tests_pct_estadual=0.209 (imp=0.414); tests_lag1=2 (imp=0.0273); tests=1 (imp=0.0167),Predito,sklearn_gb_pressao_familia_v1,pressao_v1
NOVA GUARITA,respiratorio,2026,37,0.1459,0.35,False,baixa,5.03,1,tests_ma8=2.88 (imp=0.212); indice_pressao_proxy=5.03 (imp=0.0587); tests_pct_estadual=0.25 (imp=0.468); tests_trend=-1.88 (imp=0.0585); tests_ma4=1 (imp=0.0783),Predito,sklearn_gb_pressao_familia_v1,pressao_v1
DIAMANTINO,tuberculose,2026,35,0.1454,0.25,False,baixa,4.17,2,tests_ma8=3.5 (imp=0.272); tests_ma4=1.5 (imp=0.466); indice_pressao_proxy=4.17 (imp=0.024); tests_trend=-2 (imp=0.0303); tests_pct_estadual=0.469 (imp=0.11),Predito,sklearn_gb_pressao_familia_v1,pressao_v1
ACAILANDIA,tuberculose,2025,43,0.1445,0.25,False,baixa,0.83,1,tests_ma4=1 (imp=0.466); tests_ma8=1.6 (imp=0.272); tests_pct_estadual=0.21 (imp=0.11); tests=1 (imp=0.0222); indice_pressao_proxy=0.83 (imp=0.024),Predito,sklearn_gb_pressao_familia_v1,pressao_v1
VALE DO PARAISO,arbovirose,2025,13,0.1442,0.44999999999999996,False,baixa,0.16,1,tests_ma4=3.67 (imp=0.379); tests_ma8=3.67 (imp=0.0883); tests_lag1=9 (imp=0.0273); tests_pct_estadual=0.164 (imp=0.414); tests=1 (imp=0.0167),Predito,sklearn_gb_pressao_familia_v1,pressao_v1
BOM LUGAR,arbovirose,2025,23,0.1442,0.44999999999999996,False,baixa,0.22,1,tests_ma4=2.75 (imp=0.379); tests_ma8=2.75 (imp=0.0883); tests_lag1=6 (imp=0.0273); tests_pct_estadual=0.178 (imp=0.414); tests=1 (imp=0.0167),Predito,sklearn_gb_pressao_familia_v1,pressao_v1
FEIRA DE SANTANA,arbovirose,2025,13,0.1442,0.44999999999999996,False,baixa,0.16,1,tests_ma4=2.67 (imp=0.379); tests_ma8=2.67 (imp=0.0883); tests_lag1=5 (imp=0.0273); tests_pct_estadual=0.164 (imp=0.414); tests=1 (imp=0.0167),Predito,sklearn_gb_pressao_familia_v1,pressao_v1
GIRAU DO PONCIANO,arbovirose,2025,13,0.1442,0.44999999999999996,False,baixa,0.16,1,tests_ma4=3 (imp=0.379); tests_ma8=3 (imp=0.0883); tests_lag1=3 (imp=0.0273); tests_pct_estadual=0.164 (imp=0.414); tests=1 (imp=0.0167),Predito,sklearn_gb_pressao_familia_v1,pressao_v1
QUERENCIA,tuberculose,2026,30,0.1431,0.25,False,baixa,8.76,3,tests_ma4=2.25 (imp=0.466); tests_ma8=2.12 (imp=0.272); indice_pressao_proxy=8.76 (imp=0.024); tests_pct_estadual=0.625 (imp=0.11); tests=3 (imp=0.0222),Predito,sklearn_gb_pressao_familia_v1,pressao_v1
GENERAL CARNEIRO,tuberculose,2026,36,0.1428,0.25,False,baixa,2.18,2,tests_ma4=2 (imp=0.466); tests_ma8=2.12 (imp=0.272); tests_lag1=4 (imp=0.0179); tests_pct_estadual=0.49 (imp=0.11); indice_pressao_proxy=2.18 (imp=0.024),Predito,sklearn_gb_pressao_familia_v1,pressao_v1
BARRA DE SANTO ANTONIO,arbovirose,2025,23,0.1428,0.44999999999999996,False,baixa,0.22,1,tests_ma4=2.75 (imp=0.379); tests_ma8=2.75 (imp=0.0883); tests_pct_estadual=0.178 (imp=0.414); tests_lag1=2 (imp=0.0273); tests=1 (imp=0.0167),Predito,sklearn_gb_pressao_familia_v1,pressao_v1
CAMPO GRANDE,tuberculose,2026,37,0.1427,0.25,False,baixa,40.0,6,tests_ma4=4 (imp=0.466); indice_pressao_proxy=40 (imp=0.024); tests_ma8=3.5 (imp=0.272); tests=6 (imp=0.0222); tests_pct_estadual=1 (imp=0.11),Predito,sklearn_gb_pressao_familia_v1,pressao_v1
ALTO PARAGUAI,outros,2026,21,0.1426,0.39999999999999997,False,baixa,2.16,1,tests_ma8=1.43 (imp=0.594); indice_pressao_proxy=2.16 (imp=0.0767); tests_ma4=1 (imp=0.0884); tests=1 (imp=0.0338); tests_lag1=1 (imp=0.0272),Predito,sklearn_gb_pressao_familia_v1,pressao_v1
CONCORDIA,tuberculose,2025,28,0.1425,0.25,False,baixa,1.38,2,tests_ma4=2 (imp=0.466); tests_ma8=2 (imp=0.272); tests=2 (imp=0.0222); tests_pct_estadual=0.337 (imp=0.11); tests_lag1=2 (imp=0.0179),Predito,sklearn_gb_pressao_familia_v1,pressao_v1
NOVO SAO JOAQUIM,outros,2026,18,0.1425,0.39999999999999997,False,baixa,1.97,1,tests_ma8=2 (imp=0.594); tests_ma4=2 (imp=0.0884); indice_pressao_proxy=1.97 (imp=0.0767); tests_lag1=3 (imp=0.0272); tests=1 (imp=0.0338),Predito,sklearn_gb_pressao_familia_v1,pressao_v1
FRANCISCO BELTRAO,arbovirose,2026,6,0.1422,0.44999999999999996,False,baixa,1.65,1,tests_ma4=2 (imp=0.379); tests_ma8=2 (imp=0.0883); tests_pct_estadual=0.161 (imp=0.414); tests_lag1=2 (imp=0.0273); indice_pressao_proxy=1.65 (imp=0.0141),Predito,sklearn_gb_pressao_familia_v1,pressao_v1
NOVO SANTO ANTONIO,outros,2025,33,0.1417,0.39999999999999997,False,baixa,13.71,12,indice_pressao_proxy=13.7 (imp=0.0767); tests_ma4=8.5 (imp=0.0884); tests=12 (imp=0.0338); tests_lag1=5 (imp=0.0272); tests_ma8=nan (imp=0.594),Predito,sklearn_gb_pressao_familia_v1,pressao_v1
PONTES E LACERDA,tuberculose,2026,36,0.1415,0.25,False,baixa,1.09,1,tests_ma4=2.25 (imp=0.466); tests_ma8=2.12 (imp=0.272); indice_pressao_proxy=1.09 (imp=0.024); tests=1 (imp=0.0222); tests_pct_estadual=0.177 (imp=0.11),Predito,sklearn_gb_pressao_familia_v1,pressao_v1
NOVA MARINGA,outros,2026,34,0.1409,0.39999999999999997,False,baixa,1.96,1,tests_ma8=1.75 (imp=0.594); indice_pressao_proxy=1.96 (imp=0.0767); tests_ma4=1.5 (imp=0.0884); tests=1 (imp=0.0338); tests_lag1=1 (imp=0.0272),Predito,sklearn_gb_pressao_familia_v1,pressao_v1
ALTO TAQUARI,arbovirose,2025,21,0.1396,0.44999999999999996,False,baixa,0.35,2,tests_ma4=1.25 (imp=0.379); tests_ma8=2 (imp=0.0883); tests_pct_estadual=0.396 (imp=0.414); tests=2 (imp=0.0167); tests_lag1=1 (imp=0.0273),Predito,sklearn_gb_pressao_familia_v1,pressao_v1
VILA RICA,arbovirose,2026,32,0.1396,0.44999999999999996,False,baixa,3.54,2,tests_ma4=2.25 (imp=0.379); tests_ma8=2 (imp=0.0883); tests_pct_estadual=0.393 (imp=0.414); tests_lag1=2 (imp=0.0273); indice_pressao_proxy=3.54 (imp=0.0141),Predito,sklearn_gb_pressao_familia_v1,pressao_v1
APIACAS,tuberculose,2026,26,0.1388,0.25,False,baixa,2.86,1,tests_ma4=4.25 (imp=0.466); tests_ma8=3.12 (imp=0.272); indice_pressao_proxy=2.86 (imp=0.024); tests_trend=1.12 (imp=0.0303); tests_pct_estadual=0.234 (imp=0.11),Predito,sklearn_gb_pressao_familia_v1,pressao_v1
SAO JOSE DO POVO,arbovirose,2025,14,0.1365,0.44999999999999996,False,baixa,0.16,1,tests_ma4=1.75 (imp=0.379); tests_ma8=2 (imp=0.0883); tests_lag1=3 (imp=0.0273); tests_pct_estadual=0.132 (imp=0.414); tests=1 (imp=0.0167),Predito,sklearn_gb_pressao_familia_v1,pressao_v1
NOVA ESPERANCA,outros,2025,48,0.1364,0.39999999999999997,False,baixa,10.49,4,tests=4 (imp=0.0338); tests_lag1=nan (imp=0.0272); tests_ma4=nan (imp=0.0884); tests_ma8=nan (imp=0.594); tests_trend=nan (imp=0.0302),Predito,sklearn_gb_pressao_familia_v1,pressao_v1
SANTO ANTONIO DO LEVERGER,respiratorio,2026,34,0.136,0.35,False,baixa,3.02,2,tests_pct_estadual=0.741 (imp=0.468); tests_ma8=1.38 (imp=0.212); indice_pressao_proxy=3.02 (imp=0.0587); tests_ma4=1.25 (imp=0.0783); tests=2 (imp=0.0304),Predito,sklearn_gb_pressao_familia_v1,pressao_v1
SOROCABA,arbovirose,2025,19,0.1359,0.44999999999999996,False,baixa,0.33,1,tests_ma4=2.5 (imp=0.379); tests_ma8=2.86 (imp=0.0883); tests_lag1=7 (imp=0.0273); tests_pct_estadual=0.154 (imp=0.414); tests=1 (imp=0.0167),Predito,sklearn_gb_pressao_familia_v1,pressao_v1
TAPURAH,respiratorio,2026,32,0.1357,0.35,False,baixa,2.85,1,tests_ma8=1.12 (imp=0.212); tests_pct_estadual=0.4 (imp=0.468); indice_pressao_proxy=2.85 (imp=0.0587); tests_ma4=1 (imp=0.0783); tests_lag1=1 (imp=0.0454),Predito,sklearn_gb_pressao_familia_v1,pressao_v1
COSTA RICA,arbovirose,2025,17,0.1355,0.44999999999999996,False,baixa,0.38,2,tests_ma4=3 (imp=0.379); tests_ma8=3 (imp=0.0883); tests_lag1=6 (imp=0.0273); tests_pct_estadual=0.247 (imp=0.414); tests=2 (imp=0.0167),Predito,sklearn_gb_pressao_familia_v1,pressao_v1
NOVA BRASILANDIA,tuberculose,2026,22,0.1347,0.25,False,baixa,2.31,1,tests_ma4=2 (imp=0.466); tests_ma8=2.17 (imp=0.272); tests_lag1=4 (imp=0.0179); indice_pressao_proxy=2.31 (imp=0.024); tests_pct_estadual=0.27 (imp=0.11),Predito,sklearn_gb_pressao_familia_v1,pressao_v1
ALTA FLORESTA,hepatite,2026,35,0.1344,0.35,False,baixa,2.95,2,tests_ma8=2.5 (imp=0.486); tests_ma4=2.5 (imp=0.306); indice_pressao_proxy=2.95 (imp=0.0338); tests=2 (imp=0.0458); tests_lag1=1 (imp=0.0495),Predito,sklearn_gb_pressao_familia_v1,pressao_v1
NOVO MUNDO,hepatite,2026,35,0.1344,0.35,False,baixa,2.95,2,tests_ma8=2.38 (imp=0.486); tests_ma4=2.25 (imp=0.306); tests_lag1=5 (imp=0.0495); indice_pressao_proxy=2.95 (imp=0.0338); tests=2 (imp=0.0458),Predito,sklearn_gb_pressao_familia_v1,pressao_v1
JOINVILLE,arbovirose,2025,17,0.1342,0.44999999999999996,False,baixa,0.38,2,tests_ma4=2.25 (imp=0.379); tests_ma8=2.43 (imp=0.0883); tests_pct_estadual=0.247 (imp=0.414); tests=2 (imp=0.0167); tests_lag1=1 (imp=0.0273),Predito,sklearn_gb_pressao_familia_v1,pressao_v1
PARAGOMINAS,arbovirose,2025,15,0.1341,0.44999999999999996,False,baixa,0.61,2,tests_ma4=1.75 (imp=0.379); tests_ma8=2 (imp=0.0883); tests_pct_estadual=0.42 (imp=0.414); tests_lag1=2 (imp=0.0273); tests=2 (imp=0.0167),Predito,sklearn_gb_pressao_familia_v1,pressao_v1
RIBEIRAO PRETO,arbovirose,2025,18,0.1337,0.44999999999999996,False,baixa,0.38,2,tests_ma4=1.5 (imp=0.379); tests_ma8=2 (imp=0.0883); tests_pct_estadual=0.293 (imp=0.414); tests_lag1=2 (imp=0.0273); tests=2 (imp=0.0167),Predito,sklearn_gb_pressao_familia_v1,pressao_v1
FOZ DO IGUACU,arbovirose,2025,18,0.1331,0.44999999999999996,False,baixa,0.38,2,tests_ma4=2.25 (imp=0.379); tests_ma8=2.62 (imp=0.0883); tests_pct_estadual=0.293 (imp=0.414); tests=2 (imp=0.0167); tests_lag1=1 (imp=0.0273),Predito,sklearn_gb_pressao_familia_v1,pressao_v1
SAO PAULO,tuberculose,2026,27,0.1329,0.25,False,baixa,5.05,2,tests_ma4=1.75 (imp=0.466); tests_ma8=2 (imp=0.272); indice_pressao_proxy=5.05 (imp=0.024); tests_pct_estadual=0.62 (imp=0.11); tests=2 (imp=0.0222),Predito,sklearn_gb_pressao_familia_v1,pressao_v1
ITAITUBA,arbovirose,2025,32,0.1329,0.44999999999999996,False,baixa,1.96,3,tests_ma4=2.25 (imp=0.379); tests_ma8=2.25 (imp=0.0883); tests_lag1=3 (imp=0.0273); tests_pct_estadual=0.176 (imp=0.414); tests=3 (imp=0.0167),Predito,sklearn_gb_pressao_familia_v1,pressao_v1
LAMBARI D''OESTE,tuberculose,2026,35,0.1324,0.25,False,baixa,4.17,2,tests_ma4=2 (imp=0.466); tests_ma8=2 (imp=0.272); indice_pressao_proxy=4.17 (imp=0.024); tests_pct_estadual=0.469 (imp=0.11); tests=2 (imp=0.0222),Predito,sklearn_gb_pressao_familia_v1,pressao_v1
NOVA MONTE VERDE,tuberculose,2026,35,0.1315,0.25,False,baixa,2.08,1,tests_ma4=3.5 (imp=0.466); tests_ma8=2.38 (imp=0.272); indice_pressao_proxy=2.08 (imp=0.024); tests_trend=1.12 (imp=0.0303); tests=1 (imp=0.0222),Predito,sklearn_gb_pressao_familia_v1,pressao_v1
MARINGA,arbovirose,2026,16,0.1313,0.44999999999999996,False,baixa,0.74,1,tests_ma4=1.75 (imp=0.379); tests_ma8=2.12 (imp=0.0883); tests_pct_estadual=0.156 (imp=0.414); tests_lag1=1 (imp=0.0273); tests=1 (imp=0.0167),Predito,sklearn_gb_pressao_familia_v1,pressao_v1
IMPERATRIZ,tuberculose,2026,1,0.1311,0.25,False,baixa,1.74,1,tests_ma4=1.25 (imp=0.466); tests_ma8=1.5 (imp=0.272); indice_pressao_proxy=1.74 (imp=0.024); tests=1 (imp=0.0222); tests_pct_estadual=0.19 (imp=0.11),Predito,sklearn_gb_pressao_familia_v1,pressao_v1
BOM JESUS DO ARAGUAIA,outros,2024,41,0.1305,0.39999999999999997,False,baixa,13.45,4,tests=4 (imp=0.0338); tests_lag1=nan (imp=0.0272); tests_ma4=nan (imp=0.0884); tests_ma8=nan (imp=0.594); tests_trend=nan (imp=0.0302),Predito,sklearn_gb_pressao_familia_v1,pressao_v1
JANGADA,outros,2026,36,0.1304,0.39999999999999997,False,baixa,0.75,1,tests_ma8=2 (imp=0.594); tests_ma4=1.25 (imp=0.0884); indice_pressao_proxy=0.75 (imp=0.0767); tests=1 (imp=0.0338); tests_lag1=1 (imp=0.0272),Predito,sklearn_gb_pressao_familia_v1,pressao_v1
MARCELANDIA,respiratorio,2026,34,0.1302,0.35,False,baixa,3.02,2,tests_pct_estadual=0.741 (imp=0.468); tests_ma8=1.25 (imp=0.212); indice_pressao_proxy=3.02 (imp=0.0587); tests_ma4=1.25 (imp=0.0783); tests=2 (imp=0.0304),Predito,sklearn_gb_pressao_familia_v1,pressao_v1
QUERENCIA,respiratorio,2026,26,0.1302,0.35,False,baixa,1.98,1,tests_ma8=3.12 (imp=0.212); tests_pct_estadual=0.375 (imp=0.468); tests_ma4=1.75 (imp=0.0783); indice_pressao_proxy=1.98 (imp=0.0587); tests_trend=-1.38 (imp=0.0585),Predito,sklearn_gb_pressao_familia_v1,pressao_v1
NOVA UBIRATA,tuberculose,2026,26,0.1299,0.25,False,baixa,8.57,3,tests_ma4=1.5 (imp=0.466); tests_ma8=2 (imp=0.272); indice_pressao_proxy=8.57 (imp=0.024); tests_pct_estadual=0.665 (imp=0.11); tests=3 (imp=0.0222),Predito,sklearn_gb_pressao_familia_v1,pressao_v1
MONTE ALEGRE,arbovirose,2025,23,0.1292,0.44999999999999996,False,baixa,0.22,1,tests_ma4=2 (imp=0.379); tests_ma8=2.33 (imp=0.0883); tests_pct_estadual=0.178 (imp=0.414); tests_lag1=1 (imp=0.0273); tests=1 (imp=0.0167),Predito,sklearn_gb_pressao_familia_v1,pressao_v1
ALMEIRIM,arbovirose,2025,32,0.1292,0.44999999999999996,False,baixa,0.65,1,tests_ma4=1.75 (imp=0.379); tests_ma8=2.17 (imp=0.0883); tests_lag1=3 (imp=0.0273); tests_pct_estadual=0.0588 (imp=0.414); tests=1 (imp=0.0167),Predito,sklearn_gb_pressao_familia_v1,pressao_v1
RIO BRANCO,tuberculose,2026,36,0.129,0.25,False,baixa,1.09,1,tests_ma4=1.75 (imp=0.466); tests_ma8=2.12 (imp=0.272); tests_lag1=4 (imp=0.0179); indice_pressao_proxy=1.09 (imp=0.024); tests=1 (imp=0.0222),Predito,sklearn_gb_pressao_familia_v1,pressao_v1
GUARANTA DO NORTE,respiratorio,2026,36,0.1286,0.35,False,baixa,2.53,1,tests_ma8=2.38 (imp=0.212); tests_pct_estadual=0.362 (imp=0.468); tests_ma4=2 (imp=0.0783); indice_pressao_proxy=2.53 (imp=0.0587); tests_lag1=3 (imp=0.0454),Predito,sklearn_gb_pressao_familia_v1,pressao_v1
BREU BRANCO,outros,2026,25,0.128,0.39999999999999997,False,baixa,12.5,6,tests=6 (imp=0.0338); tests_lag1=nan (imp=0.0272); tests_ma4=nan (imp=0.0884); tests_ma8=nan (imp=0.594); tests_trend=nan (imp=0.0302),Predito,sklearn_gb_pressao_familia_v1,pressao_v1
RIO BRILHANTE,arbovirose,2025,19,0.128,0.44999999999999996,False,baixa,0.66,2,tests_ma4=2.33 (imp=0.379); tests_ma8=2.33 (imp=0.0883); tests_pct_estadual=0.431 (imp=0.414); tests_lag1=4 (imp=0.0273); tests=2 (imp=0.0167),Predito,sklearn_gb_pressao_familia_v1,pressao_v1
SAO GONCALO,tuberculose,2026,1,0.1279,0.25,False,baixa,3.48,2,tests_ma4=2 (imp=0.466); tests_ma8=2 (imp=0.272); indice_pressao_proxy=3.48 (imp=0.024); tests_lag1=3 (imp=0.0179); tests_pct_estadual=0.476 (imp=0.11),Predito,sklearn_gb_pressao_familia_v1,pressao_v1
VIANA,tuberculose,2026,1,0.1279,0.25,False,baixa,3.48,2,tests_ma4=2 (imp=0.466); tests_ma8=2 (imp=0.272); indice_pressao_proxy=3.48 (imp=0.024); tests_pct_estadual=0.476 (imp=0.11); tests=2 (imp=0.0222),Predito,sklearn_gb_pressao_familia_v1,pressao_v1
SAO FELIX DO ARAGUAIA,outros,2026,12,0.1278,0.39999999999999997,False,baixa,2.58,1,tests_ma8=2 (imp=0.594); indice_pressao_proxy=2.58 (imp=0.0767); tests_ma4=2 (imp=0.0884); tests=1 (imp=0.0338); tests_lag1=1 (imp=0.0272),Predito,sklearn_gb_pressao_familia_v1,pressao_v1
CONFRESA,hepatite,2026,36,0.1273,0.35,False,baixa,3.01,1,tests_ma8=2 (imp=0.486); tests_ma4=2.75 (imp=0.306); tests_lag1=3 (imp=0.0495); indice_pressao_proxy=3.01 (imp=0.0338); tests=1 (imp=0.0458),Predito,sklearn_gb_pressao_familia_v1,pressao_v1
VILHENA,hepatite,2026,14,0.1271,0.35,False,baixa,2.34,1,tests_ma8=2.5 (imp=0.486); tests_ma4=2.5 (imp=0.306); indice_pressao_proxy=2.34 (imp=0.0338); tests_lag1=1 (imp=0.0495); tests=1 (imp=0.0458),Predito,sklearn_gb_pressao_familia_v1,pressao_v1
SANTO ANTONIO DO LESTE,respiratorio,2026,29,0.1271,0.35,False,baixa,4.12,2,tests_pct_estadual=0.75 (imp=0.468); tests_ma8=1.25 (imp=0.212); indice_pressao_proxy=4.12 (imp=0.0587); tests_ma4=1.25 (imp=0.0783); tests=2 (imp=0.0304),Predito,sklearn_gb_pressao_familia_v1,pressao_v1
ALTO ARAGUAIA,respiratorio,2026,29,0.1266,0.35,False,baixa,2.06,1,tests_ma8=2.67 (imp=0.212); tests_ma4=2.5 (imp=0.0783); tests_pct_estadual=0.364 (imp=0.468); indice_pressao_proxy=2.06 (imp=0.0587); tests_lag1=1 (imp=0.0454),Predito,sklearn_gb_pressao_familia_v1,pressao_v1
SAO JOSE DO RIO CLARO,tuberculose,2026,36,0.1262,0.25,False,baixa,2.18,2,tests_ma4=1.75 (imp=0.466); tests_ma8=2 (imp=0.272); tests_pct_estadual=0.49 (imp=0.11); indice_pressao_proxy=2.18 (imp=0.024); tests=2 (imp=0.0222),Predito,sklearn_gb_pressao_familia_v1,pressao_v1
RIO DE JANEIRO,outros,2026,29,0.126,0.39999999999999997,False,baixa,8.25,4,tests_ma4=2.5 (imp=0.0884); tests=4 (imp=0.0338); tests_pct_estadual=0.53 (imp=0.0633); tests_lag1=1 (imp=0.0272); tests_ma8=nan (imp=0.594),Predito,sklearn_gb_pressao_familia_v1,pressao_v1
JOAQUIM PIRES,outros,2026,13,0.1259,0.39999999999999997,False,baixa,6.69,4,tests=4 (imp=0.0338); tests_lag1=nan (imp=0.0272); tests_ma4=nan (imp=0.0884); tests_ma8=nan (imp=0.594); tests_trend=nan (imp=0.0302),Predito,sklearn_gb_pressao_familia_v1,pressao_v1
DAVINOPOLIS,outros,2026,32,0.1259,0.39999999999999997,False,baixa,5.66,4,tests=4 (imp=0.0338); tests_lag1=nan (imp=0.0272); tests_ma4=nan (imp=0.0884); tests_ma8=nan (imp=0.594); tests_trend=nan (imp=0.0302),Predito,sklearn_gb_pressao_familia_v1,pressao_v1
ALTAMIRA,outros,2026,22,0.1259,0.39999999999999997,False,baixa,6.05,4,tests=4 (imp=0.0338); tests_lag1=nan (imp=0.0272); tests_ma4=nan (imp=0.0884); tests_ma8=nan (imp=0.594); tests_trend=nan (imp=0.0302),Predito,sklearn_gb_pressao_familia_v1,pressao_v1
SANTA FE,outros,2025,44,0.1259,0.39999999999999997,False,baixa,6.06,4,tests=4 (imp=0.0338); tests_lag1=nan (imp=0.0272); tests_ma4=nan (imp=0.0884); tests_ma8=nan (imp=0.594); tests_trend=nan (imp=0.0302),Predito,sklearn_gb_pressao_familia_v1,pressao_v1
JACOBINA,outros,2026,20,0.1259,0.39999999999999997,False,baixa,6.72,4,tests=4 (imp=0.0338); tests_lag1=nan (imp=0.0272); tests_ma4=nan (imp=0.0884); tests_ma8=nan (imp=0.594); tests_trend=nan (imp=0.0302),Predito,sklearn_gb_pressao_familia_v1,pressao_v1
APIACAS,respiratorio,2026,20,0.1259,0.35,False,baixa,2.25,1,tests_ma8=5.25 (imp=0.212); tests_ma4=5.25 (imp=0.0783); tests_lag1=4 (imp=0.0454); tests_pct_estadual=0.307 (imp=0.468); indice_pressao_proxy=2.25 (imp=0.0587),Predito,sklearn_gb_pressao_familia_v1,pressao_v1
CASTANHEIRA,arbovirose,2025,23,0.1256,0.44999999999999996,False,baixa,0.44,2,tests_ma4=2.25 (imp=0.379); tests_ma8=2.4 (imp=0.0883); tests_pct_estadual=0.468 (imp=0.414); tests_lag1=4 (imp=0.0273); tests=2 (imp=0.0167),Predito,sklearn_gb_pressao_familia_v1,pressao_v1
NOVA UBIRATA,outros,2026,25,0.1252,0.39999999999999997,False,baixa,2.08,1,tests_ma8=2 (imp=0.594); indice_pressao_proxy=2.08 (imp=0.0767); tests_ma4=1.75 (imp=0.0884); tests_lag1=3 (imp=0.0272); tests=1 (imp=0.0338),Predito,sklearn_gb_pressao_familia_v1,pressao_v1
GOIANESIA DO PARA,arbovirose,2026,29,0.1252,0.44999999999999996,False,baixa,1.06,1,tests_ma4=1.75 (imp=0.379); tests_ma8=2 (imp=0.0883); tests_pct_estadual=0.156 (imp=0.414); tests_lag1=1 (imp=0.0273); tests=1 (imp=0.0167),Predito,sklearn_gb_pressao_familia_v1,pressao_v1
SIDROLANDIA,tuberculose,2026,28,0.1251,0.25,False,baixa,2.45,1,tests_ma4=2 (imp=0.466); tests_ma8=2 (imp=0.272); tests_lag1=4 (imp=0.0179); indice_pressao_proxy=2.45 (imp=0.024); tests_pct_estadual=0.259 (imp=0.11),Predito,sklearn_gb_pressao_familia_v1,pressao_v1
SAO JOSE DE RIBAMAR,arbovirose,2025,23,0.1248,0.44999999999999996,False,baixa,0.44,2,tests_ma4=1.75 (imp=0.379); tests_ma8=2.29 (imp=0.0883); tests_pct_estadual=0.468 (imp=0.414); tests_lag1=2 (imp=0.0273); tests=2 (imp=0.0167),Predito,sklearn_gb_pressao_familia_v1,pressao_v1
SAO JOSE DOS BASILIOS,arbovirose,2025,23,0.1247,0.44999999999999996,False,baixa,0.66,3,tests_ma4=2.25 (imp=0.379); tests_pct_estadual=0.618 (imp=0.414); tests_ma8=2 (imp=0.0883); tests_lag1=2 (imp=0.0273); tests=3 (imp=0.0167),Predito,sklearn_gb_pressao_familia_v1,pressao_v1
ICARA,arbovirose,2025,23,0.1244,0.44999999999999996,False,baixa,0.44,2,tests_ma4=2.67 (imp=0.379); tests_ma8=2.67 (imp=0.0883); tests_pct_estadual=0.468 (imp=0.414); tests=2 (imp=0.0167); tests_lag1=1 (imp=0.0273),Predito,sklearn_gb_pressao_familia_v1,pressao_v1
SERRA,arbovirose,2025,29,0.1239,0.44999999999999996,False,baixa,1.32,3,tests_ma4=1.75 (imp=0.379); tests_ma8=2 (imp=0.0883); tests_pct_estadual=0.237 (imp=0.414); tests_lag1=2 (imp=0.0273); tests=3 (imp=0.0167),Predito,sklearn_gb_pressao_familia_v1,pressao_v1
PONTAL DO ARAGUAIA,outros,2026,15,0.1237,0.39999999999999997,False,baixa,4.17,2,tests_ma8=1.67 (imp=0.594); indice_pressao_proxy=4.17 (imp=0.0767); tests_ma4=1.67 (imp=0.0884); tests=2 (imp=0.0338); tests_lag1=2 (imp=0.0272),Predito,sklearn_gb_pressao_familia_v1,pressao_v1
ITAUBA,outros,2026,15,0.1236,0.39999999999999997,False,baixa,2.08,1,tests_ma8=1.6 (imp=0.594); indice_pressao_proxy=2.08 (imp=0.0767); tests_ma4=1.75 (imp=0.0884); tests_lag1=2 (imp=0.0272); tests=1 (imp=0.0338),Predito,sklearn_gb_pressao_familia_v1,pressao_v1
PONTA GROSSA,tuberculose,2026,24,0.123,0.25,False,baixa,4.48,2,tests_ma4=2 (imp=0.466); tests_ma8=2 (imp=0.272); indice_pressao_proxy=4.48 (imp=0.024); tests_pct_estadual=0.494 (imp=0.11); tests=2 (imp=0.0222),Predito,sklearn_gb_pressao_familia_v1,pressao_v1
POCONE,respiratorio,2026,37,0.123,0.35,False,baixa,10.06,2,indice_pressao_proxy=10.1 (imp=0.0587); tests_ma8=2.38 (imp=0.212); tests_pct_estadual=0.625 (imp=0.468); tests_ma4=1.75 (imp=0.0783); tests=2 (imp=0.0304),Predito,sklearn_gb_pressao_familia_v1,pressao_v1
MARIALVA,arbovirose,2025,23,0.1226,0.44999999999999996,False,baixa,0.66,3,tests_ma4=2.25 (imp=0.379); tests_pct_estadual=0.618 (imp=0.414); tests_ma8=2.25 (imp=0.0883); tests=3 (imp=0.0167); tests_lag1=1 (imp=0.0273),Predito,sklearn_gb_pressao_familia_v1,pressao_v1
MATRIZ DE CAMARAGIBE,outros,2026,20,0.1224,0.39999999999999997,False,baixa,13.45,8,tests=8 (imp=0.0338); tests_lag1=nan (imp=0.0272); tests_ma4=nan (imp=0.0884); tests_ma8=nan (imp=0.594); tests_trend=nan (imp=0.0302),Predito,sklearn_gb_pressao_familia_v1,pressao_v1
PARANAPANEMA,outros,2025,19,0.1224,0.39999999999999997,False,baixa,16.08,4,tests=4 (imp=0.0338); tests_lag1=nan (imp=0.0272); tests_ma4=nan (imp=0.0884); tests_ma8=nan (imp=0.594); tests_trend=nan (imp=0.0302),Predito,sklearn_gb_pressao_familia_v1,pressao_v1
TAQUARANA,respiratorio,2025,14,0.1224,0.35,False,baixa,2.84,3,tests_pct_estadual=0.625 (imp=0.468); tests_ma4=2.5 (imp=0.0783); tests=3 (imp=0.0304); tests_lag1=2 (imp=0.0454); tests_ma8=nan (imp=0.212),Predito,sklearn_gb_pressao_familia_v1,pressao_v1
POPULINA,outros,2025,36,0.1224,0.39999999999999997,False,baixa,14.13,5,tests=5 (imp=0.0338); tests_lag1=nan (imp=0.0272); tests_ma4=nan (imp=0.0884); tests_ma8=nan (imp=0.594); tests_trend=nan (imp=0.0302),Predito,sklearn_gb_pressao_familia_v1,pressao_v1
PALMAS,outros,2026,26,0.1221,0.39999999999999997,False,baixa,2.01,1,tests_ma8=2 (imp=0.594); tests_ma4=2 (imp=0.0884); indice_pressao_proxy=2.01 (imp=0.0767); tests_lag1=3 (imp=0.0272); tests=1 (imp=0.0338),Predito,sklearn_gb_pressao_familia_v1,pressao_v1
SANTA TEREZINHA,respiratorio,2025,49,0.122,0.35,False,baixa,4.44,1,tests_ma8=2.75 (imp=0.212); indice_pressao_proxy=4.44 (imp=0.0587); tests_ma4=2.75 (imp=0.0783); tests_pct_estadual=0.35 (imp=0.468); tests_lag1=1 (imp=0.0454),Predito,sklearn_gb_pressao_familia_v1,pressao_v1
CANDEIAS DO JAMARI,arbovirose,2025,22,0.1216,0.44999999999999996,False,baixa,0.49,2,tests_ma4=3 (imp=0.379); tests_ma8=3.12 (imp=0.0883); tests_pct_estadual=0.388 (imp=0.414); tests_lag1=3 (imp=0.0273); tests=2 (imp=0.0167),Predito,sklearn_gb_pressao_familia_v1,pressao_v1
RIACHO DA CRUZ,tuberculose,2025,50,0.1212,0.25,False,baixa,2.22,2,tests_ma4=2 (imp=0.466); tests_ma8=2 (imp=0.272); tests_pct_estadual=0.569 (imp=0.11); indice_pressao_proxy=2.22 (imp=0.024); tests=2 (imp=0.0222),Predito,sklearn_gb_pressao_familia_v1,pressao_v1
OSASCO,arbovirose,2025,11,0.1208,0.44999999999999996,False,baixa,0.71,2,tests_ma4=2 (imp=0.379); tests_pct_estadual=0.475 (imp=0.414); tests_ma8=2 (imp=0.0883); tests=2 (imp=0.0167); tests_lag1=1 (imp=0.0273),Predito,sklearn_gb_pressao_familia_v1,pressao_v1
FIGUEIROPOLIS D''OESTE,tuberculose,2025,52,0.1208,0.25,False,baixa,4.23,3,tests_ma4=1.75 (imp=0.466); tests_ma8=1.75 (imp=0.272); indice_pressao_proxy=4.23 (imp=0.024); tests_pct_estadual=0.789 (imp=0.11); tests=3 (imp=0.0222),Predito,sklearn_gb_pressao_familia_v1,pressao_v1
SAO DOMINGOS DO ARAGUAIA,arbovirose,2025,22,0.1204,0.44999999999999996,False,baixa,0.49,2,tests_ma4=3 (imp=0.379); tests_ma8=3 (imp=0.0883); tests_pct_estadual=0.388 (imp=0.414); tests_lag1=2 (imp=0.0273); tests=2 (imp=0.0167),Predito,sklearn_gb_pressao_familia_v1,pressao_v1
ITAITUBA,outros,2026,19,0.1204,0.39999999999999997,False,baixa,7.14,5,tests=5 (imp=0.0338); tests_lag1=nan (imp=0.0272); tests_ma4=nan (imp=0.0884); tests_ma8=nan (imp=0.594); tests_trend=nan (imp=0.0302),Predito,sklearn_gb_pressao_familia_v1,pressao_v1
RIBEIRAO CASCALHEIRA,arbovirose,2025,22,0.1204,0.44999999999999996,False,baixa,0.49,2,tests_ma4=3 (imp=0.379); tests_ma8=3 (imp=0.0883); tests_pct_estadual=0.388 (imp=0.414); tests_lag1=2 (imp=0.0273); tests=2 (imp=0.0167),Predito,sklearn_gb_pressao_familia_v1,pressao_v1
SANTO ANTONIO DO LESTE,outros,2025,48,0.12,0.39999999999999997,False,baixa,23.61,9,tests=9 (imp=0.0338); tests_lag1=nan (imp=0.0272); tests_ma4=nan (imp=0.0884); tests_ma8=nan (imp=0.594); tests_trend=nan (imp=0.0302),Predito,sklearn_gb_pressao_familia_v1,pressao_v1
MINEIROS,arbovirose,2026,10,0.1196,0.44999999999999996,False,baixa,0.86,1,tests_ma4=2.75 (imp=0.379); tests_ma8=2.38 (imp=0.0883); tests_lag1=4 (imp=0.0273); tests_pct_estadual=0.112 (imp=0.414); tests=1 (imp=0.0167),Predito,sklearn_gb_pressao_familia_v1,pressao_v1
PEDRA PRETA,outros,2026,23,0.1194,0.39999999999999997,False,baixa,2.41,2,tests_ma8=1.71 (imp=0.594); indice_pressao_proxy=2.41 (imp=0.0767); tests_ma4=1.75 (imp=0.0884); tests=2 (imp=0.0338); tests_lag1=2 (imp=0.0272),Predito,sklearn_gb_pressao_familia_v1,pressao_v1
PORTO ESTRELA,respiratorio,2026,26,0.1192,0.35,False,baixa,1.98,1,tests_ma8=2 (imp=0.212); tests_pct_estadual=0.375 (imp=0.468); tests_ma4=2 (imp=0.0783); indice_pressao_proxy=1.98 (imp=0.0587); tests_lag1=2 (imp=0.0454),Predito,sklearn_gb_pressao_familia_v1,pressao_v1
JAURU,respiratorio,2026,25,0.1192,0.35,False,baixa,1.9,1,tests_ma8=2 (imp=0.212); tests_ma4=2 (imp=0.0783); tests_pct_estadual=0.329 (imp=0.468); indice_pressao_proxy=1.9 (imp=0.0587); tests_lag1=1 (imp=0.0454),Predito,sklearn_gb_pressao_familia_v1,pressao_v1
RIBEIRAO CASCALHEIRA,respiratorio,2026,20,0.1191,0.35,False,baixa,2.25,1,tests_ma8=2.67 (imp=0.212); tests_ma4=2.67 (imp=0.0783); tests_pct_estadual=0.307 (imp=0.468); indice_pressao_proxy=2.25 (imp=0.0587); tests_lag1=1 (imp=0.0454),Predito,sklearn_gb_pressao_familia_v1,pressao_v1
BACABAL,outros,2025,9,0.1189,0.39999999999999997,False,baixa,4.53,3,tests_ma4=7.5 (imp=0.0884); indice_pressao_proxy=4.53 (imp=0.0767); tests_lag1=12 (imp=0.0272); tests=3 (imp=0.0338); tests_ma8=nan (imp=0.594),Predito,sklearn_gb_pressao_familia_v1,pressao_v1
CORUMBA,respiratorio,2026,25,0.1186,0.35,False,baixa,3.81,2,tests_pct_estadual=0.714 (imp=0.468); tests_ma8=1.5 (imp=0.212); indice_pressao_proxy=3.81 (imp=0.0587); tests_ma4=1.5 (imp=0.0783); tests=2 (imp=0.0304),Predito,sklearn_gb_pressao_familia_v1,pressao_v1
VARGEAO,outros,2026,36,0.118,0.39999999999999997,False,baixa,5.24,7,tests=7 (imp=0.0338); tests_lag1=nan (imp=0.0272); tests_ma4=nan (imp=0.0884); tests_ma8=nan (imp=0.594); tests_trend=nan (imp=0.0302),Predito,sklearn_gb_pressao_familia_v1,pressao_v1
SUMARE,arbovirose,2025,19,0.1178,0.44999999999999996,False,baixa,0.33,1,tests_ma4=4.33 (imp=0.379); tests_ma8=4.33 (imp=0.0883); tests_lag1=5 (imp=0.0273); tests_pct_estadual=0.154 (imp=0.414); tests=1 (imp=0.0167),Predito,sklearn_gb_pressao_familia_v1,pressao_v1
COTRIGUACU,tuberculose,2026,30,0.1175,0.25,False,baixa,2.92,1,tests_ma4=1.75 (imp=0.466); tests_ma8=2.12 (imp=0.272); indice_pressao_proxy=2.92 (imp=0.024); tests_lag1=2 (imp=0.0179); tests_pct_estadual=0.212 (imp=0.11),Predito,sklearn_gb_pressao_familia_v1,pressao_v1
REDENCAO,tuberculose,2026,26,0.1175,0.25,False,baixa,2.86,1,tests_ma4=1.75 (imp=0.466); tests_ma8=2 (imp=0.272); indice_pressao_proxy=2.86 (imp=0.024); tests_pct_estadual=0.234 (imp=0.11); tests=1 (imp=0.0222),Predito,sklearn_gb_pressao_familia_v1,pressao_v1
SAPEZAL,respiratorio,2026,35,0.1174,0.35,False,baixa,2.5,1,tests_ma8=2.25 (imp=0.212); tests_pct_estadual=0.333 (imp=0.468); indice_pressao_proxy=2.5 (imp=0.0587); tests_ma4=1 (imp=0.0783); tests_trend=-1.25 (imp=0.0585),Predito,sklearn_gb_pressao_familia_v1,pressao_v1
IVAIPORA,arbovirose,2025,13,0.1174,0.44999999999999996,False,baixa,0.32,2,tests_ma4=3 (imp=0.379); tests_ma8=3 (imp=0.0883); tests_pct_estadual=0.387 (imp=0.414); tests_lag1=2 (imp=0.0273); tests=2 (imp=0.0167),Predito,sklearn_gb_pressao_familia_v1,pressao_v1
PARANAVAI,arbovirose,2025,14,0.1174,0.44999999999999996,False,baixa,0.31,2,tests_ma4=3.5 (imp=0.379); tests_ma8=3.5 (imp=0.0883); tests_pct_estadual=0.325 (imp=0.414); tests=2 (imp=0.0167); tests_lag1=1 (imp=0.0273),Predito,sklearn_gb_pressao_familia_v1,pressao_v1
SANTO ANTONIO DOS LOPES,arbovirose,2025,21,0.1174,0.44999999999999996,False,baixa,0.35,2,tests_ma4=2.5 (imp=0.379); tests_ma8=2.5 (imp=0.0883); tests_pct_estadual=0.396 (imp=0.414); tests_lag1=2 (imp=0.0273); tests=2 (imp=0.0167),Predito,sklearn_gb_pressao_familia_v1,pressao_v1
IPUACU,outros,2026,29,0.1169,0.39999999999999997,False,baixa,8.25,4,tests=4 (imp=0.0338); tests_lag1=nan (imp=0.0272); tests_ma4=nan (imp=0.0884); tests_ma8=nan (imp=0.594); tests_trend=nan (imp=0.0302),Predito,sklearn_gb_pressao_familia_v1,pressao_v1
COLNIZA,respiratorio,2026,21,0.1169,0.35,False,baixa,1.71,1,tests_ma8=1.62 (imp=0.212); tests_ma4=2.25 (imp=0.0783); tests_pct_estadual=0.312 (imp=0.468); tests_lag1=3 (imp=0.0454); indice_pressao_proxy=1.71 (imp=0.0587),Predito,sklearn_gb_pressao_familia_v1,pressao_v1
JOSELANDIA,arbovirose,2025,28,0.1169,0.44999999999999996,False,baixa,1.5,3,tests_ma4=2.25 (imp=0.379); tests_ma8=2.33 (imp=0.0883); tests_pct_estadual=0.23 (imp=0.414); tests=3 (imp=0.0167); tests_lag1=1 (imp=0.0273),Predito,sklearn_gb_pressao_familia_v1,pressao_v1
MATA ROMA,arbovirose,2025,12,0.1168,0.44999999999999996,False,baixa,0.68,3,tests_ma4=2 (imp=0.379); tests_pct_estadual=0.466 (imp=0.414); tests_ma8=2 (imp=0.0883); tests=3 (imp=0.0167); tests_lag1=1 (imp=0.0273),Predito,sklearn_gb_pressao_familia_v1,pressao_v1
INDAIAL,arbovirose,2025,13,0.1168,0.44999999999999996,False,baixa,0.64,4,tests_ma4=2 (imp=0.379); tests_pct_estadual=0.572 (imp=0.414); tests_ma8=2 (imp=0.0883); tests=4 (imp=0.0167); tests_lag1=1 (imp=0.0273),Predito,sklearn_gb_pressao_familia_v1,pressao_v1
CURVELANDIA,arbovirose,2025,20,0.1167,0.44999999999999996,False,baixa,0.17,1,tests_ma4=3 (imp=0.379); tests_ma8=11.9 (imp=0.0883); tests_trend=-8.88 (imp=0.0236); tests_lag1=6 (imp=0.0273); tests_pct_estadual=0.15 (imp=0.414),Predito,sklearn_gb_pressao_familia_v1,pressao_v1
PEREIRA BARRETO,arbovirose,2025,12,0.1163,0.44999999999999996,False,baixa,0.45,2,tests_ma4=4 (imp=0.379); tests_ma8=4 (imp=0.0883); tests_pct_estadual=0.281 (imp=0.414); tests_lag1=4 (imp=0.0273); tests=2 (imp=0.0167),Predito,sklearn_gb_pressao_familia_v1,pressao_v1
CAMPOS DE JULIO,tuberculose,2026,29,0.1163,0.25,False,baixa,0.99,1,tests_ma4=1.25 (imp=0.466); tests_ma8=1.5 (imp=0.272); indice_pressao_proxy=0.99 (imp=0.024); tests=1 (imp=0.0222); tests_pct_estadual=0.18 (imp=0.11),Predito,sklearn_gb_pressao_familia_v1,pressao_v1
TIMON,arbovirose,2025,51,0.1162,0.44999999999999996,False,baixa,10.7,5,tests=5 (imp=0.0167); tests_lag1=nan (imp=0.0273); tests_ma4=nan (imp=0.379); tests_ma8=nan (imp=0.0883); tests_trend=nan (imp=0.0236),Predito,sklearn_gb_pressao_familia_v1,pressao_v1
OSORIO,arbovirose,2025,12,0.1162,0.44999999999999996,False,baixa,0.23,1,tests_ma4=3.33 (imp=0.379); tests_ma8=3.33 (imp=0.0883); tests_lag1=4 (imp=0.0273); tests_pct_estadual=0.0688 (imp=0.414); tests=1 (imp=0.0167),Predito,sklearn_gb_pressao_familia_v1,pressao_v1
AMARANTE DO MARANHAO,arbovirose,2026,9,0.116,0.44999999999999996,False,baixa,6.43,4,tests_ma4=5.5 (imp=0.379); tests_pct_estadual=0.49 (imp=0.414); tests_lag1=7 (imp=0.0273); tests=4 (imp=0.0167); tests_ma8=nan (imp=0.0883),Predito,sklearn_gb_pressao_familia_v1,pressao_v1
APARECIDA DE GOIANIA,arbovirose,2025,41,0.1159,0.44999999999999996,False,baixa,1.71,3,tests_ma4=1.75 (imp=0.379); tests_ma8=2.25 (imp=0.0883); tests_pct_estadual=0.312 (imp=0.414); tests_lag1=2 (imp=0.0273); tests=3 (imp=0.0167),Predito,sklearn_gb_pressao_familia_v1,pressao_v1
GUIRATINGA,arbovirose,2026,16,0.1157,0.44999999999999996,False,baixa,0.74,1,tests_ma4=2.25 (imp=0.379); tests_ma8=2.25 (imp=0.0883); tests_pct_estadual=0.156 (imp=0.414); tests_lag1=1 (imp=0.0273); tests=1 (imp=0.0167),Predito,sklearn_gb_pressao_familia_v1,pressao_v1
MANAUS,tuberculose,2026,33,0.1155,0.25,False,baixa,1.23,1,tests_ma4=1.5 (imp=0.466); tests_ma8=2.12 (imp=0.272); indice_pressao_proxy=1.23 (imp=0.024); tests_pct_estadual=0.242 (imp=0.11); tests=1 (imp=0.0222),Predito,sklearn_gb_pressao_familia_v1,pressao_v1
NOVA SANTA HELENA,tuberculose,2026,17,0.1149,0.25,False,baixa,0.89,1,tests_ma4=2 (imp=0.466); tests_ma8=2 (imp=0.272); tests_lag1=5 (imp=0.0179); tests=1 (imp=0.0222); tests_pct_estadual=0.195 (imp=0.11),Predito,sklearn_gb_pressao_familia_v1,pressao_v1
NOVO REPARTIMENTO,arbovirose,2025,19,0.1147,0.44999999999999996,False,baixa,0.33,1,tests_ma4=4 (imp=0.379); tests_ma8=4 (imp=0.0883); tests_lag1=5 (imp=0.0273); tests_pct_estadual=0.154 (imp=0.414); tests=1 (imp=0.0167),Predito,sklearn_gb_pressao_familia_v1,pressao_v1
SANTA RITA DO TRIVELATO,outros,2026,32,0.1145,0.39999999999999997,False,baixa,1.42,1,tests_ma8=1.57 (imp=0.594); indice_pressao_proxy=1.42 (imp=0.0767); tests_ma4=1 (imp=0.0884); tests=1 (imp=0.0338); tests_lag1=1 (imp=0.0272),Predito,sklearn_gb_pressao_familia_v1,pressao_v1
HUMAITA,arbovirose,2025,22,0.1142,0.44999999999999996,False,baixa,0.25,1,tests_ma4=2.75 (imp=0.379); tests_ma8=2.62 (imp=0.0883); tests_lag1=3 (imp=0.0273); tests_pct_estadual=0.144 (imp=0.414); tests=1 (imp=0.0167),Predito,sklearn_gb_pressao_familia_v1,pressao_v1
NORTELANDIA,arbovirose,2025,21,0.1135,0.44999999999999996,False,baixa,0.17,1,tests_ma4=1.75 (imp=0.379); tests_ma8=2.25 (imp=0.0883); tests_pct_estadual=0.152 (imp=0.414); tests_lag1=2 (imp=0.0273); tests=1 (imp=0.0167),Predito,sklearn_gb_pressao_familia_v1,pressao_v1
ANANINDEUA,arbovirose,2025,24,0.1135,0.44999999999999996,False,baixa,0.37,1,tests_ma4=2.5 (imp=0.379); tests_ma8=2.5 (imp=0.0883); tests_pct_estadual=0.13 (imp=0.414); tests_lag1=1 (imp=0.0273); tests=1 (imp=0.0167),Predito,sklearn_gb_pressao_familia_v1,pressao_v1
NOVA XAVANTINA,respiratorio,2026,32,0.1129,0.35,False,baixa,2.85,1,tests_ma8=1.62 (imp=0.212); tests_pct_estadual=0.4 (imp=0.468); indice_pressao_proxy=2.85 (imp=0.0587); tests_ma4=1.25 (imp=0.0783); tests_lag1=1 (imp=0.0454),Predito,sklearn_gb_pressao_familia_v1,pressao_v1
GUIA LOPES DA LAGUNA,outros,2026,18,0.1129,0.39999999999999997,False,baixa,7.88,4,tests=4 (imp=0.0338); tests_lag1=nan (imp=0.0272); tests_ma4=nan (imp=0.0884); tests_ma8=nan (imp=0.594); tests_trend=nan (imp=0.0302),Predito,sklearn_gb_pressao_familia_v1,pressao_v1
DOM AQUINO,respiratorio,2026,32,0.1129,0.35,False,baixa,2.85,1,tests_ma8=1.43 (imp=0.212); tests_pct_estadual=0.4 (imp=0.468); indice_pressao_proxy=2.85 (imp=0.0587); tests_ma4=1 (imp=0.0783); tests_lag1=1 (imp=0.0454),Predito,sklearn_gb_pressao_familia_v1,pressao_v1
SENADOR CANEDO,arbovirose,2026,2,0.1126,0.44999999999999996,False,baixa,1.0,1,tests_ma4=2 (imp=0.379); tests_ma8=2 (imp=0.0883); tests_pct_estadual=0.158 (imp=0.414); tests_lag1=2 (imp=0.0273); tests=1 (imp=0.0167),Predito,sklearn_gb_pressao_familia_v1,pressao_v1
ITACOATIARA,arbovirose,2025,23,0.1124,0.44999999999999996,False,baixa,0.22,1,tests_ma4=2.25 (imp=0.379); tests_ma8=2.17 (imp=0.0883); tests_lag1=6 (imp=0.0273); tests_pct_estadual=0.178 (imp=0.414); tests=1 (imp=0.0167),Predito,sklearn_gb_pressao_familia_v1,pressao_v1
ANAPOLIS,arbovirose,2025,28,0.1124,0.44999999999999996,False,baixa,1.0,2,tests_ma4=2 (imp=0.379); tests_ma8=2 (imp=0.0883); tests=2 (imp=0.0167); tests_pct_estadual=0.0794 (imp=0.414); tests_lag1=1 (imp=0.0273),Predito,sklearn_gb_pressao_familia_v1,pressao_v1
GRAJAU,arbovirose,2025,13,0.1124,0.44999999999999996,False,baixa,0.16,1,tests_ma4=2.25 (imp=0.379); tests_ma8=2.2 (imp=0.0883); tests_lag1=6 (imp=0.0273); tests_pct_estadual=0.164 (imp=0.414); tests=1 (imp=0.0167),Predito,sklearn_gb_pressao_familia_v1,pressao_v1
GLORIA D''OESTE,arbovirose,2025,21,0.112,0.44999999999999996,False,baixa,0.17,1,tests_ma4=6 (imp=0.379); tests_ma8=4.33 (imp=0.0883); tests_pct_estadual=0.152 (imp=0.414); tests_trend=1.67 (imp=0.0236); tests_lag1=1 (imp=0.0273),Predito,sklearn_gb_pressao_familia_v1,pressao_v1
COCALINHO,respiratorio,2026,18,0.1118,0.35,False,baixa,1.02,1,tests_ma8=3.67 (imp=0.212); tests_ma4=3.67 (imp=0.0783); tests_pct_estadual=0.309 (imp=0.468); indice_pressao_proxy=1.02 (imp=0.0587); tests_lag1=1 (imp=0.0454),Predito,sklearn_gb_pressao_familia_v1,pressao_v1
ASSIS,respiratorio,2025,45,0.1118,0.35,False,baixa,6.61,2,tests_ma8=2.33 (imp=0.212); indice_pressao_proxy=6.61 (imp=0.0587); tests_pct_estadual=0.575 (imp=0.468); tests_ma4=2.33 (imp=0.0783); tests_lag1=2 (imp=0.0454),Predito,sklearn_gb_pressao_familia_v1,pressao_v1
SIDROLANDIA,arbovirose,2025,15,0.1117,0.44999999999999996,False,baixa,0.3,1,tests_ma4=2.25 (imp=0.379); tests_ma8=2.25 (imp=0.0883); tests_pct_estadual=0.186 (imp=0.414); tests_lag1=1 (imp=0.0273); tests=1 (imp=0.0167),Predito,sklearn_gb_pressao_familia_v1,pressao_v1
BARRA DOS COQUEIROS,arbovirose,2025,8,0.1116,0.44999999999999996,False,baixa,0.59,2,tests_ma4=2 (imp=0.379); tests_ma8=2 (imp=0.0883); tests_pct_estadual=0.317 (imp=0.414); tests=2 (imp=0.0167); tests_lag1=1 (imp=0.0273),Predito,sklearn_gb_pressao_familia_v1,pressao_v1
TUCURUI,arbovirose,2025,28,0.1114,0.44999999999999996,False,baixa,1.5,3,tests_ma4=2 (imp=0.379); tests_ma8=2 (imp=0.0883); tests_pct_estadual=0.23 (imp=0.414); tests=3 (imp=0.0167); tests_lag1=1 (imp=0.0273),Predito,sklearn_gb_pressao_familia_v1,pressao_v1
NOVA GUARITA,arbovirose,2026,15,0.111,0.44999999999999996,False,baixa,1.11,1,tests_ma4=6.25 (imp=0.379); tests_ma8=24.9 (imp=0.0883); tests_trend=-18.6 (imp=0.0236); tests_lag1=7 (imp=0.0273); tests_pct_estadual=0.122 (imp=0.414),Predito,sklearn_gb_pressao_familia_v1,pressao_v1
NOVA LACERDA,tuberculose,2026,33,0.1107,0.25,False,baixa,2.45,2,tests_ma4=1.5 (imp=0.466); tests_ma8=2 (imp=0.272); indice_pressao_proxy=2.45 (imp=0.024); tests_pct_estadual=0.524 (imp=0.11); tests=2 (imp=0.0222),Predito,sklearn_gb_pressao_familia_v1,pressao_v1
CAPINZAL,arbovirose,2025,14,0.1107,0.44999999999999996,False,baixa,0.16,1,tests_ma4=3 (imp=0.379); tests_ma8=3 (imp=0.0883); tests_pct_estadual=0.132 (imp=0.414); tests_lag1=1 (imp=0.0273); tests=1 (imp=0.0167),Predito,sklearn_gb_pressao_familia_v1,pressao_v1
CANABRAVA DO NORTE,outros,2026,27,0.1103,0.39999999999999997,False,baixa,4.41,3,tests_ma4=4 (imp=0.0884); indice_pressao_proxy=4.41 (imp=0.0767); tests_lag1=5 (imp=0.0272); tests=3 (imp=0.0338); tests_ma8=nan (imp=0.594),Predito,sklearn_gb_pressao_familia_v1,pressao_v1
LAMBARI D''OESTE,respiratorio,2026,29,0.1099,0.35,False,baixa,2.06,1,tests_ma8=2 (imp=0.212); tests_pct_estadual=0.364 (imp=0.468); indice_pressao_proxy=2.06 (imp=0.0587); tests_ma4=1.25 (imp=0.0783); tests_lag1=1 (imp=0.0454),Predito,sklearn_gb_pressao_familia_v1,pressao_v1
NOVA LACERDA,respiratorio,2026,34,0.1099,0.35,False,baixa,1.51,1,tests_ma8=2 (imp=0.212); tests_pct_estadual=0.333 (imp=0.468); tests_ma4=1.5 (imp=0.0783); indice_pressao_proxy=1.51 (imp=0.0587); tests_lag1=1 (imp=0.0454),Predito,sklearn_gb_pressao_familia_v1,pressao_v1
PORTO ALEGRE DO NORTE,respiratorio,2025,36,0.1099,0.35,False,baixa,2.07,1,tests_ma8=1.88 (imp=0.212); tests_pct_estadual=0.361 (imp=0.468); indice_pressao_proxy=2.07 (imp=0.0587); tests_ma4=1.25 (imp=0.0783); tests_lag1=1 (imp=0.0454),Predito,sklearn_gb_pressao_familia_v1,pressao_v1
SAO JOSE DO RIO CLARO,respiratorio,2026,33,0.1099,0.35,False,baixa,1.96,1,tests_ma8=1.88 (imp=0.212); tests_pct_estadual=0.375 (imp=0.468); indice_pressao_proxy=1.96 (imp=0.0587); tests_ma4=1 (imp=0.0783); tests_trend=-0.875 (imp=0.0585),Predito,sklearn_gb_pressao_familia_v1,pressao_v1
GOIANIA,respiratorio,2026,21,0.1099,0.35,False,baixa,1.71,1,tests_ma8=2.17 (imp=0.212); tests_pct_estadual=0.312 (imp=0.468); indice_pressao_proxy=1.71 (imp=0.0587); tests_ma4=1.25 (imp=0.0783); tests_lag1=2 (imp=0.0454),Predito,sklearn_gb_pressao_familia_v1,pressao_v1
SAO FELIX DO ARAGUAIA,respiratorio,2026,27,0.1099,0.35,False,baixa,1.43,1,tests_ma8=2 (imp=0.212); tests_pct_estadual=0.364 (imp=0.468); tests_ma4=1.25 (imp=0.0783); indice_pressao_proxy=1.43 (imp=0.0587); tests_lag1=1 (imp=0.0454),Predito,sklearn_gb_pressao_familia_v1,pressao_v1
JUARA,respiratorio,2026,35,0.1099,0.35,False,baixa,2.5,1,tests_ma8=1.88 (imp=0.212); tests_pct_estadual=0.333 (imp=0.468); indice_pressao_proxy=2.5 (imp=0.0587); tests_ma4=1 (imp=0.0783); tests_trend=-0.875 (imp=0.0585),Predito,sklearn_gb_pressao_familia_v1,pressao_v1
COLIDER,respiratorio,2026,36,0.1099,0.35,False,baixa,2.53,1,tests_ma8=2.12 (imp=0.212); tests_pct_estadual=0.362 (imp=0.468); indice_pressao_proxy=2.53 (imp=0.0587); tests_ma4=1.25 (imp=0.0783); tests_trend=-0.875 (imp=0.0585),Predito,sklearn_gb_pressao_familia_v1,pressao_v1
MIRASSOL D''OESTE,respiratorio,2026,35,0.1099,0.35,False,baixa,2.5,1,tests_ma8=1.88 (imp=0.212); tests_pct_estadual=0.333 (imp=0.468); indice_pressao_proxy=2.5 (imp=0.0587); tests_ma4=1 (imp=0.0783); tests_trend=-0.875 (imp=0.0585),Predito,sklearn_gb_pressao_familia_v1,pressao_v1
TESOURO,tuberculose,2026,33,0.1094,0.25,False,baixa,1.23,1,tests_ma4=1.75 (imp=0.466); tests_ma8=1.88 (imp=0.272); indice_pressao_proxy=1.23 (imp=0.024); tests_pct_estadual=0.242 (imp=0.11); tests=1 (imp=0.0222),Predito,sklearn_gb_pressao_familia_v1,pressao_v1
LARANJAL DO JARI,outros,2025,48,0.1082,0.39999999999999997,False,baixa,5.25,2,indice_pressao_proxy=5.25 (imp=0.0767); tests_ma4=1.5 (imp=0.0884); tests=2 (imp=0.0338); tests_lag1=1 (imp=0.0272); tests_ma8=nan (imp=0.594),Predito,sklearn_gb_pressao_familia_v1,pressao_v1
SAO FELIX DO XINGU,arbovirose,2026,32,0.1081,0.44999999999999996,False,baixa,8.85,5,tests=5 (imp=0.0167); tests_lag1=nan (imp=0.0273); tests_ma4=nan (imp=0.379); tests_ma8=nan (imp=0.0883); tests_trend=nan (imp=0.0236),Predito,sklearn_gb_pressao_familia_v1,pressao_v1
NOVA CANAA DO NORTE,respiratorio,2026,36,0.1077,0.35,False,baixa,2.53,1,tests_ma8=1.25 (imp=0.212); tests_pct_estadual=0.362 (imp=0.468); indice_pressao_proxy=2.53 (imp=0.0587); tests_lag1=3 (imp=0.0454); tests_ma4=1.5 (imp=0.0783),Predito,sklearn_gb_pressao_familia_v1,pressao_v1
MARACAJU,arbovirose,2025,12,0.1071,0.44999999999999996,False,baixa,0.23,1,tests_ma4=3.25 (imp=0.379); tests_ma8=2.8 (imp=0.0883); tests_pct_estadual=0.0688 (imp=0.414); tests_lag1=1 (imp=0.0273); tests=1 (imp=0.0167),Predito,sklearn_gb_pressao_familia_v1,pressao_v1
GRAJAU,outros,2026,10,0.1071,0.39999999999999997,False,baixa,4.35,3,tests=3 (imp=0.0338); tests_lag1=nan (imp=0.0272); tests_ma4=nan (imp=0.0884); tests_ma8=nan (imp=0.594); tests_trend=nan (imp=0.0302),Predito,sklearn_gb_pressao_familia_v1,pressao_v1
IPORA DO OESTE,outros,2026,27,0.1071,0.39999999999999997,False,baixa,4.41,3,tests=3 (imp=0.0338); tests_lag1=nan (imp=0.0272); tests_ma4=nan (imp=0.0884); tests_ma8=nan (imp=0.594); tests_trend=nan (imp=0.0302),Predito,sklearn_gb_pressao_familia_v1,pressao_v1
PALMEIRAS DE GOIAS,outros,2025,49,0.1069,0.39999999999999997,False,baixa,20.74,7,tests=7 (imp=0.0338); tests_lag1=nan (imp=0.0272); tests_ma4=nan (imp=0.0884); tests_ma8=nan (imp=0.594); tests_trend=nan (imp=0.0302),Predito,sklearn_gb_pressao_familia_v1,pressao_v1
BARRA DO GARCAS,respiratorio,2026,34,0.1066,0.35,False,baixa,1.51,1,tests_ma8=1.38 (imp=0.212); tests_pct_estadual=0.333 (imp=0.468); tests_ma4=1.75 (imp=0.0783); tests_lag1=2 (imp=0.0454); indice_pressao_proxy=1.51 (imp=0.0587),Predito,sklearn_gb_pressao_familia_v1,pressao_v1
NOVA SANTA HELENA,respiratorio,2026,27,0.1066,0.35,False,baixa,1.43,1,tests_ma8=1.12 (imp=0.212); tests_pct_estadual=0.364 (imp=0.468); tests_ma4=1.25 (imp=0.0783); indice_pressao_proxy=1.43 (imp=0.0587); tests_lag1=1 (imp=0.0454),Predito,sklearn_gb_pressao_familia_v1,pressao_v1
ITAUBA,respiratorio,2026,29,0.1066,0.35,False,baixa,2.06,1,tests_ma8=1.38 (imp=0.212); tests_pct_estadual=0.364 (imp=0.468); indice_pressao_proxy=2.06 (imp=0.0587); tests_ma4=1.5 (imp=0.0783); tests_lag1=2 (imp=0.0454),Predito,sklearn_gb_pressao_familia_v1,pressao_v1
ITANHANGA,outros,2026,13,0.1064,0.39999999999999997,False,baixa,1.67,1,tests_ma8=2 (imp=0.594); tests_ma4=2 (imp=0.0884); indice_pressao_proxy=1.67 (imp=0.0767); tests_lag1=4 (imp=0.0272); tests=1 (imp=0.0338),Predito,sklearn_gb_pressao_familia_v1,pressao_v1
ACREUNA,tuberculose,2026,20,0.1064,0.25,False,baixa,1.69,1,tests_ma4=2 (imp=0.466); tests_ma8=1.8 (imp=0.272); indice_pressao_proxy=1.69 (imp=0.024); tests_lag1=2 (imp=0.0179); tests_pct_estadual=0.272 (imp=0.11),Predito,sklearn_gb_pressao_familia_v1,pressao_v1
CUMARU DO NORTE,outros,2026,33,0.1061,0.39999999999999997,False,baixa,4.51,2,tests=2 (imp=0.0338); tests_lag1=nan (imp=0.0272); tests_ma4=nan (imp=0.0884); tests_ma8=nan (imp=0.594); tests_trend=nan (imp=0.0302),Predito,sklearn_gb_pressao_familia_v1,pressao_v1
DENISE,respiratorio,2026,18,0.1058,0.35,False,baixa,1.02,1,tests_ma8=2 (imp=0.212); tests_pct_estadual=0.309 (imp=0.468); tests_ma4=1.25 (imp=0.0783); indice_pressao_proxy=1.02 (imp=0.0587); tests_lag1=1 (imp=0.0454),Predito,sklearn_gb_pressao_familia_v1,pressao_v1
CAMPO VERDE,respiratorio,2026,36,0.1057,0.35,False,baixa,2.53,1,tests_ma8=1.5 (imp=0.212); tests_pct_estadual=0.362 (imp=0.468); indice_pressao_proxy=2.53 (imp=0.0587); tests_ma4=1.75 (imp=0.0783); tests_lag1=1 (imp=0.0454),Predito,sklearn_gb_pressao_familia_v1,pressao_v1
DIAMANTINO,respiratorio,2026,36,0.1057,0.35,False,baixa,2.53,1,tests_ma8=1.25 (imp=0.212); tests_pct_estadual=0.362 (imp=0.468); indice_pressao_proxy=2.53 (imp=0.0587); tests_ma4=1.5 (imp=0.0783); tests_lag1=1 (imp=0.0454),Predito,sklearn_gb_pressao_familia_v1,pressao_v1
COTRIGUACU,respiratorio,2026,26,0.1057,0.35,False,baixa,1.98,1,tests_ma8=1.5 (imp=0.212); tests_pct_estadual=0.375 (imp=0.468); tests_ma4=1.75 (imp=0.0783); indice_pressao_proxy=1.98 (imp=0.0587); tests_lag1=1 (imp=0.0454),Predito,sklearn_gb_pressao_familia_v1,pressao_v1
GOVERNADOR NUNES FREIRE,arbovirose,2026,10,0.1052,0.44999999999999996,False,baixa,0.86,1,tests_ma4=2 (imp=0.379); tests_ma8=2 (imp=0.0883); tests_lag1=4 (imp=0.0273); tests_pct_estadual=0.112 (imp=0.414); tests=1 (imp=0.0167),Predito,sklearn_gb_pressao_familia_v1,pressao_v1
CLAUDIA,respiratorio,2026,27,0.105,0.35,False,baixa,1.43,1,tests_ma8=2.33 (imp=0.212); tests_ma4=2.33 (imp=0.0783); tests_pct_estadual=0.364 (imp=0.468); tests_lag1=2 (imp=0.0454); indice_pressao_proxy=1.43 (imp=0.0587),Predito,sklearn_gb_pressao_familia_v1,pressao_v1
PORTO VELHO,outros,2026,21,0.1041,0.39999999999999997,False,baixa,2.16,1,tests_ma8=1.75 (imp=0.594); indice_pressao_proxy=2.16 (imp=0.0767); tests_ma4=1.75 (imp=0.0884); tests_lag1=2 (imp=0.0272); tests=1 (imp=0.0338),Predito,sklearn_gb_pressao_familia_v1,pressao_v1
VILA BELA DA SANTISSIMA TRINDADE,outros,2026,15,0.1041,0.39999999999999997,False,baixa,2.08,1,tests_ma8=1.67 (imp=0.594); indice_pressao_proxy=2.08 (imp=0.0767); tests_ma4=1.67 (imp=0.0884); tests_lag1=2 (imp=0.0272); tests=1 (imp=0.0338),Predito,sklearn_gb_pressao_familia_v1,pressao_v1
ARAPIRACA,arbovirose,2025,13,0.1037,0.44999999999999996,False,baixa,0.16,1,tests_ma4=2 (imp=0.379); tests_ma8=2 (imp=0.0883); tests_pct_estadual=0.164 (imp=0.414); tests_lag1=2 (imp=0.0273); tests=1 (imp=0.0167),Predito,sklearn_gb_pressao_familia_v1,pressao_v1
BARRAS,arbovirose,2025,23,0.1037,0.44999999999999996,False,baixa,0.22,1,tests_ma4=2 (imp=0.379); tests_ma8=2 (imp=0.0883); tests_pct_estadual=0.178 (imp=0.414); tests_lag1=1 (imp=0.0273); tests=1 (imp=0.0167),Predito,sklearn_gb_pressao_familia_v1,pressao_v1
PONTE BRANCA,outros,2026,18,0.103,0.39999999999999997,False,baixa,13.79,7,tests=7 (imp=0.0338); tests_lag1=nan (imp=0.0272); tests_ma4=nan (imp=0.0884); tests_ma8=nan (imp=0.594); tests_trend=nan (imp=0.0302),Predito,sklearn_gb_pressao_familia_v1,pressao_v1
CANDEIAS DO JAMARI,tuberculose,2026,25,0.1028,0.25,False,baixa,1.79,1,tests_ma4=1.25 (imp=0.466); tests_ma8=1.4 (imp=0.272); indice_pressao_proxy=1.79 (imp=0.024); tests_pct_estadual=0.239 (imp=0.11); tests=1 (imp=0.0222),Predito,sklearn_gb_pressao_familia_v1,pressao_v1
FLORIANOPOLIS,arbovirose,2025,34,0.1022,0.44999999999999996,False,baixa,1.64,3,tests_ma4=2.5 (imp=0.379); tests_ma8=2.29 (imp=0.0883); tests_pct_estadual=0.281 (imp=0.414); tests=3 (imp=0.0167); tests_lag1=1 (imp=0.0273),Predito,sklearn_gb_pressao_familia_v1,pressao_v1
SANTA MARIA DAS BARREIRAS,arbovirose,2025,17,0.1021,0.44999999999999996,False,baixa,0.38,2,tests_ma4=2.25 (imp=0.379); tests_ma8=2.25 (imp=0.0883); tests_pct_estadual=0.247 (imp=0.414); tests=2 (imp=0.0167); tests_lag1=1 (imp=0.0273),Predito,sklearn_gb_pressao_familia_v1,pressao_v1
CONQUISTA D''OESTE,outros,2026,16,0.1014,0.39999999999999997,False,baixa,1.15,1,tests_ma8=1.5 (imp=0.594); tests_ma4=1.5 (imp=0.0884); indice_pressao_proxy=1.15 (imp=0.0767); tests_lag1=2 (imp=0.0272); tests=1 (imp=0.0338),Predito,sklearn_gb_pressao_familia_v1,pressao_v1
PONTES E LACERDA,hepatite,2026,35,0.1011,0.35,False,baixa,1.48,1,tests_ma8=2.5 (imp=0.486); tests_ma4=1.25 (imp=0.306); indice_pressao_proxy=1.48 (imp=0.0338); tests_lag1=1 (imp=0.0495); tests=1 (imp=0.0458),Predito,sklearn_gb_pressao_familia_v1,pressao_v1
MANAUS,outros,2025,49,0.1009,0.39999999999999997,False,baixa,5.93,2,indice_pressao_proxy=5.93 (imp=0.0767); tests_ma4=4 (imp=0.0884); tests_lag1=6 (imp=0.0272); tests=2 (imp=0.0338); tests_ma8=nan (imp=0.594),Predito,sklearn_gb_pressao_familia_v1,pressao_v1
COMODORO,respiratorio,2026,35,0.1005,0.35,False,baixa,2.5,1,tests_ma8=1.25 (imp=0.212); tests_pct_estadual=0.333 (imp=0.468); indice_pressao_proxy=2.5 (imp=0.0587); tests_ma4=1.5 (imp=0.0783); tests_lag1=1 (imp=0.0454),Predito,sklearn_gb_pressao_familia_v1,pressao_v1
GUARULHOS,outros,2024,38,0.1002,0.39999999999999997,False,baixa,5.96,3,tests=3 (imp=0.0338); tests_lag1=nan (imp=0.0272); tests_ma4=nan (imp=0.0884); tests_ma8=nan (imp=0.594); tests_trend=nan (imp=0.0302),Predito,sklearn_gb_pressao_familia_v1,pressao_v1
PORTO ALEGRE,outros,2024,38,0.1002,0.39999999999999997,False,baixa,5.96,3,tests=3 (imp=0.0338); tests_lag1=nan (imp=0.0272); tests_ma4=nan (imp=0.0884); tests_ma8=nan (imp=0.594); tests_trend=nan (imp=0.0302),Predito,sklearn_gb_pressao_familia_v1,pressao_v1
TORIXOREU,tuberculose,2025,12,0.0999,0.25,False,baixa,3.06,2,tests_ma4=1.33 (imp=0.466); tests_ma8=1.33 (imp=0.272); indice_pressao_proxy=3.06 (imp=0.024); tests_pct_estadual=0.462 (imp=0.11); notificacoes=1 (imp=0.0471),Predito,sklearn_gb_pressao_familia_v1,pressao_v1
RIBEIRAO CASCALHEIRA,hepatite,2026,33,0.0991,0.35,False,baixa,2.58,1,tests_ma8=2 (imp=0.486); tests_ma4=1.5 (imp=0.306); indice_pressao_proxy=2.58 (imp=0.0338); tests_lag1=1 (imp=0.0495); tests=1 (imp=0.0458),Predito,sklearn_gb_pressao_familia_v1,pressao_v1
VILA RICA,hepatite,2026,33,0.0989,0.35,False,baixa,2.58,1,tests_ma8=2 (imp=0.486); tests_ma4=1 (imp=0.306); indice_pressao_proxy=2.58 (imp=0.0338); tests_lag1=1 (imp=0.0495); tests=1 (imp=0.0458),Predito,sklearn_gb_pressao_familia_v1,pressao_v1
OURO PRETO DO OESTE,tuberculose,2026,22,0.0984,0.25,False,baixa,2.31,1,tests_ma4=1.25 (imp=0.466); tests_ma8=1.43 (imp=0.272); indice_pressao_proxy=2.31 (imp=0.024); tests_pct_estadual=0.27 (imp=0.11); tests=1 (imp=0.0222),Predito,sklearn_gb_pressao_familia_v1,pressao_v1
PARANAITA,hepatite,2026,30,0.098,0.35,False,baixa,13.33,3,tests_ma8=1.38 (imp=0.486); tests_ma4=1.5 (imp=0.306); indice_pressao_proxy=13.3 (imp=0.0338); tests=3 (imp=0.0458); tests_lag1=1 (imp=0.0495),Predito,sklearn_gb_pressao_familia_v1,pressao_v1
ITAJAI,outros,2026,12,0.0979,0.39999999999999997,False,baixa,5.16,2,tests=2 (imp=0.0338); tests_lag1=nan (imp=0.0272); tests_ma4=nan (imp=0.0884); tests_ma8=nan (imp=0.594); tests_trend=nan (imp=0.0302),Predito,sklearn_gb_pressao_familia_v1,pressao_v1
ARAGUAIANA,respiratorio,2025,13,0.097,0.35,False,baixa,4.12,5,tests=5 (imp=0.0304); tests_lag1=nan (imp=0.0454); tests_ma4=nan (imp=0.0783); tests_ma8=nan (imp=0.212); tests_trend=nan (imp=0.0585),Predito,sklearn_gb_pressao_familia_v1,pressao_v1
CASEARA,outros,2026,2,0.0968,0.39999999999999997,False,baixa,13.38,5,tests=5 (imp=0.0338); tests_lag1=nan (imp=0.0272); tests_ma4=nan (imp=0.0884); tests_ma8=nan (imp=0.594); tests_trend=nan (imp=0.0302),Predito,sklearn_gb_pressao_familia_v1,pressao_v1
PORTO ALEGRE DO NORTE,tuberculose,2026,32,0.0967,0.25,False,baixa,1.11,1,tests_ma4=1.5 (imp=0.466); tests_ma8=1.88 (imp=0.272); tests_pct_estadual=0.286 (imp=0.11); indice_pressao_proxy=1.11 (imp=0.024); tests=1 (imp=0.0222),Predito,sklearn_gb_pressao_familia_v1,pressao_v1
TABAPORA,respiratorio,2026,14,0.0965,0.35,False,baixa,0.89,1,tests_ma8=3.75 (imp=0.212); tests_ma4=3.75 (imp=0.0783); tests_pct_estadual=0.226 (imp=0.468); tests_lag1=2 (imp=0.0454); indice_pressao_proxy=0.89 (imp=0.0587),Predito,sklearn_gb_pressao_familia_v1,pressao_v1
PACARAIMA,outros,2025,14,0.0964,0.39999999999999997,False,baixa,7.23,3,indice_pressao_proxy=7.23 (imp=0.0767); tests_ma4=4 (imp=0.0884); tests_lag1=5 (imp=0.0272); tests=3 (imp=0.0338); tests_ma8=nan (imp=0.594),Predito,sklearn_gb_pressao_familia_v1,pressao_v1
CURITIBA,outros,2026,8,0.0957,0.39999999999999997,False,baixa,2.08,1,tests_ma8=1.4 (imp=0.594); indice_pressao_proxy=2.08 (imp=0.0767); tests_ma4=1.5 (imp=0.0884); tests_lag1=3 (imp=0.0272); tests=1 (imp=0.0338),Predito,sklearn_gb_pressao_familia_v1,pressao_v1
SAO LUIS,tuberculose,2026,27,0.0954,0.25,False,baixa,2.52,1,tests_ma4=1.25 (imp=0.466); tests_ma8=1.62 (imp=0.272); indice_pressao_proxy=2.52 (imp=0.024); tests_pct_estadual=0.274 (imp=0.11); tests=1 (imp=0.0222),Predito,sklearn_gb_pressao_familia_v1,pressao_v1
NOVO SANTO ANTONIO,tuberculose,2025,22,0.0954,0.25,False,baixa,2.32,2,tests_ma4=1.25 (imp=0.466); tests_ma8=1.67 (imp=0.272); tests_pct_estadual=0.572 (imp=0.11); indice_pressao_proxy=2.32 (imp=0.024); tests=2 (imp=0.0222),Predito,sklearn_gb_pressao_familia_v1,pressao_v1
SALVADOR,tuberculose,2025,12,0.0954,0.25,False,baixa,3.06,2,tests_ma4=1.25 (imp=0.466); tests_ma8=1.67 (imp=0.272); indice_pressao_proxy=3.06 (imp=0.024); tests_pct_estadual=0.462 (imp=0.11); tests=2 (imp=0.0222),Predito,sklearn_gb_pressao_familia_v1,pressao_v1
SAO PEDRO DA CIPA,tuberculose,2026,29,0.0947,0.25,False,baixa,0.99,1,tests_ma4=1.25 (imp=0.466); tests_ma8=1.38 (imp=0.272); tests_lag1=2 (imp=0.0179); indice_pressao_proxy=0.99 (imp=0.024); tests=1 (imp=0.0222),Predito,sklearn_gb_pressao_familia_v1,pressao_v1
TAPURAH,tuberculose,2026,36,0.0946,0.25,False,baixa,1.09,1,tests_ma4=1.75 (imp=0.466); tests_ma8=1.88 (imp=0.272); indice_pressao_proxy=1.09 (imp=0.024); tests=1 (imp=0.0222); tests_pct_estadual=0.177 (imp=0.11),Predito,sklearn_gb_pressao_familia_v1,pressao_v1
COLATINA,arbovirose,2026,31,0.0942,0.44999999999999996,False,baixa,10.53,2,tests=2 (imp=0.0167); tests_lag1=nan (imp=0.0273); tests_ma4=nan (imp=0.379); tests_ma8=nan (imp=0.0883); tests_trend=nan (imp=0.0236),Predito,sklearn_gb_pressao_familia_v1,pressao_v1
CURVELANDIA,tuberculose,2026,27,0.0942,0.25,False,baixa,2.52,1,tests_ma4=2.25 (imp=0.466); tests_ma8=1.83 (imp=0.272); indice_pressao_proxy=2.52 (imp=0.024); tests_lag1=2 (imp=0.0179); tests_pct_estadual=0.274 (imp=0.11),Predito,sklearn_gb_pressao_familia_v1,pressao_v1
TAIPAS DO TOCANTINS,outros,2026,1,0.0936,0.39999999999999997,False,baixa,7.79,3,tests=3 (imp=0.0338); tests_lag1=nan (imp=0.0272); tests_ma4=nan (imp=0.0884); tests_ma8=nan (imp=0.594); tests_trend=nan (imp=0.0302),Predito,sklearn_gb_pressao_familia_v1,pressao_v1
PORTO ESTRELA,arbovirose,2025,48,0.0933,0.44999999999999996,False,baixa,7.5,5,tests_ma4=2.25 (imp=0.379); tests_pct_estadual=0.617 (imp=0.414); tests_ma8=1.86 (imp=0.0883); indice_pressao_proxy=7.5 (imp=0.0141); tests=5 (imp=0.0167),Predito,sklearn_gb_pressao_familia_v1,pressao_v1
ALTO ARAGUAIA,tuberculose,2026,35,0.0932,0.25,False,baixa,2.08,1,tests_ma4=1.25 (imp=0.466); tests_ma8=1.5 (imp=0.272); indice_pressao_proxy=2.08 (imp=0.024); tests=1 (imp=0.0222); tests_pct_estadual=0.2 (imp=0.11),Predito,sklearn_gb_pressao_familia_v1,pressao_v1
VERA,tuberculose,2026,27,0.0926,0.25,False,baixa,5.05,2,tests_ma4=1.25 (imp=0.466); tests_ma8=1.88 (imp=0.272); indice_pressao_proxy=5.05 (imp=0.024); tests_pct_estadual=0.62 (imp=0.11); tests=2 (imp=0.0222),Predito,sklearn_gb_pressao_familia_v1,pressao_v1
ITAITUBA,tuberculose,2026,20,0.0923,0.25,False,baixa,1.69,1,tests_ma4=1.75 (imp=0.466); tests_ma8=1.62 (imp=0.272); indice_pressao_proxy=1.69 (imp=0.024); tests_pct_estadual=0.272 (imp=0.11); tests=1 (imp=0.0222),Predito,sklearn_gb_pressao_familia_v1,pressao_v1
RIO VERDE,tuberculose,2026,36,0.0923,0.25,False,baixa,2.18,2,tests_ma4=2.25 (imp=0.466); tests_ma8=1.75 (imp=0.272); tests_pct_estadual=0.49 (imp=0.11); indice_pressao_proxy=2.18 (imp=0.024); tests=2 (imp=0.0222),Predito,sklearn_gb_pressao_familia_v1,pressao_v1
BOA ESPERANCA DO NORTE,tuberculose,2026,33,0.0923,0.25,False,baixa,1.23,1,tests_ma4=1.75 (imp=0.466); tests_ma8=1.75 (imp=0.272); tests_lag1=2 (imp=0.0179); indice_pressao_proxy=1.23 (imp=0.024); tests_pct_estadual=0.242 (imp=0.11),Predito,sklearn_gb_pressao_familia_v1,pressao_v1
BARAO DE GRAJAU,arbovirose,2026,10,0.092,0.44999999999999996,False,baixa,5.15,6,tests=6 (imp=0.0167); tests_lag1=nan (imp=0.0273); tests_ma4=nan (imp=0.379); tests_ma8=nan (imp=0.0883); tests_trend=nan (imp=0.0236),Predito,sklearn_gb_pressao_familia_v1,pressao_v1
PATU,arbovirose,2026,2,0.092,0.44999999999999996,False,baixa,5.99,6,tests=6 (imp=0.0167); tests_lag1=nan (imp=0.0273); tests_ma4=nan (imp=0.379); tests_ma8=nan (imp=0.0883); tests_trend=nan (imp=0.0236),Predito,sklearn_gb_pressao_familia_v1,pressao_v1
CARUTAPERA,arbovirose,2026,23,0.092,0.44999999999999996,False,baixa,5.74,6,tests=6 (imp=0.0167); tests_lag1=nan (imp=0.0273); tests_ma4=nan (imp=0.379); tests_ma8=nan (imp=0.0883); tests_trend=nan (imp=0.0236),Predito,sklearn_gb_pressao_familia_v1,pressao_v1
MARINGA,tuberculose,2026,24,0.0913,0.25,False,baixa,4.48,2,tests_ma4=2 (imp=0.466); tests_ma8=1.88 (imp=0.272); indice_pressao_proxy=4.48 (imp=0.024); tests_pct_estadual=0.494 (imp=0.11); tests_lag1=3 (imp=0.0179),Predito,sklearn_gb_pressao_familia_v1,pressao_v1
NOVA CANAA PAULISTA,arbovirose,2025,14,0.0913,0.44999999999999996,False,baixa,0.47,3,tests_ma4=2 (imp=0.379); tests_pct_estadual=0.452 (imp=0.414); tests_ma8=2 (imp=0.0883); tests=3 (imp=0.0167); tests_lag1=1 (imp=0.0273),Predito,sklearn_gb_pressao_familia_v1,pressao_v1
FELIZ NATAL,tuberculose,2026,35,0.091,0.25,False,baixa,2.08,1,tests_ma4=2.25 (imp=0.466); tests_ma8=1.62 (imp=0.272); tests_lag1=6 (imp=0.0179); indice_pressao_proxy=2.08 (imp=0.024); tests=1 (imp=0.0222),Predito,sklearn_gb_pressao_familia_v1,pressao_v1
RECIFE,outros,2024,48,0.0907,0.39999999999999997,False,baixa,8.57,3,tests=3 (imp=0.0338); tests_lag1=nan (imp=0.0272); tests_ma4=nan (imp=0.0884); tests_ma8=nan (imp=0.594); tests_trend=nan (imp=0.0302),Predito,sklearn_gb_pressao_familia_v1,pressao_v1
CONCORDIA,outros,2025,36,0.0907,0.39999999999999997,False,baixa,8.48,3,tests=3 (imp=0.0338); tests_lag1=nan (imp=0.0272); tests_ma4=nan (imp=0.0884); tests_ma8=nan (imp=0.594); tests_trend=nan (imp=0.0302),Predito,sklearn_gb_pressao_familia_v1,pressao_v1
ITAIPAVA DO GRAJAU,outros,2024,51,0.0907,0.39999999999999997,False,baixa,8.33,3,tests=3 (imp=0.0338); tests_lag1=nan (imp=0.0272); tests_ma4=nan (imp=0.0884); tests_ma8=nan (imp=0.594); tests_trend=nan (imp=0.0302),Predito,sklearn_gb_pressao_familia_v1,pressao_v1
ITAPECURU MIRIM,tuberculose,2026,35,0.0903,0.25,False,baixa,6.25,3,tests_ma4=1.75 (imp=0.466); tests_ma8=1.75 (imp=0.272); indice_pressao_proxy=6.25 (imp=0.024); tests=3 (imp=0.0222); tests_pct_estadual=0.592 (imp=0.11),Predito,sklearn_gb_pressao_familia_v1,pressao_v1
ITIQUIRA,respiratorio,2026,17,0.0899,0.35,False,baixa,0.81,1,tests_ma8=1.5 (imp=0.212); tests_pct_estadual=0.308 (imp=0.468); tests_ma4=1.5 (imp=0.0783); indice_pressao_proxy=0.81 (imp=0.0587); tests_lag1=1 (imp=0.0454),Predito,sklearn_gb_pressao_familia_v1,pressao_v1
OUROESTE,arbovirose,2025,23,0.0898,0.44999999999999996,False,baixa,0.44,2,tests_ma4=2 (imp=0.379); tests_pct_estadual=0.468 (imp=0.414); tests_ma8=2 (imp=0.0883); tests_lag1=2 (imp=0.0273); tests=2 (imp=0.0167),Predito,sklearn_gb_pressao_familia_v1,pressao_v1
PONTA GROSSA,arbovirose,2025,23,0.0898,0.44999999999999996,False,baixa,0.44,2,tests_ma4=2 (imp=0.379); tests_pct_estadual=0.468 (imp=0.414); tests_ma8=2 (imp=0.0883); tests_lag1=2 (imp=0.0273); tests=2 (imp=0.0167),Predito,sklearn_gb_pressao_familia_v1,pressao_v1
ALTO TAQUARI,tuberculose,2026,36,0.0897,0.25,False,baixa,1.09,1,tests_ma4=1.25 (imp=0.466); tests_ma8=1.88 (imp=0.272); indice_pressao_proxy=1.09 (imp=0.024); tests=1 (imp=0.0222); tests_pct_estadual=0.177 (imp=0.11),Predito,sklearn_gb_pressao_familia_v1,pressao_v1
PINHEIRO,outros,2025,46,0.0896,0.39999999999999997,False,baixa,3.9,4,indice_pressao_proxy=3.9 (imp=0.0767); tests_ma4=3 (imp=0.0884); tests=4 (imp=0.0338); tests_lag1=2 (imp=0.0272); tests_ma8=nan (imp=0.594),Predito,sklearn_gb_pressao_familia_v1,pressao_v1
ITAPECURU MIRIM,arbovirose,2025,21,0.089,0.44999999999999996,False,baixa,0.35,2,tests_ma4=2.33 (imp=0.379); tests_ma8=2.33 (imp=0.0883); tests_pct_estadual=0.396 (imp=0.414); tests_lag1=2 (imp=0.0273); tests=2 (imp=0.0167),Predito,sklearn_gb_pressao_familia_v1,pressao_v1
UNIAO DO SUL,arbovirose,2025,20,0.089,0.44999999999999996,False,baixa,0.34,2,tests_ma4=2 (imp=0.379); tests_ma8=2.12 (imp=0.0883); tests_pct_estadual=0.372 (imp=0.414); tests=2 (imp=0.0167); tests_lag1=1 (imp=0.0273),Predito,sklearn_gb_pressao_familia_v1,pressao_v1
JOINVILLE,tuberculose,2026,29,0.0883,0.25,False,baixa,1.98,2,tests_ma4=1.75 (imp=0.466); tests_ma8=1.75 (imp=0.272); tests_pct_estadual=0.469 (imp=0.11); indice_pressao_proxy=1.98 (imp=0.024); tests=2 (imp=0.0222),Predito,sklearn_gb_pressao_familia_v1,pressao_v1
PIUM,tuberculose,2026,23,0.0871,0.25,False,baixa,9.6,3,tests_ma4=1.67 (imp=0.466); tests_ma8=1.67 (imp=0.272); indice_pressao_proxy=9.6 (imp=0.024); tests=3 (imp=0.0222); tests_pct_estadual=0.606 (imp=0.11),Predito,sklearn_gb_pressao_familia_v1,pressao_v1
SANTAREM,outros,2024,41,0.0871,0.39999999999999997,False,baixa,6.72,2,tests=2 (imp=0.0338); tests_lag1=nan (imp=0.0272); tests_ma4=nan (imp=0.0884); tests_ma8=nan (imp=0.594); tests_trend=nan (imp=0.0302),Predito,sklearn_gb_pressao_familia_v1,pressao_v1
FIGUEIROPOLIS D''OESTE,respiratorio,2026,5,0.0866,0.35,False,baixa,4.85,1,tests_ma8=1.67 (imp=0.212); indice_pressao_proxy=4.85 (imp=0.0587); tests_pct_estadual=0.292 (imp=0.468); tests_ma4=1.67 (imp=0.0783); tests_lag1=2 (imp=0.0454),Predito,sklearn_gb_pressao_familia_v1,pressao_v1
SENADOR CANEDO,outros,2026,25,0.0866,0.39999999999999997,False,baixa,4.17,2,tests_ma8=1.25 (imp=0.594); indice_pressao_proxy=4.17 (imp=0.0767); tests_ma4=1.25 (imp=0.0884); tests=2 (imp=0.0338); tests_lag1=1 (imp=0.0272),Predito,sklearn_gb_pressao_familia_v1,pressao_v1
DEMERVAL LOBAO,outros,2026,16,0.0864,0.39999999999999997,False,baixa,9.2,8,tests=8 (imp=0.0338); tests_lag1=nan (imp=0.0272); tests_ma4=nan (imp=0.0884); tests_ma8=nan (imp=0.594); tests_trend=nan (imp=0.0302),Predito,sklearn_gb_pressao_familia_v1,pressao_v1
AGUA AZUL DO NORTE,outros,2026,10,0.0864,0.39999999999999997,False,baixa,8.7,6,tests=6 (imp=0.0338); tests_lag1=nan (imp=0.0272); tests_ma4=nan (imp=0.0884); tests_ma8=nan (imp=0.594); tests_trend=nan (imp=0.0302),Predito,sklearn_gb_pressao_familia_v1,pressao_v1
NOVA BANDEIRANTES,respiratorio,2026,25,0.0863,0.35,False,baixa,1.9,1,tests_ma8=1.6 (imp=0.212); tests_pct_estadual=0.329 (imp=0.468); tests_ma4=1.5 (imp=0.0783); indice_pressao_proxy=1.9 (imp=0.0587); tests_lag1=1 (imp=0.0454),Predito,sklearn_gb_pressao_familia_v1,pressao_v1
MONSENHOR GIL,arbovirose,2026,9,0.0856,0.44999999999999996,False,baixa,6.43,4,tests=4 (imp=0.0167); tests_lag1=nan (imp=0.0273); tests_ma4=nan (imp=0.379); tests_ma8=nan (imp=0.0883); tests_trend=nan (imp=0.0236),Predito,sklearn_gb_pressao_familia_v1,pressao_v1
EMBU,arbovirose,2026,6,0.0856,0.44999999999999996,False,baixa,6.58,4,tests=4 (imp=0.0167); tests_lag1=nan (imp=0.0273); tests_ma4=nan (imp=0.379); tests_ma8=nan (imp=0.0883); tests_trend=nan (imp=0.0236),Predito,sklearn_gb_pressao_familia_v1,pressao_v1
MONTANHA,arbovirose,2026,7,0.0856,0.44999999999999996,False,baixa,6.62,5,tests=5 (imp=0.0167); tests_lag1=nan (imp=0.0273); tests_ma4=nan (imp=0.379); tests_ma8=nan (imp=0.0883); tests_trend=nan (imp=0.0236),Predito,sklearn_gb_pressao_familia_v1,pressao_v1
MACEIO,tuberculose,2026,35,0.0854,0.25,False,baixa,4.17,2,tests_ma4=1.75 (imp=0.466); tests_ma8=1.67 (imp=0.272); indice_pressao_proxy=4.17 (imp=0.024); tests_pct_estadual=0.469 (imp=0.11); tests=2 (imp=0.0222),Predito,sklearn_gb_pressao_familia_v1,pressao_v1
OLINDA,tuberculose,2026,29,0.0853,0.25,False,baixa,1.98,2,tests_ma4=1.67 (imp=0.466); tests_ma8=1.67 (imp=0.272); tests_pct_estadual=0.469 (imp=0.11); indice_pressao_proxy=1.98 (imp=0.024); tests=2 (imp=0.0222),Predito,sklearn_gb_pressao_familia_v1,pressao_v1
ALTO PARAGUAI,respiratorio,2026,32,0.0847,0.35,False,baixa,2.85,1,tests_ma8=1.33 (imp=0.212); tests_pct_estadual=0.4 (imp=0.468); indice_pressao_proxy=2.85 (imp=0.0587); tests_ma4=1.25 (imp=0.0783); tests_lag1=1 (imp=0.0454),Predito,sklearn_gb_pressao_familia_v1,pressao_v1
SAO JOSE DO XINGU,respiratorio,2026,9,0.0847,0.35,False,baixa,2.82,1,tests_ma8=1 (imp=0.212); indice_pressao_proxy=2.82 (imp=0.0587); tests_pct_estadual=0.316 (imp=0.468); tests_ma4=1 (imp=0.0783); tests_lag1=1 (imp=0.0454),Predito,sklearn_gb_pressao_familia_v1,pressao_v1
VARGEM GRANDE,arbovirose,2025,21,0.0846,0.44999999999999996,False,baixa,0.35,2,tests_ma4=2 (imp=0.379); tests_ma8=2 (imp=0.0883); tests_pct_estadual=0.396 (imp=0.414); tests=2 (imp=0.0167); tests_lag1=1 (imp=0.0273),Predito,sklearn_gb_pressao_familia_v1,pressao_v1
FLOR DO SERTAO,arbovirose,2025,21,0.0846,0.44999999999999996,False,baixa,0.35,2,tests_ma4=2 (imp=0.379); tests_ma8=2 (imp=0.0883); tests_pct_estadual=0.396 (imp=0.414); tests_lag1=2 (imp=0.0273); tests=2 (imp=0.0167),Predito,sklearn_gb_pressao_familia_v1,pressao_v1
PERITORO,tuberculose,2025,30,0.0845,0.25,False,baixa,2.43,2,tests_ma4=4 (imp=0.466); tests_lag1=6 (imp=0.0179); tests_pct_estadual=0.417 (imp=0.11); tests=2 (imp=0.0222); tests_ma8=nan (imp=0.272),Predito,sklearn_gb_pressao_familia_v1,pressao_v1
ALTO BOA VISTA,tuberculose,2026,24,0.0843,0.25,False,baixa,2.24,1,tests_ma4=1.5 (imp=0.466); tests_ma8=1.75 (imp=0.272); indice_pressao_proxy=2.24 (imp=0.024); tests_pct_estadual=0.226 (imp=0.11); tests=1 (imp=0.0222),Predito,sklearn_gb_pressao_familia_v1,pressao_v1
ALTO PARAGUAI,tuberculose,2026,30,0.0843,0.25,False,baixa,2.92,1,tests_ma4=1.25 (imp=0.466); tests_ma8=1.88 (imp=0.272); indice_pressao_proxy=2.92 (imp=0.024); tests_pct_estadual=0.212 (imp=0.11); tests=1 (imp=0.0222),Predito,sklearn_gb_pressao_familia_v1,pressao_v1
APARECIDA DE GOIANIA,tuberculose,2026,35,0.0843,0.25,False,baixa,2.08,1,tests_ma4=1.5 (imp=0.466); tests_ma8=1.75 (imp=0.272); indice_pressao_proxy=2.08 (imp=0.024); tests=1 (imp=0.0222); tests_pct_estadual=0.2 (imp=0.11),Predito,sklearn_gb_pressao_familia_v1,pressao_v1
CODO,tuberculose,2025,40,0.0842,0.25,False,baixa,3.09,5,tests_ma4=3.5 (imp=0.466); tests=5 (imp=0.0222); tests_pct_estadual=0.734 (imp=0.11); tests_lag1=2 (imp=0.0179); tests_ma8=nan (imp=0.272),Predito,sklearn_gb_pressao_familia_v1,pressao_v1
CHAPECO,tuberculose,2025,45,0.0839,0.25,False,baixa,1.74,1,tests_ma4=1.75 (imp=0.466); tests_ma8=1.75 (imp=0.272); indice_pressao_proxy=1.74 (imp=0.024); tests_pct_estadual=0.215 (imp=0.11); tests=1 (imp=0.0222),Predito,sklearn_gb_pressao_familia_v1,pressao_v1
MARABA,arbovirose,2025,18,0.0837,0.44999999999999996,False,baixa,0.19,1,tests_ma4=2 (imp=0.379); tests_ma8=2 (imp=0.0883); tests_lag1=4 (imp=0.0273); tests_pct_estadual=0.0913 (imp=0.414); tests=1 (imp=0.0167),Predito,sklearn_gb_pressao_familia_v1,pressao_v1
IPIAU,arbovirose,2026,3,0.0835,0.44999999999999996,False,baixa,7.41,4,tests=4 (imp=0.0167); tests_lag1=nan (imp=0.0273); tests_ma4=nan (imp=0.379); tests_ma8=nan (imp=0.0883); tests_trend=nan (imp=0.0236),Predito,sklearn_gb_pressao_familia_v1,pressao_v1
PACARAIMA,tuberculose,2026,36,0.0832,0.25,False,baixa,2.18,2,tests_ma4=1.25 (imp=0.466); tests_ma8=1.38 (imp=0.272); tests_pct_estadual=0.49 (imp=0.11); indice_pressao_proxy=2.18 (imp=0.024); tests=2 (imp=0.0222),Predito,sklearn_gb_pressao_familia_v1,pressao_v1
CAMPOS NOVOS,outros,2025,22,0.083,0.39999999999999997,False,baixa,5.02,2,tests=2 (imp=0.0338); tests_lag1=nan (imp=0.0272); tests_ma4=nan (imp=0.0884); tests_ma8=nan (imp=0.594); tests_trend=nan (imp=0.0302),Predito,sklearn_gb_pressao_familia_v1,pressao_v1
COROATA,outros,2025,22,0.083,0.39999999999999997,False,baixa,5.02,2,tests=2 (imp=0.0338); tests_lag1=nan (imp=0.0272); tests_ma4=nan (imp=0.0884); tests_ma8=nan (imp=0.594); tests_trend=nan (imp=0.0302),Predito,sklearn_gb_pressao_familia_v1,pressao_v1
BRASILEIA,outros,2025,22,0.083,0.39999999999999997,False,baixa,5.02,2,tests=2 (imp=0.0338); tests_lag1=nan (imp=0.0272); tests_ma4=nan (imp=0.0884); tests_ma8=nan (imp=0.594); tests_trend=nan (imp=0.0302),Predito,sklearn_gb_pressao_familia_v1,pressao_v1
SANTO ANTONIO DO LEVERGER,outros,2026,32,0.0829,0.39999999999999997,False,baixa,1.42,1,tests_ma8=1.12 (imp=0.594); tests_ma4=1.25 (imp=0.0884); indice_pressao_proxy=1.42 (imp=0.0767); tests=1 (imp=0.0338); tests_lag1=1 (imp=0.0272),Predito,sklearn_gb_pressao_familia_v1,pressao_v1
ITAITUBA,respiratorio,2025,30,0.0827,0.35,False,baixa,2.83,2,tests=2 (imp=0.0304); tests_lag1=nan (imp=0.0454); tests_ma4=nan (imp=0.0783); tests_ma8=nan (imp=0.212); tests_trend=nan (imp=0.0585),Predito,sklearn_gb_pressao_familia_v1,pressao_v1
CERES,tuberculose,2026,35,0.0824,0.25,False,baixa,4.17,2,tests_ma4=1.67 (imp=0.466); tests_ma8=1.67 (imp=0.272); indice_pressao_proxy=4.17 (imp=0.024); tests_pct_estadual=0.469 (imp=0.11); tests=2 (imp=0.0222),Predito,sklearn_gb_pressao_familia_v1,pressao_v1
BELO HORIZONTE,tuberculose,2026,27,0.0822,0.25,False,baixa,5.05,2,tests_ma4=1.75 (imp=0.466); tests_ma8=1.5 (imp=0.272); indice_pressao_proxy=5.05 (imp=0.024); tests_pct_estadual=0.62 (imp=0.11); tests=2 (imp=0.0222),Predito,sklearn_gb_pressao_familia_v1,pressao_v1
CASTANHEIRA,outros,2026,10,0.082,0.39999999999999997,False,baixa,2.9,2,tests_ma8=1.14 (imp=0.594); indice_pressao_proxy=2.9 (imp=0.0767); tests_ma4=1.25 (imp=0.0884); tests=2 (imp=0.0338); tests_lag1=1 (imp=0.0272),Predito,sklearn_gb_pressao_familia_v1,pressao_v1
PAULICEIA,arbovirose,2025,5,0.0817,0.44999999999999996,False,baixa,0.34,1,tests_ma4=2 (imp=0.379); tests_ma8=2 (imp=0.0883); tests_pct_estadual=0.135 (imp=0.414); tests_lag1=2 (imp=0.0273); tests=1 (imp=0.0167),Predito,sklearn_gb_pressao_familia_v1,pressao_v1
INOCENCIA,tuberculose,2026,26,0.0816,0.25,False,baixa,5.71,2,tests_ma4=1.67 (imp=0.466); tests_ma8=1.67 (imp=0.272); indice_pressao_proxy=5.71 (imp=0.024); tests_pct_estadual=0.543 (imp=0.11); tests=2 (imp=0.0222),Predito,sklearn_gb_pressao_familia_v1,pressao_v1
SAO MIGUEL DO GUAPORE,tuberculose,2026,26,0.0816,0.25,False,baixa,5.71,2,tests_ma4=1.67 (imp=0.466); tests_ma8=1.67 (imp=0.272); indice_pressao_proxy=5.71 (imp=0.024); tests_pct_estadual=0.543 (imp=0.11); tests=2 (imp=0.0222),Predito,sklearn_gb_pressao_familia_v1,pressao_v1
JUCURUTU,arbovirose,2026,25,0.0815,0.44999999999999996,False,baixa,4.88,5,tests=5 (imp=0.0167); tests_lag1=nan (imp=0.0273); tests_ma4=nan (imp=0.379); tests_ma8=nan (imp=0.0883); tests_trend=nan (imp=0.0236),Predito,sklearn_gb_pressao_familia_v1,pressao_v1
PARNARAMA,arbovirose,2026,32,0.0815,0.44999999999999996,False,baixa,5.31,3,tests=3 (imp=0.0167); tests_lag1=nan (imp=0.0273); tests_ma4=nan (imp=0.379); tests_ma8=nan (imp=0.0883); tests_trend=nan (imp=0.0236),Predito,sklearn_gb_pressao_familia_v1,pressao_v1
ARAGARCAS,outros,2025,46,0.0807,0.39999999999999997,False,baixa,0.98,1,tests_ma4=1 (imp=0.0884); indice_pressao_proxy=0.98 (imp=0.0767); tests=1 (imp=0.0338); tests_lag1=1 (imp=0.0272); tests_ma8=nan (imp=0.594),Predito,sklearn_gb_pressao_familia_v1,pressao_v1
BRANQUINHA,respiratorio,2025,21,0.0807,0.35,False,baixa,1.62,4,tests=4 (imp=0.0304); tests_lag1=nan (imp=0.0454); tests_ma4=nan (imp=0.0783); tests_ma8=nan (imp=0.212); tests_trend=nan (imp=0.0585),Predito,sklearn_gb_pressao_familia_v1,pressao_v1
GRAJAU,respiratorio,2025,21,0.0807,0.35,False,baixa,1.62,4,tests=4 (imp=0.0304); tests_lag1=nan (imp=0.0454); tests_ma4=nan (imp=0.0783); tests_ma8=nan (imp=0.212); tests_trend=nan (imp=0.0585),Predito,sklearn_gb_pressao_familia_v1,pressao_v1
MANCIO LIMA,respiratorio,2026,29,0.0807,0.35,False,baixa,4.12,2,tests=2 (imp=0.0304); tests_lag1=nan (imp=0.0454); tests_ma4=nan (imp=0.0783); tests_ma8=nan (imp=0.212); tests_trend=nan (imp=0.0585),Predito,sklearn_gb_pressao_familia_v1,pressao_v1
NOVO PROGRESSO,respiratorio,2026,28,0.0805,0.35,False,baixa,1.92,1,tests_ma8=1.38 (imp=0.212); tests_pct_estadual=0.304 (imp=0.468); indice_pressao_proxy=1.92 (imp=0.0587); tests_ma4=1.25 (imp=0.0783); tests_lag1=1 (imp=0.0454),Predito,sklearn_gb_pressao_familia_v1,pressao_v1
BOA VISTA,respiratorio,2026,25,0.0805,0.35,False,baixa,1.9,1,tests_ma8=1.38 (imp=0.212); tests_pct_estadual=0.329 (imp=0.468); indice_pressao_proxy=1.9 (imp=0.0587); tests_ma4=1.25 (imp=0.0783); tests_lag1=1 (imp=0.0454),Predito,sklearn_gb_pressao_familia_v1,pressao_v1
VILA RICA,respiratorio,2026,19,0.0805,0.35,False,baixa,1.53,1,tests_ma8=1.25 (imp=0.212); tests_pct_estadual=0.321 (imp=0.468); indice_pressao_proxy=1.53 (imp=0.0587); tests_ma4=1 (imp=0.0783); tests_lag1=1 (imp=0.0454),Predito,sklearn_gb_pressao_familia_v1,pressao_v1
VILHENA,respiratorio,2026,35,0.0805,0.35,False,baixa,2.5,1,tests_ma8=1.83 (imp=0.212); tests_pct_estadual=0.333 (imp=0.468); indice_pressao_proxy=2.5 (imp=0.0587); tests_ma4=1 (imp=0.0783); tests_trend=-0.833 (imp=0.0585),Predito,sklearn_gb_pressao_familia_v1,pressao_v1
CAMPOS DE JULIO,respiratorio,2026,23,0.0805,0.35,False,baixa,1.31,1,tests_ma8=1.5 (imp=0.212); tests_pct_estadual=0.321 (imp=0.468); tests_ma4=1 (imp=0.0783); indice_pressao_proxy=1.31 (imp=0.0587); tests_lag1=1 (imp=0.0454),Predito,sklearn_gb_pressao_familia_v1,pressao_v1
PLANALTO DA SERRA,respiratorio,2026,36,0.0805,0.35,False,baixa,2.53,1,tests_ma8=1.6 (imp=0.212); tests_pct_estadual=0.362 (imp=0.468); indice_pressao_proxy=2.53 (imp=0.0587); tests_ma4=1 (imp=0.0783); tests_lag1=1 (imp=0.0454),Predito,sklearn_gb_pressao_familia_v1,pressao_v1
BARRA DO BUGRES,respiratorio,2026,28,0.0805,0.35,False,baixa,1.92,1,tests_ma8=1.62 (imp=0.212); tests_pct_estadual=0.304 (imp=0.468); tests_ma4=1.5 (imp=0.0783); indice_pressao_proxy=1.92 (imp=0.0587); tests_lag1=2 (imp=0.0454),Predito,sklearn_gb_pressao_familia_v1,pressao_v1
NORTELANDIA,respiratorio,2026,33,0.0805,0.35,False,baixa,1.96,1,tests_ma8=1.38 (imp=0.212); tests_pct_estadual=0.375 (imp=0.468); indice_pressao_proxy=1.96 (imp=0.0587); tests_ma4=1 (imp=0.0783); tests_lag1=1 (imp=0.0454),Predito,sklearn_gb_pressao_familia_v1,pressao_v1
CACERES,respiratorio,2026,36,0.0805,0.35,False,baixa,2.53,1,tests_ma8=1.62 (imp=0.212); tests_pct_estadual=0.362 (imp=0.468); indice_pressao_proxy=2.53 (imp=0.0587); tests_ma4=1.25 (imp=0.0783); tests_lag1=1 (imp=0.0454),Predito,sklearn_gb_pressao_familia_v1,pressao_v1
BARAO DE MELGACO,respiratorio,2026,19,0.0805,0.35,False,baixa,1.53,1,tests_ma8=1.33 (imp=0.212); tests_pct_estadual=0.321 (imp=0.468); indice_pressao_proxy=1.53 (imp=0.0587); tests_ma4=1 (imp=0.0783); tests_lag1=1 (imp=0.0454),Predito,sklearn_gb_pressao_familia_v1,pressao_v1
PONTES E LACERDA,respiratorio,2026,36,0.0805,0.35,False,baixa,2.53,1,tests_ma8=1.62 (imp=0.212); tests_pct_estadual=0.362 (imp=0.468); indice_pressao_proxy=2.53 (imp=0.0587); tests_ma4=1.25 (imp=0.0783); tests_lag1=2 (imp=0.0454),Predito,sklearn_gb_pressao_familia_v1,pressao_v1
POXOREO,respiratorio,2026,33,0.0805,0.35,False,baixa,1.96,1,tests_ma8=1.25 (imp=0.212); tests_pct_estadual=0.375 (imp=0.468); indice_pressao_proxy=1.96 (imp=0.0587); tests_ma4=1 (imp=0.0783); tests_lag1=1 (imp=0.0454),Predito,sklearn_gb_pressao_familia_v1,pressao_v1
CONFRESA,respiratorio,2026,35,0.0805,0.35,False,baixa,2.5,1,tests_ma8=1.5 (imp=0.212); tests_pct_estadual=0.333 (imp=0.468); indice_pressao_proxy=2.5 (imp=0.0587); tests_ma4=1.25 (imp=0.0783); tests_lag1=1 (imp=0.0454),Predito,sklearn_gb_pressao_familia_v1,pressao_v1
ARENAPOLIS,respiratorio,2026,33,0.0805,0.35,False,baixa,1.96,1,tests_ma8=1.5 (imp=0.212); tests_pct_estadual=0.375 (imp=0.468); indice_pressao_proxy=1.96 (imp=0.0587); tests_ma4=1 (imp=0.0783); tests_lag1=1 (imp=0.0454),Predito,sklearn_gb_pressao_familia_v1,pressao_v1
FELIZ NATAL,respiratorio,2026,34,0.0805,0.35,False,baixa,1.51,1,tests_ma8=1.2 (imp=0.212); tests_pct_estadual=0.333 (imp=0.468); indice_pressao_proxy=1.51 (imp=0.0587); tests_ma4=1 (imp=0.0783); tests_lag1=1 (imp=0.0454),Predito,sklearn_gb_pressao_familia_v1,pressao_v1
NOVA OLIMPIA,respiratorio,2026,35,0.0805,0.35,False,baixa,2.5,1,tests_ma8=1.38 (imp=0.212); tests_pct_estadual=0.333 (imp=0.468); indice_pressao_proxy=2.5 (imp=0.0587); tests_ma4=1 (imp=0.0783); tests_lag1=1 (imp=0.0454),Predito,sklearn_gb_pressao_familia_v1,pressao_v1
JUINA,respiratorio,2026,34,0.0805,0.35,False,baixa,1.51,1,tests_ma8=1.62 (imp=0.212); tests_pct_estadual=0.333 (imp=0.468); indice_pressao_proxy=1.51 (imp=0.0587); tests_ma4=1 (imp=0.0783); tests_lag1=1 (imp=0.0454),Predito,sklearn_gb_pressao_familia_v1,pressao_v1
PEIXOTO DE AZEVEDO,respiratorio,2026,22,0.0805,0.35,False,baixa,1.4,1,tests_ma8=1.38 (imp=0.212); tests_pct_estadual=0.286 (imp=0.468); tests_ma4=1.25 (imp=0.0783); indice_pressao_proxy=1.4 (imp=0.0587); tests_lag1=1 (imp=0.0454),Predito,sklearn_gb_pressao_familia_v1,pressao_v1
CANARANA,respiratorio,2026,36,0.0805,0.35,False,baixa,2.53,1,tests_ma8=1.25 (imp=0.212); tests_pct_estadual=0.362 (imp=0.468); indice_pressao_proxy=2.53 (imp=0.0587); tests_ma4=1 (imp=0.0783); tests_lag1=1 (imp=0.0454),Predito,sklearn_gb_pressao_familia_v1,pressao_v1
SAO JOSE DOS QUATRO MARCOS,respiratorio,2026,29,0.0805,0.35,False,baixa,2.06,1,tests_ma8=1.75 (imp=0.212); tests_pct_estadual=0.364 (imp=0.468); indice_pressao_proxy=2.06 (imp=0.0587); tests_ma4=1 (imp=0.0783); tests_lag1=1 (imp=0.0454),Predito,sklearn_gb_pressao_familia_v1,pressao_v1
NOVA NAZARE,respiratorio,2026,36,0.0805,0.35,False,baixa,2.53,1,tests_ma8=1.62 (imp=0.212); tests_pct_estadual=0.362 (imp=0.468); indice_pressao_proxy=2.53 (imp=0.0587); tests_ma4=1 (imp=0.0783); tests_lag1=1 (imp=0.0454),Predito,sklearn_gb_pressao_familia_v1,pressao_v1
PORTO ESPERIDIAO,respiratorio,2026,34,0.0805,0.35,False,baixa,1.51,1,tests_ma8=1.62 (imp=0.212); tests_pct_estadual=0.333 (imp=0.468); indice_pressao_proxy=1.51 (imp=0.0587); tests_ma4=1 (imp=0.0783); tests_lag1=1 (imp=0.0454),Predito,sklearn_gb_pressao_familia_v1,pressao_v1
RIO BRANCO,respiratorio,2026,34,0.0805,0.35,False,baixa,1.51,1,tests_ma8=1.6 (imp=0.212); tests_pct_estadual=0.333 (imp=0.468); indice_pressao_proxy=1.51 (imp=0.0587); tests_ma4=1 (imp=0.0783); tests_lag1=1 (imp=0.0454),Predito,sklearn_gb_pressao_familia_v1,pressao_v1
CAMPO GRANDE,respiratorio,2026,23,0.0805,0.35,False,baixa,1.31,1,tests_ma8=1.86 (imp=0.212); tests_pct_estadual=0.321 (imp=0.468); tests_ma4=1.25 (imp=0.0783); indice_pressao_proxy=1.31 (imp=0.0587); tests_lag1=1 (imp=0.0454),Predito,sklearn_gb_pressao_familia_v1,pressao_v1
NOVA MONTE VERDE,respiratorio,2026,23,0.0805,0.35,False,baixa,1.31,1,tests_ma8=1.25 (imp=0.212); tests_pct_estadual=0.321 (imp=0.468); tests_ma4=1 (imp=0.0783); indice_pressao_proxy=1.31 (imp=0.0587); tests_lag1=1 (imp=0.0454),Predito,sklearn_gb_pressao_familia_v1,pressao_v1
ARAPUTANGA,respiratorio,2026,25,0.0805,0.35,False,baixa,1.9,1,tests_ma8=1.62 (imp=0.212); tests_pct_estadual=0.329 (imp=0.468); indice_pressao_proxy=1.9 (imp=0.0587); tests_ma4=1.25 (imp=0.0783); tests_lag1=1 (imp=0.0454),Predito,sklearn_gb_pressao_familia_v1,pressao_v1
JACIARA,respiratorio,2026,36,0.0805,0.35,False,baixa,2.53,1,tests_ma8=1.75 (imp=0.212); tests_pct_estadual=0.362 (imp=0.468); indice_pressao_proxy=2.53 (imp=0.0587); tests_ma4=1 (imp=0.0783); tests_lag1=1 (imp=0.0454),Predito,sklearn_gb_pressao_familia_v1,pressao_v1
NOVA CANAA DO NORTE,hepatite,2026,10,0.0804,0.35,False,baixa,7.82,3,tests_ma8=1.75 (imp=0.486); tests_ma4=2.5 (imp=0.306); indice_pressao_proxy=7.82 (imp=0.0338); tests_lag1=3 (imp=0.0495); tests=3 (imp=0.0458),Predito,sklearn_gb_pressao_familia_v1,pressao_v1
PORTO ALEGRE,tuberculose,2025,35,0.0799,0.25,False,baixa,0.54,1,tests_ma4=1.33 (imp=0.466); tests_ma8=1.33 (imp=0.272); tests_lag1=2 (imp=0.0179); tests=1 (imp=0.0222); tests_pct_estadual=0.162 (imp=0.11),Predito,sklearn_gb_pressao_familia_v1,pressao_v1
ERECHIM,arbovirose,2025,14,0.0796,0.44999999999999996,False,baixa,0.16,1,tests_ma4=2 (imp=0.379); tests_ma8=2 (imp=0.0883); tests_pct_estadual=0.132 (imp=0.414); tests_lag1=2 (imp=0.0273); tests=1 (imp=0.0167),Predito,sklearn_gb_pressao_familia_v1,pressao_v1
CABECEIRAS DO PIAUI,arbovirose,2025,14,0.0796,0.44999999999999996,False,baixa,0.16,1,tests_ma4=2 (imp=0.379); tests_ma8=2 (imp=0.0883); tests_pct_estadual=0.132 (imp=0.414); tests_lag1=2 (imp=0.0273); tests=1 (imp=0.0167),Predito,sklearn_gb_pressao_familia_v1,pressao_v1
UBERABA,arbovirose,2025,14,0.0796,0.44999999999999996,False,baixa,0.16,1,tests_ma4=2 (imp=0.379); tests_ma8=2 (imp=0.0883); tests_pct_estadual=0.132 (imp=0.414); tests_lag1=2 (imp=0.0273); tests=1 (imp=0.0167),Predito,sklearn_gb_pressao_familia_v1,pressao_v1
CANABRAVA DO NORTE,tuberculose,2026,36,0.0796,0.25,False,baixa,1.09,1,tests_ma4=1.75 (imp=0.466); tests_ma8=1.6 (imp=0.272); tests_lag1=3 (imp=0.0179); indice_pressao_proxy=1.09 (imp=0.024); tests=1 (imp=0.0222),Predito,sklearn_gb_pressao_familia_v1,pressao_v1
FEIRA DE SANTANA,tuberculose,2025,17,0.0795,0.25,False,baixa,0.69,1,tests_ma4=1.75 (imp=0.466); tests_ma8=1.75 (imp=0.272); tests=1 (imp=0.0222); tests_lag1=1 (imp=0.0179); indice_pressao_proxy=0.69 (imp=0.024),Predito,sklearn_gb_pressao_familia_v1,pressao_v1
NATAL,tuberculose,2026,26,0.0783,0.25,False,baixa,2.86,1,tests_ma4=4 (imp=0.466); tests_lag1=7 (imp=0.0179); tests_pct_estadual=0.234 (imp=0.11); tests=1 (imp=0.0222); tests_ma8=nan (imp=0.272),Predito,sklearn_gb_pressao_familia_v1,pressao_v1
ITIQUIRA,outros,2026,11,0.0782,0.39999999999999997,False,baixa,2.6,2,indice_pressao_proxy=2.6 (imp=0.0767); tests_ma4=1.5 (imp=0.0884); tests=2 (imp=0.0338); tests_lag1=1 (imp=0.0272); tests_ma8=nan (imp=0.594),Predito,sklearn_gb_pressao_familia_v1,pressao_v1
ITANHANGA,tuberculose,2026,32,0.0778,0.25,False,baixa,2.23,2,tests_ma4=1.75 (imp=0.466); tests_ma8=1.62 (imp=0.272); tests_pct_estadual=0.595 (imp=0.11); indice_pressao_proxy=2.23 (imp=0.024); tests=2 (imp=0.0222),Predito,sklearn_gb_pressao_familia_v1,pressao_v1
NOVA MARINGA,tuberculose,2026,36,0.0778,0.25,False,baixa,2.18,2,tests_ma4=1.75 (imp=0.466); tests_ma8=1.75 (imp=0.272); tests_pct_estadual=0.49 (imp=0.11); indice_pressao_proxy=2.18 (imp=0.024); tests=2 (imp=0.0222),Predito,sklearn_gb_pressao_familia_v1,pressao_v1
NOVA MONTE VERDE,hepatite,2026,19,0.0774,0.35,False,baixa,4.42,2,tests_ma8=1.67 (imp=0.486); tests_ma4=1.75 (imp=0.306); indice_pressao_proxy=4.42 (imp=0.0338); tests_lag1=2 (imp=0.0495); tests=2 (imp=0.0458),Predito,sklearn_gb_pressao_familia_v1,pressao_v1
ACORIZAL,respiratorio,2026,16,0.0774,0.35,False,baixa,1.03,1,tests_ma8=1.71 (imp=0.212); tests_pct_estadual=0.304 (imp=0.468); tests_ma4=1 (imp=0.0783); indice_pressao_proxy=1.03 (imp=0.0587); tests_lag1=1 (imp=0.0454),Predito,sklearn_gb_pressao_familia_v1,pressao_v1
RECIFE,tuberculose,2025,36,0.0772,0.25,False,baixa,5.25,5,tests=5 (imp=0.0222); tests_lag1=nan (imp=0.0179); tests_ma4=nan (imp=0.466); tests_ma8=nan (imp=0.272); tests_trend=nan (imp=0.0303),Predito,sklearn_gb_pressao_familia_v1,pressao_v1
NOVA SANTA HELENA,hepatite,2026,35,0.0766,0.35,False,baixa,5.9,4,tests_ma8=1.88 (imp=0.486); tests_ma4=2 (imp=0.306); indice_pressao_proxy=5.9 (imp=0.0338); tests=4 (imp=0.0458); tests_lag1=1 (imp=0.0495),Predito,sklearn_gb_pressao_familia_v1,pressao_v1
BARRA DO CORDA,tuberculose,2025,46,0.0766,0.25,False,baixa,3.33,1,tests_ma4=1.67 (imp=0.466); tests_ma8=1.67 (imp=0.272); indice_pressao_proxy=3.33 (imp=0.024); tests_pct_estadual=0.241 (imp=0.11); tests=1 (imp=0.0222),Predito,sklearn_gb_pressao_familia_v1,pressao_v1
SANTIAGO,tuberculose,2026,27,0.0766,0.25,False,baixa,2.52,1,tests_ma4=1.67 (imp=0.466); tests_ma8=1.67 (imp=0.272); indice_pressao_proxy=2.52 (imp=0.024); tests_lag1=2 (imp=0.0179); tests_pct_estadual=0.274 (imp=0.11),Predito,sklearn_gb_pressao_familia_v1,pressao_v1
ASSIS,tuberculose,2026,27,0.0766,0.25,False,baixa,2.52,1,tests_ma4=1.67 (imp=0.466); tests_ma8=1.67 (imp=0.272); indice_pressao_proxy=2.52 (imp=0.024); tests_lag1=2 (imp=0.0179); tests_pct_estadual=0.274 (imp=0.11),Predito,sklearn_gb_pressao_familia_v1,pressao_v1
SANTA INES,tuberculose,2025,46,0.0766,0.25,False,baixa,3.33,1,tests_ma4=1.67 (imp=0.466); tests_ma8=1.67 (imp=0.272); indice_pressao_proxy=3.33 (imp=0.024); tests_pct_estadual=0.241 (imp=0.11); tests=1 (imp=0.0222),Predito,sklearn_gb_pressao_familia_v1,pressao_v1
QUIRINOPOLIS,tuberculose,2026,26,0.0756,0.25,False,baixa,2.86,1,tests_ma4=1.25 (imp=0.466); tests_ma8=1.38 (imp=0.272); indice_pressao_proxy=2.86 (imp=0.024); tests_lag1=2 (imp=0.0179); tests_pct_estadual=0.234 (imp=0.11),Predito,sklearn_gb_pressao_familia_v1,pressao_v1
TEFE,respiratorio,2026,20,0.075,0.35,False,baixa,4.49,2,tests=2 (imp=0.0304); tests_lag1=nan (imp=0.0454); tests_ma4=nan (imp=0.0783); tests_ma8=nan (imp=0.212); tests_trend=nan (imp=0.0585),Predito,sklearn_gb_pressao_familia_v1,pressao_v1
SAO JOSE DO RIO PRETO,tuberculose,2026,28,0.075,0.25,False,baixa,2.45,1,tests_ma4=1.75 (imp=0.466); tests_ma8=1.75 (imp=0.272); indice_pressao_proxy=2.45 (imp=0.024); tests_lag1=3 (imp=0.0179); tests_pct_estadual=0.259 (imp=0.11),Predito,sklearn_gb_pressao_familia_v1,pressao_v1
CONQUISTA D''OESTE,tuberculose,2026,28,0.075,0.25,False,baixa,2.45,1,tests_ma4=1.75 (imp=0.466); tests_ma8=1.6 (imp=0.272); indice_pressao_proxy=2.45 (imp=0.024); tests_pct_estadual=0.259 (imp=0.11); tests=1 (imp=0.0222),Predito,sklearn_gb_pressao_familia_v1,pressao_v1
VIDEIRA,outros,2025,40,0.0749,0.39999999999999997,False,baixa,1.85,2,tests=2 (imp=0.0338); tests_lag1=nan (imp=0.0272); tests_ma4=nan (imp=0.0884); tests_ma8=nan (imp=0.594); tests_trend=nan (imp=0.0302),Predito,sklearn_gb_pressao_familia_v1,pressao_v1
BOM CONSELHO,outros,2025,42,0.0747,0.39999999999999997,False,baixa,5.0,3,tests=3 (imp=0.0338); tests_lag1=nan (imp=0.0272); tests_ma4=nan (imp=0.0884); tests_ma8=nan (imp=0.594); tests_trend=nan (imp=0.0302),Predito,sklearn_gb_pressao_familia_v1,pressao_v1
PONTA PORA,outros,2026,16,0.0745,0.39999999999999997,False,baixa,2.3,2,tests_ma4=2 (imp=0.0884); indice_pressao_proxy=2.3 (imp=0.0767); tests=2 (imp=0.0338); tests_lag1=2 (imp=0.0272); tests_ma8=nan (imp=0.594),Predito,sklearn_gb_pressao_familia_v1,pressao_v1
SEARA,tuberculose,2026,26,0.0745,0.25,False,baixa,17.14,6,tests=6 (imp=0.0222); tests_lag1=nan (imp=0.0179); tests_ma4=nan (imp=0.466); tests_ma8=nan (imp=0.272); tests_trend=nan (imp=0.0303),Predito,sklearn_gb_pressao_familia_v1,pressao_v1
JURUENA,respiratorio,2024,43,0.0741,0.35,False,baixa,7.95,3,tests=3 (imp=0.0304); tests_lag1=nan (imp=0.0454); tests_ma4=nan (imp=0.0783); tests_ma8=nan (imp=0.212); tests_trend=nan (imp=0.0585),Predito,sklearn_gb_pressao_familia_v1,pressao_v1
COLIDER,hepatite,2026,33,0.0738,0.35,False,baixa,5.16,2,tests_ma8=1.5 (imp=0.486); tests_ma4=1.75 (imp=0.306); indice_pressao_proxy=5.16 (imp=0.0338); tests=2 (imp=0.0458); tests_lag1=1 (imp=0.0495),Predito,sklearn_gb_pressao_familia_v1,pressao_v1
ALTO GARCAS,hepatite,2026,21,0.0737,0.35,False,baixa,4.76,1,tests_ma8=1.67 (imp=0.486); tests_ma4=1.75 (imp=0.306); indice_pressao_proxy=4.76 (imp=0.0338); tests_lag1=2 (imp=0.0495); tests=1 (imp=0.0458),Predito,sklearn_gb_pressao_familia_v1,pressao_v1
ITAUBA,tuberculose,2025,40,0.0737,0.25,False,baixa,0.62,1,tests_ma4=1.75 (imp=0.466); tests_ma8=1.67 (imp=0.272); tests_pct_estadual=0.223 (imp=0.11); tests=1 (imp=0.0222); tests_lag1=1 (imp=0.0179),Predito,sklearn_gb_pressao_familia_v1,pressao_v1
SANTA LUZIA,respiratorio,2025,17,0.0736,0.35,False,baixa,3.05,5,tests=5 (imp=0.0304); tests_lag1=nan (imp=0.0454); tests_ma4=nan (imp=0.0783); tests_ma8=nan (imp=0.212); tests_trend=nan (imp=0.0585),Predito,sklearn_gb_pressao_familia_v1,pressao_v1
SAO LUIS DO QUITUNDE,respiratorio,2024,49,0.0736,0.35,False,baixa,1.72,3,tests=3 (imp=0.0304); tests_lag1=nan (imp=0.0454); tests_ma4=nan (imp=0.0783); tests_ma8=nan (imp=0.212); tests_trend=nan (imp=0.0585),Predito,sklearn_gb_pressao_familia_v1,pressao_v1
SAO MIGUEL DO OESTE,respiratorio,2024,49,0.0736,0.35,False,baixa,1.72,3,tests=3 (imp=0.0304); tests_lag1=nan (imp=0.0454); tests_ma4=nan (imp=0.0783); tests_ma8=nan (imp=0.212); tests_trend=nan (imp=0.0585),Predito,sklearn_gb_pressao_familia_v1,pressao_v1
ARAGARCAS,arbovirose,2025,17,0.0731,0.44999999999999996,False,baixa,0.19,1,tests_ma4=2 (imp=0.379); tests_ma8=2 (imp=0.0883); tests_lag1=1 (imp=0.0273); tests_pct_estadual=0.0443 (imp=0.414); tests=1 (imp=0.0167),Predito,sklearn_gb_pressao_familia_v1,pressao_v1
NOVA CRIXAS,tuberculose,2026,20,0.073,0.25,False,baixa,1.69,1,tests_ma4=1.25 (imp=0.466); tests_ma8=1.17 (imp=0.272); indice_pressao_proxy=1.69 (imp=0.024); tests_lag1=2 (imp=0.0179); tests_pct_estadual=0.272 (imp=0.11),Predito,sklearn_gb_pressao_familia_v1,pressao_v1
SALTO DO CEU,tuberculose,2026,33,0.073,0.25,False,baixa,1.23,1,tests_ma4=1.33 (imp=0.466); tests_ma8=1.33 (imp=0.272); indice_pressao_proxy=1.23 (imp=0.024); tests_pct_estadual=0.242 (imp=0.11); tests=1 (imp=0.0222),Predito,sklearn_gb_pressao_familia_v1,pressao_v1
MOZARLANDIA,tuberculose,2026,21,0.0723,0.25,False,baixa,2.35,1,tests_ma4=1.67 (imp=0.466); tests_ma8=1.67 (imp=0.272); indice_pressao_proxy=2.35 (imp=0.024); tests_lag1=3 (imp=0.0179); tests_pct_estadual=0.244 (imp=0.11),Predito,sklearn_gb_pressao_familia_v1,pressao_v1
ACRELANDIA,outros,2025,43,0.0722,0.39999999999999997,False,baixa,3.38,2,tests=2 (imp=0.0338); tests_lag1=nan (imp=0.0272); tests_ma4=nan (imp=0.0884); tests_ma8=nan (imp=0.594); tests_trend=nan (imp=0.0302),Predito,sklearn_gb_pressao_familia_v1,pressao_v1
DOURADOS,outros,2025,5,0.0722,0.39999999999999997,False,baixa,3.58,2,tests=2 (imp=0.0338); tests_lag1=nan (imp=0.0272); tests_ma4=nan (imp=0.0884); tests_ma8=nan (imp=0.594); tests_trend=nan (imp=0.0302),Predito,sklearn_gb_pressao_familia_v1,pressao_v1
INHANGAPI,outros,2025,30,0.0722,0.39999999999999997,False,baixa,3.18,2,tests=2 (imp=0.0338); tests_lag1=nan (imp=0.0272); tests_ma4=nan (imp=0.0884); tests_ma8=nan (imp=0.594); tests_trend=nan (imp=0.0302),Predito,sklearn_gb_pressao_familia_v1,pressao_v1
BELO HORIZONTE,outros,2025,30,0.0722,0.39999999999999997,False,baixa,3.18,2,tests=2 (imp=0.0338); tests_lag1=nan (imp=0.0272); tests_ma4=nan (imp=0.0884); tests_ma8=nan (imp=0.594); tests_trend=nan (imp=0.0302),Predito,sklearn_gb_pressao_familia_v1,pressao_v1
ITAGUATINS,outros,2025,29,0.0722,0.39999999999999997,False,baixa,3.02,2,tests=2 (imp=0.0338); tests_lag1=nan (imp=0.0272); tests_ma4=nan (imp=0.0884); tests_ma8=nan (imp=0.594); tests_trend=nan (imp=0.0302),Predito,sklearn_gb_pressao_familia_v1,pressao_v1
REDENTORA,outros,2025,43,0.0722,0.39999999999999997,False,baixa,3.38,2,tests=2 (imp=0.0338); tests_lag1=nan (imp=0.0272); tests_ma4=nan (imp=0.0884); tests_ma8=nan (imp=0.594); tests_trend=nan (imp=0.0302),Predito,sklearn_gb_pressao_familia_v1,pressao_v1
CACOAL,respiratorio,2024,47,0.0721,0.35,False,baixa,6.32,3,tests=3 (imp=0.0304); tests_lag1=nan (imp=0.0454); tests_ma4=nan (imp=0.0783); tests_ma8=nan (imp=0.212); tests_trend=nan (imp=0.0585),Predito,sklearn_gb_pressao_familia_v1,pressao_v1
LADARIO,outros,2025,45,0.072,0.39999999999999997,False,baixa,2.96,2,tests_ma4=3.5 (imp=0.0884); indice_pressao_proxy=2.96 (imp=0.0767); tests_lag1=5 (imp=0.0272); tests=2 (imp=0.0338); tests_ma8=nan (imp=0.594),Predito,sklearn_gb_pressao_familia_v1,pressao_v1
TOLEDO,tuberculose,2026,30,0.0719,0.25,False,baixa,5.84,2,tests_ma4=1.5 (imp=0.466); tests_ma8=1.4 (imp=0.272); indice_pressao_proxy=5.84 (imp=0.024); tests_pct_estadual=0.49 (imp=0.11); tests=2 (imp=0.0222),Predito,sklearn_gb_pressao_familia_v1,pressao_v1
EUNAPOLIS,respiratorio,2025,9,0.0713,0.35,False,baixa,4.26,4,tests=4 (imp=0.0304); tests_lag1=nan (imp=0.0454); tests_ma4=nan (imp=0.0783); tests_ma8=nan (imp=0.212); tests_trend=nan (imp=0.0585),Predito,sklearn_gb_pressao_familia_v1,pressao_v1
PASSO FUNDO,respiratorio,2024,45,0.0713,0.35,False,baixa,3.95,3,tests=3 (imp=0.0304); tests_lag1=nan (imp=0.0454); tests_ma4=nan (imp=0.0783); tests_ma8=nan (imp=0.212); tests_trend=nan (imp=0.0585),Predito,sklearn_gb_pressao_familia_v1,pressao_v1
BREU BRANCO,respiratorio,2025,23,0.0708,0.35,False,baixa,1.37,1,tests_ma8=1.33 (imp=0.212); tests_pct_estadual=0.279 (imp=0.468); tests_ma4=1.33 (imp=0.0783); tests_lag1=2 (imp=0.0454); indice_pressao_proxy=1.37 (imp=0.0587),Predito,sklearn_gb_pressao_familia_v1,pressao_v1
BRASNORTE,respiratorio,2026,36,0.0708,0.35,False,baixa,2.53,1,tests_ma8=1 (imp=0.212); tests_pct_estadual=0.362 (imp=0.468); indice_pressao_proxy=2.53 (imp=0.0587); tests_ma4=1 (imp=0.0783); tests_lag1=1 (imp=0.0454),Predito,sklearn_gb_pressao_familia_v1,pressao_v1
PORTO DOS GAUCHOS,respiratorio,2026,21,0.0708,0.35,False,baixa,1.71,1,tests_ma8=1 (imp=0.212); tests_pct_estadual=0.312 (imp=0.468); indice_pressao_proxy=1.71 (imp=0.0587); tests_ma4=1 (imp=0.0783); tests_lag1=1 (imp=0.0454),Predito,sklearn_gb_pressao_familia_v1,pressao_v1
NOVA UBIRATA,respiratorio,2026,35,0.0708,0.35,False,baixa,2.5,1,tests_ma8=1 (imp=0.212); tests_pct_estadual=0.333 (imp=0.468); indice_pressao_proxy=2.5 (imp=0.0587); tests_ma4=1 (imp=0.0783); tests_lag1=1 (imp=0.0454),Predito,sklearn_gb_pressao_familia_v1,pressao_v1
SALTO DO CEU,respiratorio,2025,39,0.0708,0.35,False,baixa,2.32,1,tests_ma8=1.33 (imp=0.212); tests_pct_estadual=0.312 (imp=0.468); indice_pressao_proxy=2.32 (imp=0.0587); tests_ma4=1.33 (imp=0.0783); tests_lag1=1 (imp=0.0454),Predito,sklearn_gb_pressao_familia_v1,pressao_v1
AGUA BOA,respiratorio,2026,36,0.0708,0.35,False,baixa,2.53,1,tests_ma8=1 (imp=0.212); tests_pct_estadual=0.362 (imp=0.468); indice_pressao_proxy=2.53 (imp=0.0587); tests_ma4=1 (imp=0.0783); tests_lag1=1 (imp=0.0454),Predito,sklearn_gb_pressao_familia_v1,pressao_v1
SAO PEDRO DA CIPA,respiratorio,2026,27,0.0708,0.35,False,baixa,1.43,1,tests_ma8=1 (imp=0.212); tests_pct_estadual=0.364 (imp=0.468); indice_pressao_proxy=1.43 (imp=0.0587); tests_ma4=1 (imp=0.0783); tests_lag1=1 (imp=0.0454),Predito,sklearn_gb_pressao_familia_v1,pressao_v1
MATUPA,respiratorio,2026,34,0.0708,0.35,False,baixa,1.51,1,tests_ma8=1.25 (imp=0.212); tests_pct_estadual=0.333 (imp=0.468); tests_ma4=1.25 (imp=0.0783); tests_lag1=2 (imp=0.0454); indice_pressao_proxy=1.51 (imp=0.0587),Predito,sklearn_gb_pressao_familia_v1,pressao_v1
NOSSA SENHORA DO LIVRAMENTO,respiratorio,2026,36,0.0708,0.35,False,baixa,2.53,1,tests_ma8=1.25 (imp=0.212); tests_pct_estadual=0.362 (imp=0.468); indice_pressao_proxy=2.53 (imp=0.0587); tests_ma4=1.25 (imp=0.0783); tests_lag1=2 (imp=0.0454),Predito,sklearn_gb_pressao_familia_v1,pressao_v1
NOBRES,respiratorio,2026,34,0.0708,0.35,False,baixa,1.51,1,tests_ma8=1 (imp=0.212); tests_pct_estadual=0.333 (imp=0.468); indice_pressao_proxy=1.51 (imp=0.0587); tests_ma4=1 (imp=0.0783); tests_lag1=1 (imp=0.0454),Predito,sklearn_gb_pressao_familia_v1,pressao_v1
VILA BELA DA SANTISSIMA TRINDADE,respiratorio,2026,36,0.0708,0.35,False,baixa,2.53,1,tests_ma8=1 (imp=0.212); tests_pct_estadual=0.362 (imp=0.468); indice_pressao_proxy=2.53 (imp=0.0587); tests_ma4=1 (imp=0.0783); tests_lag1=1 (imp=0.0454),Predito,sklearn_gb_pressao_familia_v1,pressao_v1
JANGADA,respiratorio,2026,33,0.0708,0.35,False,baixa,1.96,1,tests_ma8=1.25 (imp=0.212); tests_pct_estadual=0.375 (imp=0.468); indice_pressao_proxy=1.96 (imp=0.0587); tests_ma4=1.25 (imp=0.0783); tests_lag1=1 (imp=0.0454),Predito,sklearn_gb_pressao_familia_v1,pressao_v1
BOM JESUS DO ARAGUAIA,respiratorio,2026,36,0.0708,0.35,False,baixa,2.53,1,tests_ma8=1 (imp=0.212); tests_pct_estadual=0.362 (imp=0.468); indice_pressao_proxy=2.53 (imp=0.0587); tests_ma4=1 (imp=0.0783); tests_lag1=1 (imp=0.0454),Predito,sklearn_gb_pressao_familia_v1,pressao_v1
MANAUS,respiratorio,2026,20,0.0708,0.35,False,baixa,2.25,1,tests_ma8=1.5 (imp=0.212); tests_pct_estadual=0.307 (imp=0.468); indice_pressao_proxy=2.25 (imp=0.0587); tests_ma4=1.5 (imp=0.0783); tests_lag1=1 (imp=0.0454),Predito,sklearn_gb_pressao_familia_v1,pressao_v1
PACARAIMA,respiratorio,2026,25,0.0708,0.35,False,baixa,1.9,1,tests_ma8=1 (imp=0.212); tests_pct_estadual=0.329 (imp=0.468); indice_pressao_proxy=1.9 (imp=0.0587); tests_ma4=1 (imp=0.0783); tests_lag1=1 (imp=0.0454),Predito,sklearn_gb_pressao_familia_v1,pressao_v1
ALTA FLORESTA,respiratorio,2026,27,0.0708,0.35,False,baixa,1.43,1,tests_ma8=1 (imp=0.212); tests_pct_estadual=0.364 (imp=0.468); indice_pressao_proxy=1.43 (imp=0.0587); tests_ma4=1 (imp=0.0783); tests_lag1=1 (imp=0.0454),Predito,sklearn_gb_pressao_familia_v1,pressao_v1
CURVELANDIA,respiratorio,2026,35,0.0708,0.35,False,baixa,2.5,1,tests_ma8=1 (imp=0.212); tests_pct_estadual=0.333 (imp=0.468); indice_pressao_proxy=2.5 (imp=0.0587); tests_ma4=1 (imp=0.0783); tests_lag1=1 (imp=0.0454),Predito,sklearn_gb_pressao_familia_v1,pressao_v1
CARLINDA,respiratorio,2026,24,0.0708,0.35,False,baixa,1.67,1,tests_ma8=1.33 (imp=0.212); tests_pct_estadual=0.362 (imp=0.468); tests_ma4=1.33 (imp=0.0783); indice_pressao_proxy=1.67 (imp=0.0587); tests_lag1=1 (imp=0.0454),Predito,sklearn_gb_pressao_familia_v1,pressao_v1
PARANATINGA,respiratorio,2026,36,0.0708,0.35,False,baixa,2.53,1,tests_ma8=1.25 (imp=0.212); tests_pct_estadual=0.362 (imp=0.468); indice_pressao_proxy=2.53 (imp=0.0587); tests_ma4=1.25 (imp=0.0783); tests_lag1=1 (imp=0.0454),Predito,sklearn_gb_pressao_familia_v1,pressao_v1
NOVA MUTUM,respiratorio,2026,36,0.0708,0.35,False,baixa,2.53,1,tests_ma8=1 (imp=0.212); tests_pct_estadual=0.362 (imp=0.468); indice_pressao_proxy=2.53 (imp=0.0587); tests_ma4=1 (imp=0.0783); tests_lag1=1 (imp=0.0454),Predito,sklearn_gb_pressao_familia_v1,pressao_v1
ROSARIO OESTE,respiratorio,2026,27,0.0708,0.35,False,baixa,1.43,1,tests_ma8=1 (imp=0.212); tests_pct_estadual=0.364 (imp=0.468); indice_pressao_proxy=1.43 (imp=0.0587); tests_ma4=1 (imp=0.0783); tests_lag1=1 (imp=0.0454),Predito,sklearn_gb_pressao_familia_v1,pressao_v1
IPIRANGA DO NORTE,respiratorio,2026,11,0.0708,0.35,False,baixa,1.82,1,tests_ma8=1.33 (imp=0.212); tests_pct_estadual=0.3 (imp=0.468); indice_pressao_proxy=1.82 (imp=0.0587); tests_ma4=1.33 (imp=0.0783); tests_lag1=2 (imp=0.0454),Predito,sklearn_gb_pressao_familia_v1,pressao_v1
GENERAL CARNEIRO,respiratorio,2026,34,0.0708,0.35,False,baixa,1.51,1,tests_ma8=1.25 (imp=0.212); tests_pct_estadual=0.333 (imp=0.468); tests_ma4=1.25 (imp=0.0783); indice_pressao_proxy=1.51 (imp=0.0587); tests_lag1=1 (imp=0.0454),Predito,sklearn_gb_pressao_familia_v1,pressao_v1
GAUCHA DO NORTE,respiratorio,2026,20,0.0708,0.35,False,baixa,2.25,1,tests_ma8=1.57 (imp=0.212); tests_pct_estadual=0.307 (imp=0.468); indice_pressao_proxy=2.25 (imp=0.0587); tests_ma4=1.5 (imp=0.0783); tests_lag1=1 (imp=0.0454),Predito,sklearn_gb_pressao_familia_v1,pressao_v1
EPITACIOLANDIA,tuberculose,2026,13,0.0702,0.25,False,baixa,0.62,1,tests_ma4=2.5 (imp=0.466); tests_lag1=4 (imp=0.0179); tests_pct_estadual=0.27 (imp=0.11); tests=1 (imp=0.0222); tests_ma8=nan (imp=0.272),Predito,sklearn_gb_pressao_familia_v1,pressao_v1
SERRA NOVA DOURADA,outros,2025,33,0.0701,0.39999999999999997,False,baixa,1.14,1,tests_ma4=1 (imp=0.0884); indice_pressao_proxy=1.14 (imp=0.0767); tests=1 (imp=0.0338); tests_lag1=1 (imp=0.0272); tests_ma8=nan (imp=0.594),Predito,sklearn_gb_pressao_familia_v1,pressao_v1
CHAVAL,outros,2025,51,0.0701,0.39999999999999997,False,baixa,1.59,1,tests=1 (imp=0.0338); tests_lag1=nan (imp=0.0272); tests_ma4=nan (imp=0.0884); tests_ma8=nan (imp=0.594); tests_trend=nan (imp=0.0302),Predito,sklearn_gb_pressao_familia_v1,pressao_v1
MESSIAS,tuberculose,2026,28,0.0698,0.25,False,baixa,2.45,1,tests_ma4=1.33 (imp=0.466); tests_ma8=1.33 (imp=0.272); indice_pressao_proxy=2.45 (imp=0.024); tests_pct_estadual=0.259 (imp=0.11); tests=1 (imp=0.0222),Predito,sklearn_gb_pressao_familia_v1,pressao_v1
SAO BENTO,tuberculose,2026,28,0.0698,0.25,False,baixa,4.91,2,tests_ma4=1.5 (imp=0.466); tests_ma8=1.5 (imp=0.272); indice_pressao_proxy=4.91 (imp=0.024); tests_pct_estadual=0.586 (imp=0.11); tests=2 (imp=0.0222),Predito,sklearn_gb_pressao_familia_v1,pressao_v1
SANTA MARIA DAS BARREIRAS,tuberculose,2026,21,0.0698,0.25,False,baixa,2.35,1,tests_ma4=1.5 (imp=0.466); tests_ma8=1.4 (imp=0.272); indice_pressao_proxy=2.35 (imp=0.024); tests_lag1=2 (imp=0.0179); tests_pct_estadual=0.244 (imp=0.11),Predito,sklearn_gb_pressao_familia_v1,pressao_v1
CUJUBIM,tuberculose,2026,22,0.0698,0.25,False,baixa,2.31,1,tests_ma4=1.25 (imp=0.466); tests_ma8=1.25 (imp=0.272); indice_pressao_proxy=2.31 (imp=0.024); tests_lag1=2 (imp=0.0179); tests_pct_estadual=0.27 (imp=0.11),Predito,sklearn_gb_pressao_familia_v1,pressao_v1
NOVO PROGRESSO,tuberculose,2026,27,0.0698,0.25,False,baixa,2.52,1,tests_ma4=1.5 (imp=0.466); tests_ma8=1.38 (imp=0.272); indice_pressao_proxy=2.52 (imp=0.024); tests_lag1=2 (imp=0.0179); tests_pct_estadual=0.274 (imp=0.11),Predito,sklearn_gb_pressao_familia_v1,pressao_v1
JABOATAO DOS GUARARAPES,tuberculose,2026,20,0.0698,0.25,False,baixa,3.39,2,tests_ma4=1.5 (imp=0.466); tests_ma8=1.6 (imp=0.272); indice_pressao_proxy=3.39 (imp=0.024); tests_pct_estadual=0.601 (imp=0.11); tests=2 (imp=0.0222),Predito,sklearn_gb_pressao_familia_v1,pressao_v1
DENISE,tuberculose,2026,22,0.0698,0.25,False,baixa,2.31,1,tests_ma4=1.5 (imp=0.466); tests_ma8=1.5 (imp=0.272); indice_pressao_proxy=2.31 (imp=0.024); tests_pct_estadual=0.27 (imp=0.11); tests=1 (imp=0.0222),Predito,sklearn_gb_pressao_familia_v1,pressao_v1
ARAGUAIANA,tuberculose,2026,27,0.0698,0.25,False,baixa,2.52,1,tests_ma4=1.5 (imp=0.466); tests_ma8=1.6 (imp=0.272); indice_pressao_proxy=2.52 (imp=0.024); tests_pct_estadual=0.274 (imp=0.11); tests=1 (imp=0.0222),Predito,sklearn_gb_pressao_familia_v1,pressao_v1
ARAGUAINA,tuberculose,2026,27,0.0698,0.25,False,baixa,2.52,1,tests_ma4=1.5 (imp=0.466); tests_ma8=1.5 (imp=0.272); indice_pressao_proxy=2.52 (imp=0.024); tests_pct_estadual=0.274 (imp=0.11); tests=1 (imp=0.0222),Predito,sklearn_gb_pressao_familia_v1,pressao_v1
COXIM,tuberculose,2026,22,0.0698,0.25,False,baixa,2.31,1,tests_ma4=1.25 (imp=0.466); tests_ma8=1.25 (imp=0.272); indice_pressao_proxy=2.31 (imp=0.024); tests_pct_estadual=0.27 (imp=0.11); tests=1 (imp=0.0222),Predito,sklearn_gb_pressao_familia_v1,pressao_v1
RIBEIRAO PRETO,tuberculose,2025,15,0.0698,0.25,False,baixa,2.09,2,tests_ma4=1.25 (imp=0.466); tests_ma8=1.25 (imp=0.272); tests_pct_estadual=0.68 (imp=0.11); indice_pressao_proxy=2.09 (imp=0.024); tests=2 (imp=0.0222),Predito,sklearn_gb_pressao_familia_v1,pressao_v1
ANAPOLIS,tuberculose,2026,27,0.0698,0.25,False,baixa,2.52,1,tests_ma4=1.5 (imp=0.466); tests_ma8=1.5 (imp=0.272); indice_pressao_proxy=2.52 (imp=0.024); tests_lag1=2 (imp=0.0179); tests_pct_estadual=0.274 (imp=0.11),Predito,sklearn_gb_pressao_familia_v1,pressao_v1
FATIMA DO SUL,tuberculose,2026,22,0.0698,0.25,False,baixa,2.31,1,tests_ma4=1.5 (imp=0.466); tests_ma8=1.38 (imp=0.272); indice_pressao_proxy=2.31 (imp=0.024); tests_lag1=2 (imp=0.0179); tests_pct_estadual=0.27 (imp=0.11),Predito,sklearn_gb_pressao_familia_v1,pressao_v1
NOVA NAZARE,tuberculose,2026,27,0.0698,0.25,False,baixa,2.52,1,tests_ma4=1.25 (imp=0.466); tests_ma8=1.25 (imp=0.272); indice_pressao_proxy=2.52 (imp=0.024); tests_pct_estadual=0.274 (imp=0.11); tests=1 (imp=0.0222),Predito,sklearn_gb_pressao_familia_v1,pressao_v1
CANOAS,outros,2025,3,0.0698,0.39999999999999997,False,baixa,2.32,2,tests=2 (imp=0.0338); tests_lag1=nan (imp=0.0272); tests_ma4=nan (imp=0.0884); tests_ma8=nan (imp=0.594); tests_trend=nan (imp=0.0302),Predito,sklearn_gb_pressao_familia_v1,pressao_v1
PEDREIRAS,tuberculose,2026,22,0.0698,0.25,False,baixa,2.31,1,tests_ma4=1.25 (imp=0.466); tests_ma8=1.2 (imp=0.272); indice_pressao_proxy=2.31 (imp=0.024); tests_pct_estadual=0.27 (imp=0.11); tests=1 (imp=0.0222),Predito,sklearn_gb_pressao_familia_v1,pressao_v1
PONTE BRANCA,tuberculose,2026,28,0.0698,0.25,False,baixa,2.45,1,tests_ma4=1.33 (imp=0.466); tests_ma8=1.33 (imp=0.272); indice_pressao_proxy=2.45 (imp=0.024); tests_pct_estadual=0.259 (imp=0.11); tests=1 (imp=0.0222),Predito,sklearn_gb_pressao_familia_v1,pressao_v1
BALIZA,tuberculose,2025,14,0.0698,0.25,False,baixa,4.23,2,tests_ma4=1.5 (imp=0.466); tests_ma8=1.5 (imp=0.272); indice_pressao_proxy=4.23 (imp=0.024); tests_pct_estadual=0.609 (imp=0.11); tests=2 (imp=0.0222),Predito,sklearn_gb_pressao_familia_v1,pressao_v1
SANTA LUZIA,tuberculose,2026,27,0.0698,0.25,False,baixa,2.52,1,tests_ma4=1.25 (imp=0.466); tests_ma8=1.25 (imp=0.272); indice_pressao_proxy=2.52 (imp=0.024); tests_lag1=2 (imp=0.0179); tests_pct_estadual=0.274 (imp=0.11),Predito,sklearn_gb_pressao_familia_v1,pressao_v1
PONTAL,tuberculose,2026,28,0.0698,0.25,False,baixa,2.45,1,tests_ma4=1.33 (imp=0.466); tests_ma8=1.33 (imp=0.272); indice_pressao_proxy=2.45 (imp=0.024); tests_lag1=2 (imp=0.0179); tests_pct_estadual=0.259 (imp=0.11),Predito,sklearn_gb_pressao_familia_v1,pressao_v1
PLANALTINA,tuberculose,2026,13,0.0689,0.25,False,baixa,0.62,1,tests_ma4=1.33 (imp=0.466); tests_ma8=1.33 (imp=0.272); tests_pct_estadual=0.27 (imp=0.11); tests=1 (imp=0.0222); tests_lag1=1 (imp=0.0179),Predito,sklearn_gb_pressao_familia_v1,pressao_v1
BARREIRAS,tuberculose,2026,18,0.0689,0.25,False,baixa,5.94,3,tests_ma4=3 (imp=0.466); tests=3 (imp=0.0222); tests_pct_estadual=0.518 (imp=0.11); tests_lag1=3 (imp=0.0179); tests_ma8=nan (imp=0.272),Predito,sklearn_gb_pressao_familia_v1,pressao_v1
TUCUMA,tuberculose,2024,46,0.0689,0.25,False,baixa,0.72,1,tests_ma4=1.33 (imp=0.466); tests_ma8=1.33 (imp=0.272); tests_pct_estadual=0.269 (imp=0.11); tests=1 (imp=0.0222); tests_lag1=1 (imp=0.0179),Predito,sklearn_gb_pressao_familia_v1,pressao_v1
ITANHANGA,arbovirose,2026,29,0.0681,0.44999999999999996,False,baixa,4.26,4,tests_ma4=1.75 (imp=0.379); tests_pct_estadual=0.625 (imp=0.414); tests_ma8=1.5 (imp=0.0883); tests=4 (imp=0.0167); indice_pressao_proxy=4.26 (imp=0.0141),Predito,sklearn_gb_pressao_familia_v1,pressao_v1
NOVA XAVANTINA,tuberculose,2026,35,0.0681,0.25,False,baixa,2.08,1,tests_ma4=1.75 (imp=0.466); tests_ma8=1.38 (imp=0.272); indice_pressao_proxy=2.08 (imp=0.024); tests_lag1=2 (imp=0.0179); tests=1 (imp=0.0222),Predito,sklearn_gb_pressao_familia_v1,pressao_v1
SUMARE,tuberculose,2026,35,0.0681,0.25,False,baixa,2.08,1,tests_ma4=1.75 (imp=0.466); tests_ma8=1.38 (imp=0.272); indice_pressao_proxy=2.08 (imp=0.024); tests=1 (imp=0.0222); tests_pct_estadual=0.2 (imp=0.11),Predito,sklearn_gb_pressao_familia_v1,pressao_v1
ALTO GARCAS,respiratorio,2026,16,0.068,0.35,False,baixa,1.03,1,tests_ma8=1 (imp=0.212); tests_pct_estadual=0.304 (imp=0.468); tests_ma4=1 (imp=0.0783); indice_pressao_proxy=1.03 (imp=0.0587); tests_lag1=1 (imp=0.0454),Predito,sklearn_gb_pressao_familia_v1,pressao_v1
UBERLANDIA,respiratorio,2026,16,0.068,0.35,False,baixa,1.03,1,tests_ma8=1.25 (imp=0.212); tests_pct_estadual=0.304 (imp=0.468); tests_ma4=1.25 (imp=0.0783); indice_pressao_proxy=1.03 (imp=0.0587); tests_lag1=1 (imp=0.0454),Predito,sklearn_gb_pressao_familia_v1,pressao_v1
GUIRATINGA,respiratorio,2026,16,0.068,0.35,False,baixa,1.03,1,tests_ma8=1.25 (imp=0.212); tests_pct_estadual=0.304 (imp=0.468); tests_ma4=1.25 (imp=0.0783); indice_pressao_proxy=1.03 (imp=0.0587); tests_lag1=1 (imp=0.0454),Predito,sklearn_gb_pressao_familia_v1,pressao_v1
ALTO BOA VISTA,respiratorio,2026,18,0.068,0.35,False,baixa,1.02,1,tests_ma8=1.8 (imp=0.212); tests_pct_estadual=0.309 (imp=0.468); tests_ma4=1.75 (imp=0.0783); indice_pressao_proxy=1.02 (imp=0.0587); tests_lag1=1 (imp=0.0454),Predito,sklearn_gb_pressao_familia_v1,pressao_v1
MACHADINHO D''OESTE,tuberculose,2025,15,0.0679,0.25,False,baixa,1.04,1,tests_ma4=1.33 (imp=0.466); tests_ma8=1.33 (imp=0.272); tests_pct_estadual=0.29 (imp=0.11); indice_pressao_proxy=1.04 (imp=0.024); tests=1 (imp=0.0222),Predito,sklearn_gb_pressao_familia_v1,pressao_v1
PRIMAVERA DO LESTE,hepatite,2026,36,0.0677,0.35,False,baixa,9.02,3,tests_ma8=1.5 (imp=0.486); tests_ma4=1.5 (imp=0.306); indice_pressao_proxy=9.02 (imp=0.0338); tests=3 (imp=0.0458); tests_lag1=1 (imp=0.0495),Predito,sklearn_gb_pressao_familia_v1,pressao_v1
SOBRADINHO,tuberculose,2026,23,0.0676,0.25,False,baixa,19.2,6,tests=6 (imp=0.0222); tests_lag1=nan (imp=0.0179); tests_ma4=nan (imp=0.466); tests_ma8=nan (imp=0.272); tests_trend=nan (imp=0.0303),Predito,sklearn_gb_pressao_familia_v1,pressao_v1
ITAPEMA,tuberculose,2026,28,0.0676,0.25,False,baixa,14.72,6,tests=6 (imp=0.0222); tests_lag1=nan (imp=0.0179); tests_ma4=nan (imp=0.466); tests_ma8=nan (imp=0.272); tests_trend=nan (imp=0.0303),Predito,sklearn_gb_pressao_familia_v1,pressao_v1
MATUPA,hepatite,2026,36,0.0674,0.35,False,baixa,3.01,1,tests_ma8=1.75 (imp=0.486); tests_ma4=1.75 (imp=0.306); indice_pressao_proxy=3.01 (imp=0.0338); tests_lag1=2 (imp=0.0495); tests=1 (imp=0.0458),Predito,sklearn_gb_pressao_familia_v1,pressao_v1
LENCOIS,outros,2024,49,0.0673,0.39999999999999997,False,baixa,0.89,1,tests_ma4=2 (imp=0.0884); tests_lag1=3 (imp=0.0272); indice_pressao_proxy=0.89 (imp=0.0767); tests=1 (imp=0.0338); tests_ma8=nan (imp=0.594),Predito,sklearn_gb_pressao_familia_v1,pressao_v1
CARIRIACU,outros,2026,29,0.0672,0.39999999999999997,False,baixa,2.06,1,tests=1 (imp=0.0338); tests_lag1=nan (imp=0.0272); tests_ma4=nan (imp=0.0884); tests_ma8=nan (imp=0.594); tests_trend=nan (imp=0.0302),Predito,sklearn_gb_pressao_familia_v1,pressao_v1
FIGUEIROPOLIS D''OESTE,outros,2026,29,0.0672,0.39999999999999997,False,baixa,2.06,1,indice_pressao_proxy=2.06 (imp=0.0767); tests_ma4=1 (imp=0.0884); tests=1 (imp=0.0338); tests_lag1=1 (imp=0.0272); tests_ma8=nan (imp=0.594),Predito,sklearn_gb_pressao_familia_v1,pressao_v1
JATEI,outros,2026,29,0.0672,0.39999999999999997,False,baixa,2.06,1,tests=1 (imp=0.0338); tests_lag1=nan (imp=0.0272); tests_ma4=nan (imp=0.0884); tests_ma8=nan (imp=0.594); tests_trend=nan (imp=0.0302),Predito,sklearn_gb_pressao_familia_v1,pressao_v1
BRAGANCA PAULISTA,tuberculose,2026,27,0.0672,0.25,False,baixa,5.05,2,tests_ma4=3 (imp=0.466); tests_lag1=4 (imp=0.0179); tests_pct_estadual=0.62 (imp=0.11); tests=2 (imp=0.0222); tests_ma8=nan (imp=0.272),Predito,sklearn_gb_pressao_familia_v1,pressao_v1
ROLIM DE MOURA,outros,2025,8,0.067,0.39999999999999997,False,baixa,3.56,2,tests=2 (imp=0.0338); tests_lag1=nan (imp=0.0272); tests_ma4=nan (imp=0.0884); tests_ma8=nan (imp=0.594); tests_trend=nan (imp=0.0302),Predito,sklearn_gb_pressao_familia_v1,pressao_v1
JI-PARANA,outros,2025,8,0.067,0.39999999999999997,False,baixa,3.56,2,tests=2 (imp=0.0338); tests_lag1=nan (imp=0.0272); tests_ma4=nan (imp=0.0884); tests_ma8=nan (imp=0.594); tests_trend=nan (imp=0.0302),Predito,sklearn_gb_pressao_familia_v1,pressao_v1
BELEM,outros,2026,36,0.067,0.39999999999999997,False,baixa,2.25,3,tests=3 (imp=0.0338); tests_lag1=nan (imp=0.0272); tests_ma4=nan (imp=0.0884); tests_ma8=nan (imp=0.594); tests_trend=nan (imp=0.0302),Predito,sklearn_gb_pressao_familia_v1,pressao_v1
CALDAS NOVAS,tuberculose,2025,45,0.0663,0.25,False,baixa,1.74,1,tests_ma4=1.25 (imp=0.466); tests_ma8=1.25 (imp=0.272); indice_pressao_proxy=1.74 (imp=0.024); tests_pct_estadual=0.215 (imp=0.11); tests=1 (imp=0.0222),Predito,sklearn_gb_pressao_familia_v1,pressao_v1
SANTA CARMEM,tuberculose,2026,34,0.0663,0.25,False,baixa,1.52,1,tests_ma4=1.5 (imp=0.466); tests_ma8=1.4 (imp=0.272); indice_pressao_proxy=1.52 (imp=0.024); tests_lag1=2 (imp=0.0179); tests_pct_estadual=0.225 (imp=0.11),Predito,sklearn_gb_pressao_familia_v1,pressao_v1
SANTANA DO ARAGUAIA,tuberculose,2025,22,0.0662,0.25,False,baixa,3.48,3,tests_ma4=2.5 (imp=0.466); tests_pct_estadual=0.712 (imp=0.11); tests=3 (imp=0.0222); tests_lag1=2 (imp=0.0179); tests_ma8=nan (imp=0.272),Predito,sklearn_gb_pressao_familia_v1,pressao_v1
TUPI PAULISTA,tuberculose,2026,5,0.0662,0.25,False,baixa,1.01,1,tests_ma4=2 (imp=0.466); tests_lag1=3 (imp=0.0179); indice_pressao_proxy=1.01 (imp=0.024); tests=1 (imp=0.0222); tests_ma8=nan (imp=0.272),Predito,sklearn_gb_pressao_familia_v1,pressao_v1
RIO DE JANEIRO,respiratorio,2025,16,0.0662,0.35,False,baixa,3.87,6,tests=6 (imp=0.0304); tests_lag1=nan (imp=0.0454); tests_ma4=nan (imp=0.0783); tests_ma8=nan (imp=0.212); tests_trend=nan (imp=0.0585),Predito,sklearn_gb_pressao_familia_v1,pressao_v1
DENISE,arbovirose,2026,35,0.0658,0.44999999999999996,False,baixa,4.32,5,tests_ma4=2 (imp=0.379); tests_pct_estadual=0.63 (imp=0.414); tests_ma8=1.88 (imp=0.0883); tests=5 (imp=0.0167); indice_pressao_proxy=4.32 (imp=0.0141),Predito,sklearn_gb_pressao_familia_v1,pressao_v1
VERA,arbovirose,2026,29,0.0654,0.44999999999999996,False,baixa,4.26,4,tests_ma4=1.75 (imp=0.379); tests_pct_estadual=0.625 (imp=0.414); tests_ma8=1.88 (imp=0.0883); tests=4 (imp=0.0167); indice_pressao_proxy=4.26 (imp=0.0141),Predito,sklearn_gb_pressao_familia_v1,pressao_v1
TRES RIOS,arbovirose,2026,22,0.0654,0.44999999999999996,False,baixa,4.26,5,tests=5 (imp=0.0167); tests_lag1=nan (imp=0.0273); tests_ma4=nan (imp=0.379); tests_ma8=nan (imp=0.0883); tests_trend=nan (imp=0.0236),Predito,sklearn_gb_pressao_familia_v1,pressao_v1
SAO SIMAO,arbovirose,2026,23,0.0654,0.44999999999999996,False,baixa,4.78,5,tests=5 (imp=0.0167); tests_lag1=nan (imp=0.0273); tests_ma4=nan (imp=0.379); tests_ma8=nan (imp=0.0883); tests_trend=nan (imp=0.0236),Predito,sklearn_gb_pressao_familia_v1,pressao_v1
RIBEIRAO PRETO,outros,2026,10,0.0652,0.39999999999999997,False,baixa,1.45,1,tests=1 (imp=0.0338); tests_lag1=nan (imp=0.0272); tests_ma4=nan (imp=0.0884); tests_ma8=nan (imp=0.594); tests_trend=nan (imp=0.0302),Predito,sklearn_gb_pressao_familia_v1,pressao_v1
NOVO ARIPUANA,outros,2025,29,0.0652,0.39999999999999997,False,baixa,1.51,1,tests=1 (imp=0.0338); tests_lag1=nan (imp=0.0272); tests_ma4=nan (imp=0.0884); tests_ma8=nan (imp=0.594); tests_trend=nan (imp=0.0302),Predito,sklearn_gb_pressao_familia_v1,pressao_v1
XINGUARA,outros,2025,39,0.0652,0.39999999999999997,False,baixa,1.16,1,tests=1 (imp=0.0338); tests_lag1=nan (imp=0.0272); tests_ma4=nan (imp=0.0884); tests_ma8=nan (imp=0.594); tests_trend=nan (imp=0.0302),Predito,sklearn_gb_pressao_familia_v1,pressao_v1
SAO GABRIEL DO OESTE,outros,2024,44,0.0652,0.39999999999999997,False,baixa,1.56,1,tests=1 (imp=0.0338); tests_lag1=nan (imp=0.0272); tests_ma4=nan (imp=0.0884); tests_ma8=nan (imp=0.594); tests_trend=nan (imp=0.0302),Predito,sklearn_gb_pressao_familia_v1,pressao_v1
SANTA CRUZ DE MONTE CASTELO,outros,2025,17,0.0652,0.39999999999999997,False,baixa,1.3,1,indice_pressao_proxy=1.3 (imp=0.0767); tests_ma4=1 (imp=0.0884); tests=1 (imp=0.0338); tests_lag1=1 (imp=0.0272); tests_ma8=nan (imp=0.594),Predito,sklearn_gb_pressao_familia_v1,pressao_v1
CHAPADAO DO SUL,outros,2026,23,0.0652,0.39999999999999997,False,baixa,1.2,1,indice_pressao_proxy=1.2 (imp=0.0767); tests_ma4=1 (imp=0.0884); tests=1 (imp=0.0338); tests_lag1=1 (imp=0.0272); tests_ma8=nan (imp=0.594),Predito,sklearn_gb_pressao_familia_v1,pressao_v1
SERRA TALHADA,outros,2026,27,0.0652,0.39999999999999997,False,baixa,1.47,1,tests=1 (imp=0.0338); tests_lag1=nan (imp=0.0272); tests_ma4=nan (imp=0.0884); tests_ma8=nan (imp=0.594); tests_trend=nan (imp=0.0302),Predito,sklearn_gb_pressao_familia_v1,pressao_v1
INHUMAS,outros,2026,22,0.0652,0.39999999999999997,False,baixa,1.51,1,tests=1 (imp=0.0338); tests_lag1=nan (imp=0.0272); tests_ma4=nan (imp=0.0884); tests_ma8=nan (imp=0.594); tests_trend=nan (imp=0.0302),Predito,sklearn_gb_pressao_familia_v1,pressao_v1
BELEM DO BREJO DO CRUZ,outros,2025,17,0.0652,0.39999999999999997,False,baixa,1.3,1,tests=1 (imp=0.0338); tests_lag1=nan (imp=0.0272); tests_ma4=nan (imp=0.0884); tests_ma8=nan (imp=0.594); tests_trend=nan (imp=0.0302),Predito,sklearn_gb_pressao_familia_v1,pressao_v1
IPORA,outros,2026,27,0.0652,0.39999999999999997,False,baixa,1.47,1,indice_pressao_proxy=1.47 (imp=0.0767); tests_ma4=1 (imp=0.0884); tests=1 (imp=0.0338); tests_lag1=1 (imp=0.0272); tests_ma8=nan (imp=0.594),Predito,sklearn_gb_pressao_familia_v1,pressao_v1
ANAPU,outros,2026,22,0.0652,0.39999999999999997,False,baixa,1.51,1,tests=1 (imp=0.0338); tests_lag1=nan (imp=0.0272); tests_ma4=nan (imp=0.0884); tests_ma8=nan (imp=0.594); tests_trend=nan (imp=0.0302),Predito,sklearn_gb_pressao_familia_v1,pressao_v1
PORTO DE MOZ,outros,2026,22,0.0652,0.39999999999999997,False,baixa,1.51,1,tests=1 (imp=0.0338); tests_lag1=nan (imp=0.0272); tests_ma4=nan (imp=0.0884); tests_ma8=nan (imp=0.594); tests_trend=nan (imp=0.0302),Predito,sklearn_gb_pressao_familia_v1,pressao_v1
JARU,outros,2025,34,0.0652,0.39999999999999997,False,baixa,1.14,1,tests_ma4=4.5 (imp=0.0884); tests_lag1=8 (imp=0.0272); indice_pressao_proxy=1.14 (imp=0.0767); tests=1 (imp=0.0338); tests_ma8=nan (imp=0.594),Predito,sklearn_gb_pressao_familia_v1,pressao_v1
SAO PAULO,outros,2026,27,0.0652,0.39999999999999997,False,baixa,1.47,1,tests_ma8=1 (imp=0.594); indice_pressao_proxy=1.47 (imp=0.0767); tests_ma4=1 (imp=0.0884); tests=1 (imp=0.0338); tests_lag1=1 (imp=0.0272),Predito,sklearn_gb_pressao_familia_v1,pressao_v1
GUARUJA,outros,2025,40,0.0652,0.39999999999999997,False,baixa,0.93,1,tests=1 (imp=0.0338); tests_lag1=nan (imp=0.0272); tests_ma4=nan (imp=0.0884); tests_ma8=nan (imp=0.594); tests_trend=nan (imp=0.0302),Predito,sklearn_gb_pressao_familia_v1,pressao_v1
PIMENTA BUENO,outros,2026,19,0.0652,0.39999999999999997,False,baixa,1.43,1,indice_pressao_proxy=1.43 (imp=0.0767); tests_ma4=1 (imp=0.0884); tests=1 (imp=0.0338); tests_lag1=1 (imp=0.0272); tests_ma8=nan (imp=0.594),Predito,sklearn_gb_pressao_familia_v1,pressao_v1
SAO JOSE,outros,2025,45,0.0652,0.39999999999999997,False,baixa,1.48,1,tests=1 (imp=0.0338); tests_lag1=nan (imp=0.0272); tests_ma4=nan (imp=0.0884); tests_ma8=nan (imp=0.594); tests_trend=nan (imp=0.0302),Predito,sklearn_gb_pressao_familia_v1,pressao_v1
ACORIZAL,outros,2026,19,0.0652,0.39999999999999997,False,baixa,1.43,1,tests_ma8=1 (imp=0.594); indice_pressao_proxy=1.43 (imp=0.0767); tests_ma4=1 (imp=0.0884); tests=1 (imp=0.0338); tests_lag1=1 (imp=0.0272),Predito,sklearn_gb_pressao_familia_v1,pressao_v1
NOVA ALVORADA DO SUL,outros,2026,11,0.0652,0.39999999999999997,False,baixa,1.3,1,tests=1 (imp=0.0338); tests_lag1=nan (imp=0.0272); tests_ma4=nan (imp=0.0884); tests_ma8=nan (imp=0.594); tests_trend=nan (imp=0.0302),Predito,sklearn_gb_pressao_familia_v1,pressao_v1
XAPURI,outros,2025,34,0.0652,0.39999999999999997,False,baixa,1.14,1,tests=1 (imp=0.0338); tests_lag1=nan (imp=0.0272); tests_ma4=nan (imp=0.0884); tests_ma8=nan (imp=0.594); tests_trend=nan (imp=0.0302),Predito,sklearn_gb_pressao_familia_v1,pressao_v1
SANTA TEREZINHA,outros,2025,9,0.0652,0.39999999999999997,False,baixa,1.51,1,tests_ma4=5.5 (imp=0.0884); tests_lag1=10 (imp=0.0272); indice_pressao_proxy=1.51 (imp=0.0767); tests=1 (imp=0.0338); tests_ma8=nan (imp=0.594),Predito,sklearn_gb_pressao_familia_v1,pressao_v1
JURUTI,outros,2026,19,0.0652,0.39999999999999997,False,baixa,1.43,1,tests=1 (imp=0.0338); tests_lag1=nan (imp=0.0272); tests_ma4=nan (imp=0.0884); tests_ma8=nan (imp=0.594); tests_trend=nan (imp=0.0302),Predito,sklearn_gb_pressao_familia_v1,pressao_v1
LAGOA GRANDE DO MARANHAO,outros,2025,13,0.0652,0.39999999999999997,False,baixa,1.6,2,tests=2 (imp=0.0338); tests_lag1=nan (imp=0.0272); tests_ma4=nan (imp=0.0884); tests_ma8=nan (imp=0.594); tests_trend=nan (imp=0.0302),Predito,sklearn_gb_pressao_familia_v1,pressao_v1
SAO CARLOS,outros,2025,32,0.0652,0.39999999999999997,False,baixa,0.86,1,tests=1 (imp=0.0338); tests_lag1=nan (imp=0.0272); tests_ma4=nan (imp=0.0884); tests_ma8=nan (imp=0.594); tests_trend=nan (imp=0.0302),Predito,sklearn_gb_pressao_familia_v1,pressao_v1
CAMPINAS,outros,2026,34,0.0649,0.39999999999999997,False,baixa,1.96,1,tests=1 (imp=0.0338); tests_lag1=nan (imp=0.0272); tests_ma4=nan (imp=0.0884); tests_ma8=nan (imp=0.594); tests_trend=nan (imp=0.0302),Predito,sklearn_gb_pressao_familia_v1,pressao_v1
PARANAIBA,tuberculose,2026,27,0.0649,0.25,False,baixa,2.52,1,tests_ma4=2.5 (imp=0.466); tests_lag1=4 (imp=0.0179); tests_pct_estadual=0.274 (imp=0.11); tests=1 (imp=0.0222); tests_ma8=nan (imp=0.272),Predito,sklearn_gb_pressao_familia_v1,pressao_v1
PARA DE MINAS,outros,2026,34,0.0649,0.39999999999999997,False,baixa,1.96,1,tests=1 (imp=0.0338); tests_lag1=nan (imp=0.0272); tests_ma4=nan (imp=0.0884); tests_ma8=nan (imp=0.594); tests_trend=nan (imp=0.0302),Predito,sklearn_gb_pressao_familia_v1,pressao_v1
ELDORADO DOS CARAJAS,outros,2026,24,0.0649,0.39999999999999997,False,baixa,1.9,1,tests=1 (imp=0.0338); tests_lag1=nan (imp=0.0272); tests_ma4=nan (imp=0.0884); tests_ma8=nan (imp=0.594); tests_trend=nan (imp=0.0302),Predito,sklearn_gb_pressao_familia_v1,pressao_v1
PAULO RAMOS,outros,2024,46,0.0649,0.39999999999999997,False,baixa,1.74,1,tests=1 (imp=0.0338); tests_lag1=nan (imp=0.0272); tests_ma4=nan (imp=0.0884); tests_ma8=nan (imp=0.594); tests_trend=nan (imp=0.0302),Predito,sklearn_gb_pressao_familia_v1,pressao_v1
APARECIDA DE GOIANIA,outros,2024,46,0.0649,0.39999999999999997,False,baixa,1.74,1,tests=1 (imp=0.0338); tests_lag1=nan (imp=0.0272); tests_ma4=nan (imp=0.0884); tests_ma8=nan (imp=0.594); tests_trend=nan (imp=0.0302),Predito,sklearn_gb_pressao_familia_v1,pressao_v1
SANTA MARIA,outros,2026,24,0.0649,0.39999999999999997,False,baixa,1.9,1,tests=1 (imp=0.0338); tests_lag1=nan (imp=0.0272); tests_ma4=nan (imp=0.0884); tests_ma8=nan (imp=0.594); tests_trend=nan (imp=0.0302),Predito,sklearn_gb_pressao_familia_v1,pressao_v1
BOCA DO ACRE,outros,2024,46,0.0649,0.39999999999999997,False,baixa,1.74,1,tests=1 (imp=0.0338); tests_lag1=nan (imp=0.0272); tests_ma4=nan (imp=0.0884); tests_ma8=nan (imp=0.594); tests_trend=nan (imp=0.0302),Predito,sklearn_gb_pressao_familia_v1,pressao_v1
ARAPIRACA,tuberculose,2025,46,0.0649,0.25,False,baixa,3.33,1,tests_ma4=2.5 (imp=0.466); tests_lag1=4 (imp=0.0179); tests_pct_estadual=0.241 (imp=0.11); tests=1 (imp=0.0222); tests_ma8=nan (imp=0.272),Predito,sklearn_gb_pressao_familia_v1,pressao_v1
OURO PRETO DO OESTE,outros,2026,34,0.0649,0.39999999999999997,False,baixa,1.96,1,tests=1 (imp=0.0338); tests_lag1=nan (imp=0.0272); tests_ma4=nan (imp=0.0884); tests_ma8=nan (imp=0.594); tests_trend=nan (imp=0.0302),Predito,sklearn_gb_pressao_familia_v1,pressao_v1
IVOLANDIA,outros,2026,24,0.0649,0.39999999999999997,False,baixa,1.9,1,tests=1 (imp=0.0338); tests_lag1=nan (imp=0.0272); tests_ma4=nan (imp=0.0884); tests_ma8=nan (imp=0.594); tests_trend=nan (imp=0.0302),Predito,sklearn_gb_pressao_familia_v1,pressao_v1
ABADIA DE GOIAS,outros,2024,46,0.0649,0.39999999999999997,False,baixa,1.74,1,tests=1 (imp=0.0338); tests_lag1=nan (imp=0.0272); tests_ma4=nan (imp=0.0884); tests_ma8=nan (imp=0.594); tests_trend=nan (imp=0.0302),Predito,sklearn_gb_pressao_familia_v1,pressao_v1
MINEIROS,outros,2026,34,0.0649,0.39999999999999997,False,baixa,1.96,1,tests=1 (imp=0.0338); tests_lag1=nan (imp=0.0272); tests_ma4=nan (imp=0.0884); tests_ma8=nan (imp=0.594); tests_trend=nan (imp=0.0302),Predito,sklearn_gb_pressao_familia_v1,pressao_v1
GOIANIA,outros,2025,44,0.0645,0.39999999999999997,False,baixa,3.03,2,indice_pressao_proxy=3.03 (imp=0.0767); tests_ma4=2 (imp=0.0884); tests=2 (imp=0.0338); tests_lag1=2 (imp=0.0272); tests_ma8=nan (imp=0.594),Predito,sklearn_gb_pressao_familia_v1,pressao_v1
LAGOA DA CONFUSAO,outros,2026,28,0.0645,0.39999999999999997,False,baixa,2.94,2,indice_pressao_proxy=2.94 (imp=0.0767); tests_ma4=2 (imp=0.0884); tests=2 (imp=0.0338); tests_lag1=2 (imp=0.0272); tests_ma8=nan (imp=0.594),Predito,sklearn_gb_pressao_familia_v1,pressao_v1
ALTO ARAGUAIA,outros,2025,23,0.0645,0.39999999999999997,False,baixa,3.23,1,tests_ma4=3 (imp=0.0884); indice_pressao_proxy=3.23 (imp=0.0767); tests_lag1=5 (imp=0.0272); tests=1 (imp=0.0338); tests_ma8=nan (imp=0.594),Predito,sklearn_gb_pressao_familia_v1,pressao_v1
SANTA RITA DO ARAGUAIA,outros,2026,22,0.0645,0.39999999999999997,False,baixa,3.02,2,indice_pressao_proxy=3.02 (imp=0.0767); tests_ma4=2 (imp=0.0884); tests=2 (imp=0.0338); tests_lag1=2 (imp=0.0272); tests_ma8=nan (imp=0.594),Predito,sklearn_gb_pressao_familia_v1,pressao_v1
LUIZIANIA,outros,2025,15,0.0645,0.39999999999999997,False,baixa,3.19,1,tests_ma4=4 (imp=0.0884); indice_pressao_proxy=3.19 (imp=0.0767); tests_lag1=7 (imp=0.0272); tests=1 (imp=0.0338); tests_ma8=nan (imp=0.594),Predito,sklearn_gb_pressao_familia_v1,pressao_v1
GAUCHA DO NORTE,hepatite,2026,32,0.0643,0.35,False,baixa,2.56,1,tests_ma8=1.75 (imp=0.486); tests_ma4=2 (imp=0.306); tests_lag1=4 (imp=0.0495); indice_pressao_proxy=2.56 (imp=0.0338); tests=1 (imp=0.0458),Predito,sklearn_gb_pressao_familia_v1,pressao_v1
BARRA DO BUGRES,hepatite,2026,33,0.0643,0.35,False,baixa,2.58,1,tests_ma8=1.62 (imp=0.486); tests_ma4=2 (imp=0.306); tests_lag1=3 (imp=0.0495); indice_pressao_proxy=2.58 (imp=0.0338); tests=1 (imp=0.0458),Predito,sklearn_gb_pressao_familia_v1,pressao_v1
BURITIS,tuberculose,2025,30,0.0641,0.25,False,baixa,3.65,3,tests_ma4=2.5 (imp=0.466); tests_pct_estadual=0.608 (imp=0.11); tests=3 (imp=0.0222); tests_lag1=2 (imp=0.0179); tests_ma8=nan (imp=0.272),Predito,sklearn_gb_pressao_familia_v1,pressao_v1
ROLIM DE MOURA,tuberculose,2026,23,0.0634,0.25,False,baixa,3.2,1,tests_ma4=1.33 (imp=0.466); tests_ma8=1.33 (imp=0.272); indice_pressao_proxy=3.2 (imp=0.024); tests_pct_estadual=0.232 (imp=0.11); tests=1 (imp=0.0222),Predito,sklearn_gb_pressao_familia_v1,pressao_v1
ARACAJU,tuberculose,2026,15,0.0634,0.25,False,baixa,2.17,1,tests_ma4=1.33 (imp=0.466); tests_ma8=1.33 (imp=0.272); indice_pressao_proxy=2.17 (imp=0.024); tests_pct_estadual=0.213 (imp=0.11); tests=1 (imp=0.0222),Predito,sklearn_gb_pressao_familia_v1,pressao_v1
SARANDI,tuberculose,2026,24,0.0634,0.25,False,baixa,2.24,1,tests_ma4=1.33 (imp=0.466); tests_ma8=1.33 (imp=0.272); indice_pressao_proxy=2.24 (imp=0.024); tests_pct_estadual=0.226 (imp=0.11); tests=1 (imp=0.0222),Predito,sklearn_gb_pressao_familia_v1,pressao_v1
CURITIBA,tuberculose,2026,15,0.0634,0.25,False,baixa,2.17,1,tests_ma4=1.5 (imp=0.466); tests_ma8=1.38 (imp=0.272); indice_pressao_proxy=2.17 (imp=0.024); tests_lag1=2 (imp=0.0179); tests_pct_estadual=0.213 (imp=0.11),Predito,sklearn_gb_pressao_familia_v1,pressao_v1
SAO VICENTE,tuberculose,2025,13,0.0634,0.25,False,baixa,2.56,1,tests_ma4=1.5 (imp=0.466); tests_ma8=1.5 (imp=0.272); indice_pressao_proxy=2.56 (imp=0.024); tests=1 (imp=0.0222); tests_pct_estadual=0.2 (imp=0.11),Predito,sklearn_gb_pressao_familia_v1,pressao_v1
BRASILIA,tuberculose,2026,35,0.0634,0.25,False,baixa,2.08,1,tests_ma4=1.5 (imp=0.466); tests_ma8=1.38 (imp=0.272); indice_pressao_proxy=2.08 (imp=0.024); tests_lag1=2 (imp=0.0179); tests=1 (imp=0.0222),Predito,sklearn_gb_pressao_familia_v1,pressao_v1
AQUIDAUANA,tuberculose,2026,26,0.0634,0.25,False,baixa,2.86,1,tests_ma4=1.33 (imp=0.466); tests_ma8=1.33 (imp=0.272); indice_pressao_proxy=2.86 (imp=0.024); tests_lag1=2 (imp=0.0179); tests_pct_estadual=0.234 (imp=0.11),Predito,sklearn_gb_pressao_familia_v1,pressao_v1
PALMEIRAS DE GOIAS,tuberculose,2026,24,0.0634,0.25,False,baixa,2.24,1,tests_ma4=1.33 (imp=0.466); tests_ma8=1.33 (imp=0.272); indice_pressao_proxy=2.24 (imp=0.024); tests_lag1=2 (imp=0.0179); tests_pct_estadual=0.226 (imp=0.11),Predito,sklearn_gb_pressao_familia_v1,pressao_v1
CHAPADAO DO SUL,tuberculose,2026,15,0.0634,0.25,False,baixa,2.17,1,tests_ma4=1.25 (imp=0.466); tests_ma8=1.17 (imp=0.272); indice_pressao_proxy=2.17 (imp=0.024); tests_pct_estadual=0.213 (imp=0.11); tests=1 (imp=0.0222),Predito,sklearn_gb_pressao_familia_v1,pressao_v1
ESTIVA,tuberculose,2026,19,0.0634,0.25,False,baixa,1.98,1,tests_ma4=1.25 (imp=0.466); tests_ma8=1.2 (imp=0.272); indice_pressao_proxy=1.98 (imp=0.024); tests_pct_estadual=0.207 (imp=0.11); tests=1 (imp=0.0222),Predito,sklearn_gb_pressao_familia_v1,pressao_v1
SANTA HELENA DE GOIAS,tuberculose,2025,13,0.0634,0.25,False,baixa,2.56,1,tests_ma4=1.5 (imp=0.466); tests_ma8=1.5 (imp=0.272); indice_pressao_proxy=2.56 (imp=0.024); tests_lag1=3 (imp=0.0179); tests=1 (imp=0.0222),Predito,sklearn_gb_pressao_familia_v1,pressao_v1
SAO GABRIEL DO OESTE,tuberculose,2026,35,0.0634,0.25,False,baixa,2.08,1,tests_ma4=1.25 (imp=0.466); tests_ma8=1.25 (imp=0.272); indice_pressao_proxy=2.08 (imp=0.024); tests=1 (imp=0.0222); tests_pct_estadual=0.2 (imp=0.11),Predito,sklearn_gb_pressao_familia_v1,pressao_v1
CAXIAS,tuberculose,2026,24,0.0634,0.25,False,baixa,2.24,1,tests_ma4=1.25 (imp=0.466); tests_ma8=1.25 (imp=0.272); indice_pressao_proxy=2.24 (imp=0.024); tests_pct_estadual=0.226 (imp=0.11); tests=1 (imp=0.0222),Predito,sklearn_gb_pressao_familia_v1,pressao_v1
PEDRO DO ROSARIO,tuberculose,2026,26,0.0634,0.25,False,baixa,2.86,1,tests_ma4=1.5 (imp=0.466); tests_ma8=1.4 (imp=0.272); indice_pressao_proxy=2.86 (imp=0.024); tests_pct_estadual=0.234 (imp=0.11); tests=1 (imp=0.0222),Predito,sklearn_gb_pressao_familia_v1,pressao_v1
CARAPICUIBA,tuberculose,2026,24,0.0634,0.25,False,baixa,2.24,1,tests_ma4=1.33 (imp=0.466); tests_ma8=1.33 (imp=0.272); indice_pressao_proxy=2.24 (imp=0.024); tests_pct_estadual=0.226 (imp=0.11); tests=1 (imp=0.0222),Predito,sklearn_gb_pressao_familia_v1,pressao_v1
LUZIANIA,respiratorio,2025,16,0.0632,0.35,False,baixa,2.58,4,tests=4 (imp=0.0304); tests_lag1=nan (imp=0.0454); tests_ma4=nan (imp=0.0783); tests_ma8=nan (imp=0.212); tests_trend=nan (imp=0.0585),Predito,sklearn_gb_pressao_familia_v1,pressao_v1
TABAPORA,tuberculose,2026,17,0.0631,0.25,False,baixa,0.89,1,tests_ma4=1.75 (imp=0.466); tests_ma8=1.38 (imp=0.272); tests_lag1=2 (imp=0.0179); tests=1 (imp=0.0222); tests_pct_estadual=0.195 (imp=0.11),Predito,sklearn_gb_pressao_familia_v1,pressao_v1
JAURU,hepatite,2026,30,0.0627,0.35,False,baixa,4.44,1,tests_ma8=1.5 (imp=0.486); tests_ma4=1.25 (imp=0.306); indice_pressao_proxy=4.44 (imp=0.0338); tests_lag1=2 (imp=0.0495); tests=1 (imp=0.0458),Predito,sklearn_gb_pressao_familia_v1,pressao_v1
CAMPO ALEGRE DE LOURDES,outros,2026,3,0.0625,0.39999999999999997,False,baixa,2.0,1,tests=1 (imp=0.0338); tests_lag1=nan (imp=0.0272); tests_ma4=nan (imp=0.0884); tests_ma8=nan (imp=0.594); tests_trend=nan (imp=0.0302),Predito,sklearn_gb_pressao_familia_v1,pressao_v1
JUAZEIRO,outros,2025,21,0.0625,0.39999999999999997,False,baixa,2.73,2,tests=2 (imp=0.0338); tests_lag1=nan (imp=0.0272); tests_ma4=nan (imp=0.0884); tests_ma8=nan (imp=0.594); tests_trend=nan (imp=0.0302),Predito,sklearn_gb_pressao_familia_v1,pressao_v1
QUIRINOPOLIS,outros,2024,43,0.0625,0.39999999999999997,False,baixa,2.61,1,tests=1 (imp=0.0338); tests_lag1=nan (imp=0.0272); tests_ma4=nan (imp=0.0884); tests_ma8=nan (imp=0.594); tests_trend=nan (imp=0.0302),Predito,sklearn_gb_pressao_familia_v1,pressao_v1
PARAISO DAS AGUAS,outros,2026,18,0.0625,0.39999999999999997,False,baixa,1.97,1,tests=1 (imp=0.0338); tests_lag1=nan (imp=0.0272); tests_ma4=nan (imp=0.0884); tests_ma8=nan (imp=0.594); tests_trend=nan (imp=0.0302),Predito,sklearn_gb_pressao_familia_v1,pressao_v1
CABIXI,outros,2026,21,0.0625,0.39999999999999997,False,baixa,2.16,1,tests=1 (imp=0.0338); tests_lag1=nan (imp=0.0272); tests_ma4=nan (imp=0.0884); tests_ma8=nan (imp=0.594); tests_trend=nan (imp=0.0302),Predito,sklearn_gb_pressao_familia_v1,pressao_v1
VALE DE SAO DOMINGOS,outros,2026,26,0.0625,0.39999999999999997,False,baixa,2.01,1,tests_ma8=1 (imp=0.594); indice_pressao_proxy=2.01 (imp=0.0767); tests_ma4=1 (imp=0.0884); tests=1 (imp=0.0338); tests_lag1=1 (imp=0.0272),Predito,sklearn_gb_pressao_familia_v1,pressao_v1
SOROCABA,outros,2026,26,0.0625,0.39999999999999997,False,baixa,2.01,1,tests=1 (imp=0.0338); tests_lag1=nan (imp=0.0272); tests_ma4=nan (imp=0.0884); tests_ma8=nan (imp=0.594); tests_trend=nan (imp=0.0302),Predito,sklearn_gb_pressao_familia_v1,pressao_v1
ARIQUEMES,outros,2026,2,0.0625,0.39999999999999997,False,baixa,2.68,1,tests=1 (imp=0.0338); tests_lag1=nan (imp=0.0272); tests_ma4=nan (imp=0.0884); tests_ma8=nan (imp=0.594); tests_trend=nan (imp=0.0302),Predito,sklearn_gb_pressao_familia_v1,pressao_v1
FLORIANOPOLIS,outros,2026,33,0.0625,0.39999999999999997,False,baixa,2.25,1,tests_ma8=1 (imp=0.594); indice_pressao_proxy=2.25 (imp=0.0767); tests_ma4=1 (imp=0.0884); tests=1 (imp=0.0338); tests_lag1=1 (imp=0.0272),Predito,sklearn_gb_pressao_familia_v1,pressao_v1
BARREIRAS,outros,2025,24,0.0625,0.39999999999999997,False,baixa,2.16,1,tests=1 (imp=0.0338); tests_lag1=nan (imp=0.0272); tests_ma4=nan (imp=0.0884); tests_ma8=nan (imp=0.594); tests_trend=nan (imp=0.0302),Predito,sklearn_gb_pressao_familia_v1,pressao_v1
UBERLANDIA,outros,2025,48,0.0625,0.39999999999999997,False,baixa,2.62,1,tests=1 (imp=0.0338); tests_lag1=nan (imp=0.0272); tests_ma4=nan (imp=0.0884); tests_ma8=nan (imp=0.594); tests_trend=nan (imp=0.0302),Predito,sklearn_gb_pressao_familia_v1,pressao_v1
RIO VERDE,outros,2026,18,0.0625,0.39999999999999997,False,baixa,1.97,1,indice_pressao_proxy=1.97 (imp=0.0767); tests_ma4=1 (imp=0.0884); tests=1 (imp=0.0338); tests_lag1=1 (imp=0.0272); tests_ma8=nan (imp=0.594),Predito,sklearn_gb_pressao_familia_v1,pressao_v1
ARARUNA,outros,2025,16,0.0625,0.39999999999999997,False,baixa,2.17,1,tests=1 (imp=0.0338); tests_lag1=nan (imp=0.0272); tests_ma4=nan (imp=0.0884); tests_ma8=nan (imp=0.594); tests_trend=nan (imp=0.0302),Predito,sklearn_gb_pressao_familia_v1,pressao_v1
QUINZE DE NOVEMBRO,outros,2025,46,0.0625,0.39999999999999997,False,baixa,2.93,3,tests=3 (imp=0.0338); tests_lag1=nan (imp=0.0272); tests_ma4=nan (imp=0.0884); tests_ma8=nan (imp=0.594); tests_trend=nan (imp=0.0302),Predito,sklearn_gb_pressao_familia_v1,pressao_v1
IBATE,outros,2026,25,0.0625,0.39999999999999997,False,baixa,2.08,1,tests=1 (imp=0.0338); tests_lag1=nan (imp=0.0272); tests_ma4=nan (imp=0.0884); tests_ma8=nan (imp=0.594); tests_trend=nan (imp=0.0302),Predito,sklearn_gb_pressao_familia_v1,pressao_v1
PLACAS,outros,2025,46,0.0625,0.39999999999999997,False,baixa,2.93,3,tests=3 (imp=0.0338); tests_lag1=nan (imp=0.0272); tests_ma4=nan (imp=0.0884); tests_ma8=nan (imp=0.594); tests_trend=nan (imp=0.0302),Predito,sklearn_gb_pressao_familia_v1,pressao_v1
GODOFREDO VIANA,outros,2026,26,0.0625,0.39999999999999997,False,baixa,2.01,1,tests=1 (imp=0.0338); tests_lag1=nan (imp=0.0272); tests_ma4=nan (imp=0.0884); tests_ma8=nan (imp=0.594); tests_trend=nan (imp=0.0302),Predito,sklearn_gb_pressao_familia_v1,pressao_v1
CACHOEIRA DO PIRIA,outros,2026,22,0.0625,0.39999999999999997,False,baixa,3.02,2,tests=2 (imp=0.0338); tests_lag1=nan (imp=0.0272); tests_ma4=nan (imp=0.0884); tests_ma8=nan (imp=0.594); tests_trend=nan (imp=0.0302),Predito,sklearn_gb_pressao_familia_v1,pressao_v1
PENTECOSTE,outros,2024,48,0.0625,0.39999999999999997,False,baixa,2.86,1,tests=1 (imp=0.0338); tests_lag1=nan (imp=0.0272); tests_ma4=nan (imp=0.0884); tests_ma8=nan (imp=0.594); tests_trend=nan (imp=0.0302),Predito,sklearn_gb_pressao_familia_v1,pressao_v1
MARINGA,outros,2024,41,0.0625,0.39999999999999997,False,baixa,3.36,1,tests=1 (imp=0.0338); tests_lag1=nan (imp=0.0272); tests_ma4=nan (imp=0.0884); tests_ma8=nan (imp=0.594); tests_trend=nan (imp=0.0302),Predito,sklearn_gb_pressao_familia_v1,pressao_v1
CRUZEIRO DO SUL,outros,2026,26,0.0625,0.39999999999999997,False,baixa,2.01,1,indice_pressao_proxy=2.01 (imp=0.0767); tests_ma4=1 (imp=0.0884); tests=1 (imp=0.0338); tests_lag1=1 (imp=0.0272); tests_ma8=nan (imp=0.594),Predito,sklearn_gb_pressao_familia_v1,pressao_v1
SAO BENEDITO,outros,2024,45,0.0625,0.39999999999999997,False,baixa,2.19,1,tests=1 (imp=0.0338); tests_lag1=nan (imp=0.0272); tests_ma4=nan (imp=0.0884); tests_ma8=nan (imp=0.594); tests_trend=nan (imp=0.0302),Predito,sklearn_gb_pressao_familia_v1,pressao_v1
JOAO PESSOA,outros,2025,22,0.0625,0.39999999999999997,False,baixa,2.51,1,indice_pressao_proxy=2.51 (imp=0.0767); tests_ma4=1 (imp=0.0884); tests=1 (imp=0.0338); tests_lag1=1 (imp=0.0272); tests_ma8=nan (imp=0.594),Predito,sklearn_gb_pressao_familia_v1,pressao_v1
RIO BRILHANTE,outros,2026,12,0.0625,0.39999999999999997,False,baixa,2.58,1,tests=1 (imp=0.0338); tests_lag1=nan (imp=0.0272); tests_ma4=nan (imp=0.0884); tests_ma8=nan (imp=0.594); tests_trend=nan (imp=0.0302),Predito,sklearn_gb_pressao_familia_v1,pressao_v1
SANTO ANTONIO DO TAUA,outros,2025,15,0.0625,0.39999999999999997,False,baixa,3.19,1,tests=1 (imp=0.0338); tests_lag1=nan (imp=0.0272); tests_ma4=nan (imp=0.0884); tests_ma8=nan (imp=0.594); tests_trend=nan (imp=0.0302),Predito,sklearn_gb_pressao_familia_v1,pressao_v1
JABOATAO DOS GUARARAPES,outros,2026,1,0.0625,0.39999999999999997,False,baixa,2.6,1,tests=1 (imp=0.0338); tests_lag1=nan (imp=0.0272); tests_ma4=nan (imp=0.0884); tests_ma8=nan (imp=0.594); tests_trend=nan (imp=0.0302),Predito,sklearn_gb_pressao_familia_v1,pressao_v1
SAO LUIS DE MONTES BELOS,outros,2026,7,0.0625,0.39999999999999997,False,baixa,2.74,1,tests=1 (imp=0.0338); tests_lag1=nan (imp=0.0272); tests_ma4=nan (imp=0.0884); tests_ma8=nan (imp=0.594); tests_trend=nan (imp=0.0302),Predito,sklearn_gb_pressao_familia_v1,pressao_v1
PARAUAPEBAS,outros,2025,52,0.0625,0.39999999999999997,False,baixa,2.53,1,tests=1 (imp=0.0338); tests_lag1=nan (imp=0.0272); tests_ma4=nan (imp=0.0884); tests_ma8=nan (imp=0.594); tests_trend=nan (imp=0.0302),Predito,sklearn_gb_pressao_familia_v1,pressao_v1
JATAI,outros,2026,21,0.0625,0.39999999999999997,False,baixa,2.16,1,tests=1 (imp=0.0338); tests_lag1=nan (imp=0.0272); tests_ma4=nan (imp=0.0884); tests_ma8=nan (imp=0.594); tests_trend=nan (imp=0.0302),Predito,sklearn_gb_pressao_familia_v1,pressao_v1
BRASILIA,outros,2026,7,0.0625,0.39999999999999997,False,baixa,2.74,1,tests_ma8=1 (imp=0.594); indice_pressao_proxy=2.74 (imp=0.0767); tests_ma4=1 (imp=0.0884); tests=1 (imp=0.0338); tests_lag1=1 (imp=0.0272),Predito,sklearn_gb_pressao_familia_v1,pressao_v1
TRINDADE,outros,2024,38,0.0625,0.39999999999999997,False,baixa,3.97,2,tests=2 (imp=0.0338); tests_lag1=nan (imp=0.0272); tests_ma4=nan (imp=0.0884); tests_ma8=nan (imp=0.594); tests_trend=nan (imp=0.0302),Predito,sklearn_gb_pressao_familia_v1,pressao_v1
JANUARIA,outros,2024,48,0.0625,0.39999999999999997,False,baixa,2.86,1,tests=1 (imp=0.0338); tests_lag1=nan (imp=0.0272); tests_ma4=nan (imp=0.0884); tests_ma8=nan (imp=0.594); tests_trend=nan (imp=0.0302),Predito,sklearn_gb_pressao_familia_v1,pressao_v1
JACAREACANGA,outros,2025,6,0.0625,0.39999999999999997,False,baixa,2.63,1,tests=1 (imp=0.0338); tests_lag1=nan (imp=0.0272); tests_ma4=nan (imp=0.0884); tests_ma8=nan (imp=0.594); tests_trend=nan (imp=0.0302),Predito,sklearn_gb_pressao_familia_v1,pressao_v1
CASCAVEL,outros,2025,35,0.0625,0.39999999999999997,False,baixa,2.47,2,tests=2 (imp=0.0338); tests_lag1=nan (imp=0.0272); tests_ma4=nan (imp=0.0884); tests_ma8=nan (imp=0.594); tests_trend=nan (imp=0.0302),Predito,sklearn_gb_pressao_familia_v1,pressao_v1
BIRIGUI,outros,2025,35,0.0625,0.39999999999999997,False,baixa,2.47,2,tests=2 (imp=0.0338); tests_lag1=nan (imp=0.0272); tests_ma4=nan (imp=0.0884); tests_ma8=nan (imp=0.594); tests_trend=nan (imp=0.0302),Predito,sklearn_gb_pressao_familia_v1,pressao_v1
ITABUNA,outros,2026,21,0.0625,0.39999999999999997,False,baixa,2.16,1,tests=1 (imp=0.0338); tests_lag1=nan (imp=0.0272); tests_ma4=nan (imp=0.0884); tests_ma8=nan (imp=0.594); tests_trend=nan (imp=0.0302),Predito,sklearn_gb_pressao_familia_v1,pressao_v1
SAO LUIS,outros,2026,3,0.0625,0.39999999999999997,False,baixa,2.0,1,tests=1 (imp=0.0338); tests_lag1=nan (imp=0.0272); tests_ma4=nan (imp=0.0884); tests_ma8=nan (imp=0.594); tests_trend=nan (imp=0.0302),Predito,sklearn_gb_pressao_familia_v1,pressao_v1
BREJO,outros,2024,38,0.0625,0.39999999999999997,False,baixa,3.97,2,tests=2 (imp=0.0338); tests_lag1=nan (imp=0.0272); tests_ma4=nan (imp=0.0884); tests_ma8=nan (imp=0.594); tests_trend=nan (imp=0.0302),Predito,sklearn_gb_pressao_familia_v1,pressao_v1
LAGO VERDE,outros,2025,46,0.0625,0.39999999999999997,False,baixa,2.93,3,tests=3 (imp=0.0338); tests_lag1=nan (imp=0.0272); tests_ma4=nan (imp=0.0884); tests_ma8=nan (imp=0.594); tests_trend=nan (imp=0.0302),Predito,sklearn_gb_pressao_familia_v1,pressao_v1
ALTO PARAGUAI,hepatite,2026,33,0.062,0.35,False,baixa,2.58,1,tests_ma8=1.5 (imp=0.486); tests_ma4=1.75 (imp=0.306); tests_lag1=3 (imp=0.0495); indice_pressao_proxy=2.58 (imp=0.0338); tests=1 (imp=0.0458),Predito,sklearn_gb_pressao_familia_v1,pressao_v1
JACIARA,hepatite,2026,21,0.0616,0.35,False,baixa,4.76,1,tests_ma8=1.5 (imp=0.486); tests_ma4=1 (imp=0.306); indice_pressao_proxy=4.76 (imp=0.0338); tests_lag1=1 (imp=0.0495); tests=1 (imp=0.0458),Predito,sklearn_gb_pressao_familia_v1,pressao_v1
CASCAVEL,respiratorio,2024,40,0.0615,0.35,False,baixa,2.25,4,tests=4 (imp=0.0304); tests_lag1=nan (imp=0.0454); tests_ma4=nan (imp=0.0783); tests_ma8=nan (imp=0.212); tests_trend=nan (imp=0.0585),Predito,sklearn_gb_pressao_familia_v1,pressao_v1
CAMPINAS,respiratorio,2026,15,0.0612,0.35,False,baixa,1.93,2,tests=2 (imp=0.0304); tests_lag1=nan (imp=0.0454); tests_ma4=nan (imp=0.0783); tests_ma8=nan (imp=0.212); tests_trend=nan (imp=0.0585),Predito,sklearn_gb_pressao_familia_v1,pressao_v1
GOIANESIA,hepatite,2025,47,0.0612,0.35,False,baixa,17.78,4,tests=4 (imp=0.0458); tests_lag1=nan (imp=0.0495); tests_ma4=nan (imp=0.306); tests_ma8=nan (imp=0.486); tests_trend=nan (imp=0.0213),Predito,sklearn_gb_pressao_familia_v1,pressao_v1
ESMERALDAS,tuberculose,2025,29,0.0604,0.25,False,baixa,2.48,2,tests_ma4=2.5 (imp=0.466); indice_pressao_proxy=2.48 (imp=0.024); tests_lag1=3 (imp=0.0179); tests=2 (imp=0.0222); tests_ma8=nan (imp=0.272),Predito,sklearn_gb_pressao_familia_v1,pressao_v1
PRESIDENTE PRUDENTE,tuberculose,2026,16,0.0599,0.25,False,baixa,1.02,1,tests_ma4=1.67 (imp=0.466); tests_ma8=1.67 (imp=0.272); tests_lag1=2 (imp=0.0179); indice_pressao_proxy=1.02 (imp=0.024); tests=1 (imp=0.0222),Predito,sklearn_gb_pressao_familia_v1,pressao_v1
GOVERNADOR EDISON LOBAO,respiratorio,2025,15,0.0598,0.35,False,baixa,6.4,4,tests=4 (imp=0.0304); tests_lag1=nan (imp=0.0454); tests_ma4=nan (imp=0.0783); tests_ma8=nan (imp=0.212); tests_trend=nan (imp=0.0585),Predito,sklearn_gb_pressao_familia_v1,pressao_v1
JUARA,hepatite,2026,34,0.0593,0.35,False,baixa,2.17,1,tests_ma8=1.75 (imp=0.486); tests_ma4=1.75 (imp=0.306); tests_lag1=4 (imp=0.0495); indice_pressao_proxy=2.17 (imp=0.0338); tests=1 (imp=0.0458),Predito,sklearn_gb_pressao_familia_v1,pressao_v1
NOVO ORIENTE,tuberculose,2025,42,0.0593,0.25,False,baixa,4.37,4,tests_ma4=2.5 (imp=0.466); tests=4 (imp=0.0222); tests_pct_estadual=0.651 (imp=0.11); tests_lag1=1 (imp=0.0179); tests_ma8=nan (imp=0.272),Predito,sklearn_gb_pressao_familia_v1,pressao_v1
GOVERNADOR EUGENIO BARROS,tuberculose,2026,21,0.0593,0.25,False,baixa,7.06,3,tests_ma4=2 (imp=0.466); tests_pct_estadual=0.677 (imp=0.11); tests=3 (imp=0.0222); tests_lag1=1 (imp=0.0179); tests_ma8=nan (imp=0.272),Predito,sklearn_gb_pressao_familia_v1,pressao_v1
BRASILEIA,arbovirose,2026,15,0.0592,0.44999999999999996,False,baixa,5.56,5,tests_ma4=4 (imp=0.379); tests_pct_estadual=0.354 (imp=0.414); tests=5 (imp=0.0167); tests_lag1=3 (imp=0.0273); tests_ma8=nan (imp=0.0883),Predito,sklearn_gb_pressao_familia_v1,pressao_v1
JUNDIA,outros,2025,18,0.0591,0.39999999999999997,False,baixa,3.25,1,indice_pressao_proxy=3.25 (imp=0.0767); tests_ma4=1.5 (imp=0.0884); tests_lag1=2 (imp=0.0272); tests=1 (imp=0.0338); tests_ma8=nan (imp=0.594),Predito,sklearn_gb_pressao_familia_v1,pressao_v1
SAO JOAO DA BALIZA,arbovirose,2025,45,0.0586,0.44999999999999996,False,baixa,5.52,4,tests=4 (imp=0.0167); tests_lag1=nan (imp=0.0273); tests_ma4=nan (imp=0.379); tests_ma8=nan (imp=0.0883); tests_trend=nan (imp=0.0236),Predito,sklearn_gb_pressao_familia_v1,pressao_v1
MOCOCA,outros,2025,12,0.0585,0.39999999999999997,False,baixa,0.77,1,tests=1 (imp=0.0338); tests_lag1=nan (imp=0.0272); tests_ma4=nan (imp=0.0884); tests_ma8=nan (imp=0.594); tests_trend=nan (imp=0.0302),Predito,sklearn_gb_pressao_familia_v1,pressao_v1
BOA ESPERANCA DO NORTE,outros,2026,36,0.0585,0.39999999999999997,False,baixa,0.75,1,tests_ma8=1 (imp=0.594); tests_ma4=1 (imp=0.0884); indice_pressao_proxy=0.75 (imp=0.0767); tests=1 (imp=0.0338); tests_lag1=1 (imp=0.0272),Predito,sklearn_gb_pressao_familia_v1,pressao_v1
CRATEUS,outros,2025,12,0.0585,0.39999999999999997,False,baixa,0.77,1,tests_ma4=1 (imp=0.0884); indice_pressao_proxy=0.77 (imp=0.0767); tests=1 (imp=0.0338); tests_lag1=1 (imp=0.0272); tests_ma8=nan (imp=0.594),Predito,sklearn_gb_pressao_familia_v1,pressao_v1
BARRA DO PIRAI,outros,2026,36,0.0585,0.39999999999999997,False,baixa,0.75,1,tests=1 (imp=0.0338); tests_lag1=nan (imp=0.0272); tests_ma4=nan (imp=0.0884); tests_ma8=nan (imp=0.594); tests_trend=nan (imp=0.0302),Predito,sklearn_gb_pressao_familia_v1,pressao_v1
PIRACICABA,outros,2026,36,0.0585,0.39999999999999997,False,baixa,0.75,1,tests=1 (imp=0.0338); tests_lag1=nan (imp=0.0272); tests_ma4=nan (imp=0.0884); tests_ma8=nan (imp=0.594); tests_trend=nan (imp=0.0302),Predito,sklearn_gb_pressao_familia_v1,pressao_v1
ALTO TAQUARI,respiratorio,2025,24,0.0583,0.35,False,baixa,0.84,1,tests_ma8=1.5 (imp=0.212); tests_ma4=1.5 (imp=0.0783); tests_pct_estadual=0.25 (imp=0.468); tests_lag1=2 (imp=0.0454); indice_pressao_proxy=0.84 (imp=0.0587),Predito,sklearn_gb_pressao_familia_v1,pressao_v1
PORTO VELHO,respiratorio,2026,14,0.0583,0.35,False,baixa,0.89,1,tests_ma8=1.33 (imp=0.212); tests_pct_estadual=0.226 (imp=0.468); tests_ma4=1.33 (imp=0.0783); indice_pressao_proxy=0.89 (imp=0.0587); tests_lag1=1 (imp=0.0454),Predito,sklearn_gb_pressao_familia_v1,pressao_v1
GARUVA,respiratorio,2025,9,0.058,0.35,False,baixa,2.13,2,tests_ma4=2 (imp=0.0783); tests_pct_estadual=0.26 (imp=0.468); tests_lag1=2 (imp=0.0454); tests=2 (imp=0.0304); tests_ma8=nan (imp=0.212),Predito,sklearn_gb_pressao_familia_v1,pressao_v1
GOVERNADOR VALADARES,tuberculose,2026,5,0.0577,0.25,False,baixa,3.02,3,tests_ma4=2 (imp=0.466); tests_pct_estadual=0.631 (imp=0.11); tests=3 (imp=0.0222); tests_lag1=1 (imp=0.0179); tests_ma8=nan (imp=0.272),Predito,sklearn_gb_pressao_familia_v1,pressao_v1
PIATA,arbovirose,2024,38,0.0575,0.44999999999999996,False,baixa,3.52,6,tests=6 (imp=0.0167); tests_lag1=nan (imp=0.0273); tests_ma4=nan (imp=0.379); tests_ma8=nan (imp=0.0883); tests_trend=nan (imp=0.0236),Predito,sklearn_gb_pressao_familia_v1,pressao_v1
TAPURAH,hepatite,2026,34,0.0574,0.35,False,baixa,4.35,2,tests_ma8=1.5 (imp=0.486); tests_ma4=1.5 (imp=0.306); indice_pressao_proxy=4.35 (imp=0.0338); tests=2 (imp=0.0458); tests_lag1=1 (imp=0.0495),Predito,sklearn_gb_pressao_familia_v1,pressao_v1
APARECIDA DE GOIANIA,respiratorio,2025,3,0.0571,0.35,False,baixa,3.11,4,tests=4 (imp=0.0304); tests_lag1=nan (imp=0.0454); tests_ma4=nan (imp=0.0783); tests_ma8=nan (imp=0.212); tests_trend=nan (imp=0.0585),Predito,sklearn_gb_pressao_familia_v1,pressao_v1
CORUMBIARA,arbovirose,2025,3,0.0569,0.44999999999999996,False,baixa,2.96,10,tests=10 (imp=0.0167); tests_lag1=nan (imp=0.0273); tests_ma4=nan (imp=0.379); tests_ma8=nan (imp=0.0883); tests_trend=nan (imp=0.0236),Predito,sklearn_gb_pressao_familia_v1,pressao_v1
PALMEIRANDIA,tuberculose,2026,2,0.0564,0.25,False,baixa,5.26,5,tests=5 (imp=0.0222); tests_lag1=nan (imp=0.0179); tests_ma4=nan (imp=0.466); tests_ma8=nan (imp=0.272); tests_trend=nan (imp=0.0303),Predito,sklearn_gb_pressao_familia_v1,pressao_v1
QUERENCIA,hepatite,2026,36,0.0562,0.35,False,baixa,3.01,1,tests_ma8=1.5 (imp=0.486); tests_ma4=1 (imp=0.306); indice_pressao_proxy=3.01 (imp=0.0338); tests_lag1=1 (imp=0.0495); tests=1 (imp=0.0458),Predito,sklearn_gb_pressao_familia_v1,pressao_v1
SALINOPOLIS,tuberculose,2026,35,0.056,0.25,False,baixa,4.17,2,tests_ma4=2 (imp=0.466); tests_pct_estadual=0.469 (imp=0.11); tests=2 (imp=0.0222); tests_lag1=2 (imp=0.0179); tests_ma8=nan (imp=0.272),Predito,sklearn_gb_pressao_familia_v1,pressao_v1
AUGUSTO CORREA,arbovirose,2025,35,0.0559,0.44999999999999996,False,baixa,5.46,5,tests_ma4=3 (imp=0.379); tests_pct_estadual=0.28 (imp=0.414); tests=5 (imp=0.0167); tests_lag1=1 (imp=0.0273); tests_ma8=nan (imp=0.0883),Predito,sklearn_gb_pressao_familia_v1,pressao_v1
BARCARENA,tuberculose,2025,31,0.0554,0.25,False,baixa,1.0,2,tests_ma4=2 (imp=0.466); tests=2 (imp=0.0222); tests_pct_estadual=0.393 (imp=0.11); tests_lag1=2 (imp=0.0179); tests_ma8=nan (imp=0.272),Predito,sklearn_gb_pressao_familia_v1,pressao_v1
SAO MATEUS DO MARANHAO,tuberculose,2026,30,0.0554,0.25,False,baixa,5.84,2,tests_ma4=2 (imp=0.466); tests_pct_estadual=0.49 (imp=0.11); tests=2 (imp=0.0222); tests_lag1=2 (imp=0.0179); tests_ma8=nan (imp=0.272),Predito,sklearn_gb_pressao_familia_v1,pressao_v1
SANTAREM,respiratorio,2026,17,0.0551,0.35,False,baixa,1.63,2,tests_pct_estadual=0.667 (imp=0.468); tests_ma4=1.5 (imp=0.0783); tests=2 (imp=0.0304); tests_lag1=1 (imp=0.0454); tests_ma8=nan (imp=0.212),Predito,sklearn_gb_pressao_familia_v1,pressao_v1
CAMPO MOURAO,respiratorio,2025,27,0.0544,0.35,False,baixa,5.82,2,tests=2 (imp=0.0304); tests_lag1=nan (imp=0.0454); tests_ma4=nan (imp=0.0783); tests_ma8=nan (imp=0.212); tests_trend=nan (imp=0.0585),Predito,sklearn_gb_pressao_familia_v1,pressao_v1
INDAIAL,outros,2025,14,0.0532,0.39999999999999997,False,baixa,4.82,2,tests_ma4=10.5 (imp=0.0884); tests_lag1=19 (imp=0.0272); indice_pressao_proxy=4.82 (imp=0.0767); tests=2 (imp=0.0338); tests_ma8=nan (imp=0.594),Predito,sklearn_gb_pressao_familia_v1,pressao_v1
LAGO DA PEDRA,outros,2026,13,0.0531,0.39999999999999997,False,baixa,1.67,1,tests=1 (imp=0.0338); tests_lag1=nan (imp=0.0272); tests_ma4=nan (imp=0.0884); tests_ma8=nan (imp=0.594); tests_trend=nan (imp=0.0302),Predito,sklearn_gb_pressao_familia_v1,pressao_v1
ALTO PARAISO,outros,2025,42,0.0531,0.39999999999999997,False,baixa,1.67,1,tests=1 (imp=0.0338); tests_lag1=nan (imp=0.0272); tests_ma4=nan (imp=0.0884); tests_ma8=nan (imp=0.594); tests_trend=nan (imp=0.0302),Predito,sklearn_gb_pressao_familia_v1,pressao_v1
IPORA,respiratorio,2025,35,0.0528,0.35,False,baixa,2.9,1,tests_ma4=3 (imp=0.0783); tests_lag1=5 (imp=0.0454); tests_pct_estadual=0.367 (imp=0.468); tests=1 (imp=0.0304); tests_ma8=nan (imp=0.212),Predito,sklearn_gb_pressao_familia_v1,pressao_v1
SAO JOAO DO PARAISO,tuberculose,2026,22,0.0517,0.25,False,baixa,4.62,2,tests_ma4=2 (imp=0.466); tests_pct_estadual=0.597 (imp=0.11); tests=2 (imp=0.0222); tests_lag1=2 (imp=0.0179); tests_ma8=nan (imp=0.272),Predito,sklearn_gb_pressao_familia_v1,pressao_v1
PINHAIS,tuberculose,2025,14,0.0517,0.25,False,baixa,4.23,2,tests_ma4=2 (imp=0.466); tests_pct_estadual=0.609 (imp=0.11); tests=2 (imp=0.0222); tests_lag1=2 (imp=0.0179); tests_ma8=nan (imp=0.272),Predito,sklearn_gb_pressao_familia_v1,pressao_v1
PORTO ESPERIDIAO,hepatite,2026,34,0.0514,0.35,False,baixa,2.17,1,tests_ma8=1.88 (imp=0.486); tests_ma4=1.25 (imp=0.306); tests_lag1=2 (imp=0.0495); indice_pressao_proxy=2.17 (imp=0.0338); tests=1 (imp=0.0458),Predito,sklearn_gb_pressao_familia_v1,pressao_v1
NOVA BANDEIRANTES,hepatite,2026,20,0.0514,0.35,False,baixa,2.0,1,tests_ma8=1.5 (imp=0.486); tests_ma4=1.75 (imp=0.306); tests_lag1=2 (imp=0.0495); indice_pressao_proxy=2 (imp=0.0338); tests=1 (imp=0.0458),Predito,sklearn_gb_pressao_familia_v1,pressao_v1
PEDREIRA,tuberculose,2026,9,0.0511,0.25,False,baixa,1.22,1,tests=1 (imp=0.0222); tests_lag1=nan (imp=0.0179); tests_ma4=nan (imp=0.466); tests_ma8=nan (imp=0.272); tests_trend=nan (imp=0.0303),Predito,sklearn_gb_pressao_familia_v1,pressao_v1
SAO GONCALO DOS CAMPOS,tuberculose,2026,9,0.0511,0.25,False,baixa,1.22,1,tests=1 (imp=0.0222); tests_lag1=nan (imp=0.0179); tests_ma4=nan (imp=0.466); tests_ma8=nan (imp=0.272); tests_trend=nan (imp=0.0303),Predito,sklearn_gb_pressao_familia_v1,pressao_v1
PATOS,tuberculose,2024,49,0.0511,0.25,False,baixa,1.83,1,tests=1 (imp=0.0222); tests_lag1=nan (imp=0.0179); tests_ma4=nan (imp=0.466); tests_ma8=nan (imp=0.272); tests_trend=nan (imp=0.0303),Predito,sklearn_gb_pressao_familia_v1,pressao_v1
IRITUIA,tuberculose,2025,20,0.0511,0.25,False,baixa,1.38,1,tests_ma4=1 (imp=0.466); tests=1 (imp=0.0222); tests_pct_estadual=0.183 (imp=0.11); tests_lag1=1 (imp=0.0179); tests_ma8=nan (imp=0.272),Predito,sklearn_gb_pressao_familia_v1,pressao_v1
ICARAIMA,tuberculose,2024,49,0.0511,0.25,False,baixa,1.83,1,tests=1 (imp=0.0222); tests_lag1=nan (imp=0.0179); tests_ma4=nan (imp=0.466); tests_ma8=nan (imp=0.272); tests_trend=nan (imp=0.0303),Predito,sklearn_gb_pressao_familia_v1,pressao_v1
ALEXANIA,tuberculose,2025,20,0.0511,0.25,False,baixa,1.38,1,tests_ma4=1 (imp=0.466); tests=1 (imp=0.0222); tests_pct_estadual=0.183 (imp=0.11); tests_lag1=1 (imp=0.0179); tests_ma8=nan (imp=0.272),Predito,sklearn_gb_pressao_familia_v1,pressao_v1
CANHOTINHO,tuberculose,2024,49,0.0511,0.25,False,baixa,1.83,1,tests=1 (imp=0.0222); tests_lag1=nan (imp=0.0179); tests_ma4=nan (imp=0.466); tests_ma8=nan (imp=0.272); tests_trend=nan (imp=0.0303),Predito,sklearn_gb_pressao_familia_v1,pressao_v1
SAPUCAIA DO SUL,tuberculose,2026,36,0.0509,0.25,False,baixa,2.18,2,tests_ma4=2 (imp=0.466); tests_pct_estadual=0.49 (imp=0.11); tests=2 (imp=0.0222); tests_lag1=2 (imp=0.0179); tests_ma8=nan (imp=0.272),Predito,sklearn_gb_pressao_familia_v1,pressao_v1
COLATINA,respiratorio,2024,40,0.0509,0.35,False,baixa,1.13,2,tests=2 (imp=0.0304); tests_lag1=nan (imp=0.0454); tests_ma4=nan (imp=0.0783); tests_ma8=nan (imp=0.212); tests_trend=nan (imp=0.0585),Predito,sklearn_gb_pressao_familia_v1,pressao_v1
OURO FINO,respiratorio,2024,40,0.0509,0.35,False,baixa,1.13,2,tests=2 (imp=0.0304); tests_lag1=nan (imp=0.0454); tests_ma4=nan (imp=0.0783); tests_ma8=nan (imp=0.212); tests_trend=nan (imp=0.0585),Predito,sklearn_gb_pressao_familia_v1,pressao_v1
GUARAQUECABA,tuberculose,2025,10,0.0509,0.25,False,baixa,2.21,2,tests_ma4=2 (imp=0.466); tests_pct_estadual=0.603 (imp=0.11); tests=2 (imp=0.0222); tests_lag1=2 (imp=0.0179); tests_ma8=nan (imp=0.272),Predito,sklearn_gb_pressao_familia_v1,pressao_v1
PIRAI DO NORTE,tuberculose,2025,50,0.0509,0.25,False,baixa,2.22,2,tests_ma4=2 (imp=0.466); tests_pct_estadual=0.569 (imp=0.11); tests=2 (imp=0.0222); tests_lag1=2 (imp=0.0179); tests_ma8=nan (imp=0.272),Predito,sklearn_gb_pressao_familia_v1,pressao_v1
PARAISO DO TOCANTINS,tuberculose,2025,22,0.0509,0.25,False,baixa,2.32,2,tests_ma4=2 (imp=0.466); tests_pct_estadual=0.572 (imp=0.11); tests=2 (imp=0.0222); tests_lag1=2 (imp=0.0179); tests_ma8=nan (imp=0.272),Predito,sklearn_gb_pressao_familia_v1,pressao_v1
CURRALINHOS,tuberculose,2025,46,0.0506,0.25,False,baixa,13.33,4,tests=4 (imp=0.0222); tests_lag1=nan (imp=0.0179); tests_ma4=nan (imp=0.466); tests_ma8=nan (imp=0.272); tests_trend=nan (imp=0.0303),Predito,sklearn_gb_pressao_familia_v1,pressao_v1
SALVATERRA,respiratorio,2026,10,0.0504,0.35,False,baixa,3.04,2,tests=2 (imp=0.0304); tests_lag1=nan (imp=0.0454); tests_ma4=nan (imp=0.0783); tests_ma8=nan (imp=0.212); tests_trend=nan (imp=0.0585),Predito,sklearn_gb_pressao_familia_v1,pressao_v1
LAGOA DA CONFUSAO,hepatite,2024,48,0.05,0.35,False,baixa,0.78,1,tests=1 (imp=0.0458); tests_lag1=nan (imp=0.0495); tests_ma4=nan (imp=0.306); tests_ma8=nan (imp=0.486); tests_trend=nan (imp=0.0213),Predito,sklearn_gb_pressao_familia_v1,pressao_v1
ITAIPAVA DO GRAJAU,respiratorio,2025,15,0.0499,0.35,False,baixa,3.2,2,tests_ma4=2.5 (imp=0.0783); tests_lag1=3 (imp=0.0454); tests_pct_estadual=0.274 (imp=0.468); tests=2 (imp=0.0304); tests_ma8=nan (imp=0.212),Predito,sklearn_gb_pressao_familia_v1,pressao_v1
NOVO HORIZONTE DO NORTE,hepatite,2026,33,0.0493,0.35,False,baixa,2.58,1,tests_ma8=1.38 (imp=0.486); tests_ma4=1 (imp=0.306); indice_pressao_proxy=2.58 (imp=0.0338); tests_lag1=1 (imp=0.0495); tests=1 (imp=0.0458),Predito,sklearn_gb_pressao_familia_v1,pressao_v1
FIRMINOPOLIS,tuberculose,2026,31,0.0492,0.25,False,baixa,4.0,1,tests_ma4=1 (imp=0.466); tests_ma8=1.14 (imp=0.272); indice_pressao_proxy=4 (imp=0.024); tests_pct_estadual=0.262 (imp=0.11); tests=1 (imp=0.0222),Predito,sklearn_gb_pressao_familia_v1,pressao_v1
CHOPINZINHO,tuberculose,2025,21,0.0491,0.25,False,baixa,4.0,4,tests=4 (imp=0.0222); tests_lag1=nan (imp=0.0179); tests_ma4=nan (imp=0.466); tests_ma8=nan (imp=0.272); tests_trend=nan (imp=0.0303),Predito,sklearn_gb_pressao_familia_v1,pressao_v1
LONDRINA,tuberculose,2026,25,0.0491,0.25,False,baixa,1.79,1,tests_ma4=1 (imp=0.466); tests_ma8=1.12 (imp=0.272); indice_pressao_proxy=1.79 (imp=0.024); tests_pct_estadual=0.239 (imp=0.11); tests=1 (imp=0.0222),Predito,sklearn_gb_pressao_familia_v1,pressao_v1
CABREUVA,tuberculose,2025,21,0.0491,0.25,False,baixa,4.0,4,tests=4 (imp=0.0222); tests_lag1=nan (imp=0.0179); tests_ma4=nan (imp=0.466); tests_ma8=nan (imp=0.272); tests_trend=nan (imp=0.0303),Predito,sklearn_gb_pressao_familia_v1,pressao_v1
TRES LAGOAS,tuberculose,2026,33,0.0491,0.25,False,baixa,1.23,1,tests_ma4=1 (imp=0.466); tests_ma8=1.12 (imp=0.272); indice_pressao_proxy=1.23 (imp=0.024); tests_pct_estadual=0.242 (imp=0.11); tests=1 (imp=0.0222),Predito,sklearn_gb_pressao_familia_v1,pressao_v1
PONTA PORA,tuberculose,2026,32,0.0491,0.25,False,baixa,1.11,1,tests_ma4=1 (imp=0.466); tests_ma8=1.12 (imp=0.272); tests_pct_estadual=0.286 (imp=0.11); indice_pressao_proxy=1.11 (imp=0.024); tests=1 (imp=0.0222),Predito,sklearn_gb_pressao_familia_v1,pressao_v1
CATALAO,tuberculose,2025,34,0.0487,0.25,False,baixa,0.48,1,tests_ma4=1 (imp=0.466); tests_pct_estadual=0.24 (imp=0.11); tests=1 (imp=0.0222); tests_lag1=1 (imp=0.0179); tests_ma8=nan (imp=0.272),Predito,sklearn_gb_pressao_familia_v1,pressao_v1
ESTRELA DO NORTE,tuberculose,2024,38,0.0487,0.25,False,baixa,0.53,1,tests=1 (imp=0.0222); tests_lag1=nan (imp=0.0179); tests_ma4=nan (imp=0.466); tests_ma8=nan (imp=0.272); tests_trend=nan (imp=0.0303),Predito,sklearn_gb_pressao_familia_v1,pressao_v1
CAPANEMA,tuberculose,2025,34,0.0487,0.25,False,baixa,0.48,1,tests=1 (imp=0.0222); tests_lag1=nan (imp=0.0179); tests_ma4=nan (imp=0.466); tests_ma8=nan (imp=0.272); tests_trend=nan (imp=0.0303),Predito,sklearn_gb_pressao_familia_v1,pressao_v1
ALMEIRIM,tuberculose,2025,34,0.0487,0.25,False,baixa,0.48,1,tests=1 (imp=0.0222); tests_lag1=nan (imp=0.0179); tests_ma4=nan (imp=0.466); tests_ma8=nan (imp=0.272); tests_trend=nan (imp=0.0303),Predito,sklearn_gb_pressao_familia_v1,pressao_v1
TAPEJARA,tuberculose,2024,38,0.0487,0.25,False,baixa,0.53,1,tests=1 (imp=0.0222); tests_lag1=nan (imp=0.0179); tests_ma4=nan (imp=0.466); tests_ma8=nan (imp=0.272); tests_trend=nan (imp=0.0303),Predito,sklearn_gb_pressao_familia_v1,pressao_v1
PINDAI,tuberculose,2025,34,0.0487,0.25,False,baixa,0.48,1,tests=1 (imp=0.0222); tests_lag1=nan (imp=0.0179); tests_ma4=nan (imp=0.466); tests_ma8=nan (imp=0.272); tests_trend=nan (imp=0.0303),Predito,sklearn_gb_pressao_familia_v1,pressao_v1
ARAGUANA,tuberculose,2025,34,0.0487,0.25,False,baixa,0.48,1,tests=1 (imp=0.0222); tests_lag1=nan (imp=0.0179); tests_ma4=nan (imp=0.466); tests_ma8=nan (imp=0.272); tests_trend=nan (imp=0.0303),Predito,sklearn_gb_pressao_familia_v1,pressao_v1
CARRASCO BONITO,tuberculose,2024,38,0.0487,0.25,False,baixa,0.53,1,tests=1 (imp=0.0222); tests_lag1=nan (imp=0.0179); tests_ma4=nan (imp=0.466); tests_ma8=nan (imp=0.272); tests_trend=nan (imp=0.0303),Predito,sklearn_gb_pressao_familia_v1,pressao_v1
CALDAS NOVAS,hepatite,2025,5,0.0485,0.35,False,baixa,7.02,2,tests=2 (imp=0.0458); tests_lag1=nan (imp=0.0495); tests_ma4=nan (imp=0.306); tests_ma8=nan (imp=0.486); tests_trend=nan (imp=0.0213),Predito,sklearn_gb_pressao_familia_v1,pressao_v1
BURITIS,respiratorio,2025,5,0.0485,0.35,False,baixa,3.16,4,tests=4 (imp=0.0304); tests_lag1=nan (imp=0.0454); tests_ma4=nan (imp=0.0783); tests_ma8=nan (imp=0.212); tests_trend=nan (imp=0.0585),Predito,sklearn_gb_pressao_familia_v1,pressao_v1
CAMPO MOURAO,hepatite,2025,9,0.0485,0.35,False,baixa,3.64,2,tests=2 (imp=0.0458); tests_lag1=nan (imp=0.0495); tests_ma4=nan (imp=0.306); tests_ma8=nan (imp=0.486); tests_trend=nan (imp=0.0213),Predito,sklearn_gb_pressao_familia_v1,pressao_v1
MERCEDES,hepatite,2026,30,0.0485,0.35,False,baixa,4.44,1,tests=1 (imp=0.0458); tests_lag1=nan (imp=0.0495); tests_ma4=nan (imp=0.306); tests_ma8=nan (imp=0.486); tests_trend=nan (imp=0.0213),Predito,sklearn_gb_pressao_familia_v1,pressao_v1
PAU D''ARCO,hepatite,2025,51,0.0485,0.35,False,baixa,4.19,1,tests=1 (imp=0.0458); tests_lag1=nan (imp=0.0495); tests_ma4=nan (imp=0.306); tests_ma8=nan (imp=0.486); tests_trend=nan (imp=0.0213),Predito,sklearn_gb_pressao_familia_v1,pressao_v1
APARECIDA DE GOIANIA,hepatite,2025,34,0.0481,0.35,False,baixa,2.48,1,tests_ma8=1.67 (imp=0.486); tests_ma4=1.67 (imp=0.306); tests_lag1=2 (imp=0.0495); indice_pressao_proxy=2.48 (imp=0.0338); tests=1 (imp=0.0458),Predito,sklearn_gb_pressao_familia_v1,pressao_v1
FRANCISCO BELTRAO,respiratorio,2025,16,0.0481,0.35,False,baixa,1.29,2,tests=2 (imp=0.0304); tests_lag1=nan (imp=0.0454); tests_ma4=nan (imp=0.0783); tests_ma8=nan (imp=0.212); tests_trend=nan (imp=0.0585),Predito,sklearn_gb_pressao_familia_v1,pressao_v1
LUCIARA,hepatite,2026,34,0.0478,0.35,False,baixa,2.17,1,tests_ma8=1.67 (imp=0.486); tests_ma4=1.67 (imp=0.306); indice_pressao_proxy=2.17 (imp=0.0338); tests_lag1=1 (imp=0.0495); tests=1 (imp=0.0458),Predito,sklearn_gb_pressao_familia_v1,pressao_v1
PAROBE,tuberculose,2025,33,0.0477,0.25,False,baixa,0.43,1,tests=1 (imp=0.0222); tests_lag1=nan (imp=0.0179); tests_ma4=nan (imp=0.466); tests_ma8=nan (imp=0.272); tests_trend=nan (imp=0.0303),Predito,sklearn_gb_pressao_familia_v1,pressao_v1
SOORETAMA,tuberculose,2025,33,0.0477,0.25,False,baixa,0.43,1,tests=1 (imp=0.0222); tests_lag1=nan (imp=0.0179); tests_ma4=nan (imp=0.466); tests_ma8=nan (imp=0.272); tests_trend=nan (imp=0.0303),Predito,sklearn_gb_pressao_familia_v1,pressao_v1
POCO REDONDO,tuberculose,2025,31,0.0476,0.25,False,baixa,0.5,1,tests=1 (imp=0.0222); tests_lag1=nan (imp=0.0179); tests_ma4=nan (imp=0.466); tests_ma8=nan (imp=0.272); tests_trend=nan (imp=0.0303),Predito,sklearn_gb_pressao_familia_v1,pressao_v1
BARRETOS,tuberculose,2025,9,0.0476,0.25,False,baixa,1.18,1,tests_ma4=1 (imp=0.466); tests=1 (imp=0.0222); tests_pct_estadual=0.181 (imp=0.11); tests_lag1=1 (imp=0.0179); tests_ma8=nan (imp=0.272),Predito,sklearn_gb_pressao_familia_v1,pressao_v1
RIBEIRA DO AMPARO,tuberculose,2025,35,0.0476,0.25,False,baixa,0.54,1,tests=1 (imp=0.0222); tests_lag1=nan (imp=0.0179); tests_ma4=nan (imp=0.466); tests_ma8=nan (imp=0.272); tests_trend=nan (imp=0.0303),Predito,sklearn_gb_pressao_familia_v1,pressao_v1
BEQUIMAO,tuberculose,2025,31,0.0476,0.25,False,baixa,0.5,1,tests=1 (imp=0.0222); tests_lag1=nan (imp=0.0179); tests_ma4=nan (imp=0.466); tests_ma8=nan (imp=0.272); tests_trend=nan (imp=0.0303),Predito,sklearn_gb_pressao_familia_v1,pressao_v1
ARARIPINA,tuberculose,2025,31,0.0476,0.25,False,baixa,0.5,1,tests=1 (imp=0.0222); tests_lag1=nan (imp=0.0179); tests_ma4=nan (imp=0.466); tests_ma8=nan (imp=0.272); tests_trend=nan (imp=0.0303),Predito,sklearn_gb_pressao_familia_v1,pressao_v1
SAO GOTARDO,tuberculose,2025,9,0.0476,0.25,False,baixa,1.18,1,tests_ma4=1 (imp=0.466); tests=1 (imp=0.0222); tests_pct_estadual=0.181 (imp=0.11); tests_lag1=1 (imp=0.0179); tests_ma8=nan (imp=0.272),Predito,sklearn_gb_pressao_familia_v1,pressao_v1
CAMPINA GRANDE DO SUL,tuberculose,2025,35,0.0476,0.25,False,baixa,0.54,1,tests=1 (imp=0.0222); tests_lag1=nan (imp=0.0179); tests_ma4=nan (imp=0.466); tests_ma8=nan (imp=0.272); tests_trend=nan (imp=0.0303),Predito,sklearn_gb_pressao_familia_v1,pressao_v1
SONORA,tuberculose,2026,29,0.0475,0.25,False,baixa,0.99,1,tests_ma4=1.25 (imp=0.466); tests_ma8=1.12 (imp=0.272); indice_pressao_proxy=0.99 (imp=0.024); tests=1 (imp=0.0222); tests_pct_estadual=0.18 (imp=0.11),Predito,sklearn_gb_pressao_familia_v1,pressao_v1
RIBEIRAO DAS NEVES,tuberculose,2026,29,0.0475,0.25,False,baixa,0.99,1,tests_ma4=1 (imp=0.466); tests=1 (imp=0.0222); tests_pct_estadual=0.18 (imp=0.11); tests_lag1=1 (imp=0.0179); tests_ma8=nan (imp=0.272),Predito,sklearn_gb_pressao_familia_v1,pressao_v1
OSASCO,tuberculose,2026,29,0.0475,0.25,False,baixa,0.99,1,tests_ma4=1 (imp=0.466); tests_ma8=1 (imp=0.272); indice_pressao_proxy=0.99 (imp=0.024); tests=1 (imp=0.0222); tests_pct_estadual=0.18 (imp=0.11),Predito,sklearn_gb_pressao_familia_v1,pressao_v1
PARAISO DAS AGUAS,tuberculose,2026,29,0.0475,0.25,False,baixa,0.99,1,tests=1 (imp=0.0222); tests_lag1=nan (imp=0.0179); tests_ma4=nan (imp=0.466); tests_ma8=nan (imp=0.272); tests_trend=nan (imp=0.0303),Predito,sklearn_gb_pressao_familia_v1,pressao_v1
PANAMBI,respiratorio,2025,12,0.0474,0.35,False,baixa,2.22,2,tests_ma4=1.5 (imp=0.0783); tests_pct_estadual=0.226 (imp=0.468); tests=2 (imp=0.0304); tests_lag1=1 (imp=0.0454); tests_ma8=nan (imp=0.212),Predito,sklearn_gb_pressao_familia_v1,pressao_v1
IMPERATRIZ,respiratorio,2025,12,0.0474,0.35,False,baixa,2.22,2,tests=2 (imp=0.0304); tests_lag1=nan (imp=0.0454); tests_ma4=nan (imp=0.0783); tests_ma8=nan (imp=0.212); tests_trend=nan (imp=0.0585),Predito,sklearn_gb_pressao_familia_v1,pressao_v1
SANTANA DO IPANEMA,tuberculose,2024,45,0.0464,0.25,False,baixa,5.74,3,tests=3 (imp=0.0222); tests_lag1=nan (imp=0.0179); tests_ma4=nan (imp=0.466); tests_ma8=nan (imp=0.272); tests_trend=nan (imp=0.0303),Predito,sklearn_gb_pressao_familia_v1,pressao_v1
OURILANDIA DO NORTE,tuberculose,2024,45,0.0464,0.25,False,baixa,5.74,3,tests=3 (imp=0.0222); tests_lag1=nan (imp=0.0179); tests_ma4=nan (imp=0.466); tests_ma8=nan (imp=0.272); tests_trend=nan (imp=0.0303),Predito,sklearn_gb_pressao_familia_v1,pressao_v1
SERRINHA,tuberculose,2025,13,0.0464,0.25,False,baixa,10.26,4,tests=4 (imp=0.0222); tests_lag1=nan (imp=0.0179); tests_ma4=nan (imp=0.466); tests_ma8=nan (imp=0.272); tests_trend=nan (imp=0.0303),Predito,sklearn_gb_pressao_familia_v1,pressao_v1
CORUMBIARA,tuberculose,2025,12,0.0464,0.25,False,baixa,6.12,4,tests=4 (imp=0.0222); tests_lag1=nan (imp=0.0179); tests_ma4=nan (imp=0.466); tests_ma8=nan (imp=0.272); tests_trend=nan (imp=0.0303),Predito,sklearn_gb_pressao_familia_v1,pressao_v1
PARAGOMINAS,hepatite,2025,43,0.0462,0.35,False,baixa,4.68,2,tests=2 (imp=0.0458); tests_lag1=nan (imp=0.0495); tests_ma4=nan (imp=0.306); tests_ma8=nan (imp=0.486); tests_trend=nan (imp=0.0213),Predito,sklearn_gb_pressao_familia_v1,pressao_v1
AMELIA RODRIGUES,hepatite,2024,39,0.0461,0.35,False,baixa,3.65,1,tests=1 (imp=0.0458); tests_lag1=nan (imp=0.0495); tests_ma4=nan (imp=0.306); tests_ma8=nan (imp=0.486); tests_trend=nan (imp=0.0213),Predito,sklearn_gb_pressao_familia_v1,pressao_v1
CHAPECO,hepatite,2026,21,0.0461,0.35,False,baixa,4.76,1,tests=1 (imp=0.0458); tests_lag1=nan (imp=0.0495); tests_ma4=nan (imp=0.306); tests_ma8=nan (imp=0.486); tests_trend=nan (imp=0.0213),Predito,sklearn_gb_pressao_familia_v1,pressao_v1
PORTO ESTRELA,hepatite,2024,39,0.0461,0.35,False,baixa,3.65,1,tests=1 (imp=0.0458); tests_lag1=nan (imp=0.0495); tests_ma4=nan (imp=0.306); tests_ma8=nan (imp=0.486); tests_trend=nan (imp=0.0213),Predito,sklearn_gb_pressao_familia_v1,pressao_v1
OSASCO,hepatite,2025,45,0.0461,0.35,False,baixa,5.0,1,tests=1 (imp=0.0458); tests_lag1=nan (imp=0.0495); tests_ma4=nan (imp=0.306); tests_ma8=nan (imp=0.486); tests_trend=nan (imp=0.0213),Predito,sklearn_gb_pressao_familia_v1,pressao_v1
MUNDO NOVO,hepatite,2026,22,0.0461,0.35,False,baixa,3.45,1,tests=1 (imp=0.0458); tests_lag1=nan (imp=0.0495); tests_ma4=nan (imp=0.306); tests_ma8=nan (imp=0.486); tests_trend=nan (imp=0.0213),Predito,sklearn_gb_pressao_familia_v1,pressao_v1
MONTES CLAROS,hepatite,2026,24,0.0461,0.35,False,baixa,3.96,1,tests=1 (imp=0.0458); tests_lag1=nan (imp=0.0495); tests_ma4=nan (imp=0.306); tests_ma8=nan (imp=0.486); tests_trend=nan (imp=0.0213),Predito,sklearn_gb_pressao_familia_v1,pressao_v1
MIRASSOL D''OESTE,hepatite,2026,30,0.046,0.35,False,baixa,4.44,1,tests_ma8=1.12 (imp=0.486); tests_ma4=1.25 (imp=0.306); indice_pressao_proxy=4.44 (imp=0.0338); tests_lag1=1 (imp=0.0495); tests=1 (imp=0.0458),Predito,sklearn_gb_pressao_familia_v1,pressao_v1
ITAUBA,hepatite,2026,30,0.046,0.35,False,baixa,4.44,1,tests_ma8=1 (imp=0.486); tests_ma4=1 (imp=0.306); indice_pressao_proxy=4.44 (imp=0.0338); tests_lag1=1 (imp=0.0495); tests=1 (imp=0.0458),Predito,sklearn_gb_pressao_familia_v1,pressao_v1
JATAI,hepatite,2026,31,0.046,0.35,False,baixa,6.67,1,tests_ma8=1.33 (imp=0.486); tests_ma4=1.33 (imp=0.306); indice_pressao_proxy=6.67 (imp=0.0338); tests_lag1=1 (imp=0.0495); tests=1 (imp=0.0458),Predito,sklearn_gb_pressao_familia_v1,pressao_v1
ANAPOLIS,hepatite,2026,31,0.046,0.35,False,baixa,6.67,1,tests_ma8=1 (imp=0.486); tests_ma4=1 (imp=0.306); indice_pressao_proxy=6.67 (imp=0.0338); tests_lag1=1 (imp=0.0495); tests=1 (imp=0.0458),Predito,sklearn_gb_pressao_familia_v1,pressao_v1
TESOURO,hepatite,2026,4,0.046,0.35,False,baixa,6.67,1,tests_ma8=1.33 (imp=0.486); tests_ma4=1.33 (imp=0.306); indice_pressao_proxy=6.67 (imp=0.0338); tests_lag1=1 (imp=0.0495); tests=1 (imp=0.0458),Predito,sklearn_gb_pressao_familia_v1,pressao_v1
PORTO DOS GAUCHOS,hepatite,2026,30,0.046,0.35,False,baixa,4.44,1,tests_ma8=1.29 (imp=0.486); tests_ma4=1.25 (imp=0.306); indice_pressao_proxy=4.44 (imp=0.0338); tests_lag1=2 (imp=0.0495); tests=1 (imp=0.0458),Predito,sklearn_gb_pressao_familia_v1,pressao_v1
CANABRAVA DO NORTE,hepatite,2026,31,0.046,0.35,False,baixa,6.67,1,tests_ma8=1.12 (imp=0.486); tests_ma4=1.25 (imp=0.306); indice_pressao_proxy=6.67 (imp=0.0338); tests_lag1=1 (imp=0.0495); tests=1 (imp=0.0458),Predito,sklearn_gb_pressao_familia_v1,pressao_v1
NOSSA SENHORA DO LIVRAMENTO,hepatite,2026,30,0.046,0.35,False,baixa,4.44,1,tests_ma8=1.12 (imp=0.486); tests_ma4=1 (imp=0.306); indice_pressao_proxy=4.44 (imp=0.0338); tests_lag1=1 (imp=0.0495); tests=1 (imp=0.0458),Predito,sklearn_gb_pressao_familia_v1,pressao_v1
NOBRES,hepatite,2026,33,0.0458,0.35,False,baixa,2.58,1,tests_ma8=1.38 (imp=0.486); tests_ma4=1.25 (imp=0.306); indice_pressao_proxy=2.58 (imp=0.0338); tests_lag1=1 (imp=0.0495); tests=1 (imp=0.0458),Predito,sklearn_gb_pressao_familia_v1,pressao_v1
CAMPO VERDE,hepatite,2026,32,0.0458,0.35,False,baixa,2.56,1,tests_ma8=1.38 (imp=0.486); tests_ma4=1.25 (imp=0.306); indice_pressao_proxy=2.56 (imp=0.0338); tests_lag1=1 (imp=0.0495); tests=1 (imp=0.0458),Predito,sklearn_gb_pressao_familia_v1,pressao_v1
CERES,respiratorio,2025,5,0.0457,0.35,False,baixa,3.95,5,tests=5 (imp=0.0304); tests_lag1=nan (imp=0.0454); tests_ma4=nan (imp=0.0783); tests_ma8=nan (imp=0.212); tests_trend=nan (imp=0.0585),Predito,sklearn_gb_pressao_familia_v1,pressao_v1
PACO DO LUMIAR,respiratorio,2025,40,0.0457,0.35,False,baixa,1.91,1,tests_lag1=7 (imp=0.0454); tests_ma4=4 (imp=0.0783); tests_pct_estadual=0.357 (imp=0.468); tests=1 (imp=0.0304); tests_ma8=nan (imp=0.212),Predito,sklearn_gb_pressao_familia_v1,pressao_v1
NOVO SAO JOAQUIM,respiratorio,2025,2,0.0456,0.35,False,baixa,2.67,1,tests_ma4=3 (imp=0.0783); tests_lag1=5 (imp=0.0454); tests_pct_estadual=0.147 (imp=0.468); tests=1 (imp=0.0304); tests_ma8=nan (imp=0.212),Predito,sklearn_gb_pressao_familia_v1,pressao_v1
SANTA TEREZINHA,hepatite,2026,21,0.0455,0.35,False,baixa,4.76,1,tests_ma8=1.25 (imp=0.486); tests_ma4=1 (imp=0.306); indice_pressao_proxy=4.76 (imp=0.0338); tests_lag1=1 (imp=0.0495); tests=1 (imp=0.0458),Predito,sklearn_gb_pressao_familia_v1,pressao_v1
ACORIZAL,hepatite,2026,24,0.0455,0.35,False,baixa,3.96,1,tests_ma8=1.25 (imp=0.486); tests_ma4=1 (imp=0.306); indice_pressao_proxy=3.96 (imp=0.0338); tests_lag1=1 (imp=0.0495); tests=1 (imp=0.0458),Predito,sklearn_gb_pressao_familia_v1,pressao_v1
AMAJARI,respiratorio,2025,45,0.0454,0.35,False,baixa,6.61,2,tests=2 (imp=0.0304); tests_lag1=nan (imp=0.0454); tests_ma4=nan (imp=0.0783); tests_ma8=nan (imp=0.212); tests_trend=nan (imp=0.0585),Predito,sklearn_gb_pressao_familia_v1,pressao_v1
PACAJA,tuberculose,2024,42,0.045,0.25,False,baixa,3.39,3,tests=3 (imp=0.0222); tests_lag1=nan (imp=0.0179); tests_ma4=nan (imp=0.466); tests_ma8=nan (imp=0.272); tests_trend=nan (imp=0.0303),Predito,sklearn_gb_pressao_familia_v1,pressao_v1
CAJAZEIRAS,tuberculose,2024,42,0.045,0.25,False,baixa,3.39,3,tests=3 (imp=0.0222); tests_lag1=nan (imp=0.0179); tests_ma4=nan (imp=0.466); tests_ma8=nan (imp=0.272); tests_trend=nan (imp=0.0303),Predito,sklearn_gb_pressao_familia_v1,pressao_v1
CASTILHO,tuberculose,2026,29,0.045,0.25,False,baixa,3.95,4,tests=4 (imp=0.0222); tests_lag1=nan (imp=0.0179); tests_ma4=nan (imp=0.466); tests_ma8=nan (imp=0.272); tests_trend=nan (imp=0.0303),Predito,sklearn_gb_pressao_familia_v1,pressao_v1
COCALINHO,tuberculose,2025,17,0.045,0.25,False,baixa,4.16,6,tests=6 (imp=0.0222); tests_lag1=nan (imp=0.0179); tests_ma4=nan (imp=0.466); tests_ma8=nan (imp=0.272); tests_trend=nan (imp=0.0303),Predito,sklearn_gb_pressao_familia_v1,pressao_v1
JURUTI,tuberculose,2024,43,0.045,0.25,False,baixa,2.96,3,tests=3 (imp=0.0222); tests_lag1=nan (imp=0.0179); tests_ma4=nan (imp=0.466); tests_ma8=nan (imp=0.272); tests_trend=nan (imp=0.0303),Predito,sklearn_gb_pressao_familia_v1,pressao_v1
SAO ROMAO,tuberculose,2025,9,0.045,0.25,False,baixa,4.72,4,tests=4 (imp=0.0222); tests_lag1=nan (imp=0.0179); tests_ma4=nan (imp=0.466); tests_ma8=nan (imp=0.272); tests_trend=nan (imp=0.0303),Predito,sklearn_gb_pressao_familia_v1,pressao_v1
ALTO BOA VISTA,hepatite,2026,12,0.0447,0.35,False,baixa,3.52,1,tests_ma8=1.17 (imp=0.486); tests_ma4=1.25 (imp=0.306); indice_pressao_proxy=3.52 (imp=0.0338); tests_lag1=1 (imp=0.0495); tests=1 (imp=0.0458),Predito,sklearn_gb_pressao_familia_v1,pressao_v1
ESTREITO,tuberculose,2026,23,0.0446,0.25,False,baixa,3.2,1,tests_ma4=1 (imp=0.466); tests_ma8=1.14 (imp=0.272); indice_pressao_proxy=3.2 (imp=0.024); tests_pct_estadual=0.232 (imp=0.11); tests=1 (imp=0.0222),Predito,sklearn_gb_pressao_familia_v1,pressao_v1
NOVA MARINGA,respiratorio,2026,36,0.0439,0.35,False,baixa,2.53,1,tests_ma4=3 (imp=0.0783); tests_lag1=5 (imp=0.0454); tests_pct_estadual=0.362 (imp=0.468); tests=1 (imp=0.0304); tests_ma8=nan (imp=0.212),Predito,sklearn_gb_pressao_familia_v1,pressao_v1
PARAUAPEBAS,respiratorio,2026,20,0.0439,0.35,False,baixa,2.25,1,tests_ma4=3 (imp=0.0783); tests_lag1=5 (imp=0.0454); tests_pct_estadual=0.307 (imp=0.468); tests=1 (imp=0.0304); tests_ma8=nan (imp=0.212),Predito,sklearn_gb_pressao_familia_v1,pressao_v1
SANTA CRUZ DO XINGU,hepatite,2026,24,0.0437,0.35,False,baixa,3.96,1,tests_ma8=1 (imp=0.486); tests_ma4=1 (imp=0.306); indice_pressao_proxy=3.96 (imp=0.0338); tests_lag1=1 (imp=0.0495); tests=1 (imp=0.0458),Predito,sklearn_gb_pressao_familia_v1,pressao_v1
DOM AQUINO,hepatite,2026,21,0.0437,0.35,False,baixa,4.76,1,tests_ma8=1.33 (imp=0.486); tests_ma4=1.33 (imp=0.306); indice_pressao_proxy=4.76 (imp=0.0338); tests_lag1=1 (imp=0.0495); tests=1 (imp=0.0458),Predito,sklearn_gb_pressao_familia_v1,pressao_v1
NOVA CRIXAS,hepatite,2025,24,0.0437,0.35,False,baixa,3.64,1,tests_ma4=1 (imp=0.306); indice_pressao_proxy=3.64 (imp=0.0338); tests_lag1=1 (imp=0.0495); tests=1 (imp=0.0458); tests_ma8=nan (imp=0.486),Predito,sklearn_gb_pressao_familia_v1,pressao_v1
PONTAL DO ARAGUAIA,hepatite,2026,21,0.0437,0.35,False,baixa,4.76,1,tests_ma8=1 (imp=0.486); tests_ma4=1 (imp=0.306); indice_pressao_proxy=4.76 (imp=0.0338); tests_lag1=1 (imp=0.0495); tests=1 (imp=0.0458),Predito,sklearn_gb_pressao_familia_v1,pressao_v1
JARU,hepatite,2025,45,0.0437,0.35,False,baixa,5.0,1,tests_ma4=1 (imp=0.306); indice_pressao_proxy=5 (imp=0.0338); tests_lag1=1 (imp=0.0495); tests=1 (imp=0.0458); tests_ma8=nan (imp=0.486),Predito,sklearn_gb_pressao_familia_v1,pressao_v1
GUAJARA-MIRIM,respiratorio,2025,38,0.0435,0.35,False,baixa,20.0,1,tests=1 (imp=0.0304); tests_lag1=nan (imp=0.0454); tests_ma4=nan (imp=0.0783); tests_ma8=nan (imp=0.212); tests_trend=nan (imp=0.0585),Predito,sklearn_gb_pressao_familia_v1,pressao_v1
ITAPETINGA,hepatite,2026,23,0.0435,0.35,False,baixa,3.03,1,tests=1 (imp=0.0458); tests_lag1=nan (imp=0.0495); tests_ma4=nan (imp=0.306); tests_ma8=nan (imp=0.486); tests_trend=nan (imp=0.0213),Predito,sklearn_gb_pressao_familia_v1,pressao_v1
IPAMERI,hepatite,2026,23,0.0435,0.35,False,baixa,3.03,1,tests=1 (imp=0.0458); tests_lag1=nan (imp=0.0495); tests_ma4=nan (imp=0.306); tests_ma8=nan (imp=0.486); tests_trend=nan (imp=0.0213),Predito,sklearn_gb_pressao_familia_v1,pressao_v1
SAO JOSE DOS CAMPOS,tuberculose,2026,18,0.0432,0.25,False,baixa,5.94,3,tests=3 (imp=0.0222); tests_lag1=nan (imp=0.0179); tests_ma4=nan (imp=0.466); tests_ma8=nan (imp=0.272); tests_trend=nan (imp=0.0303),Predito,sklearn_gb_pressao_familia_v1,pressao_v1
PINHEIROS,tuberculose,2026,25,0.0432,0.25,False,baixa,5.37,3,tests=3 (imp=0.0222); tests_lag1=nan (imp=0.0179); tests_ma4=nan (imp=0.466); tests_ma8=nan (imp=0.272); tests_trend=nan (imp=0.0303),Predito,sklearn_gb_pressao_familia_v1,pressao_v1
ARENAPOLIS,hepatite,2026,23,0.0429,0.35,False,baixa,3.03,1,tests_ma8=1.25 (imp=0.486); tests_ma4=1 (imp=0.306); indice_pressao_proxy=3.03 (imp=0.0338); tests_lag1=1 (imp=0.0495); tests=1 (imp=0.0458),Predito,sklearn_gb_pressao_familia_v1,pressao_v1
MARINGA,hepatite,2026,3,0.0427,0.35,False,baixa,6.93,2,tests=2 (imp=0.0458); tests_lag1=nan (imp=0.0495); tests_ma4=nan (imp=0.306); tests_ma8=nan (imp=0.486); tests_trend=nan (imp=0.0213),Predito,sklearn_gb_pressao_familia_v1,pressao_v1
JI-PARANA,tuberculose,2026,24,0.0425,0.25,False,baixa,2.24,1,tests_ma4=1 (imp=0.466); tests_ma8=1.12 (imp=0.272); indice_pressao_proxy=2.24 (imp=0.024); tests_pct_estadual=0.226 (imp=0.11); tests=1 (imp=0.0222),Predito,sklearn_gb_pressao_familia_v1,pressao_v1
COCALINHO,hepatite,2024,43,0.0421,0.35,False,baixa,2.97,1,tests=1 (imp=0.0458); tests_lag1=nan (imp=0.0495); tests_ma4=nan (imp=0.306); tests_ma8=nan (imp=0.486); tests_trend=nan (imp=0.0213),Predito,sklearn_gb_pressao_familia_v1,pressao_v1
ESPERANTINOPOLIS,hepatite,2024,43,0.0421,0.35,False,baixa,2.97,1,tests=1 (imp=0.0458); tests_lag1=nan (imp=0.0495); tests_ma4=nan (imp=0.306); tests_ma8=nan (imp=0.486); tests_trend=nan (imp=0.0213),Predito,sklearn_gb_pressao_familia_v1,pressao_v1
SERRA,hepatite,2025,3,0.0421,0.35,False,baixa,3.33,1,tests=1 (imp=0.0458); tests_lag1=nan (imp=0.0495); tests_ma4=nan (imp=0.306); tests_ma8=nan (imp=0.486); tests_trend=nan (imp=0.0213),Predito,sklearn_gb_pressao_familia_v1,pressao_v1
BACABAL,respiratorio,2024,44,0.042,0.35,False,baixa,1.66,2,tests=2 (imp=0.0304); tests_lag1=nan (imp=0.0454); tests_ma4=nan (imp=0.0783); tests_ma8=nan (imp=0.212); tests_trend=nan (imp=0.0585),Predito,sklearn_gb_pressao_familia_v1,pressao_v1
ITURAMA,respiratorio,2024,44,0.042,0.35,False,baixa,1.66,2,tests=2 (imp=0.0304); tests_lag1=nan (imp=0.0454); tests_ma4=nan (imp=0.0783); tests_ma8=nan (imp=0.212); tests_trend=nan (imp=0.0585),Predito,sklearn_gb_pressao_familia_v1,pressao_v1
CAXIAS DO SUL,respiratorio,2026,14,0.042,0.35,False,baixa,1.79,2,tests=2 (imp=0.0304); tests_lag1=nan (imp=0.0454); tests_ma4=nan (imp=0.0783); tests_ma8=nan (imp=0.212); tests_trend=nan (imp=0.0585),Predito,sklearn_gb_pressao_familia_v1,pressao_v1
OBIDOS,tuberculose,2025,17,0.0419,0.25,False,baixa,2.78,4,tests=4 (imp=0.0222); tests_lag1=nan (imp=0.0179); tests_ma4=nan (imp=0.466); tests_ma8=nan (imp=0.272); tests_trend=nan (imp=0.0303),Predito,sklearn_gb_pressao_familia_v1,pressao_v1
SANTA ROSA,tuberculose,2026,9,0.0419,0.25,False,baixa,3.66,3,tests=3 (imp=0.0222); tests_lag1=nan (imp=0.0179); tests_ma4=nan (imp=0.466); tests_ma8=nan (imp=0.272); tests_trend=nan (imp=0.0303),Predito,sklearn_gb_pressao_familia_v1,pressao_v1
PRESIDENTE FIGUEIREDO,tuberculose,2025,29,0.0419,0.25,False,baixa,3.73,3,tests=3 (imp=0.0222); tests_lag1=nan (imp=0.0179); tests_ma4=nan (imp=0.466); tests_ma8=nan (imp=0.272); tests_trend=nan (imp=0.0303),Predito,sklearn_gb_pressao_familia_v1,pressao_v1
BOCA DO ACRE,tuberculose,2026,34,0.0419,0.25,False,baixa,4.55,3,tests=3 (imp=0.0222); tests_lag1=nan (imp=0.0179); tests_ma4=nan (imp=0.466); tests_ma8=nan (imp=0.272); tests_trend=nan (imp=0.0303),Predito,sklearn_gb_pressao_familia_v1,pressao_v1
ERMO,tuberculose,2026,34,0.0419,0.25,False,baixa,4.55,3,tests=3 (imp=0.0222); tests_lag1=nan (imp=0.0179); tests_ma4=nan (imp=0.466); tests_ma8=nan (imp=0.272); tests_trend=nan (imp=0.0303),Predito,sklearn_gb_pressao_familia_v1,pressao_v1
ITANHANGA,respiratorio,2025,15,0.0416,0.35,False,baixa,1.6,1,tests_ma4=1.5 (imp=0.0783); indice_pressao_proxy=1.6 (imp=0.0587); tests_lag1=2 (imp=0.0454); tests=1 (imp=0.0304); tests_ma8=nan (imp=0.212),Predito,sklearn_gb_pressao_familia_v1,pressao_v1
ANTA GORDA,hepatite,2025,18,0.0415,0.35,False,baixa,3.48,2,tests=2 (imp=0.0458); tests_lag1=nan (imp=0.0495); tests_ma4=nan (imp=0.306); tests_ma8=nan (imp=0.486); tests_trend=nan (imp=0.0213),Predito,sklearn_gb_pressao_familia_v1,pressao_v1
COSTA MARQUES,arbovirose,2026,13,0.0414,0.44999999999999996,False,baixa,2.2,4,tests=4 (imp=0.0167); tests_lag1=nan (imp=0.0273); tests_ma4=nan (imp=0.379); tests_ma8=nan (imp=0.0883); tests_trend=nan (imp=0.0236),Predito,sklearn_gb_pressao_familia_v1,pressao_v1
VALE DE SAO DOMINGOS,arbovirose,2026,29,0.0414,0.44999999999999996,False,baixa,3.19,3,tests_ma4=1.67 (imp=0.379); tests_pct_estadual=0.469 (imp=0.414); tests_ma8=1.67 (imp=0.0883); tests=3 (imp=0.0167); indice_pressao_proxy=3.19 (imp=0.0141),Predito,sklearn_gb_pressao_familia_v1,pressao_v1
INHAMBUPE,arbovirose,2026,24,0.0414,0.44999999999999996,False,baixa,2.32,3,tests=3 (imp=0.0167); tests_lag1=nan (imp=0.0273); tests_ma4=nan (imp=0.379); tests_ma8=nan (imp=0.0883); tests_trend=nan (imp=0.0236),Predito,sklearn_gb_pressao_familia_v1,pressao_v1
ARAGUAPAZ,arbovirose,2024,41,0.0414,0.44999999999999996,False,baixa,1.79,4,tests=4 (imp=0.0167); tests_lag1=nan (imp=0.0273); tests_ma4=nan (imp=0.379); tests_ma8=nan (imp=0.0883); tests_trend=nan (imp=0.0236),Predito,sklearn_gb_pressao_familia_v1,pressao_v1
LAGO DA PEDRA,arbovirose,2026,14,0.0414,0.44999999999999996,False,baixa,3.97,5,tests=5 (imp=0.0167); tests_lag1=nan (imp=0.0273); tests_ma4=nan (imp=0.379); tests_ma8=nan (imp=0.0883); tests_trend=nan (imp=0.0236),Predito,sklearn_gb_pressao_familia_v1,pressao_v1
GOVERNADOR JORGE TEIXEIRA,arbovirose,2026,12,0.0414,0.44999999999999996,False,baixa,2.53,3,tests=3 (imp=0.0167); tests_lag1=nan (imp=0.0273); tests_ma4=nan (imp=0.379); tests_ma8=nan (imp=0.0883); tests_trend=nan (imp=0.0236),Predito,sklearn_gb_pressao_familia_v1,pressao_v1
CAPITAO DE CAMPOS,arbovirose,2024,46,0.0414,0.44999999999999996,False,baixa,2.77,4,tests=4 (imp=0.0167); tests_lag1=nan (imp=0.0273); tests_ma4=nan (imp=0.379); tests_ma8=nan (imp=0.0883); tests_trend=nan (imp=0.0236),Predito,sklearn_gb_pressao_familia_v1,pressao_v1
AUTAZES,arbovirose,2026,13,0.0414,0.44999999999999996,False,baixa,2.75,5,tests_ma4=3 (imp=0.379); tests_pct_estadual=0.542 (imp=0.414); tests=5 (imp=0.0167); tests_lag1=1 (imp=0.0273); tests_ma8=nan (imp=0.0883),Predito,sklearn_gb_pressao_familia_v1,pressao_v1
PEDRA PRETA,hepatite,2026,23,0.0412,0.35,False,baixa,3.03,1,tests_ma8=1.12 (imp=0.486); tests_ma4=1 (imp=0.306); indice_pressao_proxy=3.03 (imp=0.0338); tests_lag1=1 (imp=0.0495); tests=1 (imp=0.0458),Predito,sklearn_gb_pressao_familia_v1,pressao_v1
SAO LUIS,respiratorio,2025,6,0.0412,0.35,False,baixa,3.38,2,tests=2 (imp=0.0304); tests_lag1=nan (imp=0.0454); tests_ma4=nan (imp=0.0783); tests_ma8=nan (imp=0.212); tests_trend=nan (imp=0.0585),Predito,sklearn_gb_pressao_familia_v1,pressao_v1
ARACOIABA,tuberculose,2024,44,0.041,0.25,False,baixa,1.9,1,tests_ma4=1 (imp=0.466); tests_pct_estadual=0.275 (imp=0.11); tests=1 (imp=0.0222); tests_lag1=1 (imp=0.0179); tests_ma8=nan (imp=0.272),Predito,sklearn_gb_pressao_familia_v1,pressao_v1
BOCA DA MATA,tuberculose,2024,44,0.041,0.25,False,baixa,1.9,1,tests=1 (imp=0.0222); tests_lag1=nan (imp=0.0179); tests_ma4=nan (imp=0.466); tests_ma8=nan (imp=0.272); tests_trend=nan (imp=0.0303),Predito,sklearn_gb_pressao_familia_v1,pressao_v1
DIANOPOLIS,tuberculose,2026,25,0.041,0.25,False,baixa,1.79,1,tests_ma4=1 (imp=0.466); tests_ma8=1 (imp=0.272); indice_pressao_proxy=1.79 (imp=0.024); tests_pct_estadual=0.239 (imp=0.11); tests=1 (imp=0.0222),Predito,sklearn_gb_pressao_familia_v1,pressao_v1
CAMPO BELO,tuberculose,2024,47,0.041,0.25,False,baixa,1.68,1,tests=1 (imp=0.0222); tests_lag1=nan (imp=0.0179); tests_ma4=nan (imp=0.466); tests_ma8=nan (imp=0.272); tests_trend=nan (imp=0.0303),Predito,sklearn_gb_pressao_familia_v1,pressao_v1
NOVA SERRANA,tuberculose,2025,19,0.041,0.25,False,baixa,1.21,1,tests_ma4=1 (imp=0.466); tests_ma8=1 (imp=0.272); indice_pressao_proxy=1.21 (imp=0.024); tests_pct_estadual=0.264 (imp=0.11); tests=1 (imp=0.0222),Predito,sklearn_gb_pressao_familia_v1,pressao_v1
AGUAS LINDAS DE GOIAS,tuberculose,2025,22,0.041,0.25,False,baixa,1.16,1,tests_ma4=1 (imp=0.466); tests_pct_estadual=0.242 (imp=0.11); tests=1 (imp=0.0222); tests_lag1=1 (imp=0.0179); tests_ma8=nan (imp=0.272),Predito,sklearn_gb_pressao_familia_v1,pressao_v1
XINGUARA,tuberculose,2025,22,0.041,0.25,False,baixa,1.16,1,tests_ma4=1 (imp=0.466); tests_pct_estadual=0.242 (imp=0.11); tests=1 (imp=0.0222); tests_lag1=1 (imp=0.0179); tests_ma8=nan (imp=0.272),Predito,sklearn_gb_pressao_familia_v1,pressao_v1
MIRINZAL,tuberculose,2025,22,0.041,0.25,False,baixa,1.16,1,tests_ma4=1 (imp=0.466); tests_pct_estadual=0.242 (imp=0.11); tests=1 (imp=0.0222); tests_lag1=1 (imp=0.0179); tests_ma8=nan (imp=0.272),Predito,sklearn_gb_pressao_familia_v1,pressao_v1
MONTEZUMA,tuberculose,2026,32,0.041,0.25,False,baixa,1.11,1,tests=1 (imp=0.0222); tests_lag1=nan (imp=0.0179); tests_ma4=nan (imp=0.466); tests_ma8=nan (imp=0.272); tests_trend=nan (imp=0.0303),Predito,sklearn_gb_pressao_familia_v1,pressao_v1
AGUAI,tuberculose,2026,33,0.041,0.25,False,baixa,1.23,1,tests=1 (imp=0.0222); tests_lag1=nan (imp=0.0179); tests_ma4=nan (imp=0.466); tests_ma8=nan (imp=0.272); tests_trend=nan (imp=0.0303),Predito,sklearn_gb_pressao_familia_v1,pressao_v1
DOIS IRMAOS DO TOCANTINS,tuberculose,2025,22,0.041,0.25,False,baixa,1.16,1,tests_ma4=1 (imp=0.466); tests_pct_estadual=0.242 (imp=0.11); tests=1 (imp=0.0222); tests_lag1=1 (imp=0.0179); tests_ma8=nan (imp=0.272),Predito,sklearn_gb_pressao_familia_v1,pressao_v1
MINEIROS,tuberculose,2026,33,0.041,0.25,False,baixa,1.23,1,tests_ma4=1 (imp=0.466); tests_ma8=1 (imp=0.272); indice_pressao_proxy=1.23 (imp=0.024); tests_pct_estadual=0.242 (imp=0.11); tests=1 (imp=0.0222),Predito,sklearn_gb_pressao_familia_v1,pressao_v1
MAUA,tuberculose,2026,20,0.041,0.25,False,baixa,1.69,1,tests=1 (imp=0.0222); tests_lag1=nan (imp=0.0179); tests_ma4=nan (imp=0.466); tests_ma8=nan (imp=0.272); tests_trend=nan (imp=0.0303),Predito,sklearn_gb_pressao_familia_v1,pressao_v1
ARAGUATINS,tuberculose,2025,22,0.041,0.25,False,baixa,1.16,1,tests_ma4=1 (imp=0.466); tests_pct_estadual=0.242 (imp=0.11); tests=1 (imp=0.0222); tests_lag1=1 (imp=0.0179); tests_ma8=nan (imp=0.272),Predito,sklearn_gb_pressao_familia_v1,pressao_v1
TOME-ACU,tuberculose,2026,33,0.041,0.25,False,baixa,1.23,1,tests_ma4=1 (imp=0.466); tests_pct_estadual=0.242 (imp=0.11); tests=1 (imp=0.0222); tests_lag1=1 (imp=0.0179); tests_ma8=nan (imp=0.272),Predito,sklearn_gb_pressao_familia_v1,pressao_v1
VINHEDO,tuberculose,2026,20,0.041,0.25,False,baixa,1.69,1,tests=1 (imp=0.0222); tests_lag1=nan (imp=0.0179); tests_ma4=nan (imp=0.466); tests_ma8=nan (imp=0.272); tests_trend=nan (imp=0.0303),Predito,sklearn_gb_pressao_familia_v1,pressao_v1
GUAPO,tuberculose,2026,33,0.041,0.25,False,baixa,1.23,1,tests=1 (imp=0.0222); tests_lag1=nan (imp=0.0179); tests_ma4=nan (imp=0.466); tests_ma8=nan (imp=0.272); tests_trend=nan (imp=0.0303),Predito,sklearn_gb_pressao_familia_v1,pressao_v1
BALSAMO,tuberculose,2026,33,0.041,0.25,False,baixa,1.23,1,tests=1 (imp=0.0222); tests_lag1=nan (imp=0.0179); tests_ma4=nan (imp=0.466); tests_ma8=nan (imp=0.272); tests_trend=nan (imp=0.0303),Predito,sklearn_gb_pressao_familia_v1,pressao_v1
GUARUJA,tuberculose,2025,2,0.041,0.25,False,baixa,1.55,1,tests=1 (imp=0.0222); tests_lag1=nan (imp=0.0179); tests_ma4=nan (imp=0.466); tests_ma8=nan (imp=0.272); tests_trend=nan (imp=0.0303),Predito,sklearn_gb_pressao_familia_v1,pressao_v1
SUZANO,tuberculose,2026,20,0.041,0.25,False,baixa,1.69,1,tests=1 (imp=0.0222); tests_lag1=nan (imp=0.0179); tests_ma4=nan (imp=0.466); tests_ma8=nan (imp=0.272); tests_trend=nan (imp=0.0303),Predito,sklearn_gb_pressao_familia_v1,pressao_v1
CAMPINA DA LAGOA,tuberculose,2025,22,0.041,0.25,False,baixa,1.16,1,tests_ma4=1 (imp=0.466); tests_pct_estadual=0.242 (imp=0.11); tests=1 (imp=0.0222); tests_lag1=1 (imp=0.0179); tests_ma8=nan (imp=0.272),Predito,sklearn_gb_pressao_familia_v1,pressao_v1
CAMOCIM,tuberculose,2026,25,0.041,0.25,False,baixa,1.79,1,tests=1 (imp=0.0222); tests_lag1=nan (imp=0.0179); tests_ma4=nan (imp=0.466); tests_ma8=nan (imp=0.272); tests_trend=nan (imp=0.0303),Predito,sklearn_gb_pressao_familia_v1,pressao_v1
GURUPI,tuberculose,2025,17,0.041,0.25,False,baixa,1.39,2,tests=2 (imp=0.0222); tests_lag1=nan (imp=0.0179); tests_ma4=nan (imp=0.466); tests_ma8=nan (imp=0.272); tests_trend=nan (imp=0.0303),Predito,sklearn_gb_pressao_familia_v1,pressao_v1
CATARINA,tuberculose,2025,7,0.041,0.25,False,baixa,1.52,1,tests=1 (imp=0.0222); tests_lag1=nan (imp=0.0179); tests_ma4=nan (imp=0.466); tests_ma8=nan (imp=0.272); tests_trend=nan (imp=0.0303),Predito,sklearn_gb_pressao_familia_v1,pressao_v1
PEIXE,tuberculose,2025,22,0.041,0.25,False,baixa,1.16,1,tests_ma4=1 (imp=0.466); tests_pct_estadual=0.242 (imp=0.11); tests=1 (imp=0.0222); tests_lag1=1 (imp=0.0179); tests_ma8=nan (imp=0.272),Predito,sklearn_gb_pressao_familia_v1,pressao_v1
INDAIAL,tuberculose,2026,14,0.041,0.25,False,baixa,1.57,2,tests=2 (imp=0.0222); tests_lag1=nan (imp=0.0179); tests_ma4=nan (imp=0.466); tests_ma8=nan (imp=0.272); tests_trend=nan (imp=0.0303),Predito,sklearn_gb_pressao_familia_v1,pressao_v1
MARIANOPOLIS DO TOCANTINS,tuberculose,2025,22,0.041,0.25,False,baixa,1.16,1,tests_ma4=1 (imp=0.466); tests_pct_estadual=0.242 (imp=0.11); tests=1 (imp=0.0222); tests_lag1=1 (imp=0.0179); tests_ma8=nan (imp=0.272),Predito,sklearn_gb_pressao_familia_v1,pressao_v1
FAZENDA RIO GRANDE,tuberculose,2026,25,0.041,0.25,False,baixa,1.79,1,tests=1 (imp=0.0222); tests_lag1=nan (imp=0.0179); tests_ma4=nan (imp=0.466); tests_ma8=nan (imp=0.272); tests_trend=nan (imp=0.0303),Predito,sklearn_gb_pressao_familia_v1,pressao_v1
ANICUNS,tuberculose,2025,22,0.041,0.25,False,baixa,1.16,1,tests_ma4=1 (imp=0.466); tests_pct_estadual=0.242 (imp=0.11); tests=1 (imp=0.0222); tests_lag1=1 (imp=0.0179); tests_ma8=nan (imp=0.272),Predito,sklearn_gb_pressao_familia_v1,pressao_v1
PARIPIRANGA,tuberculose,2026,20,0.041,0.25,False,baixa,1.69,1,tests=1 (imp=0.0222); tests_lag1=nan (imp=0.0179); tests_ma4=nan (imp=0.466); tests_ma8=nan (imp=0.272); tests_trend=nan (imp=0.0303),Predito,sklearn_gb_pressao_familia_v1,pressao_v1
CHAPADA GAUCHA,tuberculose,2025,22,0.041,0.25,False,baixa,1.16,1,tests_ma4=1 (imp=0.466); tests_pct_estadual=0.242 (imp=0.11); tests=1 (imp=0.0222); tests_lag1=1 (imp=0.0179); tests_ma8=nan (imp=0.272),Predito,sklearn_gb_pressao_familia_v1,pressao_v1
URUANA,tuberculose,2024,42,0.041,0.25,False,baixa,1.13,1,tests=1 (imp=0.0222); tests_lag1=nan (imp=0.0179); tests_ma4=nan (imp=0.466); tests_ma8=nan (imp=0.272); tests_trend=nan (imp=0.0303),Predito,sklearn_gb_pressao_familia_v1,pressao_v1
PORTO NACIONAL,tuberculose,2025,22,0.041,0.25,False,baixa,1.16,1,tests_ma4=1 (imp=0.466); tests_ma8=1 (imp=0.272); indice_pressao_proxy=1.16 (imp=0.024); tests_pct_estadual=0.242 (imp=0.11); tests=1 (imp=0.0222),Predito,sklearn_gb_pressao_familia_v1,pressao_v1
SANTANA DO MUNDAU,tuberculose,2026,25,0.041,0.25,False,baixa,1.79,1,tests_ma4=1 (imp=0.466); tests_ma8=1 (imp=0.272); indice_pressao_proxy=1.79 (imp=0.024); tests_pct_estadual=0.239 (imp=0.11); tests=1 (imp=0.0222),Predito,sklearn_gb_pressao_familia_v1,pressao_v1
ILHABELA,tuberculose,2025,5,0.041,0.25,False,baixa,1.46,2,tests=2 (imp=0.0222); tests_lag1=nan (imp=0.0179); tests_ma4=nan (imp=0.466); tests_ma8=nan (imp=0.272); tests_trend=nan (imp=0.0303),Predito,sklearn_gb_pressao_familia_v1,pressao_v1
PENEDO,tuberculose,2025,39,0.041,0.25,False,baixa,1.7,1,tests=1 (imp=0.0222); tests_lag1=nan (imp=0.0179); tests_ma4=nan (imp=0.466); tests_ma8=nan (imp=0.272); tests_trend=nan (imp=0.0303),Predito,sklearn_gb_pressao_familia_v1,pressao_v1
PENAPOLIS,tuberculose,2026,33,0.041,0.25,False,baixa,1.23,1,tests_ma4=1 (imp=0.466); tests_pct_estadual=0.242 (imp=0.11); tests=1 (imp=0.0222); tests_lag1=1 (imp=0.0179); tests_ma8=nan (imp=0.272),Predito,sklearn_gb_pressao_familia_v1,pressao_v1
HUMAITA,tuberculose,2026,32,0.041,0.25,False,baixa,1.11,1,tests_ma4=1 (imp=0.466); tests_ma8=1 (imp=0.272); tests_pct_estadual=0.286 (imp=0.11); indice_pressao_proxy=1.11 (imp=0.024); tests=1 (imp=0.0222),Predito,sklearn_gb_pressao_familia_v1,pressao_v1
CAMPESTRE DO MARANHAO,tuberculose,2025,22,0.041,0.25,False,baixa,1.16,1,tests_ma4=1 (imp=0.466); tests_pct_estadual=0.242 (imp=0.11); tests=1 (imp=0.0222); tests_lag1=1 (imp=0.0179); tests_ma8=nan (imp=0.272),Predito,sklearn_gb_pressao_familia_v1,pressao_v1
NOVA BRASILANDIA D''OESTE,tuberculose,2024,44,0.041,0.25,False,baixa,1.9,1,tests=1 (imp=0.0222); tests_lag1=nan (imp=0.0179); tests_ma4=nan (imp=0.466); tests_ma8=nan (imp=0.272); tests_trend=nan (imp=0.0303),Predito,sklearn_gb_pressao_familia_v1,pressao_v1
MARACACUME,tuberculose,2026,17,0.041,0.25,False,baixa,1.78,2,tests_ma4=1.5 (imp=0.466); tests_pct_estadual=0.463 (imp=0.11); tests=2 (imp=0.0222); tests_lag1=1 (imp=0.0179); tests_ma8=nan (imp=0.272),Predito,sklearn_gb_pressao_familia_v1,pressao_v1
CARMOLANDIA,tuberculose,2026,20,0.041,0.25,False,baixa,1.69,1,tests=1 (imp=0.0222); tests_lag1=nan (imp=0.0179); tests_ma4=nan (imp=0.466); tests_ma8=nan (imp=0.272); tests_trend=nan (imp=0.0303),Predito,sklearn_gb_pressao_familia_v1,pressao_v1
JUAZEIRO,tuberculose,2025,22,0.041,0.25,False,baixa,1.16,1,tests_ma4=1 (imp=0.466); tests_pct_estadual=0.242 (imp=0.11); tests=1 (imp=0.0222); tests_lag1=1 (imp=0.0179); tests_ma8=nan (imp=0.272),Predito,sklearn_gb_pressao_familia_v1,pressao_v1
JAGUARIUNA,tuberculose,2025,7,0.041,0.25,False,baixa,1.52,1,tests=1 (imp=0.0222); tests_lag1=nan (imp=0.0179); tests_ma4=nan (imp=0.466); tests_ma8=nan (imp=0.272); tests_trend=nan (imp=0.0303),Predito,sklearn_gb_pressao_familia_v1,pressao_v1
CAMPO MOURAO,tuberculose,2026,20,0.041,0.25,False,baixa,1.69,1,tests=1 (imp=0.0222); tests_lag1=nan (imp=0.0179); tests_ma4=nan (imp=0.466); tests_ma8=nan (imp=0.272); tests_trend=nan (imp=0.0303),Predito,sklearn_gb_pressao_familia_v1,pressao_v1
RIO LARGO,tuberculose,2026,25,0.041,0.25,False,baixa,1.79,1,tests=1 (imp=0.0222); tests_lag1=nan (imp=0.0179); tests_ma4=nan (imp=0.466); tests_ma8=nan (imp=0.272); tests_trend=nan (imp=0.0303),Predito,sklearn_gb_pressao_familia_v1,pressao_v1
SAO PEDRO DA AGUA BRANCA,tuberculose,2026,32,0.041,0.25,False,baixa,1.11,1,tests=1 (imp=0.0222); tests_lag1=nan (imp=0.0179); tests_ma4=nan (imp=0.466); tests_ma8=nan (imp=0.272); tests_trend=nan (imp=0.0303),Predito,sklearn_gb_pressao_familia_v1,pressao_v1
MOJU,tuberculose,2025,22,0.041,0.25,False,baixa,1.16,1,tests_ma4=1 (imp=0.466); tests_ma8=1 (imp=0.272); indice_pressao_proxy=1.16 (imp=0.024); tests_pct_estadual=0.242 (imp=0.11); tests=1 (imp=0.0222),Predito,sklearn_gb_pressao_familia_v1,pressao_v1
COUTO MAGALHAES,tuberculose,2025,22,0.041,0.25,False,baixa,1.16,1,tests_ma4=1 (imp=0.466); tests_pct_estadual=0.242 (imp=0.11); tests=1 (imp=0.0222); tests_lag1=1 (imp=0.0179); tests_ma8=nan (imp=0.272),Predito,sklearn_gb_pressao_familia_v1,pressao_v1
CORONEL FABRICIANO,tuberculose,2026,25,0.041,0.25,False,baixa,1.79,1,tests=1 (imp=0.0222); tests_lag1=nan (imp=0.0179); tests_ma4=nan (imp=0.466); tests_ma8=nan (imp=0.272); tests_trend=nan (imp=0.0303),Predito,sklearn_gb_pressao_familia_v1,pressao_v1
TOBIAS BARRETO,tuberculose,2025,22,0.041,0.25,False,baixa,1.16,1,tests_ma4=1 (imp=0.466); tests_pct_estadual=0.242 (imp=0.11); tests=1 (imp=0.0222); tests_lag1=1 (imp=0.0179); tests_ma8=nan (imp=0.272),Predito,sklearn_gb_pressao_familia_v1,pressao_v1
SAO CARLOS,tuberculose,2024,44,0.041,0.25,False,baixa,1.9,1,tests_ma4=1 (imp=0.466); tests_pct_estadual=0.275 (imp=0.11); tests=1 (imp=0.0222); tests_lag1=1 (imp=0.0179); tests_ma8=nan (imp=0.272),Predito,sklearn_gb_pressao_familia_v1,pressao_v1
OURO BRANCO,tuberculose,2025,22,0.041,0.25,False,baixa,1.16,1,tests_ma4=1 (imp=0.466); tests_pct_estadual=0.242 (imp=0.11); tests=1 (imp=0.0222); tests_lag1=1 (imp=0.0179); tests_ma8=nan (imp=0.272),Predito,sklearn_gb_pressao_familia_v1,pressao_v1
JUNDIAI,tuberculose,2025,2,0.041,0.25,False,baixa,1.55,1,tests=1 (imp=0.0222); tests_lag1=nan (imp=0.0179); tests_ma4=nan (imp=0.466); tests_ma8=nan (imp=0.272); tests_trend=nan (imp=0.0303),Predito,sklearn_gb_pressao_familia_v1,pressao_v1
DAVINOPOLIS,tuberculose,2025,22,0.041,0.25,False,baixa,1.16,1,tests_ma4=1 (imp=0.466); tests_pct_estadual=0.242 (imp=0.11); tests=1 (imp=0.0222); tests_lag1=1 (imp=0.0179); tests_ma8=nan (imp=0.272),Predito,sklearn_gb_pressao_familia_v1,pressao_v1
COLINAS DO TOCANTINS,tuberculose,2025,22,0.041,0.25,False,baixa,1.16,1,tests_ma4=1 (imp=0.466); tests_pct_estadual=0.242 (imp=0.11); tests=1 (imp=0.0222); tests_lag1=1 (imp=0.0179); tests_ma8=nan (imp=0.272),Predito,sklearn_gb_pressao_familia_v1,pressao_v1
CRUZEIRO DO SUL,tuberculose,2026,33,0.041,0.25,False,baixa,1.23,1,tests=1 (imp=0.0222); tests_lag1=nan (imp=0.0179); tests_ma4=nan (imp=0.466); tests_ma8=nan (imp=0.272); tests_trend=nan (imp=0.0303),Predito,sklearn_gb_pressao_familia_v1,pressao_v1
CRUZEIRO DO OESTE,tuberculose,2025,32,0.041,0.25,False,baixa,1.11,2,tests=2 (imp=0.0222); tests_lag1=nan (imp=0.0179); tests_ma4=nan (imp=0.466); tests_ma8=nan (imp=0.272); tests_trend=nan (imp=0.0303),Predito,sklearn_gb_pressao_familia_v1,pressao_v1
BOM JARDIM DE GOIAS,tuberculose,2025,22,0.041,0.25,False,baixa,1.16,1,tests_ma4=1 (imp=0.466); tests_pct_estadual=0.242 (imp=0.11); tests=1 (imp=0.0222); tests_lag1=1 (imp=0.0179); tests_ma8=nan (imp=0.272),Predito,sklearn_gb_pressao_familia_v1,pressao_v1
JATAI,tuberculose,2026,25,0.041,0.25,False,baixa,1.79,1,tests_ma4=1 (imp=0.466); tests_ma8=1 (imp=0.272); indice_pressao_proxy=1.79 (imp=0.024); tests_pct_estadual=0.239 (imp=0.11); tests=1 (imp=0.0222),Predito,sklearn_gb_pressao_familia_v1,pressao_v1
SAO MIGUEL DO GUAMA,tuberculose,2026,20,0.041,0.25,False,baixa,1.69,1,tests_ma4=1 (imp=0.466); tests_ma8=1 (imp=0.272); indice_pressao_proxy=1.69 (imp=0.024); tests_pct_estadual=0.272 (imp=0.11); tests=1 (imp=0.0222),Predito,sklearn_gb_pressao_familia_v1,pressao_v1
ITAPIPOCA,tuberculose,2025,22,0.041,0.25,False,baixa,1.16,1,tests_ma4=1 (imp=0.466); tests_pct_estadual=0.242 (imp=0.11); tests=1 (imp=0.0222); tests_lag1=1 (imp=0.0179); tests_ma8=nan (imp=0.272),Predito,sklearn_gb_pressao_familia_v1,pressao_v1
CAPIXABA,tuberculose,2026,32,0.041,0.25,False,baixa,1.11,1,tests_ma4=1 (imp=0.466); tests_pct_estadual=0.286 (imp=0.11); tests=1 (imp=0.0222); tests_lag1=1 (imp=0.0179); tests_ma8=nan (imp=0.272),Predito,sklearn_gb_pressao_familia_v1,pressao_v1
FERNANDOPOLIS,tuberculose,2026,33,0.041,0.25,False,baixa,1.23,1,tests_ma4=1 (imp=0.466); tests_ma8=1 (imp=0.272); indice_pressao_proxy=1.23 (imp=0.024); tests_pct_estadual=0.242 (imp=0.11); tests=1 (imp=0.0222),Predito,sklearn_gb_pressao_familia_v1,pressao_v1
VARGEM GRANDE,tuberculose,2025,37,0.041,0.25,False,baixa,1.78,1,tests=1 (imp=0.0222); tests_lag1=nan (imp=0.0179); tests_ma4=nan (imp=0.466); tests_ma8=nan (imp=0.272); tests_trend=nan (imp=0.0303),Predito,sklearn_gb_pressao_familia_v1,pressao_v1
ITAGUAI,tuberculose,2024,42,0.041,0.25,False,baixa,1.13,1,tests=1 (imp=0.0222); tests_lag1=nan (imp=0.0179); tests_ma4=nan (imp=0.466); tests_ma8=nan (imp=0.272); tests_trend=nan (imp=0.0303),Predito,sklearn_gb_pressao_familia_v1,pressao_v1
IPIXUNA DO PARA,tuberculose,2025,7,0.041,0.25,False,baixa,1.52,1,tests=1 (imp=0.0222); tests_lag1=nan (imp=0.0179); tests_ma4=nan (imp=0.466); tests_ma8=nan (imp=0.272); tests_trend=nan (imp=0.0303),Predito,sklearn_gb_pressao_familia_v1,pressao_v1
LUIZIANA,tuberculose,2024,42,0.041,0.25,False,baixa,1.13,1,tests=1 (imp=0.0222); tests_lag1=nan (imp=0.0179); tests_ma4=nan (imp=0.466); tests_ma8=nan (imp=0.272); tests_trend=nan (imp=0.0303),Predito,sklearn_gb_pressao_familia_v1,pressao_v1
SACRAMENTO,tuberculose,2024,47,0.041,0.25,False,baixa,1.68,1,tests=1 (imp=0.0222); tests_lag1=nan (imp=0.0179); tests_ma4=nan (imp=0.466); tests_ma8=nan (imp=0.272); tests_trend=nan (imp=0.0303),Predito,sklearn_gb_pressao_familia_v1,pressao_v1
LADARIO,tuberculose,2026,3,0.041,0.25,False,baixa,1.7,1,tests_ma4=1 (imp=0.466); tests_ma8=1 (imp=0.272); indice_pressao_proxy=1.7 (imp=0.024); tests_pct_estadual=0.25 (imp=0.11); tests=1 (imp=0.0222),Predito,sklearn_gb_pressao_familia_v1,pressao_v1
SERRA,tuberculose,2026,25,0.041,0.25,False,baixa,1.79,1,tests=1 (imp=0.0222); tests_lag1=nan (imp=0.0179); tests_ma4=nan (imp=0.466); tests_ma8=nan (imp=0.272); tests_trend=nan (imp=0.0303),Predito,sklearn_gb_pressao_familia_v1,pressao_v1
DRACENA,tuberculose,2026,32,0.041,0.25,False,baixa,1.11,1,tests=1 (imp=0.0222); tests_lag1=nan (imp=0.0179); tests_ma4=nan (imp=0.466); tests_ma8=nan (imp=0.272); tests_trend=nan (imp=0.0303),Predito,sklearn_gb_pressao_familia_v1,pressao_v1
LAGOA ALEGRE,tuberculose,2026,25,0.041,0.25,False,baixa,1.79,1,tests=1 (imp=0.0222); tests_lag1=nan (imp=0.0179); tests_ma4=nan (imp=0.466); tests_ma8=nan (imp=0.272); tests_trend=nan (imp=0.0303),Predito,sklearn_gb_pressao_familia_v1,pressao_v1
ARCOS,tuberculose,2024,44,0.041,0.25,False,baixa,1.9,1,tests=1 (imp=0.0222); tests_lag1=nan (imp=0.0179); tests_ma4=nan (imp=0.466); tests_ma8=nan (imp=0.272); tests_trend=nan (imp=0.0303),Predito,sklearn_gb_pressao_familia_v1,pressao_v1
LENCOIS PAULISTA,tuberculose,2024,47,0.041,0.25,False,baixa,1.68,1,tests=1 (imp=0.0222); tests_lag1=nan (imp=0.0179); tests_ma4=nan (imp=0.466); tests_ma8=nan (imp=0.272); tests_trend=nan (imp=0.0303),Predito,sklearn_gb_pressao_familia_v1,pressao_v1
RORAINOPOLIS,tuberculose,2025,37,0.041,0.25,False,baixa,1.78,1,tests=1 (imp=0.0222); tests_lag1=nan (imp=0.0179); tests_ma4=nan (imp=0.466); tests_ma8=nan (imp=0.272); tests_trend=nan (imp=0.0303),Predito,sklearn_gb_pressao_familia_v1,pressao_v1
ARAXA,tuberculose,2024,42,0.041,0.25,False,baixa,1.13,1,tests=1 (imp=0.0222); tests_lag1=nan (imp=0.0179); tests_ma4=nan (imp=0.466); tests_ma8=nan (imp=0.272); tests_trend=nan (imp=0.0303),Predito,sklearn_gb_pressao_familia_v1,pressao_v1
ITAIPULANDIA,tuberculose,2026,25,0.041,0.25,False,baixa,1.79,1,tests_ma4=1 (imp=0.466); tests_pct_estadual=0.239 (imp=0.11); tests=1 (imp=0.0222); tests_lag1=1 (imp=0.0179); tests_ma8=nan (imp=0.272),Predito,sklearn_gb_pressao_familia_v1,pressao_v1
ARCOVERDE,tuberculose,2025,22,0.041,0.25,False,baixa,1.16,1,tests_ma4=1 (imp=0.466); tests_ma8=1 (imp=0.272); indice_pressao_proxy=1.16 (imp=0.024); tests_pct_estadual=0.242 (imp=0.11); tests=1 (imp=0.0222),Predito,sklearn_gb_pressao_familia_v1,pressao_v1
PELOTAS,tuberculose,2025,17,0.041,0.25,False,baixa,1.39,2,tests=2 (imp=0.0222); tests_lag1=nan (imp=0.0179); tests_ma4=nan (imp=0.466); tests_ma8=nan (imp=0.272); tests_trend=nan (imp=0.0303),Predito,sklearn_gb_pressao_familia_v1,pressao_v1
PORTO,tuberculose,2025,22,0.041,0.25,False,baixa,1.16,1,tests_ma4=1 (imp=0.466); tests_pct_estadual=0.242 (imp=0.11); tests=1 (imp=0.0222); tests_lag1=1 (imp=0.0179); tests_ma8=nan (imp=0.272),Predito,sklearn_gb_pressao_familia_v1,pressao_v1
PORANGATU,tuberculose,2025,39,0.041,0.25,False,baixa,1.7,1,tests=1 (imp=0.0222); tests_lag1=nan (imp=0.0179); tests_ma4=nan (imp=0.466); tests_ma8=nan (imp=0.272); tests_trend=nan (imp=0.0303),Predito,sklearn_gb_pressao_familia_v1,pressao_v1
MARACANAU,tuberculose,2024,44,0.041,0.25,False,baixa,1.9,1,tests=1 (imp=0.0222); tests_lag1=nan (imp=0.0179); tests_ma4=nan (imp=0.466); tests_ma8=nan (imp=0.272); tests_trend=nan (imp=0.0303),Predito,sklearn_gb_pressao_familia_v1,pressao_v1
FORMOSA DO OESTE,tuberculose,2025,43,0.041,0.25,False,baixa,1.66,2,tests=2 (imp=0.0222); tests_lag1=nan (imp=0.0179); tests_ma4=nan (imp=0.466); tests_ma8=nan (imp=0.272); tests_trend=nan (imp=0.0303),Predito,sklearn_gb_pressao_familia_v1,pressao_v1
CAPIM GROSSO,tuberculose,2025,17,0.041,0.25,False,baixa,1.39,2,tests=2 (imp=0.0222); tests_lag1=nan (imp=0.0179); tests_ma4=nan (imp=0.466); tests_ma8=nan (imp=0.272); tests_trend=nan (imp=0.0303),Predito,sklearn_gb_pressao_familia_v1,pressao_v1
FLORES DE GOIAS,tuberculose,2025,22,0.041,0.25,False,baixa,1.16,1,tests_ma4=1 (imp=0.466); tests_pct_estadual=0.242 (imp=0.11); tests=1 (imp=0.0222); tests_lag1=1 (imp=0.0179); tests_ma8=nan (imp=0.272),Predito,sklearn_gb_pressao_familia_v1,pressao_v1
MARILIA,tuberculose,2024,50,0.0409,0.25,False,baixa,0.77,1,tests=1 (imp=0.0222); tests_lag1=nan (imp=0.0179); tests_ma4=nan (imp=0.466); tests_ma8=nan (imp=0.272); tests_trend=nan (imp=0.0303),Predito,sklearn_gb_pressao_familia_v1,pressao_v1
BEBERIBE,tuberculose,2026,13,0.0409,0.25,False,baixa,0.62,1,tests=1 (imp=0.0222); tests_lag1=nan (imp=0.0179); tests_ma4=nan (imp=0.466); tests_ma8=nan (imp=0.272); tests_trend=nan (imp=0.0303),Predito,sklearn_gb_pressao_familia_v1,pressao_v1
UNIAO DOS PALMARES,tuberculose,2024,50,0.0409,0.25,False,baixa,0.77,1,tests_ma4=1 (imp=0.466); tests_pct_estadual=0.303 (imp=0.11); tests=1 (imp=0.0222); tests_lag1=1 (imp=0.0179); tests_ma8=nan (imp=0.272),Predito,sklearn_gb_pressao_familia_v1,pressao_v1
SANTA LUZIA DO PARA,tuberculose,2026,13,0.0409,0.25,False,baixa,0.62,1,tests=1 (imp=0.0222); tests_lag1=nan (imp=0.0179); tests_ma4=nan (imp=0.466); tests_ma8=nan (imp=0.272); tests_trend=nan (imp=0.0303),Predito,sklearn_gb_pressao_familia_v1,pressao_v1
MARECHAL THAUMATURGO,tuberculose,2025,32,0.0409,0.25,False,baixa,0.55,1,tests=1 (imp=0.0222); tests_lag1=nan (imp=0.0179); tests_ma4=nan (imp=0.466); tests_ma8=nan (imp=0.272); tests_trend=nan (imp=0.0303),Predito,sklearn_gb_pressao_familia_v1,pressao_v1
AMARANTE DO MARANHAO,tuberculose,2026,13,0.0409,0.25,False,baixa,0.62,1,tests=1 (imp=0.0222); tests_lag1=nan (imp=0.0179); tests_ma4=nan (imp=0.466); tests_ma8=nan (imp=0.272); tests_trend=nan (imp=0.0303),Predito,sklearn_gb_pressao_familia_v1,pressao_v1
MARAGOGI,tuberculose,2024,46,0.0409,0.25,False,baixa,0.72,1,tests=1 (imp=0.0222); tests_lag1=nan (imp=0.0179); tests_ma4=nan (imp=0.466); tests_ma8=nan (imp=0.272); tests_trend=nan (imp=0.0303),Predito,sklearn_gb_pressao_familia_v1,pressao_v1
AVANHANDAVA,tuberculose,2024,46,0.0409,0.25,False,baixa,0.72,1,tests=1 (imp=0.0222); tests_lag1=nan (imp=0.0179); tests_ma4=nan (imp=0.466); tests_ma8=nan (imp=0.272); tests_trend=nan (imp=0.0303),Predito,sklearn_gb_pressao_familia_v1,pressao_v1
NOVA CANAA,tuberculose,2024,50,0.0409,0.25,False,baixa,0.77,1,tests_ma4=1 (imp=0.466); tests_pct_estadual=0.303 (imp=0.11); tests=1 (imp=0.0222); tests_lag1=1 (imp=0.0179); tests_ma8=nan (imp=0.272),Predito,sklearn_gb_pressao_familia_v1,pressao_v1
OEIRAS,tuberculose,2024,43,0.0409,0.25,False,baixa,0.99,1,tests=1 (imp=0.0222); tests_lag1=nan (imp=0.0179); tests_ma4=nan (imp=0.466); tests_ma8=nan (imp=0.272); tests_trend=nan (imp=0.0303),Predito,sklearn_gb_pressao_familia_v1,pressao_v1
CORURIPE,tuberculose,2025,32,0.0409,0.25,False,baixa,0.55,1,tests=1 (imp=0.0222); tests_lag1=nan (imp=0.0179); tests_ma4=nan (imp=0.466); tests_ma8=nan (imp=0.272); tests_trend=nan (imp=0.0303),Predito,sklearn_gb_pressao_familia_v1,pressao_v1
TUFILANDIA,tuberculose,2025,32,0.0409,0.25,False,baixa,0.55,1,tests=1 (imp=0.0222); tests_lag1=nan (imp=0.0179); tests_ma4=nan (imp=0.466); tests_ma8=nan (imp=0.272); tests_trend=nan (imp=0.0303),Predito,sklearn_gb_pressao_familia_v1,pressao_v1
NOVO GAMA,tuberculose,2024,50,0.0409,0.25,False,baixa,0.77,1,tests_ma4=1 (imp=0.466); tests_pct_estadual=0.303 (imp=0.11); tests=1 (imp=0.0222); tests_lag1=1 (imp=0.0179); tests_ma8=nan (imp=0.272),Predito,sklearn_gb_pressao_familia_v1,pressao_v1
TIMON,tuberculose,2025,32,0.0409,0.25,False,baixa,0.55,1,tests_ma4=1 (imp=0.466); tests_pct_estadual=0.258 (imp=0.11); tests=1 (imp=0.0222); tests_lag1=1 (imp=0.0179); tests_ma8=nan (imp=0.272),Predito,sklearn_gb_pressao_familia_v1,pressao_v1
SAO SEBASTIAO,tuberculose,2024,50,0.0409,0.25,False,baixa,0.77,1,tests=1 (imp=0.0222); tests_lag1=nan (imp=0.0179); tests_ma4=nan (imp=0.466); tests_ma8=nan (imp=0.272); tests_trend=nan (imp=0.0303),Predito,sklearn_gb_pressao_familia_v1,pressao_v1
SAO BERNARDO DO CAMPO,tuberculose,2024,50,0.0409,0.25,False,baixa,0.77,1,tests_ma4=1 (imp=0.466); tests_pct_estadual=0.303 (imp=0.11); tests=1 (imp=0.0222); tests_lag1=1 (imp=0.0179); tests_ma8=nan (imp=0.272),Predito,sklearn_gb_pressao_familia_v1,pressao_v1
UBAJARA,tuberculose,2024,50,0.0409,0.25,False,baixa,0.77,1,tests=1 (imp=0.0222); tests_lag1=nan (imp=0.0179); tests_ma4=nan (imp=0.466); tests_ma8=nan (imp=0.272); tests_trend=nan (imp=0.0303),Predito,sklearn_gb_pressao_familia_v1,pressao_v1
MAUA DA SERRA,tuberculose,2024,50,0.0409,0.25,False,baixa,0.77,1,tests=1 (imp=0.0222); tests_lag1=nan (imp=0.0179); tests_ma4=nan (imp=0.466); tests_ma8=nan (imp=0.272); tests_trend=nan (imp=0.0303),Predito,sklearn_gb_pressao_familia_v1,pressao_v1
MINISTRO ANDREAZZA,tuberculose,2024,41,0.0409,0.25,False,baixa,0.89,1,tests=1 (imp=0.0222); tests_lag1=nan (imp=0.0179); tests_ma4=nan (imp=0.466); tests_ma8=nan (imp=0.272); tests_trend=nan (imp=0.0303),Predito,sklearn_gb_pressao_familia_v1,pressao_v1
CARDOSO,tuberculose,2024,46,0.0409,0.25,False,baixa,0.72,1,tests=1 (imp=0.0222); tests_lag1=nan (imp=0.0179); tests_ma4=nan (imp=0.466); tests_ma8=nan (imp=0.272); tests_trend=nan (imp=0.0303),Predito,sklearn_gb_pressao_familia_v1,pressao_v1
RIO PRETO DA EVA,tuberculose,2026,13,0.0409,0.25,False,baixa,0.62,1,tests=1 (imp=0.0222); tests_lag1=nan (imp=0.0179); tests_ma4=nan (imp=0.466); tests_ma8=nan (imp=0.272); tests_trend=nan (imp=0.0303),Predito,sklearn_gb_pressao_familia_v1,pressao_v1
ARACAS,tuberculose,2026,13,0.0409,0.25,False,baixa,0.62,1,tests_ma4=1 (imp=0.466); tests_pct_estadual=0.27 (imp=0.11); tests=1 (imp=0.0222); tests_lag1=1 (imp=0.0179); tests_ma8=nan (imp=0.272),Predito,sklearn_gb_pressao_familia_v1,pressao_v1
APUI,tuberculose,2026,13,0.0409,0.25,False,baixa,0.62,1,tests_ma4=1 (imp=0.466); tests_ma8=1 (imp=0.272); tests_pct_estadual=0.27 (imp=0.11); tests=1 (imp=0.0222); tests_lag1=1 (imp=0.0179),Predito,sklearn_gb_pressao_familia_v1,pressao_v1
JUTI,tuberculose,2024,41,0.0409,0.25,False,baixa,0.89,1,tests=1 (imp=0.0222); tests_lag1=nan (imp=0.0179); tests_ma4=nan (imp=0.466); tests_ma8=nan (imp=0.272); tests_trend=nan (imp=0.0303),Predito,sklearn_gb_pressao_familia_v1,pressao_v1
REGENTE FEIJO,tuberculose,2024,50,0.0409,0.25,False,baixa,0.77,1,tests_ma4=1 (imp=0.466); tests_pct_estadual=0.303 (imp=0.11); tests=1 (imp=0.0222); tests_lag1=1 (imp=0.0179); tests_ma8=nan (imp=0.272),Predito,sklearn_gb_pressao_familia_v1,pressao_v1
BALNEARIO CAMBORIU,tuberculose,2025,32,0.0409,0.25,False,baixa,0.55,1,tests=1 (imp=0.0222); tests_lag1=nan (imp=0.0179); tests_ma4=nan (imp=0.466); tests_ma8=nan (imp=0.272); tests_trend=nan (imp=0.0303),Predito,sklearn_gb_pressao_familia_v1,pressao_v1
NOVA MAMORE,tuberculose,2024,50,0.0409,0.25,False,baixa,0.77,1,tests=1 (imp=0.0222); tests_lag1=nan (imp=0.0179); tests_ma4=nan (imp=0.466); tests_ma8=nan (imp=0.272); tests_trend=nan (imp=0.0303),Predito,sklearn_gb_pressao_familia_v1,pressao_v1
TEIXEIRA DE FREITAS,tuberculose,2025,32,0.0409,0.25,False,baixa,0.55,1,tests=1 (imp=0.0222); tests_lag1=nan (imp=0.0179); tests_ma4=nan (imp=0.466); tests_ma8=nan (imp=0.272); tests_trend=nan (imp=0.0303),Predito,sklearn_gb_pressao_familia_v1,pressao_v1
PALHOCA,tuberculose,2025,32,0.0409,0.25,False,baixa,0.55,1,tests=1 (imp=0.0222); tests_lag1=nan (imp=0.0179); tests_ma4=nan (imp=0.466); tests_ma8=nan (imp=0.272); tests_trend=nan (imp=0.0303),Predito,sklearn_gb_pressao_familia_v1,pressao_v1
ALTO PARANA,tuberculose,2024,50,0.0409,0.25,False,baixa,0.77,1,tests=1 (imp=0.0222); tests_lag1=nan (imp=0.0179); tests_ma4=nan (imp=0.466); tests_ma8=nan (imp=0.272); tests_trend=nan (imp=0.0303),Predito,sklearn_gb_pressao_familia_v1,pressao_v1
CANAA DOS CARAJAS,tuberculose,2025,32,0.0409,0.25,False,baixa,0.55,1,tests_ma4=1 (imp=0.466); tests_ma8=1 (imp=0.272); tests_pct_estadual=0.258 (imp=0.11); tests=1 (imp=0.0222); tests_lag1=1 (imp=0.0179),Predito,sklearn_gb_pressao_familia_v1,pressao_v1
ARAPUTANGA,hepatite,2026,34,0.0407,0.35,False,baixa,2.17,1,tests_ma8=1.38 (imp=0.486); tests_ma4=1.5 (imp=0.306); indice_pressao_proxy=2.17 (imp=0.0338); tests_lag1=1 (imp=0.0495); tests=1 (imp=0.0458),Predito,sklearn_gb_pressao_familia_v1,pressao_v1
SAO FELIX DO ARAGUAIA,hepatite,2026,34,0.0407,0.35,False,baixa,2.17,1,tests_ma8=1.38 (imp=0.486); tests_ma4=1.5 (imp=0.306); indice_pressao_proxy=2.17 (imp=0.0338); tests_lag1=1 (imp=0.0495); tests=1 (imp=0.0458),Predito,sklearn_gb_pressao_familia_v1,pressao_v1
ITAJAI,hepatite,2025,16,0.0405,0.35,False,baixa,5.37,2,tests_ma8=1.25 (imp=0.486); tests_ma4=1.25 (imp=0.306); indice_pressao_proxy=5.37 (imp=0.0338); tests=2 (imp=0.0458); tests_lag1=1 (imp=0.0495),Predito,sklearn_gb_pressao_familia_v1,pressao_v1
MONTES CLAROS,tuberculose,2025,35,0.0403,0.25,False,baixa,1.08,2,tests=2 (imp=0.0222); tests_lag1=nan (imp=0.0179); tests_ma4=nan (imp=0.466); tests_ma8=nan (imp=0.272); tests_trend=nan (imp=0.0303),Predito,sklearn_gb_pressao_familia_v1,pressao_v1
LADAINHA,tuberculose,2024,45,0.0403,0.25,False,baixa,1.91,1,tests=1 (imp=0.0222); tests_lag1=nan (imp=0.0179); tests_ma4=nan (imp=0.466); tests_ma8=nan (imp=0.272); tests_trend=nan (imp=0.0303),Predito,sklearn_gb_pressao_familia_v1,pressao_v1
APUAREMA,tuberculose,2024,45,0.0403,0.25,False,baixa,1.91,1,tests=1 (imp=0.0222); tests_lag1=nan (imp=0.0179); tests_ma4=nan (imp=0.466); tests_ma8=nan (imp=0.272); tests_trend=nan (imp=0.0303),Predito,sklearn_gb_pressao_familia_v1,pressao_v1
JACOBINA,tuberculose,2025,44,0.0403,0.25,False,baixa,5.71,2,tests=2 (imp=0.0222); tests_lag1=nan (imp=0.0179); tests_ma4=nan (imp=0.466); tests_ma8=nan (imp=0.272); tests_trend=nan (imp=0.0303),Predito,sklearn_gb_pressao_familia_v1,pressao_v1
SAO VICENTE FERRER,tuberculose,2024,45,0.0403,0.25,False,baixa,1.91,1,tests=1 (imp=0.0222); tests_lag1=nan (imp=0.0179); tests_ma4=nan (imp=0.466); tests_ma8=nan (imp=0.272); tests_trend=nan (imp=0.0303),Predito,sklearn_gb_pressao_familia_v1,pressao_v1
ABAETETUBA,tuberculose,2024,45,0.0403,0.25,False,baixa,1.91,1,tests=1 (imp=0.0222); tests_lag1=nan (imp=0.0179); tests_ma4=nan (imp=0.466); tests_ma8=nan (imp=0.272); tests_trend=nan (imp=0.0303),Predito,sklearn_gb_pressao_familia_v1,pressao_v1
TRINDADE,tuberculose,2026,26,0.0403,0.25,False,baixa,5.71,2,tests_ma4=1.5 (imp=0.466); tests_pct_estadual=0.543 (imp=0.11); tests=2 (imp=0.0222); tests_lag1=1 (imp=0.0179); tests_ma8=nan (imp=0.272),Predito,sklearn_gb_pressao_familia_v1,pressao_v1
CAMPINAS,tuberculose,2025,15,0.0403,0.25,False,baixa,1.04,1,tests_ma4=1 (imp=0.466); tests_ma8=1 (imp=0.272); tests_pct_estadual=0.29 (imp=0.11); indice_pressao_proxy=1.04 (imp=0.024); tests=1 (imp=0.0222),Predito,sklearn_gb_pressao_familia_v1,pressao_v1
SAO FRANCISCO DO PIAUI,tuberculose,2025,44,0.0403,0.25,False,baixa,5.71,2,tests=2 (imp=0.0222); tests_lag1=nan (imp=0.0179); tests_ma4=nan (imp=0.466); tests_ma8=nan (imp=0.272); tests_trend=nan (imp=0.0303),Predito,sklearn_gb_pressao_familia_v1,pressao_v1
CABO FRIO,tuberculose,2024,45,0.0403,0.25,False,baixa,1.91,1,tests=1 (imp=0.0222); tests_lag1=nan (imp=0.0179); tests_ma4=nan (imp=0.466); tests_ma8=nan (imp=0.272); tests_trend=nan (imp=0.0303),Predito,sklearn_gb_pressao_familia_v1,pressao_v1
BATATAIS,tuberculose,2026,26,0.0403,0.25,False,baixa,5.71,2,tests=2 (imp=0.0222); tests_lag1=nan (imp=0.0179); tests_ma4=nan (imp=0.466); tests_ma8=nan (imp=0.272); tests_trend=nan (imp=0.0303),Predito,sklearn_gb_pressao_familia_v1,pressao_v1
RIO VERDE DE MATO GROSSO,tuberculose,2024,45,0.0403,0.25,False,baixa,1.91,1,tests=1 (imp=0.0222); tests_lag1=nan (imp=0.0179); tests_ma4=nan (imp=0.466); tests_ma8=nan (imp=0.272); tests_trend=nan (imp=0.0303),Predito,sklearn_gb_pressao_familia_v1,pressao_v1
DOURADOS,tuberculose,2026,30,0.0403,0.25,False,baixa,5.84,2,tests_ma4=1.25 (imp=0.466); tests_ma8=1.12 (imp=0.272); indice_pressao_proxy=5.84 (imp=0.024); tests_pct_estadual=0.49 (imp=0.11); tests=2 (imp=0.0222),Predito,sklearn_gb_pressao_familia_v1,pressao_v1
ESPIGAO D''OESTE,tuberculose,2024,45,0.0403,0.25,False,baixa,1.91,1,tests=1 (imp=0.0222); tests_lag1=nan (imp=0.0179); tests_ma4=nan (imp=0.466); tests_ma8=nan (imp=0.272); tests_trend=nan (imp=0.0303),Predito,sklearn_gb_pressao_familia_v1,pressao_v1
BENTO DE ABREU,tuberculose,2024,45,0.0403,0.25,False,baixa,1.91,1,tests=1 (imp=0.0222); tests_lag1=nan (imp=0.0179); tests_ma4=nan (imp=0.466); tests_ma8=nan (imp=0.272); tests_trend=nan (imp=0.0303),Predito,sklearn_gb_pressao_familia_v1,pressao_v1
CHAPADINHA,tuberculose,2024,45,0.0403,0.25,False,baixa,1.91,1,tests=1 (imp=0.0222); tests_lag1=nan (imp=0.0179); tests_ma4=nan (imp=0.466); tests_ma8=nan (imp=0.272); tests_trend=nan (imp=0.0303),Predito,sklearn_gb_pressao_familia_v1,pressao_v1
POPULINA,tuberculose,2025,36,0.0403,0.25,False,baixa,1.05,1,tests=1 (imp=0.0222); tests_lag1=nan (imp=0.0179); tests_ma4=nan (imp=0.466); tests_ma8=nan (imp=0.272); tests_trend=nan (imp=0.0303),Predito,sklearn_gb_pressao_familia_v1,pressao_v1
ALVORADA,tuberculose,2026,23,0.0403,0.25,False,baixa,6.4,2,tests=2 (imp=0.0222); tests_lag1=nan (imp=0.0179); tests_ma4=nan (imp=0.466); tests_ma8=nan (imp=0.272); tests_trend=nan (imp=0.0303),Predito,sklearn_gb_pressao_familia_v1,pressao_v1
FRUTAL,tuberculose,2024,45,0.0403,0.25,False,baixa,1.91,1,tests=1 (imp=0.0222); tests_lag1=nan (imp=0.0179); tests_ma4=nan (imp=0.466); tests_ma8=nan (imp=0.272); tests_trend=nan (imp=0.0303),Predito,sklearn_gb_pressao_familia_v1,pressao_v1
BARRACAO,tuberculose,2025,36,0.0403,0.25,False,baixa,1.05,1,tests=1 (imp=0.0222); tests_lag1=nan (imp=0.0179); tests_ma4=nan (imp=0.466); tests_ma8=nan (imp=0.272); tests_trend=nan (imp=0.0303),Predito,sklearn_gb_pressao_familia_v1,pressao_v1
MARECHAL DEODORO,tuberculose,2025,47,0.0403,0.25,False,baixa,1.05,1,tests=1 (imp=0.0222); tests_lag1=nan (imp=0.0179); tests_ma4=nan (imp=0.466); tests_ma8=nan (imp=0.272); tests_trend=nan (imp=0.0303),Predito,sklearn_gb_pressao_familia_v1,pressao_v1
SAO JOSE DE RIBAMAR,tuberculose,2025,36,0.0403,0.25,False,baixa,1.05,1,tests=1 (imp=0.0222); tests_lag1=nan (imp=0.0179); tests_ma4=nan (imp=0.466); tests_ma8=nan (imp=0.272); tests_trend=nan (imp=0.0303),Predito,sklearn_gb_pressao_familia_v1,pressao_v1
GUAIRA,tuberculose,2025,36,0.0403,0.25,False,baixa,1.05,1,tests_ma4=1 (imp=0.466); tests_ma8=1 (imp=0.272); tests_pct_estadual=0.279 (imp=0.11); indice_pressao_proxy=1.05 (imp=0.024); tests=1 (imp=0.0222),Predito,sklearn_gb_pressao_familia_v1,pressao_v1
JATAI,respiratorio,2024,46,0.0402,0.35,False,baixa,3.52,2,tests=2 (imp=0.0304); tests_lag1=nan (imp=0.0454); tests_ma4=nan (imp=0.0783); tests_ma8=nan (imp=0.212); tests_trend=nan (imp=0.0585),Predito,sklearn_gb_pressao_familia_v1,pressao_v1
LUIZIANIA,arbovirose,2025,15,0.0402,0.44999999999999996,False,baixa,1.52,5,tests_ma4=7 (imp=0.379); tests_pct_estadual=0.606 (imp=0.414); tests_lag1=9 (imp=0.0273); tests=5 (imp=0.0167); tests_ma8=nan (imp=0.0883),Predito,sklearn_gb_pressao_familia_v1,pressao_v1
MARANGUAPE,tuberculose,2025,29,0.0401,0.25,False,baixa,1.24,1,tests=1 (imp=0.0222); tests_lag1=nan (imp=0.0179); tests_ma4=nan (imp=0.466); tests_ma8=nan (imp=0.272); tests_trend=nan (imp=0.0303),Predito,sklearn_gb_pressao_familia_v1,pressao_v1
SERRA NEGRA DO NORTE,tuberculose,2025,29,0.0401,0.25,False,baixa,1.24,1,tests=1 (imp=0.0222); tests_lag1=nan (imp=0.0179); tests_ma4=nan (imp=0.466); tests_ma8=nan (imp=0.272); tests_trend=nan (imp=0.0303),Predito,sklearn_gb_pressao_familia_v1,pressao_v1
ARAQUARI,tuberculose,2025,29,0.0401,0.25,False,baixa,1.24,1,tests=1 (imp=0.0222); tests_lag1=nan (imp=0.0179); tests_ma4=nan (imp=0.466); tests_ma8=nan (imp=0.272); tests_trend=nan (imp=0.0303),Predito,sklearn_gb_pressao_familia_v1,pressao_v1
PICOS,tuberculose,2025,30,0.0401,0.25,False,baixa,1.22,1,tests=1 (imp=0.0222); tests_lag1=nan (imp=0.0179); tests_ma4=nan (imp=0.466); tests_ma8=nan (imp=0.272); tests_trend=nan (imp=0.0303),Predito,sklearn_gb_pressao_familia_v1,pressao_v1
MAUES,tuberculose,2026,12,0.0401,0.25,False,baixa,0.63,1,tests=1 (imp=0.0222); tests_lag1=nan (imp=0.0179); tests_ma4=nan (imp=0.466); tests_ma8=nan (imp=0.272); tests_trend=nan (imp=0.0303),Predito,sklearn_gb_pressao_familia_v1,pressao_v1
BRITANIA,tuberculose,2025,48,0.0401,0.25,False,baixa,1.34,1,tests=1 (imp=0.0222); tests_lag1=nan (imp=0.0179); tests_ma4=nan (imp=0.466); tests_ma8=nan (imp=0.272); tests_trend=nan (imp=0.0303),Predito,sklearn_gb_pressao_familia_v1,pressao_v1
CAMBORIU,tuberculose,2026,11,0.04,0.25,False,baixa,0.65,1,tests=1 (imp=0.0222); tests_lag1=nan (imp=0.0179); tests_ma4=nan (imp=0.466); tests_ma8=nan (imp=0.272); tests_trend=nan (imp=0.0303),Predito,sklearn_gb_pressao_familia_v1,pressao_v1
IBOTIRAMA,tuberculose,2026,11,0.04,0.25,False,baixa,0.65,1,tests=1 (imp=0.0222); tests_lag1=nan (imp=0.0179); tests_ma4=nan (imp=0.466); tests_ma8=nan (imp=0.272); tests_trend=nan (imp=0.0303),Predito,sklearn_gb_pressao_familia_v1,pressao_v1
CHORROCHO,tuberculose,2026,11,0.04,0.25,False,baixa,0.65,1,tests=1 (imp=0.0222); tests_lag1=nan (imp=0.0179); tests_ma4=nan (imp=0.466); tests_ma8=nan (imp=0.272); tests_trend=nan (imp=0.0303),Predito,sklearn_gb_pressao_familia_v1,pressao_v1
PARINTINS,tuberculose,2025,28,0.04,0.25,False,baixa,0.69,1,tests=1 (imp=0.0222); tests_lag1=nan (imp=0.0179); tests_ma4=nan (imp=0.466); tests_ma8=nan (imp=0.272); tests_trend=nan (imp=0.0303),Predito,sklearn_gb_pressao_familia_v1,pressao_v1
PARAISO DO NORTE,tuberculose,2025,28,0.04,0.25,False,baixa,0.69,1,tests=1 (imp=0.0222); tests_lag1=nan (imp=0.0179); tests_ma4=nan (imp=0.466); tests_ma8=nan (imp=0.272); tests_trend=nan (imp=0.0303),Predito,sklearn_gb_pressao_familia_v1,pressao_v1
SAO JOAO DOS PATOS,hepatite,2026,9,0.0399,0.35,False,baixa,2.49,1,tests=1 (imp=0.0458); tests_lag1=nan (imp=0.0495); tests_ma4=nan (imp=0.306); tests_ma8=nan (imp=0.486); tests_trend=nan (imp=0.0213),Predito,sklearn_gb_pressao_familia_v1,pressao_v1
SAO GONCALO DO AMARANTE,hepatite,2026,16,0.0399,0.35,False,baixa,2.68,1,tests=1 (imp=0.0458); tests_lag1=nan (imp=0.0495); tests_ma4=nan (imp=0.306); tests_ma8=nan (imp=0.486); tests_trend=nan (imp=0.0213),Predito,sklearn_gb_pressao_familia_v1,pressao_v1
SALTO DO CEU,hepatite,2026,5,0.0399,0.35,False,baixa,2.7,1,tests=1 (imp=0.0458); tests_lag1=nan (imp=0.0495); tests_ma4=nan (imp=0.306); tests_ma8=nan (imp=0.486); tests_trend=nan (imp=0.0213),Predito,sklearn_gb_pressao_familia_v1,pressao_v1
GOIANIA,hepatite,2026,26,0.0398,0.35,False,baixa,2.74,1,tests_ma8=1 (imp=0.486); tests_ma4=1 (imp=0.306); indice_pressao_proxy=2.74 (imp=0.0338); tests_lag1=1 (imp=0.0495); tests=1 (imp=0.0458),Predito,sklearn_gb_pressao_familia_v1,pressao_v1
PARANATINGA,hepatite,2026,36,0.0398,0.35,False,baixa,3.01,1,tests_ma8=1.25 (imp=0.486); tests_ma4=1.5 (imp=0.306); indice_pressao_proxy=3.01 (imp=0.0338); tests_lag1=2 (imp=0.0495); tests=1 (imp=0.0458),Predito,sklearn_gb_pressao_familia_v1,pressao_v1
CACERES,hepatite,2026,36,0.0398,0.35,False,baixa,3.01,1,tests_ma8=1.12 (imp=0.486); tests_ma4=1.25 (imp=0.306); indice_pressao_proxy=3.01 (imp=0.0338); tests_lag1=1 (imp=0.0495); tests=1 (imp=0.0458),Predito,sklearn_gb_pressao_familia_v1,pressao_v1
SAPEZAL,hepatite,2026,36,0.0398,0.35,False,baixa,3.01,1,tests_ma8=1.12 (imp=0.486); tests_ma4=1 (imp=0.306); indice_pressao_proxy=3.01 (imp=0.0338); tests_lag1=1 (imp=0.0495); tests=1 (imp=0.0458),Predito,sklearn_gb_pressao_familia_v1,pressao_v1
NOVA MARILANDIA,hepatite,2026,26,0.0398,0.35,False,baixa,2.74,1,tests_ma8=1.14 (imp=0.486); tests_ma4=1 (imp=0.306); indice_pressao_proxy=2.74 (imp=0.0338); tests_lag1=1 (imp=0.0495); tests=1 (imp=0.0458),Predito,sklearn_gb_pressao_familia_v1,pressao_v1
NORTELANDIA,hepatite,2026,36,0.0398,0.35,False,baixa,3.01,1,tests_ma8=1.12 (imp=0.486); tests_ma4=1 (imp=0.306); indice_pressao_proxy=3.01 (imp=0.0338); tests_lag1=1 (imp=0.0495); tests=1 (imp=0.0458),Predito,sklearn_gb_pressao_familia_v1,pressao_v1
SANTA CARMEM,hepatite,2026,36,0.0398,0.35,False,baixa,3.01,1,tests_ma8=1.17 (imp=0.486); tests_ma4=1 (imp=0.306); indice_pressao_proxy=3.01 (imp=0.0338); tests_lag1=1 (imp=0.0495); tests=1 (imp=0.0458),Predito,sklearn_gb_pressao_familia_v1,pressao_v1
VERA,hepatite,2026,36,0.0398,0.35,False,baixa,3.01,1,tests_ma8=1.25 (imp=0.486); tests_ma4=1.25 (imp=0.306); indice_pressao_proxy=3.01 (imp=0.0338); tests_lag1=1 (imp=0.0495); tests=1 (imp=0.0458),Predito,sklearn_gb_pressao_familia_v1,pressao_v1
RIO CLARO,hepatite,2026,18,0.0394,0.35,False,baixa,2.38,1,tests=1 (imp=0.0458); tests_lag1=nan (imp=0.0495); tests_ma4=nan (imp=0.306); tests_ma8=nan (imp=0.486); tests_trend=nan (imp=0.0213),Predito,sklearn_gb_pressao_familia_v1,pressao_v1
UNIAO DO SUL,hepatite,2026,28,0.0394,0.35,False,baixa,2.26,1,tests_ma8=1.38 (imp=0.486); tests_ma4=1.25 (imp=0.306); indice_pressao_proxy=2.26 (imp=0.0338); tests_lag1=1 (imp=0.0495); tests=1 (imp=0.0458),Predito,sklearn_gb_pressao_familia_v1,pressao_v1
CARLINDA,hepatite,2026,20,0.0394,0.35,False,baixa,2.0,1,tests_ma8=1.43 (imp=0.486); tests_ma4=1.25 (imp=0.306); tests_lag1=2 (imp=0.0495); indice_pressao_proxy=2 (imp=0.0338); tests=1 (imp=0.0458),Predito,sklearn_gb_pressao_familia_v1,pressao_v1
MONTE ALEGRE DE SERGIPE,tuberculose,2026,22,0.0391,0.25,False,baixa,2.31,1,tests=1 (imp=0.0222); tests_lag1=nan (imp=0.0179); tests_ma4=nan (imp=0.466); tests_ma8=nan (imp=0.272); tests_trend=nan (imp=0.0303),Predito,sklearn_gb_pressao_familia_v1,pressao_v1
MURICI,tuberculose,2025,46,0.0391,0.25,False,baixa,3.33,1,tests_ma4=1 (imp=0.466); tests_pct_estadual=0.241 (imp=0.11); tests=1 (imp=0.0222); tests_lag1=1 (imp=0.0179); tests_ma8=nan (imp=0.272),Predito,sklearn_gb_pressao_familia_v1,pressao_v1
NAVEGANTES,tuberculose,2026,29,0.0391,0.25,False,baixa,1.98,2,tests=2 (imp=0.0222); tests_lag1=nan (imp=0.0179); tests_ma4=nan (imp=0.466); tests_ma8=nan (imp=0.272); tests_trend=nan (imp=0.0303),Predito,sklearn_gb_pressao_familia_v1,pressao_v1
CACOAL,tuberculose,2026,27,0.0391,0.25,False,baixa,2.52,1,tests_ma4=1.25 (imp=0.466); tests_ma8=1.12 (imp=0.272); indice_pressao_proxy=2.52 (imp=0.024); tests_lag1=2 (imp=0.0179); tests_pct_estadual=0.274 (imp=0.11),Predito,sklearn_gb_pressao_familia_v1,pressao_v1
CACU,tuberculose,2025,14,0.0391,0.25,False,baixa,2.12,1,tests_ma4=1 (imp=0.466); tests_pct_estadual=0.261 (imp=0.11); tests=1 (imp=0.0222); tests_lag1=1 (imp=0.0179); tests_ma8=nan (imp=0.272),Predito,sklearn_gb_pressao_familia_v1,pressao_v1
SAO FRANCISCO DO SUL,tuberculose,2025,6,0.0391,0.25,False,baixa,2.8,2,tests=2 (imp=0.0222); tests_lag1=nan (imp=0.0179); tests_ma4=nan (imp=0.466); tests_ma8=nan (imp=0.272); tests_trend=nan (imp=0.0303),Predito,sklearn_gb_pressao_familia_v1,pressao_v1
SAO JOSE DA TAPERA,tuberculose,2024,51,0.0391,0.25,False,baixa,2.47,1,tests_ma4=1 (imp=0.466); tests_pct_estadual=0.271 (imp=0.11); tests=1 (imp=0.0222); tests_lag1=1 (imp=0.0179); tests_ma8=nan (imp=0.272),Predito,sklearn_gb_pressao_familia_v1,pressao_v1
SAO DOMINGOS DO CAPIM,tuberculose,2026,3,0.0391,0.25,False,baixa,3.4,2,tests_ma4=1.5 (imp=0.466); tests_pct_estadual=0.528 (imp=0.11); tests=2 (imp=0.0222); tests_lag1=1 (imp=0.0179); tests_ma8=nan (imp=0.272),Predito,sklearn_gb_pressao_familia_v1,pressao_v1
CAMPO NOVO DE RONDONIA,tuberculose,2026,28,0.0391,0.25,False,baixa,2.45,1,tests=1 (imp=0.0222); tests_lag1=nan (imp=0.0179); tests_ma4=nan (imp=0.466); tests_ma8=nan (imp=0.272); tests_trend=nan (imp=0.0303),Predito,sklearn_gb_pressao_familia_v1,pressao_v1
CAMPOS DOS GOYTACAZES,tuberculose,2026,25,0.0391,0.25,False,baixa,3.58,2,tests=2 (imp=0.0222); tests_lag1=nan (imp=0.0179); tests_ma4=nan (imp=0.466); tests_ma8=nan (imp=0.272); tests_trend=nan (imp=0.0303),Predito,sklearn_gb_pressao_familia_v1,pressao_v1
CAPELA,tuberculose,2026,21,0.0391,0.25,False,baixa,2.35,1,tests=1 (imp=0.0222); tests_lag1=nan (imp=0.0179); tests_ma4=nan (imp=0.466); tests_ma8=nan (imp=0.272); tests_trend=nan (imp=0.0303),Predito,sklearn_gb_pressao_familia_v1,pressao_v1
ALTO PARAISO,tuberculose,2026,21,0.0391,0.25,False,baixa,2.35,1,tests=1 (imp=0.0222); tests_lag1=nan (imp=0.0179); tests_ma4=nan (imp=0.466); tests_ma8=nan (imp=0.272); tests_trend=nan (imp=0.0303),Predito,sklearn_gb_pressao_familia_v1,pressao_v1
MIRANDA,tuberculose,2024,51,0.0391,0.25,False,baixa,2.47,1,tests_ma4=1 (imp=0.466); tests_pct_estadual=0.271 (imp=0.11); tests=1 (imp=0.0222); tests_lag1=1 (imp=0.0179); tests_ma8=nan (imp=0.272),Predito,sklearn_gb_pressao_familia_v1,pressao_v1
CAMPO ALEGRE,tuberculose,2025,11,0.0391,0.25,False,baixa,2.22,1,tests=1 (imp=0.0222); tests_lag1=nan (imp=0.0179); tests_ma4=nan (imp=0.466); tests_ma8=nan (imp=0.272); tests_trend=nan (imp=0.0303),Predito,sklearn_gb_pressao_familia_v1,pressao_v1
SAO JOAO BATISTA,tuberculose,2026,22,0.0391,0.25,False,baixa,2.31,1,tests_ma4=1 (imp=0.466); tests_ma8=1 (imp=0.272); indice_pressao_proxy=2.31 (imp=0.024); tests_pct_estadual=0.27 (imp=0.11); tests=1 (imp=0.0222),Predito,sklearn_gb_pressao_familia_v1,pressao_v1
SANTA ALBERTINA,tuberculose,2025,11,0.0391,0.25,False,baixa,2.22,1,tests=1 (imp=0.0222); tests_lag1=nan (imp=0.0179); tests_ma4=nan (imp=0.466); tests_ma8=nan (imp=0.272); tests_trend=nan (imp=0.0303),Predito,sklearn_gb_pressao_familia_v1,pressao_v1
CEDRAL,tuberculose,2025,11,0.0391,0.25,False,baixa,2.22,1,tests_ma4=1.5 (imp=0.466); tests_lag1=2 (imp=0.0179); tests_pct_estadual=0.276 (imp=0.11); tests=1 (imp=0.0222); tests_ma8=nan (imp=0.272),Predito,sklearn_gb_pressao_familia_v1,pressao_v1
CAXIAS DO SUL,tuberculose,2025,11,0.0391,0.25,False,baixa,2.22,1,tests=1 (imp=0.0222); tests_lag1=nan (imp=0.0179); tests_ma4=nan (imp=0.466); tests_ma8=nan (imp=0.272); tests_trend=nan (imp=0.0303),Predito,sklearn_gb_pressao_familia_v1,pressao_v1
SANTA LUZIA D''OESTE,tuberculose,2025,14,0.0391,0.25,False,baixa,2.12,1,tests_ma4=1 (imp=0.466); tests_pct_estadual=0.261 (imp=0.11); tests=1 (imp=0.0222); tests_lag1=1 (imp=0.0179); tests_ma8=nan (imp=0.272),Predito,sklearn_gb_pressao_familia_v1,pressao_v1
ANANINDEUA,tuberculose,2026,29,0.0391,0.25,False,baixa,1.98,2,tests_ma4=1.5 (imp=0.466); tests_pct_estadual=0.469 (imp=0.11); tests=2 (imp=0.0222); tests_lag1=1 (imp=0.0179); tests_ma8=nan (imp=0.272),Predito,sklearn_gb_pressao_familia_v1,pressao_v1
VARJAO,tuberculose,2026,27,0.0391,0.25,False,baixa,2.52,1,tests_ma4=1 (imp=0.466); tests_ma8=1 (imp=0.272); indice_pressao_proxy=2.52 (imp=0.024); tests_pct_estadual=0.274 (imp=0.11); tests=1 (imp=0.0222),Predito,sklearn_gb_pressao_familia_v1,pressao_v1
AMAMBAI,tuberculose,2026,27,0.0391,0.25,False,baixa,2.52,1,tests_ma4=1 (imp=0.466); tests_ma8=1 (imp=0.272); indice_pressao_proxy=2.52 (imp=0.024); tests_pct_estadual=0.274 (imp=0.11); tests=1 (imp=0.0222),Predito,sklearn_gb_pressao_familia_v1,pressao_v1
MARACAJU,tuberculose,2026,27,0.0391,0.25,False,baixa,2.52,1,tests_ma4=1 (imp=0.466); tests_ma8=1 (imp=0.272); indice_pressao_proxy=2.52 (imp=0.024); tests_pct_estadual=0.274 (imp=0.11); tests=1 (imp=0.0222),Predito,sklearn_gb_pressao_familia_v1,pressao_v1
CARAUARI,tuberculose,2025,41,0.0391,0.25,False,baixa,3.17,2,tests=2 (imp=0.0222); tests_lag1=nan (imp=0.0179); tests_ma4=nan (imp=0.466); tests_ma8=nan (imp=0.272); tests_trend=nan (imp=0.0303),Predito,sklearn_gb_pressao_familia_v1,pressao_v1
BOM JARDIM,tuberculose,2026,21,0.0391,0.25,False,baixa,2.35,1,tests_ma4=1 (imp=0.466); tests_ma8=1 (imp=0.272); indice_pressao_proxy=2.35 (imp=0.024); tests_pct_estadual=0.244 (imp=0.11); tests=1 (imp=0.0222),Predito,sklearn_gb_pressao_familia_v1,pressao_v1
CASTANHAL,tuberculose,2026,27,0.0391,0.25,False,baixa,2.52,1,tests_ma4=1 (imp=0.466); tests_ma8=1 (imp=0.272); indice_pressao_proxy=2.52 (imp=0.024); tests_pct_estadual=0.274 (imp=0.11); tests=1 (imp=0.0222),Predito,sklearn_gb_pressao_familia_v1,pressao_v1
SANTA RITA DO ARAGUAIA,tuberculose,2025,11,0.0391,0.25,False,baixa,4.44,2,tests=2 (imp=0.0222); tests_lag1=nan (imp=0.0179); tests_ma4=nan (imp=0.466); tests_ma8=nan (imp=0.272); tests_trend=nan (imp=0.0303),Predito,sklearn_gb_pressao_familia_v1,pressao_v1
BUJARI,tuberculose,2026,28,0.0391,0.25,False,baixa,2.45,1,tests_ma4=1 (imp=0.466); tests_ma8=1 (imp=0.272); indice_pressao_proxy=2.45 (imp=0.024); tests_pct_estadual=0.259 (imp=0.11); tests=1 (imp=0.0222),Predito,sklearn_gb_pressao_familia_v1,pressao_v1
SAO MIGUEL DO ARAGUAIA,tuberculose,2026,22,0.0391,0.25,False,baixa,2.31,1,tests_ma4=1 (imp=0.466); tests_ma8=1 (imp=0.272); indice_pressao_proxy=2.31 (imp=0.024); tests_pct_estadual=0.27 (imp=0.11); tests=1 (imp=0.0222),Predito,sklearn_gb_pressao_familia_v1,pressao_v1
SANTO ANTONIO DOS LOPES,tuberculose,2025,14,0.0391,0.25,False,baixa,2.12,1,tests_ma4=1 (imp=0.466); tests_pct_estadual=0.261 (imp=0.11); tests=1 (imp=0.0222); tests_lag1=1 (imp=0.0179); tests_ma8=nan (imp=0.272),Predito,sklearn_gb_pressao_familia_v1,pressao_v1
BREU BRANCO,tuberculose,2025,41,0.0391,0.25,False,baixa,3.17,2,tests=2 (imp=0.0222); tests_lag1=nan (imp=0.0179); tests_ma4=nan (imp=0.466); tests_ma8=nan (imp=0.272); tests_trend=nan (imp=0.0303),Predito,sklearn_gb_pressao_familia_v1,pressao_v1
SAO LEOPOLDO,tuberculose,2026,27,0.0391,0.25,False,baixa,2.52,1,tests_ma4=1 (imp=0.466); tests_ma8=1 (imp=0.272); indice_pressao_proxy=2.52 (imp=0.024); tests_pct_estadual=0.274 (imp=0.11); tests=1 (imp=0.0222),Predito,sklearn_gb_pressao_familia_v1,pressao_v1
CORUMBA,tuberculose,2026,36,0.0391,0.25,False,baixa,2.18,2,tests_ma4=1.25 (imp=0.466); tests_ma8=1.14 (imp=0.272); tests_pct_estadual=0.49 (imp=0.11); indice_pressao_proxy=2.18 (imp=0.024); tests=2 (imp=0.0222),Predito,sklearn_gb_pressao_familia_v1,pressao_v1
RIO REAL,tuberculose,2025,46,0.0391,0.25,False,baixa,3.33,1,tests_ma4=1 (imp=0.466); tests_pct_estadual=0.241 (imp=0.11); tests=1 (imp=0.0222); tests_lag1=1 (imp=0.0179); tests_ma8=nan (imp=0.272),Predito,sklearn_gb_pressao_familia_v1,pressao_v1
COROATA,tuberculose,2026,22,0.0391,0.25,False,baixa,2.31,1,tests_ma4=1 (imp=0.466); tests_pct_estadual=0.27 (imp=0.11); tests=1 (imp=0.0222); tests_lag1=1 (imp=0.0179); tests_ma8=nan (imp=0.272),Predito,sklearn_gb_pressao_familia_v1,pressao_v1
RIO BONITO DO IGUACU,tuberculose,2026,27,0.0391,0.25,False,baixa,2.52,1,tests_ma4=1 (imp=0.466); tests_pct_estadual=0.274 (imp=0.11); tests=1 (imp=0.0222); tests_lag1=1 (imp=0.0179); tests_ma8=nan (imp=0.272),Predito,sklearn_gb_pressao_familia_v1,pressao_v1
CURIMATA,tuberculose,2025,14,0.0391,0.25,False,baixa,2.12,1,tests_ma4=1 (imp=0.466); tests_ma8=1 (imp=0.272); indice_pressao_proxy=2.12 (imp=0.024); tests_pct_estadual=0.261 (imp=0.11); tests=1 (imp=0.0222),Predito,sklearn_gb_pressao_familia_v1,pressao_v1
CURRAIS NOVOS,tuberculose,2024,51,0.0391,0.25,False,baixa,2.47,1,tests=1 (imp=0.0222); tests_lag1=nan (imp=0.0179); tests_ma4=nan (imp=0.466); tests_ma8=nan (imp=0.272); tests_trend=nan (imp=0.0303),Predito,sklearn_gb_pressao_familia_v1,pressao_v1
RIO CRESPO,tuberculose,2025,22,0.0391,0.25,False,baixa,2.32,2,tests=2 (imp=0.0222); tests_lag1=nan (imp=0.0179); tests_ma4=nan (imp=0.466); tests_ma8=nan (imp=0.272); tests_trend=nan (imp=0.0303),Predito,sklearn_gb_pressao_familia_v1,pressao_v1
SAO SEBASTIAO DO PARAISO,tuberculose,2025,14,0.0391,0.25,False,baixa,2.12,1,tests_ma4=1 (imp=0.466); tests_pct_estadual=0.261 (imp=0.11); tests=1 (imp=0.0222); tests_lag1=1 (imp=0.0179); tests_ma8=nan (imp=0.272),Predito,sklearn_gb_pressao_familia_v1,pressao_v1
SAO SIMAO,tuberculose,2025,14,0.0391,0.25,False,baixa,2.12,1,tests_ma4=1 (imp=0.466); tests_pct_estadual=0.261 (imp=0.11); tests=1 (imp=0.0222); tests_lag1=1 (imp=0.0179); tests_ma8=nan (imp=0.272),Predito,sklearn_gb_pressao_familia_v1,pressao_v1
NOVA LONDRINA,tuberculose,2024,51,0.0391,0.25,False,baixa,2.47,1,tests=1 (imp=0.0222); tests_lag1=nan (imp=0.0179); tests_ma4=nan (imp=0.466); tests_ma8=nan (imp=0.272); tests_trend=nan (imp=0.0303),Predito,sklearn_gb_pressao_familia_v1,pressao_v1
MANCIO LIMA,tuberculose,2025,30,0.0391,0.25,False,baixa,2.43,2,tests=2 (imp=0.0222); tests_lag1=nan (imp=0.0179); tests_ma4=nan (imp=0.466); tests_ma8=nan (imp=0.272); tests_trend=nan (imp=0.0303),Predito,sklearn_gb_pressao_familia_v1,pressao_v1
MATINHA,tuberculose,2026,22,0.0391,0.25,False,baixa,2.31,1,tests_ma4=1 (imp=0.466); tests_ma8=1 (imp=0.272); indice_pressao_proxy=2.31 (imp=0.024); tests_pct_estadual=0.27 (imp=0.11); tests=1 (imp=0.0222),Predito,sklearn_gb_pressao_familia_v1,pressao_v1
ROMARIA,tuberculose,2026,27,0.0391,0.25,False,baixa,2.52,1,tests=1 (imp=0.0222); tests_lag1=nan (imp=0.0179); tests_ma4=nan (imp=0.466); tests_ma8=nan (imp=0.272); tests_trend=nan (imp=0.0303),Predito,sklearn_gb_pressao_familia_v1,pressao_v1
RUBIATABA,tuberculose,2025,20,0.0391,0.25,False,baixa,2.76,2,tests=2 (imp=0.0222); tests_lag1=nan (imp=0.0179); tests_ma4=nan (imp=0.466); tests_ma8=nan (imp=0.272); tests_trend=nan (imp=0.0303),Predito,sklearn_gb_pressao_familia_v1,pressao_v1
ROSARIO DO CATETE,tuberculose,2026,21,0.0391,0.25,False,baixa,2.35,1,tests_ma4=1 (imp=0.466); tests_pct_estadual=0.244 (imp=0.11); tests=1 (imp=0.0222); tests_lag1=1 (imp=0.0179); tests_ma8=nan (imp=0.272),Predito,sklearn_gb_pressao_familia_v1,pressao_v1
SENADOR ALEXANDRE COSTA,tuberculose,2025,46,0.0391,0.25,False,baixa,3.33,1,tests=1 (imp=0.0222); tests_lag1=nan (imp=0.0179); tests_ma4=nan (imp=0.466); tests_ma8=nan (imp=0.272); tests_trend=nan (imp=0.0303),Predito,sklearn_gb_pressao_familia_v1,pressao_v1
VACARIA,tuberculose,2025,48,0.0391,0.25,False,baixa,2.67,2,tests=2 (imp=0.0222); tests_lag1=nan (imp=0.0179); tests_ma4=nan (imp=0.466); tests_ma8=nan (imp=0.272); tests_trend=nan (imp=0.0303),Predito,sklearn_gb_pressao_familia_v1,pressao_v1
UTINGA,tuberculose,2025,8,0.0391,0.25,False,baixa,5.03,2,tests=2 (imp=0.0222); tests_lag1=nan (imp=0.0179); tests_ma4=nan (imp=0.466); tests_ma8=nan (imp=0.272); tests_trend=nan (imp=0.0303),Predito,sklearn_gb_pressao_familia_v1,pressao_v1
SENADOR CANEDO,tuberculose,2026,35,0.0391,0.25,False,baixa,4.17,2,tests_ma4=1.25 (imp=0.466); tests_ma8=1.12 (imp=0.272); indice_pressao_proxy=4.17 (imp=0.024); tests_pct_estadual=0.469 (imp=0.11); tests=2 (imp=0.0222),Predito,sklearn_gb_pressao_familia_v1,pressao_v1
DOIS RIACHOS,tuberculose,2025,45,0.0391,0.25,False,baixa,3.48,2,tests=2 (imp=0.0222); tests_lag1=nan (imp=0.0179); tests_ma4=nan (imp=0.466); tests_ma8=nan (imp=0.272); tests_trend=nan (imp=0.0303),Predito,sklearn_gb_pressao_familia_v1,pressao_v1
REGISTRO,tuberculose,2025,11,0.0391,0.25,False,baixa,2.22,1,tests_ma4=1 (imp=0.466); tests_pct_estadual=0.276 (imp=0.11); tests=1 (imp=0.0222); tests_lag1=1 (imp=0.0179); tests_ma8=nan (imp=0.272),Predito,sklearn_gb_pressao_familia_v1,pressao_v1
SENADOR RUI PALMEIRA,tuberculose,2024,48,0.0391,0.25,False,baixa,3.23,2,tests=2 (imp=0.0222); tests_lag1=nan (imp=0.0179); tests_ma4=nan (imp=0.466); tests_ma8=nan (imp=0.272); tests_trend=nan (imp=0.0303),Predito,sklearn_gb_pressao_familia_v1,pressao_v1
SENADOR FIRMINO,tuberculose,2025,20,0.0391,0.25,False,baixa,2.76,2,tests=2 (imp=0.0222); tests_lag1=nan (imp=0.0179); tests_ma4=nan (imp=0.466); tests_ma8=nan (imp=0.272); tests_trend=nan (imp=0.0303),Predito,sklearn_gb_pressao_familia_v1,pressao_v1
LARANJAL DO JARI,tuberculose,2025,45,0.0391,0.25,False,baixa,3.48,2,tests_ma4=1.5 (imp=0.466); tests_pct_estadual=0.519 (imp=0.11); tests=2 (imp=0.0222); tests_lag1=1 (imp=0.0179); tests_ma8=nan (imp=0.272),Predito,sklearn_gb_pressao_familia_v1,pressao_v1
MARABA,tuberculose,2026,27,0.0391,0.25,False,baixa,2.52,1,tests_ma4=1.25 (imp=0.466); tests_ma8=1.12 (imp=0.272); indice_pressao_proxy=2.52 (imp=0.024); tests_lag1=2 (imp=0.0179); tests_pct_estadual=0.274 (imp=0.11),Predito,sklearn_gb_pressao_familia_v1,pressao_v1
LUZ,tuberculose,2026,6,0.0391,0.25,False,baixa,4.51,2,tests=2 (imp=0.0222); tests_lag1=nan (imp=0.0179); tests_ma4=nan (imp=0.466); tests_ma8=nan (imp=0.272); tests_trend=nan (imp=0.0303),Predito,sklearn_gb_pressao_familia_v1,pressao_v1
QUITERIANOPOLIS,tuberculose,2026,27,0.0391,0.25,False,baixa,2.52,1,tests_ma4=1 (imp=0.466); tests_pct_estadual=0.274 (imp=0.11); tests=1 (imp=0.0222); tests_lag1=1 (imp=0.0179); tests_ma8=nan (imp=0.272),Predito,sklearn_gb_pressao_familia_v1,pressao_v1
DIONISIO CERQUEIRA,tuberculose,2025,46,0.0391,0.25,False,baixa,3.33,1,tests=1 (imp=0.0222); tests_lag1=nan (imp=0.0179); tests_ma4=nan (imp=0.466); tests_ma8=nan (imp=0.272); tests_trend=nan (imp=0.0303),Predito,sklearn_gb_pressao_familia_v1,pressao_v1
PRIMAVERA DE RONDONIA,tuberculose,2026,27,0.0391,0.25,False,baixa,2.52,1,tests_ma4=1 (imp=0.466); tests_ma8=1 (imp=0.272); indice_pressao_proxy=2.52 (imp=0.024); tests_pct_estadual=0.274 (imp=0.11); tests=1 (imp=0.0222),Predito,sklearn_gb_pressao_familia_v1,pressao_v1
DOVERLANDIA,tuberculose,2025,11,0.0391,0.25,False,baixa,2.22,1,tests=1 (imp=0.0222); tests_lag1=nan (imp=0.0179); tests_ma4=nan (imp=0.466); tests_ma8=nan (imp=0.272); tests_trend=nan (imp=0.0303),Predito,sklearn_gb_pressao_familia_v1,pressao_v1
BENTO GONCALVES,tuberculose,2026,21,0.0391,0.25,False,baixa,2.35,1,tests=1 (imp=0.0222); tests_lag1=nan (imp=0.0179); tests_ma4=nan (imp=0.466); tests_ma8=nan (imp=0.272); tests_trend=nan (imp=0.0303),Predito,sklearn_gb_pressao_familia_v1,pressao_v1
BETIM,tuberculose,2026,27,0.0391,0.25,False,baixa,2.52,1,tests_ma4=1 (imp=0.466); tests_pct_estadual=0.274 (imp=0.11); tests=1 (imp=0.0222); tests_lag1=1 (imp=0.0179); tests_ma8=nan (imp=0.272),Predito,sklearn_gb_pressao_familia_v1,pressao_v1
DOM ELISEU,tuberculose,2025,46,0.0391,0.25,False,baixa,3.33,1,tests_ma4=1 (imp=0.466); tests_pct_estadual=0.241 (imp=0.11); tests=1 (imp=0.0222); tests_lag1=1 (imp=0.0179); tests_ma8=nan (imp=0.272),Predito,sklearn_gb_pressao_familia_v1,pressao_v1
SERRA NOVA DOURADA,tuberculose,2026,22,0.0391,0.25,False,baixa,2.31,1,tests_ma4=1 (imp=0.466); tests_ma8=1 (imp=0.272); indice_pressao_proxy=2.31 (imp=0.024); tests_pct_estadual=0.27 (imp=0.11); tests=1 (imp=0.0222),Predito,sklearn_gb_pressao_familia_v1,pressao_v1
BIGUACU,tuberculose,2026,28,0.0391,0.25,False,baixa,2.45,1,tests_ma4=1 (imp=0.466); tests_pct_estadual=0.259 (imp=0.11); tests=1 (imp=0.0222); tests_lag1=1 (imp=0.0179); tests_ma8=nan (imp=0.272),Predito,sklearn_gb_pressao_familia_v1,pressao_v1
PORTO REAL DO COLEGIO,tuberculose,2025,11,0.0391,0.25,False,baixa,2.22,1,tests=1 (imp=0.0222); tests_lag1=nan (imp=0.0179); tests_ma4=nan (imp=0.466); tests_ma8=nan (imp=0.272); tests_trend=nan (imp=0.0303),Predito,sklearn_gb_pressao_familia_v1,pressao_v1
ESTRELA D''OESTE,tuberculose,2026,21,0.0391,0.25,False,baixa,2.35,1,tests=1 (imp=0.0222); tests_lag1=nan (imp=0.0179); tests_ma4=nan (imp=0.466); tests_ma8=nan (imp=0.272); tests_trend=nan (imp=0.0303),Predito,sklearn_gb_pressao_familia_v1,pressao_v1
BELA VISTA DE GOIAS,tuberculose,2025,30,0.0391,0.25,False,baixa,2.43,2,tests=2 (imp=0.0222); tests_lag1=nan (imp=0.0179); tests_ma4=nan (imp=0.466); tests_ma8=nan (imp=0.272); tests_trend=nan (imp=0.0303),Predito,sklearn_gb_pressao_familia_v1,pressao_v1
CONCEICAO DO ARAGUAIA,tuberculose,2026,21,0.0391,0.25,False,baixa,2.35,1,tests_ma4=1 (imp=0.466); tests_ma8=1 (imp=0.272); indice_pressao_proxy=2.35 (imp=0.024); tests_pct_estadual=0.244 (imp=0.11); tests=1 (imp=0.0222),Predito,sklearn_gb_pressao_familia_v1,pressao_v1
RIACHAO DO DANTAS,tuberculose,2025,46,0.0391,0.25,False,baixa,3.33,1,tests=1 (imp=0.0222); tests_lag1=nan (imp=0.0179); tests_ma4=nan (imp=0.466); tests_ma8=nan (imp=0.272); tests_trend=nan (imp=0.0303),Predito,sklearn_gb_pressao_familia_v1,pressao_v1
RIBAS DO RIO PARDO,tuberculose,2026,22,0.0391,0.25,False,baixa,2.31,1,tests=1 (imp=0.0222); tests_lag1=nan (imp=0.0179); tests_ma4=nan (imp=0.466); tests_ma8=nan (imp=0.272); tests_trend=nan (imp=0.0303),Predito,sklearn_gb_pressao_familia_v1,pressao_v1
ANGELICA,tuberculose,2025,14,0.0391,0.25,False,baixa,2.12,1,tests_ma4=1 (imp=0.466); tests_pct_estadual=0.261 (imp=0.11); tests=1 (imp=0.0222); tests_lag1=1 (imp=0.0179); tests_ma8=nan (imp=0.272),Predito,sklearn_gb_pressao_familia_v1,pressao_v1
RIBEIRA DO POMBAL,tuberculose,2026,27,0.0391,0.25,False,baixa,2.52,1,tests=1 (imp=0.0222); tests_lag1=nan (imp=0.0179); tests_ma4=nan (imp=0.466); tests_ma8=nan (imp=0.272); tests_trend=nan (imp=0.0303),Predito,sklearn_gb_pressao_familia_v1,pressao_v1
URUACU,tuberculose,2026,27,0.0391,0.25,False,baixa,2.52,1,tests_ma4=1 (imp=0.466); tests_ma8=1 (imp=0.272); indice_pressao_proxy=2.52 (imp=0.024); tests_pct_estadual=0.274 (imp=0.11); tests=1 (imp=0.0222),Predito,sklearn_gb_pressao_familia_v1,pressao_v1
MARIBONDO,tuberculose,2026,35,0.0391,0.25,False,baixa,4.17,2,tests=2 (imp=0.0222); tests_lag1=nan (imp=0.0179); tests_ma4=nan (imp=0.466); tests_ma8=nan (imp=0.272); tests_trend=nan (imp=0.0303),Predito,sklearn_gb_pressao_familia_v1,pressao_v1
BOMBINHAS,tuberculose,2026,21,0.0391,0.25,False,baixa,2.35,1,tests_ma4=1 (imp=0.466); tests_pct_estadual=0.244 (imp=0.11); tests=1 (imp=0.0222); tests_lag1=1 (imp=0.0179); tests_ma8=nan (imp=0.272),Predito,sklearn_gb_pressao_familia_v1,pressao_v1
CHUPINGUAIA,tuberculose,2024,51,0.0391,0.25,False,baixa,2.47,1,tests_ma4=1 (imp=0.466); tests_pct_estadual=0.271 (imp=0.11); tests=1 (imp=0.0222); tests_lag1=1 (imp=0.0179); tests_ma8=nan (imp=0.272),Predito,sklearn_gb_pressao_familia_v1,pressao_v1
FLORINIA,tuberculose,2025,13,0.0391,0.25,False,baixa,5.13,2,tests=2 (imp=0.0222); tests_lag1=nan (imp=0.0179); tests_ma4=nan (imp=0.466); tests_ma8=nan (imp=0.272); tests_trend=nan (imp=0.0303),Predito,sklearn_gb_pressao_familia_v1,pressao_v1
NOVA ODESSA,tuberculose,2024,51,0.0391,0.25,False,baixa,2.47,1,tests_ma4=1 (imp=0.466); tests_pct_estadual=0.271 (imp=0.11); tests=1 (imp=0.0222); tests_lag1=1 (imp=0.0179); tests_ma8=nan (imp=0.272),Predito,sklearn_gb_pressao_familia_v1,pressao_v1
LUIS EDUARDO MAGALHAES,tuberculose,2026,7,0.0391,0.25,False,baixa,3.07,2,tests=2 (imp=0.0222); tests_lag1=nan (imp=0.0179); tests_ma4=nan (imp=0.466); tests_ma8=nan (imp=0.272); tests_trend=nan (imp=0.0303),Predito,sklearn_gb_pressao_familia_v1,pressao_v1
LUIS DOMINGUES,tuberculose,2025,46,0.0391,0.25,False,baixa,3.33,1,tests=1 (imp=0.0222); tests_lag1=nan (imp=0.0179); tests_ma4=nan (imp=0.466); tests_ma8=nan (imp=0.272); tests_trend=nan (imp=0.0303),Predito,sklearn_gb_pressao_familia_v1,pressao_v1
NOVA REDENCAO,tuberculose,2025,11,0.0391,0.25,False,baixa,4.44,2,tests=2 (imp=0.0222); tests_lag1=nan (imp=0.0179); tests_ma4=nan (imp=0.466); tests_ma8=nan (imp=0.272); tests_trend=nan (imp=0.0303),Predito,sklearn_gb_pressao_familia_v1,pressao_v1
NOVA VICOSA,tuberculose,2025,48,0.0391,0.25,False,baixa,2.67,2,tests=2 (imp=0.0222); tests_lag1=nan (imp=0.0179); tests_ma4=nan (imp=0.466); tests_ma8=nan (imp=0.272); tests_trend=nan (imp=0.0303),Predito,sklearn_gb_pressao_familia_v1,pressao_v1
FRANCISCO MORATO,tuberculose,2025,14,0.0391,0.25,False,baixa,2.12,1,tests_ma4=1 (imp=0.466); tests_pct_estadual=0.261 (imp=0.11); tests=1 (imp=0.0222); tests_lag1=1 (imp=0.0179); tests_ma8=nan (imp=0.272),Predito,sklearn_gb_pressao_familia_v1,pressao_v1
BARREIRINHAS,tuberculose,2025,46,0.0391,0.25,False,baixa,3.33,1,tests=1 (imp=0.0222); tests_lag1=nan (imp=0.0179); tests_ma4=nan (imp=0.466); tests_ma8=nan (imp=0.272); tests_trend=nan (imp=0.0303),Predito,sklearn_gb_pressao_familia_v1,pressao_v1
SILVANIA,tuberculose,2025,11,0.0391,0.25,False,baixa,2.22,1,tests=1 (imp=0.0222); tests_lag1=nan (imp=0.0179); tests_ma4=nan (imp=0.466); tests_ma8=nan (imp=0.272); tests_trend=nan (imp=0.0303),Predito,sklearn_gb_pressao_familia_v1,pressao_v1
GUARAREMA,tuberculose,2026,28,0.0391,0.25,False,baixa,2.45,1,tests_ma4=1.5 (imp=0.466); tests_lag1=2 (imp=0.0179); tests_pct_estadual=0.259 (imp=0.11); tests=1 (imp=0.0222); tests_ma8=nan (imp=0.272),Predito,sklearn_gb_pressao_familia_v1,pressao_v1
APORE,tuberculose,2026,28,0.0391,0.25,False,baixa,2.45,1,tests=1 (imp=0.0222); tests_lag1=nan (imp=0.0179); tests_ma4=nan (imp=0.466); tests_ma8=nan (imp=0.272); tests_trend=nan (imp=0.0303),Predito,sklearn_gb_pressao_familia_v1,pressao_v1
APARECIDA DO TABOADO,tuberculose,2025,11,0.0391,0.25,False,baixa,2.22,1,tests=1 (imp=0.0222); tests_lag1=nan (imp=0.0179); tests_ma4=nan (imp=0.466); tests_ma8=nan (imp=0.272); tests_trend=nan (imp=0.0303),Predito,sklearn_gb_pressao_familia_v1,pressao_v1
FRANCISCO MACEDO,tuberculose,2026,27,0.0391,0.25,False,baixa,2.52,1,tests_ma4=1 (imp=0.466); tests_pct_estadual=0.274 (imp=0.11); tests=1 (imp=0.0222); tests_lag1=1 (imp=0.0179); tests_ma8=nan (imp=0.272),Predito,sklearn_gb_pressao_familia_v1,pressao_v1
BARRA DO CHOCA,tuberculose,2025,22,0.0391,0.25,False,baixa,2.32,2,tests=2 (imp=0.0222); tests_lag1=nan (imp=0.0179); tests_ma4=nan (imp=0.466); tests_ma8=nan (imp=0.272); tests_trend=nan (imp=0.0303),Predito,sklearn_gb_pressao_familia_v1,pressao_v1
GOIANAPOLIS,tuberculose,2025,14,0.0391,0.25,False,baixa,2.12,1,tests_ma4=1 (imp=0.466); tests_pct_estadual=0.261 (imp=0.11); tests=1 (imp=0.0222); tests_lag1=1 (imp=0.0179); tests_ma8=nan (imp=0.272),Predito,sklearn_gb_pressao_familia_v1,pressao_v1
FELIZ,tuberculose,2024,51,0.0391,0.25,False,baixa,2.47,1,tests_ma4=1 (imp=0.466); tests_pct_estadual=0.271 (imp=0.11); tests=1 (imp=0.0222); tests_lag1=1 (imp=0.0179); tests_ma8=nan (imp=0.272),Predito,sklearn_gb_pressao_familia_v1,pressao_v1
AURORA DO PARA,tuberculose,2025,20,0.0391,0.25,False,baixa,2.76,2,tests=2 (imp=0.0222); tests_lag1=nan (imp=0.0179); tests_ma4=nan (imp=0.466); tests_ma8=nan (imp=0.272); tests_trend=nan (imp=0.0303),Predito,sklearn_gb_pressao_familia_v1,pressao_v1
GUARA,tuberculose,2025,11,0.0391,0.25,False,baixa,2.22,1,tests=1 (imp=0.0222); tests_lag1=nan (imp=0.0179); tests_ma4=nan (imp=0.466); tests_ma8=nan (imp=0.272); tests_trend=nan (imp=0.0303),Predito,sklearn_gb_pressao_familia_v1,pressao_v1
TANGARA,tuberculose,2026,27,0.0391,0.25,False,baixa,2.52,1,tests=1 (imp=0.0222); tests_lag1=nan (imp=0.0179); tests_ma4=nan (imp=0.466); tests_ma8=nan (imp=0.272); tests_trend=nan (imp=0.0303),Predito,sklearn_gb_pressao_familia_v1,pressao_v1
BACABAL,tuberculose,2025,14,0.0391,0.25,False,baixa,2.12,1,tests_ma4=1 (imp=0.466); tests_pct_estadual=0.261 (imp=0.11); tests=1 (imp=0.0222); tests_lag1=1 (imp=0.0179); tests_ma8=nan (imp=0.272),Predito,sklearn_gb_pressao_familia_v1,pressao_v1
IBITINGA,tuberculose,2026,27,0.0391,0.25,False,baixa,2.52,1,tests=1 (imp=0.0222); tests_lag1=nan (imp=0.0179); tests_ma4=nan (imp=0.466); tests_ma8=nan (imp=0.272); tests_trend=nan (imp=0.0303),Predito,sklearn_gb_pressao_familia_v1,pressao_v1
IGARAPE DO MEIO,tuberculose,2025,11,0.0391,0.25,False,baixa,2.22,1,tests=1 (imp=0.0222); tests_lag1=nan (imp=0.0179); tests_ma4=nan (imp=0.466); tests_ma8=nan (imp=0.272); tests_trend=nan (imp=0.0303),Predito,sklearn_gb_pressao_familia_v1,pressao_v1
IACANGA,tuberculose,2025,11,0.0391,0.25,False,baixa,2.22,1,tests_ma4=1 (imp=0.466); tests_pct_estadual=0.276 (imp=0.11); tests=1 (imp=0.0222); tests_lag1=1 (imp=0.0179); tests_ma8=nan (imp=0.272),Predito,sklearn_gb_pressao_familia_v1,pressao_v1
IBIRACI,tuberculose,2024,51,0.0391,0.25,False,baixa,2.47,1,tests=1 (imp=0.0222); tests_lag1=nan (imp=0.0179); tests_ma4=nan (imp=0.466); tests_ma8=nan (imp=0.272); tests_trend=nan (imp=0.0303),Predito,sklearn_gb_pressao_familia_v1,pressao_v1
PAULO RAMOS,tuberculose,2024,51,0.0391,0.25,False,baixa,2.47,1,tests=1 (imp=0.0222); tests_lag1=nan (imp=0.0179); tests_ma4=nan (imp=0.466); tests_ma8=nan (imp=0.272); tests_trend=nan (imp=0.0303),Predito,sklearn_gb_pressao_familia_v1,pressao_v1
JOAQUIM GOMES,tuberculose,2026,27,0.0391,0.25,False,baixa,2.52,1,tests_ma4=1 (imp=0.466); tests_pct_estadual=0.274 (imp=0.11); tests=1 (imp=0.0222); tests_lag1=1 (imp=0.0179); tests_ma8=nan (imp=0.272),Predito,sklearn_gb_pressao_familia_v1,pressao_v1
NOVO HORIZONTE DO NORTE,tuberculose,2025,22,0.0391,0.25,False,baixa,2.32,2,tests=2 (imp=0.0222); tests_lag1=nan (imp=0.0179); tests_ma4=nan (imp=0.466); tests_ma8=nan (imp=0.272); tests_trend=nan (imp=0.0303),Predito,sklearn_gb_pressao_familia_v1,pressao_v1
LIMEIRA,tuberculose,2025,4,0.0391,0.25,False,baixa,2.02,2,tests=2 (imp=0.0222); tests_lag1=nan (imp=0.0179); tests_ma4=nan (imp=0.466); tests_ma8=nan (imp=0.272); tests_trend=nan (imp=0.0303),Predito,sklearn_gb_pressao_familia_v1,pressao_v1
PINHEIRO,tuberculose,2025,8,0.0391,0.25,False,baixa,5.03,2,tests=2 (imp=0.0222); tests_lag1=nan (imp=0.0179); tests_ma4=nan (imp=0.466); tests_ma8=nan (imp=0.272); tests_trend=nan (imp=0.0303),Predito,sklearn_gb_pressao_familia_v1,pressao_v1
GUANAMBI,tuberculose,2026,28,0.0391,0.25,False,baixa,2.45,1,tests=1 (imp=0.0222); tests_lag1=nan (imp=0.0179); tests_ma4=nan (imp=0.466); tests_ma8=nan (imp=0.272); tests_trend=nan (imp=0.0303),Predito,sklearn_gb_pressao_familia_v1,pressao_v1
TABAPUA,tuberculose,2026,28,0.0391,0.25,False,baixa,2.45,1,tests=1 (imp=0.0222); tests_lag1=nan (imp=0.0179); tests_ma4=nan (imp=0.466); tests_ma8=nan (imp=0.272); tests_trend=nan (imp=0.0303),Predito,sklearn_gb_pressao_familia_v1,pressao_v1
GLORIA DE DOURADOS,tuberculose,2025,11,0.0391,0.25,False,baixa,2.22,1,tests=1 (imp=0.0222); tests_lag1=nan (imp=0.0179); tests_ma4=nan (imp=0.466); tests_ma8=nan (imp=0.272); tests_trend=nan (imp=0.0303),Predito,sklearn_gb_pressao_familia_v1,pressao_v1
PAULO AFONSO,tuberculose,2025,20,0.0391,0.25,False,baixa,2.76,2,tests=2 (imp=0.0222); tests_lag1=nan (imp=0.0179); tests_ma4=nan (imp=0.466); tests_ma8=nan (imp=0.272); tests_trend=nan (imp=0.0303),Predito,sklearn_gb_pressao_familia_v1,pressao_v1
PAULICEIA,tuberculose,2026,27,0.0391,0.25,False,baixa,2.52,1,tests_ma4=1 (imp=0.466); tests_pct_estadual=0.274 (imp=0.11); tests=1 (imp=0.0222); tests_lag1=1 (imp=0.0179); tests_ma8=nan (imp=0.272),Predito,sklearn_gb_pressao_familia_v1,pressao_v1
TERESINA,tuberculose,2026,28,0.0391,0.25,False,baixa,2.45,1,tests_ma4=1.25 (imp=0.466); tests_ma8=1.12 (imp=0.272); indice_pressao_proxy=2.45 (imp=0.024); tests_lag1=2 (imp=0.0179); tests_pct_estadual=0.259 (imp=0.11),Predito,sklearn_gb_pressao_familia_v1,pressao_v1
TEFE,tuberculose,2026,28,0.0391,0.25,False,baixa,2.45,1,tests=1 (imp=0.0222); tests_lag1=nan (imp=0.0179); tests_ma4=nan (imp=0.466); tests_ma8=nan (imp=0.272); tests_trend=nan (imp=0.0303),Predito,sklearn_gb_pressao_familia_v1,pressao_v1
PEDRO GOMES,tuberculose,2026,27,0.0391,0.25,False,baixa,2.52,1,tests_ma4=1 (imp=0.466); tests_pct_estadual=0.274 (imp=0.11); tests=1 (imp=0.0222); tests_lag1=1 (imp=0.0179); tests_ma8=nan (imp=0.272),Predito,sklearn_gb_pressao_familia_v1,pressao_v1
PASSOS,tuberculose,2024,51,0.0391,0.25,False,baixa,4.94,2,tests=2 (imp=0.0222); tests_lag1=nan (imp=0.0179); tests_ma4=nan (imp=0.466); tests_ma8=nan (imp=0.272); tests_trend=nan (imp=0.0303),Predito,sklearn_gb_pressao_familia_v1,pressao_v1
PASSO FUNDO,tuberculose,2026,22,0.0391,0.25,False,baixa,2.31,1,tests=1 (imp=0.0222); tests_lag1=nan (imp=0.0179); tests_ma4=nan (imp=0.466); tests_ma8=nan (imp=0.272); tests_trend=nan (imp=0.0303),Predito,sklearn_gb_pressao_familia_v1,pressao_v1
PARNAMIRIM,tuberculose,2025,9,0.0391,0.25,False,baixa,2.36,2,tests=2 (imp=0.0222); tests_lag1=nan (imp=0.0179); tests_ma4=nan (imp=0.466); tests_ma8=nan (imp=0.272); tests_trend=nan (imp=0.0303),Predito,sklearn_gb_pressao_familia_v1,pressao_v1
ITACARE,tuberculose,2026,29,0.0391,0.25,False,baixa,1.98,2,tests=2 (imp=0.0222); tests_lag1=nan (imp=0.0179); tests_ma4=nan (imp=0.466); tests_ma8=nan (imp=0.272); tests_trend=nan (imp=0.0303),Predito,sklearn_gb_pressao_familia_v1,pressao_v1
ITABERAI,tuberculose,2026,27,0.0391,0.25,False,baixa,2.52,1,tests_ma4=1 (imp=0.466); tests_pct_estadual=0.274 (imp=0.11); tests=1 (imp=0.0222); tests_lag1=1 (imp=0.0179); tests_ma8=nan (imp=0.272),Predito,sklearn_gb_pressao_familia_v1,pressao_v1
ITAIPAVA DO GRAJAU,tuberculose,2025,20,0.0391,0.25,False,baixa,2.76,2,tests=2 (imp=0.0222); tests_lag1=nan (imp=0.0179); tests_ma4=nan (imp=0.466); tests_ma8=nan (imp=0.272); tests_trend=nan (imp=0.0303),Predito,sklearn_gb_pressao_familia_v1,pressao_v1
ITAGUARI,tuberculose,2026,22,0.0391,0.25,False,baixa,2.31,1,tests=1 (imp=0.0222); tests_lag1=nan (imp=0.0179); tests_ma4=nan (imp=0.466); tests_ma8=nan (imp=0.272); tests_trend=nan (imp=0.0303),Predito,sklearn_gb_pressao_familia_v1,pressao_v1
OLHO D''AGUA DAS CUNHAS,tuberculose,2025,14,0.0391,0.25,False,baixa,2.12,1,tests_ma4=1 (imp=0.466); tests_pct_estadual=0.261 (imp=0.11); tests=1 (imp=0.0222); tests_lag1=1 (imp=0.0179); tests_ma8=nan (imp=0.272),Predito,sklearn_gb_pressao_familia_v1,pressao_v1
UBARANA,tuberculose,2026,21,0.0391,0.25,False,baixa,2.35,1,tests=1 (imp=0.0222); tests_lag1=nan (imp=0.0179); tests_ma4=nan (imp=0.466); tests_ma8=nan (imp=0.272); tests_trend=nan (imp=0.0303),Predito,sklearn_gb_pressao_familia_v1,pressao_v1
JOSE BONIFACIO,tuberculose,2025,11,0.0391,0.25,False,baixa,2.22,1,tests=1 (imp=0.0222); tests_lag1=nan (imp=0.0179); tests_ma4=nan (imp=0.466); tests_ma8=nan (imp=0.272); tests_trend=nan (imp=0.0303),Predito,sklearn_gb_pressao_familia_v1,pressao_v1
TRAIRAO,tuberculose,2025,13,0.0391,0.25,False,baixa,5.13,2,tests=2 (imp=0.0222); tests_lag1=nan (imp=0.0179); tests_ma4=nan (imp=0.466); tests_ma8=nan (imp=0.272); tests_trend=nan (imp=0.0303),Predito,sklearn_gb_pressao_familia_v1,pressao_v1
TUBARAO,tuberculose,2025,36,0.0391,0.25,False,baixa,2.1,2,tests=2 (imp=0.0222); tests_lag1=nan (imp=0.0179); tests_ma4=nan (imp=0.466); tests_ma8=nan (imp=0.272); tests_trend=nan (imp=0.0303),Predito,sklearn_gb_pressao_familia_v1,pressao_v1
ARACATUBA,tuberculose,2025,14,0.0391,0.25,False,baixa,2.12,1,tests_ma4=1 (imp=0.466); tests_pct_estadual=0.261 (imp=0.11); tests=1 (imp=0.0222); tests_lag1=1 (imp=0.0179); tests_ma8=nan (imp=0.272),Predito,sklearn_gb_pressao_familia_v1,pressao_v1
ARACI,tuberculose,2026,3,0.0391,0.25,False,baixa,3.4,2,tests=2 (imp=0.0222); tests_lag1=nan (imp=0.0179); tests_ma4=nan (imp=0.466); tests_ma8=nan (imp=0.272); tests_trend=nan (imp=0.0303),Predito,sklearn_gb_pressao_familia_v1,pressao_v1
ITUIUTABA,tuberculose,2026,27,0.0391,0.25,False,baixa,2.52,1,tests_ma4=1 (imp=0.466); tests_ma8=1 (imp=0.272); indice_pressao_proxy=2.52 (imp=0.024); tests_pct_estadual=0.274 (imp=0.11); tests=1 (imp=0.0222),Predito,sklearn_gb_pressao_familia_v1,pressao_v1
PALMAS,tuberculose,2026,28,0.0391,0.25,False,baixa,2.45,1,tests_ma4=1 (imp=0.466); tests_ma8=1 (imp=0.272); indice_pressao_proxy=2.45 (imp=0.024); tests_pct_estadual=0.259 (imp=0.11); tests=1 (imp=0.0222),Predito,sklearn_gb_pressao_familia_v1,pressao_v1
JANIOPOLIS,tuberculose,2025,4,0.0391,0.25,False,baixa,2.02,2,tests=2 (imp=0.0222); tests_lag1=nan (imp=0.0179); tests_ma4=nan (imp=0.466); tests_ma8=nan (imp=0.272); tests_trend=nan (imp=0.0303),Predito,sklearn_gb_pressao_familia_v1,pressao_v1
JARAGUA DO SUL,tuberculose,2026,22,0.0391,0.25,False,baixa,2.31,1,tests=1 (imp=0.0222); tests_lag1=nan (imp=0.0179); tests_ma4=nan (imp=0.466); tests_ma8=nan (imp=0.272); tests_trend=nan (imp=0.0303),Predito,sklearn_gb_pressao_familia_v1,pressao_v1
OUROESTE,tuberculose,2025,11,0.0391,0.25,False,baixa,2.22,1,tests=1 (imp=0.0222); tests_lag1=nan (imp=0.0179); tests_ma4=nan (imp=0.466); tests_ma8=nan (imp=0.272); tests_trend=nan (imp=0.0303),Predito,sklearn_gb_pressao_familia_v1,pressao_v1
ARAGUAINHA,tuberculose,2026,27,0.0391,0.25,False,baixa,2.52,1,tests_ma4=1 (imp=0.466); tests_pct_estadual=0.274 (imp=0.11); tests=1 (imp=0.0222); tests_lag1=1 (imp=0.0179); tests_ma8=nan (imp=0.272),Predito,sklearn_gb_pressao_familia_v1,pressao_v1
TUCURUI,tuberculose,2025,46,0.0391,0.25,False,baixa,3.33,1,tests_ma4=1.25 (imp=0.466); tests_ma8=1.14 (imp=0.272); indice_pressao_proxy=3.33 (imp=0.024); tests_pct_estadual=0.241 (imp=0.11); tests=1 (imp=0.0222),Predito,sklearn_gb_pressao_familia_v1,pressao_v1
TURILANDIA,tuberculose,2026,28,0.0391,0.25,False,baixa,2.45,1,tests=1 (imp=0.0222); tests_lag1=nan (imp=0.0179); tests_ma4=nan (imp=0.466); tests_ma8=nan (imp=0.272); tests_trend=nan (imp=0.0303),Predito,sklearn_gb_pressao_familia_v1,pressao_v1
AIQUARA,tuberculose,2025,11,0.0391,0.25,False,baixa,2.22,1,tests=1 (imp=0.0222); tests_lag1=nan (imp=0.0179); tests_ma4=nan (imp=0.466); tests_ma8=nan (imp=0.272); tests_trend=nan (imp=0.0303),Predito,sklearn_gb_pressao_familia_v1,pressao_v1
VIAMAO,tuberculose,2026,28,0.0391,0.25,False,baixa,2.45,1,tests_ma4=1.5 (imp=0.466); tests_lag1=2 (imp=0.0179); tests_pct_estadual=0.259 (imp=0.11); tests=1 (imp=0.0222); tests_ma8=nan (imp=0.272),Predito,sklearn_gb_pressao_familia_v1,pressao_v1
VICOSA,tuberculose,2026,22,0.0391,0.25,False,baixa,2.31,1,tests=1 (imp=0.0222); tests_lag1=nan (imp=0.0179); tests_ma4=nan (imp=0.466); tests_ma8=nan (imp=0.272); tests_trend=nan (imp=0.0303),Predito,sklearn_gb_pressao_familia_v1,pressao_v1
VILA VELHA,tuberculose,2026,21,0.0391,0.25,False,baixa,2.35,1,tests=1 (imp=0.0222); tests_lag1=nan (imp=0.0179); tests_ma4=nan (imp=0.466); tests_ma8=nan (imp=0.272); tests_trend=nan (imp=0.0303),Predito,sklearn_gb_pressao_familia_v1,pressao_v1
ZE DOCA,tuberculose,2026,22,0.0391,0.25,False,baixa,2.31,1,tests=1 (imp=0.0222); tests_lag1=nan (imp=0.0179); tests_ma4=nan (imp=0.466); tests_ma8=nan (imp=0.272); tests_trend=nan (imp=0.0303),Predito,sklearn_gb_pressao_familia_v1,pressao_v1
NOVO SANTO ANTONIO,respiratorio,2024,47,0.0387,0.35,False,baixa,2.11,1,indice_pressao_proxy=2.11 (imp=0.0587); tests_ma4=1.5 (imp=0.0783); tests_lag1=2 (imp=0.0454); tests=1 (imp=0.0304); tests_ma8=nan (imp=0.212),Predito,sklearn_gb_pressao_familia_v1,pressao_v1
ITAPEMA,hepatite,2026,10,0.0386,0.35,False,baixa,2.61,1,tests=1 (imp=0.0458); tests_lag1=nan (imp=0.0495); tests_ma4=nan (imp=0.306); tests_ma8=nan (imp=0.486); tests_trend=nan (imp=0.0213),Predito,sklearn_gb_pressao_familia_v1,pressao_v1
CAPANEMA,hepatite,2026,13,0.0386,0.35,False,baixa,2.47,1,tests=1 (imp=0.0458); tests_lag1=nan (imp=0.0495); tests_ma4=nan (imp=0.306); tests_ma8=nan (imp=0.486); tests_trend=nan (imp=0.0213),Predito,sklearn_gb_pressao_familia_v1,pressao_v1
PLANALTO,hepatite,2026,29,0.0386,0.35,False,baixa,2.52,1,tests=1 (imp=0.0458); tests_lag1=nan (imp=0.0495); tests_ma4=nan (imp=0.306); tests_ma8=nan (imp=0.486); tests_trend=nan (imp=0.0213),Predito,sklearn_gb_pressao_familia_v1,pressao_v1
LAGES,hepatite,2025,42,0.0386,0.35,False,baixa,2.67,1,tests=1 (imp=0.0458); tests_lag1=nan (imp=0.0495); tests_ma4=nan (imp=0.306); tests_ma8=nan (imp=0.486); tests_trend=nan (imp=0.0213),Predito,sklearn_gb_pressao_familia_v1,pressao_v1
LEOPOLDO DE BULHOES,hepatite,2024,41,0.0386,0.35,False,baixa,2.58,1,tests=1 (imp=0.0458); tests_lag1=nan (imp=0.0495); tests_ma4=nan (imp=0.306); tests_ma8=nan (imp=0.486); tests_trend=nan (imp=0.0213),Predito,sklearn_gb_pressao_familia_v1,pressao_v1
REALEZA,hepatite,2026,13,0.0386,0.35,False,baixa,2.47,1,tests=1 (imp=0.0458); tests_lag1=nan (imp=0.0495); tests_ma4=nan (imp=0.306); tests_ma8=nan (imp=0.486); tests_trend=nan (imp=0.0213),Predito,sklearn_gb_pressao_familia_v1,pressao_v1
LONDRINA,hepatite,2026,10,0.0386,0.35,False,baixa,2.61,1,tests=1 (imp=0.0458); tests_lag1=nan (imp=0.0495); tests_ma4=nan (imp=0.306); tests_ma8=nan (imp=0.486); tests_trend=nan (imp=0.0213),Predito,sklearn_gb_pressao_familia_v1,pressao_v1
TUCURUI,hepatite,2026,10,0.0386,0.35,False,baixa,2.61,1,tests=1 (imp=0.0458); tests_lag1=nan (imp=0.0495); tests_ma4=nan (imp=0.306); tests_ma8=nan (imp=0.486); tests_trend=nan (imp=0.0213),Predito,sklearn_gb_pressao_familia_v1,pressao_v1
INDEPENDENCIA,respiratorio,2026,32,0.0383,0.35,False,baixa,2.85,1,tests=1 (imp=0.0304); tests_lag1=nan (imp=0.0454); tests_ma4=nan (imp=0.0783); tests_ma8=nan (imp=0.212); tests_trend=nan (imp=0.0585),Predito,sklearn_gb_pressao_familia_v1,pressao_v1
CONCEICAO DO JACUIPE,respiratorio,2025,35,0.0383,0.35,False,baixa,2.9,1,tests=1 (imp=0.0304); tests_lag1=nan (imp=0.0454); tests_ma4=nan (imp=0.0783); tests_ma8=nan (imp=0.212); tests_trend=nan (imp=0.0585),Predito,sklearn_gb_pressao_familia_v1,pressao_v1
PAULISTA,respiratorio,2026,9,0.0383,0.35,False,baixa,2.82,1,tests=1 (imp=0.0304); tests_lag1=nan (imp=0.0454); tests_ma4=nan (imp=0.0783); tests_ma8=nan (imp=0.212); tests_trend=nan (imp=0.0585),Predito,sklearn_gb_pressao_familia_v1,pressao_v1
TERRA NOVA DO NORTE,respiratorio,2025,27,0.0383,0.35,False,baixa,2.91,1,tests=1 (imp=0.0304); tests_lag1=nan (imp=0.0454); tests_ma4=nan (imp=0.0783); tests_ma8=nan (imp=0.212); tests_trend=nan (imp=0.0585),Predito,sklearn_gb_pressao_familia_v1,pressao_v1
PRESIDENTE VENCESLAU,respiratorio,2026,7,0.0383,0.35,False,baixa,3.28,1,tests=1 (imp=0.0304); tests_lag1=nan (imp=0.0454); tests_ma4=nan (imp=0.0783); tests_ma8=nan (imp=0.212); tests_trend=nan (imp=0.0585),Predito,sklearn_gb_pressao_familia_v1,pressao_v1
NOVA OLIMPIA,hepatite,2026,27,0.0378,0.35,False,baixa,2.69,1,tests_ma8=1 (imp=0.486); tests_ma4=1 (imp=0.306); indice_pressao_proxy=2.69 (imp=0.0338); tests_lag1=1 (imp=0.0495); tests=1 (imp=0.0458),Predito,sklearn_gb_pressao_familia_v1,pressao_v1
BOA VISTA,hepatite,2026,27,0.0378,0.35,False,baixa,2.69,1,tests_ma8=1.25 (imp=0.486); tests_ma4=1.25 (imp=0.306); tests_lag1=2 (imp=0.0495); indice_pressao_proxy=2.69 (imp=0.0338); tests=1 (imp=0.0458),Predito,sklearn_gb_pressao_familia_v1,pressao_v1
NOVA MARINGA,hepatite,2026,27,0.0378,0.35,False,baixa,2.69,1,tests_ma8=1 (imp=0.486); tests_ma4=1 (imp=0.306); indice_pressao_proxy=2.69 (imp=0.0338); tests_lag1=1 (imp=0.0495); tests=1 (imp=0.0458),Predito,sklearn_gb_pressao_familia_v1,pressao_v1
NOVA BRASILANDIA,hepatite,2026,9,0.0378,0.35,False,baixa,2.49,1,tests_ma8=1 (imp=0.486); tests_ma4=1 (imp=0.306); indice_pressao_proxy=2.49 (imp=0.0338); tests_lag1=1 (imp=0.0495); tests=1 (imp=0.0458),Predito,sklearn_gb_pressao_familia_v1,pressao_v1
ARAGUAIANA,hepatite,2026,9,0.0378,0.35,False,baixa,2.49,1,tests_ma8=1 (imp=0.486); tests_ma4=1 (imp=0.306); indice_pressao_proxy=2.49 (imp=0.0338); tests_lag1=1 (imp=0.0495); tests=1 (imp=0.0458),Predito,sklearn_gb_pressao_familia_v1,pressao_v1
CONCORDIA,hepatite,2026,5,0.0378,0.35,False,baixa,2.7,1,tests_ma8=1 (imp=0.486); tests_ma4=1 (imp=0.306); indice_pressao_proxy=2.7 (imp=0.0338); tests_lag1=1 (imp=0.0495); tests=1 (imp=0.0458),Predito,sklearn_gb_pressao_familia_v1,pressao_v1
MANAUS,hepatite,2026,27,0.0378,0.35,False,baixa,2.69,1,tests_ma8=1 (imp=0.486); tests_ma4=1 (imp=0.306); indice_pressao_proxy=2.69 (imp=0.0338); tests_lag1=1 (imp=0.0495); tests=1 (imp=0.0458),Predito,sklearn_gb_pressao_familia_v1,pressao_v1
SAO JOSE DOS QUATRO MARCOS,hepatite,2026,25,0.0378,0.35,False,baixa,2.64,1,tests_ma8=1.12 (imp=0.486); tests_ma4=1.25 (imp=0.306); indice_pressao_proxy=2.64 (imp=0.0338); tests_lag1=1 (imp=0.0495); tests=1 (imp=0.0458),Predito,sklearn_gb_pressao_familia_v1,pressao_v1
VILA BELA DA SANTISSIMA TRINDADE,hepatite,2026,27,0.0378,0.35,False,baixa,2.69,1,tests_ma8=1 (imp=0.486); tests_ma4=1 (imp=0.306); indice_pressao_proxy=2.69 (imp=0.0338); tests_lag1=1 (imp=0.0495); tests=1 (imp=0.0458),Predito,sklearn_gb_pressao_familia_v1,pressao_v1
PACARAIMA,hepatite,2026,16,0.0378,0.35,False,baixa,2.68,1,tests_ma4=1.5 (imp=0.306); tests_lag1=2 (imp=0.0495); indice_pressao_proxy=2.68 (imp=0.0338); tests=1 (imp=0.0458); tests_ma8=nan (imp=0.486),Predito,sklearn_gb_pressao_familia_v1,pressao_v1
PONTA PORA,arbovirose,2025,25,0.0377,0.44999999999999996,False,baixa,2.34,1,tests_ma4=1.5 (imp=0.379); tests_ma8=1.71 (imp=0.0883); tests_pct_estadual=0.233 (imp=0.414); tests_lag1=2 (imp=0.0273); indice_pressao_proxy=2.34 (imp=0.0141),Predito,sklearn_gb_pressao_familia_v1,pressao_v1
ANGELICA,respiratorio,2025,52,0.0374,0.35,False,baixa,5.41,1,tests=1 (imp=0.0304); tests_lag1=nan (imp=0.0454); tests_ma4=nan (imp=0.0783); tests_ma8=nan (imp=0.212); tests_trend=nan (imp=0.0585),Predito,sklearn_gb_pressao_familia_v1,pressao_v1
MARINGA,respiratorio,2025,48,0.0374,0.35,False,baixa,4.28,1,tests_pct_estadual=0.333 (imp=0.468); tests_ma4=1 (imp=0.0783); tests_lag1=1 (imp=0.0454); tests=1 (imp=0.0304); tests_ma8=nan (imp=0.212),Predito,sklearn_gb_pressao_familia_v1,pressao_v1
PALMEIRAS DE GOIAS,respiratorio,2025,49,0.0374,0.35,False,baixa,4.44,1,tests=1 (imp=0.0304); tests_lag1=nan (imp=0.0454); tests_ma4=nan (imp=0.0783); tests_ma8=nan (imp=0.212); tests_trend=nan (imp=0.0585),Predito,sklearn_gb_pressao_familia_v1,pressao_v1
IPIRANGA DO NORTE,hepatite,2026,18,0.0374,0.35,False,baixa,2.38,1,tests_ma8=1.12 (imp=0.486); tests_ma4=1 (imp=0.306); indice_pressao_proxy=2.38 (imp=0.0338); tests_lag1=1 (imp=0.0495); tests=1 (imp=0.0458),Predito,sklearn_gb_pressao_familia_v1,pressao_v1
DEODAPOLIS,respiratorio,2025,52,0.0374,0.35,False,baixa,5.41,1,tests=1 (imp=0.0304); tests_lag1=nan (imp=0.0454); tests_ma4=nan (imp=0.0783); tests_ma8=nan (imp=0.212); tests_trend=nan (imp=0.0585),Predito,sklearn_gb_pressao_familia_v1,pressao_v1
RIBEIRAO PRETO,respiratorio,2026,5,0.0374,0.35,False,baixa,4.85,1,tests=1 (imp=0.0304); tests_lag1=nan (imp=0.0454); tests_ma4=nan (imp=0.0783); tests_ma8=nan (imp=0.212); tests_trend=nan (imp=0.0585),Predito,sklearn_gb_pressao_familia_v1,pressao_v1
NOVO ORIENTE,respiratorio,2025,51,0.0374,0.35,False,baixa,4.28,1,tests_pct_estadual=0.292 (imp=0.468); tests_ma4=1 (imp=0.0783); tests_lag1=1 (imp=0.0454); tests=1 (imp=0.0304); tests_ma8=nan (imp=0.212),Predito,sklearn_gb_pressao_familia_v1,pressao_v1
TEJUCUOCA,tuberculose,2025,45,0.0371,0.25,False,baixa,1.74,1,tests=1 (imp=0.0222); tests_lag1=nan (imp=0.0179); tests_ma4=nan (imp=0.466); tests_ma8=nan (imp=0.272); tests_trend=nan (imp=0.0303),Predito,sklearn_gb_pressao_familia_v1,pressao_v1
PORTO GRANDE,tuberculose,2026,34,0.0371,0.25,False,baixa,1.52,1,tests_ma4=1 (imp=0.466); tests_pct_estadual=0.225 (imp=0.11); tests=1 (imp=0.0222); tests_lag1=1 (imp=0.0179); tests_ma8=nan (imp=0.272),Predito,sklearn_gb_pressao_familia_v1,pressao_v1
GOVERNADOR JORGE TEIXEIRA,tuberculose,2026,7,0.0371,0.25,False,baixa,1.54,1,tests=1 (imp=0.0222); tests_lag1=nan (imp=0.0179); tests_ma4=nan (imp=0.466); tests_ma8=nan (imp=0.272); tests_trend=nan (imp=0.0303),Predito,sklearn_gb_pressao_familia_v1,pressao_v1
LAGUNA,tuberculose,2026,34,0.0371,0.25,False,baixa,1.52,1,tests=1 (imp=0.0222); tests_lag1=nan (imp=0.0179); tests_ma4=nan (imp=0.466); tests_ma8=nan (imp=0.272); tests_trend=nan (imp=0.0303),Predito,sklearn_gb_pressao_familia_v1,pressao_v1
SAO JOAO DO SOTER,tuberculose,2025,41,0.0371,0.25,False,baixa,1.59,1,tests=1 (imp=0.0222); tests_lag1=nan (imp=0.0179); tests_ma4=nan (imp=0.466); tests_ma8=nan (imp=0.272); tests_trend=nan (imp=0.0303),Predito,sklearn_gb_pressao_familia_v1,pressao_v1
CENTENARIO DO SUL,tuberculose,2026,34,0.0371,0.25,False,baixa,1.52,1,tests_ma4=1 (imp=0.466); tests_pct_estadual=0.225 (imp=0.11); tests=1 (imp=0.0222); tests_lag1=1 (imp=0.0179); tests_ma8=nan (imp=0.272),Predito,sklearn_gb_pressao_familia_v1,pressao_v1
MAMANGUAPE,respiratorio,2025,17,0.0371,0.35,False,baixa,0.61,1,tests_ma4=2 (imp=0.0783); tests_lag1=3 (imp=0.0454); tests_pct_estadual=0.183 (imp=0.468); tests=1 (imp=0.0304); tests_ma8=nan (imp=0.212),Predito,sklearn_gb_pressao_familia_v1,pressao_v1
URUCUIA,tuberculose,2026,34,0.0371,0.25,False,baixa,1.52,1,tests=1 (imp=0.0222); tests_lag1=nan (imp=0.0179); tests_ma4=nan (imp=0.466); tests_ma8=nan (imp=0.272); tests_trend=nan (imp=0.0303),Predito,sklearn_gb_pressao_familia_v1,pressao_v1
GUARULHOS,tuberculose,2026,34,0.0371,0.25,False,baixa,1.52,1,tests_ma4=1 (imp=0.466); tests_ma8=1 (imp=0.272); indice_pressao_proxy=1.52 (imp=0.024); tests_pct_estadual=0.225 (imp=0.11); tests=1 (imp=0.0222),Predito,sklearn_gb_pressao_familia_v1,pressao_v1
VALENTIM GENTIL,tuberculose,2024,48,0.0371,0.25,False,baixa,1.61,1,tests=1 (imp=0.0222); tests_lag1=nan (imp=0.0179); tests_ma4=nan (imp=0.466); tests_ma8=nan (imp=0.272); tests_trend=nan (imp=0.0303),Predito,sklearn_gb_pressao_familia_v1,pressao_v1
NOVA ESPERANCA,tuberculose,2025,41,0.0371,0.25,False,baixa,1.59,1,tests=1 (imp=0.0222); tests_lag1=nan (imp=0.0179); tests_ma4=nan (imp=0.466); tests_ma8=nan (imp=0.272); tests_trend=nan (imp=0.0303),Predito,sklearn_gb_pressao_familia_v1,pressao_v1
CONCEICAO DAS ALAGOAS,tuberculose,2024,48,0.0371,0.25,False,baixa,1.61,1,tests=1 (imp=0.0222); tests_lag1=nan (imp=0.0179); tests_ma4=nan (imp=0.466); tests_ma8=nan (imp=0.272); tests_trend=nan (imp=0.0303),Predito,sklearn_gb_pressao_familia_v1,pressao_v1
BORBA,tuberculose,2025,45,0.0371,0.25,False,baixa,1.74,1,tests=1 (imp=0.0222); tests_lag1=nan (imp=0.0179); tests_ma4=nan (imp=0.466); tests_ma8=nan (imp=0.272); tests_trend=nan (imp=0.0303),Predito,sklearn_gb_pressao_familia_v1,pressao_v1
ATALAIA,tuberculose,2025,41,0.0371,0.25,False,baixa,1.59,1,tests=1 (imp=0.0222); tests_lag1=nan (imp=0.0179); tests_ma4=nan (imp=0.466); tests_ma8=nan (imp=0.272); tests_trend=nan (imp=0.0303),Predito,sklearn_gb_pressao_familia_v1,pressao_v1
PASSA E FICA,tuberculose,2024,48,0.0371,0.25,False,baixa,1.61,1,tests=1 (imp=0.0222); tests_lag1=nan (imp=0.0179); tests_ma4=nan (imp=0.466); tests_ma8=nan (imp=0.272); tests_trend=nan (imp=0.0303),Predito,sklearn_gb_pressao_familia_v1,pressao_v1
IRAJUBA,tuberculose,2024,48,0.0371,0.25,False,baixa,1.61,1,tests=1 (imp=0.0222); tests_lag1=nan (imp=0.0179); tests_ma4=nan (imp=0.466); tests_ma8=nan (imp=0.272); tests_trend=nan (imp=0.0303),Predito,sklearn_gb_pressao_familia_v1,pressao_v1
JARU,tuberculose,2026,34,0.0371,0.25,False,baixa,1.52,1,tests_ma4=1.25 (imp=0.466); tests_ma8=1.12 (imp=0.272); indice_pressao_proxy=1.52 (imp=0.024); tests_pct_estadual=0.225 (imp=0.11); tests=1 (imp=0.0222),Predito,sklearn_gb_pressao_familia_v1,pressao_v1
VITORINO FREIRE,tuberculose,2025,45,0.0371,0.25,False,baixa,1.74,1,tests_ma4=1 (imp=0.466); tests_ma8=1 (imp=0.272); indice_pressao_proxy=1.74 (imp=0.024); tests_pct_estadual=0.215 (imp=0.11); tests=1 (imp=0.0222),Predito,sklearn_gb_pressao_familia_v1,pressao_v1
PALESTINA DO PARA,tuberculose,2025,45,0.0371,0.25,False,baixa,1.74,1,tests=1 (imp=0.0222); tests_lag1=nan (imp=0.0179); tests_ma4=nan (imp=0.466); tests_ma8=nan (imp=0.272); tests_trend=nan (imp=0.0303),Predito,sklearn_gb_pressao_familia_v1,pressao_v1
JOAO DOURADO,tuberculose,2026,34,0.0371,0.25,False,baixa,1.52,1,tests=1 (imp=0.0222); tests_lag1=nan (imp=0.0179); tests_ma4=nan (imp=0.466); tests_ma8=nan (imp=0.272); tests_trend=nan (imp=0.0303),Predito,sklearn_gb_pressao_familia_v1,pressao_v1
MARIZOPOLIS,tuberculose,2025,45,0.0371,0.25,False,baixa,1.74,1,tests=1 (imp=0.0222); tests_lag1=nan (imp=0.0179); tests_ma4=nan (imp=0.466); tests_ma8=nan (imp=0.272); tests_trend=nan (imp=0.0303),Predito,sklearn_gb_pressao_familia_v1,pressao_v1
ITUPIRANGA,tuberculose,2025,45,0.0371,0.25,False,baixa,1.74,1,tests=1 (imp=0.0222); tests_lag1=nan (imp=0.0179); tests_ma4=nan (imp=0.466); tests_ma8=nan (imp=0.272); tests_trend=nan (imp=0.0303),Predito,sklearn_gb_pressao_familia_v1,pressao_v1
ESPERANTINOPOLIS,tuberculose,2025,41,0.0371,0.25,False,baixa,1.59,1,tests=1 (imp=0.0222); tests_lag1=nan (imp=0.0179); tests_ma4=nan (imp=0.466); tests_ma8=nan (imp=0.272); tests_trend=nan (imp=0.0303),Predito,sklearn_gb_pressao_familia_v1,pressao_v1
VILA NOVA DOS MARTIRIOS,tuberculose,2025,41,0.0371,0.25,False,baixa,1.59,1,tests=1 (imp=0.0222); tests_lag1=nan (imp=0.0179); tests_ma4=nan (imp=0.466); tests_ma8=nan (imp=0.272); tests_trend=nan (imp=0.0303),Predito,sklearn_gb_pressao_familia_v1,pressao_v1
URANDI,tuberculose,2025,45,0.0371,0.25,False,baixa,1.74,1,tests=1 (imp=0.0222); tests_lag1=nan (imp=0.0179); tests_ma4=nan (imp=0.466); tests_ma8=nan (imp=0.272); tests_trend=nan (imp=0.0303),Predito,sklearn_gb_pressao_familia_v1,pressao_v1
CAMPO FORMOSO,tuberculose,2026,34,0.0371,0.25,False,baixa,1.52,1,tests=1 (imp=0.0222); tests_lag1=nan (imp=0.0179); tests_ma4=nan (imp=0.466); tests_ma8=nan (imp=0.272); tests_trend=nan (imp=0.0303),Predito,sklearn_gb_pressao_familia_v1,pressao_v1
OCARA,tuberculose,2025,43,0.037,0.25,False,baixa,0.83,1,tests=1 (imp=0.0222); tests_lag1=nan (imp=0.0179); tests_ma4=nan (imp=0.466); tests_ma8=nan (imp=0.272); tests_trend=nan (imp=0.0303),Predito,sklearn_gb_pressao_familia_v1,pressao_v1
CARAGUATATUBA,tuberculose,2025,27,0.037,0.25,False,baixa,0.8,1,tests=1 (imp=0.0222); tests_lag1=nan (imp=0.0179); tests_ma4=nan (imp=0.466); tests_ma8=nan (imp=0.272); tests_trend=nan (imp=0.0303),Predito,sklearn_gb_pressao_familia_v1,pressao_v1
CEREJEIRAS,tuberculose,2026,14,0.037,0.25,False,baixa,0.78,1,tests_ma4=1 (imp=0.466); tests_ma8=1 (imp=0.272); tests_pct_estadual=0.22 (imp=0.11); tests=1 (imp=0.0222); indice_pressao_proxy=0.78 (imp=0.024),Predito,sklearn_gb_pressao_familia_v1,pressao_v1
CAJAMAR,tuberculose,2025,40,0.037,0.25,False,baixa,0.62,1,tests=1 (imp=0.0222); tests_lag1=nan (imp=0.0179); tests_ma4=nan (imp=0.466); tests_ma8=nan (imp=0.272); tests_trend=nan (imp=0.0303),Predito,sklearn_gb_pressao_familia_v1,pressao_v1
PARA DE MINAS,tuberculose,2025,40,0.037,0.25,False,baixa,0.62,1,tests_ma4=1 (imp=0.466); tests_pct_estadual=0.223 (imp=0.11); tests=1 (imp=0.0222); tests_lag1=1 (imp=0.0179); tests_ma8=nan (imp=0.272),Predito,sklearn_gb_pressao_familia_v1,pressao_v1
MARITUBA,tuberculose,2026,14,0.037,0.25,False,baixa,0.78,1,tests_ma4=1 (imp=0.466); tests_ma8=1 (imp=0.272); tests_pct_estadual=0.22 (imp=0.11); tests=1 (imp=0.0222); indice_pressao_proxy=0.78 (imp=0.024),Predito,sklearn_gb_pressao_familia_v1,pressao_v1
AUGUSTO CORREA,tuberculose,2025,27,0.037,0.25,False,baixa,0.8,1,tests=1 (imp=0.0222); tests_lag1=nan (imp=0.0179); tests_ma4=nan (imp=0.466); tests_ma8=nan (imp=0.272); tests_trend=nan (imp=0.0303),Predito,sklearn_gb_pressao_familia_v1,pressao_v1
ANCHIETA,tuberculose,2026,14,0.037,0.25,False,baixa,0.78,1,tests=1 (imp=0.0222); tests_lag1=nan (imp=0.0179); tests_ma4=nan (imp=0.466); tests_ma8=nan (imp=0.272); tests_trend=nan (imp=0.0303),Predito,sklearn_gb_pressao_familia_v1,pressao_v1
LUZILANDIA,tuberculose,2025,51,0.037,0.25,False,baixa,0.99,1,tests=1 (imp=0.0222); tests_lag1=nan (imp=0.0179); tests_ma4=nan (imp=0.466); tests_ma8=nan (imp=0.272); tests_trend=nan (imp=0.0303),Predito,sklearn_gb_pressao_familia_v1,pressao_v1
ESPLANADA,tuberculose,2025,27,0.037,0.25,False,baixa,0.8,1,tests=1 (imp=0.0222); tests_lag1=nan (imp=0.0179); tests_ma4=nan (imp=0.466); tests_ma8=nan (imp=0.272); tests_trend=nan (imp=0.0303),Predito,sklearn_gb_pressao_familia_v1,pressao_v1
COREAU,tuberculose,2025,27,0.037,0.25,False,baixa,0.8,1,tests=1 (imp=0.0222); tests_lag1=nan (imp=0.0179); tests_ma4=nan (imp=0.466); tests_ma8=nan (imp=0.272); tests_trend=nan (imp=0.0303),Predito,sklearn_gb_pressao_familia_v1,pressao_v1
JOAO PESSOA,tuberculose,2025,18,0.037,0.25,False,baixa,0.77,1,tests_ma4=1 (imp=0.466); tests_pct_estadual=0.203 (imp=0.11); tests=1 (imp=0.0222); tests_lag1=1 (imp=0.0179); tests_ma8=nan (imp=0.272),Predito,sklearn_gb_pressao_familia_v1,pressao_v1
ALCANTARA,tuberculose,2025,27,0.037,0.25,False,baixa,0.8,1,tests=1 (imp=0.0222); tests_lag1=nan (imp=0.0179); tests_ma4=nan (imp=0.466); tests_ma8=nan (imp=0.272); tests_trend=nan (imp=0.0303),Predito,sklearn_gb_pressao_familia_v1,pressao_v1
SAO GONCALO DO AMARANTE,tuberculose,2026,14,0.037,0.25,False,baixa,0.78,1,tests_ma4=1 (imp=0.466); tests_pct_estadual=0.22 (imp=0.11); tests=1 (imp=0.0222); tests_lag1=1 (imp=0.0179); tests_ma8=nan (imp=0.272),Predito,sklearn_gb_pressao_familia_v1,pressao_v1
VIDEIRA,tuberculose,2025,40,0.037,0.25,False,baixa,0.62,1,tests=1 (imp=0.0222); tests_lag1=nan (imp=0.0179); tests_ma4=nan (imp=0.466); tests_ma8=nan (imp=0.272); tests_trend=nan (imp=0.0303),Predito,sklearn_gb_pressao_familia_v1,pressao_v1
PRESIDENTE MEDICI,tuberculose,2026,14,0.037,0.25,False,baixa,0.78,1,tests_ma4=1 (imp=0.466); tests_ma8=1 (imp=0.272); tests_pct_estadual=0.22 (imp=0.11); tests=1 (imp=0.0222); indice_pressao_proxy=0.78 (imp=0.024),Predito,sklearn_gb_pressao_familia_v1,pressao_v1
ESTRELA,tuberculose,2025,40,0.037,0.25,False,baixa,0.62,1,tests=1 (imp=0.0222); tests_lag1=nan (imp=0.0179); tests_ma4=nan (imp=0.466); tests_ma8=nan (imp=0.272); tests_trend=nan (imp=0.0303),Predito,sklearn_gb_pressao_familia_v1,pressao_v1
RIO VERDE,respiratorio,2025,44,0.0368,0.35,False,baixa,2.65,1,tests_pct_estadual=0.368 (imp=0.468); tests_ma4=2 (imp=0.0783); tests_lag1=3 (imp=0.0454); tests=1 (imp=0.0304); tests_ma8=nan (imp=0.212),Predito,sklearn_gb_pressao_familia_v1,pressao_v1
SAO JOSE DO XINGU,hepatite,2026,33,0.0366,0.35,False,baixa,2.58,1,tests_ma8=1 (imp=0.486); tests_ma4=1 (imp=0.306); indice_pressao_proxy=2.58 (imp=0.0338); tests_lag1=1 (imp=0.0495); tests=1 (imp=0.0458),Predito,sklearn_gb_pressao_familia_v1,pressao_v1
VALE DE SAO DOMINGOS,hepatite,2026,33,0.0366,0.35,False,baixa,2.58,1,tests_ma8=1 (imp=0.486); tests_ma4=1 (imp=0.306); indice_pressao_proxy=2.58 (imp=0.0338); tests_lag1=1 (imp=0.0495); tests=1 (imp=0.0458),Predito,sklearn_gb_pressao_familia_v1,pressao_v1
JUSCIMEIRA,hepatite,2026,32,0.0366,0.35,False,baixa,2.56,1,tests_ma8=1.25 (imp=0.486); tests_ma4=1.5 (imp=0.306); indice_pressao_proxy=2.56 (imp=0.0338); tests_lag1=1 (imp=0.0495); tests=1 (imp=0.0458),Predito,sklearn_gb_pressao_familia_v1,pressao_v1
PORTO ALEGRE DO NORTE,hepatite,2026,32,0.0366,0.35,False,baixa,2.56,1,tests_ma8=1.12 (imp=0.486); tests_ma4=1 (imp=0.306); indice_pressao_proxy=2.56 (imp=0.0338); tests_lag1=1 (imp=0.0495); tests=1 (imp=0.0458),Predito,sklearn_gb_pressao_familia_v1,pressao_v1
SAO PAULO,hepatite,2026,29,0.0366,0.35,False,baixa,2.52,1,tests_ma8=1 (imp=0.486); tests_ma4=1 (imp=0.306); indice_pressao_proxy=2.52 (imp=0.0338); tests_lag1=1 (imp=0.0495); tests=1 (imp=0.0458),Predito,sklearn_gb_pressao_familia_v1,pressao_v1
CAMPINAPOLIS,hepatite,2026,29,0.0366,0.35,False,baixa,2.52,1,tests_ma8=1 (imp=0.486); tests_ma4=1 (imp=0.306); indice_pressao_proxy=2.52 (imp=0.0338); tests_lag1=1 (imp=0.0495); tests=1 (imp=0.0458),Predito,sklearn_gb_pressao_familia_v1,pressao_v1
ALTO TAQUARI,hepatite,2025,50,0.0366,0.35,False,baixa,2.6,1,tests_ma8=1 (imp=0.486); tests_ma4=1 (imp=0.306); indice_pressao_proxy=2.6 (imp=0.0338); tests_lag1=1 (imp=0.0495); tests=1 (imp=0.0458),Predito,sklearn_gb_pressao_familia_v1,pressao_v1
SAO JOSE DO POVO,hepatite,2026,32,0.0366,0.35,False,baixa,2.56,1,tests_ma8=1.25 (imp=0.486); tests_ma4=1.5 (imp=0.306); tests_lag1=2 (imp=0.0495); indice_pressao_proxy=2.56 (imp=0.0338); tests=1 (imp=0.0458),Predito,sklearn_gb_pressao_familia_v1,pressao_v1
PORTO VELHO,hepatite,2026,10,0.0366,0.35,False,baixa,2.61,1,tests_ma4=1 (imp=0.306); indice_pressao_proxy=2.61 (imp=0.0338); tests_lag1=1 (imp=0.0495); tests=1 (imp=0.0458); tests_ma8=nan (imp=0.486),Predito,sklearn_gb_pressao_familia_v1,pressao_v1
CHAPADA DOS GUIMARAES,hepatite,2026,33,0.0366,0.35,False,baixa,2.58,1,tests_ma8=1.25 (imp=0.486); tests_ma4=1.25 (imp=0.306); tests_lag1=2 (imp=0.0495); indice_pressao_proxy=2.58 (imp=0.0338); tests=1 (imp=0.0458),Predito,sklearn_gb_pressao_familia_v1,pressao_v1
RIO BRANCO,hepatite,2026,32,0.0366,0.35,False,baixa,2.56,1,tests_ma8=1.12 (imp=0.486); tests_ma4=1.25 (imp=0.306); indice_pressao_proxy=2.56 (imp=0.0338); tests_lag1=1 (imp=0.0495); tests=1 (imp=0.0458),Predito,sklearn_gb_pressao_familia_v1,pressao_v1
COMODORO,hepatite,2026,32,0.0366,0.35,False,baixa,2.56,1,tests_ma8=1.12 (imp=0.486); tests_ma4=1 (imp=0.306); indice_pressao_proxy=2.56 (imp=0.0338); tests_lag1=1 (imp=0.0495); tests=1 (imp=0.0458),Predito,sklearn_gb_pressao_familia_v1,pressao_v1
NOVA GUARITA,hepatite,2026,32,0.0366,0.35,False,baixa,2.56,1,tests_ma8=1.12 (imp=0.486); tests_ma4=1.25 (imp=0.306); indice_pressao_proxy=2.56 (imp=0.0338); tests_lag1=1 (imp=0.0495); tests=1 (imp=0.0458),Predito,sklearn_gb_pressao_familia_v1,pressao_v1
CORUMBA,hepatite,2026,10,0.0366,0.35,False,baixa,2.61,1,tests_ma4=1 (imp=0.306); indice_pressao_proxy=2.61 (imp=0.0338); tests_lag1=1 (imp=0.0495); tests=1 (imp=0.0458); tests_ma8=nan (imp=0.486),Predito,sklearn_gb_pressao_familia_v1,pressao_v1
GLORIA D''OESTE,hepatite,2026,10,0.0366,0.35,False,baixa,2.61,1,tests_ma8=1.33 (imp=0.486); tests_ma4=1.33 (imp=0.306); tests_lag1=2 (imp=0.0495); indice_pressao_proxy=2.61 (imp=0.0338); tests=1 (imp=0.0458),Predito,sklearn_gb_pressao_familia_v1,pressao_v1
CASCAVEL,hepatite,2025,44,0.0365,0.35,False,baixa,2.4,1,tests_ma4=1 (imp=0.306); indice_pressao_proxy=2.4 (imp=0.0338); tests_lag1=1 (imp=0.0495); tests=1 (imp=0.0458); tests_ma8=nan (imp=0.486),Predito,sklearn_gb_pressao_familia_v1,pressao_v1
PLACAS,tuberculose,2025,23,0.0365,0.25,False,baixa,1.04,1,tests_ma4=1 (imp=0.466); tests=1 (imp=0.0222); tests_pct_estadual=0.202 (imp=0.11); tests_lag1=1 (imp=0.0179); tests_ma8=nan (imp=0.272),Predito,sklearn_gb_pressao_familia_v1,pressao_v1
EUCLIDES DA CUNHA,respiratorio,2025,19,0.0364,0.35,False,baixa,1.13,2,tests=2 (imp=0.0304); tests_lag1=nan (imp=0.0454); tests_ma4=nan (imp=0.0783); tests_ma8=nan (imp=0.212); tests_trend=nan (imp=0.0585),Predito,sklearn_gb_pressao_familia_v1,pressao_v1
PALMITOS,respiratorio,2024,49,0.0364,0.35,False,baixa,1.15,2,tests=2 (imp=0.0304); tests_lag1=nan (imp=0.0454); tests_ma4=nan (imp=0.0783); tests_ma8=nan (imp=0.212); tests_trend=nan (imp=0.0585),Predito,sklearn_gb_pressao_familia_v1,pressao_v1
SANTA CRUZ DO XINGU,respiratorio,2025,47,0.0362,0.35,False,baixa,8.16,1,tests=1 (imp=0.0304); tests_lag1=nan (imp=0.0454); tests_ma4=nan (imp=0.0783); tests_ma8=nan (imp=0.212); tests_trend=nan (imp=0.0585),Predito,sklearn_gb_pressao_familia_v1,pressao_v1
JABOATAO DOS GUARARAPES,respiratorio,2025,22,0.0359,0.35,False,baixa,2.16,2,tests=2 (imp=0.0304); tests_lag1=nan (imp=0.0454); tests_ma4=nan (imp=0.0783); tests_ma8=nan (imp=0.212); tests_trend=nan (imp=0.0585),Predito,sklearn_gb_pressao_familia_v1,pressao_v1
COSTA MARQUES,respiratorio,2024,39,0.0359,0.35,False,baixa,2.62,2,tests=2 (imp=0.0304); tests_lag1=nan (imp=0.0454); tests_ma4=nan (imp=0.0783); tests_ma8=nan (imp=0.212); tests_trend=nan (imp=0.0585),Predito,sklearn_gb_pressao_familia_v1,pressao_v1
ANANINDEUA,respiratorio,2025,22,0.0359,0.35,False,baixa,2.16,2,tests=2 (imp=0.0304); tests_lag1=nan (imp=0.0454); tests_ma4=nan (imp=0.0783); tests_ma8=nan (imp=0.212); tests_trend=nan (imp=0.0585),Predito,sklearn_gb_pressao_familia_v1,pressao_v1
FRANCA,tuberculose,2026,30,0.0354,0.25,False,baixa,2.92,1,tests=1 (imp=0.0222); tests_lag1=nan (imp=0.0179); tests_ma4=nan (imp=0.466); tests_ma8=nan (imp=0.272); tests_trend=nan (imp=0.0303),Predito,sklearn_gb_pressao_familia_v1,pressao_v1
CAMPINA GRANDE,tuberculose,2025,44,0.0354,0.25,False,baixa,2.86,1,tests_ma4=1 (imp=0.466); tests_pct_estadual=0.208 (imp=0.11); tests=1 (imp=0.0222); tests_lag1=1 (imp=0.0179); tests_ma8=nan (imp=0.272),Predito,sklearn_gb_pressao_familia_v1,pressao_v1
DOIS IRMAOS DO BURITI,tuberculose,2026,24,0.0354,0.25,False,baixa,2.24,1,tests_ma4=1 (imp=0.466); tests_pct_estadual=0.226 (imp=0.11); tests=1 (imp=0.0222); tests_lag1=1 (imp=0.0179); tests_ma8=nan (imp=0.272),Predito,sklearn_gb_pressao_familia_v1,pressao_v1
ULIANOPOLIS,tuberculose,2026,15,0.0354,0.25,False,baixa,2.17,1,tests_ma4=1 (imp=0.466); tests_pct_estadual=0.213 (imp=0.11); tests=1 (imp=0.0222); tests_lag1=1 (imp=0.0179); tests_ma8=nan (imp=0.272),Predito,sklearn_gb_pressao_familia_v1,pressao_v1
PETROLINA,tuberculose,2026,30,0.0354,0.25,False,baixa,2.92,1,tests=1 (imp=0.0222); tests_lag1=nan (imp=0.0179); tests_ma4=nan (imp=0.466); tests_ma8=nan (imp=0.272); tests_trend=nan (imp=0.0303),Predito,sklearn_gb_pressao_familia_v1,pressao_v1
GUARATINGA,tuberculose,2025,44,0.0354,0.25,False,baixa,2.86,1,tests=1 (imp=0.0222); tests_lag1=nan (imp=0.0179); tests_ma4=nan (imp=0.466); tests_ma8=nan (imp=0.272); tests_trend=nan (imp=0.0303),Predito,sklearn_gb_pressao_familia_v1,pressao_v1
BLUMENAU,tuberculose,2025,44,0.0354,0.25,False,baixa,2.86,1,tests=1 (imp=0.0222); tests_lag1=nan (imp=0.0179); tests_ma4=nan (imp=0.466); tests_ma8=nan (imp=0.272); tests_trend=nan (imp=0.0303),Predito,sklearn_gb_pressao_familia_v1,pressao_v1
BONITO,tuberculose,2026,26,0.0354,0.25,False,baixa,2.86,1,tests_ma4=1 (imp=0.466); tests_pct_estadual=0.234 (imp=0.11); tests=1 (imp=0.0222); tests_lag1=1 (imp=0.0179); tests_ma8=nan (imp=0.272),Predito,sklearn_gb_pressao_familia_v1,pressao_v1
FAXINAL DO SOTURNO,tuberculose,2026,35,0.0354,0.25,False,baixa,2.08,1,tests=1 (imp=0.0222); tests_lag1=nan (imp=0.0179); tests_ma4=nan (imp=0.466); tests_ma8=nan (imp=0.272); tests_trend=nan (imp=0.0303),Predito,sklearn_gb_pressao_familia_v1,pressao_v1
FORTALEZA,tuberculose,2026,35,0.0354,0.25,False,baixa,2.08,1,tests=1 (imp=0.0222); tests_lag1=nan (imp=0.0179); tests_ma4=nan (imp=0.466); tests_ma8=nan (imp=0.272); tests_trend=nan (imp=0.0303),Predito,sklearn_gb_pressao_familia_v1,pressao_v1
PLANALTO DA SERRA,tuberculose,2026,30,0.0354,0.25,False,baixa,2.92,1,tests_ma4=1 (imp=0.466); tests_ma8=1 (imp=0.272); indice_pressao_proxy=2.92 (imp=0.024); tests_pct_estadual=0.212 (imp=0.11); tests=1 (imp=0.0222),Predito,sklearn_gb_pressao_familia_v1,pressao_v1
MACAPA,tuberculose,2025,44,0.0354,0.25,False,baixa,2.86,1,tests_ma4=1 (imp=0.466); tests_pct_estadual=0.208 (imp=0.11); tests=1 (imp=0.0222); tests_lag1=1 (imp=0.0179); tests_ma8=nan (imp=0.272),Predito,sklearn_gb_pressao_familia_v1,pressao_v1
GOIANIRA,tuberculose,2026,26,0.0354,0.25,False,baixa,2.86,1,tests_ma4=1.5 (imp=0.466); tests_lag1=2 (imp=0.0179); tests_pct_estadual=0.234 (imp=0.11); tests=1 (imp=0.0222); tests_ma8=nan (imp=0.272),Predito,sklearn_gb_pressao_familia_v1,pressao_v1
GRANJA,tuberculose,2025,44,0.0354,0.25,False,baixa,2.86,1,tests=1 (imp=0.0222); tests_lag1=nan (imp=0.0179); tests_ma4=nan (imp=0.466); tests_ma8=nan (imp=0.272); tests_trend=nan (imp=0.0303),Predito,sklearn_gb_pressao_familia_v1,pressao_v1
ELDORADO DOS CARAJAS,tuberculose,2026,24,0.0354,0.25,False,baixa,2.24,1,tests=1 (imp=0.0222); tests_lag1=nan (imp=0.0179); tests_ma4=nan (imp=0.466); tests_ma8=nan (imp=0.272); tests_trend=nan (imp=0.0303),Predito,sklearn_gb_pressao_familia_v1,pressao_v1
REALEZA,tuberculose,2026,19,0.0354,0.25,False,baixa,1.98,1,tests=1 (imp=0.0222); tests_lag1=nan (imp=0.0179); tests_ma4=nan (imp=0.466); tests_ma8=nan (imp=0.272); tests_trend=nan (imp=0.0303),Predito,sklearn_gb_pressao_familia_v1,pressao_v1
CRUZ ALTA,tuberculose,2025,44,0.0354,0.25,False,baixa,2.86,1,tests=1 (imp=0.0222); tests_lag1=nan (imp=0.0179); tests_ma4=nan (imp=0.466); tests_ma8=nan (imp=0.272); tests_trend=nan (imp=0.0303),Predito,sklearn_gb_pressao_familia_v1,pressao_v1
SENHOR DO BONFIM,tuberculose,2026,24,0.0354,0.25,False,baixa,2.24,1,tests=1 (imp=0.0222); tests_lag1=nan (imp=0.0179); tests_ma4=nan (imp=0.466); tests_ma8=nan (imp=0.272); tests_trend=nan (imp=0.0303),Predito,sklearn_gb_pressao_familia_v1,pressao_v1
JOSELANDIA,tuberculose,2025,44,0.0354,0.25,False,baixa,2.86,1,tests=1 (imp=0.0222); tests_lag1=nan (imp=0.0179); tests_ma4=nan (imp=0.466); tests_ma8=nan (imp=0.272); tests_trend=nan (imp=0.0303),Predito,sklearn_gb_pressao_familia_v1,pressao_v1
PARAGOMINAS,tuberculose,2026,24,0.0354,0.25,False,baixa,2.24,1,tests_ma4=1 (imp=0.466); tests_ma8=1 (imp=0.272); indice_pressao_proxy=2.24 (imp=0.024); tests_pct_estadual=0.226 (imp=0.11); tests=1 (imp=0.0222),Predito,sklearn_gb_pressao_familia_v1,pressao_v1
ASSIS CHATEAUBRIAND,tuberculose,2026,30,0.0354,0.25,False,baixa,2.92,1,tests=1 (imp=0.0222); tests_lag1=nan (imp=0.0179); tests_ma4=nan (imp=0.466); tests_ma8=nan (imp=0.272); tests_trend=nan (imp=0.0303),Predito,sklearn_gb_pressao_familia_v1,pressao_v1
PATROCINIO,tuberculose,2026,15,0.0354,0.25,False,baixa,2.17,1,tests=1 (imp=0.0222); tests_lag1=nan (imp=0.0179); tests_ma4=nan (imp=0.466); tests_ma8=nan (imp=0.272); tests_trend=nan (imp=0.0303),Predito,sklearn_gb_pressao_familia_v1,pressao_v1
SAO FELIX DO XINGU,tuberculose,2026,15,0.0354,0.25,False,baixa,2.17,1,tests_ma4=1 (imp=0.466); tests_ma8=1 (imp=0.272); indice_pressao_proxy=2.17 (imp=0.024); tests_pct_estadual=0.213 (imp=0.11); tests=1 (imp=0.0222),Predito,sklearn_gb_pressao_familia_v1,pressao_v1
CANAPOLIS,tuberculose,2026,24,0.0354,0.25,False,baixa,2.24,1,tests_ma4=1 (imp=0.466); tests_ma8=1 (imp=0.272); indice_pressao_proxy=2.24 (imp=0.024); tests_pct_estadual=0.226 (imp=0.11); tests=1 (imp=0.0222),Predito,sklearn_gb_pressao_familia_v1,pressao_v1
MILAGRES,tuberculose,2025,8,0.0354,0.25,False,baixa,2.52,1,tests=1 (imp=0.0222); tests_lag1=nan (imp=0.0179); tests_ma4=nan (imp=0.466); tests_ma8=nan (imp=0.272); tests_trend=nan (imp=0.0303),Predito,sklearn_gb_pressao_familia_v1,pressao_v1
SAO LUIS DO QUITUNDE,tuberculose,2026,26,0.0354,0.25,False,baixa,2.86,1,tests_ma4=1 (imp=0.466); tests_pct_estadual=0.234 (imp=0.11); tests=1 (imp=0.0222); tests_lag1=1 (imp=0.0179); tests_ma8=nan (imp=0.272),Predito,sklearn_gb_pressao_familia_v1,pressao_v1
NOVA ANDRADINA,tuberculose,2025,44,0.0354,0.25,False,baixa,2.86,1,tests=1 (imp=0.0222); tests_lag1=nan (imp=0.0179); tests_ma4=nan (imp=0.466); tests_ma8=nan (imp=0.272); tests_trend=nan (imp=0.0303),Predito,sklearn_gb_pressao_familia_v1,pressao_v1
SANTO AFONSO,tuberculose,2026,24,0.0354,0.25,False,baixa,2.24,1,tests_ma4=1 (imp=0.466); tests_ma8=1 (imp=0.272); indice_pressao_proxy=2.24 (imp=0.024); tests_pct_estadual=0.226 (imp=0.11); tests=1 (imp=0.0222),Predito,sklearn_gb_pressao_familia_v1,pressao_v1
CARIACICA,tuberculose,2026,23,0.0354,0.25,False,baixa,3.2,1,tests=1 (imp=0.0222); tests_lag1=nan (imp=0.0179); tests_ma4=nan (imp=0.466); tests_ma8=nan (imp=0.272); tests_trend=nan (imp=0.0303),Predito,sklearn_gb_pressao_familia_v1,pressao_v1
CAIAPONIA,tuberculose,2026,35,0.0354,0.25,False,baixa,2.08,1,tests_ma4=1 (imp=0.466); tests_ma8=1 (imp=0.272); indice_pressao_proxy=2.08 (imp=0.024); tests=1 (imp=0.0222); tests_pct_estadual=0.2 (imp=0.11),Predito,sklearn_gb_pressao_familia_v1,pressao_v1
ITUMBIARA,tuberculose,2025,13,0.0354,0.25,False,baixa,2.56,1,tests_ma4=1 (imp=0.466); tests=1 (imp=0.0222); tests_pct_estadual=0.2 (imp=0.11); tests_lag1=1 (imp=0.0179); tests_ma8=nan (imp=0.272),Predito,sklearn_gb_pressao_familia_v1,pressao_v1
AGUA CLARA,tuberculose,2026,15,0.0354,0.25,False,baixa,2.17,1,tests_ma4=1.5 (imp=0.466); tests_lag1=2 (imp=0.0179); tests_pct_estadual=0.213 (imp=0.11); tests=1 (imp=0.0222); tests_ma8=nan (imp=0.272),Predito,sklearn_gb_pressao_familia_v1,pressao_v1
BURITICUPU,tuberculose,2026,26,0.0354,0.25,False,baixa,2.86,1,tests_ma4=1 (imp=0.466); tests_ma8=1 (imp=0.272); indice_pressao_proxy=2.86 (imp=0.024); tests_pct_estadual=0.234 (imp=0.11); tests=1 (imp=0.0222),Predito,sklearn_gb_pressao_familia_v1,pressao_v1
SANTA ROSA DE VITERBO,tuberculose,2026,19,0.0354,0.25,False,baixa,1.98,1,tests_ma4=1 (imp=0.466); tests_pct_estadual=0.207 (imp=0.11); tests=1 (imp=0.0222); tests_lag1=1 (imp=0.0179); tests_ma8=nan (imp=0.272),Predito,sklearn_gb_pressao_familia_v1,pressao_v1
PARECIS,tuberculose,2026,24,0.0354,0.25,False,baixa,2.24,1,tests=1 (imp=0.0222); tests_lag1=nan (imp=0.0179); tests_ma4=nan (imp=0.466); tests_ma8=nan (imp=0.272); tests_trend=nan (imp=0.0303),Predito,sklearn_gb_pressao_familia_v1,pressao_v1
SANTA LUZIA DO PARUA,tuberculose,2026,15,0.0354,0.25,False,baixa,2.17,1,tests_ma4=1 (imp=0.466); tests_pct_estadual=0.213 (imp=0.11); tests=1 (imp=0.0222); tests_lag1=1 (imp=0.0179); tests_ma8=nan (imp=0.272),Predito,sklearn_gb_pressao_familia_v1,pressao_v1
SAO PEDRO DOS CRENTES,tuberculose,2026,26,0.0354,0.25,False,baixa,2.86,1,tests=1 (imp=0.0222); tests_lag1=nan (imp=0.0179); tests_ma4=nan (imp=0.466); tests_ma8=nan (imp=0.272); tests_trend=nan (imp=0.0303),Predito,sklearn_gb_pressao_familia_v1,pressao_v1
MARILUZ,tuberculose,2025,44,0.0354,0.25,False,baixa,2.86,1,tests=1 (imp=0.0222); tests_lag1=nan (imp=0.0179); tests_ma4=nan (imp=0.466); tests_ma8=nan (imp=0.272); tests_trend=nan (imp=0.0303),Predito,sklearn_gb_pressao_familia_v1,pressao_v1
MONTE CARMELO,tuberculose,2025,44,0.0354,0.25,False,baixa,2.86,1,tests=1 (imp=0.0222); tests_lag1=nan (imp=0.0179); tests_ma4=nan (imp=0.466); tests_ma8=nan (imp=0.272); tests_trend=nan (imp=0.0303),Predito,sklearn_gb_pressao_familia_v1,pressao_v1
NAVIRAI,tuberculose,2026,35,0.0354,0.25,False,baixa,2.08,1,tests_ma4=1 (imp=0.466); tests_ma8=1 (imp=0.272); indice_pressao_proxy=2.08 (imp=0.024); tests=1 (imp=0.0222); tests_pct_estadual=0.2 (imp=0.11),Predito,sklearn_gb_pressao_familia_v1,pressao_v1
NOVO HAMBURGO,tuberculose,2026,26,0.0354,0.25,False,baixa,2.86,1,tests_ma4=1 (imp=0.466); tests_ma8=1 (imp=0.272); indice_pressao_proxy=2.86 (imp=0.024); tests_pct_estadual=0.234 (imp=0.11); tests=1 (imp=0.0222),Predito,sklearn_gb_pressao_familia_v1,pressao_v1
MIRANTE DO PARANAPANEMA,tuberculose,2026,19,0.0354,0.25,False,baixa,1.98,1,tests_ma4=1 (imp=0.466); tests_pct_estadual=0.207 (imp=0.11); tests=1 (imp=0.0222); tests_lag1=1 (imp=0.0179); tests_ma8=nan (imp=0.272),Predito,sklearn_gb_pressao_familia_v1,pressao_v1
CATENDE,tuberculose,2025,13,0.0354,0.25,False,baixa,2.56,1,tests_ma4=1 (imp=0.466); tests=1 (imp=0.0222); tests_pct_estadual=0.2 (imp=0.11); tests_lag1=1 (imp=0.0179); tests_ma8=nan (imp=0.272),Predito,sklearn_gb_pressao_familia_v1,pressao_v1
CARMOPOLIS,tuberculose,2026,23,0.0354,0.25,False,baixa,3.2,1,tests=1 (imp=0.0222); tests_lag1=nan (imp=0.0179); tests_ma4=nan (imp=0.466); tests_ma8=nan (imp=0.272); tests_trend=nan (imp=0.0303),Predito,sklearn_gb_pressao_familia_v1,pressao_v1
CARDEAL DA SILVA,tuberculose,2025,44,0.0354,0.25,False,baixa,2.86,1,tests=1 (imp=0.0222); tests_lag1=nan (imp=0.0179); tests_ma4=nan (imp=0.466); tests_ma8=nan (imp=0.272); tests_trend=nan (imp=0.0303),Predito,sklearn_gb_pressao_familia_v1,pressao_v1
JACUNDA,tuberculose,2026,15,0.0354,0.25,False,baixa,2.17,1,tests=1 (imp=0.0222); tests_lag1=nan (imp=0.0179); tests_ma4=nan (imp=0.466); tests_ma8=nan (imp=0.272); tests_trend=nan (imp=0.0303),Predito,sklearn_gb_pressao_familia_v1,pressao_v1
CASSILANDIA,tuberculose,2026,23,0.0354,0.25,False,baixa,3.2,1,tests_ma4=1 (imp=0.466); tests_ma8=1 (imp=0.272); indice_pressao_proxy=3.2 (imp=0.024); tests_pct_estadual=0.232 (imp=0.11); tests=1 (imp=0.0222),Predito,sklearn_gb_pressao_familia_v1,pressao_v1
BRASIL NOVO,tuberculose,2026,15,0.0354,0.25,False,baixa,2.17,1,tests=1 (imp=0.0222); tests_lag1=nan (imp=0.0179); tests_ma4=nan (imp=0.466); tests_ma8=nan (imp=0.272); tests_trend=nan (imp=0.0303),Predito,sklearn_gb_pressao_familia_v1,pressao_v1
PALMITAL,tuberculose,2026,23,0.0354,0.25,False,baixa,3.2,1,tests=1 (imp=0.0222); tests_lag1=nan (imp=0.0179); tests_ma4=nan (imp=0.466); tests_ma8=nan (imp=0.272); tests_trend=nan (imp=0.0303),Predito,sklearn_gb_pressao_familia_v1,pressao_v1
OLIVENCA,tuberculose,2026,24,0.0354,0.25,False,baixa,2.24,1,tests=1 (imp=0.0222); tests_lag1=nan (imp=0.0179); tests_ma4=nan (imp=0.466); tests_ma8=nan (imp=0.272); tests_trend=nan (imp=0.0303),Predito,sklearn_gb_pressao_familia_v1,pressao_v1
VENDA NOVA DO IMIGRANTE,tuberculose,2026,24,0.0354,0.25,False,baixa,2.24,1,tests=1 (imp=0.0222); tests_lag1=nan (imp=0.0179); tests_ma4=nan (imp=0.466); tests_ma8=nan (imp=0.272); tests_trend=nan (imp=0.0303),Predito,sklearn_gb_pressao_familia_v1,pressao_v1
SANTA HELENA,tuberculose,2026,19,0.0354,0.25,False,baixa,1.98,1,tests=1 (imp=0.0222); tests_lag1=nan (imp=0.0179); tests_ma4=nan (imp=0.466); tests_ma8=nan (imp=0.272); tests_trend=nan (imp=0.0303),Predito,sklearn_gb_pressao_familia_v1,pressao_v1
TEIXEIRA,tuberculose,2026,30,0.0354,0.25,False,baixa,2.92,1,tests=1 (imp=0.0222); tests_lag1=nan (imp=0.0179); tests_ma4=nan (imp=0.466); tests_ma8=nan (imp=0.272); tests_trend=nan (imp=0.0303),Predito,sklearn_gb_pressao_familia_v1,pressao_v1
ALVARES MACHADO,tuberculose,2025,44,0.0354,0.25,False,baixa,2.86,1,tests=1 (imp=0.0222); tests_lag1=nan (imp=0.0179); tests_ma4=nan (imp=0.466); tests_ma8=nan (imp=0.272); tests_trend=nan (imp=0.0303),Predito,sklearn_gb_pressao_familia_v1,pressao_v1
EXTREMA,tuberculose,2025,44,0.0354,0.25,False,baixa,2.86,1,tests=1 (imp=0.0222); tests_lag1=nan (imp=0.0179); tests_ma4=nan (imp=0.466); tests_ma8=nan (imp=0.272); tests_trend=nan (imp=0.0303),Predito,sklearn_gb_pressao_familia_v1,pressao_v1
SOLEDADE DE MINAS,tuberculose,2026,35,0.0354,0.25,False,baixa,2.08,1,tests=1 (imp=0.0222); tests_lag1=nan (imp=0.0179); tests_ma4=nan (imp=0.466); tests_ma8=nan (imp=0.272); tests_trend=nan (imp=0.0303),Predito,sklearn_gb_pressao_familia_v1,pressao_v1
PRESIDENTE DUTRA,tuberculose,2026,24,0.0354,0.25,False,baixa,2.24,1,tests=1 (imp=0.0222); tests_lag1=nan (imp=0.0179); tests_ma4=nan (imp=0.466); tests_ma8=nan (imp=0.272); tests_trend=nan (imp=0.0303),Predito,sklearn_gb_pressao_familia_v1,pressao_v1
ANDIRA,tuberculose,2026,23,0.0354,0.25,False,baixa,3.2,1,tests=1 (imp=0.0222); tests_lag1=nan (imp=0.0179); tests_ma4=nan (imp=0.466); tests_ma8=nan (imp=0.272); tests_trend=nan (imp=0.0303),Predito,sklearn_gb_pressao_familia_v1,pressao_v1
JURANDA,tuberculose,2026,19,0.0354,0.25,False,baixa,1.98,1,tests_ma4=1 (imp=0.466); tests_pct_estadual=0.207 (imp=0.11); tests=1 (imp=0.0222); tests_lag1=1 (imp=0.0179); tests_ma8=nan (imp=0.272),Predito,sklearn_gb_pressao_familia_v1,pressao_v1
COCALZINHO DE GOIAS,tuberculose,2026,24,0.0354,0.25,False,baixa,2.24,1,tests_ma4=1 (imp=0.466); tests_pct_estadual=0.226 (imp=0.11); tests=1 (imp=0.0222); tests_lag1=1 (imp=0.0179); tests_ma8=nan (imp=0.272),Predito,sklearn_gb_pressao_familia_v1,pressao_v1
INDAIATUBA,tuberculose,2026,15,0.0354,0.25,False,baixa,2.17,1,tests=1 (imp=0.0222); tests_lag1=nan (imp=0.0179); tests_ma4=nan (imp=0.466); tests_ma8=nan (imp=0.272); tests_trend=nan (imp=0.0303),Predito,sklearn_gb_pressao_familia_v1,pressao_v1
RETIROLANDIA,tuberculose,2026,23,0.0354,0.25,False,baixa,3.2,1,tests=1 (imp=0.0222); tests_lag1=nan (imp=0.0179); tests_ma4=nan (imp=0.466); tests_ma8=nan (imp=0.272); tests_trend=nan (imp=0.0303),Predito,sklearn_gb_pressao_familia_v1,pressao_v1
COSTA RICA,tuberculose,2026,26,0.0354,0.25,False,baixa,2.86,1,tests_ma4=1 (imp=0.466); tests_pct_estadual=0.234 (imp=0.11); tests=1 (imp=0.0222); tests_lag1=1 (imp=0.0179); tests_ma8=nan (imp=0.272),Predito,sklearn_gb_pressao_familia_v1,pressao_v1
MARCOLANDIA,tuberculose,2026,15,0.0354,0.25,False,baixa,2.17,1,tests_ma4=1 (imp=0.466); tests_ma8=1 (imp=0.272); indice_pressao_proxy=2.17 (imp=0.024); tests_pct_estadual=0.213 (imp=0.11); tests=1 (imp=0.0222),Predito,sklearn_gb_pressao_familia_v1,pressao_v1
INHUMAS,tuberculose,2026,26,0.0354,0.25,False,baixa,2.86,1,tests_ma4=1 (imp=0.466); tests_pct_estadual=0.234 (imp=0.11); tests=1 (imp=0.0222); tests_lag1=1 (imp=0.0179); tests_ma8=nan (imp=0.272),Predito,sklearn_gb_pressao_familia_v1,pressao_v1
HELIOPOLIS,tuberculose,2025,44,0.0354,0.25,False,baixa,2.86,1,tests=1 (imp=0.0222); tests_lag1=nan (imp=0.0179); tests_ma4=nan (imp=0.466); tests_ma8=nan (imp=0.272); tests_trend=nan (imp=0.0303),Predito,sklearn_gb_pressao_familia_v1,pressao_v1
BAEPENDI,tuberculose,2026,23,0.0354,0.25,False,baixa,3.2,1,tests=1 (imp=0.0222); tests_lag1=nan (imp=0.0179); tests_ma4=nan (imp=0.466); tests_ma8=nan (imp=0.272); tests_trend=nan (imp=0.0303),Predito,sklearn_gb_pressao_familia_v1,pressao_v1
TAQUARITINGA,tuberculose,2025,44,0.0354,0.25,False,baixa,2.86,1,tests=1 (imp=0.0222); tests_lag1=nan (imp=0.0179); tests_ma4=nan (imp=0.466); tests_ma8=nan (imp=0.272); tests_trend=nan (imp=0.0303),Predito,sklearn_gb_pressao_familia_v1,pressao_v1
URUPA,tuberculose,2026,19,0.0354,0.25,False,baixa,1.98,1,tests=1 (imp=0.0222); tests_lag1=nan (imp=0.0179); tests_ma4=nan (imp=0.466); tests_ma8=nan (imp=0.272); tests_trend=nan (imp=0.0303),Predito,sklearn_gb_pressao_familia_v1,pressao_v1
GUAJARA-MIRIM,tuberculose,2026,26,0.0354,0.25,False,baixa,2.86,1,tests_ma4=1 (imp=0.466); tests_ma8=1 (imp=0.272); indice_pressao_proxy=2.86 (imp=0.024); tests_pct_estadual=0.234 (imp=0.11); tests=1 (imp=0.0222),Predito,sklearn_gb_pressao_familia_v1,pressao_v1
TEOTONIO VILELA,tuberculose,2026,24,0.0354,0.25,False,baixa,2.24,1,tests=1 (imp=0.0222); tests_lag1=nan (imp=0.0179); tests_ma4=nan (imp=0.466); tests_ma8=nan (imp=0.272); tests_trend=nan (imp=0.0303),Predito,sklearn_gb_pressao_familia_v1,pressao_v1
BLUMENAU,hepatite,2026,34,0.0352,0.35,False,baixa,2.17,1,tests=1 (imp=0.0458); tests_lag1=nan (imp=0.0495); tests_ma4=nan (imp=0.306); tests_ma8=nan (imp=0.486); tests_trend=nan (imp=0.0213),Predito,sklearn_gb_pressao_familia_v1,pressao_v1
JAGUARIUNA,respiratorio,2025,14,0.0349,0.35,False,baixa,0.95,1,tests_ma4=1 (imp=0.0783); tests_pct_estadual=0.125 (imp=0.468); tests_lag1=1 (imp=0.0454); tests=1 (imp=0.0304); tests_ma8=nan (imp=0.212),Predito,sklearn_gb_pressao_familia_v1,pressao_v1
PASSO FUNDO,arbovirose,2024,43,0.0349,0.44999999999999996,False,baixa,2.76,2,tests=2 (imp=0.0167); tests_lag1=nan (imp=0.0273); tests_ma4=nan (imp=0.379); tests_ma8=nan (imp=0.0883); tests_trend=nan (imp=0.0236),Predito,sklearn_gb_pressao_familia_v1,pressao_v1
ITAIPAVA DO GRAJAU,arbovirose,2026,26,0.0349,0.44999999999999996,False,baixa,2.11,2,tests_ma4=1.5 (imp=0.379); tests_ma8=1.5 (imp=0.0883); tests_pct_estadual=0.312 (imp=0.414); tests=2 (imp=0.0167); indice_pressao_proxy=2.11 (imp=0.0141),Predito,sklearn_gb_pressao_familia_v1,pressao_v1
ILHA COMPRIDA,arbovirose,2024,43,0.0349,0.44999999999999996,False,baixa,2.76,2,tests=2 (imp=0.0167); tests_lag1=nan (imp=0.0273); tests_ma4=nan (imp=0.379); tests_ma8=nan (imp=0.0883); tests_trend=nan (imp=0.0236),Predito,sklearn_gb_pressao_familia_v1,pressao_v1
POTENGI,arbovirose,2026,19,0.0349,0.44999999999999996,False,baixa,1.87,2,tests=2 (imp=0.0167); tests_lag1=nan (imp=0.0273); tests_ma4=nan (imp=0.379); tests_ma8=nan (imp=0.0883); tests_trend=nan (imp=0.0236),Predito,sklearn_gb_pressao_familia_v1,pressao_v1
BADY BASSITT,respiratorio,2025,21,0.0349,0.35,False,baixa,0.41,1,tests_ma4=1 (imp=0.0783); tests_pct_estadual=0.128 (imp=0.468); tests_lag1=1 (imp=0.0454); tests=1 (imp=0.0304); tests_ma8=nan (imp=0.212),Predito,sklearn_gb_pressao_familia_v1,pressao_v1
SANTO ANDRE,arbovirose,2026,19,0.0349,0.44999999999999996,False,baixa,1.87,2,tests_ma4=1.75 (imp=0.379); tests_ma8=1.83 (imp=0.0883); tests_pct_estadual=0.318 (imp=0.414); tests_lag1=2 (imp=0.0273); tests=2 (imp=0.0167),Predito,sklearn_gb_pressao_familia_v1,pressao_v1
SANTO AFONSO,respiratorio,2024,49,0.0349,0.35,False,baixa,0.57,1,tests=1 (imp=0.0304); tests_lag1=nan (imp=0.0454); tests_ma4=nan (imp=0.0783); tests_ma8=nan (imp=0.212); tests_trend=nan (imp=0.0585),Predito,sklearn_gb_pressao_familia_v1,pressao_v1
IRANDUBA,hepatite,2026,14,0.0348,0.35,False,baixa,2.34,1,tests=1 (imp=0.0458); tests_lag1=nan (imp=0.0495); tests_ma4=nan (imp=0.306); tests_ma8=nan (imp=0.486); tests_trend=nan (imp=0.0213),Predito,sklearn_gb_pressao_familia_v1,pressao_v1
MALHADA,hepatite,2025,35,0.0348,0.35,False,baixa,1.64,1,tests=1 (imp=0.0458); tests_lag1=nan (imp=0.0495); tests_ma4=nan (imp=0.306); tests_ma8=nan (imp=0.486); tests_trend=nan (imp=0.0213),Predito,sklearn_gb_pressao_familia_v1,pressao_v1
BONITO,hepatite,2025,13,0.0343,0.35,False,baixa,1.42,2,tests=2 (imp=0.0458); tests_lag1=nan (imp=0.0495); tests_ma4=nan (imp=0.306); tests_ma8=nan (imp=0.486); tests_trend=nan (imp=0.0213),Predito,sklearn_gb_pressao_familia_v1,pressao_v1
SAO JOAO DE MERITI,respiratorio,2026,24,0.0341,0.35,False,baixa,1.67,1,tests=1 (imp=0.0304); tests_lag1=nan (imp=0.0454); tests_ma4=nan (imp=0.0783); tests_ma8=nan (imp=0.212); tests_trend=nan (imp=0.0585),Predito,sklearn_gb_pressao_familia_v1,pressao_v1
CAMACARI,respiratorio,2026,16,0.0341,0.35,False,baixa,1.03,1,tests=1 (imp=0.0304); tests_lag1=nan (imp=0.0454); tests_ma4=nan (imp=0.0783); tests_ma8=nan (imp=0.212); tests_trend=nan (imp=0.0585),Predito,sklearn_gb_pressao_familia_v1,pressao_v1
MURUTINGA DO SUL,respiratorio,2026,16,0.0341,0.35,False,baixa,1.03,1,tests=1 (imp=0.0304); tests_lag1=nan (imp=0.0454); tests_ma4=nan (imp=0.0783); tests_ma8=nan (imp=0.212); tests_trend=nan (imp=0.0585),Predito,sklearn_gb_pressao_familia_v1,pressao_v1
BRAGANCA,respiratorio,2025,33,0.0341,0.35,False,baixa,1.59,1,tests=1 (imp=0.0304); tests_lag1=nan (imp=0.0454); tests_ma4=nan (imp=0.0783); tests_ma8=nan (imp=0.212); tests_trend=nan (imp=0.0585),Predito,sklearn_gb_pressao_familia_v1,pressao_v1
ARAL MOREIRA,respiratorio,2025,5,0.0341,0.35,False,baixa,1.58,2,tests_ma4=2 (imp=0.0783); indice_pressao_proxy=1.58 (imp=0.0587); tests_lag1=2 (imp=0.0454); tests=2 (imp=0.0304); tests_ma8=nan (imp=0.212),Predito,sklearn_gb_pressao_familia_v1,pressao_v1
BRASILIA,respiratorio,2026,34,0.0341,0.35,False,baixa,1.51,1,tests_pct_estadual=0.333 (imp=0.468); tests_ma4=1 (imp=0.0783); tests_lag1=1 (imp=0.0454); tests=1 (imp=0.0304); tests_ma8=nan (imp=0.212),Predito,sklearn_gb_pressao_familia_v1,pressao_v1
SANTA RITA DO TRIVELATO,respiratorio,2026,10,0.0341,0.35,False,baixa,1.52,1,tests_ma4=1.5 (imp=0.0783); tests_pct_estadual=0.232 (imp=0.468); tests_lag1=2 (imp=0.0454); tests=1 (imp=0.0304); tests_ma8=nan (imp=0.212),Predito,sklearn_gb_pressao_familia_v1,pressao_v1
MISSAL,respiratorio,2025,34,0.0341,0.35,False,baixa,1.2,1,tests=1 (imp=0.0304); tests_lag1=nan (imp=0.0454); tests_ma4=nan (imp=0.0783); tests_ma8=nan (imp=0.212); tests_trend=nan (imp=0.0585),Predito,sklearn_gb_pressao_familia_v1,pressao_v1
BRAGA,respiratorio,2026,16,0.0341,0.35,False,baixa,1.03,1,tests=1 (imp=0.0304); tests_lag1=nan (imp=0.0454); tests_ma4=nan (imp=0.0783); tests_ma8=nan (imp=0.212); tests_trend=nan (imp=0.0585),Predito,sklearn_gb_pressao_familia_v1,pressao_v1
ARAPIRACA,respiratorio,2026,16,0.0341,0.35,False,baixa,1.03,1,tests=1 (imp=0.0304); tests_lag1=nan (imp=0.0454); tests_ma4=nan (imp=0.0783); tests_ma8=nan (imp=0.212); tests_trend=nan (imp=0.0585),Predito,sklearn_gb_pressao_familia_v1,pressao_v1
ITATIAIUCU,respiratorio,2025,29,0.0341,0.35,False,baixa,1.14,1,tests=1 (imp=0.0304); tests_lag1=nan (imp=0.0454); tests_ma4=nan (imp=0.0783); tests_ma8=nan (imp=0.212); tests_trend=nan (imp=0.0585),Predito,sklearn_gb_pressao_familia_v1,pressao_v1
CAPELA DO ALTO ALEGRE,respiratorio,2026,19,0.0341,0.35,False,baixa,1.53,1,tests=1 (imp=0.0304); tests_lag1=nan (imp=0.0454); tests_ma4=nan (imp=0.0783); tests_ma8=nan (imp=0.212); tests_trend=nan (imp=0.0585),Predito,sklearn_gb_pressao_familia_v1,pressao_v1
CABIXI,respiratorio,2025,29,0.0341,0.35,False,baixa,1.14,1,tests=1 (imp=0.0304); tests_lag1=nan (imp=0.0454); tests_ma4=nan (imp=0.0783); tests_ma8=nan (imp=0.212); tests_trend=nan (imp=0.0585),Predito,sklearn_gb_pressao_familia_v1,pressao_v1
ALTAMIRA,respiratorio,2026,16,0.0341,0.35,False,baixa,1.03,1,tests_pct_estadual=0.304 (imp=0.468); tests_ma4=1 (imp=0.0783); tests_lag1=1 (imp=0.0454); tests=1 (imp=0.0304); tests_ma8=nan (imp=0.212),Predito,sklearn_gb_pressao_familia_v1,pressao_v1
SANTA HELENA DE GOIAS,respiratorio,2026,19,0.0341,0.35,False,baixa,1.53,1,tests=1 (imp=0.0304); tests_lag1=nan (imp=0.0454); tests_ma4=nan (imp=0.0783); tests_ma8=nan (imp=0.212); tests_trend=nan (imp=0.0585),Predito,sklearn_gb_pressao_familia_v1,pressao_v1
RORAINOPOLIS,respiratorio,2025,30,0.0341,0.35,False,baixa,1.41,1,tests=1 (imp=0.0304); tests_lag1=nan (imp=0.0454); tests_ma4=nan (imp=0.0783); tests_ma8=nan (imp=0.212); tests_trend=nan (imp=0.0585),Predito,sklearn_gb_pressao_familia_v1,pressao_v1
CONQUISTA D''OESTE,respiratorio,2026,24,0.0341,0.35,False,baixa,1.67,1,tests_pct_estadual=0.362 (imp=0.468); tests_ma4=1 (imp=0.0783); tests_lag1=1 (imp=0.0454); tests=1 (imp=0.0304); tests_ma8=nan (imp=0.212),Predito,sklearn_gb_pressao_familia_v1,pressao_v1
BOA ESPERANCA DO NORTE,respiratorio,2026,10,0.0341,0.35,False,baixa,1.52,1,tests=1 (imp=0.0304); tests_lag1=nan (imp=0.0454); tests_ma4=nan (imp=0.0783); tests_ma8=nan (imp=0.212); tests_trend=nan (imp=0.0585),Predito,sklearn_gb_pressao_familia_v1,pressao_v1
MARAU,respiratorio,2026,10,0.0341,0.35,False,baixa,1.52,1,tests=1 (imp=0.0304); tests_lag1=nan (imp=0.0454); tests_ma4=nan (imp=0.0783); tests_ma8=nan (imp=0.212); tests_trend=nan (imp=0.0585),Predito,sklearn_gb_pressao_familia_v1,pressao_v1
CURITIBA,respiratorio,2026,23,0.0341,0.35,False,baixa,1.31,1,tests=1 (imp=0.0304); tests_lag1=nan (imp=0.0454); tests_ma4=nan (imp=0.0783); tests_ma8=nan (imp=0.212); tests_trend=nan (imp=0.0585),Predito,sklearn_gb_pressao_familia_v1,pressao_v1
RESERVA DO CABACAL,respiratorio,2025,23,0.0341,0.35,False,baixa,1.37,1,tests_pct_estadual=0.279 (imp=0.468); tests_ma4=1 (imp=0.0783); tests_lag1=1 (imp=0.0454); tests=1 (imp=0.0304); tests_ma8=nan (imp=0.212),Predito,sklearn_gb_pressao_familia_v1,pressao_v1
PETROLINA,respiratorio,2025,23,0.0341,0.35,False,baixa,1.37,1,tests_pct_estadual=0.279 (imp=0.468); tests_ma4=1 (imp=0.0783); tests_lag1=1 (imp=0.0454); tests=1 (imp=0.0304); tests_ma8=nan (imp=0.212),Predito,sklearn_gb_pressao_familia_v1,pressao_v1
ALVORADA D''OESTE,respiratorio,2025,30,0.0341,0.35,False,baixa,1.41,1,tests=1 (imp=0.0304); tests_lag1=nan (imp=0.0454); tests_ma4=nan (imp=0.0783); tests_ma8=nan (imp=0.212); tests_trend=nan (imp=0.0585),Predito,sklearn_gb_pressao_familia_v1,pressao_v1
MACHADINHO D''OESTE,respiratorio,2026,19,0.0341,0.35,False,baixa,1.53,1,tests=1 (imp=0.0304); tests_lag1=nan (imp=0.0454); tests_ma4=nan (imp=0.0783); tests_ma8=nan (imp=0.212); tests_trend=nan (imp=0.0585),Predito,sklearn_gb_pressao_familia_v1,pressao_v1
NOVA MARILANDIA,respiratorio,2026,18,0.0341,0.35,False,baixa,1.02,1,tests=1 (imp=0.0304); tests_lag1=nan (imp=0.0454); tests_ma4=nan (imp=0.0783); tests_ma8=nan (imp=0.212); tests_trend=nan (imp=0.0585),Predito,sklearn_gb_pressao_familia_v1,pressao_v1
BELO HORIZONTE,respiratorio,2025,30,0.0341,0.35,False,baixa,1.41,1,tests=1 (imp=0.0304); tests_lag1=nan (imp=0.0454); tests_ma4=nan (imp=0.0783); tests_ma8=nan (imp=0.212); tests_trend=nan (imp=0.0585),Predito,sklearn_gb_pressao_familia_v1,pressao_v1
PRESIDENTE MEDICI,respiratorio,2026,16,0.0341,0.35,False,baixa,1.03,1,tests=1 (imp=0.0304); tests_lag1=nan (imp=0.0454); tests_ma4=nan (imp=0.0783); tests_ma8=nan (imp=0.212); tests_trend=nan (imp=0.0585),Predito,sklearn_gb_pressao_familia_v1,pressao_v1
SONORA,respiratorio,2025,23,0.0341,0.35,False,baixa,1.37,1,tests_pct_estadual=0.279 (imp=0.468); tests_ma4=1 (imp=0.0783); tests_lag1=1 (imp=0.0454); tests=1 (imp=0.0304); tests_ma8=nan (imp=0.212),Predito,sklearn_gb_pressao_familia_v1,pressao_v1
ERECHIM,respiratorio,2026,23,0.0341,0.35,False,baixa,1.31,1,tests=1 (imp=0.0304); tests_lag1=nan (imp=0.0454); tests_ma4=nan (imp=0.0783); tests_ma8=nan (imp=0.212); tests_trend=nan (imp=0.0585),Predito,sklearn_gb_pressao_familia_v1,pressao_v1
FORTALEZA,respiratorio,2025,29,0.0341,0.35,False,baixa,1.14,1,tests=1 (imp=0.0304); tests_lag1=nan (imp=0.0454); tests_ma4=nan (imp=0.0783); tests_ma8=nan (imp=0.212); tests_trend=nan (imp=0.0585),Predito,sklearn_gb_pressao_familia_v1,pressao_v1
GLORIA D''OESTE,respiratorio,2025,29,0.0341,0.35,False,baixa,1.14,1,tests_ma4=1.5 (imp=0.0783); tests_pct_estadual=0.25 (imp=0.468); tests_lag1=2 (imp=0.0454); tests=1 (imp=0.0304); tests_ma8=nan (imp=0.212),Predito,sklearn_gb_pressao_familia_v1,pressao_v1
NOSSA SENHORA APARECIDA,respiratorio,2026,16,0.0341,0.35,False,baixa,1.03,1,tests=1 (imp=0.0304); tests_lag1=nan (imp=0.0454); tests_ma4=nan (imp=0.0783); tests_ma8=nan (imp=0.212); tests_trend=nan (imp=0.0585),Predito,sklearn_gb_pressao_familia_v1,pressao_v1
CALDAS NOVAS,respiratorio,2026,16,0.0341,0.35,False,baixa,1.03,1,tests=1 (imp=0.0304); tests_lag1=nan (imp=0.0454); tests_ma4=nan (imp=0.0783); tests_ma8=nan (imp=0.212); tests_trend=nan (imp=0.0585),Predito,sklearn_gb_pressao_familia_v1,pressao_v1
MURICILANDIA,respiratorio,2026,22,0.0341,0.35,False,baixa,1.4,1,tests=1 (imp=0.0304); tests_lag1=nan (imp=0.0454); tests_ma4=nan (imp=0.0783); tests_ma8=nan (imp=0.212); tests_trend=nan (imp=0.0585),Predito,sklearn_gb_pressao_familia_v1,pressao_v1
MONTES CLAROS,respiratorio,2026,16,0.0341,0.35,False,baixa,1.03,1,tests=1 (imp=0.0304); tests_lag1=nan (imp=0.0454); tests_ma4=nan (imp=0.0783); tests_ma8=nan (imp=0.212); tests_trend=nan (imp=0.0585),Predito,sklearn_gb_pressao_familia_v1,pressao_v1
TRES LAGOAS,hepatite,2025,31,0.034,0.35,False,baixa,2.27,1,tests=1 (imp=0.0458); tests_lag1=nan (imp=0.0495); tests_ma4=nan (imp=0.306); tests_ma8=nan (imp=0.486); tests_trend=nan (imp=0.0213),Predito,sklearn_gb_pressao_familia_v1,pressao_v1
BOMBINHAS,hepatite,2024,45,0.034,0.35,False,baixa,1.95,1,tests=1 (imp=0.0458); tests_lag1=nan (imp=0.0495); tests_ma4=nan (imp=0.306); tests_ma8=nan (imp=0.486); tests_trend=nan (imp=0.0213),Predito,sklearn_gb_pressao_familia_v1,pressao_v1
JI-PARANA,hepatite,2025,43,0.034,0.35,False,baixa,2.34,1,tests=1 (imp=0.0458); tests_lag1=nan (imp=0.0495); tests_ma4=nan (imp=0.306); tests_ma8=nan (imp=0.486); tests_trend=nan (imp=0.0213),Predito,sklearn_gb_pressao_familia_v1,pressao_v1
PALOTINA,hepatite,2026,20,0.034,0.35,False,baixa,2.0,1,tests=1 (imp=0.0458); tests_lag1=nan (imp=0.0495); tests_ma4=nan (imp=0.306); tests_ma8=nan (imp=0.486); tests_trend=nan (imp=0.0213),Predito,sklearn_gb_pressao_familia_v1,pressao_v1
CATANDUVAS,hepatite,2026,19,0.034,0.35,False,baixa,2.21,1,tests=1 (imp=0.0458); tests_lag1=nan (imp=0.0495); tests_ma4=nan (imp=0.306); tests_ma8=nan (imp=0.486); tests_trend=nan (imp=0.0213),Predito,sklearn_gb_pressao_familia_v1,pressao_v1
SANTA RITA DO TRIVELATO,hepatite,2025,33,0.034,0.35,False,baixa,1.85,1,tests=1 (imp=0.0458); tests_lag1=nan (imp=0.0495); tests_ma4=nan (imp=0.306); tests_ma8=nan (imp=0.486); tests_trend=nan (imp=0.0213),Predito,sklearn_gb_pressao_familia_v1,pressao_v1
CODAJAS,hepatite,2025,46,0.034,0.35,False,baixa,1.83,1,tests=1 (imp=0.0458); tests_lag1=nan (imp=0.0495); tests_ma4=nan (imp=0.306); tests_ma8=nan (imp=0.486); tests_trend=nan (imp=0.0213),Predito,sklearn_gb_pressao_familia_v1,pressao_v1
SANTA HELENA DE GOIAS,hepatite,2025,30,0.034,0.35,False,baixa,1.63,1,tests=1 (imp=0.0458); tests_lag1=nan (imp=0.0495); tests_ma4=nan (imp=0.306); tests_ma8=nan (imp=0.486); tests_trend=nan (imp=0.0213),Predito,sklearn_gb_pressao_familia_v1,pressao_v1
BANNACH,hepatite,2026,20,0.034,0.35,False,baixa,2.0,1,tests=1 (imp=0.0458); tests_lag1=nan (imp=0.0495); tests_ma4=nan (imp=0.306); tests_ma8=nan (imp=0.486); tests_trend=nan (imp=0.0213),Predito,sklearn_gb_pressao_familia_v1,pressao_v1
REDENTORA,hepatite,2025,43,0.034,0.35,False,baixa,2.34,1,tests=1 (imp=0.0458); tests_lag1=nan (imp=0.0495); tests_ma4=nan (imp=0.306); tests_ma8=nan (imp=0.486); tests_trend=nan (imp=0.0213),Predito,sklearn_gb_pressao_familia_v1,pressao_v1
XAXIM,hepatite,2025,10,0.034,0.35,False,baixa,1.72,1,tests=1 (imp=0.0458); tests_lag1=nan (imp=0.0495); tests_ma4=nan (imp=0.306); tests_ma8=nan (imp=0.486); tests_trend=nan (imp=0.0213),Predito,sklearn_gb_pressao_familia_v1,pressao_v1
GUAIRA,hepatite,2026,20,0.034,0.35,False,baixa,2.0,1,tests=1 (imp=0.0458); tests_lag1=nan (imp=0.0495); tests_ma4=nan (imp=0.306); tests_ma8=nan (imp=0.486); tests_trend=nan (imp=0.0213),Predito,sklearn_gb_pressao_familia_v1,pressao_v1
PEIXE,respiratorio,2025,22,0.0336,0.35,False,baixa,1.08,1,tests_ma4=2 (imp=0.0783); tests_lag1=3 (imp=0.0454); tests_pct_estadual=0.0761 (imp=0.468); tests=1 (imp=0.0304); tests_ma8=nan (imp=0.212),Predito,sklearn_gb_pressao_familia_v1,pressao_v1
JOINVILLE,hepatite,2026,8,0.0335,0.35,False,baixa,1.16,1,tests=1 (imp=0.0458); tests_lag1=nan (imp=0.0495); tests_ma4=nan (imp=0.306); tests_ma8=nan (imp=0.486); tests_trend=nan (imp=0.0213),Predito,sklearn_gb_pressao_familia_v1,pressao_v1
FLORIANOPOLIS,hepatite,2026,8,0.0335,0.35,False,baixa,1.16,1,tests=1 (imp=0.0458); tests_lag1=nan (imp=0.0495); tests_ma4=nan (imp=0.306); tests_ma8=nan (imp=0.486); tests_trend=nan (imp=0.0213),Predito,sklearn_gb_pressao_familia_v1,pressao_v1
SAO PEDRO DA CIPA,hepatite,2026,35,0.0335,0.35,False,baixa,1.48,1,tests_ma8=1.25 (imp=0.486); tests_ma4=1 (imp=0.306); indice_pressao_proxy=1.48 (imp=0.0338); tests_lag1=1 (imp=0.0495); tests=1 (imp=0.0458),Predito,sklearn_gb_pressao_familia_v1,pressao_v1
NOVA UBIRATA,hepatite,2026,20,0.0335,0.35,False,baixa,2.0,1,tests_ma8=1.25 (imp=0.486); tests_ma4=1 (imp=0.306); indice_pressao_proxy=2 (imp=0.0338); tests_lag1=1 (imp=0.0495); tests=1 (imp=0.0458),Predito,sklearn_gb_pressao_familia_v1,pressao_v1
NISIA FLORESTA,hepatite,2025,8,0.0335,0.35,False,baixa,1.04,1,tests=1 (imp=0.0458); tests_lag1=nan (imp=0.0495); tests_ma4=nan (imp=0.306); tests_ma8=nan (imp=0.486); tests_trend=nan (imp=0.0213),Predito,sklearn_gb_pressao_familia_v1,pressao_v1
DOM PEDRO,arbovirose,2026,3,0.0334,0.44999999999999996,False,baixa,1.85,1,tests_ma4=2 (imp=0.379); tests_lag1=3 (imp=0.0273); tests_pct_estadual=0.16 (imp=0.414); tests=1 (imp=0.0167); tests_ma8=nan (imp=0.0883),Predito,sklearn_gb_pressao_familia_v1,pressao_v1
OURO PRETO DO OESTE,hepatite,2026,34,0.0333,0.35,False,baixa,2.17,1,tests_ma4=1 (imp=0.306); indice_pressao_proxy=2.17 (imp=0.0338); tests_lag1=1 (imp=0.0495); tests=1 (imp=0.0458); tests_ma8=nan (imp=0.486),Predito,sklearn_gb_pressao_familia_v1,pressao_v1
SAO JOSE DO RIO CLARO,hepatite,2026,34,0.0333,0.35,False,baixa,2.17,1,tests_ma8=1.25 (imp=0.486); tests_ma4=1.25 (imp=0.306); indice_pressao_proxy=2.17 (imp=0.0338); tests_lag1=1 (imp=0.0495); tests=1 (imp=0.0458),Predito,sklearn_gb_pressao_familia_v1,pressao_v1
ALTO ARAGUAIA,hepatite,2026,34,0.0333,0.35,False,baixa,2.17,1,tests_ma8=1.12 (imp=0.486); tests_ma4=1 (imp=0.306); indice_pressao_proxy=2.17 (imp=0.0338); tests_lag1=1 (imp=0.0495); tests=1 (imp=0.0458),Predito,sklearn_gb_pressao_familia_v1,pressao_v1
CASTANHEIRA,respiratorio,2026,14,0.0332,0.35,False,baixa,0.89,1,tests_ma4=2.5 (imp=0.0783); tests_lag1=4 (imp=0.0454); tests_pct_estadual=0.226 (imp=0.468); tests=1 (imp=0.0304); tests_ma8=nan (imp=0.212),Predito,sklearn_gb_pressao_familia_v1,pressao_v1
CAMPINAS,arbovirose,2025,52,0.033,0.44999999999999996,False,baixa,3.52,1,tests_ma4=1.5 (imp=0.379); tests_ma8=1.6 (imp=0.0883); tests_pct_estadual=0.139 (imp=0.414); tests_lag1=2 (imp=0.0273); indice_pressao_proxy=3.52 (imp=0.0141),Predito,sklearn_gb_pressao_familia_v1,pressao_v1
MONTES CLAROS DE GOIAS,arbovirose,2025,47,0.033,0.44999999999999996,False,baixa,1.9,1,tests=1 (imp=0.0167); tests_lag1=nan (imp=0.0273); tests_ma4=nan (imp=0.379); tests_ma8=nan (imp=0.0883); tests_trend=nan (imp=0.0236),Predito,sklearn_gb_pressao_familia_v1,pressao_v1
DENISE,hepatite,2026,14,0.0329,0.35,False,baixa,2.34,1,tests_ma8=1.33 (imp=0.486); tests_ma4=1.33 (imp=0.306); indice_pressao_proxy=2.34 (imp=0.0338); tests_lag1=1 (imp=0.0495); tests=1 (imp=0.0458),Predito,sklearn_gb_pressao_familia_v1,pressao_v1
JANGADA,hepatite,2026,14,0.0329,0.35,False,baixa,2.34,1,tests_ma8=1 (imp=0.486); tests_ma4=1 (imp=0.306); indice_pressao_proxy=2.34 (imp=0.0338); tests_lag1=1 (imp=0.0495); tests=1 (imp=0.0458),Predito,sklearn_gb_pressao_familia_v1,pressao_v1
PATO BRANCO,hepatite,2025,10,0.0322,0.35,False,baixa,1.72,1,tests_ma4=1 (imp=0.306); indice_pressao_proxy=1.72 (imp=0.0338); tests_lag1=1 (imp=0.0495); tests=1 (imp=0.0458); tests_ma8=nan (imp=0.486),Predito,sklearn_gb_pressao_familia_v1,pressao_v1
CAMPOS DE JULIO,hepatite,2026,35,0.0322,0.35,False,baixa,1.48,1,tests_ma8=1.25 (imp=0.486); tests_ma4=1.25 (imp=0.306); indice_pressao_proxy=1.48 (imp=0.0338); tests_lag1=1 (imp=0.0495); tests=1 (imp=0.0458),Predito,sklearn_gb_pressao_familia_v1,pressao_v1
CAMPO GRANDE,hepatite,2026,15,0.0322,0.35,False,baixa,1.71,1,tests_ma8=1 (imp=0.486); tests_ma4=1 (imp=0.306); indice_pressao_proxy=1.71 (imp=0.0338); tests_lag1=1 (imp=0.0495); tests=1 (imp=0.0458),Predito,sklearn_gb_pressao_familia_v1,pressao_v1
ITANHANGA,hepatite,2026,35,0.0322,0.35,False,baixa,1.48,1,tests_ma8=1 (imp=0.486); tests_ma4=1 (imp=0.306); indice_pressao_proxy=1.48 (imp=0.0338); tests_lag1=1 (imp=0.0495); tests=1 (imp=0.0458),Predito,sklearn_gb_pressao_familia_v1,pressao_v1
SAO JOSE,hepatite,2026,15,0.0322,0.35,False,baixa,1.71,1,tests_ma4=1 (imp=0.306); indice_pressao_proxy=1.71 (imp=0.0338); tests_lag1=1 (imp=0.0495); tests=1 (imp=0.0458); tests_ma8=nan (imp=0.486),Predito,sklearn_gb_pressao_familia_v1,pressao_v1
NOVA NAZARE,hepatite,2025,46,0.0322,0.35,False,baixa,1.83,1,tests_ma8=1 (imp=0.486); tests_ma4=1 (imp=0.306); indice_pressao_proxy=1.83 (imp=0.0338); tests_lag1=1 (imp=0.0495); tests=1 (imp=0.0458),Predito,sklearn_gb_pressao_familia_v1,pressao_v1
CURVELANDIA,hepatite,2026,20,0.0322,0.35,False,baixa,2.0,1,tests_ma8=1.12 (imp=0.486); tests_ma4=1.25 (imp=0.306); indice_pressao_proxy=2 (imp=0.0338); tests_lag1=1 (imp=0.0495); tests=1 (imp=0.0458),Predito,sklearn_gb_pressao_familia_v1,pressao_v1
RIO DE JANEIRO,hepatite,2025,23,0.0322,0.35,False,baixa,2.19,1,tests_ma4=1 (imp=0.306); indice_pressao_proxy=2.19 (imp=0.0338); tests_lag1=1 (imp=0.0495); tests=1 (imp=0.0458); tests_ma8=nan (imp=0.486),Predito,sklearn_gb_pressao_familia_v1,pressao_v1
PERITORO,hepatite,2025,15,0.0322,0.35,False,baixa,1.52,1,tests_ma4=1 (imp=0.306); indice_pressao_proxy=1.52 (imp=0.0338); tests_lag1=1 (imp=0.0495); tests=1 (imp=0.0458); tests_ma8=nan (imp=0.486),Predito,sklearn_gb_pressao_familia_v1,pressao_v1
GUIRATINGA,hepatite,2026,35,0.0322,0.35,False,baixa,1.48,1,tests_ma8=1 (imp=0.486); tests_ma4=1 (imp=0.306); indice_pressao_proxy=1.48 (imp=0.0338); tests_lag1=1 (imp=0.0495); tests=1 (imp=0.0458),Predito,sklearn_gb_pressao_familia_v1,pressao_v1
NOVA LACERDA,hepatite,2026,19,0.0322,0.35,False,baixa,2.21,1,tests_ma8=1 (imp=0.486); tests_ma4=1 (imp=0.306); indice_pressao_proxy=2.21 (imp=0.0338); tests_lag1=1 (imp=0.0495); tests=1 (imp=0.0458),Predito,sklearn_gb_pressao_familia_v1,pressao_v1
BARAO DE MELGACO,hepatite,2026,35,0.0322,0.35,False,baixa,1.48,1,tests_ma8=1.25 (imp=0.486); tests_ma4=1.25 (imp=0.306); indice_pressao_proxy=1.48 (imp=0.0338); tests_lag1=1 (imp=0.0495); tests=1 (imp=0.0458),Predito,sklearn_gb_pressao_familia_v1,pressao_v1
ROSARIO OESTE,hepatite,2026,35,0.0322,0.35,False,baixa,1.48,1,tests_ma8=1 (imp=0.486); tests_ma4=1 (imp=0.306); indice_pressao_proxy=1.48 (imp=0.0338); tests_lag1=1 (imp=0.0495); tests=1 (imp=0.0458),Predito,sklearn_gb_pressao_familia_v1,pressao_v1
BOA ESPERANCA DO NORTE,hepatite,2026,35,0.0322,0.35,False,baixa,1.48,1,tests_ma8=1.25 (imp=0.486); tests_ma4=1.25 (imp=0.306); indice_pressao_proxy=1.48 (imp=0.0338); tests_lag1=1 (imp=0.0495); tests=1 (imp=0.0458),Predito,sklearn_gb_pressao_familia_v1,pressao_v1
GENERAL CARNEIRO,hepatite,2025,22,0.0322,0.35,False,baixa,1.49,1,tests_ma4=1 (imp=0.306); indice_pressao_proxy=1.49 (imp=0.0338); tests_lag1=1 (imp=0.0495); tests=1 (imp=0.0458); tests_ma8=nan (imp=0.486),Predito,sklearn_gb_pressao_familia_v1,pressao_v1
RESERVA DO CABACAL,hepatite,2025,23,0.0322,0.35,False,baixa,2.19,1,tests_ma8=1.2 (imp=0.486); tests_ma4=1 (imp=0.306); indice_pressao_proxy=2.19 (imp=0.0338); tests_lag1=1 (imp=0.0495); tests=1 (imp=0.0458),Predito,sklearn_gb_pressao_familia_v1,pressao_v1
FELIZ NATAL,hepatite,2026,20,0.0322,0.35,False,baixa,2.0,1,tests_ma8=1.25 (imp=0.486); tests_ma4=1.25 (imp=0.306); tests_lag1=2 (imp=0.0495); indice_pressao_proxy=2 (imp=0.0338); tests=1 (imp=0.0458),Predito,sklearn_gb_pressao_familia_v1,pressao_v1
PLANALTO DA SERRA,hepatite,2026,20,0.0322,0.35,False,baixa,2.0,1,tests_ma8=1 (imp=0.486); tests_ma4=1 (imp=0.306); indice_pressao_proxy=2 (imp=0.0338); tests_lag1=1 (imp=0.0495); tests=1 (imp=0.0458),Predito,sklearn_gb_pressao_familia_v1,pressao_v1
PONTA PORA,hepatite,2025,40,0.0322,0.35,False,baixa,1.49,1,tests_ma8=1 (imp=0.486); tests_ma4=1 (imp=0.306); indice_pressao_proxy=1.49 (imp=0.0338); tests_lag1=1 (imp=0.0495); tests=1 (imp=0.0458),Predito,sklearn_gb_pressao_familia_v1,pressao_v1
POXOREO,hepatite,2026,35,0.0322,0.35,False,baixa,1.48,1,tests_ma8=1.25 (imp=0.486); tests_ma4=1.25 (imp=0.306); indice_pressao_proxy=1.48 (imp=0.0338); tests_lag1=1 (imp=0.0495); tests=1 (imp=0.0458),Predito,sklearn_gb_pressao_familia_v1,pressao_v1
XINGUARA,hepatite,2025,19,0.0322,0.35,False,baixa,2.01,1,tests_ma4=1 (imp=0.306); indice_pressao_proxy=2.01 (imp=0.0338); tests_lag1=1 (imp=0.0495); tests=1 (imp=0.0458); tests_ma8=nan (imp=0.486),Predito,sklearn_gb_pressao_familia_v1,pressao_v1
ALEGRETE DO PIAUI,arbovirose,2026,7,0.0322,0.44999999999999996,False,baixa,2.65,2,tests_ma4=1.33 (imp=0.379); tests_ma8=1.33 (imp=0.0883); tests_pct_estadual=0.257 (imp=0.414); indice_pressao_proxy=2.65 (imp=0.0141); tests=2 (imp=0.0167),Predito,sklearn_gb_pressao_familia_v1,pressao_v1
VERE,respiratorio,2024,40,0.032,0.35,False,baixa,0.56,1,tests=1 (imp=0.0304); tests_lag1=nan (imp=0.0454); tests_ma4=nan (imp=0.0783); tests_ma8=nan (imp=0.212); tests_trend=nan (imp=0.0585),Predito,sklearn_gb_pressao_familia_v1,pressao_v1
EPITACIOLANDIA,respiratorio,2025,17,0.032,0.35,False,baixa,0.61,1,tests=1 (imp=0.0304); tests_lag1=nan (imp=0.0454); tests_ma4=nan (imp=0.0783); tests_ma8=nan (imp=0.212); tests_trend=nan (imp=0.0585),Predito,sklearn_gb_pressao_familia_v1,pressao_v1
FLORIANOPOLIS,respiratorio,2026,15,0.032,0.35,False,baixa,0.96,1,tests=1 (imp=0.0304); tests_lag1=nan (imp=0.0454); tests_ma4=nan (imp=0.0783); tests_ma8=nan (imp=0.212); tests_trend=nan (imp=0.0585),Predito,sklearn_gb_pressao_familia_v1,pressao_v1
ITAPEVI,respiratorio,2026,13,0.032,0.35,False,baixa,0.92,1,tests=1 (imp=0.0304); tests_lag1=nan (imp=0.0454); tests_ma4=nan (imp=0.0783); tests_ma8=nan (imp=0.212); tests_trend=nan (imp=0.0585),Predito,sklearn_gb_pressao_familia_v1,pressao_v1
GUARAPUAVA,respiratorio,2024,40,0.032,0.35,False,baixa,0.56,1,tests=1 (imp=0.0304); tests_lag1=nan (imp=0.0454); tests_ma4=nan (imp=0.0783); tests_ma8=nan (imp=0.212); tests_trend=nan (imp=0.0585),Predito,sklearn_gb_pressao_familia_v1,pressao_v1
CALCOENE,respiratorio,2026,15,0.032,0.35,False,baixa,0.96,1,tests=1 (imp=0.0304); tests_lag1=nan (imp=0.0454); tests_ma4=nan (imp=0.0783); tests_ma8=nan (imp=0.212); tests_trend=nan (imp=0.0585),Predito,sklearn_gb_pressao_familia_v1,pressao_v1
PARAGOMINAS,respiratorio,2026,17,0.032,0.35,False,baixa,0.81,1,tests_pct_estadual=0.308 (imp=0.468); tests_ma4=1 (imp=0.0783); tests_lag1=1 (imp=0.0454); tests=1 (imp=0.0304); tests_ma8=nan (imp=0.212),Predito,sklearn_gb_pressao_familia_v1,pressao_v1
PONTAL DO ARAGUAIA,respiratorio,2026,13,0.032,0.35,False,baixa,0.92,1,tests_ma4=1.5 (imp=0.0783); tests_pct_estadual=0.236 (imp=0.468); tests_lag1=2 (imp=0.0454); tests=1 (imp=0.0304); tests_ma8=nan (imp=0.212),Predito,sklearn_gb_pressao_familia_v1,pressao_v1
CANABRAVA DO NORTE,respiratorio,2026,15,0.032,0.35,False,baixa,0.96,1,tests=1 (imp=0.0304); tests_lag1=nan (imp=0.0454); tests_ma4=nan (imp=0.0783); tests_ma8=nan (imp=0.212); tests_trend=nan (imp=0.0585),Predito,sklearn_gb_pressao_familia_v1,pressao_v1
APUCARANA,respiratorio,2026,13,0.032,0.35,False,baixa,0.92,1,tests_pct_estadual=0.236 (imp=0.468); tests_ma4=1 (imp=0.0783); tests_lag1=1 (imp=0.0454); tests=1 (imp=0.0304); tests_ma8=nan (imp=0.212),Predito,sklearn_gb_pressao_familia_v1,pressao_v1
SAO PEDRO DO IGUACU,respiratorio,2026,15,0.032,0.35,False,baixa,0.96,1,tests=1 (imp=0.0304); tests_lag1=nan (imp=0.0454); tests_ma4=nan (imp=0.0783); tests_ma8=nan (imp=0.212); tests_trend=nan (imp=0.0585),Predito,sklearn_gb_pressao_familia_v1,pressao_v1
CHAPADAO DO CEU,respiratorio,2026,17,0.032,0.35,False,baixa,0.81,1,tests=1 (imp=0.0304); tests_lag1=nan (imp=0.0454); tests_ma4=nan (imp=0.0783); tests_ma8=nan (imp=0.212); tests_trend=nan (imp=0.0585),Predito,sklearn_gb_pressao_familia_v1,pressao_v1
VALE DE SAO DOMINGOS,respiratorio,2026,15,0.032,0.35,False,baixa,0.96,1,tests=1 (imp=0.0304); tests_lag1=nan (imp=0.0454); tests_ma4=nan (imp=0.0783); tests_ma8=nan (imp=0.212); tests_trend=nan (imp=0.0585),Predito,sklearn_gb_pressao_familia_v1,pressao_v1
SAO JOSE DOS CAMPOS,respiratorio,2026,17,0.032,0.35,False,baixa,0.81,1,tests=1 (imp=0.0304); tests_lag1=nan (imp=0.0454); tests_ma4=nan (imp=0.0783); tests_ma8=nan (imp=0.212); tests_trend=nan (imp=0.0585),Predito,sklearn_gb_pressao_familia_v1,pressao_v1
ALENQUER,respiratorio,2026,14,0.032,0.35,False,baixa,0.89,1,tests=1 (imp=0.0304); tests_lag1=nan (imp=0.0454); tests_ma4=nan (imp=0.0783); tests_ma8=nan (imp=0.212); tests_trend=nan (imp=0.0585),Predito,sklearn_gb_pressao_familia_v1,pressao_v1
BAURU,respiratorio,2026,17,0.032,0.35,False,baixa,0.81,1,tests=1 (imp=0.0304); tests_lag1=nan (imp=0.0454); tests_ma4=nan (imp=0.0783); tests_ma8=nan (imp=0.212); tests_trend=nan (imp=0.0585),Predito,sklearn_gb_pressao_familia_v1,pressao_v1
LAGO DA PEDRA,respiratorio,2026,14,0.032,0.35,False,baixa,0.89,1,tests=1 (imp=0.0304); tests_lag1=nan (imp=0.0454); tests_ma4=nan (imp=0.0783); tests_ma8=nan (imp=0.212); tests_trend=nan (imp=0.0585),Predito,sklearn_gb_pressao_familia_v1,pressao_v1
TESOURO,respiratorio,2026,17,0.032,0.35,False,baixa,0.81,1,tests_pct_estadual=0.308 (imp=0.468); tests_ma4=1 (imp=0.0783); tests_lag1=1 (imp=0.0454); tests=1 (imp=0.0304); tests_ma8=nan (imp=0.212),Predito,sklearn_gb_pressao_familia_v1,pressao_v1
FOZ DO IGUACU,hepatite,2025,13,0.0318,0.35,False,baixa,0.71,1,tests=1 (imp=0.0458); tests_lag1=nan (imp=0.0495); tests_ma4=nan (imp=0.306); tests_ma8=nan (imp=0.486); tests_trend=nan (imp=0.0213),Predito,sklearn_gb_pressao_familia_v1,pressao_v1
OLIVENCA,respiratorio,2025,42,0.0317,0.35,False,baixa,2.15,1,tests=1 (imp=0.0304); tests_lag1=nan (imp=0.0454); tests_ma4=nan (imp=0.0783); tests_ma8=nan (imp=0.212); tests_trend=nan (imp=0.0585),Predito,sklearn_gb_pressao_familia_v1,pressao_v1
CAPIXABA,respiratorio,2025,28,0.0317,0.35,False,baixa,2.14,1,tests=1 (imp=0.0304); tests_lag1=nan (imp=0.0454); tests_ma4=nan (imp=0.0783); tests_ma8=nan (imp=0.212); tests_trend=nan (imp=0.0585),Predito,sklearn_gb_pressao_familia_v1,pressao_v1
ARARIPINA,respiratorio,2026,26,0.0317,0.35,False,baixa,1.98,1,tests=1 (imp=0.0304); tests_lag1=nan (imp=0.0454); tests_ma4=nan (imp=0.0783); tests_ma8=nan (imp=0.212); tests_trend=nan (imp=0.0585),Predito,sklearn_gb_pressao_familia_v1,pressao_v1
PORTO FRANCO,respiratorio,2025,25,0.0317,0.35,False,baixa,2.29,1,tests=1 (imp=0.0304); tests_lag1=nan (imp=0.0454); tests_ma4=nan (imp=0.0783); tests_ma8=nan (imp=0.212); tests_trend=nan (imp=0.0585),Predito,sklearn_gb_pressao_familia_v1,pressao_v1
JUSCIMEIRA,respiratorio,2026,11,0.0317,0.35,False,baixa,1.82,1,tests_pct_estadual=0.3 (imp=0.468); tests_ma4=1 (imp=0.0783); tests_lag1=1 (imp=0.0454); tests=1 (imp=0.0304); tests_ma8=nan (imp=0.212),Predito,sklearn_gb_pressao_familia_v1,pressao_v1
CAXIAS,respiratorio,2026,21,0.0317,0.35,False,baixa,1.71,1,tests_pct_estadual=0.312 (imp=0.468); tests_ma4=1 (imp=0.0783); tests_lag1=1 (imp=0.0454); tests=1 (imp=0.0304); tests_ma8=nan (imp=0.212),Predito,sklearn_gb_pressao_familia_v1,pressao_v1
TAILANDIA,respiratorio,2025,41,0.0317,0.35,False,baixa,1.93,1,tests=1 (imp=0.0304); tests_lag1=nan (imp=0.0454); tests_ma4=nan (imp=0.0783); tests_ma8=nan (imp=0.212); tests_trend=nan (imp=0.0585),Predito,sklearn_gb_pressao_familia_v1,pressao_v1
PLACIDO DE CASTRO,respiratorio,2026,25,0.0317,0.35,False,baixa,1.9,1,tests=1 (imp=0.0304); tests_lag1=nan (imp=0.0454); tests_ma4=nan (imp=0.0783); tests_ma8=nan (imp=0.212); tests_trend=nan (imp=0.0585),Predito,sklearn_gb_pressao_familia_v1,pressao_v1
ARARANGUA,respiratorio,2026,28,0.0317,0.35,False,baixa,1.92,1,tests=1 (imp=0.0304); tests_lag1=nan (imp=0.0454); tests_ma4=nan (imp=0.0783); tests_ma8=nan (imp=0.212); tests_trend=nan (imp=0.0585),Predito,sklearn_gb_pressao_familia_v1,pressao_v1
CAPANEMA,respiratorio,2026,25,0.0317,0.35,False,baixa,1.9,1,tests=1 (imp=0.0304); tests_lag1=nan (imp=0.0454); tests_ma4=nan (imp=0.0783); tests_ma8=nan (imp=0.212); tests_trend=nan (imp=0.0585),Predito,sklearn_gb_pressao_familia_v1,pressao_v1
ALTO PARAISO,respiratorio,2025,43,0.0317,0.35,False,baixa,2.56,1,tests=1 (imp=0.0304); tests_lag1=nan (imp=0.0454); tests_ma4=nan (imp=0.0783); tests_ma8=nan (imp=0.212); tests_trend=nan (imp=0.0585),Predito,sklearn_gb_pressao_familia_v1,pressao_v1
PORTO ALEGRE,respiratorio,2026,20,0.0317,0.35,False,baixa,2.25,1,tests=1 (imp=0.0304); tests_lag1=nan (imp=0.0454); tests_ma4=nan (imp=0.0783); tests_ma8=nan (imp=0.212); tests_trend=nan (imp=0.0585),Predito,sklearn_gb_pressao_familia_v1,pressao_v1
SERRA NOVA DOURADA,respiratorio,2026,35,0.0317,0.35,False,baixa,2.5,1,tests_pct_estadual=0.333 (imp=0.468); tests_ma4=1 (imp=0.0783); tests_lag1=1 (imp=0.0454); tests=1 (imp=0.0304); tests_ma8=nan (imp=0.212),Predito,sklearn_gb_pressao_familia_v1,pressao_v1
SIDROLANDIA,respiratorio,2026,30,0.0317,0.35,False,baixa,2.42,1,tests=1 (imp=0.0304); tests_lag1=nan (imp=0.0454); tests_ma4=nan (imp=0.0783); tests_ma8=nan (imp=0.212); tests_trend=nan (imp=0.0585),Predito,sklearn_gb_pressao_familia_v1,pressao_v1
MONTES ALTOS,respiratorio,2025,39,0.0317,0.35,False,baixa,2.32,1,tests=1 (imp=0.0304); tests_lag1=nan (imp=0.0454); tests_ma4=nan (imp=0.0783); tests_ma8=nan (imp=0.212); tests_trend=nan (imp=0.0585),Predito,sklearn_gb_pressao_familia_v1,pressao_v1
DOURADOS,respiratorio,2026,35,0.0317,0.35,False,baixa,2.5,1,tests_pct_estadual=0.333 (imp=0.468); tests_ma4=1 (imp=0.0783); tests_lag1=1 (imp=0.0454); tests=1 (imp=0.0304); tests_ma8=nan (imp=0.212),Predito,sklearn_gb_pressao_familia_v1,pressao_v1
REDENTORA,respiratorio,2025,46,0.0317,0.35,False,baixa,2.58,1,tests=1 (imp=0.0304); tests_lag1=nan (imp=0.0454); tests_ma4=nan (imp=0.0783); tests_ma8=nan (imp=0.212); tests_trend=nan (imp=0.0585),Predito,sklearn_gb_pressao_familia_v1,pressao_v1
NOVO MUNDO,respiratorio,2026,33,0.0317,0.35,False,baixa,1.96,1,tests=1 (imp=0.0304); tests_lag1=nan (imp=0.0454); tests_ma4=nan (imp=0.0783); tests_ma8=nan (imp=0.212); tests_trend=nan (imp=0.0585),Predito,sklearn_gb_pressao_familia_v1,pressao_v1
PEDRA PRETA,respiratorio,2026,29,0.0317,0.35,False,baixa,2.06,1,tests_pct_estadual=0.364 (imp=0.468); tests_ma4=1.5 (imp=0.0783); tests_lag1=2 (imp=0.0454); tests=1 (imp=0.0304); tests_ma8=nan (imp=0.212),Predito,sklearn_gb_pressao_familia_v1,pressao_v1
PENAPOLIS,respiratorio,2026,33,0.0317,0.35,False,baixa,1.96,1,tests=1 (imp=0.0304); tests_lag1=nan (imp=0.0454); tests_ma4=nan (imp=0.0783); tests_ma8=nan (imp=0.212); tests_trend=nan (imp=0.0585),Predito,sklearn_gb_pressao_familia_v1,pressao_v1
VILA VELHA,respiratorio,2026,26,0.0317,0.35,False,baixa,1.98,1,tests=1 (imp=0.0304); tests_lag1=nan (imp=0.0454); tests_ma4=nan (imp=0.0783); tests_ma8=nan (imp=0.212); tests_trend=nan (imp=0.0585),Predito,sklearn_gb_pressao_familia_v1,pressao_v1
ARACOIABA DA SERRA,respiratorio,2024,41,0.0317,0.35,False,baixa,2.13,1,tests=1 (imp=0.0304); tests_lag1=nan (imp=0.0454); tests_ma4=nan (imp=0.0783); tests_ma8=nan (imp=0.212); tests_trend=nan (imp=0.0585),Predito,sklearn_gb_pressao_familia_v1,pressao_v1
IGACI,respiratorio,2024,41,0.0317,0.35,False,baixa,2.13,1,tests=1 (imp=0.0304); tests_lag1=nan (imp=0.0454); tests_ma4=nan (imp=0.0783); tests_ma8=nan (imp=0.212); tests_trend=nan (imp=0.0585),Predito,sklearn_gb_pressao_familia_v1,pressao_v1
CORURIPE,respiratorio,2026,20,0.0317,0.35,False,baixa,2.25,1,tests_pct_estadual=0.307 (imp=0.468); tests_ma4=1 (imp=0.0783); tests_lag1=1 (imp=0.0454); tests=1 (imp=0.0304); tests_ma8=nan (imp=0.212),Predito,sklearn_gb_pressao_familia_v1,pressao_v1
BELEM,respiratorio,2026,20,0.0317,0.35,False,baixa,2.25,1,tests=1 (imp=0.0304); tests_lag1=nan (imp=0.0454); tests_ma4=nan (imp=0.0783); tests_ma8=nan (imp=0.212); tests_trend=nan (imp=0.0585),Predito,sklearn_gb_pressao_familia_v1,pressao_v1
URUPA,respiratorio,2026,35,0.0317,0.35,False,baixa,2.5,1,tests=1 (imp=0.0304); tests_lag1=nan (imp=0.0454); tests_ma4=nan (imp=0.0783); tests_ma8=nan (imp=0.212); tests_trend=nan (imp=0.0585),Predito,sklearn_gb_pressao_familia_v1,pressao_v1
JOAQUIM PIRES,respiratorio,2026,20,0.0317,0.35,False,baixa,2.25,1,tests=1 (imp=0.0304); tests_lag1=nan (imp=0.0454); tests_ma4=nan (imp=0.0783); tests_ma8=nan (imp=0.212); tests_trend=nan (imp=0.0585),Predito,sklearn_gb_pressao_familia_v1,pressao_v1
RUROPOLIS,respiratorio,2026,35,0.0317,0.35,False,baixa,2.5,1,tests=1 (imp=0.0304); tests_lag1=nan (imp=0.0454); tests_ma4=nan (imp=0.0783); tests_ma8=nan (imp=0.212); tests_trend=nan (imp=0.0585),Predito,sklearn_gb_pressao_familia_v1,pressao_v1
PAULO AFONSO,respiratorio,2026,33,0.0317,0.35,False,baixa,1.96,1,tests=1 (imp=0.0304); tests_lag1=nan (imp=0.0454); tests_ma4=nan (imp=0.0783); tests_ma8=nan (imp=0.212); tests_trend=nan (imp=0.0585),Predito,sklearn_gb_pressao_familia_v1,pressao_v1
ARIQUEMES,respiratorio,2026,20,0.0317,0.35,False,baixa,2.25,1,tests=1 (imp=0.0304); tests_lag1=nan (imp=0.0454); tests_ma4=nan (imp=0.0783); tests_ma8=nan (imp=0.212); tests_trend=nan (imp=0.0585),Predito,sklearn_gb_pressao_familia_v1,pressao_v1
CEREJEIRAS,respiratorio,2026,11,0.0317,0.35,False,baixa,1.82,1,tests=1 (imp=0.0304); tests_lag1=nan (imp=0.0454); tests_ma4=nan (imp=0.0783); tests_ma8=nan (imp=0.212); tests_trend=nan (imp=0.0585),Predito,sklearn_gb_pressao_familia_v1,pressao_v1
BARRA MANSA,arbovirose,2026,30,0.0316,0.44999999999999996,False,baixa,1.92,1,tests=1 (imp=0.0167); tests_lag1=nan (imp=0.0273); tests_ma4=nan (imp=0.379); tests_ma8=nan (imp=0.0883); tests_trend=nan (imp=0.0236),Predito,sklearn_gb_pressao_familia_v1,pressao_v1
SANTA ISABEL DO PARA,arbovirose,2026,30,0.0316,0.44999999999999996,False,baixa,1.92,1,tests_ma4=1 (imp=0.379); tests_pct_estadual=0.292 (imp=0.414); tests_ma8=1 (imp=0.0883); tests_lag1=1 (imp=0.0273); indice_pressao_proxy=1.92 (imp=0.0141),Predito,sklearn_gb_pressao_familia_v1,pressao_v1
ANTONIO PRADO,arbovirose,2026,30,0.0316,0.44999999999999996,False,baixa,1.92,1,tests=1 (imp=0.0167); tests_lag1=nan (imp=0.0273); tests_ma4=nan (imp=0.379); tests_ma8=nan (imp=0.0883); tests_trend=nan (imp=0.0236),Predito,sklearn_gb_pressao_familia_v1,pressao_v1
MURUTINGA DO SUL,tuberculose,2026,17,0.0315,0.25,False,baixa,0.89,1,tests=1 (imp=0.0222); tests_lag1=nan (imp=0.0179); tests_ma4=nan (imp=0.466); tests_ma8=nan (imp=0.272); tests_trend=nan (imp=0.0303),Predito,sklearn_gb_pressao_familia_v1,pressao_v1
ISRAELANDIA,tuberculose,2026,18,0.0312,0.25,False,baixa,1.98,1,tests_ma4=1.5 (imp=0.466); indice_pressao_proxy=1.98 (imp=0.024); tests_lag1=2 (imp=0.0179); tests=1 (imp=0.0222); tests_ma8=nan (imp=0.272),Predito,sklearn_gb_pressao_familia_v1,pressao_v1
BIRIGUI,tuberculose,2026,18,0.0312,0.25,False,baixa,1.98,1,tests_ma4=1.5 (imp=0.466); indice_pressao_proxy=1.98 (imp=0.024); tests_lag1=2 (imp=0.0179); tests=1 (imp=0.0222); tests_ma8=nan (imp=0.272),Predito,sklearn_gb_pressao_familia_v1,pressao_v1
BALNEARIO CAMBORIU,arbovirose,2025,14,0.0311,0.44999999999999996,False,baixa,0.78,5,tests_ma4=5 (imp=0.379); tests_pct_estadual=0.59 (imp=0.414); tests_lag1=5 (imp=0.0273); tests=5 (imp=0.0167); tests_ma8=nan (imp=0.0883),Predito,sklearn_gb_pressao_familia_v1,pressao_v1
DEMERVAL LOBAO,tuberculose,2026,16,0.031,0.25,False,baixa,1.02,1,tests=1 (imp=0.0222); tests_lag1=nan (imp=0.0179); tests_ma4=nan (imp=0.466); tests_ma8=nan (imp=0.272); tests_trend=nan (imp=0.0303),Predito,sklearn_gb_pressao_familia_v1,pressao_v1
SAO JOSE DO DIVINO,tuberculose,2026,10,0.031,0.25,False,baixa,0.99,1,tests=1 (imp=0.0222); tests_lag1=nan (imp=0.0179); tests_ma4=nan (imp=0.466); tests_ma8=nan (imp=0.272); tests_trend=nan (imp=0.0303),Predito,sklearn_gb_pressao_familia_v1,pressao_v1
SAO JOSE,tuberculose,2026,16,0.031,0.25,False,baixa,1.02,1,tests_ma4=1.5 (imp=0.466); tests_lag1=2 (imp=0.0179); indice_pressao_proxy=1.02 (imp=0.024); tests=1 (imp=0.0222); tests_ma8=nan (imp=0.272),Predito,sklearn_gb_pressao_familia_v1,pressao_v1
CAFELANDIA,tuberculose,2026,10,0.031,0.25,False,baixa,0.99,1,tests=1 (imp=0.0222); tests_lag1=nan (imp=0.0179); tests_ma4=nan (imp=0.466); tests_ma8=nan (imp=0.272); tests_trend=nan (imp=0.0303),Predito,sklearn_gb_pressao_familia_v1,pressao_v1
LUZIANIA,tuberculose,2026,10,0.031,0.25,False,baixa,0.99,1,tests=1 (imp=0.0222); tests_lag1=nan (imp=0.0179); tests_ma4=nan (imp=0.466); tests_ma8=nan (imp=0.272); tests_trend=nan (imp=0.0303),Predito,sklearn_gb_pressao_familia_v1,pressao_v1
IPORA DO OESTE,tuberculose,2026,16,0.031,0.25,False,baixa,1.02,1,tests=1 (imp=0.0222); tests_lag1=nan (imp=0.0179); tests_ma4=nan (imp=0.466); tests_ma8=nan (imp=0.272); tests_trend=nan (imp=0.0303),Predito,sklearn_gb_pressao_familia_v1,pressao_v1
TOLEDO,arbovirose,2025,50,0.0306,0.44999999999999996,False,baixa,2.33,1,tests_ma4=1.25 (imp=0.379); tests_ma8=1.25 (imp=0.0883); tests_pct_estadual=0.19 (imp=0.414); indice_pressao_proxy=2.33 (imp=0.0141); tests_lag1=1 (imp=0.0273),Predito,sklearn_gb_pressao_familia_v1,pressao_v1
CAPITAO LEONIDAS MARQUES,arbovirose,2025,25,0.0306,0.44999999999999996,False,baixa,2.34,1,tests=1 (imp=0.0167); tests_lag1=nan (imp=0.0273); tests_ma4=nan (imp=0.379); tests_ma8=nan (imp=0.0883); tests_trend=nan (imp=0.0236),Predito,sklearn_gb_pressao_familia_v1,pressao_v1
CARLINDA,arbovirose,2026,12,0.0294,0.44999999999999996,False,baixa,0.84,1,tests_ma4=2 (imp=0.379); tests_ma8=1.88 (imp=0.0883); tests_lag1=4 (imp=0.0273); tests_pct_estadual=0.172 (imp=0.414); tests=1 (imp=0.0167),Predito,sklearn_gb_pressao_familia_v1,pressao_v1
CAPANEMA,arbovirose,2024,39,0.0294,0.44999999999999996,False,baixa,2.5,3,tests=3 (imp=0.0167); tests_lag1=nan (imp=0.0273); tests_ma4=nan (imp=0.379); tests_ma8=nan (imp=0.0883); tests_trend=nan (imp=0.0236),Predito,sklearn_gb_pressao_familia_v1,pressao_v1
SAO JOSE DO CEDRO,arbovirose,2025,44,0.0294,0.44999999999999996,False,baixa,3.33,3,tests=3 (imp=0.0167); tests_lag1=nan (imp=0.0273); tests_ma4=nan (imp=0.379); tests_ma8=nan (imp=0.0883); tests_trend=nan (imp=0.0236),Predito,sklearn_gb_pressao_familia_v1,pressao_v1
SAQUAREMA,arbovirose,2025,42,0.0294,0.44999999999999996,False,baixa,2.69,4,tests=4 (imp=0.0167); tests_lag1=nan (imp=0.0273); tests_ma4=nan (imp=0.379); tests_ma8=nan (imp=0.0883); tests_trend=nan (imp=0.0236),Predito,sklearn_gb_pressao_familia_v1,pressao_v1
SAO JOAO DO CARU,arbovirose,2025,42,0.0294,0.44999999999999996,False,baixa,2.69,4,tests=4 (imp=0.0167); tests_lag1=nan (imp=0.0273); tests_ma4=nan (imp=0.379); tests_ma8=nan (imp=0.0883); tests_trend=nan (imp=0.0236),Predito,sklearn_gb_pressao_familia_v1,pressao_v1
JARU,respiratorio,2025,22,0.0289,0.35,False,baixa,1.08,1,tests_ma4=1 (imp=0.0783); tests_lag1=1 (imp=0.0454); tests_pct_estadual=0.0761 (imp=0.468); tests=1 (imp=0.0304); tests_ma8=nan (imp=0.212),Predito,sklearn_gb_pressao_familia_v1,pressao_v1
SAO FELIPE D''OESTE,respiratorio,2025,13,0.0289,0.35,False,baixa,0.82,1,tests_ma4=1 (imp=0.0783); tests_lag1=1 (imp=0.0454); tests_pct_estadual=0.0909 (imp=0.468); tests=1 (imp=0.0304); tests_ma8=nan (imp=0.212),Predito,sklearn_gb_pressao_familia_v1,pressao_v1
JUAZEIRO,arbovirose,2025,33,0.0283,0.44999999999999996,False,baixa,1.95,3,tests_ma4=4 (imp=0.379); tests_lag1=5 (imp=0.0273); tests_pct_estadual=0.263 (imp=0.414); tests=3 (imp=0.0167); tests_ma8=nan (imp=0.0883),Predito,sklearn_gb_pressao_familia_v1,pressao_v1
LANDRI SALES,arbovirose,2025,33,0.028,0.44999999999999996,False,baixa,1.95,3,tests=3 (imp=0.0167); tests_lag1=nan (imp=0.0273); tests_ma4=nan (imp=0.379); tests_ma8=nan (imp=0.0883); tests_trend=nan (imp=0.0236),Predito,sklearn_gb_pressao_familia_v1,pressao_v1
UNIAO DOS PALMARES,arbovirose,2025,33,0.028,0.44999999999999996,False,baixa,1.95,3,tests=3 (imp=0.0167); tests_lag1=nan (imp=0.0273); tests_ma4=nan (imp=0.379); tests_ma8=nan (imp=0.0883); tests_trend=nan (imp=0.0236),Predito,sklearn_gb_pressao_familia_v1,pressao_v1
ITANHAEM,arbovirose,2026,5,0.028,0.44999999999999996,False,baixa,3.25,3,tests=3 (imp=0.0167); tests_lag1=nan (imp=0.0273); tests_ma4=nan (imp=0.379); tests_ma8=nan (imp=0.0883); tests_trend=nan (imp=0.0236),Predito,sklearn_gb_pressao_familia_v1,pressao_v1
AGUA BOA,arbovirose,2026,36,0.0277,0.44999999999999996,False,baixa,1.12,1,tests_ma4=1.5 (imp=0.379); tests_ma8=1.75 (imp=0.0883); tests_lag1=3 (imp=0.0273); tests_pct_estadual=0.182 (imp=0.414); tests=1 (imp=0.0167),Predito,sklearn_gb_pressao_familia_v1,pressao_v1
PARECIS,arbovirose,2025,17,0.0277,0.44999999999999996,False,baixa,1.33,7,tests=7 (imp=0.0167); tests_lag1=nan (imp=0.0273); tests_ma4=nan (imp=0.379); tests_ma8=nan (imp=0.0883); tests_trend=nan (imp=0.0236),Predito,sklearn_gb_pressao_familia_v1,pressao_v1
PACARAIMA,arbovirose,2026,36,0.0274,0.44999999999999996,False,baixa,1.12,1,tests_ma4=1 (imp=0.379); tests_ma8=1.75 (imp=0.0883); tests_pct_estadual=0.182 (imp=0.414); tests_lag1=1 (imp=0.0273); tests_trend=-0.75 (imp=0.0236),Predito,sklearn_gb_pressao_familia_v1,pressao_v1
LARANJAL DO JARI,arbovirose,2026,24,0.0274,0.44999999999999996,False,baixa,0.77,1,tests_ma4=1.5 (imp=0.379); tests_ma8=1.62 (imp=0.0883); tests_pct_estadual=0.194 (imp=0.414); tests_lag1=2 (imp=0.0273); tests=1 (imp=0.0167),Predito,sklearn_gb_pressao_familia_v1,pressao_v1
BADY BASSITT,arbovirose,2026,11,0.0274,0.44999999999999996,False,baixa,0.87,1,tests_ma4=1.67 (imp=0.379); tests_ma8=1.67 (imp=0.0883); tests_pct_estadual=0.174 (imp=0.414); tests_lag1=2 (imp=0.0273); tests=1 (imp=0.0167),Predito,sklearn_gb_pressao_familia_v1,pressao_v1
PORTO ALEGRE DO NORTE,arbovirose,2026,28,0.0274,0.44999999999999996,False,baixa,0.83,1,tests_ma4=1.75 (imp=0.379); tests_ma8=1.83 (imp=0.0883); tests_pct_estadual=0.163 (imp=0.414); tests_lag1=1 (imp=0.0273); tests=1 (imp=0.0167),Predito,sklearn_gb_pressao_familia_v1,pressao_v1
OURILANDIA DO NORTE,arbovirose,2026,24,0.0274,0.44999999999999996,False,baixa,0.77,1,tests_ma4=1.25 (imp=0.379); tests_ma8=1.6 (imp=0.0883); tests_pct_estadual=0.194 (imp=0.414); tests_lag1=2 (imp=0.0273); tests=1 (imp=0.0167),Predito,sklearn_gb_pressao_familia_v1,pressao_v1
COROATA,arbovirose,2026,20,0.0274,0.44999999999999996,False,baixa,1.32,1,tests_ma4=1.5 (imp=0.379); tests_ma8=1.5 (imp=0.0883); tests_pct_estadual=0.197 (imp=0.414); tests_lag1=1 (imp=0.0273); indice_pressao_proxy=1.32 (imp=0.0141),Predito,sklearn_gb_pressao_familia_v1,pressao_v1
CAXIAS,arbovirose,2026,36,0.0274,0.44999999999999996,False,baixa,1.12,1,tests_ma4=1.75 (imp=0.379); tests_ma8=1.88 (imp=0.0883); tests_pct_estadual=0.182 (imp=0.414); tests_lag1=1 (imp=0.0273); tests=1 (imp=0.0167),Predito,sklearn_gb_pressao_familia_v1,pressao_v1
NOVO HORIZONTE DO NORTE,arbovirose,2026,28,0.0274,0.44999999999999996,False,baixa,0.83,1,tests_ma4=1 (imp=0.379); tests_ma8=1.75 (imp=0.0883); tests_pct_estadual=0.163 (imp=0.414); tests_lag1=1 (imp=0.0273); tests_trend=-0.75 (imp=0.0236),Predito,sklearn_gb_pressao_familia_v1,pressao_v1
DOIS VIZINHOS,arbovirose,2026,32,0.0272,0.44999999999999996,False,baixa,1.77,1,tests_ma4=1 (imp=0.379); tests_pct_estadual=0.179 (imp=0.414); tests_lag1=1 (imp=0.0273); tests=1 (imp=0.0167); tests_ma8=nan (imp=0.0883),Predito,sklearn_gb_pressao_familia_v1,pressao_v1
MARANHAOZINHO,arbovirose,2025,32,0.027,0.44999999999999996,False,baixa,1.96,3,tests_ma4=2 (imp=0.379); tests_pct_estadual=0.176 (imp=0.414); tests=3 (imp=0.0167); tests_lag1=1 (imp=0.0273); tests_ma8=nan (imp=0.0883),Predito,sklearn_gb_pressao_familia_v1,pressao_v1
ARIQUEMES,arbovirose,2026,10,0.0268,0.44999999999999996,False,baixa,1.72,2,tests_ma4=2 (imp=0.379); tests_ma8=1.62 (imp=0.0883); tests_pct_estadual=0.276 (imp=0.414); tests_lag1=2 (imp=0.0273); tests=2 (imp=0.0167),Predito,sklearn_gb_pressao_familia_v1,pressao_v1
IRITUIA,arbovirose,2024,52,0.0264,0.44999999999999996,False,baixa,1.1,4,tests_ma4=4.5 (imp=0.379); tests_pct_estadual=0.381 (imp=0.414); tests_lag1=5 (imp=0.0273); tests=4 (imp=0.0167); tests_ma8=nan (imp=0.0883),Predito,sklearn_gb_pressao_familia_v1,pressao_v1
BIGUACU,arbovirose,2025,19,0.0264,0.44999999999999996,False,baixa,0.66,2,tests_ma4=3.5 (imp=0.379); tests_pct_estadual=0.431 (imp=0.414); tests_lag1=5 (imp=0.0273); tests=2 (imp=0.0167); tests_ma8=nan (imp=0.0883),Predito,sklearn_gb_pressao_familia_v1,pressao_v1
BRAGANCA,arbovirose,2025,19,0.0261,0.44999999999999996,False,baixa,0.66,2,tests_ma4=1.5 (imp=0.379); tests_pct_estadual=0.431 (imp=0.414); tests=2 (imp=0.0167); tests_lag1=1 (imp=0.0273); tests_ma8=nan (imp=0.0883),Predito,sklearn_gb_pressao_familia_v1,pressao_v1
FARIAS BRITO,arbovirose,2025,19,0.0261,0.44999999999999996,False,baixa,0.66,2,tests_ma4=1.5 (imp=0.379); tests_pct_estadual=0.431 (imp=0.414); tests=2 (imp=0.0167); tests_lag1=1 (imp=0.0273); tests_ma8=nan (imp=0.0883),Predito,sklearn_gb_pressao_familia_v1,pressao_v1
BOCA DO ACRE,arbovirose,2025,11,0.0261,0.44999999999999996,False,baixa,0.71,2,tests=2 (imp=0.0167); tests_lag1=nan (imp=0.0273); tests_ma4=nan (imp=0.379); tests_ma8=nan (imp=0.0883); tests_trend=nan (imp=0.0236),Predito,sklearn_gb_pressao_familia_v1,pressao_v1
RUROPOLIS,arbovirose,2025,21,0.0261,0.44999999999999996,False,baixa,0.17,1,tests_ma4=1.25 (imp=0.379); tests_ma8=1.5 (imp=0.0883); tests_pct_estadual=0.152 (imp=0.414); tests_lag1=2 (imp=0.0273); tests=1 (imp=0.0167),Predito,sklearn_gb_pressao_familia_v1,pressao_v1
JOIA,arbovirose,2025,19,0.0261,0.44999999999999996,False,baixa,0.66,2,tests=2 (imp=0.0167); tests_lag1=nan (imp=0.0273); tests_ma4=nan (imp=0.379); tests_ma8=nan (imp=0.0883); tests_trend=nan (imp=0.0236),Predito,sklearn_gb_pressao_familia_v1,pressao_v1
AURIFLAMA,arbovirose,2025,15,0.0261,0.44999999999999996,False,baixa,0.61,2,tests=2 (imp=0.0167); tests_lag1=nan (imp=0.0273); tests_ma4=nan (imp=0.379); tests_ma8=nan (imp=0.0883); tests_trend=nan (imp=0.0236),Predito,sklearn_gb_pressao_familia_v1,pressao_v1
TUCUMA,arbovirose,2025,11,0.0261,0.44999999999999996,False,baixa,0.71,2,tests=2 (imp=0.0167); tests_lag1=nan (imp=0.0273); tests_ma4=nan (imp=0.379); tests_ma8=nan (imp=0.0883); tests_trend=nan (imp=0.0236),Predito,sklearn_gb_pressao_familia_v1,pressao_v1
CABEDELO,arbovirose,2025,11,0.0261,0.44999999999999996,False,baixa,0.71,2,tests_ma4=2 (imp=0.379); tests_pct_estadual=0.475 (imp=0.414); tests_lag1=2 (imp=0.0273); tests=2 (imp=0.0167); tests_ma8=nan (imp=0.0883),Predito,sklearn_gb_pressao_familia_v1,pressao_v1
CAMOCIM,arbovirose,2025,24,0.0259,0.44999999999999996,False,baixa,1.11,3,tests_ma4=3 (imp=0.379); tests_pct_estadual=0.522 (imp=0.414); tests_lag1=3 (imp=0.0273); tests=3 (imp=0.0167); tests_ma8=nan (imp=0.0883),Predito,sklearn_gb_pressao_familia_v1,pressao_v1
REDENCAO,arbovirose,2025,23,0.0258,0.44999999999999996,False,baixa,0.66,3,tests_ma4=1.5 (imp=0.379); tests_pct_estadual=0.618 (imp=0.414); tests_ma8=1.29 (imp=0.0883); tests=3 (imp=0.0167); tests_lag1=1 (imp=0.0273),Predito,sklearn_gb_pressao_familia_v1,pressao_v1
ITUMBIARA,arbovirose,2026,16,0.0258,0.44999999999999996,False,baixa,0.74,1,tests_ma4=2 (imp=0.379); tests_ma8=1.86 (imp=0.0883); tests_lag1=4 (imp=0.0273); tests_pct_estadual=0.156 (imp=0.414); tests=1 (imp=0.0167),Predito,sklearn_gb_pressao_familia_v1,pressao_v1
IPIXUNA DO PARA,arbovirose,2025,22,0.0258,0.44999999999999996,False,baixa,0.98,4,tests_ma4=2 (imp=0.379); tests_pct_estadual=0.583 (imp=0.414); tests_ma8=1.8 (imp=0.0883); tests=4 (imp=0.0167); tests_lag1=1 (imp=0.0273),Predito,sklearn_gb_pressao_familia_v1,pressao_v1
URUCARA,arbovirose,2025,24,0.0257,0.44999999999999996,False,baixa,1.11,3,tests_ma4=2 (imp=0.379); tests_pct_estadual=0.522 (imp=0.414); tests=3 (imp=0.0167); tests_lag1=1 (imp=0.0273); tests_ma8=nan (imp=0.0883),Predito,sklearn_gb_pressao_familia_v1,pressao_v1
BARCARENA,arbovirose,2024,40,0.0257,0.44999999999999996,False,baixa,1.32,3,tests=3 (imp=0.0167); tests_lag1=nan (imp=0.0273); tests_ma4=nan (imp=0.379); tests_ma8=nan (imp=0.0883); tests_trend=nan (imp=0.0236),Predito,sklearn_gb_pressao_familia_v1,pressao_v1
MARECHAL DEODORO,arbovirose,2024,51,0.0257,0.44999999999999996,False,baixa,1.49,4,tests=4 (imp=0.0167); tests_lag1=nan (imp=0.0273); tests_ma4=nan (imp=0.379); tests_ma8=nan (imp=0.0883); tests_trend=nan (imp=0.0236),Predito,sklearn_gb_pressao_familia_v1,pressao_v1
CANTA,arbovirose,2025,15,0.0257,0.44999999999999996,False,baixa,1.52,5,tests=5 (imp=0.0167); tests_lag1=nan (imp=0.0273); tests_ma4=nan (imp=0.379); tests_ma8=nan (imp=0.0883); tests_trend=nan (imp=0.0236),Predito,sklearn_gb_pressao_familia_v1,pressao_v1
AURORA,arbovirose,2024,52,0.0257,0.44999999999999996,False,baixa,1.38,5,tests=5 (imp=0.0167); tests_lag1=nan (imp=0.0273); tests_ma4=nan (imp=0.379); tests_ma8=nan (imp=0.0883); tests_trend=nan (imp=0.0236),Predito,sklearn_gb_pressao_familia_v1,pressao_v1
CIDELANDIA,arbovirose,2024,45,0.0257,0.44999999999999996,False,baixa,1.07,3,tests=3 (imp=0.0167); tests_lag1=nan (imp=0.0273); tests_ma4=nan (imp=0.379); tests_ma8=nan (imp=0.0883); tests_trend=nan (imp=0.0236),Predito,sklearn_gb_pressao_familia_v1,pressao_v1
CENTRO NOVO DO MARANHAO,arbovirose,2024,49,0.0257,0.44999999999999996,False,baixa,1.54,4,tests=4 (imp=0.0167); tests_lag1=nan (imp=0.0273); tests_ma4=nan (imp=0.379); tests_ma8=nan (imp=0.0883); tests_trend=nan (imp=0.0236),Predito,sklearn_gb_pressao_familia_v1,pressao_v1
TERRA SANTA,arbovirose,2025,3,0.0257,0.44999999999999996,False,baixa,1.48,5,tests=5 (imp=0.0167); tests_lag1=nan (imp=0.0273); tests_ma4=nan (imp=0.379); tests_ma8=nan (imp=0.0883); tests_trend=nan (imp=0.0236),Predito,sklearn_gb_pressao_familia_v1,pressao_v1
QUEBRANGULO,arbovirose,2025,4,0.0257,0.44999999999999996,False,baixa,1.47,5,tests=5 (imp=0.0167); tests_lag1=nan (imp=0.0273); tests_ma4=nan (imp=0.379); tests_ma8=nan (imp=0.0883); tests_trend=nan (imp=0.0236),Predito,sklearn_gb_pressao_familia_v1,pressao_v1
SOBRADINHO,arbovirose,2025,24,0.0257,0.44999999999999996,False,baixa,1.11,3,tests=3 (imp=0.0167); tests_lag1=nan (imp=0.0273); tests_ma4=nan (imp=0.379); tests_ma8=nan (imp=0.0883); tests_trend=nan (imp=0.0236),Predito,sklearn_gb_pressao_familia_v1,pressao_v1
SANTA ALBERTINA,arbovirose,2025,12,0.0257,0.44999999999999996,False,baixa,1.13,5,tests=5 (imp=0.0167); tests_lag1=nan (imp=0.0273); tests_ma4=nan (imp=0.379); tests_ma8=nan (imp=0.0883); tests_trend=nan (imp=0.0236),Predito,sklearn_gb_pressao_familia_v1,pressao_v1
BARREIRINHAS,arbovirose,2024,45,0.0257,0.44999999999999996,False,baixa,1.07,3,tests_ma4=2 (imp=0.379); tests_pct_estadual=0.492 (imp=0.414); tests=3 (imp=0.0167); tests_lag1=1 (imp=0.0273); tests_ma8=nan (imp=0.0883),Predito,sklearn_gb_pressao_familia_v1,pressao_v1
NOVA AURORA,arbovirose,2024,49,0.0257,0.44999999999999996,False,baixa,1.54,4,tests=4 (imp=0.0167); tests_lag1=nan (imp=0.0273); tests_ma4=nan (imp=0.379); tests_ma8=nan (imp=0.0883); tests_trend=nan (imp=0.0236),Predito,sklearn_gb_pressao_familia_v1,pressao_v1
LENCOIS,arbovirose,2024,49,0.0257,0.44999999999999996,False,baixa,1.16,3,tests_ma4=2 (imp=0.379); tests_pct_estadual=0.5 (imp=0.414); tests=3 (imp=0.0167); tests_lag1=1 (imp=0.0273); tests_ma8=nan (imp=0.0883),Predito,sklearn_gb_pressao_familia_v1,pressao_v1
SANTA MARIANA,arbovirose,2025,8,0.0257,0.44999999999999996,False,baixa,1.18,4,tests=4 (imp=0.0167); tests_lag1=nan (imp=0.0273); tests_ma4=nan (imp=0.379); tests_ma8=nan (imp=0.0883); tests_trend=nan (imp=0.0236),Predito,sklearn_gb_pressao_familia_v1,pressao_v1
BREJO DE AREIA,arbovirose,2024,45,0.0257,0.44999999999999996,False,baixa,1.07,3,tests=3 (imp=0.0167); tests_lag1=nan (imp=0.0273); tests_ma4=nan (imp=0.379); tests_ma8=nan (imp=0.0883); tests_trend=nan (imp=0.0236),Predito,sklearn_gb_pressao_familia_v1,pressao_v1
TERRA RICA,arbovirose,2025,14,0.0254,0.44999999999999996,False,baixa,0.62,4,tests_ma4=3.5 (imp=0.379); tests_pct_estadual=0.54 (imp=0.414); tests_lag1=3 (imp=0.0273); tests=4 (imp=0.0167); tests_ma8=nan (imp=0.0883),Predito,sklearn_gb_pressao_familia_v1,pressao_v1
MANGUEIRINHA,arbovirose,2025,5,0.0254,0.44999999999999996,False,baixa,1.02,3,tests_ma4=3 (imp=0.379); tests_pct_estadual=0.508 (imp=0.414); tests_lag1=3 (imp=0.0273); tests=3 (imp=0.0167); tests_ma8=nan (imp=0.0883),Predito,sklearn_gb_pressao_familia_v1,pressao_v1
QUIRINOPOLIS,arbovirose,2025,9,0.0254,0.44999999999999996,False,baixa,0.88,3,tests_ma4=4 (imp=0.379); tests_pct_estadual=0.55 (imp=0.414); tests_lag1=5 (imp=0.0273); tests=3 (imp=0.0167); tests_ma8=nan (imp=0.0883),Predito,sklearn_gb_pressao_familia_v1,pressao_v1
BARCELOS,arbovirose,2026,16,0.0254,0.44999999999999996,False,baixa,1.48,2,tests_ma4=1.67 (imp=0.379); tests_ma8=1.67 (imp=0.0883); tests_pct_estadual=0.344 (imp=0.414); tests_lag1=2 (imp=0.0273); tests=2 (imp=0.0167),Predito,sklearn_gb_pressao_familia_v1,pressao_v1
RINOPOLIS,arbovirose,2025,5,0.0254,0.44999999999999996,False,baixa,1.02,3,tests_ma4=3 (imp=0.379); tests_pct_estadual=0.508 (imp=0.414); tests_lag1=3 (imp=0.0273); tests=3 (imp=0.0167); tests_ma8=nan (imp=0.0883),Predito,sklearn_gb_pressao_familia_v1,pressao_v1
CAMPO LARGO,arbovirose,2025,5,0.0254,0.44999999999999996,False,baixa,1.02,3,tests_ma4=3 (imp=0.379); tests_pct_estadual=0.508 (imp=0.414); tests_lag1=3 (imp=0.0273); tests=3 (imp=0.0167); tests_ma8=nan (imp=0.0883),Predito,sklearn_gb_pressao_familia_v1,pressao_v1
JORDAO,arbovirose,2025,5,0.0254,0.44999999999999996,False,baixa,1.02,3,tests_ma4=3 (imp=0.379); tests_pct_estadual=0.508 (imp=0.414); tests_lag1=3 (imp=0.0273); tests=3 (imp=0.0167); tests_ma8=nan (imp=0.0883),Predito,sklearn_gb_pressao_familia_v1,pressao_v1
EUCLIDES DA CUNHA PAULISTA,arbovirose,2025,23,0.0254,0.44999999999999996,False,baixa,0.66,3,tests_ma4=3 (imp=0.379); tests_pct_estadual=0.618 (imp=0.414); tests_lag1=3 (imp=0.0273); tests=3 (imp=0.0167); tests_ma8=nan (imp=0.0883),Predito,sklearn_gb_pressao_familia_v1,pressao_v1
JOAO PESSOA,arbovirose,2025,40,0.0253,0.44999999999999996,False,baixa,0.91,1,tests_ma4=2 (imp=0.379); tests_lag1=3 (imp=0.0273); tests_pct_estadual=0.0926 (imp=0.414); tests=1 (imp=0.0167); tests_ma8=nan (imp=0.0883),Predito,sklearn_gb_pressao_familia_v1,pressao_v1
PATOS,arbovirose,2025,22,0.0251,0.44999999999999996,False,baixa,0.74,3,tests=3 (imp=0.0167); tests_lag1=nan (imp=0.0273); tests_ma4=nan (imp=0.379); tests_ma8=nan (imp=0.0883); tests_trend=nan (imp=0.0236),Predito,sklearn_gb_pressao_familia_v1,pressao_v1
PRAINHA,arbovirose,2025,9,0.0251,0.44999999999999996,False,baixa,0.88,3,tests=3 (imp=0.0167); tests_lag1=nan (imp=0.0273); tests_ma4=nan (imp=0.379); tests_ma8=nan (imp=0.0883); tests_trend=nan (imp=0.0236),Predito,sklearn_gb_pressao_familia_v1,pressao_v1
MEDIANEIRA,arbovirose,2025,5,0.0251,0.44999999999999996,False,baixa,1.02,3,tests=3 (imp=0.0167); tests_lag1=nan (imp=0.0273); tests_ma4=nan (imp=0.379); tests_ma8=nan (imp=0.0883); tests_trend=nan (imp=0.0236),Predito,sklearn_gb_pressao_familia_v1,pressao_v1
POCAO DE PEDRAS,arbovirose,2025,9,0.0251,0.44999999999999996,False,baixa,0.88,3,tests=3 (imp=0.0167); tests_lag1=nan (imp=0.0273); tests_ma4=nan (imp=0.379); tests_ma8=nan (imp=0.0883); tests_trend=nan (imp=0.0236),Predito,sklearn_gb_pressao_familia_v1,pressao_v1
CALDAS NOVAS,arbovirose,2025,4,0.0251,0.44999999999999996,False,baixa,0.88,3,tests=3 (imp=0.0167); tests_lag1=nan (imp=0.0273); tests_ma4=nan (imp=0.379); tests_ma8=nan (imp=0.0883); tests_trend=nan (imp=0.0236),Predito,sklearn_gb_pressao_familia_v1,pressao_v1
COELHO NETO,arbovirose,2025,17,0.0251,0.44999999999999996,False,baixa,0.76,4,tests_ma4=2.5 (imp=0.379); tests_pct_estadual=0.541 (imp=0.414); tests=4 (imp=0.0167); tests_lag1=1 (imp=0.0273); tests_ma8=nan (imp=0.0883),Predito,sklearn_gb_pressao_familia_v1,pressao_v1
AGUDOS,arbovirose,2025,13,0.0251,0.44999999999999996,False,baixa,0.8,5,tests=5 (imp=0.0167); tests_lag1=nan (imp=0.0273); tests_ma4=nan (imp=0.379); tests_ma8=nan (imp=0.0883); tests_trend=nan (imp=0.0236),Predito,sklearn_gb_pressao_familia_v1,pressao_v1
MURICI,arbovirose,2025,22,0.0251,0.44999999999999996,False,baixa,0.74,3,tests_ma4=2.5 (imp=0.379); tests_pct_estadual=0.525 (imp=0.414); tests_lag1=2 (imp=0.0273); tests=3 (imp=0.0167); tests_ma8=nan (imp=0.0883),Predito,sklearn_gb_pressao_familia_v1,pressao_v1
CAMPINACU,arbovirose,2025,5,0.0251,0.44999999999999996,False,baixa,1.02,3,tests=3 (imp=0.0167); tests_lag1=nan (imp=0.0273); tests_ma4=nan (imp=0.379); tests_ma8=nan (imp=0.0883); tests_trend=nan (imp=0.0236),Predito,sklearn_gb_pressao_familia_v1,pressao_v1
COTIA,arbovirose,2025,23,0.0251,0.44999999999999996,False,baixa,0.66,3,tests_ma4=2 (imp=0.379); tests_pct_estadual=0.618 (imp=0.414); tests=3 (imp=0.0167); tests_lag1=1 (imp=0.0273); tests_ma8=nan (imp=0.0883),Predito,sklearn_gb_pressao_familia_v1,pressao_v1
MANDAGUACU,arbovirose,2025,22,0.0251,0.44999999999999996,False,baixa,0.74,3,tests=3 (imp=0.0167); tests_lag1=nan (imp=0.0273); tests_ma4=nan (imp=0.379); tests_ma8=nan (imp=0.0883); tests_trend=nan (imp=0.0236),Predito,sklearn_gb_pressao_familia_v1,pressao_v1
GUANAMBI,arbovirose,2025,5,0.0251,0.44999999999999996,False,baixa,1.02,3,tests_ma4=2 (imp=0.379); tests_pct_estadual=0.508 (imp=0.414); tests=3 (imp=0.0167); tests_lag1=1 (imp=0.0273); tests_ma8=nan (imp=0.0883),Predito,sklearn_gb_pressao_familia_v1,pressao_v1
CAUCAIA,arbovirose,2025,12,0.0251,0.44999999999999996,False,baixa,0.68,3,tests=3 (imp=0.0167); tests_lag1=nan (imp=0.0273); tests_ma4=nan (imp=0.379); tests_ma8=nan (imp=0.0883); tests_trend=nan (imp=0.0236),Predito,sklearn_gb_pressao_familia_v1,pressao_v1
NISIA FLORESTA,arbovirose,2025,9,0.0251,0.44999999999999996,False,baixa,0.88,3,tests=3 (imp=0.0167); tests_lag1=nan (imp=0.0273); tests_ma4=nan (imp=0.379); tests_ma8=nan (imp=0.0883); tests_trend=nan (imp=0.0236),Predito,sklearn_gb_pressao_familia_v1,pressao_v1
PERITORO,arbovirose,2025,8,0.0251,0.44999999999999996,False,baixa,0.89,3,tests_ma4=2.5 (imp=0.379); tests_pct_estadual=0.49 (imp=0.414); tests_lag1=2 (imp=0.0273); tests=3 (imp=0.0167); tests_ma8=nan (imp=0.0883),Predito,sklearn_gb_pressao_familia_v1,pressao_v1
SAO SEBASTIAO DO PARAISO,arbovirose,2026,34,0.025,0.44999999999999996,False,baixa,0.67,1,tests=1 (imp=0.0167); tests_lag1=nan (imp=0.0273); tests_ma4=nan (imp=0.379); tests_ma8=nan (imp=0.0883); tests_trend=nan (imp=0.0236),Predito,sklearn_gb_pressao_familia_v1,pressao_v1
SENA MADUREIRA,arbovirose,2026,23,0.025,0.44999999999999996,False,baixa,0.96,1,tests=1 (imp=0.0167); tests_lag1=nan (imp=0.0273); tests_ma4=nan (imp=0.379); tests_ma8=nan (imp=0.0883); tests_trend=nan (imp=0.0236),Predito,sklearn_gb_pressao_familia_v1,pressao_v1
MARACANA,arbovirose,2026,5,0.025,0.44999999999999996,False,baixa,1.08,1,tests_ma4=1 (imp=0.379); tests_ma8=1 (imp=0.0883); tests_pct_estadual=0.0781 (imp=0.414); tests_lag1=1 (imp=0.0273); tests=1 (imp=0.0167),Predito,sklearn_gb_pressao_familia_v1,pressao_v1
SANTA RITA DO ARAGUAIA,arbovirose,2026,14,0.025,0.44999999999999996,False,baixa,0.79,1,tests=1 (imp=0.0167); tests_lag1=nan (imp=0.0273); tests_ma4=nan (imp=0.379); tests_ma8=nan (imp=0.0883); tests_trend=nan (imp=0.0236),Predito,sklearn_gb_pressao_familia_v1,pressao_v1
TABATINGA,arbovirose,2026,34,0.025,0.44999999999999996,False,baixa,0.67,1,tests=1 (imp=0.0167); tests_lag1=nan (imp=0.0273); tests_ma4=nan (imp=0.379); tests_ma8=nan (imp=0.0883); tests_trend=nan (imp=0.0236),Predito,sklearn_gb_pressao_familia_v1,pressao_v1
FORQUILHINHA,arbovirose,2026,14,0.025,0.44999999999999996,False,baixa,0.79,1,tests=1 (imp=0.0167); tests_lag1=nan (imp=0.0273); tests_ma4=nan (imp=0.379); tests_ma8=nan (imp=0.0883); tests_trend=nan (imp=0.0236),Predito,sklearn_gb_pressao_familia_v1,pressao_v1
ITAPAGIPE,arbovirose,2026,5,0.025,0.44999999999999996,False,baixa,1.08,1,tests=1 (imp=0.0167); tests_lag1=nan (imp=0.0273); tests_ma4=nan (imp=0.379); tests_ma8=nan (imp=0.0883); tests_trend=nan (imp=0.0236),Predito,sklearn_gb_pressao_familia_v1,pressao_v1
CATALAO,arbovirose,2026,14,0.025,0.44999999999999996,False,baixa,0.79,1,tests=1 (imp=0.0167); tests_lag1=nan (imp=0.0273); tests_ma4=nan (imp=0.379); tests_ma8=nan (imp=0.0883); tests_trend=nan (imp=0.0236),Predito,sklearn_gb_pressao_familia_v1,pressao_v1
SANTA INES,arbovirose,2026,19,0.0249,0.44999999999999996,False,baixa,0.93,1,tests_ma4=1.25 (imp=0.379); tests_ma8=1.2 (imp=0.0883); tests_pct_estadual=0.136 (imp=0.414); tests_lag1=2 (imp=0.0273); tests=1 (imp=0.0167),Predito,sklearn_gb_pressao_familia_v1,pressao_v1
HORTOLANDIA,arbovirose,2025,24,0.0248,0.44999999999999996,False,baixa,0.74,2,tests_ma4=1.25 (imp=0.379); tests_pct_estadual=0.375 (imp=0.414); tests_ma8=1.57 (imp=0.0883); tests=2 (imp=0.0167); tests_lag1=1 (imp=0.0273),Predito,sklearn_gb_pressao_familia_v1,pressao_v1
TANABI,arbovirose,2025,5,0.0248,0.44999999999999996,False,baixa,0.68,2,tests_ma4=2 (imp=0.379); tests_pct_estadual=0.35 (imp=0.414); tests_lag1=2 (imp=0.0273); tests=2 (imp=0.0167); tests_ma8=nan (imp=0.0883),Predito,sklearn_gb_pressao_familia_v1,pressao_v1
COLARES,arbovirose,2024,40,0.0248,0.44999999999999996,False,baixa,0.88,2,tests=2 (imp=0.0167); tests_lag1=nan (imp=0.0273); tests_ma4=nan (imp=0.379); tests_ma8=nan (imp=0.0883); tests_trend=nan (imp=0.0236),Predito,sklearn_gb_pressao_familia_v1,pressao_v1
PIRACICABA,arbovirose,2025,5,0.0248,0.44999999999999996,False,baixa,0.68,2,tests=2 (imp=0.0167); tests_lag1=nan (imp=0.0273); tests_ma4=nan (imp=0.379); tests_ma8=nan (imp=0.0883); tests_trend=nan (imp=0.0236),Predito,sklearn_gb_pressao_familia_v1,pressao_v1
URBANO SANTOS,arbovirose,2025,24,0.0248,0.44999999999999996,False,baixa,0.74,2,tests_ma4=1.33 (imp=0.379); tests_pct_estadual=0.375 (imp=0.414); tests_ma8=1.33 (imp=0.0883); tests=2 (imp=0.0167); tests_lag1=1 (imp=0.0273),Predito,sklearn_gb_pressao_familia_v1,pressao_v1
JUNDIA,arbovirose,2024,49,0.0248,0.44999999999999996,False,baixa,0.77,2,tests=2 (imp=0.0167); tests_lag1=nan (imp=0.0273); tests_ma4=nan (imp=0.379); tests_ma8=nan (imp=0.0883); tests_trend=nan (imp=0.0236),Predito,sklearn_gb_pressao_familia_v1,pressao_v1
JUNQUEIROPOLIS,arbovirose,2025,5,0.0248,0.44999999999999996,False,baixa,0.68,2,tests_ma4=1.67 (imp=0.379); tests_ma8=1.67 (imp=0.0883); tests_pct_estadual=0.35 (imp=0.414); tests_lag1=2 (imp=0.0273); tests=2 (imp=0.0167),Predito,sklearn_gb_pressao_familia_v1,pressao_v1
CAPITAO POCO,arbovirose,2025,24,0.0248,0.44999999999999996,False,baixa,0.74,2,tests_ma4=1.33 (imp=0.379); tests_pct_estadual=0.375 (imp=0.414); tests_ma8=1.33 (imp=0.0883); tests=2 (imp=0.0167); tests_lag1=1 (imp=0.0273),Predito,sklearn_gb_pressao_familia_v1,pressao_v1
ANDIRA,arbovirose,2025,5,0.0248,0.44999999999999996,False,baixa,0.68,2,tests_ma4=2 (imp=0.379); tests_pct_estadual=0.35 (imp=0.414); tests_lag1=2 (imp=0.0273); tests=2 (imp=0.0167); tests_ma8=nan (imp=0.0883),Predito,sklearn_gb_pressao_familia_v1,pressao_v1
GUAIRA,arbovirose,2025,24,0.0248,0.44999999999999996,False,baixa,0.74,2,tests_ma4=1.33 (imp=0.379); tests_pct_estadual=0.375 (imp=0.414); tests_ma8=1.33 (imp=0.0883); tests=2 (imp=0.0167); tests_lag1=1 (imp=0.0273),Predito,sklearn_gb_pressao_familia_v1,pressao_v1
GUAJARA-MIRIM,arbovirose,2025,10,0.0248,0.44999999999999996,False,baixa,0.62,2,tests_ma4=2 (imp=0.379); tests_pct_estadual=0.362 (imp=0.414); tests_lag1=2 (imp=0.0273); tests=2 (imp=0.0167); tests_ma8=nan (imp=0.0883),Predito,sklearn_gb_pressao_familia_v1,pressao_v1
CAMPO LARGO DO PIAUI,arbovirose,2025,24,0.0248,0.44999999999999996,False,baixa,0.74,2,tests_ma4=1.33 (imp=0.379); tests_pct_estadual=0.375 (imp=0.414); tests_ma8=1.33 (imp=0.0883); tests=2 (imp=0.0167); tests_lag1=1 (imp=0.0273),Predito,sklearn_gb_pressao_familia_v1,pressao_v1
ARAME,arbovirose,2025,24,0.0248,0.44999999999999996,False,baixa,0.74,2,tests_ma4=1.33 (imp=0.379); tests_pct_estadual=0.375 (imp=0.414); tests_ma8=1.33 (imp=0.0883); tests=2 (imp=0.0167); tests_lag1=1 (imp=0.0273),Predito,sklearn_gb_pressao_familia_v1,pressao_v1
MARANGUAPE,arbovirose,2025,10,0.0248,0.44999999999999996,False,baixa,0.62,2,tests=2 (imp=0.0167); tests_lag1=nan (imp=0.0273); tests_ma4=nan (imp=0.379); tests_ma8=nan (imp=0.0883); tests_trend=nan (imp=0.0236),Predito,sklearn_gb_pressao_familia_v1,pressao_v1
PAROBE,arbovirose,2025,10,0.0248,0.44999999999999996,False,baixa,0.62,2,tests_ma4=1.67 (imp=0.379); tests_pct_estadual=0.362 (imp=0.414); tests_ma8=1.67 (imp=0.0883); tests_lag1=2 (imp=0.0273); tests=2 (imp=0.0167),Predito,sklearn_gb_pressao_familia_v1,pressao_v1
CAIEIRAS,arbovirose,2024,50,0.0248,0.44999999999999996,False,baixa,0.71,2,tests_ma4=2 (imp=0.379); tests_pct_estadual=0.321 (imp=0.414); tests_lag1=2 (imp=0.0273); tests=2 (imp=0.0167); tests_ma8=nan (imp=0.0883),Predito,sklearn_gb_pressao_familia_v1,pressao_v1
SANTA LUZIA,arbovirose,2025,24,0.0248,0.44999999999999996,False,baixa,0.74,2,tests_ma4=1.5 (imp=0.379); tests_pct_estadual=0.375 (imp=0.414); tests_ma8=1.5 (imp=0.0883); tests=2 (imp=0.0167); tests_lag1=1 (imp=0.0273),Predito,sklearn_gb_pressao_familia_v1,pressao_v1
CACHOEIRA DO SUL,arbovirose,2024,40,0.0248,0.44999999999999996,False,baixa,0.88,2,tests=2 (imp=0.0167); tests_lag1=nan (imp=0.0273); tests_ma4=nan (imp=0.379); tests_ma8=nan (imp=0.0883); tests_trend=nan (imp=0.0236),Predito,sklearn_gb_pressao_familia_v1,pressao_v1
SAO FRANCISCO,arbovirose,2025,8,0.0243,0.44999999999999996,False,baixa,0.59,2,tests=2 (imp=0.0167); tests_lag1=nan (imp=0.0273); tests_ma4=nan (imp=0.379); tests_ma8=nan (imp=0.0883); tests_trend=nan (imp=0.0236),Predito,sklearn_gb_pressao_familia_v1,pressao_v1
BORDA DA MATA,arbovirose,2025,8,0.0243,0.44999999999999996,False,baixa,0.59,2,tests=2 (imp=0.0167); tests_lag1=nan (imp=0.0273); tests_ma4=nan (imp=0.379); tests_ma8=nan (imp=0.0883); tests_trend=nan (imp=0.0236),Predito,sklearn_gb_pressao_familia_v1,pressao_v1
TORIXOREU,arbovirose,2026,22,0.0243,0.44999999999999996,False,baixa,0.85,1,tests_ma4=2.5 (imp=0.379); tests_lag1=4 (imp=0.0273); tests_pct_estadual=0.135 (imp=0.414); tests=1 (imp=0.0167); tests_ma8=nan (imp=0.0883),Predito,sklearn_gb_pressao_familia_v1,pressao_v1
ILHEUS,arbovirose,2025,8,0.0243,0.44999999999999996,False,baixa,0.59,2,tests=2 (imp=0.0167); tests_lag1=nan (imp=0.0273); tests_ma4=nan (imp=0.379); tests_ma8=nan (imp=0.0883); tests_trend=nan (imp=0.0236),Predito,sklearn_gb_pressao_familia_v1,pressao_v1
ILHA SOLTEIRA,arbovirose,2025,8,0.0243,0.44999999999999996,False,baixa,0.59,2,tests_ma4=2 (imp=0.379); tests_pct_estadual=0.317 (imp=0.414); tests_lag1=2 (imp=0.0273); tests=2 (imp=0.0167); tests_ma8=nan (imp=0.0883),Predito,sklearn_gb_pressao_familia_v1,pressao_v1
JOAQUIM PIRES,arbovirose,2026,22,0.0243,0.44999999999999996,False,baixa,0.85,1,tests_ma4=1.75 (imp=0.379); tests_ma8=1.75 (imp=0.0883); tests_lag1=3 (imp=0.0273); tests_pct_estadual=0.135 (imp=0.414); tests=1 (imp=0.0167),Predito,sklearn_gb_pressao_familia_v1,pressao_v1
ALTOS,arbovirose,2025,8,0.0243,0.44999999999999996,False,baixa,0.59,2,tests=2 (imp=0.0167); tests_lag1=nan (imp=0.0273); tests_ma4=nan (imp=0.379); tests_ma8=nan (imp=0.0883); tests_trend=nan (imp=0.0236),Predito,sklearn_gb_pressao_familia_v1,pressao_v1
SAO JOAO DA BOA VISTA,arbovirose,2025,8,0.0243,0.44999999999999996,False,baixa,0.59,2,tests=2 (imp=0.0167); tests_lag1=nan (imp=0.0273); tests_ma4=nan (imp=0.379); tests_ma8=nan (imp=0.0883); tests_trend=nan (imp=0.0236),Predito,sklearn_gb_pressao_familia_v1,pressao_v1
MARAVILHA,arbovirose,2025,8,0.0243,0.44999999999999996,False,baixa,0.59,2,tests_ma4=2 (imp=0.379); tests_pct_estadual=0.317 (imp=0.414); tests_lag1=2 (imp=0.0273); tests=2 (imp=0.0167); tests_ma8=nan (imp=0.0883),Predito,sklearn_gb_pressao_familia_v1,pressao_v1
SARANDI,arbovirose,2025,8,0.0243,0.44999999999999996,False,baixa,0.59,2,tests_ma4=1.5 (imp=0.379); tests_ma8=1.83 (imp=0.0883); tests_pct_estadual=0.317 (imp=0.414); tests=2 (imp=0.0167); tests_lag1=1 (imp=0.0273),Predito,sklearn_gb_pressao_familia_v1,pressao_v1
BELO ORIENTE,arbovirose,2025,8,0.0243,0.44999999999999996,False,baixa,0.59,2,tests=2 (imp=0.0167); tests_lag1=nan (imp=0.0273); tests_ma4=nan (imp=0.379); tests_ma8=nan (imp=0.0883); tests_trend=nan (imp=0.0236),Predito,sklearn_gb_pressao_familia_v1,pressao_v1
CHAPADINHA,arbovirose,2026,19,0.0243,0.44999999999999996,False,baixa,0.93,1,tests_ma4=1.5 (imp=0.379); tests_ma8=1.83 (imp=0.0883); tests_lag1=3 (imp=0.0273); tests_pct_estadual=0.136 (imp=0.414); tests=1 (imp=0.0167),Predito,sklearn_gb_pressao_familia_v1,pressao_v1
BOM JARDIM,arbovirose,2026,17,0.0243,0.44999999999999996,False,baixa,1.33,1,tests_ma4=1.75 (imp=0.379); tests_ma8=1.75 (imp=0.0883); tests_lag1=3 (imp=0.0273); tests_pct_estadual=0.154 (imp=0.414); indice_pressao_proxy=1.33 (imp=0.0141),Predito,sklearn_gb_pressao_familia_v1,pressao_v1
BRASILANDIA DE MINAS,arbovirose,2025,8,0.0243,0.44999999999999996,False,baixa,0.59,2,tests_ma4=2 (imp=0.379); tests_pct_estadual=0.317 (imp=0.414); tests_lag1=2 (imp=0.0273); tests=2 (imp=0.0167); tests_ma8=nan (imp=0.0883),Predito,sklearn_gb_pressao_familia_v1,pressao_v1
CASSILANDIA,arbovirose,2026,26,0.0243,0.44999999999999996,False,baixa,1.05,1,tests_ma4=3.5 (imp=0.379); tests_lag1=6 (imp=0.0273); tests_pct_estadual=0.141 (imp=0.414); tests=1 (imp=0.0167); tests_ma8=nan (imp=0.0883),Predito,sklearn_gb_pressao_familia_v1,pressao_v1
BEBEDOURO,arbovirose,2025,8,0.0243,0.44999999999999996,False,baixa,0.59,2,tests_ma4=2 (imp=0.379); tests_pct_estadual=0.317 (imp=0.414); tests_lag1=2 (imp=0.0273); tests=2 (imp=0.0167); tests_ma8=nan (imp=0.0883),Predito,sklearn_gb_pressao_familia_v1,pressao_v1
FARROUPILHA,arbovirose,2025,8,0.0243,0.44999999999999996,False,baixa,0.59,2,tests=2 (imp=0.0167); tests_lag1=nan (imp=0.0273); tests_ma4=nan (imp=0.379); tests_ma8=nan (imp=0.0883); tests_trend=nan (imp=0.0236),Predito,sklearn_gb_pressao_familia_v1,pressao_v1
PALMARES,arbovirose,2025,8,0.0243,0.44999999999999996,False,baixa,0.59,2,tests=2 (imp=0.0167); tests_lag1=nan (imp=0.0273); tests_ma4=nan (imp=0.379); tests_ma8=nan (imp=0.0883); tests_trend=nan (imp=0.0236),Predito,sklearn_gb_pressao_familia_v1,pressao_v1
SAO FELIPE D''OESTE,arbovirose,2025,8,0.0243,0.44999999999999996,False,baixa,0.59,2,tests=2 (imp=0.0167); tests_lag1=nan (imp=0.0273); tests_ma4=nan (imp=0.379); tests_ma8=nan (imp=0.0883); tests_trend=nan (imp=0.0236),Predito,sklearn_gb_pressao_familia_v1,pressao_v1
VIANA,arbovirose,2026,7,0.0241,0.44999999999999996,False,baixa,1.32,1,tests_ma4=1.5 (imp=0.379); tests_ma8=1.4 (imp=0.0883); tests_pct_estadual=0.114 (imp=0.414); tests_lag1=1 (imp=0.0273); indice_pressao_proxy=1.32 (imp=0.0141),Predito,sklearn_gb_pressao_familia_v1,pressao_v1
CAREIRO,arbovirose,2026,29,0.024,0.44999999999999996,False,baixa,1.06,1,tests=1 (imp=0.0167); tests_lag1=nan (imp=0.0273); tests_ma4=nan (imp=0.379); tests_ma8=nan (imp=0.0883); tests_trend=nan (imp=0.0236),Predito,sklearn_gb_pressao_familia_v1,pressao_v1
DOURADOS,arbovirose,2026,19,0.024,0.44999999999999996,False,baixa,0.93,1,tests_ma4=1 (imp=0.379); tests_ma8=1.75 (imp=0.0883); tests_pct_estadual=0.136 (imp=0.414); tests_lag1=1 (imp=0.0273); tests_trend=-0.75 (imp=0.0236),Predito,sklearn_gb_pressao_familia_v1,pressao_v1
TELEMACO BORBA,arbovirose,2025,34,0.024,0.44999999999999996,False,baixa,1.1,2,tests=2 (imp=0.0167); tests_lag1=nan (imp=0.0273); tests_ma4=nan (imp=0.379); tests_ma8=nan (imp=0.0883); tests_trend=nan (imp=0.0236),Predito,sklearn_gb_pressao_familia_v1,pressao_v1
REDENTORA,arbovirose,2026,7,0.024,0.44999999999999996,False,baixa,1.32,1,tests=1 (imp=0.0167); tests_lag1=nan (imp=0.0273); tests_ma4=nan (imp=0.379); tests_ma8=nan (imp=0.0883); tests_trend=nan (imp=0.0236),Predito,sklearn_gb_pressao_familia_v1,pressao_v1
CODO,arbovirose,2025,39,0.024,0.44999999999999996,False,baixa,1.17,1,tests_ma4=1 (imp=0.379); tests_ma8=1 (imp=0.0883); tests_pct_estadual=0.135 (imp=0.414); tests_lag1=1 (imp=0.0273); tests=1 (imp=0.0167),Predito,sklearn_gb_pressao_familia_v1,pressao_v1
ARACAJU,arbovirose,2025,36,0.024,0.44999999999999996,False,baixa,1.2,1,tests_ma4=1 (imp=0.379); tests_ma8=1 (imp=0.0883); tests_pct_estadual=0.138 (imp=0.414); tests_lag1=1 (imp=0.0273); indice_pressao_proxy=1.2 (imp=0.0141),Predito,sklearn_gb_pressao_familia_v1,pressao_v1
SAO MIGUEL DAS MISSOES,arbovirose,2026,2,0.024,0.44999999999999996,False,baixa,1.0,1,tests=1 (imp=0.0167); tests_lag1=nan (imp=0.0273); tests_ma4=nan (imp=0.379); tests_ma8=nan (imp=0.0883); tests_trend=nan (imp=0.0236),Predito,sklearn_gb_pressao_familia_v1,pressao_v1
VITORIA DE SANTO ANTAO,arbovirose,2026,15,0.024,0.44999999999999996,False,baixa,1.11,1,tests=1 (imp=0.0167); tests_lag1=nan (imp=0.0273); tests_ma4=nan (imp=0.379); tests_ma8=nan (imp=0.0883); tests_trend=nan (imp=0.0236),Predito,sklearn_gb_pressao_familia_v1,pressao_v1
SAO JOSE DO XINGU,arbovirose,2026,18,0.024,0.44999999999999996,False,baixa,0.75,1,tests=1 (imp=0.0167); tests_lag1=nan (imp=0.0273); tests_ma4=nan (imp=0.379); tests_ma8=nan (imp=0.0883); tests_trend=nan (imp=0.0236),Predito,sklearn_gb_pressao_familia_v1,pressao_v1
ESPIGAO D''OESTE,arbovirose,2026,18,0.024,0.44999999999999996,False,baixa,0.75,1,tests_ma4=1 (imp=0.379); tests_ma8=1.2 (imp=0.0883); tests_pct_estadual=0.139 (imp=0.414); tests_lag1=1 (imp=0.0273); tests=1 (imp=0.0167),Predito,sklearn_gb_pressao_familia_v1,pressao_v1
ESPERANTINOPOLIS,arbovirose,2026,22,0.024,0.44999999999999996,False,baixa,0.85,1,tests_ma4=1.33 (imp=0.379); tests_ma8=1.33 (imp=0.0883); tests_pct_estadual=0.135 (imp=0.414); tests_lag1=1 (imp=0.0273); tests=1 (imp=0.0167),Predito,sklearn_gb_pressao_familia_v1,pressao_v1
PRAIA GRANDE,arbovirose,2026,9,0.024,0.44999999999999996,False,baixa,1.61,1,tests_ma4=1.33 (imp=0.379); tests_ma8=1.33 (imp=0.0883); tests_pct_estadual=0.154 (imp=0.414); tests_lag1=1 (imp=0.0273); indice_pressao_proxy=1.61 (imp=0.0141),Predito,sklearn_gb_pressao_familia_v1,pressao_v1
SAO DOMINGOS DO CAPIM,arbovirose,2026,19,0.024,0.44999999999999996,False,baixa,0.93,1,tests=1 (imp=0.0167); tests_lag1=nan (imp=0.0273); tests_ma4=nan (imp=0.379); tests_ma8=nan (imp=0.0883); tests_trend=nan (imp=0.0236),Predito,sklearn_gb_pressao_familia_v1,pressao_v1
ARAPONGAS,arbovirose,2026,22,0.024,0.44999999999999996,False,baixa,0.85,1,tests=1 (imp=0.0167); tests_lag1=nan (imp=0.0273); tests_ma4=nan (imp=0.379); tests_ma8=nan (imp=0.0883); tests_trend=nan (imp=0.0236),Predito,sklearn_gb_pressao_familia_v1,pressao_v1
PRESIDENTE FIGUEIREDO,arbovirose,2026,15,0.024,0.44999999999999996,False,baixa,1.11,1,tests_ma4=1 (imp=0.379); tests_ma8=1 (imp=0.0883); tests_pct_estadual=0.122 (imp=0.414); tests_lag1=1 (imp=0.0273); tests=1 (imp=0.0167),Predito,sklearn_gb_pressao_familia_v1,pressao_v1
DIANOPOLIS,arbovirose,2026,19,0.024,0.44999999999999996,False,baixa,0.93,1,tests=1 (imp=0.0167); tests_lag1=nan (imp=0.0273); tests_ma4=nan (imp=0.379); tests_ma8=nan (imp=0.0883); tests_trend=nan (imp=0.0236),Predito,sklearn_gb_pressao_familia_v1,pressao_v1
BOM JESUS DAS SELVAS,arbovirose,2025,36,0.024,0.44999999999999996,False,baixa,1.2,1,tests_ma4=1.25 (imp=0.379); tests_ma8=1.6 (imp=0.0883); tests_pct_estadual=0.138 (imp=0.414); tests_lag1=1 (imp=0.0273); indice_pressao_proxy=1.2 (imp=0.0141),Predito,sklearn_gb_pressao_familia_v1,pressao_v1
BARRA DO CHOCA,arbovirose,2026,16,0.024,0.44999999999999996,False,baixa,0.74,1,tests=1 (imp=0.0167); tests_lag1=nan (imp=0.0273); tests_ma4=nan (imp=0.379); tests_ma8=nan (imp=0.0883); tests_trend=nan (imp=0.0236),Predito,sklearn_gb_pressao_familia_v1,pressao_v1
ASSARE,arbovirose,2026,22,0.024,0.44999999999999996,False,baixa,0.85,1,tests=1 (imp=0.0167); tests_lag1=nan (imp=0.0273); tests_ma4=nan (imp=0.379); tests_ma8=nan (imp=0.0883); tests_trend=nan (imp=0.0236),Predito,sklearn_gb_pressao_familia_v1,pressao_v1
AMAMBAI,arbovirose,2026,16,0.024,0.44999999999999996,False,baixa,0.74,1,tests_ma4=1.67 (imp=0.379); tests_ma8=1.67 (imp=0.0883); tests_pct_estadual=0.156 (imp=0.414); tests_lag1=2 (imp=0.0273); tests=1 (imp=0.0167),Predito,sklearn_gb_pressao_familia_v1,pressao_v1
CAMPOS BORGES,arbovirose,2024,39,0.024,0.44999999999999996,False,baixa,1.67,2,tests=2 (imp=0.0167); tests_lag1=nan (imp=0.0273); tests_ma4=nan (imp=0.379); tests_ma8=nan (imp=0.0883); tests_trend=nan (imp=0.0236),Predito,sklearn_gb_pressao_familia_v1,pressao_v1
JARAGUA DO SUL,arbovirose,2025,49,0.024,0.44999999999999996,False,baixa,1.42,1,tests_ma4=1.67 (imp=0.379); tests_ma8=1.67 (imp=0.0883); tests_lag1=2 (imp=0.0273); tests_pct_estadual=0.13 (imp=0.414); indice_pressao_proxy=1.42 (imp=0.0141),Predito,sklearn_gb_pressao_familia_v1,pressao_v1
PEABIRU,arbovirose,2026,16,0.024,0.44999999999999996,False,baixa,0.74,1,tests=1 (imp=0.0167); tests_lag1=nan (imp=0.0273); tests_ma4=nan (imp=0.379); tests_ma8=nan (imp=0.0883); tests_trend=nan (imp=0.0236),Predito,sklearn_gb_pressao_familia_v1,pressao_v1
MOZARLANDIA,arbovirose,2026,17,0.024,0.44999999999999996,False,baixa,1.33,1,tests_ma4=1 (imp=0.379); tests_pct_estadual=0.154 (imp=0.414); tests_lag1=1 (imp=0.0273); tests=1 (imp=0.0167); tests_ma8=nan (imp=0.0883),Predito,sklearn_gb_pressao_familia_v1,pressao_v1
ARAGUARI,arbovirose,2026,26,0.024,0.44999999999999996,False,baixa,1.05,1,tests=1 (imp=0.0167); tests_lag1=nan (imp=0.0273); tests_ma4=nan (imp=0.379); tests_ma8=nan (imp=0.0883); tests_trend=nan (imp=0.0236),Predito,sklearn_gb_pressao_familia_v1,pressao_v1
ALTAMIRA,arbovirose,2025,48,0.024,0.44999999999999996,False,baixa,1.5,1,tests_ma4=1 (imp=0.379); tests_ma8=1.38 (imp=0.0883); tests_pct_estadual=0.117 (imp=0.414); tests_lag1=1 (imp=0.0273); indice_pressao_proxy=1.5 (imp=0.0141),Predito,sklearn_gb_pressao_familia_v1,pressao_v1
CORIBE,arbovirose,2026,17,0.024,0.44999999999999996,False,baixa,1.33,1,tests=1 (imp=0.0167); tests_lag1=nan (imp=0.0273); tests_ma4=nan (imp=0.379); tests_ma8=nan (imp=0.0883); tests_trend=nan (imp=0.0236),Predito,sklearn_gb_pressao_familia_v1,pressao_v1
CONCORDIA,arbovirose,2026,17,0.024,0.44999999999999996,False,baixa,1.33,1,tests_ma4=1 (imp=0.379); tests_ma8=1 (imp=0.0883); tests_pct_estadual=0.154 (imp=0.414); tests_lag1=1 (imp=0.0273); indice_pressao_proxy=1.33 (imp=0.0141),Predito,sklearn_gb_pressao_familia_v1,pressao_v1
VERA CRUZ DO OESTE,arbovirose,2026,29,0.024,0.44999999999999996,False,baixa,1.06,1,tests=1 (imp=0.0167); tests_lag1=nan (imp=0.0273); tests_ma4=nan (imp=0.379); tests_ma8=nan (imp=0.0883); tests_trend=nan (imp=0.0236),Predito,sklearn_gb_pressao_familia_v1,pressao_v1
SAO GABRIEL DO OESTE,arbovirose,2026,9,0.024,0.44999999999999996,False,baixa,1.61,1,tests_ma4=1.5 (imp=0.379); tests_pct_estadual=0.154 (imp=0.414); tests_lag1=2 (imp=0.0273); tests=1 (imp=0.0167); tests_ma8=nan (imp=0.0883),Predito,sklearn_gb_pressao_familia_v1,pressao_v1
MEDEIROS,arbovirose,2026,2,0.024,0.44999999999999996,False,baixa,1.0,1,tests=1 (imp=0.0167); tests_lag1=nan (imp=0.0273); tests_ma4=nan (imp=0.379); tests_ma8=nan (imp=0.0883); tests_trend=nan (imp=0.0236),Predito,sklearn_gb_pressao_familia_v1,pressao_v1
SAO GONCALO DO AMARANTE,arbovirose,2025,43,0.024,0.44999999999999996,False,baixa,1.24,1,tests=1 (imp=0.0167); tests_lag1=nan (imp=0.0273); tests_ma4=nan (imp=0.379); tests_ma8=nan (imp=0.0883); tests_trend=nan (imp=0.0236),Predito,sklearn_gb_pressao_familia_v1,pressao_v1
PINDARE-MIRIM,arbovirose,2026,2,0.024,0.44999999999999996,False,baixa,1.0,1,tests=1 (imp=0.0167); tests_lag1=nan (imp=0.0273); tests_ma4=nan (imp=0.379); tests_ma8=nan (imp=0.0883); tests_trend=nan (imp=0.0236),Predito,sklearn_gb_pressao_familia_v1,pressao_v1
BACABAL,arbovirose,2026,2,0.024,0.44999999999999996,False,baixa,1.0,1,tests_ma4=1.25 (imp=0.379); tests_ma8=1.4 (imp=0.0883); tests_pct_estadual=0.158 (imp=0.414); tests_lag1=2 (imp=0.0273); tests=1 (imp=0.0167),Predito,sklearn_gb_pressao_familia_v1,pressao_v1
SALVATERRA,arbovirose,2026,9,0.024,0.44999999999999996,False,baixa,1.61,1,tests_ma4=1 (imp=0.379); tests_pct_estadual=0.154 (imp=0.414); tests_lag1=1 (imp=0.0273); tests=1 (imp=0.0167); tests_ma8=nan (imp=0.0883),Predito,sklearn_gb_pressao_familia_v1,pressao_v1
CANINDE DE SAO FRANCISCO,arbovirose,2024,45,0.0237,0.44999999999999996,False,baixa,0.71,2,tests_ma4=1.5 (imp=0.379); tests_pct_estadual=0.269 (imp=0.414); tests=2 (imp=0.0167); tests_lag1=1 (imp=0.0273); tests_ma8=nan (imp=0.0883),Predito,sklearn_gb_pressao_familia_v1,pressao_v1
PRESIDENTE DUTRA,arbovirose,2024,45,0.0237,0.44999999999999996,False,baixa,0.71,2,tests=2 (imp=0.0167); tests_lag1=nan (imp=0.0273); tests_ma4=nan (imp=0.379); tests_ma8=nan (imp=0.0883); tests_trend=nan (imp=0.0236),Predito,sklearn_gb_pressao_familia_v1,pressao_v1
SAO BENTO,arbovirose,2024,45,0.0237,0.44999999999999996,False,baixa,0.71,2,tests=2 (imp=0.0167); tests_lag1=nan (imp=0.0273); tests_ma4=nan (imp=0.379); tests_ma8=nan (imp=0.0883); tests_trend=nan (imp=0.0236),Predito,sklearn_gb_pressao_familia_v1,pressao_v1
ELDORADO DOS CARAJAS,arbovirose,2024,45,0.0237,0.44999999999999996,False,baixa,0.71,2,tests=2 (imp=0.0167); tests_lag1=nan (imp=0.0273); tests_ma4=nan (imp=0.379); tests_ma8=nan (imp=0.0883); tests_trend=nan (imp=0.0236),Predito,sklearn_gb_pressao_familia_v1,pressao_v1
PIRATININGA,arbovirose,2025,3,0.0234,0.44999999999999996,False,baixa,0.59,2,tests=2 (imp=0.0167); tests_lag1=nan (imp=0.0273); tests_ma4=nan (imp=0.379); tests_ma8=nan (imp=0.0883); tests_trend=nan (imp=0.0236),Predito,sklearn_gb_pressao_familia_v1,pressao_v1
VERE,arbovirose,2025,3,0.0234,0.44999999999999996,False,baixa,0.59,2,tests=2 (imp=0.0167); tests_lag1=nan (imp=0.0273); tests_ma4=nan (imp=0.379); tests_ma8=nan (imp=0.0883); tests_trend=nan (imp=0.0236),Predito,sklearn_gb_pressao_familia_v1,pressao_v1
JARU,arbovirose,2025,45,0.0227,0.44999999999999996,False,baixa,1.38,1,tests_ma4=1.5 (imp=0.379); tests_ma8=1.4 (imp=0.0883); tests_pct_estadual=0.113 (imp=0.414); tests_lag1=1 (imp=0.0273); indice_pressao_proxy=1.38 (imp=0.0141),Predito,sklearn_gb_pressao_familia_v1,pressao_v1
PLANALTO,arbovirose,2026,21,0.0225,0.44999999999999996,False,baixa,1.24,1,tests_ma4=2 (imp=0.379); tests_lag1=3 (imp=0.0273); tests_pct_estadual=0.179 (imp=0.414); tests=1 (imp=0.0167); tests_ma8=nan (imp=0.0883),Predito,sklearn_gb_pressao_familia_v1,pressao_v1
BALNEARIO BARRA DO SUL,arbovirose,2025,44,0.0225,0.44999999999999996,False,baixa,1.11,1,tests=1 (imp=0.0167); tests_lag1=nan (imp=0.0273); tests_ma4=nan (imp=0.379); tests_ma8=nan (imp=0.0883); tests_trend=nan (imp=0.0236),Predito,sklearn_gb_pressao_familia_v1,pressao_v1
MANICORE,arbovirose,2026,10,0.0225,0.44999999999999996,False,baixa,0.86,1,tests=1 (imp=0.0167); tests_lag1=nan (imp=0.0273); tests_ma4=nan (imp=0.379); tests_ma8=nan (imp=0.0883); tests_trend=nan (imp=0.0236),Predito,sklearn_gb_pressao_familia_v1,pressao_v1
GURUPI,arbovirose,2025,44,0.0225,0.44999999999999996,False,baixa,1.11,1,tests=1 (imp=0.0167); tests_lag1=nan (imp=0.0273); tests_ma4=nan (imp=0.379); tests_ma8=nan (imp=0.0883); tests_trend=nan (imp=0.0236),Predito,sklearn_gb_pressao_familia_v1,pressao_v1
ITATIM,arbovirose,2026,10,0.0225,0.44999999999999996,False,baixa,0.86,1,tests=1 (imp=0.0167); tests_lag1=nan (imp=0.0273); tests_ma4=nan (imp=0.379); tests_ma8=nan (imp=0.0883); tests_trend=nan (imp=0.0236),Predito,sklearn_gb_pressao_familia_v1,pressao_v1
BENEVIDES,arbovirose,2025,7,0.0225,0.44999999999999996,False,baixa,0.61,1,tests_ma4=2 (imp=0.379); tests_pct_estadual=0.252 (imp=0.414); tests_lag1=3 (imp=0.0273); tests=1 (imp=0.0167); tests_ma8=nan (imp=0.0883),Predito,sklearn_gb_pressao_familia_v1,pressao_v1
BURITI BRAVO,arbovirose,2026,20,0.0225,0.44999999999999996,False,baixa,1.32,1,tests_ma4=2.5 (imp=0.379); tests_lag1=4 (imp=0.0273); tests_pct_estadual=0.197 (imp=0.414); tests=1 (imp=0.0167); tests_ma8=nan (imp=0.0883),Predito,sklearn_gb_pressao_familia_v1,pressao_v1
ARAGUAINA,arbovirose,2025,7,0.0222,0.44999999999999996,False,baixa,0.61,1,tests=1 (imp=0.0167); tests_lag1=nan (imp=0.0273); tests_ma4=nan (imp=0.379); tests_ma8=nan (imp=0.0883); tests_trend=nan (imp=0.0236),Predito,sklearn_gb_pressao_familia_v1,pressao_v1
ACARA,arbovirose,2026,28,0.0222,0.44999999999999996,False,baixa,0.83,1,tests=1 (imp=0.0167); tests_lag1=nan (imp=0.0273); tests_ma4=nan (imp=0.379); tests_ma8=nan (imp=0.0883); tests_trend=nan (imp=0.0236),Predito,sklearn_gb_pressao_familia_v1,pressao_v1
ALTAMIRA DO MARANHAO,arbovirose,2026,12,0.0222,0.44999999999999996,False,baixa,0.84,1,tests=1 (imp=0.0167); tests_lag1=nan (imp=0.0273); tests_ma4=nan (imp=0.379); tests_ma8=nan (imp=0.0883); tests_trend=nan (imp=0.0236),Predito,sklearn_gb_pressao_familia_v1,pressao_v1
SAO LOURENCO DO OESTE,arbovirose,2025,7,0.0222,0.44999999999999996,False,baixa,0.61,1,tests=1 (imp=0.0167); tests_lag1=nan (imp=0.0273); tests_ma4=nan (imp=0.379); tests_ma8=nan (imp=0.0883); tests_trend=nan (imp=0.0236),Predito,sklearn_gb_pressao_familia_v1,pressao_v1
BEQUIMAO,arbovirose,2026,28,0.0222,0.44999999999999996,False,baixa,0.83,1,tests=1 (imp=0.0167); tests_lag1=nan (imp=0.0273); tests_ma4=nan (imp=0.379); tests_ma8=nan (imp=0.0883); tests_trend=nan (imp=0.0236),Predito,sklearn_gb_pressao_familia_v1,pressao_v1
TEOFILO OTONI,arbovirose,2026,27,0.0222,0.44999999999999996,False,baixa,1.47,1,tests=1 (imp=0.0167); tests_lag1=nan (imp=0.0273); tests_ma4=nan (imp=0.379); tests_ma8=nan (imp=0.0883); tests_trend=nan (imp=0.0236),Predito,sklearn_gb_pressao_familia_v1,pressao_v1
BERNARDO DO MEARIM,arbovirose,2025,7,0.0222,0.44999999999999996,False,baixa,0.61,1,tests=1 (imp=0.0167); tests_lag1=nan (imp=0.0273); tests_ma4=nan (imp=0.379); tests_ma8=nan (imp=0.0883); tests_trend=nan (imp=0.0236),Predito,sklearn_gb_pressao_familia_v1,pressao_v1
PALHOCA,arbovirose,2025,7,0.0222,0.44999999999999996,False,baixa,0.61,1,tests=1 (imp=0.0167); tests_lag1=nan (imp=0.0273); tests_ma4=nan (imp=0.379); tests_ma8=nan (imp=0.0883); tests_trend=nan (imp=0.0236),Predito,sklearn_gb_pressao_familia_v1,pressao_v1
JACAREACANGA,arbovirose,2026,25,0.0222,0.44999999999999996,False,baixa,0.98,1,tests_ma4=1.33 (imp=0.379); tests_ma8=1.33 (imp=0.0883); tests_pct_estadual=0.182 (imp=0.414); tests_lag1=1 (imp=0.0273); tests=1 (imp=0.0167),Predito,sklearn_gb_pressao_familia_v1,pressao_v1
MORPARA,arbovirose,2025,6,0.0222,0.44999999999999996,False,baixa,0.98,1,tests=1 (imp=0.0167); tests_lag1=nan (imp=0.0273); tests_ma4=nan (imp=0.379); tests_ma8=nan (imp=0.0883); tests_trend=nan (imp=0.0236),Predito,sklearn_gb_pressao_familia_v1,pressao_v1
VISEU,arbovirose,2026,6,0.0222,0.44999999999999996,False,baixa,1.65,1,tests=1 (imp=0.0167); tests_lag1=nan (imp=0.0273); tests_ma4=nan (imp=0.379); tests_ma8=nan (imp=0.0883); tests_trend=nan (imp=0.0236),Predito,sklearn_gb_pressao_familia_v1,pressao_v1
MIRANTE DA SERRA,arbovirose,2026,35,0.0222,0.44999999999999996,False,baixa,0.86,1,tests=1 (imp=0.0167); tests_lag1=nan (imp=0.0273); tests_ma4=nan (imp=0.379); tests_ma8=nan (imp=0.0883); tests_trend=nan (imp=0.0236),Predito,sklearn_gb_pressao_familia_v1,pressao_v1
PRESIDENTE SARNEY,arbovirose,2026,21,0.0222,0.44999999999999996,False,baixa,1.24,1,tests=1 (imp=0.0167); tests_lag1=nan (imp=0.0273); tests_ma4=nan (imp=0.379); tests_ma8=nan (imp=0.0883); tests_trend=nan (imp=0.0236),Predito,sklearn_gb_pressao_familia_v1,pressao_v1
TRINDADE,arbovirose,2026,33,0.0222,0.44999999999999996,False,baixa,0.83,1,tests_ma4=1.5 (imp=0.379); tests_pct_estadual=0.197 (imp=0.414); tests_lag1=2 (imp=0.0273); tests=1 (imp=0.0167); tests_ma8=nan (imp=0.0883),Predito,sklearn_gb_pressao_familia_v1,pressao_v1
CANUTAMA,arbovirose,2025,7,0.0222,0.44999999999999996,False,baixa,0.61,1,tests=1 (imp=0.0167); tests_lag1=nan (imp=0.0273); tests_ma4=nan (imp=0.379); tests_ma8=nan (imp=0.0883); tests_trend=nan (imp=0.0236),Predito,sklearn_gb_pressao_familia_v1,pressao_v1
BRUSQUE,arbovirose,2026,6,0.0222,0.44999999999999996,False,baixa,1.65,1,tests_ma4=1.5 (imp=0.379); tests_pct_estadual=0.161 (imp=0.414); tests_lag1=2 (imp=0.0273); tests=1 (imp=0.0167); tests_ma8=nan (imp=0.0883),Predito,sklearn_gb_pressao_familia_v1,pressao_v1
ISRAELANDIA,arbovirose,2026,21,0.0222,0.44999999999999996,False,baixa,1.24,1,tests=1 (imp=0.0167); tests_lag1=nan (imp=0.0273); tests_ma4=nan (imp=0.379); tests_ma8=nan (imp=0.0883); tests_trend=nan (imp=0.0236),Predito,sklearn_gb_pressao_familia_v1,pressao_v1
HUMBERTO DE CAMPOS,arbovirose,2026,33,0.0222,0.44999999999999996,False,baixa,0.83,1,tests=1 (imp=0.0167); tests_lag1=nan (imp=0.0273); tests_ma4=nan (imp=0.379); tests_ma8=nan (imp=0.0883); tests_trend=nan (imp=0.0236),Predito,sklearn_gb_pressao_familia_v1,pressao_v1
NOVA IPIXUNA,arbovirose,2025,7,0.0222,0.44999999999999996,False,baixa,0.61,1,tests=1 (imp=0.0167); tests_lag1=nan (imp=0.0273); tests_ma4=nan (imp=0.379); tests_ma8=nan (imp=0.0883); tests_trend=nan (imp=0.0236),Predito,sklearn_gb_pressao_familia_v1,pressao_v1
RONDA ALTA,arbovirose,2025,26,0.0222,0.44999999999999996,False,baixa,1.41,1,tests=1 (imp=0.0167); tests_lag1=nan (imp=0.0273); tests_ma4=nan (imp=0.379); tests_ma8=nan (imp=0.0883); tests_trend=nan (imp=0.0236),Predito,sklearn_gb_pressao_familia_v1,pressao_v1
PINHALZINHO,arbovirose,2026,11,0.0222,0.44999999999999996,False,baixa,0.87,1,tests=1 (imp=0.0167); tests_lag1=nan (imp=0.0273); tests_ma4=nan (imp=0.379); tests_ma8=nan (imp=0.0883); tests_trend=nan (imp=0.0236),Predito,sklearn_gb_pressao_familia_v1,pressao_v1
SERINGUEIRAS,arbovirose,2025,6,0.0222,0.44999999999999996,False,baixa,0.98,1,tests=1 (imp=0.0167); tests_lag1=nan (imp=0.0273); tests_ma4=nan (imp=0.379); tests_ma8=nan (imp=0.0883); tests_trend=nan (imp=0.0236),Predito,sklearn_gb_pressao_familia_v1,pressao_v1
CRICIUMA,arbovirose,2026,36,0.0222,0.44999999999999996,False,baixa,1.12,1,tests=1 (imp=0.0167); tests_lag1=nan (imp=0.0273); tests_ma4=nan (imp=0.379); tests_ma8=nan (imp=0.0883); tests_trend=nan (imp=0.0236),Predito,sklearn_gb_pressao_familia_v1,pressao_v1
PEDREIRAS,arbovirose,2025,7,0.0222,0.44999999999999996,False,baixa,0.61,1,tests=1 (imp=0.0167); tests_lag1=nan (imp=0.0273); tests_ma4=nan (imp=0.379); tests_ma8=nan (imp=0.0883); tests_trend=nan (imp=0.0236),Predito,sklearn_gb_pressao_familia_v1,pressao_v1
GUARAI,arbovirose,2025,26,0.0222,0.44999999999999996,False,baixa,1.41,1,tests=1 (imp=0.0167); tests_lag1=nan (imp=0.0273); tests_ma4=nan (imp=0.379); tests_ma8=nan (imp=0.0883); tests_trend=nan (imp=0.0236),Predito,sklearn_gb_pressao_familia_v1,pressao_v1
XANXERE,arbovirose,2025,7,0.0222,0.44999999999999996,False,baixa,0.61,1,tests=1 (imp=0.0167); tests_lag1=nan (imp=0.0273); tests_ma4=nan (imp=0.379); tests_ma8=nan (imp=0.0883); tests_trend=nan (imp=0.0236),Predito,sklearn_gb_pressao_familia_v1,pressao_v1
VITORIA DO MEARIM,arbovirose,2026,25,0.0222,0.44999999999999996,False,baixa,0.98,1,tests=1 (imp=0.0167); tests_lag1=nan (imp=0.0273); tests_ma4=nan (imp=0.379); tests_ma8=nan (imp=0.0883); tests_trend=nan (imp=0.0236),Predito,sklearn_gb_pressao_familia_v1,pressao_v1
PEDRO GOMES,arbovirose,2026,27,0.0222,0.44999999999999996,False,baixa,1.47,1,tests=1 (imp=0.0167); tests_lag1=nan (imp=0.0273); tests_ma4=nan (imp=0.379); tests_ma8=nan (imp=0.0883); tests_trend=nan (imp=0.0236),Predito,sklearn_gb_pressao_familia_v1,pressao_v1
LUIS EDUARDO MAGALHAES,arbovirose,2026,27,0.0222,0.44999999999999996,False,baixa,1.47,1,tests_ma4=1 (imp=0.379); tests_ma8=1 (imp=0.0883); tests_pct_estadual=0.167 (imp=0.414); tests_lag1=1 (imp=0.0273); indice_pressao_proxy=1.47 (imp=0.0141),Predito,sklearn_gb_pressao_familia_v1,pressao_v1
ALVARAES,arbovirose,2025,7,0.0222,0.44999999999999996,False,baixa,0.61,1,tests=1 (imp=0.0167); tests_lag1=nan (imp=0.0273); tests_ma4=nan (imp=0.379); tests_ma8=nan (imp=0.0883); tests_trend=nan (imp=0.0236),Predito,sklearn_gb_pressao_familia_v1,pressao_v1
PORTO FRANCO,arbovirose,2026,12,0.0222,0.44999999999999996,False,baixa,0.84,1,tests_ma4=1.25 (imp=0.379); tests_ma8=1.25 (imp=0.0883); tests_pct_estadual=0.172 (imp=0.414); tests_lag1=1 (imp=0.0273); tests=1 (imp=0.0167),Predito,sklearn_gb_pressao_familia_v1,pressao_v1
SITIO DO MATO,arbovirose,2025,6,0.0222,0.44999999999999996,False,baixa,0.98,1,tests=1 (imp=0.0167); tests_lag1=nan (imp=0.0273); tests_ma4=nan (imp=0.379); tests_ma8=nan (imp=0.0883); tests_trend=nan (imp=0.0236),Predito,sklearn_gb_pressao_familia_v1,pressao_v1
BARAO DE ANTONINA,arbovirose,2026,33,0.0222,0.44999999999999996,False,baixa,0.83,1,tests=1 (imp=0.0167); tests_lag1=nan (imp=0.0273); tests_ma4=nan (imp=0.379); tests_ma8=nan (imp=0.0883); tests_trend=nan (imp=0.0236),Predito,sklearn_gb_pressao_familia_v1,pressao_v1
GOVERNADOR NEWTON BELLO,arbovirose,2026,11,0.0222,0.44999999999999996,False,baixa,0.87,1,tests_ma4=1 (imp=0.379); tests_ma8=1 (imp=0.0883); tests_pct_estadual=0.174 (imp=0.414); tests_lag1=1 (imp=0.0273); tests=1 (imp=0.0167),Predito,sklearn_gb_pressao_familia_v1,pressao_v1
PAULINO NEVES,arbovirose,2026,28,0.0222,0.44999999999999996,False,baixa,0.83,1,tests=1 (imp=0.0167); tests_lag1=nan (imp=0.0273); tests_ma4=nan (imp=0.379); tests_ma8=nan (imp=0.0883); tests_trend=nan (imp=0.0236),Predito,sklearn_gb_pressao_familia_v1,pressao_v1
PLANALTINA,arbovirose,2025,6,0.0222,0.44999999999999996,False,baixa,0.98,1,tests=1 (imp=0.0167); tests_lag1=nan (imp=0.0273); tests_ma4=nan (imp=0.379); tests_ma8=nan (imp=0.0883); tests_trend=nan (imp=0.0236),Predito,sklearn_gb_pressao_familia_v1,pressao_v1
TERESINA,arbovirose,2025,7,0.0222,0.44999999999999996,False,baixa,0.61,1,tests=1 (imp=0.0167); tests_lag1=nan (imp=0.0273); tests_ma4=nan (imp=0.379); tests_ma8=nan (imp=0.0883); tests_trend=nan (imp=0.0236),Predito,sklearn_gb_pressao_familia_v1,pressao_v1
BARRO,arbovirose,2026,36,0.0222,0.44999999999999996,False,baixa,1.12,1,tests=1 (imp=0.0167); tests_lag1=nan (imp=0.0273); tests_ma4=nan (imp=0.379); tests_ma8=nan (imp=0.0883); tests_trend=nan (imp=0.0236),Predito,sklearn_gb_pressao_familia_v1,pressao_v1
GOIANESIA,arbovirose,2026,21,0.0222,0.44999999999999996,False,baixa,1.24,1,tests_ma4=1 (imp=0.379); tests_pct_estadual=0.179 (imp=0.414); tests_lag1=1 (imp=0.0273); tests=1 (imp=0.0167); tests_ma8=nan (imp=0.0883),Predito,sklearn_gb_pressao_familia_v1,pressao_v1
TIJUCAS,arbovirose,2026,20,0.0222,0.44999999999999996,False,baixa,1.32,1,tests_ma4=1.25 (imp=0.379); tests_ma8=1.4 (imp=0.0883); tests_pct_estadual=0.197 (imp=0.414); tests_lag1=1 (imp=0.0273); indice_pressao_proxy=1.32 (imp=0.0141),Predito,sklearn_gb_pressao_familia_v1,pressao_v1
ITABERAI,arbovirose,2026,6,0.0222,0.44999999999999996,False,baixa,1.65,1,tests=1 (imp=0.0167); tests_lag1=nan (imp=0.0273); tests_ma4=nan (imp=0.379); tests_ma8=nan (imp=0.0883); tests_trend=nan (imp=0.0236),Predito,sklearn_gb_pressao_familia_v1,pressao_v1
MISSAL,arbovirose,2024,41,0.0213,0.44999999999999996,False,baixa,1.34,3,tests=3 (imp=0.0167); tests_lag1=nan (imp=0.0273); tests_ma4=nan (imp=0.379); tests_ma8=nan (imp=0.0883); tests_trend=nan (imp=0.0236),Predito,sklearn_gb_pressao_familia_v1,pressao_v1
POCO REDONDO,arbovirose,2025,41,0.0213,0.44999999999999996,False,baixa,1.71,3,tests=3 (imp=0.0167); tests_lag1=nan (imp=0.0273); tests_ma4=nan (imp=0.379); tests_ma8=nan (imp=0.0883); tests_trend=nan (imp=0.0236),Predito,sklearn_gb_pressao_familia_v1,pressao_v1
PALMAS,arbovirose,2025,22,0.0204,0.44999999999999996,False,baixa,0.25,1,tests_ma4=1 (imp=0.379); tests_ma8=1.83 (imp=0.0883); tests_pct_estadual=0.144 (imp=0.414); tests_lag1=1 (imp=0.0273); tests_trend=-0.833 (imp=0.0236),Predito,sklearn_gb_pressao_familia_v1,pressao_v1
FLORESTA,arbovirose,2025,30,0.0202,0.44999999999999996,False,baixa,1.31,3,tests=3 (imp=0.0167); tests_lag1=nan (imp=0.0273); tests_ma4=nan (imp=0.379); tests_ma8=nan (imp=0.0883); tests_trend=nan (imp=0.0236),Predito,sklearn_gb_pressao_familia_v1,pressao_v1
MACHADINHO D''OESTE,arbovirose,2025,16,0.0198,0.44999999999999996,False,baixa,0.32,1,tests_ma4=1.75 (imp=0.379); tests_ma8=1.6 (imp=0.0883); tests_pct_estadual=0.179 (imp=0.414); tests_lag1=2 (imp=0.0273); tests=1 (imp=0.0167),Predito,sklearn_gb_pressao_familia_v1,pressao_v1
PINHEIRO,arbovirose,2025,15,0.0198,0.44999999999999996,False,baixa,0.3,1,tests_ma4=1.67 (imp=0.379); tests_ma8=1.67 (imp=0.0883); tests_pct_estadual=0.186 (imp=0.414); tests_lag1=2 (imp=0.0273); tests=1 (imp=0.0167),Predito,sklearn_gb_pressao_familia_v1,pressao_v1
RODEIO BONITO,arbovirose,2025,28,0.0196,0.44999999999999996,False,baixa,1.5,3,tests=3 (imp=0.0167); tests_lag1=nan (imp=0.0273); tests_ma4=nan (imp=0.379); tests_ma8=nan (imp=0.0883); tests_trend=nan (imp=0.0236),Predito,sklearn_gb_pressao_familia_v1,pressao_v1
CEREJEIRAS,arbovirose,2025,30,0.0196,0.44999999999999996,False,baixa,1.75,4,tests=4 (imp=0.0167); tests_lag1=nan (imp=0.0273); tests_ma4=nan (imp=0.379); tests_ma8=nan (imp=0.0883); tests_trend=nan (imp=0.0236),Predito,sklearn_gb_pressao_familia_v1,pressao_v1
SANTA LUZIA DO PARUA,arbovirose,2025,28,0.0196,0.44999999999999996,False,baixa,1.5,3,tests_ma4=2 (imp=0.379); tests_pct_estadual=0.23 (imp=0.414); tests=3 (imp=0.0167); tests_lag1=1 (imp=0.0273); tests_ma8=nan (imp=0.0883),Predito,sklearn_gb_pressao_familia_v1,pressao_v1
NOVA CANTU,arbovirose,2025,29,0.0196,0.44999999999999996,False,baixa,1.32,3,tests=3 (imp=0.0167); tests_lag1=nan (imp=0.0273); tests_ma4=nan (imp=0.379); tests_ma8=nan (imp=0.0883); tests_trend=nan (imp=0.0236),Predito,sklearn_gb_pressao_familia_v1,pressao_v1
TERRA BOA,arbovirose,2025,27,0.0196,0.44999999999999996,False,baixa,1.54,3,tests=3 (imp=0.0167); tests_lag1=nan (imp=0.0273); tests_ma4=nan (imp=0.379); tests_ma8=nan (imp=0.0883); tests_trend=nan (imp=0.0236),Predito,sklearn_gb_pressao_familia_v1,pressao_v1
GIRUA,arbovirose,2025,28,0.0196,0.44999999999999996,False,baixa,1.5,3,tests=3 (imp=0.0167); tests_lag1=nan (imp=0.0273); tests_ma4=nan (imp=0.379); tests_ma8=nan (imp=0.0883); tests_trend=nan (imp=0.0236),Predito,sklearn_gb_pressao_familia_v1,pressao_v1
UMUARAMA,arbovirose,2025,23,0.0195,0.44999999999999996,False,baixa,0.44,2,tests_ma4=1.75 (imp=0.379); tests_pct_estadual=0.468 (imp=0.414); tests_ma8=1.6 (imp=0.0883); tests_lag1=3 (imp=0.0273); tests=2 (imp=0.0167),Predito,sklearn_gb_pressao_familia_v1,pressao_v1
PRESIDENTE PRUDENTE,arbovirose,2025,14,0.0194,0.44999999999999996,False,baixa,0.47,3,tests_ma4=3 (imp=0.379); tests_pct_estadual=0.452 (imp=0.414); tests_lag1=3 (imp=0.0273); tests=3 (imp=0.0167); tests_ma8=nan (imp=0.0883),Predito,sklearn_gb_pressao_familia_v1,pressao_v1
ITABERA,arbovirose,2025,14,0.0194,0.44999999999999996,False,baixa,0.47,3,tests_ma4=3 (imp=0.379); tests_pct_estadual=0.452 (imp=0.414); tests_lag1=3 (imp=0.0273); tests=3 (imp=0.0167); tests_ma8=nan (imp=0.0883),Predito,sklearn_gb_pressao_familia_v1,pressao_v1
MANOEL RIBAS,arbovirose,2025,14,0.0194,0.44999999999999996,False,baixa,0.47,3,tests_ma4=3 (imp=0.379); tests_pct_estadual=0.452 (imp=0.414); tests_lag1=3 (imp=0.0273); tests=3 (imp=0.0167); tests_ma8=nan (imp=0.0883),Predito,sklearn_gb_pressao_familia_v1,pressao_v1
SAO VICENTE,arbovirose,2025,14,0.0194,0.44999999999999996,False,baixa,0.47,3,tests_ma4=3 (imp=0.379); tests_pct_estadual=0.452 (imp=0.414); tests_lag1=3 (imp=0.0273); tests=3 (imp=0.0167); tests_ma8=nan (imp=0.0883),Predito,sklearn_gb_pressao_familia_v1,pressao_v1
TURILANDIA,arbovirose,2025,14,0.0194,0.44999999999999996,False,baixa,0.47,3,tests_ma4=3 (imp=0.379); tests_pct_estadual=0.452 (imp=0.414); tests_lag1=3 (imp=0.0273); tests=3 (imp=0.0167); tests_ma8=nan (imp=0.0883),Predito,sklearn_gb_pressao_familia_v1,pressao_v1
PIRAMBU,arbovirose,2025,21,0.0194,0.44999999999999996,False,baixa,0.52,3,tests_ma4=3 (imp=0.379); tests_pct_estadual=0.553 (imp=0.414); tests_lag1=3 (imp=0.0273); tests=3 (imp=0.0167); tests_ma8=nan (imp=0.0883),Predito,sklearn_gb_pressao_familia_v1,pressao_v1
MUNDO NOVO,arbovirose,2025,13,0.0194,0.44999999999999996,False,baixa,0.48,3,tests_ma4=3 (imp=0.379); tests_pct_estadual=0.506 (imp=0.414); tests_lag1=3 (imp=0.0273); tests=3 (imp=0.0167); tests_ma8=nan (imp=0.0883),Predito,sklearn_gb_pressao_familia_v1,pressao_v1
CHAPADAO DO CEU,arbovirose,2025,23,0.0193,0.44999999999999996,False,baixa,0.22,1,tests_ma4=1.67 (imp=0.379); tests_ma8=1.67 (imp=0.0883); tests_pct_estadual=0.178 (imp=0.414); tests_lag1=2 (imp=0.0273); tests=1 (imp=0.0167),Predito,sklearn_gb_pressao_familia_v1,pressao_v1
SANTA QUITERIA DO MARANHAO,arbovirose,2025,23,0.0193,0.44999999999999996,False,baixa,0.22,1,tests_ma4=1.5 (imp=0.379); tests_ma8=1.5 (imp=0.0883); tests_pct_estadual=0.178 (imp=0.414); tests_lag1=1 (imp=0.0273); tests=1 (imp=0.0167),Predito,sklearn_gb_pressao_familia_v1,pressao_v1
SAO LUIS GONZAGA DO MARANHAO,arbovirose,2025,23,0.0193,0.44999999999999996,False,baixa,0.22,1,tests_ma4=1.67 (imp=0.379); tests_ma8=1.67 (imp=0.0883); tests_pct_estadual=0.178 (imp=0.414); tests_lag1=1 (imp=0.0273); tests=1 (imp=0.0167),Predito,sklearn_gb_pressao_familia_v1,pressao_v1
PORTO ALEGRE,arbovirose,2025,23,0.0193,0.44999999999999996,False,baixa,0.22,1,tests_ma4=1.5 (imp=0.379); tests_ma8=1.5 (imp=0.0883); tests_pct_estadual=0.178 (imp=0.414); tests_lag1=1 (imp=0.0273); tests=1 (imp=0.0167),Predito,sklearn_gb_pressao_familia_v1,pressao_v1
ALTO ALEGRE DO PINDARE,arbovirose,2025,21,0.0192,0.44999999999999996,False,baixa,0.52,3,tests_ma4=2 (imp=0.379); tests_pct_estadual=0.553 (imp=0.414); tests=3 (imp=0.0167); tests_lag1=1 (imp=0.0273); tests_ma8=nan (imp=0.0883),Predito,sklearn_gb_pressao_familia_v1,pressao_v1
RIO CLARO,arbovirose,2025,13,0.0192,0.44999999999999996,False,baixa,0.48,3,tests=3 (imp=0.0167); tests_lag1=nan (imp=0.0273); tests_ma4=nan (imp=0.379); tests_ma8=nan (imp=0.0883); tests_trend=nan (imp=0.0236),Predito,sklearn_gb_pressao_familia_v1,pressao_v1
DOIS RIACHOS,arbovirose,2025,17,0.0192,0.44999999999999996,False,baixa,0.57,3,tests=3 (imp=0.0167); tests_lag1=nan (imp=0.0273); tests_ma4=nan (imp=0.379); tests_ma8=nan (imp=0.0883); tests_trend=nan (imp=0.0236),Predito,sklearn_gb_pressao_familia_v1,pressao_v1
CRUZ MACHADO,arbovirose,2025,23,0.0191,0.44999999999999996,False,baixa,0.44,2,tests_ma4=2.5 (imp=0.379); tests_pct_estadual=0.468 (imp=0.414); tests_lag1=3 (imp=0.0273); tests=2 (imp=0.0167); tests_ma8=nan (imp=0.0883),Predito,sklearn_gb_pressao_familia_v1,pressao_v1
CARIRIACU,arbovirose,2025,23,0.0191,0.44999999999999996,False,baixa,0.44,2,tests_ma4=3 (imp=0.379); tests_pct_estadual=0.468 (imp=0.414); tests_lag1=4 (imp=0.0273); tests=2 (imp=0.0167); tests_ma8=nan (imp=0.0883),Predito,sklearn_gb_pressao_familia_v1,pressao_v1
JUNCO DO MARANHAO,arbovirose,2025,23,0.0189,0.44999999999999996,False,baixa,0.44,2,tests_ma4=1.25 (imp=0.379); tests_pct_estadual=0.468 (imp=0.414); tests_ma8=1.25 (imp=0.0883); tests=2 (imp=0.0167); tests_lag1=1 (imp=0.0273),Predito,sklearn_gb_pressao_familia_v1,pressao_v1
PARAZINHO,arbovirose,2025,23,0.0189,0.44999999999999996,False,baixa,0.44,2,tests_ma4=2 (imp=0.379); tests_pct_estadual=0.468 (imp=0.414); tests_lag1=2 (imp=0.0273); tests=2 (imp=0.0167); tests_ma8=nan (imp=0.0883),Predito,sklearn_gb_pressao_familia_v1,pressao_v1
PALMEIRA D''OESTE,arbovirose,2025,23,0.0189,0.44999999999999996,False,baixa,0.44,2,tests_ma4=1.33 (imp=0.379); tests_pct_estadual=0.468 (imp=0.414); tests_ma8=1.33 (imp=0.0883); tests=2 (imp=0.0167); tests_lag1=1 (imp=0.0273),Predito,sklearn_gb_pressao_familia_v1,pressao_v1
BOA VISTA DO CADEADO,arbovirose,2025,23,0.0189,0.44999999999999996,False,baixa,0.44,2,tests_ma4=1.5 (imp=0.379); tests_pct_estadual=0.468 (imp=0.414); tests=2 (imp=0.0167); tests_lag1=1 (imp=0.0273); tests_ma8=nan (imp=0.0883),Predito,sklearn_gb_pressao_familia_v1,pressao_v1
PARNAIBA,arbovirose,2025,22,0.0187,0.44999999999999996,False,baixa,0.49,2,tests_ma4=3 (imp=0.379); tests_pct_estadual=0.388 (imp=0.414); tests_lag1=4 (imp=0.0273); tests=2 (imp=0.0167); tests_ma8=nan (imp=0.0883),Predito,sklearn_gb_pressao_familia_v1,pressao_v1
NOVA CRIXAS,arbovirose,2025,9,0.0187,0.44999999999999996,False,baixa,0.59,2,tests_ma4=3.5 (imp=0.379); tests_pct_estadual=0.376 (imp=0.414); tests_lag1=5 (imp=0.0273); tests=2 (imp=0.0167); tests_ma8=nan (imp=0.0883),Predito,sklearn_gb_pressao_familia_v1,pressao_v1
CAMPINA GRANDE,arbovirose,2025,9,0.0187,0.44999999999999996,False,baixa,0.59,2,tests_ma4=3 (imp=0.379); tests_pct_estadual=0.376 (imp=0.414); tests_lag1=4 (imp=0.0273); tests=2 (imp=0.0167); tests_ma8=nan (imp=0.0883),Predito,sklearn_gb_pressao_familia_v1,pressao_v1
CURITIBANOS,arbovirose,2025,9,0.0187,0.44999999999999996,False,baixa,0.59,2,tests_ma4=2.5 (imp=0.379); tests_pct_estadual=0.376 (imp=0.414); tests_lag1=3 (imp=0.0273); tests=2 (imp=0.0167); tests_ma8=nan (imp=0.0883),Predito,sklearn_gb_pressao_familia_v1,pressao_v1
NITEROI,arbovirose,2025,9,0.0187,0.44999999999999996,False,baixa,0.59,2,tests_ma4=2.5 (imp=0.379); tests_pct_estadual=0.376 (imp=0.414); tests_lag1=3 (imp=0.0273); tests=2 (imp=0.0167); tests_ma8=nan (imp=0.0883),Predito,sklearn_gb_pressao_familia_v1,pressao_v1
INHAPI,arbovirose,2025,9,0.0187,0.44999999999999996,False,baixa,0.59,2,tests_ma4=4 (imp=0.379); tests_lag1=6 (imp=0.0273); tests_pct_estadual=0.376 (imp=0.414); tests=2 (imp=0.0167); tests_ma8=nan (imp=0.0883),Predito,sklearn_gb_pressao_familia_v1,pressao_v1
TUPACIGUARA,arbovirose,2025,41,0.0186,0.44999999999999996,False,baixa,0.57,1,tests=1 (imp=0.0167); tests_lag1=nan (imp=0.0273); tests_ma4=nan (imp=0.379); tests_ma8=nan (imp=0.0883); tests_trend=nan (imp=0.0236),Predito,sklearn_gb_pressao_familia_v1,pressao_v1
ACAILANDIA,arbovirose,2025,27,0.0186,0.44999999999999996,False,baixa,0.51,1,tests_ma4=1.5 (imp=0.379); tests_lag1=2 (imp=0.0273); tests=1 (imp=0.0167); tests_ma8=nan (imp=0.0883); tests_trend=nan (imp=0.0236),Predito,sklearn_gb_pressao_familia_v1,pressao_v1
SAO JOAO,arbovirose,2026,13,0.0186,0.44999999999999996,False,baixa,0.55,1,tests=1 (imp=0.0167); tests_lag1=nan (imp=0.0273); tests_ma4=nan (imp=0.379); tests_ma8=nan (imp=0.0883); tests_trend=nan (imp=0.0236),Predito,sklearn_gb_pressao_familia_v1,pressao_v1
LIMA CAMPOS,arbovirose,2025,41,0.0186,0.44999999999999996,False,baixa,0.57,1,tests=1 (imp=0.0167); tests_lag1=nan (imp=0.0273); tests_ma4=nan (imp=0.379); tests_ma8=nan (imp=0.0883); tests_trend=nan (imp=0.0236),Predito,sklearn_gb_pressao_familia_v1,pressao_v1
URUPEMA,arbovirose,2025,41,0.0186,0.44999999999999996,False,baixa,0.57,1,tests=1 (imp=0.0167); tests_lag1=nan (imp=0.0273); tests_ma4=nan (imp=0.379); tests_ma8=nan (imp=0.0883); tests_trend=nan (imp=0.0236),Predito,sklearn_gb_pressao_familia_v1,pressao_v1
PEROBAL,arbovirose,2024,38,0.0186,0.44999999999999996,False,baixa,0.59,1,tests=1 (imp=0.0167); tests_lag1=nan (imp=0.0273); tests_ma4=nan (imp=0.379); tests_ma8=nan (imp=0.0883); tests_trend=nan (imp=0.0236),Predito,sklearn_gb_pressao_familia_v1,pressao_v1
IMBITUBA,arbovirose,2025,31,0.0186,0.44999999999999996,False,baixa,0.55,1,tests=1 (imp=0.0167); tests_lag1=nan (imp=0.0273); tests_ma4=nan (imp=0.379); tests_ma8=nan (imp=0.0883); tests_trend=nan (imp=0.0236),Predito,sklearn_gb_pressao_familia_v1,pressao_v1
IMPERATRIZ,arbovirose,2026,13,0.0186,0.44999999999999996,False,baixa,0.55,1,tests_ma4=1.5 (imp=0.379); tests_ma8=1.5 (imp=0.0883); tests_pct_estadual=0.104 (imp=0.414); tests_lag1=1 (imp=0.0273); tests=1 (imp=0.0167),Predito,sklearn_gb_pressao_familia_v1,pressao_v1
PALMEIRAS DE GOIAS,arbovirose,2026,13,0.0186,0.44999999999999996,False,baixa,0.55,1,tests=1 (imp=0.0167); tests_lag1=nan (imp=0.0273); tests_ma4=nan (imp=0.379); tests_ma8=nan (imp=0.0883); tests_trend=nan (imp=0.0236),Predito,sklearn_gb_pressao_familia_v1,pressao_v1
CAROLINA,arbovirose,2025,28,0.0186,0.44999999999999996,False,baixa,0.5,1,tests=1 (imp=0.0167); tests_lag1=nan (imp=0.0273); tests_ma4=nan (imp=0.379); tests_ma8=nan (imp=0.0883); tests_trend=nan (imp=0.0236),Predito,sklearn_gb_pressao_familia_v1,pressao_v1
GOIOXIM,arbovirose,2026,13,0.0186,0.44999999999999996,False,baixa,0.55,1,tests=1 (imp=0.0167); tests_lag1=nan (imp=0.0273); tests_ma4=nan (imp=0.379); tests_ma8=nan (imp=0.0883); tests_trend=nan (imp=0.0236),Predito,sklearn_gb_pressao_familia_v1,pressao_v1
SAO PAULO,arbovirose,2026,13,0.0186,0.44999999999999996,False,baixa,0.55,1,tests_ma4=1.75 (imp=0.379); tests_ma8=1.75 (imp=0.0883); tests_pct_estadual=0.104 (imp=0.414); tests_lag1=1 (imp=0.0273); tests=1 (imp=0.0167),Predito,sklearn_gb_pressao_familia_v1,pressao_v1
CHOPINZINHO,arbovirose,2025,28,0.0186,0.44999999999999996,False,baixa,0.5,1,tests_ma4=1 (imp=0.379); tests_lag1=1 (imp=0.0273); tests=1 (imp=0.0167); tests_ma8=nan (imp=0.0883); tests_trend=nan (imp=0.0236),Predito,sklearn_gb_pressao_familia_v1,pressao_v1
ALFENAS,arbovirose,2025,9,0.0185,0.44999999999999996,False,baixa,0.59,2,tests_ma4=2 (imp=0.379); tests_pct_estadual=0.376 (imp=0.414); tests_lag1=2 (imp=0.0273); tests=2 (imp=0.0167); tests_ma8=nan (imp=0.0883),Predito,sklearn_gb_pressao_familia_v1,pressao_v1
MACAUBAS,arbovirose,2025,9,0.0185,0.44999999999999996,False,baixa,0.59,2,tests=2 (imp=0.0167); tests_lag1=nan (imp=0.0273); tests_ma4=nan (imp=0.379); tests_ma8=nan (imp=0.0883); tests_trend=nan (imp=0.0236),Predito,sklearn_gb_pressao_familia_v1,pressao_v1
GUARAPUAVA,arbovirose,2025,9,0.0185,0.44999999999999996,False,baixa,0.59,2,tests_ma4=1.33 (imp=0.379); tests_pct_estadual=0.376 (imp=0.414); tests_ma8=1.33 (imp=0.0883); tests=2 (imp=0.0167); tests_lag1=1 (imp=0.0273),Predito,sklearn_gb_pressao_familia_v1,pressao_v1
NOVA ANDRADINA,arbovirose,2025,9,0.0185,0.44999999999999996,False,baixa,0.59,2,tests_ma4=2 (imp=0.379); tests_pct_estadual=0.376 (imp=0.414); tests_lag1=2 (imp=0.0273); tests=2 (imp=0.0167); tests_ma8=nan (imp=0.0883),Predito,sklearn_gb_pressao_familia_v1,pressao_v1
LAGOA DO MATO,arbovirose,2025,9,0.0185,0.44999999999999996,False,baixa,0.59,2,tests=2 (imp=0.0167); tests_lag1=nan (imp=0.0273); tests_ma4=nan (imp=0.379); tests_ma8=nan (imp=0.0883); tests_trend=nan (imp=0.0236),Predito,sklearn_gb_pressao_familia_v1,pressao_v1
LUCIARA,arbovirose,2025,22,0.0185,0.44999999999999996,False,baixa,0.49,2,tests_ma4=1.33 (imp=0.379); tests_pct_estadual=0.388 (imp=0.414); tests_ma8=1.33 (imp=0.0883); tests=2 (imp=0.0167); tests_lag1=1 (imp=0.0273),Predito,sklearn_gb_pressao_familia_v1,pressao_v1
ITAPEMA,arbovirose,2025,9,0.0185,0.44999999999999996,False,baixa,0.59,2,tests_ma4=2 (imp=0.379); tests_pct_estadual=0.376 (imp=0.414); tests_lag1=2 (imp=0.0273); tests=2 (imp=0.0167); tests_ma8=nan (imp=0.0883),Predito,sklearn_gb_pressao_familia_v1,pressao_v1
IVINHEMA,arbovirose,2025,9,0.0185,0.44999999999999996,False,baixa,0.59,2,tests=2 (imp=0.0167); tests_lag1=nan (imp=0.0273); tests_ma4=nan (imp=0.379); tests_ma8=nan (imp=0.0883); tests_trend=nan (imp=0.0236),Predito,sklearn_gb_pressao_familia_v1,pressao_v1
CURUCA,arbovirose,2025,9,0.0185,0.44999999999999996,False,baixa,0.59,2,tests_ma4=2 (imp=0.379); tests_pct_estadual=0.376 (imp=0.414); tests_lag1=2 (imp=0.0273); tests=2 (imp=0.0167); tests_ma8=nan (imp=0.0883),Predito,sklearn_gb_pressao_familia_v1,pressao_v1
MARAU,arbovirose,2025,22,0.0185,0.44999999999999996,False,baixa,0.49,2,tests_ma4=1.33 (imp=0.379); tests_pct_estadual=0.388 (imp=0.414); tests_ma8=1.33 (imp=0.0883); tests=2 (imp=0.0167); tests_lag1=1 (imp=0.0273),Predito,sklearn_gb_pressao_familia_v1,pressao_v1
PIRAPEMAS,arbovirose,2025,9,0.0185,0.44999999999999996,False,baixa,0.59,2,tests_ma4=2 (imp=0.379); tests_pct_estadual=0.376 (imp=0.414); tests_lag1=2 (imp=0.0273); tests=2 (imp=0.0167); tests_ma8=nan (imp=0.0883),Predito,sklearn_gb_pressao_familia_v1,pressao_v1
TEOTONIO VILELA,arbovirose,2025,9,0.0185,0.44999999999999996,False,baixa,0.59,2,tests_ma4=1.5 (imp=0.379); tests_pct_estadual=0.376 (imp=0.414); tests=2 (imp=0.0167); tests_lag1=1 (imp=0.0273); tests_ma8=nan (imp=0.0883),Predito,sklearn_gb_pressao_familia_v1,pressao_v1
ESTANCIA,arbovirose,2025,22,0.0185,0.44999999999999996,False,baixa,0.49,2,tests_ma4=1.25 (imp=0.379); tests_pct_estadual=0.388 (imp=0.414); tests_ma8=1.4 (imp=0.0883); tests=2 (imp=0.0167); tests_lag1=1 (imp=0.0273),Predito,sklearn_gb_pressao_familia_v1,pressao_v1
BARREIRAS,arbovirose,2025,9,0.0185,0.44999999999999996,False,baixa,0.59,2,tests_ma4=2 (imp=0.379); tests_pct_estadual=0.376 (imp=0.414); tests_lag1=2 (imp=0.0273); tests=2 (imp=0.0167); tests_ma8=nan (imp=0.0883),Predito,sklearn_gb_pressao_familia_v1,pressao_v1
AUGUSTINOPOLIS,arbovirose,2025,22,0.0185,0.44999999999999996,False,baixa,0.49,2,tests_ma4=1.5 (imp=0.379); tests_pct_estadual=0.388 (imp=0.414); tests=2 (imp=0.0167); tests_lag1=1 (imp=0.0273); tests_ma8=nan (imp=0.0883),Predito,sklearn_gb_pressao_familia_v1,pressao_v1
PRESIDENTE MEDICI,arbovirose,2025,9,0.0185,0.44999999999999996,False,baixa,0.59,2,tests=2 (imp=0.0167); tests_lag1=nan (imp=0.0273); tests_ma4=nan (imp=0.379); tests_ma8=nan (imp=0.0883); tests_trend=nan (imp=0.0236),Predito,sklearn_gb_pressao_familia_v1,pressao_v1
DIAS D''AVILA,arbovirose,2025,9,0.0185,0.44999999999999996,False,baixa,0.59,2,tests=2 (imp=0.0167); tests_lag1=nan (imp=0.0273); tests_ma4=nan (imp=0.379); tests_ma8=nan (imp=0.0883); tests_trend=nan (imp=0.0236),Predito,sklearn_gb_pressao_familia_v1,pressao_v1
ITAJAI,arbovirose,2025,9,0.0185,0.44999999999999996,False,baixa,0.59,2,tests_ma4=1.75 (imp=0.379); tests_ma8=1.83 (imp=0.0883); tests_pct_estadual=0.376 (imp=0.414); tests_lag1=2 (imp=0.0273); tests=2 (imp=0.0167),Predito,sklearn_gb_pressao_familia_v1,pressao_v1
PLACIDO DE CASTRO,arbovirose,2025,9,0.0185,0.44999999999999996,False,baixa,0.59,2,tests=2 (imp=0.0167); tests_lag1=nan (imp=0.0273); tests_ma4=nan (imp=0.379); tests_ma8=nan (imp=0.0883); tests_trend=nan (imp=0.0236),Predito,sklearn_gb_pressao_familia_v1,pressao_v1
BRANQUINHA,arbovirose,2025,23,0.0183,0.44999999999999996,False,baixa,0.44,2,tests_ma4=1.75 (imp=0.379); tests_pct_estadual=0.468 (imp=0.414); tests_ma8=1.6 (imp=0.0883); tests=2 (imp=0.0167); tests_lag1=1 (imp=0.0273),Predito,sklearn_gb_pressao_familia_v1,pressao_v1
ARAGUATINS,arbovirose,2025,21,0.0182,0.44999999999999996,False,baixa,0.35,2,tests_ma4=3 (imp=0.379); tests_pct_estadual=0.396 (imp=0.414); tests_lag1=4 (imp=0.0273); tests=2 (imp=0.0167); tests_ma8=nan (imp=0.0883),Predito,sklearn_gb_pressao_familia_v1,pressao_v1
PORECATU,arbovirose,2025,4,0.0182,0.44999999999999996,False,baixa,0.59,2,tests=2 (imp=0.0167); tests_lag1=nan (imp=0.0273); tests_ma4=nan (imp=0.379); tests_ma8=nan (imp=0.0883); tests_trend=nan (imp=0.0236),Predito,sklearn_gb_pressao_familia_v1,pressao_v1
PENDENCIAS,arbovirose,2025,4,0.0182,0.44999999999999996,False,baixa,0.59,2,tests=2 (imp=0.0167); tests_lag1=nan (imp=0.0273); tests_ma4=nan (imp=0.379); tests_ma8=nan (imp=0.0883); tests_trend=nan (imp=0.0236),Predito,sklearn_gb_pressao_familia_v1,pressao_v1
ACU,arbovirose,2025,8,0.0181,0.44999999999999996,False,baixa,0.3,1,tests=1 (imp=0.0167); tests_lag1=nan (imp=0.0273); tests_ma4=nan (imp=0.379); tests_ma8=nan (imp=0.0883); tests_trend=nan (imp=0.0236),Predito,sklearn_gb_pressao_familia_v1,pressao_v1
BATALHA,arbovirose,2025,29,0.0181,0.44999999999999996,False,baixa,0.44,1,tests=1 (imp=0.0167); tests_lag1=nan (imp=0.0273); tests_ma4=nan (imp=0.379); tests_ma8=nan (imp=0.0883); tests_trend=nan (imp=0.0236),Predito,sklearn_gb_pressao_familia_v1,pressao_v1
BARUERI,arbovirose,2024,51,0.0181,0.44999999999999996,False,baixa,0.37,1,tests=1 (imp=0.0167); tests_lag1=nan (imp=0.0273); tests_ma4=nan (imp=0.379); tests_ma8=nan (imp=0.0883); tests_trend=nan (imp=0.0236),Predito,sklearn_gb_pressao_familia_v1,pressao_v1
JENIPAPO DOS VIEIRAS,arbovirose,2025,30,0.0181,0.44999999999999996,False,baixa,0.44,1,tests=1 (imp=0.0167); tests_lag1=nan (imp=0.0273); tests_ma4=nan (imp=0.379); tests_ma8=nan (imp=0.0883); tests_trend=nan (imp=0.0236),Predito,sklearn_gb_pressao_familia_v1,pressao_v1
CEARA-MIRIM,arbovirose,2025,8,0.0181,0.44999999999999996,False,baixa,0.3,1,tests_ma4=1 (imp=0.379); tests_pct_estadual=0.0914 (imp=0.414); tests_lag1=1 (imp=0.0273); tests=1 (imp=0.0167); tests_ma8=nan (imp=0.0883),Predito,sklearn_gb_pressao_familia_v1,pressao_v1
CAMBORIU,arbovirose,2025,8,0.0181,0.44999999999999996,False,baixa,0.3,1,tests=1 (imp=0.0167); tests_lag1=nan (imp=0.0273); tests_ma4=nan (imp=0.379); tests_ma8=nan (imp=0.0883); tests_trend=nan (imp=0.0236),Predito,sklearn_gb_pressao_familia_v1,pressao_v1
CORACAO DE JESUS,arbovirose,2025,8,0.0181,0.44999999999999996,False,baixa,0.3,1,tests=1 (imp=0.0167); tests_lag1=nan (imp=0.0273); tests_ma4=nan (imp=0.379); tests_ma8=nan (imp=0.0883); tests_trend=nan (imp=0.0236),Predito,sklearn_gb_pressao_familia_v1,pressao_v1
MONTIVIDIU,arbovirose,2025,29,0.0181,0.44999999999999996,False,baixa,0.44,1,tests_ma4=1 (imp=0.379); tests_ma8=1 (imp=0.0883); tests_pct_estadual=0.0702 (imp=0.414); tests_lag1=1 (imp=0.0273); tests=1 (imp=0.0167),Predito,sklearn_gb_pressao_familia_v1,pressao_v1
ITAGUATINS,arbovirose,2025,8,0.0181,0.44999999999999996,False,baixa,0.3,1,tests=1 (imp=0.0167); tests_lag1=nan (imp=0.0273); tests_ma4=nan (imp=0.379); tests_ma8=nan (imp=0.0883); tests_trend=nan (imp=0.0236),Predito,sklearn_gb_pressao_familia_v1,pressao_v1
MONTE SIAO,arbovirose,2025,3,0.0181,0.44999999999999996,False,baixa,0.3,1,tests_ma4=1 (imp=0.379); tests_lag1=1 (imp=0.0273); tests_pct_estadual=0.0476 (imp=0.414); tests=1 (imp=0.0167); tests_ma8=nan (imp=0.0883),Predito,sklearn_gb_pressao_familia_v1,pressao_v1
FRANCA,arbovirose,2025,8,0.0181,0.44999999999999996,False,baixa,0.3,1,tests_ma4=1.5 (imp=0.379); tests_ma8=1.5 (imp=0.0883); tests_pct_estadual=0.0914 (imp=0.414); tests_lag1=1 (imp=0.0273); tests=1 (imp=0.0167),Predito,sklearn_gb_pressao_familia_v1,pressao_v1
ASSIS,arbovirose,2025,8,0.0181,0.44999999999999996,False,baixa,0.3,1,tests_ma4=1 (imp=0.379); tests_pct_estadual=0.0914 (imp=0.414); tests_lag1=1 (imp=0.0273); tests=1 (imp=0.0167); tests_ma8=nan (imp=0.0883),Predito,sklearn_gb_pressao_familia_v1,pressao_v1
ALEXANIA,arbovirose,2025,8,0.0181,0.44999999999999996,False,baixa,0.3,1,tests_ma4=1 (imp=0.379); tests_pct_estadual=0.0914 (imp=0.414); tests_lag1=1 (imp=0.0273); tests=1 (imp=0.0167); tests_ma8=nan (imp=0.0883),Predito,sklearn_gb_pressao_familia_v1,pressao_v1
MOSSORO,arbovirose,2025,29,0.0181,0.44999999999999996,False,baixa,0.44,1,tests_ma4=1.5 (imp=0.379); tests_lag1=2 (imp=0.0273); tests_pct_estadual=0.0702 (imp=0.414); tests=1 (imp=0.0167); tests_ma8=nan (imp=0.0883),Predito,sklearn_gb_pressao_familia_v1,pressao_v1
URANIA,arbovirose,2024,51,0.0181,0.44999999999999996,False,baixa,0.37,1,tests=1 (imp=0.0167); tests_lag1=nan (imp=0.0273); tests_ma4=nan (imp=0.379); tests_ma8=nan (imp=0.0883); tests_trend=nan (imp=0.0236),Predito,sklearn_gb_pressao_familia_v1,pressao_v1
JOAO DOURADO,arbovirose,2025,14,0.018,0.44999999999999996,False,baixa,0.31,2,tests=2 (imp=0.0167); tests_lag1=nan (imp=0.0273); tests_ma4=nan (imp=0.379); tests_ma8=nan (imp=0.0883); tests_trend=nan (imp=0.0236),Predito,sklearn_gb_pressao_familia_v1,pressao_v1
CAMPESTRE,arbovirose,2025,14,0.018,0.44999999999999996,False,baixa,0.31,2,tests=2 (imp=0.0167); tests_lag1=nan (imp=0.0273); tests_ma4=nan (imp=0.379); tests_ma8=nan (imp=0.0883); tests_trend=nan (imp=0.0236),Predito,sklearn_gb_pressao_familia_v1,pressao_v1
XEXEU,arbovirose,2025,21,0.018,0.44999999999999996,False,baixa,0.35,2,tests_ma4=2 (imp=0.379); tests_pct_estadual=0.396 (imp=0.414); tests_lag1=2 (imp=0.0273); tests=2 (imp=0.0167); tests_ma8=nan (imp=0.0883),Predito,sklearn_gb_pressao_familia_v1,pressao_v1
FERNANDOPOLIS,arbovirose,2025,14,0.018,0.44999999999999996,False,baixa,0.31,2,tests=2 (imp=0.0167); tests_lag1=nan (imp=0.0273); tests_ma4=nan (imp=0.379); tests_ma8=nan (imp=0.0883); tests_trend=nan (imp=0.0236),Predito,sklearn_gb_pressao_familia_v1,pressao_v1
ALTO ALEGRE DO MARANHAO,arbovirose,2025,13,0.018,0.44999999999999996,False,baixa,0.32,2,tests=2 (imp=0.0167); tests_lag1=nan (imp=0.0273); tests_ma4=nan (imp=0.379); tests_ma8=nan (imp=0.0883); tests_trend=nan (imp=0.0236),Predito,sklearn_gb_pressao_familia_v1,pressao_v1
JACUIPE,arbovirose,2025,13,0.018,0.44999999999999996,False,baixa,0.32,2,tests=2 (imp=0.0167); tests_lag1=nan (imp=0.0273); tests_ma4=nan (imp=0.379); tests_ma8=nan (imp=0.0883); tests_trend=nan (imp=0.0236),Predito,sklearn_gb_pressao_familia_v1,pressao_v1
CAPIXABA,arbovirose,2025,21,0.018,0.44999999999999996,False,baixa,0.35,2,tests=2 (imp=0.0167); tests_lag1=nan (imp=0.0273); tests_ma4=nan (imp=0.379); tests_ma8=nan (imp=0.0883); tests_trend=nan (imp=0.0236),Predito,sklearn_gb_pressao_familia_v1,pressao_v1
TUNTUM,arbovirose,2025,14,0.018,0.44999999999999996,False,baixa,0.31,2,tests_ma4=2 (imp=0.379); tests_pct_estadual=0.325 (imp=0.414); tests_lag1=2 (imp=0.0273); tests=2 (imp=0.0167); tests_ma8=nan (imp=0.0883),Predito,sklearn_gb_pressao_familia_v1,pressao_v1
MARAGOGI,arbovirose,2025,20,0.018,0.44999999999999996,False,baixa,0.34,2,tests=2 (imp=0.0167); tests_lag1=nan (imp=0.0273); tests_ma4=nan (imp=0.379); tests_ma8=nan (imp=0.0883); tests_trend=nan (imp=0.0236),Predito,sklearn_gb_pressao_familia_v1,pressao_v1
LINS,arbovirose,2025,13,0.018,0.44999999999999996,False,baixa,0.32,2,tests=2 (imp=0.0167); tests_lag1=nan (imp=0.0273); tests_ma4=nan (imp=0.379); tests_ma8=nan (imp=0.0883); tests_trend=nan (imp=0.0236),Predito,sklearn_gb_pressao_familia_v1,pressao_v1
CAMPO MOURAO,arbovirose,2025,21,0.018,0.44999999999999996,False,baixa,0.35,2,tests_ma4=2 (imp=0.379); tests_pct_estadual=0.396 (imp=0.414); tests_lag1=2 (imp=0.0273); tests=2 (imp=0.0167); tests_ma8=nan (imp=0.0883),Predito,sklearn_gb_pressao_familia_v1,pressao_v1
MOJUI DOS CAMPOS,arbovirose,2025,21,0.018,0.44999999999999996,False,baixa,0.35,2,tests=2 (imp=0.0167); tests_lag1=nan (imp=0.0273); tests_ma4=nan (imp=0.379); tests_ma8=nan (imp=0.0883); tests_trend=nan (imp=0.0236),Predito,sklearn_gb_pressao_familia_v1,pressao_v1
CAMBE,arbovirose,2025,14,0.018,0.44999999999999996,False,baixa,0.31,2,tests_ma4=2 (imp=0.379); tests_pct_estadual=0.325 (imp=0.414); tests_lag1=2 (imp=0.0273); tests=2 (imp=0.0167); tests_ma8=nan (imp=0.0883),Predito,sklearn_gb_pressao_familia_v1,pressao_v1
LAGO DO JUNCO,arbovirose,2025,21,0.018,0.44999999999999996,False,baixa,0.35,2,tests=2 (imp=0.0167); tests_lag1=nan (imp=0.0273); tests_ma4=nan (imp=0.379); tests_ma8=nan (imp=0.0883); tests_trend=nan (imp=0.0236),Predito,sklearn_gb_pressao_familia_v1,pressao_v1
JOAQUIM GOMES,arbovirose,2025,13,0.018,0.44999999999999996,False,baixa,0.32,2,tests=2 (imp=0.0167); tests_lag1=nan (imp=0.0273); tests_ma4=nan (imp=0.379); tests_ma8=nan (imp=0.0883); tests_trend=nan (imp=0.0236),Predito,sklearn_gb_pressao_familia_v1,pressao_v1
CRUZ,arbovirose,2025,13,0.018,0.44999999999999996,False,baixa,0.32,2,tests_ma4=1.67 (imp=0.379); tests_pct_estadual=0.387 (imp=0.414); tests_ma8=1.67 (imp=0.0883); tests_lag1=2 (imp=0.0273); tests=2 (imp=0.0167),Predito,sklearn_gb_pressao_familia_v1,pressao_v1
CONCEICAO DO LAGO-ACU,arbovirose,2025,21,0.018,0.44999999999999996,False,baixa,0.35,2,tests_ma4=2 (imp=0.379); tests_pct_estadual=0.396 (imp=0.414); tests_lag1=2 (imp=0.0273); tests=2 (imp=0.0167); tests_ma8=nan (imp=0.0883),Predito,sklearn_gb_pressao_familia_v1,pressao_v1
PACAJA,arbovirose,2025,21,0.018,0.44999999999999996,False,baixa,0.35,2,tests_ma4=2 (imp=0.379); tests_pct_estadual=0.396 (imp=0.414); tests_lag1=2 (imp=0.0273); tests=2 (imp=0.0167); tests_ma8=nan (imp=0.0883),Predito,sklearn_gb_pressao_familia_v1,pressao_v1
JACAREZINHO,arbovirose,2025,14,0.018,0.44999999999999996,False,baixa,0.31,2,tests_ma4=2 (imp=0.379); tests_pct_estadual=0.325 (imp=0.414); tests_lag1=2 (imp=0.0273); tests=2 (imp=0.0167); tests_ma8=nan (imp=0.0883),Predito,sklearn_gb_pressao_familia_v1,pressao_v1
NOVO SANTO ANTONIO,arbovirose,2025,22,0.0179,0.44999999999999996,False,baixa,0.49,2,tests_ma4=1.75 (imp=0.379); tests_pct_estadual=0.388 (imp=0.414); tests_ma8=1.6 (imp=0.0883); tests=2 (imp=0.0167); tests_lag1=1 (imp=0.0273),Predito,sklearn_gb_pressao_familia_v1,pressao_v1
ANICUNS,arbovirose,2025,22,0.0179,0.44999999999999996,False,baixa,0.49,2,tests_ma4=1.25 (imp=0.379); tests_pct_estadual=0.388 (imp=0.414); tests_ma8=1.17 (imp=0.0883); tests=2 (imp=0.0167); tests_lag1=1 (imp=0.0273),Predito,sklearn_gb_pressao_familia_v1,pressao_v1
ORIENTE,arbovirose,2025,12,0.0178,0.44999999999999996,False,baixa,0.45,2,tests_ma4=3 (imp=0.379); tests_pct_estadual=0.281 (imp=0.414); tests_lag1=4 (imp=0.0273); tests=2 (imp=0.0167); tests_ma8=nan (imp=0.0883),Predito,sklearn_gb_pressao_familia_v1,pressao_v1
ITAPAGE,arbovirose,2025,12,0.0178,0.44999999999999996,False,baixa,0.45,2,tests_ma4=2.5 (imp=0.379); tests_pct_estadual=0.281 (imp=0.414); tests_lag1=3 (imp=0.0273); tests=2 (imp=0.0167); tests_ma8=nan (imp=0.0883),Predito,sklearn_gb_pressao_familia_v1,pressao_v1
GRANJA,arbovirose,2025,4,0.0178,0.44999999999999996,False,baixa,0.29,1,tests_ma4=2.5 (imp=0.379); tests_lag1=4 (imp=0.0273); tests_pct_estadual=0.057 (imp=0.414); tests=1 (imp=0.0167); tests_ma8=nan (imp=0.0883),Predito,sklearn_gb_pressao_familia_v1,pressao_v1
ITARUMA,arbovirose,2025,4,0.0178,0.44999999999999996,False,baixa,0.29,1,tests_ma4=2.5 (imp=0.379); tests_lag1=4 (imp=0.0273); tests_pct_estadual=0.057 (imp=0.414); tests=1 (imp=0.0167); tests_ma8=nan (imp=0.0883),Predito,sklearn_gb_pressao_familia_v1,pressao_v1
TRACUATEUA,arbovirose,2025,17,0.0176,0.44999999999999996,False,baixa,0.19,1,tests_ma4=1 (imp=0.379); tests_lag1=1 (imp=0.0273); tests_pct_estadual=0.0443 (imp=0.414); tests=1 (imp=0.0167); tests_ma8=nan (imp=0.0883),Predito,sklearn_gb_pressao_familia_v1,pressao_v1
CAMPO ALEGRE,arbovirose,2025,12,0.0176,0.44999999999999996,False,baixa,0.45,2,tests=2 (imp=0.0167); tests_lag1=nan (imp=0.0273); tests_ma4=nan (imp=0.379); tests_ma8=nan (imp=0.0883); tests_trend=nan (imp=0.0236),Predito,sklearn_gb_pressao_familia_v1,pressao_v1
AQUIDAUANA,arbovirose,2025,12,0.0176,0.44999999999999996,False,baixa,0.45,2,tests_ma4=1.5 (imp=0.379); tests_pct_estadual=0.281 (imp=0.414); tests=2 (imp=0.0167); tests_lag1=1 (imp=0.0273); tests_ma8=nan (imp=0.0883),Predito,sklearn_gb_pressao_familia_v1,pressao_v1
PORTEIRAO,arbovirose,2025,12,0.0176,0.44999999999999996,False,baixa,0.45,2,tests=2 (imp=0.0167); tests_lag1=nan (imp=0.0273); tests_ma4=nan (imp=0.379); tests_ma8=nan (imp=0.0883); tests_trend=nan (imp=0.0236),Predito,sklearn_gb_pressao_familia_v1,pressao_v1
MAMANGUAPE,arbovirose,2025,17,0.0176,0.44999999999999996,False,baixa,0.19,1,tests=1 (imp=0.0167); tests_lag1=nan (imp=0.0273); tests_ma4=nan (imp=0.379); tests_ma8=nan (imp=0.0883); tests_trend=nan (imp=0.0236),Predito,sklearn_gb_pressao_familia_v1,pressao_v1
MATOES DO NORTE,arbovirose,2025,12,0.0176,0.44999999999999996,False,baixa,0.45,2,tests=2 (imp=0.0167); tests_lag1=nan (imp=0.0273); tests_ma4=nan (imp=0.379); tests_ma8=nan (imp=0.0883); tests_trend=nan (imp=0.0236),Predito,sklearn_gb_pressao_familia_v1,pressao_v1
PORTO DE PEDRAS,arbovirose,2025,18,0.0176,0.44999999999999996,False,baixa,0.19,1,tests_ma4=1 (imp=0.379); tests_pct_estadual=0.0913 (imp=0.414); tests_lag1=1 (imp=0.0273); tests=1 (imp=0.0167); tests_ma8=nan (imp=0.0883),Predito,sklearn_gb_pressao_familia_v1,pressao_v1
BEBERIBE,arbovirose,2025,18,0.0176,0.44999999999999996,False,baixa,0.19,1,tests_ma4=1.25 (imp=0.379); tests_ma8=1.25 (imp=0.0883); tests_lag1=2 (imp=0.0273); tests_pct_estadual=0.0913 (imp=0.414); tests=1 (imp=0.0167),Predito,sklearn_gb_pressao_familia_v1,pressao_v1
ARAXA,arbovirose,2025,12,0.0176,0.44999999999999996,False,baixa,0.45,2,tests=2 (imp=0.0167); tests_lag1=nan (imp=0.0273); tests_ma4=nan (imp=0.379); tests_ma8=nan (imp=0.0883); tests_trend=nan (imp=0.0236),Predito,sklearn_gb_pressao_familia_v1,pressao_v1
POUSO ALEGRE,arbovirose,2025,18,0.0176,0.44999999999999996,False,baixa,0.19,1,tests_ma4=1 (imp=0.379); tests_pct_estadual=0.0913 (imp=0.414); tests_lag1=1 (imp=0.0273); tests=1 (imp=0.0167); tests_ma8=nan (imp=0.0883),Predito,sklearn_gb_pressao_familia_v1,pressao_v1
PORTO NACIONAL,arbovirose,2025,12,0.0176,0.44999999999999996,False,baixa,0.23,1,tests_ma4=1.5 (imp=0.379); tests_lag1=2 (imp=0.0273); tests_pct_estadual=0.0688 (imp=0.414); tests=1 (imp=0.0167); tests_ma8=nan (imp=0.0883),Predito,sklearn_gb_pressao_familia_v1,pressao_v1
TIMBO,arbovirose,2025,12,0.0176,0.44999999999999996,False,baixa,0.45,2,tests=2 (imp=0.0167); tests_lag1=nan (imp=0.0273); tests_ma4=nan (imp=0.379); tests_ma8=nan (imp=0.0883); tests_trend=nan (imp=0.0236),Predito,sklearn_gb_pressao_familia_v1,pressao_v1
ITABERABA,arbovirose,2025,12,0.0176,0.44999999999999996,False,baixa,0.45,2,tests=2 (imp=0.0167); tests_lag1=nan (imp=0.0273); tests_ma4=nan (imp=0.379); tests_ma8=nan (imp=0.0883); tests_trend=nan (imp=0.0236),Predito,sklearn_gb_pressao_familia_v1,pressao_v1
CARNAUBAIS,arbovirose,2025,12,0.0176,0.44999999999999996,False,baixa,0.23,1,tests_ma4=1 (imp=0.379); tests_pct_estadual=0.0688 (imp=0.414); tests_lag1=1 (imp=0.0273); tests=1 (imp=0.0167); tests_ma8=nan (imp=0.0883),Predito,sklearn_gb_pressao_familia_v1,pressao_v1
SANTA MERCEDES,arbovirose,2025,18,0.0176,0.44999999999999996,False,baixa,0.19,1,tests=1 (imp=0.0167); tests_lag1=nan (imp=0.0273); tests_ma4=nan (imp=0.379); tests_ma8=nan (imp=0.0883); tests_trend=nan (imp=0.0236),Predito,sklearn_gb_pressao_familia_v1,pressao_v1
CANTO DO BURITI,arbovirose,2024,52,0.0176,0.44999999999999996,False,baixa,0.28,1,tests=1 (imp=0.0167); tests_lag1=nan (imp=0.0273); tests_ma4=nan (imp=0.379); tests_ma8=nan (imp=0.0883); tests_trend=nan (imp=0.0236),Predito,sklearn_gb_pressao_familia_v1,pressao_v1
TUFILANDIA,arbovirose,2025,12,0.0176,0.44999999999999996,False,baixa,0.45,2,tests=2 (imp=0.0167); tests_lag1=nan (imp=0.0273); tests_ma4=nan (imp=0.379); tests_ma8=nan (imp=0.0883); tests_trend=nan (imp=0.0236),Predito,sklearn_gb_pressao_familia_v1,pressao_v1
ARAUCARIA,arbovirose,2025,12,0.0176,0.44999999999999996,False,baixa,0.45,2,tests=2 (imp=0.0167); tests_lag1=nan (imp=0.0273); tests_ma4=nan (imp=0.379); tests_ma8=nan (imp=0.0883); tests_trend=nan (imp=0.0236),Predito,sklearn_gb_pressao_familia_v1,pressao_v1
PARAISO,arbovirose,2025,17,0.0176,0.44999999999999996,False,baixa,0.19,1,tests_ma4=1 (imp=0.379); tests_lag1=1 (imp=0.0273); tests_pct_estadual=0.0443 (imp=0.414); tests=1 (imp=0.0167); tests_ma8=nan (imp=0.0883),Predito,sklearn_gb_pressao_familia_v1,pressao_v1
NOSSA SENHORA DO SOCORRO,arbovirose,2024,52,0.0174,0.44999999999999996,False,baixa,0.55,2,tests=2 (imp=0.0167); tests_lag1=nan (imp=0.0273); tests_ma4=nan (imp=0.379); tests_ma8=nan (imp=0.0883); tests_trend=nan (imp=0.0236),Predito,sklearn_gb_pressao_familia_v1,pressao_v1
MIGUELOPOLIS,arbovirose,2025,5,0.0174,0.44999999999999996,False,baixa,0.34,1,tests_ma4=1 (imp=0.379); tests_pct_estadual=0.135 (imp=0.414); tests_lag1=1 (imp=0.0273); tests=1 (imp=0.0167); tests_ma8=nan (imp=0.0883),Predito,sklearn_gb_pressao_familia_v1,pressao_v1
CASTANHEIRAS,arbovirose,2025,24,0.0174,0.44999999999999996,False,baixa,0.37,1,tests=1 (imp=0.0167); tests_lag1=nan (imp=0.0273); tests_ma4=nan (imp=0.379); tests_ma8=nan (imp=0.0883); tests_trend=nan (imp=0.0236),Predito,sklearn_gb_pressao_familia_v1,pressao_v1
SAO LOURENCO DA MATA,arbovirose,2025,5,0.0174,0.44999999999999996,False,baixa,0.34,1,tests_ma4=1 (imp=0.379); tests_pct_estadual=0.135 (imp=0.414); tests_lag1=1 (imp=0.0273); tests=1 (imp=0.0167); tests_ma8=nan (imp=0.0883),Predito,sklearn_gb_pressao_familia_v1,pressao_v1
SAO JOAO BATISTA,arbovirose,2025,19,0.0174,0.44999999999999996,False,baixa,0.33,1,tests_ma4=1 (imp=0.379); tests_pct_estadual=0.154 (imp=0.414); tests_lag1=1 (imp=0.0273); tests=1 (imp=0.0167); tests_ma8=nan (imp=0.0883),Predito,sklearn_gb_pressao_familia_v1,pressao_v1
SAO FRANCISCO DO MARANHAO,arbovirose,2025,19,0.0174,0.44999999999999996,False,baixa,0.33,1,tests=1 (imp=0.0167); tests_lag1=nan (imp=0.0273); tests_ma4=nan (imp=0.379); tests_ma8=nan (imp=0.0883); tests_trend=nan (imp=0.0236),Predito,sklearn_gb_pressao_familia_v1,pressao_v1
LAGOA GRANDE DO MARANHAO,arbovirose,2024,40,0.0174,0.44999999999999996,False,baixa,0.44,1,tests=1 (imp=0.0167); tests_lag1=nan (imp=0.0273); tests_ma4=nan (imp=0.379); tests_ma8=nan (imp=0.0883); tests_trend=nan (imp=0.0236),Predito,sklearn_gb_pressao_familia_v1,pressao_v1
LABREA,arbovirose,2025,10,0.0174,0.44999999999999996,False,baixa,0.31,1,tests_ma4=1 (imp=0.379); tests_pct_estadual=0.131 (imp=0.414); tests_lag1=1 (imp=0.0273); tests=1 (imp=0.0167); tests_ma8=nan (imp=0.0883),Predito,sklearn_gb_pressao_familia_v1,pressao_v1
ARACATUBA,arbovirose,2025,10,0.0174,0.44999999999999996,False,baixa,0.31,1,tests_ma4=1 (imp=0.379); tests_pct_estadual=0.131 (imp=0.414); tests_lag1=1 (imp=0.0273); tests=1 (imp=0.0167); tests_ma8=nan (imp=0.0883),Predito,sklearn_gb_pressao_familia_v1,pressao_v1
UBERLANDIA,arbovirose,2025,10,0.0174,0.44999999999999996,False,baixa,0.31,1,tests_ma4=1.67 (imp=0.379); tests_ma8=1.67 (imp=0.0883); tests_pct_estadual=0.131 (imp=0.414); tests_lag1=1 (imp=0.0273); tests=1 (imp=0.0167),Predito,sklearn_gb_pressao_familia_v1,pressao_v1
SANTOS,arbovirose,2024,49,0.0174,0.44999999999999996,False,baixa,0.39,1,tests=1 (imp=0.0167); tests_lag1=nan (imp=0.0273); tests_ma4=nan (imp=0.379); tests_ma8=nan (imp=0.0883); tests_trend=nan (imp=0.0236),Predito,sklearn_gb_pressao_familia_v1,pressao_v1
SAO LUIS DO QUITUNDE,arbovirose,2025,24,0.0174,0.44999999999999996,False,baixa,0.37,1,tests_ma4=1.5 (imp=0.379); tests_ma8=1.57 (imp=0.0883); tests_lag1=2 (imp=0.0273); tests_pct_estadual=0.13 (imp=0.414); tests=1 (imp=0.0167),Predito,sklearn_gb_pressao_familia_v1,pressao_v1
CANDEIAS,arbovirose,2025,10,0.0174,0.44999999999999996,False,baixa,0.31,1,tests_ma4=1.5 (imp=0.379); tests_lag1=2 (imp=0.0273); tests_pct_estadual=0.131 (imp=0.414); tests=1 (imp=0.0167); tests_ma8=nan (imp=0.0883),Predito,sklearn_gb_pressao_familia_v1,pressao_v1
SANTA IZABEL DO OESTE,arbovirose,2025,5,0.0174,0.44999999999999996,False,baixa,0.34,1,tests_ma4=1 (imp=0.379); tests_pct_estadual=0.135 (imp=0.414); tests_lag1=1 (imp=0.0273); tests=1 (imp=0.0167); tests_ma8=nan (imp=0.0883),Predito,sklearn_gb_pressao_familia_v1,pressao_v1
NOVO HORIZONTE DO OESTE,arbovirose,2025,10,0.0174,0.44999999999999996,False,baixa,0.31,1,tests=1 (imp=0.0167); tests_lag1=nan (imp=0.0273); tests_ma4=nan (imp=0.379); tests_ma8=nan (imp=0.0883); tests_trend=nan (imp=0.0236),Predito,sklearn_gb_pressao_familia_v1,pressao_v1
JUNDIAI,arbovirose,2025,19,0.0174,0.44999999999999996,False,baixa,0.33,1,tests_ma4=1 (imp=0.379); tests_ma8=1 (imp=0.0883); tests_pct_estadual=0.154 (imp=0.414); tests_lag1=1 (imp=0.0273); tests=1 (imp=0.0167),Predito,sklearn_gb_pressao_familia_v1,pressao_v1
CRAIBAS,arbovirose,2025,10,0.0174,0.44999999999999996,False,baixa,0.31,1,tests=1 (imp=0.0167); tests_lag1=nan (imp=0.0273); tests_ma4=nan (imp=0.379); tests_ma8=nan (imp=0.0883); tests_trend=nan (imp=0.0236),Predito,sklearn_gb_pressao_familia_v1,pressao_v1
CORBELIA,arbovirose,2024,49,0.0174,0.44999999999999996,False,baixa,0.39,1,tests=1 (imp=0.0167); tests_lag1=nan (imp=0.0273); tests_ma4=nan (imp=0.379); tests_ma8=nan (imp=0.0883); tests_trend=nan (imp=0.0236),Predito,sklearn_gb_pressao_familia_v1,pressao_v1
CRISTIANOPOLIS,arbovirose,2025,10,0.0174,0.44999999999999996,False,baixa,0.31,1,tests=1 (imp=0.0167); tests_lag1=nan (imp=0.0273); tests_ma4=nan (imp=0.379); tests_ma8=nan (imp=0.0883); tests_trend=nan (imp=0.0236),Predito,sklearn_gb_pressao_familia_v1,pressao_v1
PACO DO LUMIAR,arbovirose,2025,10,0.0174,0.44999999999999996,False,baixa,0.31,1,tests_ma4=1 (imp=0.379); tests_ma8=1 (imp=0.0883); tests_pct_estadual=0.131 (imp=0.414); tests_lag1=1 (imp=0.0273); tests=1 (imp=0.0167),Predito,sklearn_gb_pressao_familia_v1,pressao_v1
TRAIRAO,arbovirose,2025,24,0.0174,0.44999999999999996,False,baixa,0.37,1,tests_ma4=1.25 (imp=0.379); tests_ma8=1.25 (imp=0.0883); tests_lag1=2 (imp=0.0273); tests_pct_estadual=0.13 (imp=0.414); tests=1 (imp=0.0167),Predito,sklearn_gb_pressao_familia_v1,pressao_v1
OURO PRETO DO OESTE,arbovirose,2025,24,0.0174,0.44999999999999996,False,baixa,0.37,1,tests=1 (imp=0.0167); tests_lag1=nan (imp=0.0273); tests_ma4=nan (imp=0.379); tests_ma8=nan (imp=0.0883); tests_trend=nan (imp=0.0236),Predito,sklearn_gb_pressao_familia_v1,pressao_v1
RIO VERDE DE MATO GROSSO,arbovirose,2025,10,0.0174,0.44999999999999996,False,baixa,0.31,1,tests_ma4=1.33 (imp=0.379); tests_ma8=1.33 (imp=0.0883); tests_pct_estadual=0.131 (imp=0.414); tests_lag1=1 (imp=0.0273); tests=1 (imp=0.0167),Predito,sklearn_gb_pressao_familia_v1,pressao_v1
CONCEICAO DE MACABU,arbovirose,2024,49,0.0174,0.44999999999999996,False,baixa,0.39,1,tests=1 (imp=0.0167); tests_lag1=nan (imp=0.0273); tests_ma4=nan (imp=0.379); tests_ma8=nan (imp=0.0883); tests_trend=nan (imp=0.0236),Predito,sklearn_gb_pressao_familia_v1,pressao_v1
UBATUBA,arbovirose,2024,49,0.0174,0.44999999999999996,False,baixa,0.39,1,tests=1 (imp=0.0167); tests_lag1=nan (imp=0.0273); tests_ma4=nan (imp=0.379); tests_ma8=nan (imp=0.0883); tests_trend=nan (imp=0.0236),Predito,sklearn_gb_pressao_familia_v1,pressao_v1
JOAO LISBOA,arbovirose,2025,5,0.0174,0.44999999999999996,False,baixa,0.34,1,tests_ma4=1 (imp=0.379); tests_pct_estadual=0.135 (imp=0.414); tests_lag1=1 (imp=0.0273); tests=1 (imp=0.0167); tests_ma8=nan (imp=0.0883),Predito,sklearn_gb_pressao_familia_v1,pressao_v1
SERTAOZINHO,arbovirose,2024,40,0.0174,0.44999999999999996,False,baixa,0.44,1,tests=1 (imp=0.0167); tests_lag1=nan (imp=0.0273); tests_ma4=nan (imp=0.379); tests_ma8=nan (imp=0.0883); tests_trend=nan (imp=0.0236),Predito,sklearn_gb_pressao_familia_v1,pressao_v1
BATAGUASSU,arbovirose,2024,49,0.0174,0.44999999999999996,False,baixa,0.39,1,tests=1 (imp=0.0167); tests_lag1=nan (imp=0.0273); tests_ma4=nan (imp=0.379); tests_ma8=nan (imp=0.0883); tests_trend=nan (imp=0.0236),Predito,sklearn_gb_pressao_familia_v1,pressao_v1
IPORA DO OESTE,arbovirose,2024,49,0.0174,0.44999999999999996,False,baixa,0.39,1,tests=1 (imp=0.0167); tests_lag1=nan (imp=0.0273); tests_ma4=nan (imp=0.379); tests_ma8=nan (imp=0.0883); tests_trend=nan (imp=0.0236),Predito,sklearn_gb_pressao_familia_v1,pressao_v1
PARIQUERA-ACU,arbovirose,2024,49,0.0174,0.44999999999999996,False,baixa,0.39,1,tests_ma4=1 (imp=0.379); tests_pct_estadual=0.153 (imp=0.414); tests_lag1=1 (imp=0.0273); tests=1 (imp=0.0167); tests_ma8=nan (imp=0.0883),Predito,sklearn_gb_pressao_familia_v1,pressao_v1
DIONISIO CERQUEIRA,arbovirose,2024,40,0.0174,0.44999999999999996,False,baixa,0.44,1,tests=1 (imp=0.0167); tests_lag1=nan (imp=0.0273); tests_ma4=nan (imp=0.379); tests_ma8=nan (imp=0.0883); tests_trend=nan (imp=0.0236),Predito,sklearn_gb_pressao_familia_v1,pressao_v1
REALEZA,arbovirose,2025,5,0.0174,0.44999999999999996,False,baixa,0.34,1,tests_ma4=1 (imp=0.379); tests_pct_estadual=0.135 (imp=0.414); tests_lag1=1 (imp=0.0273); tests=1 (imp=0.0167); tests_ma8=nan (imp=0.0883),Predito,sklearn_gb_pressao_familia_v1,pressao_v1
ENTRE-IJUIS,arbovirose,2024,40,0.0174,0.44999999999999996,False,baixa,0.44,1,tests=1 (imp=0.0167); tests_lag1=nan (imp=0.0273); tests_ma4=nan (imp=0.379); tests_ma8=nan (imp=0.0883); tests_trend=nan (imp=0.0236),Predito,sklearn_gb_pressao_familia_v1,pressao_v1
EPITACIOLANDIA,arbovirose,2025,5,0.0174,0.44999999999999996,False,baixa,0.34,1,tests_ma4=1 (imp=0.379); tests_pct_estadual=0.135 (imp=0.414); tests_lag1=1 (imp=0.0273); tests=1 (imp=0.0167); tests_ma8=nan (imp=0.0883),Predito,sklearn_gb_pressao_familia_v1,pressao_v1
ASTORGA,arbovirose,2025,10,0.0174,0.44999999999999996,False,baixa,0.31,1,tests_ma4=1 (imp=0.379); tests_pct_estadual=0.131 (imp=0.414); tests_lag1=1 (imp=0.0273); tests=1 (imp=0.0167); tests_ma8=nan (imp=0.0883),Predito,sklearn_gb_pressao_familia_v1,pressao_v1
IPAUMIRIM,arbovirose,2025,10,0.0174,0.44999999999999996,False,baixa,0.31,1,tests=1 (imp=0.0167); tests_lag1=nan (imp=0.0273); tests_ma4=nan (imp=0.379); tests_ma8=nan (imp=0.0883); tests_trend=nan (imp=0.0236),Predito,sklearn_gb_pressao_familia_v1,pressao_v1
GOVERNADOR LUIZ ROCHA,arbovirose,2025,24,0.0174,0.44999999999999996,False,baixa,0.37,1,tests_ma4=1 (imp=0.379); tests_pct_estadual=0.13 (imp=0.414); tests_lag1=1 (imp=0.0273); tests=1 (imp=0.0167); tests_ma8=nan (imp=0.0883),Predito,sklearn_gb_pressao_familia_v1,pressao_v1
TAMANDARE,arbovirose,2025,10,0.0174,0.44999999999999996,False,baixa,0.31,1,tests_ma4=1 (imp=0.379); tests_pct_estadual=0.131 (imp=0.414); tests_lag1=1 (imp=0.0273); tests=1 (imp=0.0167); tests_ma8=nan (imp=0.0883),Predito,sklearn_gb_pressao_familia_v1,pressao_v1
POCO DAS TRINCHEIRAS,arbovirose,2025,5,0.0174,0.44999999999999996,False,baixa,0.34,1,tests_ma4=1 (imp=0.379); tests_pct_estadual=0.135 (imp=0.414); tests_lag1=1 (imp=0.0273); tests=1 (imp=0.0167); tests_ma8=nan (imp=0.0883),Predito,sklearn_gb_pressao_familia_v1,pressao_v1
GUARANI DAS MISSOES,arbovirose,2025,10,0.0174,0.44999999999999996,False,baixa,0.31,1,tests=1 (imp=0.0167); tests_lag1=nan (imp=0.0273); tests_ma4=nan (imp=0.379); tests_ma8=nan (imp=0.0883); tests_trend=nan (imp=0.0236),Predito,sklearn_gb_pressao_familia_v1,pressao_v1
MONTES CLAROS,arbovirose,2025,19,0.0174,0.44999999999999996,False,baixa,0.33,1,tests_ma4=1.25 (imp=0.379); tests_ma8=1.4 (imp=0.0883); tests_pct_estadual=0.154 (imp=0.414); tests_lag1=2 (imp=0.0273); tests=1 (imp=0.0167),Predito,sklearn_gb_pressao_familia_v1,pressao_v1
ALTONIA,arbovirose,2025,10,0.0174,0.44999999999999996,False,baixa,0.31,1,tests_ma4=1 (imp=0.379); tests_pct_estadual=0.131 (imp=0.414); tests_lag1=1 (imp=0.0273); tests=1 (imp=0.0167); tests_ma8=nan (imp=0.0883),Predito,sklearn_gb_pressao_familia_v1,pressao_v1
VITORINO FREIRE,arbovirose,2025,24,0.0174,0.44999999999999996,False,baixa,0.37,1,tests_ma4=1 (imp=0.379); tests_pct_estadual=0.13 (imp=0.414); tests_lag1=1 (imp=0.0273); tests=1 (imp=0.0167); tests_ma8=nan (imp=0.0883),Predito,sklearn_gb_pressao_familia_v1,pressao_v1
MARACAS,arbovirose,2025,24,0.0174,0.44999999999999996,False,baixa,0.37,1,tests=1 (imp=0.0167); tests_lag1=nan (imp=0.0273); tests_ma4=nan (imp=0.379); tests_ma8=nan (imp=0.0883); tests_trend=nan (imp=0.0236),Predito,sklearn_gb_pressao_familia_v1,pressao_v1
NAVIRAI,arbovirose,2025,19,0.0174,0.44999999999999996,False,baixa,0.33,1,tests_ma4=1 (imp=0.379); tests_pct_estadual=0.154 (imp=0.414); tests_lag1=1 (imp=0.0273); tests=1 (imp=0.0167); tests_ma8=nan (imp=0.0883),Predito,sklearn_gb_pressao_familia_v1,pressao_v1
SAO JOSE DO RIO PRETO,arbovirose,2024,40,0.0174,0.44999999999999996,False,baixa,0.44,1,tests=1 (imp=0.0167); tests_lag1=nan (imp=0.0273); tests_ma4=nan (imp=0.379); tests_ma8=nan (imp=0.0883); tests_trend=nan (imp=0.0236),Predito,sklearn_gb_pressao_familia_v1,pressao_v1
MIGUEL ALVES,arbovirose,2025,24,0.0174,0.44999999999999996,False,baixa,0.37,1,tests_ma4=1.75 (imp=0.379); tests_ma8=1.75 (imp=0.0883); tests_pct_estadual=0.13 (imp=0.414); tests_lag1=1 (imp=0.0273); tests=1 (imp=0.0167),Predito,sklearn_gb_pressao_familia_v1,pressao_v1
ALCINOPOLIS,arbovirose,2025,19,0.0174,0.44999999999999996,False,baixa,0.33,1,tests_ma4=1 (imp=0.379); tests_pct_estadual=0.154 (imp=0.414); tests_lag1=1 (imp=0.0273); tests=1 (imp=0.0167); tests_ma8=nan (imp=0.0883),Predito,sklearn_gb_pressao_familia_v1,pressao_v1
NOVA BRASILANDIA D''OESTE,arbovirose,2025,18,0.0173,0.44999999999999996,False,baixa,0.38,2,tests_ma4=2.5 (imp=0.379); tests_pct_estadual=0.293 (imp=0.414); tests_lag1=3 (imp=0.0273); tests=2 (imp=0.0167); tests_ma8=nan (imp=0.0883),Predito,sklearn_gb_pressao_familia_v1,pressao_v1
ALEGRETE,arbovirose,2025,9,0.0171,0.44999999999999996,False,baixa,0.29,1,tests_ma4=2.5 (imp=0.379); tests_lag1=4 (imp=0.0273); tests_pct_estadual=0.124 (imp=0.414); tests=1 (imp=0.0167); tests_ma8=nan (imp=0.0883),Predito,sklearn_gb_pressao_familia_v1,pressao_v1
PEDRA BRANCA DO AMAPARI,arbovirose,2025,22,0.0171,0.44999999999999996,False,baixa,0.25,1,tests_ma4=2.5 (imp=0.379); tests_lag1=4 (imp=0.0273); tests_pct_estadual=0.144 (imp=0.414); tests=1 (imp=0.0167); tests_ma8=nan (imp=0.0883),Predito,sklearn_gb_pressao_familia_v1,pressao_v1
IPAMERI,arbovirose,2025,9,0.0171,0.44999999999999996,False,baixa,0.29,1,tests_ma4=2 (imp=0.379); tests_lag1=3 (imp=0.0273); tests_pct_estadual=0.124 (imp=0.414); tests=1 (imp=0.0167); tests_ma8=nan (imp=0.0883),Predito,sklearn_gb_pressao_familia_v1,pressao_v1
CAMPO LIMPO PAULISTA,arbovirose,2025,22,0.0171,0.44999999999999996,False,baixa,0.25,1,tests_ma4=2.5 (imp=0.379); tests_lag1=4 (imp=0.0273); tests_pct_estadual=0.144 (imp=0.414); tests=1 (imp=0.0167); tests_ma8=nan (imp=0.0883),Predito,sklearn_gb_pressao_familia_v1,pressao_v1
COCALINHO,arbovirose,2025,17,0.0171,0.44999999999999996,False,baixa,0.38,2,tests_ma4=4 (imp=0.379); tests_lag1=6 (imp=0.0273); tests_pct_estadual=0.247 (imp=0.414); tests=2 (imp=0.0167); tests_ma8=nan (imp=0.0883),Predito,sklearn_gb_pressao_familia_v1,pressao_v1
MARITUBA,arbovirose,2025,14,0.0171,0.44999999999999996,False,baixa,0.16,1,tests_ma4=2 (imp=0.379); tests_lag1=3 (imp=0.0273); tests_pct_estadual=0.132 (imp=0.414); tests=1 (imp=0.0167); tests_ma8=nan (imp=0.0883),Predito,sklearn_gb_pressao_familia_v1,pressao_v1
COLINAS,arbovirose,2025,22,0.0171,0.44999999999999996,False,baixa,0.25,1,tests_ma4=2 (imp=0.379); tests_lag1=3 (imp=0.0273); tests_pct_estadual=0.144 (imp=0.414); tests=1 (imp=0.0167); tests_ma8=nan (imp=0.0883),Predito,sklearn_gb_pressao_familia_v1,pressao_v1
SAO MIGUEL DOS CAMPOS,arbovirose,2025,18,0.0171,0.44999999999999996,False,baixa,0.38,2,tests_ma4=1.33 (imp=0.379); tests_pct_estadual=0.293 (imp=0.414); tests_ma8=1.33 (imp=0.0883); tests=2 (imp=0.0167); tests_lag1=1 (imp=0.0273),Predito,sklearn_gb_pressao_familia_v1,pressao_v1
GRANJEIRO,arbovirose,2025,20,0.0169,0.44999999999999996,False,baixa,0.17,1,tests_ma4=1 (imp=0.379); tests_ma8=1 (imp=0.0883); tests_pct_estadual=0.15 (imp=0.414); tests_lag1=1 (imp=0.0273); tests=1 (imp=0.0167),Predito,sklearn_gb_pressao_familia_v1,pressao_v1
GOIANIRA,arbovirose,2025,14,0.0169,0.44999999999999996,False,baixa,0.16,1,tests_ma4=1 (imp=0.379); tests_ma8=1 (imp=0.0883); tests_pct_estadual=0.132 (imp=0.414); tests_lag1=1 (imp=0.0273); tests=1 (imp=0.0167),Predito,sklearn_gb_pressao_familia_v1,pressao_v1
PIO XII,arbovirose,2025,14,0.0169,0.44999999999999996,False,baixa,0.16,1,tests_ma4=1 (imp=0.379); tests_pct_estadual=0.132 (imp=0.414); tests_lag1=1 (imp=0.0273); tests=1 (imp=0.0167); tests_ma8=nan (imp=0.0883),Predito,sklearn_gb_pressao_familia_v1,pressao_v1
CAMPINA DA LAGOA,arbovirose,2025,14,0.0169,0.44999999999999996,False,baixa,0.16,1,tests_ma4=1 (imp=0.379); tests_ma8=1 (imp=0.0883); tests_pct_estadual=0.132 (imp=0.414); tests_lag1=1 (imp=0.0273); tests=1 (imp=0.0167),Predito,sklearn_gb_pressao_familia_v1,pressao_v1
PORTELANDIA,arbovirose,2025,9,0.0169,0.44999999999999996,False,baixa,0.29,1,tests_ma4=1 (imp=0.379); tests_pct_estadual=0.124 (imp=0.414); tests_lag1=1 (imp=0.0273); tests=1 (imp=0.0167); tests_ma8=nan (imp=0.0883),Predito,sklearn_gb_pressao_familia_v1,pressao_v1
ALTO ARAGUAIA,arbovirose,2025,9,0.0169,0.44999999999999996,False,baixa,0.29,1,tests_ma4=1 (imp=0.379); tests_pct_estadual=0.124 (imp=0.414); tests_lag1=1 (imp=0.0273); tests=1 (imp=0.0167); tests_ma8=nan (imp=0.0883),Predito,sklearn_gb_pressao_familia_v1,pressao_v1
VARZEA ALEGRE,arbovirose,2025,17,0.0169,0.44999999999999996,False,baixa,0.38,2,tests_ma4=1.25 (imp=0.379); tests_ma8=1.25 (imp=0.0883); tests_pct_estadual=0.247 (imp=0.414); tests=2 (imp=0.0167); tests_lag1=1 (imp=0.0273),Predito,sklearn_gb_pressao_familia_v1,pressao_v1
SAO JOAO DE PIRABAS,arbovirose,2025,14,0.0169,0.44999999999999996,False,baixa,0.16,1,tests_ma4=1 (imp=0.379); tests_pct_estadual=0.132 (imp=0.414); tests_lag1=1 (imp=0.0273); tests=1 (imp=0.0167); tests_ma8=nan (imp=0.0883),Predito,sklearn_gb_pressao_familia_v1,pressao_v1
DRACENA,arbovirose,2025,17,0.0169,0.44999999999999996,False,baixa,0.38,2,tests_ma4=2 (imp=0.379); tests_pct_estadual=0.247 (imp=0.414); tests_lag1=2 (imp=0.0273); tests=2 (imp=0.0167); tests_ma8=nan (imp=0.0883),Predito,sklearn_gb_pressao_familia_v1,pressao_v1
BARROLANDIA,arbovirose,2025,17,0.0169,0.44999999999999996,False,baixa,0.38,2,tests_ma4=1.5 (imp=0.379); tests_pct_estadual=0.247 (imp=0.414); tests=2 (imp=0.0167); tests_lag1=1 (imp=0.0273); tests_ma8=nan (imp=0.0883),Predito,sklearn_gb_pressao_familia_v1,pressao_v1
RENASCENCA,arbovirose,2025,22,0.0169,0.44999999999999996,False,baixa,0.25,1,tests=1 (imp=0.0167); tests_lag1=nan (imp=0.0273); tests_ma4=nan (imp=0.379); tests_ma8=nan (imp=0.0883); tests_trend=nan (imp=0.0236),Predito,sklearn_gb_pressao_familia_v1,pressao_v1
IPOJUCA,arbovirose,2025,20,0.0169,0.44999999999999996,False,baixa,0.17,1,tests=1 (imp=0.0167); tests_lag1=nan (imp=0.0273); tests_ma4=nan (imp=0.379); tests_ma8=nan (imp=0.0883); tests_trend=nan (imp=0.0236),Predito,sklearn_gb_pressao_familia_v1,pressao_v1
CUJUBIM,arbovirose,2025,14,0.0169,0.44999999999999996,False,baixa,0.16,1,tests_ma4=1 (imp=0.379); tests_pct_estadual=0.132 (imp=0.414); tests_lag1=1 (imp=0.0273); tests=1 (imp=0.0167); tests_ma8=nan (imp=0.0883),Predito,sklearn_gb_pressao_familia_v1,pressao_v1
ITAPOA,arbovirose,2025,9,0.0169,0.44999999999999996,False,baixa,0.29,1,tests_ma4=1 (imp=0.379); tests_pct_estadual=0.124 (imp=0.414); tests_lag1=1 (imp=0.0273); tests=1 (imp=0.0167); tests_ma8=nan (imp=0.0883),Predito,sklearn_gb_pressao_familia_v1,pressao_v1
ARARAQUARA,arbovirose,2025,14,0.0169,0.44999999999999996,False,baixa,0.16,1,tests_ma4=1 (imp=0.379); tests_pct_estadual=0.132 (imp=0.414); tests_lag1=1 (imp=0.0273); tests=1 (imp=0.0167); tests_ma8=nan (imp=0.0883),Predito,sklearn_gb_pressao_familia_v1,pressao_v1
RIO PRETO DA EVA,arbovirose,2025,9,0.0169,0.44999999999999996,False,baixa,0.29,1,tests_ma4=1.5 (imp=0.379); tests_lag1=2 (imp=0.0273); tests_pct_estadual=0.124 (imp=0.414); tests=1 (imp=0.0167); tests_ma8=nan (imp=0.0883),Predito,sklearn_gb_pressao_familia_v1,pressao_v1
BAURU,arbovirose,2025,14,0.0169,0.44999999999999996,False,baixa,0.16,1,tests_ma4=1 (imp=0.379); tests_ma8=1 (imp=0.0883); tests_pct_estadual=0.132 (imp=0.414); tests_lag1=1 (imp=0.0273); tests=1 (imp=0.0167),Predito,sklearn_gb_pressao_familia_v1,pressao_v1
PORTO LUCENA,arbovirose,2025,21,0.0169,0.44999999999999996,False,baixa,0.17,1,tests_ma4=1 (imp=0.379); tests_ma8=1 (imp=0.0883); tests_pct_estadual=0.152 (imp=0.414); tests_lag1=1 (imp=0.0273); tests=1 (imp=0.0167),Predito,sklearn_gb_pressao_familia_v1,pressao_v1
ARAPOTI,arbovirose,2025,9,0.0169,0.44999999999999996,False,baixa,0.29,1,tests_ma4=1 (imp=0.379); tests_pct_estadual=0.124 (imp=0.414); tests_lag1=1 (imp=0.0273); tests=1 (imp=0.0167); tests_ma8=nan (imp=0.0883),Predito,sklearn_gb_pressao_familia_v1,pressao_v1
BAIAO,arbovirose,2025,9,0.0169,0.44999999999999996,False,baixa,0.29,1,tests_ma4=1 (imp=0.379); tests_pct_estadual=0.124 (imp=0.414); tests_lag1=1 (imp=0.0273); tests=1 (imp=0.0167); tests_ma8=nan (imp=0.0883),Predito,sklearn_gb_pressao_familia_v1,pressao_v1
PINHEIRINHO DO VALE,arbovirose,2025,9,0.0169,0.44999999999999996,False,baixa,0.29,1,tests_ma4=1 (imp=0.379); tests_pct_estadual=0.124 (imp=0.414); tests_lag1=1 (imp=0.0273); tests=1 (imp=0.0167); tests_ma8=nan (imp=0.0883),Predito,sklearn_gb_pressao_familia_v1,pressao_v1
SOUSA,arbovirose,2025,22,0.0169,0.44999999999999996,False,baixa,0.25,1,tests_ma4=1 (imp=0.379); tests_pct_estadual=0.144 (imp=0.414); tests_lag1=1 (imp=0.0273); tests=1 (imp=0.0167); tests_ma8=nan (imp=0.0883),Predito,sklearn_gb_pressao_familia_v1,pressao_v1
MONTALVANIA,arbovirose,2025,17,0.0169,0.44999999999999996,False,baixa,0.38,2,tests_ma4=2 (imp=0.379); tests_pct_estadual=0.247 (imp=0.414); tests_lag1=2 (imp=0.0273); tests=2 (imp=0.0167); tests_ma8=nan (imp=0.0883),Predito,sklearn_gb_pressao_familia_v1,pressao_v1
BARRA,arbovirose,2025,9,0.0169,0.44999999999999996,False,baixa,0.29,1,tests_ma4=1 (imp=0.379); tests_pct_estadual=0.124 (imp=0.414); tests_lag1=1 (imp=0.0273); tests=1 (imp=0.0167); tests_ma8=nan (imp=0.0883),Predito,sklearn_gb_pressao_familia_v1,pressao_v1
BELO HORIZONTE,arbovirose,2025,14,0.0169,0.44999999999999996,False,baixa,0.16,1,tests_ma4=1.75 (imp=0.379); tests_ma8=1.67 (imp=0.0883); tests_pct_estadual=0.132 (imp=0.414); tests_lag1=2 (imp=0.0273); tests=1 (imp=0.0167),Predito,sklearn_gb_pressao_familia_v1,pressao_v1
COLORADO DO OESTE,arbovirose,2025,9,0.0169,0.44999999999999996,False,baixa,0.29,1,tests=1 (imp=0.0167); tests_lag1=nan (imp=0.0273); tests_ma4=nan (imp=0.379); tests_ma8=nan (imp=0.0883); tests_trend=nan (imp=0.0236),Predito,sklearn_gb_pressao_familia_v1,pressao_v1
SAO ROBERTO,arbovirose,2025,21,0.0169,0.44999999999999996,False,baixa,0.17,1,tests=1 (imp=0.0167); tests_lag1=nan (imp=0.0273); tests_ma4=nan (imp=0.379); tests_ma8=nan (imp=0.0883); tests_trend=nan (imp=0.0236),Predito,sklearn_gb_pressao_familia_v1,pressao_v1
CANDIDO MOTA,arbovirose,2025,9,0.0169,0.44999999999999996,False,baixa,0.29,1,tests_ma4=1 (imp=0.379); tests_pct_estadual=0.124 (imp=0.414); tests_lag1=1 (imp=0.0273); tests=1 (imp=0.0167); tests_ma8=nan (imp=0.0883),Predito,sklearn_gb_pressao_familia_v1,pressao_v1
LOANDA,arbovirose,2025,17,0.0169,0.44999999999999996,False,baixa,0.38,2,tests=2 (imp=0.0167); tests_lag1=nan (imp=0.0273); tests_ma4=nan (imp=0.379); tests_ma8=nan (imp=0.0883); tests_trend=nan (imp=0.0236),Predito,sklearn_gb_pressao_familia_v1,pressao_v1
NOVA PRATA,arbovirose,2025,9,0.0169,0.44999999999999996,False,baixa,0.29,1,tests_ma4=1.5 (imp=0.379); tests_lag1=2 (imp=0.0273); tests_pct_estadual=0.124 (imp=0.414); tests=1 (imp=0.0167); tests_ma8=nan (imp=0.0883),Predito,sklearn_gb_pressao_familia_v1,pressao_v1
ULIANOPOLIS,arbovirose,2025,17,0.0169,0.44999999999999996,False,baixa,0.38,2,tests=2 (imp=0.0167); tests_lag1=nan (imp=0.0273); tests_ma4=nan (imp=0.379); tests_ma8=nan (imp=0.0883); tests_trend=nan (imp=0.0236),Predito,sklearn_gb_pressao_familia_v1,pressao_v1
SANTA CRUZ DO XINGU,arbovirose,2025,21,0.0169,0.44999999999999996,False,baixa,0.17,1,tests_ma4=1.33 (imp=0.379); tests_ma8=1.33 (imp=0.0883); tests_pct_estadual=0.152 (imp=0.414); tests_lag1=1 (imp=0.0273); tests=1 (imp=0.0167),Predito,sklearn_gb_pressao_familia_v1,pressao_v1
MATAO,arbovirose,2025,22,0.0169,0.44999999999999996,False,baixa,0.25,1,tests_ma4=1.5 (imp=0.379); tests_ma8=1.5 (imp=0.0883); tests_pct_estadual=0.144 (imp=0.414); tests_lag1=1 (imp=0.0273); tests=1 (imp=0.0167),Predito,sklearn_gb_pressao_familia_v1,pressao_v1
MAIRI,arbovirose,2025,21,0.0169,0.44999999999999996,False,baixa,0.17,1,tests_ma4=1 (imp=0.379); tests_pct_estadual=0.152 (imp=0.414); tests_lag1=1 (imp=0.0273); tests=1 (imp=0.0167); tests_ma8=nan (imp=0.0883),Predito,sklearn_gb_pressao_familia_v1,pressao_v1
NOVA OLINDA DO MARANHAO,arbovirose,2025,9,0.0169,0.44999999999999996,False,baixa,0.29,1,tests_ma4=1.5 (imp=0.379); tests_lag1=2 (imp=0.0273); tests_pct_estadual=0.124 (imp=0.414); tests=1 (imp=0.0167); tests_ma8=nan (imp=0.0883),Predito,sklearn_gb_pressao_familia_v1,pressao_v1
NOVA NAZARE,arbovirose,2025,9,0.0169,0.44999999999999996,False,baixa,0.29,1,tests_ma4=1 (imp=0.379); tests_pct_estadual=0.124 (imp=0.414); tests_lag1=1 (imp=0.0273); tests=1 (imp=0.0167); tests_ma8=nan (imp=0.0883),Predito,sklearn_gb_pressao_familia_v1,pressao_v1
NOSSA SENHORA DE NAZARE,arbovirose,2025,17,0.0169,0.44999999999999996,False,baixa,0.38,2,tests_ma4=1.5 (imp=0.379); tests_pct_estadual=0.247 (imp=0.414); tests=2 (imp=0.0167); tests_lag1=1 (imp=0.0273); tests_ma8=nan (imp=0.0883),Predito,sklearn_gb_pressao_familia_v1,pressao_v1
JAU,arbovirose,2025,9,0.0169,0.44999999999999996,False,baixa,0.29,1,tests_ma4=1 (imp=0.379); tests_pct_estadual=0.124 (imp=0.414); tests_lag1=1 (imp=0.0273); tests=1 (imp=0.0167); tests_ma8=nan (imp=0.0883),Predito,sklearn_gb_pressao_familia_v1,pressao_v1
ORIXIMINA,arbovirose,2025,22,0.0169,0.44999999999999996,False,baixa,0.25,1,tests_ma4=1 (imp=0.379); tests_pct_estadual=0.144 (imp=0.414); tests_lag1=1 (imp=0.0273); tests=1 (imp=0.0167); tests_ma8=nan (imp=0.0883),Predito,sklearn_gb_pressao_familia_v1,pressao_v1
OLIMPIA,arbovirose,2025,9,0.0169,0.44999999999999996,False,baixa,0.29,1,tests_ma4=1.5 (imp=0.379); tests_lag1=2 (imp=0.0273); tests_pct_estadual=0.124 (imp=0.414); tests=1 (imp=0.0167); tests_ma8=nan (imp=0.0883),Predito,sklearn_gb_pressao_familia_v1,pressao_v1
CURUA,arbovirose,2025,9,0.0169,0.44999999999999996,False,baixa,0.29,1,tests_ma4=1 (imp=0.379); tests_pct_estadual=0.124 (imp=0.414); tests_lag1=1 (imp=0.0273); tests=1 (imp=0.0167); tests_ma8=nan (imp=0.0883),Predito,sklearn_gb_pressao_familia_v1,pressao_v1
ITUPEVA,arbovirose,2025,14,0.0169,0.44999999999999996,False,baixa,0.16,1,tests_ma4=1 (imp=0.379); tests_pct_estadual=0.132 (imp=0.414); tests_lag1=1 (imp=0.0273); tests=1 (imp=0.0167); tests_ma8=nan (imp=0.0883),Predito,sklearn_gb_pressao_familia_v1,pressao_v1
IUNA,arbovirose,2025,9,0.0169,0.44999999999999996,False,baixa,0.29,1,tests_ma4=1 (imp=0.379); tests_pct_estadual=0.124 (imp=0.414); tests_lag1=1 (imp=0.0273); tests=1 (imp=0.0167); tests_ma8=nan (imp=0.0883),Predito,sklearn_gb_pressao_familia_v1,pressao_v1
JARDIM,arbovirose,2025,9,0.0169,0.44999999999999996,False,baixa,0.29,1,tests_ma4=1 (imp=0.379); tests_ma8=1 (imp=0.0883); tests_pct_estadual=0.124 (imp=0.414); tests_lag1=1 (imp=0.0273); tests=1 (imp=0.0167),Predito,sklearn_gb_pressao_familia_v1,pressao_v1
JOACABA,arbovirose,2025,17,0.0169,0.44999999999999996,False,baixa,0.38,2,tests=2 (imp=0.0167); tests_lag1=nan (imp=0.0273); tests_ma4=nan (imp=0.379); tests_ma8=nan (imp=0.0883); tests_trend=nan (imp=0.0236),Predito,sklearn_gb_pressao_familia_v1,pressao_v1
PADRE PARAISO,arbovirose,2025,9,0.0169,0.44999999999999996,False,baixa,0.29,1,tests_ma4=1 (imp=0.379); tests_pct_estadual=0.124 (imp=0.414); tests_lag1=1 (imp=0.0273); tests=1 (imp=0.0167); tests_ma8=nan (imp=0.0883),Predito,sklearn_gb_pressao_familia_v1,pressao_v1
JABOTICABAL,arbovirose,2025,9,0.0169,0.44999999999999996,False,baixa,0.29,1,tests_ma4=1 (imp=0.379); tests_pct_estadual=0.124 (imp=0.414); tests_lag1=1 (imp=0.0273); tests=1 (imp=0.0167); tests_ma8=nan (imp=0.0883),Predito,sklearn_gb_pressao_familia_v1,pressao_v1
CARIACICA,arbovirose,2025,9,0.0169,0.44999999999999996,False,baixa,0.29,1,tests_ma4=1 (imp=0.379); tests_pct_estadual=0.124 (imp=0.414); tests_lag1=1 (imp=0.0273); tests=1 (imp=0.0167); tests_ma8=nan (imp=0.0883),Predito,sklearn_gb_pressao_familia_v1,pressao_v1
COXIM,arbovirose,2025,17,0.0169,0.44999999999999996,False,baixa,0.38,2,tests_ma4=1.5 (imp=0.379); tests_pct_estadual=0.247 (imp=0.414); tests=2 (imp=0.0167); tests_lag1=1 (imp=0.0273); tests_ma8=nan (imp=0.0883),Predito,sklearn_gb_pressao_familia_v1,pressao_v1
BOA VISTA DO GURUPI,arbovirose,2025,17,0.0169,0.44999999999999996,False,baixa,0.38,2,tests_ma4=1.33 (imp=0.379); tests_ma8=1.33 (imp=0.0883); tests_pct_estadual=0.247 (imp=0.414); tests=2 (imp=0.0167); tests_lag1=1 (imp=0.0273),Predito,sklearn_gb_pressao_familia_v1,pressao_v1
CAMPO NOVO DE RONDONIA,arbovirose,2025,21,0.0169,0.44999999999999996,False,baixa,0.17,1,tests=1 (imp=0.0167); tests_lag1=nan (imp=0.0273); tests_ma4=nan (imp=0.379); tests_ma8=nan (imp=0.0883); tests_trend=nan (imp=0.0236),Predito,sklearn_gb_pressao_familia_v1,pressao_v1
SAO PEDRO,arbovirose,2025,14,0.0169,0.44999999999999996,False,baixa,0.16,1,tests=1 (imp=0.0167); tests_lag1=nan (imp=0.0273); tests_ma4=nan (imp=0.379); tests_ma8=nan (imp=0.0883); tests_trend=nan (imp=0.0236),Predito,sklearn_gb_pressao_familia_v1,pressao_v1
CONCEICAO DO MATO DENTRO,arbovirose,2025,17,0.0169,0.44999999999999996,False,baixa,0.38,2,tests_ma4=1.33 (imp=0.379); tests_ma8=1.33 (imp=0.0883); tests_pct_estadual=0.247 (imp=0.414); tests=2 (imp=0.0167); tests_lag1=1 (imp=0.0273),Predito,sklearn_gb_pressao_familia_v1,pressao_v1
MATIAS OLIMPIO,arbovirose,2025,9,0.0169,0.44999999999999996,False,baixa,0.29,1,tests=1 (imp=0.0167); tests_lag1=nan (imp=0.0273); tests_ma4=nan (imp=0.379); tests_ma8=nan (imp=0.0883); tests_trend=nan (imp=0.0236),Predito,sklearn_gb_pressao_familia_v1,pressao_v1
AFONSO CUNHA,arbovirose,2025,17,0.0169,0.44999999999999996,False,baixa,0.38,2,tests_ma4=1.25 (imp=0.379); tests_ma8=1.25 (imp=0.0883); tests_pct_estadual=0.247 (imp=0.414); tests=2 (imp=0.0167); tests_lag1=1 (imp=0.0273),Predito,sklearn_gb_pressao_familia_v1,pressao_v1
VILA NOVA DOS MARTIRIOS,arbovirose,2025,12,0.0167,0.44999999999999996,False,baixa,0.23,1,tests_ma4=2 (imp=0.379); tests_ma8=1.8 (imp=0.0883); tests_lag1=2 (imp=0.0273); tests_pct_estadual=0.0688 (imp=0.414); tests=1 (imp=0.0167),Predito,sklearn_gb_pressao_familia_v1,pressao_v1
RIO LARGO,arbovirose,2025,22,0.0166,0.44999999999999996,False,baixa,0.25,1,tests_ma4=1.5 (imp=0.379); tests_ma8=1.33 (imp=0.0883); tests_lag1=3 (imp=0.0273); tests_pct_estadual=0.144 (imp=0.414); tests=1 (imp=0.0167),Predito,sklearn_gb_pressao_familia_v1,pressao_v1
SALVADOR,arbovirose,2025,13,0.0162,0.44999999999999996,False,baixa,0.16,1,tests_ma4=1.5 (imp=0.379); tests_ma8=1.4 (imp=0.0883); tests_lag1=3 (imp=0.0273); tests_pct_estadual=0.164 (imp=0.414); tests=1 (imp=0.0167),Predito,sklearn_gb_pressao_familia_v1,pressao_v1
GOIANAPOLIS,arbovirose,2025,16,0.0161,0.44999999999999996,False,baixa,0.32,1,tests_ma4=1 (imp=0.379); tests_pct_estadual=0.179 (imp=0.414); tests_lag1=1 (imp=0.0273); tests=1 (imp=0.0167); tests_ma8=nan (imp=0.0883),Predito,sklearn_gb_pressao_familia_v1,pressao_v1
GUARUJA DO SUL,arbovirose,2025,11,0.0161,0.44999999999999996,False,baixa,0.35,1,tests_ma4=1 (imp=0.379); tests_pct_estadual=0.209 (imp=0.414); tests_lag1=1 (imp=0.0273); tests=1 (imp=0.0167); tests_ma8=nan (imp=0.0883),Predito,sklearn_gb_pressao_familia_v1,pressao_v1
PORTO ACRE,arbovirose,2025,11,0.0161,0.44999999999999996,False,baixa,0.35,1,tests=1 (imp=0.0167); tests_lag1=nan (imp=0.0273); tests_ma4=nan (imp=0.379); tests_ma8=nan (imp=0.0883); tests_trend=nan (imp=0.0236),Predito,sklearn_gb_pressao_familia_v1,pressao_v1
PILAR,arbovirose,2025,11,0.0161,0.44999999999999996,False,baixa,0.35,1,tests_ma4=1.5 (imp=0.379); tests_pct_estadual=0.209 (imp=0.414); tests_lag1=2 (imp=0.0273); tests=1 (imp=0.0167); tests_ma8=nan (imp=0.0883),Predito,sklearn_gb_pressao_familia_v1,pressao_v1
BARRA DA ESTIVA,arbovirose,2025,11,0.0161,0.44999999999999996,False,baixa,0.35,1,tests=1 (imp=0.0167); tests_lag1=nan (imp=0.0273); tests_ma4=nan (imp=0.379); tests_ma8=nan (imp=0.0883); tests_trend=nan (imp=0.0236),Predito,sklearn_gb_pressao_familia_v1,pressao_v1
MAUA,arbovirose,2025,2,0.0161,0.44999999999999996,False,baixa,0.41,1,tests=1 (imp=0.0167); tests_lag1=nan (imp=0.0273); tests_ma4=nan (imp=0.379); tests_ma8=nan (imp=0.0883); tests_trend=nan (imp=0.0236),Predito,sklearn_gb_pressao_familia_v1,pressao_v1
ITUPIRANGA,arbovirose,2025,15,0.0161,0.44999999999999996,False,baixa,0.3,1,tests_ma4=1.33 (imp=0.379); tests_ma8=1.33 (imp=0.0883); tests_pct_estadual=0.186 (imp=0.414); tests_lag1=1 (imp=0.0273); tests=1 (imp=0.0167),Predito,sklearn_gb_pressao_familia_v1,pressao_v1
TRIZIDELA DO VALE,arbovirose,2025,11,0.0161,0.44999999999999996,False,baixa,0.35,1,tests_ma4=1.5 (imp=0.379); tests_pct_estadual=0.209 (imp=0.414); tests_lag1=2 (imp=0.0273); tests=1 (imp=0.0167); tests_ma8=nan (imp=0.0883),Predito,sklearn_gb_pressao_familia_v1,pressao_v1
DOIS IRMAOS DO TOCANTINS,arbovirose,2025,11,0.0161,0.44999999999999996,False,baixa,0.35,1,tests_ma4=1 (imp=0.379); tests_pct_estadual=0.209 (imp=0.414); tests_lag1=1 (imp=0.0273); tests=1 (imp=0.0167); tests_ma8=nan (imp=0.0883),Predito,sklearn_gb_pressao_familia_v1,pressao_v1
SAO CRISTOVAO,arbovirose,2025,11,0.0161,0.44999999999999996,False,baixa,0.35,1,tests_ma4=1.5 (imp=0.379); tests_pct_estadual=0.209 (imp=0.414); tests_lag1=2 (imp=0.0273); tests=1 (imp=0.0167); tests_ma8=nan (imp=0.0883),Predito,sklearn_gb_pressao_familia_v1,pressao_v1
TUPANCIRETA,arbovirose,2025,11,0.0161,0.44999999999999996,False,baixa,0.35,1,tests=1 (imp=0.0167); tests_lag1=nan (imp=0.0273); tests_ma4=nan (imp=0.379); tests_ma8=nan (imp=0.0883); tests_trend=nan (imp=0.0236),Predito,sklearn_gb_pressao_familia_v1,pressao_v1
SANTA MARIA DO OESTE,arbovirose,2025,11,0.0161,0.44999999999999996,False,baixa,0.35,1,tests_ma4=1.5 (imp=0.379); tests_pct_estadual=0.209 (imp=0.414); tests_lag1=2 (imp=0.0273); tests=1 (imp=0.0167); tests_ma8=nan (imp=0.0883),Predito,sklearn_gb_pressao_familia_v1,pressao_v1
CENTRO DO GUILHERME,arbovirose,2025,16,0.0161,0.44999999999999996,False,baixa,0.32,1,tests=1 (imp=0.0167); tests_lag1=nan (imp=0.0273); tests_ma4=nan (imp=0.379); tests_ma8=nan (imp=0.0883); tests_trend=nan (imp=0.0236),Predito,sklearn_gb_pressao_familia_v1,pressao_v1
CONCEICAO DO ARAGUAIA,arbovirose,2025,15,0.0161,0.44999999999999996,False,baixa,0.3,1,tests=1 (imp=0.0167); tests_lag1=nan (imp=0.0273); tests_ma4=nan (imp=0.379); tests_ma8=nan (imp=0.0883); tests_trend=nan (imp=0.0236),Predito,sklearn_gb_pressao_familia_v1,pressao_v1
SAO DOMINGOS DO MARANHAO,arbovirose,2025,15,0.0161,0.44999999999999996,False,baixa,0.3,1,tests_ma4=1.5 (imp=0.379); tests_pct_estadual=0.186 (imp=0.414); tests_lag1=2 (imp=0.0273); tests=1 (imp=0.0167); tests_ma8=nan (imp=0.0883),Predito,sklearn_gb_pressao_familia_v1,pressao_v1
BARRA VELHA,arbovirose,2025,11,0.0161,0.44999999999999996,False,baixa,0.35,1,tests=1 (imp=0.0167); tests_lag1=nan (imp=0.0273); tests_ma4=nan (imp=0.379); tests_ma8=nan (imp=0.0883); tests_trend=nan (imp=0.0236),Predito,sklearn_gb_pressao_familia_v1,pressao_v1
HORIZONTE,arbovirose,2025,11,0.0161,0.44999999999999996,False,baixa,0.35,1,tests=1 (imp=0.0167); tests_lag1=nan (imp=0.0273); tests_ma4=nan (imp=0.379); tests_ma8=nan (imp=0.0883); tests_trend=nan (imp=0.0236),Predito,sklearn_gb_pressao_familia_v1,pressao_v1
PATROCINIO,arbovirose,2025,11,0.0161,0.44999999999999996,False,baixa,0.35,1,tests=1 (imp=0.0167); tests_lag1=nan (imp=0.0273); tests_ma4=nan (imp=0.379); tests_ma8=nan (imp=0.0883); tests_trend=nan (imp=0.0236),Predito,sklearn_gb_pressao_familia_v1,pressao_v1
SAO JOSE DO EGITO,arbovirose,2025,15,0.0161,0.44999999999999996,False,baixa,0.3,1,tests=1 (imp=0.0167); tests_lag1=nan (imp=0.0273); tests_ma4=nan (imp=0.379); tests_ma8=nan (imp=0.0883); tests_trend=nan (imp=0.0236),Predito,sklearn_gb_pressao_familia_v1,pressao_v1
ALVORADA D''OESTE,arbovirose,2025,11,0.0161,0.44999999999999996,False,baixa,0.35,1,tests=1 (imp=0.0167); tests_lag1=nan (imp=0.0273); tests_ma4=nan (imp=0.379); tests_ma8=nan (imp=0.0883); tests_trend=nan (imp=0.0236),Predito,sklearn_gb_pressao_familia_v1,pressao_v1
BALNEARIO ARROIO DO SILVA,arbovirose,2025,11,0.0161,0.44999999999999996,False,baixa,0.35,1,tests=1 (imp=0.0167); tests_lag1=nan (imp=0.0273); tests_ma4=nan (imp=0.379); tests_ma8=nan (imp=0.0883); tests_trend=nan (imp=0.0236),Predito,sklearn_gb_pressao_familia_v1,pressao_v1
TACURU,arbovirose,2025,16,0.0161,0.44999999999999996,False,baixa,0.32,1,tests=1 (imp=0.0167); tests_lag1=nan (imp=0.0273); tests_ma4=nan (imp=0.379); tests_ma8=nan (imp=0.0883); tests_trend=nan (imp=0.0236),Predito,sklearn_gb_pressao_familia_v1,pressao_v1
PINDORAMA,arbovirose,2025,15,0.0161,0.44999999999999996,False,baixa,0.3,1,tests=1 (imp=0.0167); tests_lag1=nan (imp=0.0273); tests_ma4=nan (imp=0.379); tests_ma8=nan (imp=0.0883); tests_trend=nan (imp=0.0236),Predito,sklearn_gb_pressao_familia_v1,pressao_v1
ERERE,arbovirose,2025,11,0.0161,0.44999999999999996,False,baixa,0.35,1,tests=1 (imp=0.0167); tests_lag1=nan (imp=0.0273); tests_ma4=nan (imp=0.379); tests_ma8=nan (imp=0.0883); tests_trend=nan (imp=0.0236),Predito,sklearn_gb_pressao_familia_v1,pressao_v1
FLORES DA CUNHA,arbovirose,2025,16,0.0161,0.44999999999999996,False,baixa,0.32,1,tests=1 (imp=0.0167); tests_lag1=nan (imp=0.0273); tests_ma4=nan (imp=0.379); tests_ma8=nan (imp=0.0883); tests_trend=nan (imp=0.0236),Predito,sklearn_gb_pressao_familia_v1,pressao_v1
BARRACAO,arbovirose,2025,16,0.0161,0.44999999999999996,False,baixa,0.32,1,tests_ma4=1 (imp=0.379); tests_pct_estadual=0.179 (imp=0.414); tests_lag1=1 (imp=0.0273); tests=1 (imp=0.0167); tests_ma8=nan (imp=0.0883),Predito,sklearn_gb_pressao_familia_v1,pressao_v1
ELDORADO,arbovirose,2025,2,0.0161,0.44999999999999996,False,baixa,0.41,1,tests=1 (imp=0.0167); tests_lag1=nan (imp=0.0273); tests_ma4=nan (imp=0.379); tests_ma8=nan (imp=0.0883); tests_trend=nan (imp=0.0236),Predito,sklearn_gb_pressao_familia_v1,pressao_v1
ELDORADO DO SUL,arbovirose,2025,11,0.0161,0.44999999999999996,False,baixa,0.35,1,tests=1 (imp=0.0167); tests_lag1=nan (imp=0.0273); tests_ma4=nan (imp=0.379); tests_ma8=nan (imp=0.0883); tests_trend=nan (imp=0.0236),Predito,sklearn_gb_pressao_familia_v1,pressao_v1
TESOURO,arbovirose,2025,11,0.0161,0.44999999999999996,False,baixa,0.35,1,tests=1 (imp=0.0167); tests_lag1=nan (imp=0.0273); tests_ma4=nan (imp=0.379); tests_ma8=nan (imp=0.0883); tests_trend=nan (imp=0.0236),Predito,sklearn_gb_pressao_familia_v1,pressao_v1
ITAGUAI,arbovirose,2025,11,0.0161,0.44999999999999996,False,baixa,0.35,1,tests=1 (imp=0.0167); tests_lag1=nan (imp=0.0273); tests_ma4=nan (imp=0.379); tests_ma8=nan (imp=0.0883); tests_trend=nan (imp=0.0236),Predito,sklearn_gb_pressao_familia_v1,pressao_v1
SANTA FE DO SUL,arbovirose,2025,11,0.0161,0.44999999999999996,False,baixa,0.35,1,tests_ma4=1 (imp=0.379); tests_pct_estadual=0.209 (imp=0.414); tests_lag1=1 (imp=0.0273); tests=1 (imp=0.0167); tests_ma8=nan (imp=0.0883),Predito,sklearn_gb_pressao_familia_v1,pressao_v1
SANTA RITA,arbovirose,2025,11,0.0161,0.44999999999999996,False,baixa,0.35,1,tests=1 (imp=0.0167); tests_lag1=nan (imp=0.0273); tests_ma4=nan (imp=0.379); tests_ma8=nan (imp=0.0883); tests_trend=nan (imp=0.0236),Predito,sklearn_gb_pressao_familia_v1,pressao_v1
SAO JOAQUIM DA BARRA,arbovirose,2025,11,0.0161,0.44999999999999996,False,baixa,0.35,1,tests_ma4=1 (imp=0.379); tests_pct_estadual=0.209 (imp=0.414); tests_lag1=1 (imp=0.0273); tests=1 (imp=0.0167); tests_ma8=nan (imp=0.0883),Predito,sklearn_gb_pressao_familia_v1,pressao_v1
SAO JOSE DA TAPERA,arbovirose,2025,15,0.0161,0.44999999999999996,False,baixa,0.3,1,tests=1 (imp=0.0167); tests_lag1=nan (imp=0.0273); tests_ma4=nan (imp=0.379); tests_ma8=nan (imp=0.0883); tests_trend=nan (imp=0.0236),Predito,sklearn_gb_pressao_familia_v1,pressao_v1
SANTA CRUZ CABRALIA,arbovirose,2025,11,0.0161,0.44999999999999996,False,baixa,0.35,1,tests_ma4=1.5 (imp=0.379); tests_pct_estadual=0.209 (imp=0.414); tests_lag1=2 (imp=0.0273); tests=1 (imp=0.0167); tests_ma8=nan (imp=0.0883),Predito,sklearn_gb_pressao_familia_v1,pressao_v1
SANTA MARIA,arbovirose,2025,13,0.0158,0.44999999999999996,False,baixa,0.16,1,tests_ma4=2 (imp=0.379); tests_lag1=3 (imp=0.0273); tests_pct_estadual=0.164 (imp=0.414); tests=1 (imp=0.0167); tests_ma8=nan (imp=0.0883),Predito,sklearn_gb_pressao_familia_v1,pressao_v1
CRUZEIRO,arbovirose,2025,23,0.0156,0.44999999999999996,False,baixa,0.22,1,tests_ma4=1 (imp=0.379); tests_pct_estadual=0.178 (imp=0.414); tests_lag1=1 (imp=0.0273); tests=1 (imp=0.0167); tests_ma8=nan (imp=0.0883),Predito,sklearn_gb_pressao_familia_v1,pressao_v1
PASSAGEM FRANCA DO PIAUI,arbovirose,2025,13,0.0156,0.44999999999999996,False,baixa,0.16,1,tests_ma4=1.33 (imp=0.379); tests_ma8=1.33 (imp=0.0883); tests_pct_estadual=0.164 (imp=0.414); tests_lag1=2 (imp=0.0273); tests=1 (imp=0.0167),Predito,sklearn_gb_pressao_familia_v1,pressao_v1
PORTO CALVO,arbovirose,2025,23,0.0156,0.44999999999999996,False,baixa,0.22,1,tests_ma4=1 (imp=0.379); tests_pct_estadual=0.178 (imp=0.414); tests_lag1=1 (imp=0.0273); tests=1 (imp=0.0167); tests_ma8=nan (imp=0.0883),Predito,sklearn_gb_pressao_familia_v1,pressao_v1
IGUATEMI,arbovirose,2025,13,0.0156,0.44999999999999996,False,baixa,0.16,1,tests_ma4=1.33 (imp=0.379); tests_ma8=1.33 (imp=0.0883); tests_pct_estadual=0.164 (imp=0.414); tests_lag1=2 (imp=0.0273); tests=1 (imp=0.0167),Predito,sklearn_gb_pressao_familia_v1,pressao_v1
SAO JOAO DO SOTER,arbovirose,2025,23,0.0156,0.44999999999999996,False,baixa,0.22,1,tests_ma4=1 (imp=0.379); tests_pct_estadual=0.178 (imp=0.414); tests_lag1=1 (imp=0.0273); tests=1 (imp=0.0167); tests_ma8=nan (imp=0.0883),Predito,sklearn_gb_pressao_familia_v1,pressao_v1
MATRIZ DE CAMARAGIBE,arbovirose,2025,23,0.0156,0.44999999999999996,False,baixa,0.22,1,tests_ma4=1.33 (imp=0.379); tests_ma8=1.33 (imp=0.0883); tests_pct_estadual=0.178 (imp=0.414); tests_lag1=1 (imp=0.0273); tests=1 (imp=0.0167),Predito,sklearn_gb_pressao_familia_v1,pressao_v1
GOVERNADOR EUGENIO BARROS,arbovirose,2025,23,0.0156,0.44999999999999996,False,baixa,0.22,1,tests_ma4=1 (imp=0.379); tests_pct_estadual=0.178 (imp=0.414); tests_lag1=1 (imp=0.0273); tests=1 (imp=0.0167); tests_ma8=nan (imp=0.0883),Predito,sklearn_gb_pressao_familia_v1,pressao_v1
PITANGA,arbovirose,2025,23,0.0156,0.44999999999999996,False,baixa,0.22,1,tests=1 (imp=0.0167); tests_lag1=nan (imp=0.0273); tests_ma4=nan (imp=0.379); tests_ma8=nan (imp=0.0883); tests_trend=nan (imp=0.0236),Predito,sklearn_gb_pressao_familia_v1,pressao_v1
PELOTAS,arbovirose,2025,13,0.0156,0.44999999999999996,False,baixa,0.16,1,tests_ma4=1 (imp=0.379); tests_pct_estadual=0.164 (imp=0.414); tests_lag1=1 (imp=0.0273); tests=1 (imp=0.0167); tests_ma8=nan (imp=0.0883),Predito,sklearn_gb_pressao_familia_v1,pressao_v1
POSSE,arbovirose,2025,23,0.0156,0.44999999999999996,False,baixa,0.22,1,tests_ma4=1 (imp=0.379); tests_pct_estadual=0.178 (imp=0.414); tests_lag1=1 (imp=0.0273); tests=1 (imp=0.0167); tests_ma8=nan (imp=0.0883),Predito,sklearn_gb_pressao_familia_v1,pressao_v1
VIDEIRA,arbovirose,2025,23,0.0156,0.44999999999999996,False,baixa,0.22,1,tests_ma4=1 (imp=0.379); tests_pct_estadual=0.178 (imp=0.414); tests_lag1=1 (imp=0.0273); tests=1 (imp=0.0167); tests_ma8=nan (imp=0.0883),Predito,sklearn_gb_pressao_familia_v1,pressao_v1
PAO DE ACUCAR,arbovirose,2025,23,0.0156,0.44999999999999996,False,baixa,0.22,1,tests_ma4=1.25 (imp=0.379); tests_ma8=1.25 (imp=0.0883); tests_pct_estadual=0.178 (imp=0.414); tests_lag1=1 (imp=0.0273); tests=1 (imp=0.0167),Predito,sklearn_gb_pressao_familia_v1,pressao_v1
ITABUNA,arbovirose,2025,23,0.0156,0.44999999999999996,False,baixa,0.22,1,tests_ma4=1 (imp=0.379); tests_pct_estadual=0.178 (imp=0.414); tests_lag1=1 (imp=0.0273); tests=1 (imp=0.0167); tests_ma8=nan (imp=0.0883),Predito,sklearn_gb_pressao_familia_v1,pressao_v1
FEIJO,arbovirose,2025,23,0.0156,0.44999999999999996,False,baixa,0.22,1,tests_ma4=1 (imp=0.379); tests_pct_estadual=0.178 (imp=0.414); tests_lag1=1 (imp=0.0273); tests=1 (imp=0.0167); tests_ma8=nan (imp=0.0883),Predito,sklearn_gb_pressao_familia_v1,pressao_v1
SERTANIA,arbovirose,2025,23,0.0156,0.44999999999999996,False,baixa,0.22,1,tests_ma4=1 (imp=0.379); tests_pct_estadual=0.178 (imp=0.414); tests_lag1=1 (imp=0.0273); tests=1 (imp=0.0167); tests_ma8=nan (imp=0.0883),Predito,sklearn_gb_pressao_familia_v1,pressao_v1
QUIXERAMOBIM,arbovirose,2025,23,0.0156,0.44999999999999996,False,baixa,0.22,1,tests_ma4=1 (imp=0.379); tests_pct_estadual=0.178 (imp=0.414); tests_lag1=1 (imp=0.0273); tests=1 (imp=0.0167); tests_ma8=nan (imp=0.0883),Predito,sklearn_gb_pressao_familia_v1,pressao_v1
ITAI,arbovirose,2025,23,0.0156,0.44999999999999996,False,baixa,0.22,1,tests_ma4=1 (imp=0.379); tests_pct_estadual=0.178 (imp=0.414); tests_lag1=1 (imp=0.0273); tests=1 (imp=0.0167); tests_ma8=nan (imp=0.0883),Predito,sklearn_gb_pressao_familia_v1,pressao_v1
SENADOR ALEXANDRE COSTA,arbovirose,2025,23,0.0156,0.44999999999999996,False,baixa,0.22,1,tests_ma4=1 (imp=0.379); tests_ma8=1 (imp=0.0883); tests_pct_estadual=0.178 (imp=0.414); tests_lag1=1 (imp=0.0273); tests=1 (imp=0.0167),Predito,sklearn_gb_pressao_familia_v1,pressao_v1
ROSANA,arbovirose,2025,13,0.0156,0.44999999999999996,False,baixa,0.16,1,tests_ma4=1.33 (imp=0.379); tests_ma8=1.33 (imp=0.0883); tests_pct_estadual=0.164 (imp=0.414); tests_lag1=2 (imp=0.0273); tests=1 (imp=0.0167),Predito,sklearn_gb_pressao_familia_v1,pressao_v1
SANTO ANTONIO DE POSSE,arbovirose,2025,23,0.0156,0.44999999999999996,False,baixa,0.22,1,tests=1 (imp=0.0167); tests_lag1=nan (imp=0.0273); tests_ma4=nan (imp=0.379); tests_ma8=nan (imp=0.0883); tests_trend=nan (imp=0.0236),Predito,sklearn_gb_pressao_familia_v1,pressao_v1
CANAA DOS CARAJAS,arbovirose,2025,23,0.0156,0.44999999999999996,False,baixa,0.22,1,tests_ma4=1 (imp=0.379); tests_ma8=1 (imp=0.0883); tests_pct_estadual=0.178 (imp=0.414); tests_lag1=1 (imp=0.0273); tests=1 (imp=0.0167),Predito,sklearn_gb_pressao_familia_v1,pressao_v1
BREU BRANCO,arbovirose,2025,23,0.0156,0.44999999999999996,False,baixa,0.22,1,tests_ma4=1 (imp=0.379); tests_pct_estadual=0.178 (imp=0.414); tests_lag1=1 (imp=0.0273); tests=1 (imp=0.0167); tests_ma8=nan (imp=0.0883),Predito,sklearn_gb_pressao_familia_v1,pressao_v1
MINISTRO ANDREAZZA,arbovirose,2025,13,0.0156,0.44999999999999996,False,baixa,0.16,1,tests_ma4=1.33 (imp=0.379); tests_ma8=1.33 (imp=0.0883); tests_pct_estadual=0.164 (imp=0.414); tests_lag1=2 (imp=0.0273); tests=1 (imp=0.0167),Predito,sklearn_gb_pressao_familia_v1,pressao_v1
MATINHA,arbovirose,2025,23,0.0156,0.44999999999999996,False,baixa,0.22,1,tests_ma4=1 (imp=0.379); tests_ma8=1 (imp=0.0883); tests_pct_estadual=0.178 (imp=0.414); tests_lag1=1 (imp=0.0273); tests=1 (imp=0.0167),Predito,sklearn_gb_pressao_familia_v1,pressao_v1
BURITICUPU,arbovirose,2025,23,0.0156,0.44999999999999996,False,baixa,0.22,1,tests_ma4=1.25 (imp=0.379); tests_ma8=1.25 (imp=0.0883); tests_pct_estadual=0.178 (imp=0.414); tests_lag1=1 (imp=0.0273); tests=1 (imp=0.0167),Predito,sklearn_gb_pressao_familia_v1,pressao_v1
CANABRAVA DO NORTE,arbovirose,2025,23,0.0156,0.44999999999999996,False,baixa,0.22,1,tests_ma4=1 (imp=0.379); tests_pct_estadual=0.178 (imp=0.414); tests_lag1=1 (imp=0.0273); tests=1 (imp=0.0167); tests_ma8=nan (imp=0.0883),Predito,sklearn_gb_pressao_familia_v1,pressao_v1
