municipio,target,epi_year,epi_week,prob_alerta_proxima_janela,score_logit,faixa_predita,drivers,acao_sugerida,metodo,modelo_versao
CUIABA,influenza,2025,20,0.5992,0.402,alto,positividade=1.0; tendencia_pos=0.0; risco=0.57,Acompanhar tendência semanal e reforçar coleta se houver sintoma clínico.,sklearn_gb_v1,sklearn_v1
ARIPUANA,hepatite_b_hbv,2025,31,0.5183,0.0731,alto,positividade=0.57; tendencia_pos=0.125; risco=0.28,Acompanhar tendência semanal e reforçar coleta se houver sintoma clínico.,sklearn_gb_v1,sklearn_v1
JURUENA,hepatite_b_hbv,2025,34,0.4995,-0.0022,moderado,positividade=0.5; tendencia_pos=0.021; risco=0.12,Manter rotina de vigilância laboratorial.,sklearn_gb_v1,sklearn_v1
CASTANHEIRA,hepatite_b_hbv,2025,33,0.4959,-0.0163,moderado,positividade=0.5; tendencia_pos=0.054; risco=0.0,Manter rotina de vigilância laboratorial.,sklearn_gb_v1,sklearn_v1
VARZEA GRANDE,influenza,2025,20,0.4938,-0.0246,moderado,positividade=1.0; tendencia_pos=0.0; risco=1.45,Manter rotina de vigilância laboratorial.,sklearn_gb_v1,sklearn_v1
JUINA,hepatite_b_hbv,2025,34,0.4916,-0.0336,moderado,positividade=0.5; tendencia_pos=-0.023; risco=0.0,Manter rotina de vigilância laboratorial.,sklearn_gb_v1,sklearn_v1
MARCELANDIA,hepatite_b_hbv,2025,33,0.4869,-0.0524,moderado,positividade=0.8; tendencia_pos=0.155; risco=0.38,Manter rotina de vigilância laboratorial.,sklearn_gb_v1,sklearn_v1
CANARANA,citomegalovirus_igg,2025,33,0.4467,-0.2142,moderado,positividade=1.0; tendencia_pos=0.046; risco=0.07,Manter rotina de vigilância laboratorial.,sklearn_gb_v1,sklearn_v1
NOVA SANTA HELENA,chikungunya,2025,24,0.3878,-0.4567,moderado,positividade=0.5; tendencia_pos=0.152; risco=1.66,Manter rotina de vigilância laboratorial.,sklearn_gb_v1,sklearn_v1
LAMBARI D''OESTE,chikungunya,2025,27,0.3851,-0.4681,moderado,positividade=0.38; tendencia_pos=0.089; risco=0.11,Manter rotina de vigilância laboratorial.,sklearn_gb_v1,sklearn_v1
RONDONOPOLIS,hepatite_b_hbv,2025,33,0.379,-0.4936,moderado,positividade=0.5; tendencia_pos=0.107; risco=0.0,Manter rotina de vigilância laboratorial.,sklearn_gb_v1,sklearn_v1
POXOREO,chikungunya,2025,22,0.3461,-0.6362,moderado,positividade=0.44; tendencia_pos=0.179; risco=1.18,Manter rotina de vigilância laboratorial.,sklearn_gb_v1,sklearn_v1
ALTO GARCAS,chikungunya,2025,31,0.3451,-0.6408,moderado,positividade=1.0; tendencia_pos=0.078; risco=0.38,Manter rotina de vigilância laboratorial.,sklearn_gb_v1,sklearn_v1
COTRIGUACU,hepatite_b_hbv,2025,32,0.3377,-0.6736,moderado,positividade=1.0; tendencia_pos=-0.096; risco=0.24,Manter rotina de vigilância laboratorial.,sklearn_gb_v1,sklearn_v1
NOVA GUARITA,chikungunya,2025,34,0.3369,-0.6772,moderado,positividade=0.0; tendencia_pos=-0.092; risco=0.0,Manter rotina de vigilância laboratorial.,sklearn_gb_v1,sklearn_v1
CARLINDA,chikungunya,2025,15,0.3356,-0.6828,moderado,positividade=0.75; tendencia_pos=0.0; risco=1.91,Manter rotina de vigilância laboratorial.,sklearn_gb_v1,sklearn_v1
SORRISO,hepatite_b_hbv,2025,32,0.3289,-0.7133,moderado,positividade=0.67; tendencia_pos=-0.141; risco=0.0,Manter rotina de vigilância laboratorial.,sklearn_gb_v1,sklearn_v1
PEDRA PRETA,chikungunya,2025,28,0.3243,-0.7342,moderado,positividade=1.0; tendencia_pos=0.184; risco=0.28,Manter rotina de vigilância laboratorial.,sklearn_gb_v1,sklearn_v1
MIRASSOL D''OESTE,chikungunya,2025,34,0.3199,-0.754,moderado,positividade=0.5; tendencia_pos=0.094; risco=0.05,Manter rotina de vigilância laboratorial.,sklearn_gb_v1,sklearn_v1
CUIABA,pesquisa_de_multipatogenos_ist,2026,11,0.3194,-0.7567,moderado,positividade=0.14; tendencia_pos=-0.045; risco=0.27,Manter rotina de vigilância laboratorial.,sklearn_gb_v1,sklearn_v1
SAPEZAL,chikungunya,2025,35,0.3166,-0.7696,moderado,positividade=1.0; tendencia_pos=0.201; risco=0.29,Manter rotina de vigilância laboratorial.,sklearn_gb_v1,sklearn_v1
NOVA MUTUM,hepatite_b_hbv,2025,34,0.3131,-0.7859,moderado,positividade=1.0; tendencia_pos=0.18; risco=0.32,Manter rotina de vigilância laboratorial.,sklearn_gb_v1,sklearn_v1
VARZEA GRANDE,hepatite_b_hbv,2025,34,0.3079,-0.8099,moderado,positividade=0.17; tendencia_pos=-0.174; risco=0.67,Manter rotina de vigilância laboratorial.,sklearn_gb_v1,sklearn_v1
PRIMAVERA DO LESTE,chikungunya,2025,35,0.2896,-0.8973,moderado,positividade=0.14; tendencia_pos=-0.167; risco=0.0,Manter rotina de vigilância laboratorial.,sklearn_gb_v1,sklearn_v1
VERA,chikungunya,2025,29,0.2881,-0.9044,moderado,positividade=0.26; tendencia_pos=-0.085; risco=0.01,Manter rotina de vigilância laboratorial.,sklearn_gb_v1,sklearn_v1
NOVA MUTUM,hiv,2025,8,0.2866,-0.912,moderado,positividade=0.33; tendencia_pos=0.188; risco=0.0,Manter rotina de vigilância laboratorial.,sklearn_gb_v1,sklearn_v1
NOVO SAO JOAQUIM,chikungunya,2025,10,0.2864,-0.913,moderado,positividade=1.0; tendencia_pos=0.087; risco=0.44,Manter rotina de vigilância laboratorial.,sklearn_gb_v1,sklearn_v1
GENERAL CARNEIRO,chikungunya,2025,11,0.2861,-0.9144,moderado,positividade=0.5; tendencia_pos=-0.089; risco=0.15,Manter rotina de vigilância laboratorial.,sklearn_gb_v1,sklearn_v1
MARCELANDIA,chikungunya,2025,21,0.2858,-0.9159,moderado,positividade=0.2; tendencia_pos=-0.081; risco=0.28,Manter rotina de vigilância laboratorial.,sklearn_gb_v1,sklearn_v1
CAMPOS DE JULIO,chikungunya,2025,29,0.2854,-0.9178,moderado,positividade=0.5; tendencia_pos=-0.06; risco=0.0,Manter rotina de vigilância laboratorial.,sklearn_gb_v1,sklearn_v1
BRASNORTE,hepatite_b_hbv,2025,28,0.2852,-0.919,moderado,positividade=0.54; tendencia_pos=0.045; risco=1.73,Manter rotina de vigilância laboratorial.,sklearn_gb_v1,sklearn_v1
BRASNORTE,chikungunya,2025,32,0.2845,-0.9224,moderado,positividade=0.75; tendencia_pos=0.252; risco=0.89,Manter rotina de vigilância laboratorial.,sklearn_gb_v1,sklearn_v1
JUARA,chikungunya,2025,27,0.2843,-0.923,moderado,positividade=0.67; tendencia_pos=-0.155; risco=0.46,Manter rotina de vigilância laboratorial.,sklearn_gb_v1,sklearn_v1
COMODORO,chikungunya,2025,30,0.2772,-0.9585,moderado,positividade=0.0; tendencia_pos=-0.155; risco=0.0,Manter rotina de vigilância laboratorial.,sklearn_gb_v1,sklearn_v1
PORTO ALEGRE DO NORTE,hepatite_b_hbv,2025,16,0.2692,-0.9986,moderado,positividade=1.0; tendencia_pos=-0.075; risco=1.96,Manter rotina de vigilância laboratorial.,sklearn_gb_v1,sklearn_v1
CAMPINAPOLIS,chikungunya,2025,33,0.2646,-1.0224,moderado,positividade=0.0; tendencia_pos=0.001; risco=0.34,Manter rotina de vigilância laboratorial.,sklearn_gb_v1,sklearn_v1
GUARANTA DO NORTE,hiv,2025,23,0.2596,-1.0482,moderado,positividade=0.5; tendencia_pos=0.0; risco=0.56,Manter rotina de vigilância laboratorial.,sklearn_gb_v1,sklearn_v1
SORRISO,chikungunya,2025,35,0.2485,-1.1065,baixo,positividade=0.24; tendencia_pos=-0.097; risco=0.11,Manter rotina de vigilância laboratorial.,sklearn_gb_v1,sklearn_v1
RIO DE JANEIRO,chikungunya,2025,11,0.2475,-1.1122,baixo,positividade=1.0; tendencia_pos=0.073; risco=0.18,Manter rotina de vigilância laboratorial.,sklearn_gb_v1,sklearn_v1
TANGARA DA SERRA,zika,2025,34,0.247,-1.1145,baixo,positividade=0.17; tendencia_pos=0.032; risco=0.29,Manter rotina de vigilância laboratorial.,sklearn_gb_v1,sklearn_v1
COLNIZA,hepatite_b_hbv,2025,28,0.2406,-1.1493,baixo,positividade=0.0; tendencia_pos=0.039; risco=1.0,Manter rotina de vigilância laboratorial.,sklearn_gb_v1,sklearn_v1
FELIZ NATAL,chikungunya,2025,28,0.2401,-1.1522,baixo,positividade=1.0; tendencia_pos=0.149; risco=0.6,Manter rotina de vigilância laboratorial.,sklearn_gb_v1,sklearn_v1
BARRA DO GARCAS,chikungunya,2025,32,0.2399,-1.1531,baixo,positividade=1.0; tendencia_pos=0.062; risco=0.18,Manter rotina de vigilância laboratorial.,sklearn_gb_v1,sklearn_v1
TABAPORA,chikungunya,2025,27,0.2378,-1.1649,baixo,positividade=0.0; tendencia_pos=-0.03; risco=0.0,Manter rotina de vigilância laboratorial.,sklearn_gb_v1,sklearn_v1
ARAPUTANGA,dengue,2025,34,0.237,-1.1692,baixo,positividade=0.0; tendencia_pos=0.041; risco=0.0,Manter rotina de vigilância laboratorial.,sklearn_gb_v1,sklearn_v1
RONDONOPOLIS,chikungunya,2025,33,0.237,-1.1692,baixo,positividade=0.0; tendencia_pos=0.046; risco=0.0,Manter rotina de vigilância laboratorial.,sklearn_gb_v1,sklearn_v1
LUCAS DO RIO VERDE,hepatite_b_hbv,2025,34,0.2365,-1.1718,baixo,positividade=0.75; tendencia_pos=0.052; risco=0.65,Manter rotina de vigilância laboratorial.,sklearn_gb_v1,sklearn_v1
CURVELANDIA,chikungunya,2025,17,0.2342,-1.1848,baixo,positividade=1.0; tendencia_pos=0.018; risco=0.4,Manter rotina de vigilância laboratorial.,sklearn_gb_v1,sklearn_v1
AGUA BOA,hepatite_a,2025,20,0.2302,-1.2073,baixo,positividade=0.5; tendencia_pos=0.0; risco=0.07,Manter rotina de vigilância laboratorial.,sklearn_gb_v1,sklearn_v1
VARZEA GRANDE,pesquisa_de_genes_de_resistencia,2024,33,0.2248,-1.2379,baixo,positividade=0.5; tendencia_pos=0.0; risco=1.35,Manter rotina de vigilância laboratorial.,sklearn_gb_v1,sklearn_v1
CUIABA,hepatite_b_hbv,2026,17,0.2234,-1.246,baixo,positividade=1.0; tendencia_pos=-0.088; risco=0.29,Manter rotina de vigilância laboratorial.,sklearn_gb_v1,sklearn_v1
NOVA UBIRATA,chikungunya,2025,35,0.2181,-1.277,baixo,positividade=0.17; tendencia_pos=-0.131; risco=0.69,Manter rotina de vigilância laboratorial.,sklearn_gb_v1,sklearn_v1
INDIAVAI,chikungunya,2025,8,0.2169,-1.2839,baixo,positividade=1.0; tendencia_pos=0.104; risco=0.48,Manter rotina de vigilância laboratorial.,sklearn_gb_v1,sklearn_v1
VILA BELA DA SANTISSIMA TRINDADE,chikungunya,2026,14,0.2158,-1.2905,baixo,positividade=0.0; tendencia_pos=-0.146; risco=0.79,Manter rotina de vigilância laboratorial.,sklearn_gb_v1,sklearn_v1
SERRA NOVA DOURADA,hepatite_b_hbv,2025,12,0.2136,-1.3034,baixo,positividade=0.5; tendencia_pos=0.0; risco=0.08,Manter rotina de vigilância laboratorial.,sklearn_gb_v1,sklearn_v1
MATUPA,hepatite_b_hbv,2025,24,0.2076,-1.3395,baixo,positividade=0.67; tendencia_pos=-0.106; risco=0.21,Manter rotina de vigilância laboratorial.,sklearn_gb_v1,sklearn_v1
COLNIZA,chikungunya,2025,31,0.2071,-1.3424,baixo,positividade=0.0; tendencia_pos=-0.02; risco=0.16,Manter rotina de vigilância laboratorial.,sklearn_gb_v1,sklearn_v1
PLANALTO DA SERRA,chikungunya,2025,28,0.2034,-1.3653,baixo,positividade=1.0; tendencia_pos=0.0; risco=0.32,Manter rotina de vigilância laboratorial.,sklearn_gb_v1,sklearn_v1
POCONE,chikungunya,2025,28,0.202,-1.374,baixo,positividade=0.25; tendencia_pos=0.062; risco=0.41,Manter rotina de vigilância laboratorial.,sklearn_gb_v1,sklearn_v1
JUINA,rotavirus,2024,35,0.1998,-1.3878,baixo,positividade=0.62; tendencia_pos=0.0; risco=0.3,Manter rotina de vigilância laboratorial.,sklearn_gb_v1,sklearn_v1
LUCAS DO RIO VERDE,chikungunya,2026,13,0.1953,-1.4158,baixo,positividade=0.5; tendencia_pos=0.2; risco=0.46,Manter rotina de vigilância laboratorial.,sklearn_gb_v1,sklearn_v1
ARIPUANA,chikungunya,2025,22,0.1953,-1.4159,baixo,positividade=1.0; tendencia_pos=0.238; risco=0.45,Manter rotina de vigilância laboratorial.,sklearn_gb_v1,sklearn_v1
PONTES E LACERDA,chikungunya,2025,35,0.1915,-1.4403,baixo,positividade=1.0; tendencia_pos=0.148; risco=0.37,Manter rotina de vigilância laboratorial.,sklearn_gb_v1,sklearn_v1
BOA VISTA,chikungunya,2025,26,0.1906,-1.4462,baixo,positividade=0.5; tendencia_pos=-0.313; risco=0.0,Manter rotina de vigilância laboratorial.,sklearn_gb_v1,sklearn_v1
NOVA MARINGA,chikungunya,2025,25,0.1889,-1.4572,baixo,positividade=0.25; tendencia_pos=0.0; risco=0.36,Manter rotina de vigilância laboratorial.,sklearn_gb_v1,sklearn_v1
JACIARA,chikungunya,2025,27,0.1871,-1.4691,baixo,positividade=1.0; tendencia_pos=0.167; risco=0.31,Manter rotina de vigilância laboratorial.,sklearn_gb_v1,sklearn_v1
RIO BRANCO,chikungunya,2025,29,0.1865,-1.4731,baixo,positividade=1.0; tendencia_pos=0.232; risco=0.42,Manter rotina de vigilância laboratorial.,sklearn_gb_v1,sklearn_v1
CUIABA,hiv,2025,46,0.1852,-1.4813,baixo,positividade=0.0; tendencia_pos=0.173; risco=0.0,Manter rotina de vigilância laboratorial.,sklearn_gb_v1,sklearn_v1
AGUA BOA,hepatite_b_hbv,2025,32,0.185,-1.4826,baixo,positividade=0.0; tendencia_pos=0.062; risco=0.0,Manter rotina de vigilância laboratorial.,sklearn_gb_v1,sklearn_v1
NOVA MARILANDIA,chikungunya,2025,29,0.1829,-1.4966,baixo,positividade=1.0; tendencia_pos=0.161; risco=0.47,Manter rotina de vigilância laboratorial.,sklearn_gb_v1,sklearn_v1
TERRA NOVA DO NORTE,hepatite_b_hbv,2025,32,0.1821,-1.5024,baixo,positividade=0.0; tendencia_pos=0.0; risco=0.17,Manter rotina de vigilância laboratorial.,sklearn_gb_v1,sklearn_v1
VARZEA GRANDE,baciloscopia,2025,35,0.1815,-1.5063,baixo,positividade=1.0; tendencia_pos=0.0; risco=1.44,Manter rotina de vigilância laboratorial.,sklearn_gb_v1,sklearn_v1
JUARA,hepatite_b_hbv,2025,31,0.1814,-1.5071,baixo,positividade=1.0; tendencia_pos=0.165; risco=0.13,Manter rotina de vigilância laboratorial.,sklearn_gb_v1,sklearn_v1
MACEIO,chikungunya,2025,20,0.1809,-1.5102,baixo,positividade=1.0; tendencia_pos=0.097; risco=0.13,Manter rotina de vigilância laboratorial.,sklearn_gb_v1,sklearn_v1
CHAPADA DOS GUIMARAES,chikungunya,2025,30,0.1809,-1.5102,baixo,positividade=1.0; tendencia_pos=0.149; risco=0.44,Manter rotina de vigilância laboratorial.,sklearn_gb_v1,sklearn_v1
QUERENCIA,chikungunya,2025,34,0.1798,-1.5174,baixo,positividade=0.0; tendencia_pos=-0.153; risco=0.0,Manter rotina de vigilância laboratorial.,sklearn_gb_v1,sklearn_v1
NOVA BRASILANDIA,chikungunya,2025,23,0.1795,-1.5196,baixo,positividade=0.0; tendencia_pos=-0.099; risco=0.05,Manter rotina de vigilância laboratorial.,sklearn_gb_v1,sklearn_v1
ACORIZAL,chikungunya,2025,33,0.176,-1.5438,baixo,positividade=0.0; tendencia_pos=-0.266; risco=0.04,Manter rotina de vigilância laboratorial.,sklearn_gb_v1,sklearn_v1
CANARANA,dengue,2025,34,0.174,-1.5576,baixo,positividade=0.5; tendencia_pos=0.042; risco=0.21,Manter rotina de vigilância laboratorial.,sklearn_gb_v1,sklearn_v1
ITAUBA,chikungunya,2025,29,0.1729,-1.5655,baixo,positividade=0.5; tendencia_pos=-0.069; risco=0.13,Manter rotina de vigilância laboratorial.,sklearn_gb_v1,sklearn_v1
VARZEA GRANDE,citomegalovirus_igg,2025,33,0.1711,-1.578,baixo,positividade=1.0; tendencia_pos=0.0; risco=0.04,Manter rotina de vigilância laboratorial.,sklearn_gb_v1,sklearn_v1
NORTELANDIA,chikungunya,2025,16,0.1705,-1.582,baixo,positividade=0.5; tendencia_pos=-0.104; risco=0.0,Manter rotina de vigilância laboratorial.,sklearn_gb_v1,sklearn_v1
IPIRANGA DO NORTE,chikungunya,2025,34,0.1692,-1.591,baixo,positividade=0.5; tendencia_pos=-0.065; risco=0.22,Manter rotina de vigilância laboratorial.,sklearn_gb_v1,sklearn_v1
SAO JOSE DOS QUATRO MARCOS,chikungunya,2025,22,0.1691,-1.5918,baixo,positividade=1.0; tendencia_pos=-0.128; risco=0.47,Manter rotina de vigilância laboratorial.,sklearn_gb_v1,sklearn_v1
VARZEA GRANDE,hiv,2025,22,0.1659,-1.6148,baixo,positividade=0.5; tendencia_pos=0.0; risco=0.07,Manter rotina de vigilância laboratorial.,sklearn_gb_v1,sklearn_v1
GAUCHA DO NORTE,chikungunya,2025,33,0.1654,-1.6189,baixo,positividade=1.0; tendencia_pos=0.135; risco=0.53,Manter rotina de vigilância laboratorial.,sklearn_gb_v1,sklearn_v1
DIAMANTINO,chikungunya,2025,32,0.164,-1.6289,baixo,positividade=0.0; tendencia_pos=-0.031; risco=0.17,Manter rotina de vigilância laboratorial.,sklearn_gb_v1,sklearn_v1
SANTA CARMEM,chikungunya,2025,26,0.1616,-1.646,baixo,positividade=0.0; tendencia_pos=-0.075; risco=0.0,Manter rotina de vigilância laboratorial.,sklearn_gb_v1,sklearn_v1
CONQUISTA D''OESTE,chikungunya,2025,23,0.1588,-1.6674,baixo,positividade=1.0; tendencia_pos=-0.097; risco=0.4,Manter rotina de vigilância laboratorial.,sklearn_gb_v1,sklearn_v1
JACIARA,hepatite_b_hbv,2025,20,0.158,-1.673,baixo,positividade=0.0; tendencia_pos=0.0; risco=0.0,Manter rotina de vigilância laboratorial.,sklearn_gb_v1,sklearn_v1
UNIAO DO SUL,chikungunya,2025,17,0.158,-1.673,baixo,positividade=0.0; tendencia_pos=-0.013; risco=0.0,Manter rotina de vigilância laboratorial.,sklearn_gb_v1,sklearn_v1
JATAI,chikungunya,2025,15,0.1565,-1.6843,baixo,positividade=1.0; tendencia_pos=0.0; risco=0.35,Manter rotina de vigilância laboratorial.,sklearn_gb_v1,sklearn_v1
MIRASSOL D''OESTE,dengue,2025,34,0.1563,-1.6859,baixo,positividade=0.5; tendencia_pos=0.207; risco=0.23,Manter rotina de vigilância laboratorial.,sklearn_gb_v1,sklearn_v1
GUARANTA DO NORTE,hepatite_a,2025,28,0.1563,-1.6858,baixo,positividade=0.5; tendencia_pos=0.0; risco=0.32,Manter rotina de vigilância laboratorial.,sklearn_gb_v1,sklearn_v1
SAO JOSE DO RIO CLARO,chikungunya,2025,21,0.1536,-1.7069,baixo,positividade=0.25; tendencia_pos=-0.031; risco=0.4,Manter rotina de vigilância laboratorial.,sklearn_gb_v1,sklearn_v1
POCONE,tuberculose_lf_lam,2025,51,0.1532,-1.7094,baixo,positividade=1.0; tendencia_pos=0.0; risco=0.07,Manter rotina de vigilância laboratorial.,sklearn_gb_v1,sklearn_v1
BRASNORTE,dengue,2025,32,0.1506,-1.7296,baixo,positividade=0.17; tendencia_pos=-0.229; risco=1.14,Manter rotina de vigilância laboratorial.,sklearn_gb_v1,sklearn_v1
QUERENCIA,hepatite_b_hbv,2025,33,0.1487,-1.7445,baixo,positividade=0.67; tendencia_pos=0.115; risco=0.35,Manter rotina de vigilância laboratorial.,sklearn_gb_v1,sklearn_v1
AGUA BOA,chikungunya,2025,43,0.1482,-1.7484,baixo,positividade=0.0; tendencia_pos=-0.045; risco=0.0,Manter rotina de vigilância laboratorial.,sklearn_gb_v1,sklearn_v1
CAMPO NOVO DO PARECIS,influenza_a,2026,16,0.1469,-1.759,baixo,positividade=0.0; tendencia_pos=-0.134; risco=0.0,Manter rotina de vigilância laboratorial.,sklearn_gb_v1,sklearn_v1
ROSARIO OESTE,chikungunya,2025,30,0.1468,-1.76,baixo,positividade=0.0; tendencia_pos=-0.238; risco=0.06,Manter rotina de vigilância laboratorial.,sklearn_gb_v1,sklearn_v1
TABAPORA,hepatite_b_hbv,2025,20,0.1463,-1.7641,baixo,positividade=0.0; tendencia_pos=-0.124; risco=0.0,Manter rotina de vigilância laboratorial.,sklearn_gb_v1,sklearn_v1
PARANAITA,influenza_a,2025,28,0.1444,-1.7792,baixo,positividade=1.0; tendencia_pos=0.057; risco=1.83,Manter rotina de vigilância laboratorial.,sklearn_gb_v1,sklearn_v1
COLIDER,chikungunya,2025,34,0.1434,-1.787,baixo,positividade=0.0; tendencia_pos=-0.304; risco=0.0,Manter rotina de vigilância laboratorial.,sklearn_gb_v1,sklearn_v1
ARENAPOLIS,chikungunya,2025,34,0.1434,-1.787,baixo,positividade=0.0; tendencia_pos=-0.144; risco=0.0,Manter rotina de vigilância laboratorial.,sklearn_gb_v1,sklearn_v1
NOVO MUNDO,dengue,2025,29,0.1433,-1.7882,baixo,positividade=0.0; tendencia_pos=0.274; risco=0.18,Manter rotina de vigilância laboratorial.,sklearn_gb_v1,sklearn_v1
QUERENCIA,dengue,2025,34,0.1419,-1.7999,baixo,positividade=1.0; tendencia_pos=0.15; risco=0.56,Manter rotina de vigilância laboratorial.,sklearn_gb_v1,sklearn_v1
CUIABA,baciloscopia,2026,15,0.1414,-1.804,baixo,positividade=1.0; tendencia_pos=0.0; risco=0.0,Manter rotina de vigilância laboratorial.,sklearn_gb_v1,sklearn_v1
PEIXOTO DE AZEVEDO,chikungunya,2025,34,0.1411,-1.8059,baixo,positividade=0.0; tendencia_pos=-0.057; risco=0.02,Manter rotina de vigilância laboratorial.,sklearn_gb_v1,sklearn_v1
CANARANA,chikungunya,2025,34,0.1405,-1.8108,baixo,positividade=0.33; tendencia_pos=0.071; risco=0.47,Manter rotina de vigilância laboratorial.,sklearn_gb_v1,sklearn_v1
MIRASSOL D''OESTE,bacterias_teste_de_sensibilidade,2025,33,0.1385,-1.8281,baixo,positividade=1.0; tendencia_pos=0.0; risco=0.17,Manter rotina de vigilância laboratorial.,sklearn_gb_v1,sklearn_v1
TAPURAH,chikungunya,2025,34,0.1365,-1.8445,baixo,positividade=0.0; tendencia_pos=-0.202; risco=0.0,Manter rotina de vigilância laboratorial.,sklearn_gb_v1,sklearn_v1
ARAPUTANGA,chikungunya,2025,34,0.1357,-1.8512,baixo,positividade=0.5; tendencia_pos=-0.148; risco=0.14,Manter rotina de vigilância laboratorial.,sklearn_gb_v1,sklearn_v1
MATUPA,hepatite_a,2025,28,0.1344,-1.8624,baixo,positividade=0.5; tendencia_pos=0.0; risco=0.0,Manter rotina de vigilância laboratorial.,sklearn_gb_v1,sklearn_v1
GENERAL CARNEIRO,zika,2025,8,0.1309,-1.8931,baixo,positividade=0.4; tendencia_pos=0.0; risco=0.97,Manter rotina de vigilância laboratorial.,sklearn_gb_v1,sklearn_v1
BOM JESUS DO ARAGUAIA,hepatite_b_hbv,2025,27,0.1304,-1.8975,baixo,positividade=1.0; tendencia_pos=-0.173; risco=0.93,Manter rotina de vigilância laboratorial.,sklearn_gb_v1,sklearn_v1
AGUA BOA,dengue,2025,43,0.1295,-1.9051,baixo,positividade=0.0; tendencia_pos=0.118; risco=0.0,Manter rotina de vigilância laboratorial.,sklearn_gb_v1,sklearn_v1
LUCAS DO RIO VERDE,sars_cov_2,2025,21,0.1288,-1.9113,baixo,positividade=0.0; tendencia_pos=-0.125; risco=0.0,Manter rotina de vigilância laboratorial.,sklearn_gb_v1,sklearn_v1
DOURADOS,chikungunya,2025,24,0.1287,-1.9122,baixo,positividade=0.0; tendencia_pos=-0.135; risco=0.0,Manter rotina de vigilância laboratorial.,sklearn_gb_v1,sklearn_v1
MARINGA,chikungunya,2025,28,0.1269,-1.9284,baixo,positividade=0.5; tendencia_pos=0.188; risco=0.0,Manter rotina de vigilância laboratorial.,sklearn_gb_v1,sklearn_v1
CAMPO VERDE,sarampo_igg,2025,46,0.1262,-1.9349,baixo,positividade=1.0; tendencia_pos=-0.083; risco=0.39,Manter rotina de vigilância laboratorial.,sklearn_gb_v1,sklearn_v1
NOVA XAVANTINA,hepatite_b_hbv,2025,32,0.1259,-1.9373,baixo,positividade=1.0; tendencia_pos=-0.146; risco=0.13,Manter rotina de vigilância laboratorial.,sklearn_gb_v1,sklearn_v1
JI-PARANA,chikungunya,2025,25,0.1254,-1.942,baixo,positividade=0.0; tendencia_pos=0.01; risco=0.0,Manter rotina de vigilância laboratorial.,sklearn_gb_v1,sklearn_v1
TERRA NOVA DO NORTE,hepatite_a,2025,30,0.125,-1.9455,baixo,positividade=0.5; tendencia_pos=0.0; risco=0.23,Manter rotina de vigilância laboratorial.,sklearn_gb_v1,sklearn_v1
SALVADOR,chikungunya,2025,9,0.125,-1.9462,baixo,positividade=0.5; tendencia_pos=0.0; risco=0.84,Manter rotina de vigilância laboratorial.,sklearn_gb_v1,sklearn_v1
JACIARA,hiv,2025,2,0.1245,-1.9501,baixo,positividade=0.67; tendencia_pos=0.0; risco=0.0,Manter rotina de vigilância laboratorial.,sklearn_gb_v1,sklearn_v1
JAURU,chikungunya,2025,21,0.1242,-1.9536,baixo,positividade=0.0; tendencia_pos=-0.26; risco=0.0,Manter rotina de vigilância laboratorial.,sklearn_gb_v1,sklearn_v1
PRIMAVERA DO LESTE,sarampo_biologia_molecular,2025,44,0.123,-1.9643,baixo,positividade=0.0; tendencia_pos=0.071; risco=0.0,Manter rotina de vigilância laboratorial.,sklearn_gb_v1,sklearn_v1
CAMPO VERDE,hepatite_b_hbv,2025,33,0.1222,-1.9718,baixo,positividade=1.0; tendencia_pos=0.225; risco=0.15,Manter rotina de vigilância laboratorial.,sklearn_gb_v1,sklearn_v1
MARCELANDIA,dengue,2025,21,0.1221,-1.9726,baixo,positividade=0.33; tendencia_pos=-0.037; risco=0.24,Manter rotina de vigilância laboratorial.,sklearn_gb_v1,sklearn_v1
ROSARIO OESTE,hepatite_b_hbv,2025,24,0.1205,-1.9875,baixo,positividade=1.0; tendencia_pos=-0.125; risco=0.43,Manter rotina de vigilância laboratorial.,sklearn_gb_v1,sklearn_v1
GUARANTA DO NORTE,zika,2025,35,0.1201,-1.9913,baixo,positividade=0.0; tendencia_pos=0.059; risco=0.0,Manter rotina de vigilância laboratorial.,sklearn_gb_v1,sklearn_v1
BARAO DE MELGACO,chikungunya,2025,17,0.1194,-1.9982,baixo,positividade=0.0; tendencia_pos=-0.162; risco=0.5,Manter rotina de vigilância laboratorial.,sklearn_gb_v1,sklearn_v1
GUARANTA DO NORTE,toxoplasmose_igg,2025,32,0.1177,-2.0144,baixo,positividade=1.0; tendencia_pos=0.208; risco=0.28,Manter rotina de vigilância laboratorial.,sklearn_gb_v1,sklearn_v1
APARECIDA DE GOIANIA,chikungunya,2025,24,0.1171,-2.0198,baixo,positividade=1.0; tendencia_pos=-0.018; risco=0.13,Manter rotina de vigilância laboratorial.,sklearn_gb_v1,sklearn_v1
FELIZ NATAL,dengue,2025,24,0.1169,-2.0222,baixo,positividade=0.6; tendencia_pos=0.025; risco=2.16,Manter rotina de vigilância laboratorial.,sklearn_gb_v1,sklearn_v1
NOVA MARILANDIA,zika,2025,31,0.1167,-2.0236,baixo,positividade=0.5; tendencia_pos=0.089; risco=0.56,Manter rotina de vigilância laboratorial.,sklearn_gb_v1,sklearn_v1
TAPURAH,hiv,2025,4,0.1164,-2.0271,baixo,positividade=1.0; tendencia_pos=0.0; risco=0.0,Manter rotina de vigilância laboratorial.,sklearn_gb_v1,sklearn_v1
PEIXOTO DE AZEVEDO,varicela_zoster_biologia_molecular,2025,18,0.1164,-2.0271,baixo,positividade=1.0; tendencia_pos=0.0; risco=0.02,Manter rotina de vigilância laboratorial.,sklearn_gb_v1,sklearn_v1
CONFRESA,baciloscopia,2025,12,0.1164,-2.0271,baixo,positividade=1.0; tendencia_pos=0.0; risco=0.05,Manter rotina de vigilância laboratorial.,sklearn_gb_v1,sklearn_v1
NOSSA SENHORA DO LIVRAMENTO,baciloscopia,2025,16,0.1164,-2.0271,baixo,positividade=1.0; tendencia_pos=0.0; risco=0.11,Manter rotina de vigilância laboratorial.,sklearn_gb_v1,sklearn_v1
AGUA BOA,rubeola_igg,2025,15,0.1164,-2.0271,baixo,positividade=1.0; tendencia_pos=0.0; risco=0.0,Manter rotina de vigilância laboratorial.,sklearn_gb_v1,sklearn_v1
JUSCIMEIRA,chikungunya,2025,9,0.1154,-2.0368,baixo,positividade=1.0; tendencia_pos=0.125; risco=0.58,Manter rotina de vigilância laboratorial.,sklearn_gb_v1,sklearn_v1
NOBRES,chikungunya,2025,26,0.1146,-2.0445,baixo,positividade=0.0; tendencia_pos=-0.219; risco=0.02,Manter rotina de vigilância laboratorial.,sklearn_gb_v1,sklearn_v1
JUINA,chikungunya,2025,34,0.1135,-2.0552,baixo,positividade=0.0; tendencia_pos=-0.073; risco=0.0,Manter rotina de vigilância laboratorial.,sklearn_gb_v1,sklearn_v1
PEDRA PRETA,hepatite_b_hbv,2025,33,0.113,-2.0603,baixo,positividade=1.0; tendencia_pos=-0.08; risco=0.17,Manter rotina de vigilância laboratorial.,sklearn_gb_v1,sklearn_v1
PORTO ESPERIDIAO,chikungunya,2026,14,0.1115,-2.0756,baixo,positividade=0.0; tendencia_pos=-0.042; risco=0.39,Manter rotina de vigilância laboratorial.,sklearn_gb_v1,sklearn_v1
GENERAL CARNEIRO,dengue,2025,8,0.1089,-2.102,baixo,positividade=0.4; tendencia_pos=0.0; risco=0.68,Manter rotina de vigilância laboratorial.,sklearn_gb_v1,sklearn_v1
BARRA DO BUGRES,chikungunya,2025,25,0.1088,-2.1026,baixo,positividade=1.0; tendencia_pos=-0.083; risco=0.14,Manter rotina de vigilância laboratorial.,sklearn_gb_v1,sklearn_v1
SINOP,tuberculose_lf_lam,2026,19,0.1086,-2.1054,baixo,positividade=0.0; tendencia_pos=-0.083; risco=0.0,Manter rotina de vigilância laboratorial.,sklearn_gb_v1,sklearn_v1
COLIDER,hepatite_b_hbv,2025,34,0.1083,-2.1079,baixo,positividade=1.0; tendencia_pos=0.208; risco=0.16,Manter rotina de vigilância laboratorial.,sklearn_gb_v1,sklearn_v1
ITANHANGA,chikungunya,2025,25,0.1083,-2.1082,baixo,positividade=1.0; tendencia_pos=0.125; risco=1.65,Manter rotina de vigilância laboratorial.,sklearn_gb_v1,sklearn_v1
PARANATINGA,hepatite_b_hbv,2025,28,0.1072,-2.1198,baixo,positividade=1.0; tendencia_pos=-0.05; risco=0.14,Manter rotina de vigilância laboratorial.,sklearn_gb_v1,sklearn_v1
MINEIROS,chikungunya,2025,26,0.1065,-2.1265,baixo,positividade=1.0; tendencia_pos=-0.042; risco=0.25,Manter rotina de vigilância laboratorial.,sklearn_gb_v1,sklearn_v1
SAO LUIS DO QUITUNDE,chikungunya,2025,24,0.1065,-2.1265,baixo,positividade=1.0; tendencia_pos=0.0; risco=0.28,Manter rotina de vigilância laboratorial.,sklearn_gb_v1,sklearn_v1
NOVO PROGRESSO,chikungunya,2025,24,0.1056,-2.1368,baixo,positividade=1.0; tendencia_pos=0.104; risco=0.3,Manter rotina de vigilância laboratorial.,sklearn_gb_v1,sklearn_v1
VARZEA GRANDE,sifilis,2025,10,0.1054,-2.1385,baixo,positividade=1.0; tendencia_pos=-0.25; risco=0.41,Manter rotina de vigilância laboratorial.,sklearn_gb_v1,sklearn_v1
VARZEA GRANDE,toxoplasmose_igg,2025,35,0.1049,-2.1438,baixo,positividade=0.0; tendencia_pos=-0.054; risco=0.0,Manter rotina de vigilância laboratorial.,sklearn_gb_v1,sklearn_v1
NOVA MUTUM,citomegalovirus_igg,2025,32,0.1045,-2.1483,baixo,positividade=1.0; tendencia_pos=0.0; risco=0.0,Manter rotina de vigilância laboratorial.,sklearn_gb_v1,sklearn_v1
SINOP,baciloscopia,2025,30,0.1045,-2.1483,baixo,positividade=1.0; tendencia_pos=0.0; risco=0.09,Manter rotina de vigilância laboratorial.,sklearn_gb_v1,sklearn_v1
GUARANTA DO NORTE,chikungunya,2025,35,0.1042,-2.1519,baixo,positividade=0.0; tendencia_pos=-0.288; risco=0.0,Manter rotina de vigilância laboratorial.,sklearn_gb_v1,sklearn_v1
ALTA FLORESTA,hepatite_b_hbv,2025,30,0.1035,-2.1585,baixo,positividade=0.5; tendencia_pos=0.188; risco=0.09,Manter rotina de vigilância laboratorial.,sklearn_gb_v1,sklearn_v1
SAO BERNARDO DO CAMPO,chikungunya,2025,29,0.1034,-2.1603,baixo,positividade=0.0; tendencia_pos=0.0; risco=0.0,Manter rotina de vigilância laboratorial.,sklearn_gb_v1,sklearn_v1
CONFRESA,hepatite_b_hbv,2025,25,0.1029,-2.1658,baixo,positividade=1.0; tendencia_pos=0.156; risco=0.18,Manter rotina de vigilância laboratorial.,sklearn_gb_v1,sklearn_v1
FOZ DO IGUACU,chikungunya,2025,22,0.1026,-2.1692,baixo,positividade=0.5; tendencia_pos=0.125; risco=0.18,Manter rotina de vigilância laboratorial.,sklearn_gb_v1,sklearn_v1
CACERES,zika,2026,14,0.1019,-2.176,baixo,positividade=0.32; tendencia_pos=-0.056; risco=1.36,Manter rotina de vigilância laboratorial.,sklearn_gb_v1,sklearn_v1
ITANHANGA,sars_cov_2,2025,10,0.1013,-2.1831,baixo,positividade=0.5; tendencia_pos=0.0; risco=0.12,Manter rotina de vigilância laboratorial.,sklearn_gb_v1,sklearn_v1
NOVA MARILANDIA,pesquisa_de_genes_de_resistencia,2024,27,0.1013,-2.1831,baixo,positividade=0.5; tendencia_pos=0.0; risco=0.0,Manter rotina de vigilância laboratorial.,sklearn_gb_v1,sklearn_v1
CACERES,pesquisa_de_multipatogenos_ist,2026,21,0.1004,-2.1933,baixo,positividade=0.0; tendencia_pos=-0.219; risco=0.01,Manter rotina de vigilância laboratorial.,sklearn_gb_v1,sklearn_v1
IPIRANGA DO NORTE,hepatite_b_hbv,2025,33,0.0994,-2.2038,baixo,positividade=1.0; tendencia_pos=0.25; risco=0.48,Manter rotina de vigilância laboratorial.,sklearn_gb_v1,sklearn_v1
CUIABA,citomegalovirus_igg,2025,27,0.0991,-2.207,baixo,positividade=1.0; tendencia_pos=-0.083; risco=0.09,Manter rotina de vigilância laboratorial.,sklearn_gb_v1,sklearn_v1
HORTOLANDIA,chikungunya,2025,25,0.0988,-2.2101,baixo,positividade=1.0; tendencia_pos=-0.05; risco=0.31,Manter rotina de vigilância laboratorial.,sklearn_gb_v1,sklearn_v1
NOVA LACERDA,chikungunya,2025,23,0.0988,-2.2106,baixo,positividade=0.5; tendencia_pos=0.083; risco=1.51,Manter rotina de vigilância laboratorial.,sklearn_gb_v1,sklearn_v1
PORTO VELHO,chikungunya,2025,23,0.0986,-2.2133,baixo,positividade=0.0; tendencia_pos=-0.188; risco=0.0,Manter rotina de vigilância laboratorial.,sklearn_gb_v1,sklearn_v1
JANGADA,chikungunya,2025,34,0.0983,-2.2164,baixo,positividade=0.0; tendencia_pos=-0.075; risco=0.27,Manter rotina de vigilância laboratorial.,sklearn_gb_v1,sklearn_v1
APIACAS,hepatite_b_hbv,2025,21,0.0977,-2.2235,baixo,positividade=1.0; tendencia_pos=0.0; risco=0.13,Manter rotina de vigilância laboratorial.,sklearn_gb_v1,sklearn_v1
TANGARA DA SERRA,toxoplasmose_igg,2025,31,0.0977,-2.2235,baixo,positividade=1.0; tendencia_pos=0.0; risco=0.0,Manter rotina de vigilância laboratorial.,sklearn_gb_v1,sklearn_v1
NOVO SANTO ANTONIO,hepatite_b_hbv,2025,14,0.0975,-2.2258,baixo,positividade=0.0; tendencia_pos=0.0; risco=0.21,Manter rotina de vigilância laboratorial.,sklearn_gb_v1,sklearn_v1
PONTA PORA,chikungunya,2025,24,0.0971,-2.2302,baixo,positividade=1.0; tendencia_pos=0.1; risco=0.13,Manter rotina de vigilância laboratorial.,sklearn_gb_v1,sklearn_v1
CORUMBA,chikungunya,2025,34,0.0967,-2.2349,baixo,positividade=0.0; tendencia_pos=-0.11; risco=0.0,Manter rotina de vigilância laboratorial.,sklearn_gb_v1,sklearn_v1
CUIABA,varicela_zoster_biologia_molecular,2025,35,0.0964,-2.2382,baixo,positividade=0.0; tendencia_pos=0.094; risco=0.0,Manter rotina de vigilância laboratorial.,sklearn_gb_v1,sklearn_v1
CURITIBA,chikungunya,2025,15,0.0963,-2.2387,baixo,positividade=1.0; tendencia_pos=0.0; risco=0.27,Manter rotina de vigilância laboratorial.,sklearn_gb_v1,sklearn_v1
DIAMANTINO,hepatite_b_hbv,2025,32,0.0962,-2.2399,baixo,positividade=0.5; tendencia_pos=0.021; risco=0.19,Manter rotina de vigilância laboratorial.,sklearn_gb_v1,sklearn_v1
CACERES,toxoplasmose_igm,2025,13,0.096,-2.2419,baixo,positividade=1.0; tendencia_pos=0.0; risco=0.45,Manter rotina de vigilância laboratorial.,sklearn_gb_v1,sklearn_v1
DOM AQUINO,chikungunya,2025,26,0.0952,-2.2514,baixo,positividade=0.0; tendencia_pos=-0.111; risco=0.0,Manter rotina de vigilância laboratorial.,sklearn_gb_v1,sklearn_v1
BOM JARDIM,chikungunya,2025,28,0.0939,-2.267,baixo,positividade=0.5; tendencia_pos=0.125; risco=0.3,Manter rotina de vigilância laboratorial.,sklearn_gb_v1,sklearn_v1
RONDONOPOLIS,dengue,2025,33,0.0931,-2.2769,baixo,positividade=0.0; tendencia_pos=0.025; risco=0.0,Manter rotina de vigilância laboratorial.,sklearn_gb_v1,sklearn_v1
SAO FELIX DO ARAGUAIA,hepatite_b_hbv,2025,11,0.0925,-2.2831,baixo,positividade=1.0; tendencia_pos=0.0; risco=0.28,Manter rotina de vigilância laboratorial.,sklearn_gb_v1,sklearn_v1
SANTA TEREZINHA,hepatite_b_hbv,2025,13,0.0925,-2.2831,baixo,positividade=1.0; tendencia_pos=0.0; risco=0.33,Manter rotina de vigilância laboratorial.,sklearn_gb_v1,sklearn_v1
JUARA,dengue,2025,27,0.0924,-2.2842,baixo,positividade=0.5; tendencia_pos=0.162; risco=0.3,Manter rotina de vigilância laboratorial.,sklearn_gb_v1,sklearn_v1
SAO LUIS,chikungunya,2025,25,0.0919,-2.2907,baixo,positividade=0.0; tendencia_pos=-0.021; risco=0.0,Manter rotina de vigilância laboratorial.,sklearn_gb_v1,sklearn_v1
RIO VERDE,chikungunya,2025,24,0.0915,-2.2958,baixo,positividade=0.5; tendencia_pos=0.0; risco=0.17,Manter rotina de vigilância laboratorial.,sklearn_gb_v1,sklearn_v1
CANARANA,hepatite_b_hbv,2025,33,0.0913,-2.2973,baixo,positividade=0.17; tendencia_pos=-0.021; risco=0.44,Manter rotina de vigilância laboratorial.,sklearn_gb_v1,sklearn_v1
ALTAMIRA,chikungunya,2025,22,0.0908,-2.3038,baixo,positividade=0.0; tendencia_pos=0.125; risco=0.49,Manter rotina de vigilância laboratorial.,sklearn_gb_v1,sklearn_v1
MATUPA,zika,2025,31,0.0908,-2.3037,baixo,positividade=0.67; tendencia_pos=0.107; risco=0.7,Manter rotina de vigilância laboratorial.,sklearn_gb_v1,sklearn_v1
CUIABA,pesquisa_de_genes_de_resistencia,2025,24,0.0906,-2.306,baixo,positividade=0.5; tendencia_pos=-0.031; risco=0.05,Manter rotina de vigilância laboratorial.,sklearn_gb_v1,sklearn_v1
GUARANTA DO NORTE,hepatite_b_hbv,2025,33,0.0904,-2.3087,baixo,positividade=0.17; tendencia_pos=0.017; risco=0.64,Manter rotina de vigilância laboratorial.,sklearn_gb_v1,sklearn_v1
PARAUAPEBAS,chikungunya,2025,15,0.0901,-2.3126,baixo,positividade=0.0; tendencia_pos=0.069; risco=0.0,Manter rotina de vigilância laboratorial.,sklearn_gb_v1,sklearn_v1
NOVA MARILANDIA,dengue,2025,29,0.0897,-2.3177,baixo,positividade=0.0; tendencia_pos=-0.062; risco=0.0,Manter rotina de vigilância laboratorial.,sklearn_gb_v1,sklearn_v1
ARAPIRACA,chikungunya,2025,25,0.0895,-2.3193,baixo,positividade=0.5; tendencia_pos=0.0; risco=0.2,Manter rotina de vigilância laboratorial.,sklearn_gb_v1,sklearn_v1
CAMPO NOVO DO PARECIS,toxoplasmose_igg,2025,33,0.0894,-2.321,baixo,positividade=1.0; tendencia_pos=0.2; risco=0.08,Manter rotina de vigilância laboratorial.,sklearn_gb_v1,sklearn_v1
SOROCABA,chikungunya,2025,16,0.0893,-2.3225,baixo,positividade=1.0; tendencia_pos=0.0; risco=0.4,Manter rotina de vigilância laboratorial.,sklearn_gb_v1,sklearn_v1
GENERAL CARNEIRO,bordetella,2025,9,0.0892,-2.3234,baixo,positividade=0.4; tendencia_pos=0.0; risco=0.08,Manter rotina de vigilância laboratorial.,sklearn_gb_v1,sklearn_v1
ITIQUIRA,chikungunya,2025,13,0.0886,-2.3302,baixo,positividade=1.0; tendencia_pos=0.119; risco=0.62,Manter rotina de vigilância laboratorial.,sklearn_gb_v1,sklearn_v1
NOVA OLIMPIA,chikungunya,2026,13,0.0883,-2.3341,baixo,positividade=0.0; tendencia_pos=0.188; risco=0.0,Manter rotina de vigilância laboratorial.,sklearn_gb_v1,sklearn_v1
NOVO HORIZONTE DO NORTE,dengue,2025,29,0.0881,-2.3376,baixo,positividade=1.0; tendencia_pos=0.25; risco=0.14,Manter rotina de vigilância laboratorial.,sklearn_gb_v1,sklearn_v1
JACIARA,zika,2025,27,0.088,-2.3387,baixo,positividade=1.0; tendencia_pos=0.161; risco=1.23,Manter rotina de vigilância laboratorial.,sklearn_gb_v1,sklearn_v1
PONTES E LACERDA,hiv,2025,20,0.0875,-2.3446,baixo,positividade=0.5; tendencia_pos=0.0; risco=0.54,Manter rotina de vigilância laboratorial.,sklearn_gb_v1,sklearn_v1
VERA,sars_cov_2,2025,24,0.0874,-2.3464,baixo,positividade=0.27; tendencia_pos=0.0; risco=1.68,Manter rotina de vigilância laboratorial.,sklearn_gb_v1,sklearn_v1
FELIZ NATAL,zika,2025,24,0.0873,-2.3472,baixo,positividade=0.2; tendencia_pos=0.025; risco=2.11,Manter rotina de vigilância laboratorial.,sklearn_gb_v1,sklearn_v1
CAMPO NOVO DO PARECIS,hepatite_a,2025,32,0.0872,-2.3486,baixo,positividade=0.0; tendencia_pos=-0.025; risco=0.0,Manter rotina de vigilância laboratorial.,sklearn_gb_v1,sklearn_v1
JACIARA,dengue,2025,27,0.087,-2.3507,baixo,positividade=1.0; tendencia_pos=0.158; risco=0.59,Manter rotina de vigilância laboratorial.,sklearn_gb_v1,sklearn_v1
ALTO PARAGUAI,chikungunya,2025,21,0.0864,-2.3583,baixo,positividade=0.0; tendencia_pos=0.062; risco=0.56,Manter rotina de vigilância laboratorial.,sklearn_gb_v1,sklearn_v1
CUIABA,sarampo_igm,2025,46,0.0862,-2.3613,baixo,positividade=0.0; tendencia_pos=0.062; risco=0.26,Manter rotina de vigilância laboratorial.,sklearn_gb_v1,sklearn_v1
CACERES,bacterias_teste_de_sensibilidade,2025,33,0.0858,-2.3664,baixo,positividade=0.0; tendencia_pos=0.0; risco=0.16,Manter rotina de vigilância laboratorial.,sklearn_gb_v1,sklearn_v1
CUIABA,hepatite_a,2025,32,0.085,-2.3765,baixo,positividade=0.0; tendencia_pos=-0.062; risco=0.0,Manter rotina de vigilância laboratorial.,sklearn_gb_v1,sklearn_v1
TANGARA DA SERRA,sars_cov_2,2025,21,0.0848,-2.3793,baixo,positividade=0.0; tendencia_pos=0.179; risco=0.0,Manter rotina de vigilância laboratorial.,sklearn_gb_v1,sklearn_v1
FORTALEZA,chikungunya,2025,22,0.0842,-2.3862,baixo,positividade=1.0; tendencia_pos=0.0; risco=0.13,Manter rotina de vigilância laboratorial.,sklearn_gb_v1,sklearn_v1
GOIANIA,chikungunya,2025,24,0.0834,-2.3971,baixo,positividade=0.67; tendencia_pos=0.083; risco=0.39,Manter rotina de vigilância laboratorial.,sklearn_gb_v1,sklearn_v1
JUINA,dengue,2025,34,0.0833,-2.3989,baixo,positividade=1.0; tendencia_pos=0.088; risco=0.44,Manter rotina de vigilância laboratorial.,sklearn_gb_v1,sklearn_v1
VILHENA,chikungunya,2025,28,0.0829,-2.4035,baixo,positividade=0.0; tendencia_pos=-0.038; risco=0.0,Manter rotina de vigilância laboratorial.,sklearn_gb_v1,sklearn_v1
CACOAL,chikungunya,2025,28,0.0829,-2.4035,baixo,positividade=0.0; tendencia_pos=0.008; risco=0.0,Manter rotina de vigilância laboratorial.,sklearn_gb_v1,sklearn_v1
SANTAREM,chikungunya,2025,25,0.0827,-2.4069,baixo,positividade=1.0; tendencia_pos=0.042; risco=0.27,Manter rotina de vigilância laboratorial.,sklearn_gb_v1,sklearn_v1
MIGUEL ALVES,chikungunya,2025,23,0.082,-2.4154,baixo,positividade=0.0; tendencia_pos=0.0; risco=0.0,Manter rotina de vigilância laboratorial.,sklearn_gb_v1,sklearn_v1
ROLIM DE MOURA,chikungunya,2025,26,0.082,-2.4151,baixo,positividade=0.0; tendencia_pos=-0.125; risco=0.0,Manter rotina de vigilância laboratorial.,sklearn_gb_v1,sklearn_v1
CAMPO VERDE,sarampo_igm,2025,46,0.0818,-2.4177,baixo,positividade=1.0; tendencia_pos=0.167; risco=0.84,Manter rotina de vigilância laboratorial.,sklearn_gb_v1,sklearn_v1
NOSSA SENHORA DO LIVRAMENTO,chikungunya,2025,28,0.0817,-2.4193,baixo,positividade=0.67; tendencia_pos=-0.064; risco=1.34,Manter rotina de vigilância laboratorial.,sklearn_gb_v1,sklearn_v1
APIACAS,chikungunya,2025,16,0.0817,-2.4189,baixo,positividade=0.0; tendencia_pos=-0.194; risco=0.01,Manter rotina de vigilância laboratorial.,sklearn_gb_v1,sklearn_v1
CAMPINAPOLIS,sars_cov_2,2025,35,0.0812,-2.4259,baixo,positividade=1.0; tendencia_pos=0.161; risco=1.42,Manter rotina de vigilância laboratorial.,sklearn_gb_v1,sklearn_v1
NOVA MONTE VERDE,chikungunya,2025,35,0.0809,-2.4302,baixo,positividade=0.5; tendencia_pos=0.042; risco=0.2,Manter rotina de vigilância laboratorial.,sklearn_gb_v1,sklearn_v1
MIRASSOL D''OESTE,hepatite_b_hbv,2026,16,0.0809,-2.4304,baixo,positividade=1.0; tendencia_pos=0.125; risco=0.1,Manter rotina de vigilância laboratorial.,sklearn_gb_v1,sklearn_v1
NOBRES,hepatite_b_hbv,2025,29,0.0808,-2.4316,baixo,positividade=1.0; tendencia_pos=0.0; risco=0.14,Manter rotina de vigilância laboratorial.,sklearn_gb_v1,sklearn_v1
ALTA FLORESTA,tuberculose_cultura,2025,27,0.0802,-2.4399,baixo,positividade=0.25; tendencia_pos=0.094; risco=1.19,Manter rotina de vigilância laboratorial.,sklearn_gb_v1,sklearn_v1
ITAITUBA,chikungunya,2025,32,0.08,-2.4421,baixo,positividade=0.0; tendencia_pos=-0.125; risco=0.0,Manter rotina de vigilância laboratorial.,sklearn_gb_v1,sklearn_v1
PONTES E LACERDA,hepatite_b_hbv,2026,20,0.08,-2.4421,baixo,positividade=0.0; tendencia_pos=-0.396; risco=0.0,Manter rotina de vigilância laboratorial.,sklearn_gb_v1,sklearn_v1
CARLINDA,dengue,2025,15,0.0793,-2.4514,baixo,positividade=1.0; tendencia_pos=0.0; risco=1.15,Manter rotina de vigilância laboratorial.,sklearn_gb_v1,sklearn_v1
SAO JOSE DO RIO CLARO,hepatite_b_hbv,2025,21,0.0793,-2.4514,baixo,positividade=0.67; tendencia_pos=-0.021; risco=1.64,Manter rotina de vigilância laboratorial.,sklearn_gb_v1,sklearn_v1
NOVA BANDEIRANTES,chikungunya,2025,24,0.0791,-2.454,baixo,positividade=0.0; tendencia_pos=-0.271; risco=0.03,Manter rotina de vigilância laboratorial.,sklearn_gb_v1,sklearn_v1
CAMPO GRANDE,chikungunya,2025,30,0.0791,-2.454,baixo,positividade=0.0; tendencia_pos=-0.25; risco=0.0,Manter rotina de vigilância laboratorial.,sklearn_gb_v1,sklearn_v1
PARANATINGA,chikungunya,2025,25,0.0791,-2.454,baixo,positividade=0.0; tendencia_pos=-0.125; risco=0.03,Manter rotina de vigilância laboratorial.,sklearn_gb_v1,sklearn_v1
ITAUBA,zika,2025,30,0.0789,-2.457,baixo,positividade=0.25; tendencia_pos=0.043; risco=0.36,Manter rotina de vigilância laboratorial.,sklearn_gb_v1,sklearn_v1
BELEM,chikungunya,2025,18,0.0789,-2.4568,baixo,positividade=0.0; tendencia_pos=0.0; risco=0.0,Manter rotina de vigilância laboratorial.,sklearn_gb_v1,sklearn_v1
RESERVA DO CABACAL,chikungunya,2025,28,0.0789,-2.4568,baixo,positividade=0.0; tendencia_pos=-0.062; risco=0.0,Manter rotina de vigilância laboratorial.,sklearn_gb_v1,sklearn_v1
NOVA MUTUM,toxoplasmose_igg,2025,32,0.0781,-2.468,baixo,positividade=1.0; tendencia_pos=0.125; risco=0.17,Manter rotina de vigilância laboratorial.,sklearn_gb_v1,sklearn_v1
BELO HORIZONTE,chikungunya,2025,8,0.0775,-2.4764,baixo,positividade=0.0; tendencia_pos=0.0; risco=0.0,Manter rotina de vigilância laboratorial.,sklearn_gb_v1,sklearn_v1
NOBRES,sars_cov_2,2025,23,0.0773,-2.4801,baixo,positividade=0.0; tendencia_pos=0.062; risco=0.02,Manter rotina de vigilância laboratorial.,sklearn_gb_v1,sklearn_v1
VARZEA GRANDE,rubeola_igg,2025,34,0.0771,-2.4819,baixo,positividade=0.0; tendencia_pos=-0.042; risco=0.0,Manter rotina de vigilância laboratorial.,sklearn_gb_v1,sklearn_v1
PONTES E LACERDA,zika,2025,35,0.077,-2.4833,baixo,positividade=0.5; tendencia_pos=0.079; risco=1.0,Manter rotina de vigilância laboratorial.,sklearn_gb_v1,sklearn_v1
PIMENTA BUENO,chikungunya,2025,33,0.0762,-2.4954,baixo,positividade=0.0; tendencia_pos=-0.125; risco=0.0,Manter rotina de vigilância laboratorial.,sklearn_gb_v1,sklearn_v1
CAMPO NOVO DO PARECIS,hepatite_b_hbv,2026,19,0.0757,-2.502,baixo,positividade=1.0; tendencia_pos=-0.125; risco=0.13,Manter rotina de vigilância laboratorial.,sklearn_gb_v1,sklearn_v1
TANGARA DA SERRA,toxoplasmose_igm,2025,31,0.0754,-2.5063,baixo,positividade=1.0; tendencia_pos=0.125; risco=0.13,Manter rotina de vigilância laboratorial.,sklearn_gb_v1,sklearn_v1
NOVA SANTA HELENA,zika,2025,22,0.0754,-2.5072,baixo,positividade=0.14; tendencia_pos=0.024; risco=0.88,Manter rotina de vigilância laboratorial.,sklearn_gb_v1,sklearn_v1
SINOP,hepatite_b_hbv,2026,20,0.0747,-2.5161,baixo,positividade=0.0; tendencia_pos=0.0; risco=0.0,Manter rotina de vigilância laboratorial.,sklearn_gb_v1,sklearn_v1
PALMAS,chikungunya,2025,19,0.0745,-2.5194,baixo,positividade=0.0; tendencia_pos=-0.104; risco=0.0,Manter rotina de vigilância laboratorial.,sklearn_gb_v1,sklearn_v1
BARRA DO GARCAS,bordetella,2025,6,0.0744,-2.5205,baixo,positividade=0.2; tendencia_pos=0.0; risco=0.0,Manter rotina de vigilância laboratorial.,sklearn_gb_v1,sklearn_v1
MARCELANDIA,zika,2025,30,0.0744,-2.5208,baixo,positividade=0.25; tendencia_pos=0.073; risco=0.19,Manter rotina de vigilância laboratorial.,sklearn_gb_v1,sklearn_v1
ARIPUANA,dengue,2025,22,0.0743,-2.5219,baixo,positividade=0.33; tendencia_pos=-0.021; risco=0.75,Manter rotina de vigilância laboratorial.,sklearn_gb_v1,sklearn_v1
PRIMAVERA DO LESTE,zika,2025,35,0.0739,-2.5282,baixo,positividade=0.14; tendencia_pos=-0.042; risco=0.41,Manter rotina de vigilância laboratorial.,sklearn_gb_v1,sklearn_v1
SORRISO,toxoplasmose_igg,2025,35,0.0731,-2.54,baixo,positividade=1.0; tendencia_pos=-0.107; risco=0.11,Manter rotina de vigilância laboratorial.,sklearn_gb_v1,sklearn_v1
MARABA,chikungunya,2025,16,0.0727,-2.5458,baixo,positividade=1.0; tendencia_pos=0.0; risco=0.3,Manter rotina de vigilância laboratorial.,sklearn_gb_v1,sklearn_v1
PRIMAVERA DO LESTE,hepatite_b_hbv,2025,35,0.0726,-2.5477,baixo,positividade=1.0; tendencia_pos=0.25; risco=0.16,Manter rotina de vigilância laboratorial.,sklearn_gb_v1,sklearn_v1
ANANINDEUA,chikungunya,2025,26,0.0725,-2.5486,baixo,positividade=1.0; tendencia_pos=0.0; risco=0.13,Manter rotina de vigilância laboratorial.,sklearn_gb_v1,sklearn_v1
TERRA NOVA DO NORTE,chikungunya,2025,30,0.0725,-2.5489,baixo,positividade=0.0; tendencia_pos=-0.108; risco=0.17,Manter rotina de vigilância laboratorial.,sklearn_gb_v1,sklearn_v1
VILA RICA,hepatite_b_hbv,2025,18,0.072,-2.5559,baixo,positividade=0.0; tendencia_pos=0.094; risco=0.05,Manter rotina de vigilância laboratorial.,sklearn_gb_v1,sklearn_v1
NOVA CANAA DO NORTE,hepatite_b_hbv,2025,26,0.0718,-2.5596,baixo,positividade=1.0; tendencia_pos=-0.05; risco=0.14,Manter rotina de vigilância laboratorial.,sklearn_gb_v1,sklearn_v1
NOVO HORIZONTE DO NORTE,leptospira,2025,2,0.0716,-2.5622,baixo,positividade=0.2; tendencia_pos=0.0; risco=0.44,Manter rotina de vigilância laboratorial.,sklearn_gb_v1,sklearn_v1
ITACOATIARA,chikungunya,2025,25,0.071,-2.5709,baixo,positividade=1.0; tendencia_pos=0.0; risco=0.3,Manter rotina de vigilância laboratorial.,sklearn_gb_v1,sklearn_v1
SINOP,hiv,2025,32,0.0707,-2.5767,baixo,positividade=1.0; tendencia_pos=0.0; risco=0.17,Manter rotina de vigilância laboratorial.,sklearn_gb_v1,sklearn_v1
TANGARA DA SERRA,tuberculose_cultura,2025,31,0.0703,-2.5824,baixo,positividade=1.0; tendencia_pos=0.167; risco=0.6,Manter rotina de vigilância laboratorial.,sklearn_gb_v1,sklearn_v1
PORTO DOS GAUCHOS,chikungunya,2025,22,0.0703,-2.5827,baixo,positividade=0.0; tendencia_pos=-0.292; risco=0.1,Manter rotina de vigilância laboratorial.,sklearn_gb_v1,sklearn_v1
RIBEIRAO CASCALHEIRA,hepatite_b_hbv,2025,32,0.0702,-2.5837,baixo,positividade=1.0; tendencia_pos=-0.05; risco=0.21,Manter rotina de vigilância laboratorial.,sklearn_gb_v1,sklearn_v1
UNIAO DO SUL,hepatite_b_hbv,2025,34,0.0702,-2.5837,baixo,positividade=1.0; tendencia_pos=-0.083; risco=0.14,Manter rotina de vigilância laboratorial.,sklearn_gb_v1,sklearn_v1
SALVADOR,dengue,2025,9,0.0702,-2.5842,baixo,positividade=1.0; tendencia_pos=0.0; risco=0.57,Manter rotina de vigilância laboratorial.,sklearn_gb_v1,sklearn_v1
JARU,chikungunya,2025,24,0.0702,-2.5836,baixo,positividade=1.0; tendencia_pos=0.075; risco=0.39,Manter rotina de vigilância laboratorial.,sklearn_gb_v1,sklearn_v1
CLAUDIA,hepatite_b_hbv,2025,27,0.0688,-2.6049,baixo,positividade=1.0; tendencia_pos=0.0; risco=0.11,Manter rotina de vigilância laboratorial.,sklearn_gb_v1,sklearn_v1
NOVA LACERDA,dengue,2025,23,0.0687,-2.607,baixo,positividade=0.33; tendencia_pos=0.042; risco=0.63,Manter rotina de vigilância laboratorial.,sklearn_gb_v1,sklearn_v1
PONTES E LACERDA,dengue,2025,35,0.068,-2.6183,baixo,positividade=1.0; tendencia_pos=0.142; risco=1.0,Manter rotina de vigilância laboratorial.,sklearn_gb_v1,sklearn_v1
SANTA RITA DO TRIVELATO,dengue,2025,24,0.0679,-2.6196,baixo,positividade=0.33; tendencia_pos=-0.208; risco=0.68,Manter rotina de vigilância laboratorial.,sklearn_gb_v1,sklearn_v1
BRASNORTE,hiv,2025,17,0.0676,-2.6243,baixo,positividade=0.25; tendencia_pos=0.0; risco=0.0,Manter rotina de vigilância laboratorial.,sklearn_gb_v1,sklearn_v1
VERA,hepatite_b_hbv,2025,43,0.0673,-2.629,baixo,positividade=1.0; tendencia_pos=0.0; risco=0.15,Manter rotina de vigilância laboratorial.,sklearn_gb_v1,sklearn_v1
NOVA BANDEIRANTES,hepatite_b_hbv,2025,20,0.0673,-2.629,baixo,positividade=1.0; tendencia_pos=0.0; risco=0.16,Manter rotina de vigilância laboratorial.,sklearn_gb_v1,sklearn_v1
RONDONOPOLIS,zika,2025,34,0.0673,-2.6283,baixo,positividade=0.5; tendencia_pos=-0.004; risco=0.98,Manter rotina de vigilância laboratorial.,sklearn_gb_v1,sklearn_v1
NOVA MONTE VERDE,hepatite_b_hbv,2025,31,0.0672,-2.631,baixo,positividade=1.0; tendencia_pos=0.15; risco=0.32,Manter rotina de vigilância laboratorial.,sklearn_gb_v1,sklearn_v1
NOVA UBIRATA,dengue,2025,35,0.0665,-2.6419,baixo,positividade=0.17; tendencia_pos=0.005; risco=1.51,Manter rotina de vigilância laboratorial.,sklearn_gb_v1,sklearn_v1
POXOREO,hepatite_b_hbv,2025,19,0.0662,-2.6469,baixo,positividade=1.0; tendencia_pos=0.0; risco=0.11,Manter rotina de vigilância laboratorial.,sklearn_gb_v1,sklearn_v1
NOVA GUARITA,influenza_a,2025,23,0.066,-2.6491,baixo,positividade=0.0; tendencia_pos=0.0; risco=0.17,Manter rotina de vigilância laboratorial.,sklearn_gb_v1,sklearn_v1
CUIABA,bacterias_teste_de_sensibilidade,2025,31,0.066,-2.6505,baixo,positividade=0.0; tendencia_pos=0.031; risco=0.0,Manter rotina de vigilância laboratorial.,sklearn_gb_v1,sklearn_v1
PRIMAVERA DO LESTE,rubeola_igg,2025,44,0.0656,-2.6564,baixo,positividade=1.0; tendencia_pos=0.0; risco=0.13,Manter rotina de vigilância laboratorial.,sklearn_gb_v1,sklearn_v1
GUARANTA DO NORTE,citomegalovirus_igg,2025,22,0.0651,-2.6639,baixo,positividade=0.0; tendencia_pos=-0.125; risco=0.0,Manter rotina de vigilância laboratorial.,sklearn_gb_v1,sklearn_v1
GUARANTA DO NORTE,rubeola_igg,2025,19,0.0651,-2.6644,baixo,positividade=1.0; tendencia_pos=0.0; risco=0.23,Manter rotina de vigilância laboratorial.,sklearn_gb_v1,sklearn_v1
UBERABA,chikungunya,2025,9,0.065,-2.6658,baixo,positividade=0.43; tendencia_pos=0.0; risco=0.17,Manter rotina de vigilância laboratorial.,sklearn_gb_v1,sklearn_v1
IPIRANGA DO NORTE,hiv,2025,21,0.065,-2.6656,baixo,positividade=0.67; tendencia_pos=0.0; risco=0.0,Manter rotina de vigilância laboratorial.,sklearn_gb_v1,sklearn_v1
SANTO ANTONIO DO LEVERGER,pesquisa_de_carbapenemases,2024,29,0.065,-2.6656,baixo,positividade=1.0; tendencia_pos=0.0; risco=0.08,Manter rotina de vigilância laboratorial.,sklearn_gb_v1,sklearn_v1
NOVA MARILANDIA,meningite_bacteriana_biologia_molecular,2024,35,0.065,-2.6656,baixo,positividade=0.67; tendencia_pos=0.0; risco=0.0,Manter rotina de vigilância laboratorial.,sklearn_gb_v1,sklearn_v1
CHAPADA DOS GUIMARAES,pesquisa_de_carbapenemases,2024,27,0.065,-2.6656,baixo,positividade=0.67; tendencia_pos=0.0; risco=0.04,Manter rotina de vigilância laboratorial.,sklearn_gb_v1,sklearn_v1
CAMPOS DE JULIO,dengue,2025,29,0.0649,-2.6679,baixo,positividade=0.0; tendencia_pos=0.046; risco=0.15,Manter rotina de vigilância laboratorial.,sklearn_gb_v1,sklearn_v1
CAMPO VERDE,rubeola_igm,2025,43,0.0648,-2.6687,baixo,positividade=1.0; tendencia_pos=0.0; risco=0.16,Manter rotina de vigilância laboratorial.,sklearn_gb_v1,sklearn_v1
NOBRES,dengue,2025,26,0.0645,-2.6749,baixo,positividade=1.0; tendencia_pos=0.333; risco=0.68,Manter rotina de vigilância laboratorial.,sklearn_gb_v1,sklearn_v1
CHAPADA DOS GUIMARAES,hepatite_c_hcv,2025,19,0.0645,-2.6747,baixo,positividade=0.0; tendencia_pos=-0.107; risco=0.04,Manter rotina de vigilância laboratorial.,sklearn_gb_v1,sklearn_v1
CAMPINAPOLIS,dengue,2025,33,0.0644,-2.6763,baixo,positividade=0.2; tendencia_pos=-0.003; risco=0.55,Manter rotina de vigilância laboratorial.,sklearn_gb_v1,sklearn_v1
CACERES,chikungunya,2026,14,0.0642,-2.6794,baixo,positividade=0.12; tendencia_pos=0.043; risco=1.26,Manter rotina de vigilância laboratorial.,sklearn_gb_v1,sklearn_v1
NOVA MONTE VERDE,dengue,2025,35,0.0641,-2.6816,baixo,positividade=1.0; tendencia_pos=0.028; risco=0.82,Manter rotina de vigilância laboratorial.,sklearn_gb_v1,sklearn_v1
SANTO ANTONIO DO LEVERGER,hepatite_b_hbv,2025,19,0.0641,-2.6807,baixo,positividade=1.0; tendencia_pos=0.071; risco=0.48,Manter rotina de vigilância laboratorial.,sklearn_gb_v1,sklearn_v1
BRASNORTE,zika,2025,34,0.0636,-2.6893,baixo,positividade=0.5; tendencia_pos=0.125; risco=0.7,Manter rotina de vigilância laboratorial.,sklearn_gb_v1,sklearn_v1
VILA RICA,dengue,2025,26,0.0631,-2.6982,baixo,positividade=0.25; tendencia_pos=0.013; risco=0.4,Manter rotina de vigilância laboratorial.,sklearn_gb_v1,sklearn_v1
COLNIZA,zika,2025,31,0.0631,-2.6975,baixo,positividade=0.2; tendencia_pos=0.025; risco=1.07,Manter rotina de vigilância laboratorial.,sklearn_gb_v1,sklearn_v1
NOVO SAO JOAQUIM,dengue,2025,10,0.0631,-2.6982,baixo,positividade=0.0; tendencia_pos=0.141; risco=0.04,Manter rotina de vigilância laboratorial.,sklearn_gb_v1,sklearn_v1
VARZEA GRANDE,pesquisa_de_multipatogenos_ist,2026,13,0.0631,-2.6982,baixo,positividade=0.0; tendencia_pos=0.109; risco=0.0,Manter rotina de vigilância laboratorial.,sklearn_gb_v1,sklearn_v1
PRIMAVERA DO LESTE,dengue,2025,35,0.0627,-2.704,baixo,positividade=0.13; tendencia_pos=-0.016; risco=0.07,Manter rotina de vigilância laboratorial.,sklearn_gb_v1,sklearn_v1
PEIXOTO DE AZEVEDO,hepatite_c_hcv,2025,30,0.0621,-2.7144,baixo,positividade=0.0; tendencia_pos=0.0; risco=0.02,Manter rotina de vigilância laboratorial.,sklearn_gb_v1,sklearn_v1
ALTO TAQUARI,chikungunya,2025,17,0.0621,-2.7144,baixo,positividade=0.0; tendencia_pos=0.0; risco=0.0,Manter rotina de vigilância laboratorial.,sklearn_gb_v1,sklearn_v1
VARZEA GRANDE,bacterias_teste_de_sensibilidade,2025,27,0.0621,-2.7144,baixo,positividade=0.0; tendencia_pos=0.0; risco=0.0,Manter rotina de vigilância laboratorial.,sklearn_gb_v1,sklearn_v1
BARRA DO GARCAS,hepatite_c_hcv,2025,31,0.062,-2.716,baixo,positividade=1.0; tendencia_pos=0.0; risco=0.43,Manter rotina de vigilância laboratorial.,sklearn_gb_v1,sklearn_v1
JUSCIMEIRA,hepatite_b_hbv,2025,31,0.0618,-2.7201,baixo,positividade=1.0; tendencia_pos=-0.143; risco=0.13,Manter rotina de vigilância laboratorial.,sklearn_gb_v1,sklearn_v1
ARENAPOLIS,dengue,2025,34,0.0615,-2.7251,baixo,positividade=0.0; tendencia_pos=0.131; risco=0.0,Manter rotina de vigilância laboratorial.,sklearn_gb_v1,sklearn_v1
MANAUS,chikungunya,2025,34,0.0615,-2.7251,baixo,positividade=0.0; tendencia_pos=0.13; risco=0.0,Manter rotina de vigilância laboratorial.,sklearn_gb_v1,sklearn_v1
NOVO MUNDO,hepatite_b_hbv,2025,32,0.0607,-2.7395,baixo,positividade=0.0; tendencia_pos=0.0; risco=0.01,Manter rotina de vigilância laboratorial.,sklearn_gb_v1,sklearn_v1
PACARAIMA,chikungunya,2025,34,0.0607,-2.7395,baixo,positividade=0.0; tendencia_pos=-0.031; risco=0.0,Manter rotina de vigilância laboratorial.,sklearn_gb_v1,sklearn_v1
NOSSA SENHORA DO LIVRAMENTO,hepatite_b_hbv,2025,30,0.0606,-2.741,baixo,positividade=1.0; tendencia_pos=-0.1; risco=0.38,Manter rotina de vigilância laboratorial.,sklearn_gb_v1,sklearn_v1
CAMPINAPOLIS,sarampo_igg,2024,27,0.0604,-2.7442,baixo,positividade=0.25; tendencia_pos=0.0; risco=0.72,Manter rotina de vigilância laboratorial.,sklearn_gb_v1,sklearn_v1
PARAGOMINAS,chikungunya,2025,14,0.0602,-2.7477,baixo,positividade=1.0; tendencia_pos=0.0; risco=0.44,Manter rotina de vigilância laboratorial.,sklearn_gb_v1,sklearn_v1
CAMPO NOVO DO PARECIS,tuberculose_lf_lam,2026,17,0.0601,-2.7493,baixo,positividade=0.0; tendencia_pos=-0.25; risco=0.0,Manter rotina de vigilância laboratorial.,sklearn_gb_v1,sklearn_v1
CACERES,hepatite_b_hbv,2026,21,0.06,-2.7511,baixo,positividade=1.0; tendencia_pos=0.062; risco=0.18,Manter rotina de vigilância laboratorial.,sklearn_gb_v1,sklearn_v1
PORTO DOS GAUCHOS,hepatite_b_hbv,2025,31,0.0599,-2.7535,baixo,positividade=1.0; tendencia_pos=0.0; risco=1.78,Manter rotina de vigilância laboratorial.,sklearn_gb_v1,sklearn_v1
BRASILIA,chikungunya,2025,34,0.0599,-2.753,baixo,positividade=0.0; tendencia_pos=-0.125; risco=0.0,Manter rotina de vigilância laboratorial.,sklearn_gb_v1,sklearn_v1
CACERES,sarampo_igg,2025,42,0.0599,-2.753,baixo,positividade=0.0; tendencia_pos=-0.25; risco=0.01,Manter rotina de vigilância laboratorial.,sklearn_gb_v1,sklearn_v1
DOM AQUINO,bacterias_teste_de_sensibilidade,2025,35,0.0597,-2.7568,baixo,positividade=1.0; tendencia_pos=0.0; risco=0.0,Manter rotina de vigilância laboratorial.,sklearn_gb_v1,sklearn_v1
VALE DE SAO DOMINGOS,rubeola_igg,2024,31,0.0597,-2.7568,baixo,positividade=1.0; tendencia_pos=0.0; risco=0.05,Manter rotina de vigilância laboratorial.,sklearn_gb_v1,sklearn_v1
ARAPUTANGA,baciloscopia,2024,50,0.0597,-2.7568,baixo,positividade=1.0; tendencia_pos=0.0; risco=0.0,Manter rotina de vigilância laboratorial.,sklearn_gb_v1,sklearn_v1
ALTO PARAGUAI,baciloscopia,2025,27,0.0597,-2.7568,baixo,positividade=1.0; tendencia_pos=0.0; risco=0.05,Manter rotina de vigilância laboratorial.,sklearn_gb_v1,sklearn_v1
NORTELANDIA,baciloscopia,2025,26,0.0597,-2.7568,baixo,positividade=1.0; tendencia_pos=0.0; risco=0.0,Manter rotina de vigilância laboratorial.,sklearn_gb_v1,sklearn_v1
CHAPADA DOS GUIMARAES,cultura_para_fungos,2025,22,0.0597,-2.7568,baixo,positividade=1.0; tendencia_pos=0.0; risco=0.04,Manter rotina de vigilância laboratorial.,sklearn_gb_v1,sklearn_v1
PORTO ESPERIDIAO,influenza,2025,17,0.0597,-2.7568,baixo,positividade=1.0; tendencia_pos=0.0; risco=0.05,Manter rotina de vigilância laboratorial.,sklearn_gb_v1,sklearn_v1
UNIAO DO SUL,baciloscopia,2025,7,0.0597,-2.7568,baixo,positividade=1.0; tendencia_pos=0.0; risco=0.0,Manter rotina de vigilância laboratorial.,sklearn_gb_v1,sklearn_v1
NOVO MUNDO,chikungunya,2025,29,0.0596,-2.7585,baixo,positividade=0.0; tendencia_pos=-0.073; risco=0.01,Manter rotina de vigilância laboratorial.,sklearn_gb_v1,sklearn_v1
PEIXOTO DE AZEVEDO,hepatite_b_hbv,2025,30,0.0596,-2.7585,baixo,positividade=0.0; tendencia_pos=-0.021; risco=0.02,Manter rotina de vigilância laboratorial.,sklearn_gb_v1,sklearn_v1
ARIQUEMES,chikungunya,2025,19,0.0596,-2.7585,baixo,positividade=0.0; tendencia_pos=-0.042; risco=0.0,Manter rotina de vigilância laboratorial.,sklearn_gb_v1,sklearn_v1
ALTO ALEGRE DO PINDARE,chikungunya,2025,20,0.0596,-2.7595,baixo,positividade=0.5; tendencia_pos=-0.075; risco=0.35,Manter rotina de vigilância laboratorial.,sklearn_gb_v1,sklearn_v1
CANARANA,zika,2025,34,0.0587,-2.7741,baixo,positividade=0.33; tendencia_pos=0.104; risco=1.07,Manter rotina de vigilância laboratorial.,sklearn_gb_v1,sklearn_v1
CAXIAS,chikungunya,2025,30,0.0585,-2.7781,baixo,positividade=0.0; tendencia_pos=-0.271; risco=0.0,Manter rotina de vigilância laboratorial.,sklearn_gb_v1,sklearn_v1
SANTO ANTONIO DO LEVERGER,pesquisa_de_genes_de_resistencia,2025,24,0.0584,-2.781,baixo,positividade=1.0; tendencia_pos=0.0; risco=0.22,Manter rotina de vigilância laboratorial.,sklearn_gb_v1,sklearn_v1
SAO JOSE DO RIO CLARO,influenza,2025,20,0.0584,-2.781,baixo,positividade=1.0; tendencia_pos=0.0; risco=0.37,Manter rotina de vigilância laboratorial.,sklearn_gb_v1,sklearn_v1
POCONE,hepatite_b_hbv,2025,22,0.0584,-2.7796,baixo,positividade=1.0; tendencia_pos=-0.125; risco=0.35,Manter rotina de vigilância laboratorial.,sklearn_gb_v1,sklearn_v1
DENISE,tuberculose_lf_lam,2025,16,0.0584,-2.781,baixo,positividade=1.0; tendencia_pos=0.0; risco=0.44,Manter rotina de vigilância laboratorial.,sklearn_gb_v1,sklearn_v1
ITANHANGA,influenza_a,2025,10,0.0584,-2.781,baixo,positividade=1.0; tendencia_pos=0.0; risco=0.44,Manter rotina de vigilância laboratorial.,sklearn_gb_v1,sklearn_v1
CAMPOS DE JULIO,zika,2025,29,0.0578,-2.7917,baixo,positividade=0.0; tendencia_pos=-0.037; risco=0.0,Manter rotina de vigilância laboratorial.,sklearn_gb_v1,sklearn_v1
PARANAITA,hepatite_b_hbv,2025,31,0.0576,-2.7949,baixo,positividade=0.0; tendencia_pos=0.344; risco=0.0,Manter rotina de vigilância laboratorial.,sklearn_gb_v1,sklearn_v1
NOVA UBIRATA,hepatite_b_hbv,2025,24,0.0575,-2.7971,baixo,positividade=0.0; tendencia_pos=-0.183; risco=0.02,Manter rotina de vigilância laboratorial.,sklearn_gb_v1,sklearn_v1
SERRA NOVA DOURADA,hepatite_a,2024,27,0.0573,-2.7998,baixo,positividade=0.5; tendencia_pos=0.0; risco=0.08,Manter rotina de vigilância laboratorial.,sklearn_gb_v1,sklearn_v1
BOM JESUS DO ARAGUAIA,hepatite_a,2024,38,0.0573,-2.7998,baixo,positividade=0.5; tendencia_pos=0.0; risco=0.12,Manter rotina de vigilância laboratorial.,sklearn_gb_v1,sklearn_v1
ACORIZAL,pesquisa_de_genes_de_resistencia,2024,30,0.0573,-2.7998,baixo,positividade=0.5; tendencia_pos=0.0; risco=0.04,Manter rotina de vigilância laboratorial.,sklearn_gb_v1,sklearn_v1
NOVA GUARITA,hepatite_a,2024,27,0.0573,-2.7998,baixo,positividade=0.5; tendencia_pos=0.0; risco=0.0,Manter rotina de vigilância laboratorial.,sklearn_gb_v1,sklearn_v1
SANTO AFONSO,chikungunya,2025,17,0.0573,-2.7998,baixo,positividade=0.5; tendencia_pos=0.0; risco=0.12,Manter rotina de vigilância laboratorial.,sklearn_gb_v1,sklearn_v1
LUCIARA,hepatite_a,2024,51,0.0573,-2.7998,baixo,positividade=0.5; tendencia_pos=0.0; risco=0.12,Manter rotina de vigilância laboratorial.,sklearn_gb_v1,sklearn_v1
SERRA NOVA DOURADA,chikungunya,2025,7,0.0573,-2.7998,baixo,positividade=0.5; tendencia_pos=0.0; risco=0.08,Manter rotina de vigilância laboratorial.,sklearn_gb_v1,sklearn_v1
PONTAL DO ARAGUAIA,pesquisa_de_genes_de_resistencia,2024,30,0.0573,-2.7998,baixo,positividade=0.5; tendencia_pos=0.0; risco=0.0,Manter rotina de vigilância laboratorial.,sklearn_gb_v1,sklearn_v1
NOVA MONTE VERDE,zika,2025,35,0.0571,-2.8038,baixo,positividade=0.5; tendencia_pos=0.042; risco=0.89,Manter rotina de vigilância laboratorial.,sklearn_gb_v1,sklearn_v1
LUCAS DO RIO VERDE,virus_respiratorios,2025,35,0.057,-2.8066,baixo,positividade=1.0; tendencia_pos=0.125; risco=1.39,Manter rotina de vigilância laboratorial.,sklearn_gb_v1,sklearn_v1
CLAUDIA,chikungunya,2025,21,0.0569,-2.8079,baixo,positividade=0.0; tendencia_pos=0.0; risco=0.67,Manter rotina de vigilância laboratorial.,sklearn_gb_v1,sklearn_v1
SAO JOSE DOS QUATRO MARCOS,sars_cov_2,2025,5,0.0568,-2.8097,baixo,positividade=1.0; tendencia_pos=0.0; risco=0.47,Manter rotina de vigilância laboratorial.,sklearn_gb_v1,sklearn_v1
TANGARA DA SERRA,virus_respiratorios,2025,33,0.0566,-2.8138,baixo,positividade=1.0; tendencia_pos=0.0; risco=1.02,Manter rotina de vigilância laboratorial.,sklearn_gb_v1,sklearn_v1
NOVO REPARTIMENTO,chikungunya,2025,15,0.0566,-2.8142,baixo,positividade=0.5; tendencia_pos=0.0; risco=0.3,Manter rotina de vigilância laboratorial.,sklearn_gb_v1,sklearn_v1
ANAPOLIS,chikungunya,2025,28,0.0566,-2.8142,baixo,positividade=0.5; tendencia_pos=0.0; risco=0.3,Manter rotina de vigilância laboratorial.,sklearn_gb_v1,sklearn_v1
ALTA FLORESTA,meningite_bacteriana_biologia_molecular,2025,26,0.0564,-2.8167,baixo,positividade=0.67; tendencia_pos=0.0; risco=0.0,Manter rotina de vigilância laboratorial.,sklearn_gb_v1,sklearn_v1
CAMPO NOVO DO PARECIS,chagas,2025,28,0.0564,-2.8167,baixo,positividade=0.0; tendencia_pos=0.125; risco=0.0,Manter rotina de vigilância laboratorial.,sklearn_gb_v1,sklearn_v1
SANTA TEREZINHA,sars_cov_2,2025,15,0.0563,-2.8193,baixo,positividade=1.0; tendencia_pos=0.0; risco=0.61,Manter rotina de vigilância laboratorial.,sklearn_gb_v1,sklearn_v1
TANGARA DA SERRA,chikungunya,2025,34,0.0563,-2.8192,baixo,positividade=0.0; tendencia_pos=-0.045; risco=0.0,Manter rotina de vigilância laboratorial.,sklearn_gb_v1,sklearn_v1
SAO JOSE DOS QUATRO MARCOS,bacterias_teste_de_sensibilidade,2025,30,0.0563,-2.8193,baixo,positividade=1.0; tendencia_pos=0.0; risco=0.63,Manter rotina de vigilância laboratorial.,sklearn_gb_v1,sklearn_v1
ITAUBA,virus_respiratorios,2025,15,0.056,-2.8239,baixo,positividade=0.5; tendencia_pos=0.0; risco=0.17,Manter rotina de vigilância laboratorial.,sklearn_gb_v1,sklearn_v1
CUIABA,chagas_igg,2025,34,0.0559,-2.8259,baixo,positividade=0.0; tendencia_pos=0.188; risco=0.0,Manter rotina de vigilância laboratorial.,sklearn_gb_v1,sklearn_v1
CUIABA,chagas,2025,34,0.0559,-2.8259,baixo,positividade=0.0; tendencia_pos=0.375; risco=0.04,Manter rotina de vigilância laboratorial.,sklearn_gb_v1,sklearn_v1
FELIZ NATAL,hepatite_b_hbv,2025,51,0.0558,-2.8281,baixo,positividade=0.0; tendencia_pos=0.125; risco=0.0,Manter rotina de vigilância laboratorial.,sklearn_gb_v1,sklearn_v1
CACERES,rubeola_igg,2025,42,0.0558,-2.8281,baixo,positividade=0.0; tendencia_pos=0.125; risco=0.01,Manter rotina de vigilância laboratorial.,sklearn_gb_v1,sklearn_v1
JUINA,meningite_bacteriana_biologia_molecular,2024,52,0.0552,-2.8408,baixo,positividade=0.67; tendencia_pos=0.0; risco=0.46,Manter rotina de vigilância laboratorial.,sklearn_gb_v1,sklearn_v1
CHAPADA DOS GUIMARAES,zika,2025,31,0.0548,-2.8483,baixo,positividade=0.0; tendencia_pos=-0.021; risco=0.04,Manter rotina de vigilância laboratorial.,sklearn_gb_v1,sklearn_v1
SANTO ANTONIO DO LESTE,chikungunya,2024,26,0.0548,-2.8475,baixo,positividade=0.5; tendencia_pos=0.0; risco=0.45,Manter rotina de vigilância laboratorial.,sklearn_gb_v1,sklearn_v1
SANTA TEREZINHA,hepatite_a,2025,8,0.0548,-2.8475,baixo,positividade=0.5; tendencia_pos=0.0; risco=0.18,Manter rotina de vigilância laboratorial.,sklearn_gb_v1,sklearn_v1
NOVO SANTO ANTONIO,hepatite_a,2024,27,0.0548,-2.8475,baixo,positividade=0.5; tendencia_pos=0.0; risco=0.21,Manter rotina de vigilância laboratorial.,sklearn_gb_v1,sklearn_v1
RESERVA DO CABACAL,sars_cov_2,2024,23,0.0548,-2.8475,baixo,positividade=0.5; tendencia_pos=0.0; risco=0.22,Manter rotina de vigilância laboratorial.,sklearn_gb_v1,sklearn_v1
CAMPO NOVO DO PARECIS,toxoplasmose_igm,2025,33,0.0547,-2.8499,baixo,positividade=0.0; tendencia_pos=0.167; risco=0.0,Manter rotina de vigilância laboratorial.,sklearn_gb_v1,sklearn_v1
PORTO ESPERIDIAO,dengue,2025,19,0.0544,-2.8562,baixo,positividade=0.33; tendencia_pos=0.01; risco=0.51,Manter rotina de vigilância laboratorial.,sklearn_gb_v1,sklearn_v1
BARRA DO GARCAS,sars_cov_2,2025,19,0.0541,-2.8609,baixo,positividade=0.0; tendencia_pos=0.104; risco=0.0,Manter rotina de vigilância laboratorial.,sklearn_gb_v1,sklearn_v1
CASCAVEL,chikungunya,2025,30,0.0539,-2.8645,baixo,positividade=0.0; tendencia_pos=-0.125; risco=0.17,Manter rotina de vigilância laboratorial.,sklearn_gb_v1,sklearn_v1
CUIABA,hepatite_c_hcv,2025,34,0.0534,-2.8753,baixo,positividade=0.0; tendencia_pos=-0.074; risco=0.0,Manter rotina de vigilância laboratorial.,sklearn_gb_v1,sklearn_v1
PONTAL DO ARAGUAIA,chikungunya,2025,13,0.0534,-2.8753,baixo,positividade=0.0; tendencia_pos=0.0; risco=0.0,Manter rotina de vigilância laboratorial.,sklearn_gb_v1,sklearn_v1
GUIRATINGA,zika,2025,21,0.0533,-2.8762,baixo,positividade=0.5; tendencia_pos=0.0; risco=0.55,Manter rotina de vigilância laboratorial.,sklearn_gb_v1,sklearn_v1
SAO JOSE DO RIO CLARO,influenza_a,2025,20,0.053,-2.8822,baixo,positividade=1.0; tendencia_pos=0.05; risco=1.04,Manter rotina de vigilância laboratorial.,sklearn_gb_v1,sklearn_v1
JAURU,leptospira,2025,13,0.0529,-2.8845,baixo,positividade=0.33; tendencia_pos=0.0; risco=0.0,Manter rotina de vigilância laboratorial.,sklearn_gb_v1,sklearn_v1
VERA,dengue,2025,29,0.0525,-2.8939,baixo,positividade=0.07; tendencia_pos=0.009; risco=0.09,Manter rotina de vigilância laboratorial.,sklearn_gb_v1,sklearn_v1
PLANALTO DA SERRA,zika,2025,28,0.0525,-2.8932,baixo,positividade=0.5; tendencia_pos=0.0; risco=0.68,Manter rotina de vigilância laboratorial.,sklearn_gb_v1,sklearn_v1
CAMPO VERDE,varicela_zoster_biologia_molecular,2024,41,0.0523,-2.896,baixo,positividade=1.0; tendencia_pos=0.0; risco=0.0,Manter rotina de vigilância laboratorial.,sklearn_gb_v1,sklearn_v1
NOVA MUTUM,varicela_zoster_biologia_molecular,2024,26,0.0523,-2.896,baixo,positividade=1.0; tendencia_pos=0.0; risco=0.0,Manter rotina de vigilância laboratorial.,sklearn_gb_v1,sklearn_v1
SAO JOSE DO POVO,chikungunya,2025,3,0.0519,-2.906,baixo,positividade=1.0; tendencia_pos=0.0; risco=0.94,Manter rotina de vigilância laboratorial.,sklearn_gb_v1,sklearn_v1
VILA BELA DA SANTISSIMA TRINDADE,rifampicina,2025,22,0.0519,-2.906,baixo,positividade=1.0; tendencia_pos=0.0; risco=1.24,Manter rotina de vigilância laboratorial.,sklearn_gb_v1,sklearn_v1
PORTO ALEGRE DO NORTE,influenza_a,2025,21,0.0519,-2.906,baixo,positividade=1.0; tendencia_pos=0.0; risco=1.21,Manter rotina de vigilância laboratorial.,sklearn_gb_v1,sklearn_v1
PORTO ALEGRE DO NORTE,chikungunya,2025,23,0.0519,-2.906,baixo,positividade=1.0; tendencia_pos=0.0; risco=0.99,Manter rotina de vigilância laboratorial.,sklearn_gb_v1,sklearn_v1
SAPEZAL,varicela_zoster_biologia_molecular,2024,39,0.0518,-2.9079,baixo,positividade=1.0; tendencia_pos=0.0; risco=0.0,Manter rotina de vigilância laboratorial.,sklearn_gb_v1,sklearn_v1
NOVA XAVANTINA,pesquisa_de_multipatogenos_ist,2025,20,0.0518,-2.9079,baixo,positividade=1.0; tendencia_pos=0.0; risco=0.0,Manter rotina de vigilância laboratorial.,sklearn_gb_v1,sklearn_v1
JUINA,sarampo_igg,2025,46,0.0518,-2.9079,baixo,positividade=1.0; tendencia_pos=0.0; risco=0.0,Manter rotina de vigilância laboratorial.,sklearn_gb_v1,sklearn_v1
PARANAITA,chikungunya,2025,28,0.0515,-2.9139,baixo,positividade=0.0; tendencia_pos=-0.14; risco=0.0,Manter rotina de vigilância laboratorial.,sklearn_gb_v1,sklearn_v1
SANTO ANTONIO DO LEVERGER,chikungunya,2025,29,0.0515,-2.9139,baixo,positividade=0.0; tendencia_pos=-0.167; risco=0.08,Manter rotina de vigilância laboratorial.,sklearn_gb_v1,sklearn_v1
ARENAPOLIS,leptospira,2025,33,0.0514,-2.9163,baixo,positividade=0.0; tendencia_pos=0.0; risco=0.0,Manter rotina de vigilância laboratorial.,sklearn_gb_v1,sklearn_v1
CUIABA,tuberculose_lf_lam,2026,20,0.0514,-2.9163,baixo,positividade=0.0; tendencia_pos=-0.062; risco=0.0,Manter rotina de vigilância laboratorial.,sklearn_gb_v1,sklearn_v1
CAMPO VERDE,influenza,2024,25,0.0512,-2.9202,baixo,positividade=1.0; tendencia_pos=0.0; risco=0.27,Manter rotina de vigilância laboratorial.,sklearn_gb_v1,sklearn_v1
CUIABA,cultura_para_fungos,2025,46,0.0512,-2.9185,baixo,positividade=1.0; tendencia_pos=0.188; risco=0.13,Manter rotina de vigilância laboratorial.,sklearn_gb_v1,sklearn_v1
ARAPUTANGA,hepatite_b_hbv,2026,16,0.0506,-2.9312,baixo,positividade=1.0; tendencia_pos=0.25; risco=0.15,Manter rotina de vigilância laboratorial.,sklearn_gb_v1,sklearn_v1
PONTES E LACERDA,tuberculose_lf_lam,2025,42,0.0506,-2.9323,baixo,positividade=1.0; tendencia_pos=0.125; risco=0.67,Manter rotina de vigilância laboratorial.,sklearn_gb_v1,sklearn_v1
CHAPADA DOS GUIMARAES,hepatite_b_hbv,2025,22,0.0506,-2.9324,baixo,positividade=1.0; tendencia_pos=0.125; risco=0.23,Manter rotina de vigilância laboratorial.,sklearn_gb_v1,sklearn_v1
SINOP,chikungunya,2025,33,0.0505,-2.9336,baixo,positividade=0.0; tendencia_pos=-0.043; risco=0.0,Manter rotina de vigilância laboratorial.,sklearn_gb_v1,sklearn_v1
PORTO DOS GAUCHOS,dengue,2025,22,0.0501,-2.9426,baixo,positividade=1.0; tendencia_pos=0.1; risco=0.52,Manter rotina de vigilância laboratorial.,sklearn_gb_v1,sklearn_v1
PRIMAVERA DO LESTE,meningite_bacteriana_tsa,2024,27,0.0498,-2.9479,baixo,positividade=1.0; tendencia_pos=0.0; risco=0.0,Manter rotina de vigilância laboratorial.,sklearn_gb_v1,sklearn_v1
ARIPUANA,pesquisa_de_genes_de_resistencia,2024,26,0.0497,-2.9509,baixo,positividade=0.5; tendencia_pos=0.0; risco=0.05,Manter rotina de vigilância laboratorial.,sklearn_gb_v1,sklearn_v1
QUERENCIA,tuberculose_teste_de_sensibilidade,2025,11,0.0497,-2.9509,baixo,positividade=0.5; tendencia_pos=0.0; risco=0.1,Manter rotina de vigilância laboratorial.,sklearn_gb_v1,sklearn_v1
CHAPADA DOS GUIMARAES,pesquisa_de_genes_de_resistencia,2024,27,0.0497,-2.9509,baixo,positividade=0.5; tendencia_pos=0.0; risco=0.04,Manter rotina de vigilância laboratorial.,sklearn_gb_v1,sklearn_v1
BARRA DO BUGRES,pesquisa_de_genes_de_resistencia,2025,30,0.0497,-2.9509,baixo,positividade=0.5; tendencia_pos=0.0; risco=0.0,Manter rotina de vigilância laboratorial.,sklearn_gb_v1,sklearn_v1
SAPEZAL,pesquisa_de_genes_de_resistencia,2024,29,0.0497,-2.9509,baixo,positividade=0.5; tendencia_pos=0.0; risco=0.0,Manter rotina de vigilância laboratorial.,sklearn_gb_v1,sklearn_v1
PORTO ALEGRE DO NORTE,pesquisa_de_genes_de_resistencia,2024,24,0.0497,-2.9509,baixo,positividade=0.5; tendencia_pos=0.0; risco=0.09,Manter rotina de vigilância laboratorial.,sklearn_gb_v1,sklearn_v1
GUARANTA DO NORTE,pesquisa_de_genes_de_resistencia,2025,14,0.0497,-2.9509,baixo,positividade=0.5; tendencia_pos=0.0; risco=0.0,Manter rotina de vigilância laboratorial.,sklearn_gb_v1,sklearn_v1
PARANATINGA,hepatite_a,2025,11,0.0497,-2.9509,baixo,positividade=0.5; tendencia_pos=0.0; risco=0.03,Manter rotina de vigilância laboratorial.,sklearn_gb_v1,sklearn_v1
COTRIGUACU,pesquisa_de_genes_de_resistencia,2024,30,0.0497,-2.9509,baixo,positividade=0.5; tendencia_pos=0.0; risco=0.1,Manter rotina de vigilância laboratorial.,sklearn_gb_v1,sklearn_v1
CAMPO VERDE,rubeola_igg,2025,43,0.0495,-2.956,baixo,positividade=0.0; tendencia_pos=0.0; risco=0.0,Manter rotina de vigilância laboratorial.,sklearn_gb_v1,sklearn_v1
CUIABA,tuberculose,2025,35,0.0495,-2.9554,baixo,positividade=0.0; tendencia_pos=0.021; risco=0.4,Manter rotina de vigilância laboratorial.,sklearn_gb_v1,sklearn_v1
MANAUS,dengue,2025,34,0.0495,-2.9548,baixo,positividade=0.0; tendencia_pos=0.125; risco=0.0,Manter rotina de vigilância laboratorial.,sklearn_gb_v1,sklearn_v1
NOSSA SENHORA DO LIVRAMENTO,influenza_a,2025,35,0.0495,-2.9549,baixo,positividade=0.0; tendencia_pos=-0.188; risco=0.11,Manter rotina de vigilância laboratorial.,sklearn_gb_v1,sklearn_v1
VARZEA GRANDE,varicela_zoster_biologia_molecular,2025,33,0.0494,-2.9578,baixo,positividade=0.0; tendencia_pos=0.083; risco=0.34,Manter rotina de vigilância laboratorial.,sklearn_gb_v1,sklearn_v1
LUCAS DO RIO VERDE,zika,2026,13,0.0492,-2.9613,baixo,positividade=0.5; tendencia_pos=0.03; risco=0.43,Manter rotina de vigilância laboratorial.,sklearn_gb_v1,sklearn_v1
GAUCHA DO NORTE,hepatite_b_hbv,2025,32,0.049,-2.9648,baixo,positividade=0.0; tendencia_pos=0.125; risco=0.08,Manter rotina de vigilância laboratorial.,sklearn_gb_v1,sklearn_v1
ROSARIO OESTE,tuberculose_lf_lam,2026,17,0.0489,-2.9672,baixo,positividade=1.0; tendencia_pos=-0.05; risco=0.16,Manter rotina de vigilância laboratorial.,sklearn_gb_v1,sklearn_v1
ACORIZAL,hepatite_b_hbv,2025,3,0.0489,-2.9668,baixo,positividade=0.67; tendencia_pos=0.0; risco=1.65,Manter rotina de vigilância laboratorial.,sklearn_gb_v1,sklearn_v1
SALTO DO CEU,chikungunya,2026,13,0.0486,-2.9741,baixo,positividade=0.0; tendencia_pos=0.042; risco=0.03,Manter rotina de vigilância laboratorial.,sklearn_gb_v1,sklearn_v1
COLNIZA,hepatite_a,2025,6,0.0486,-2.9751,baixo,positividade=0.5; tendencia_pos=0.0; risco=0.16,Manter rotina de vigilância laboratorial.,sklearn_gb_v1,sklearn_v1
VILA BELA DA SANTISSIMA TRINDADE,zika,2026,14,0.0485,-2.9773,baixo,positividade=0.33; tendencia_pos=0.042; risco=1.89,Manter rotina de vigilância laboratorial.,sklearn_gb_v1,sklearn_v1
PRIMAVERA DO LESTE,sars_cov_2,2025,51,0.0482,-2.9836,baixo,positividade=0.0; tendencia_pos=0.188; risco=0.0,Manter rotina de vigilância laboratorial.,sklearn_gb_v1,sklearn_v1
JUINA,pesquisa_de_genes_de_resistencia,2024,30,0.0478,-2.9908,baixo,positividade=0.5; tendencia_pos=0.0; risco=0.0,Manter rotina de vigilância laboratorial.,sklearn_gb_v1,sklearn_v1
LUCAS DO RIO VERDE,meningite_bacteriana_biologia_molecular,2025,11,0.0477,-2.9939,baixo,positividade=0.67; tendencia_pos=0.0; risco=1.07,Manter rotina de vigilância laboratorial.,sklearn_gb_v1,sklearn_v1
NOVA MUTUM,fungos,2025,24,0.0475,-2.9994,baixo,positividade=0.0; tendencia_pos=0.125; risco=0.0,Manter rotina de vigilância laboratorial.,sklearn_gb_v1,sklearn_v1
CAMPINAPOLIS,pesquisa_de_genes_de_resistencia,2024,30,0.0475,-2.9986,baixo,positividade=0.5; tendencia_pos=0.0; risco=0.28,Manter rotina de vigilância laboratorial.,sklearn_gb_v1,sklearn_v1
BARRA DO BUGRES,hiv,2025,31,0.0475,-2.9986,baixo,positividade=0.5; tendencia_pos=0.0; risco=0.44,Manter rotina de vigilância laboratorial.,sklearn_gb_v1,sklearn_v1
COLIDER,hepatite_a,2024,32,0.0475,-2.9986,baixo,positividade=0.5; tendencia_pos=0.0; risco=0.27,Manter rotina de vigilância laboratorial.,sklearn_gb_v1,sklearn_v1
BARRA DO BUGRES,hepatite_b_hbv,2026,7,0.0472,-3.0054,baixo,positividade=0.0; tendencia_pos=-0.25; risco=0.0,Manter rotina de vigilância laboratorial.,sklearn_gb_v1,sklearn_v1
CURVELANDIA,dengue,2025,17,0.0471,-3.0069,baixo,positividade=0.0; tendencia_pos=-0.115; risco=0.0,Manter rotina de vigilância laboratorial.,sklearn_gb_v1,sklearn_v1
MARCELANDIA,virus_respiratorios,2025,20,0.0469,-3.011,baixo,positividade=0.0; tendencia_pos=0.0; risco=0.01,Manter rotina de vigilância laboratorial.,sklearn_gb_v1,sklearn_v1
CANARANA,hepatite_a,2025,33,0.0469,-3.011,baixo,positividade=0.0; tendencia_pos=-0.021; risco=0.0,Manter rotina de vigilância laboratorial.,sklearn_gb_v1,sklearn_v1
CHAPECO,chikungunya,2025,19,0.0469,-3.011,baixo,positividade=0.0; tendencia_pos=0.0; risco=0.11,Manter rotina de vigilância laboratorial.,sklearn_gb_v1,sklearn_v1
SORRISO,toxoplasmose_igm,2025,35,0.0469,-3.0122,baixo,positividade=1.0; tendencia_pos=0.125; risco=0.58,Manter rotina de vigilância laboratorial.,sklearn_gb_v1,sklearn_v1
FLORIANOPOLIS,chikungunya,2025,15,0.0468,-3.014,baixo,positividade=0.0; tendencia_pos=0.05; risco=0.0,Manter rotina de vigilância laboratorial.,sklearn_gb_v1,sklearn_v1
CUIABA,chikungunya,2026,14,0.0468,-3.014,baixo,positividade=0.0; tendencia_pos=0.031; risco=0.0,Manter rotina de vigilância laboratorial.,sklearn_gb_v1,sklearn_v1
CACOAL,dengue,2025,28,0.0467,-3.0168,baixo,positividade=0.0; tendencia_pos=0.1; risco=0.66,Manter rotina de vigilância laboratorial.,sklearn_gb_v1,sklearn_v1
POCONE,dengue,2025,28,0.0467,-3.0153,baixo,positividade=0.0; tendencia_pos=0.083; risco=0.07,Manter rotina de vigilância laboratorial.,sklearn_gb_v1,sklearn_v1
POXOREO,dengue,2025,22,0.0464,-3.0223,baixo,positividade=0.67; tendencia_pos=0.0; risco=0.52,Manter rotina de vigilância laboratorial.,sklearn_gb_v1,sklearn_v1
SORRISO,tuberculose_cultura,2025,29,0.0463,-3.0255,baixo,positividade=0.0; tendencia_pos=0.125; risco=0.0,Manter rotina de vigilância laboratorial.,sklearn_gb_v1,sklearn_v1
POXOREO,sars_cov_2,2025,32,0.0462,-3.027,baixo,positividade=1.0; tendencia_pos=0.0; risco=0.4,Manter rotina de vigilância laboratorial.,sklearn_gb_v1,sklearn_v1
CHAPADA DOS GUIMARAES,bacterias_teste_de_sensibilidade,2024,27,0.0462,-3.0273,baixo,positividade=0.5; tendencia_pos=0.0; risco=0.53,Manter rotina de vigilância laboratorial.,sklearn_gb_v1,sklearn_v1
SINOP,chagas,2024,41,0.0461,-3.0293,baixo,positividade=1.0; tendencia_pos=0.0; risco=0.44,Manter rotina de vigilância laboratorial.,sklearn_gb_v1,sklearn_v1
LUCAS DO RIO VERDE,influenza_a,2025,35,0.0461,-3.029,baixo,positividade=0.0; tendencia_pos=0.139; risco=0.0,Manter rotina de vigilância laboratorial.,sklearn_gb_v1,sklearn_v1
NOVA XAVANTINA,hepatite_c_hcv,2025,29,0.0461,-3.0308,baixo,positividade=0.5; tendencia_pos=0.188; risco=1.09,Manter rotina de vigilância laboratorial.,sklearn_gb_v1,sklearn_v1
CUIABA,tuberculose_cultura,2025,31,0.046,-3.0315,baixo,positividade=0.0; tendencia_pos=-0.032; risco=0.03,Manter rotina de vigilância laboratorial.,sklearn_gb_v1,sklearn_v1
CAMPINAPOLIS,bacterias_teste_de_sensibilidade,2024,30,0.0458,-3.0369,baixo,positividade=0.5; tendencia_pos=0.0; risco=0.63,Manter rotina de vigilância laboratorial.,sklearn_gb_v1,sklearn_v1
CAMPO NOVO DO PARECIS,hepatite_c_hcv,2026,9,0.0458,-3.0363,baixo,positividade=1.0; tendencia_pos=0.375; risco=0.39,Manter rotina de vigilância laboratorial.,sklearn_gb_v1,sklearn_v1
DIAMANTINO,hiv,2024,39,0.0458,-3.0357,baixo,positividade=0.33; tendencia_pos=0.0; risco=0.0,Manter rotina de vigilância laboratorial.,sklearn_gb_v1,sklearn_v1
CONFRESA,chikungunya,2025,23,0.0457,-3.0385,baixo,positividade=0.5; tendencia_pos=0.0; risco=0.32,Manter rotina de vigilância laboratorial.,sklearn_gb_v1,sklearn_v1
SAO PAULO,chikungunya,2025,34,0.0456,-3.041,baixo,positividade=0.0; tendencia_pos=0.062; risco=0.0,Manter rotina de vigilância laboratorial.,sklearn_gb_v1,sklearn_v1
RONDONOPOLIS,bacterias_teste_de_sensibilidade,2025,20,0.0456,-3.0407,baixo,positividade=1.0; tendencia_pos=0.0; risco=0.42,Manter rotina de vigilância laboratorial.,sklearn_gb_v1,sklearn_v1
JUINA,tuberculose,2025,30,0.0456,-3.0409,baixo,positividade=1.0; tendencia_pos=0.167; risco=0.57,Manter rotina de vigilância laboratorial.,sklearn_gb_v1,sklearn_v1
TANGARA DA SERRA,baciloscopia,2025,7,0.0456,-3.0413,baixo,positividade=1.0; tendencia_pos=0.0; risco=0.3,Manter rotina de vigilância laboratorial.,sklearn_gb_v1,sklearn_v1
TANGARA DA SERRA,varicela_zoster_biologia_molecular,2024,38,0.0456,-3.0413,baixo,positividade=1.0; tendencia_pos=0.0; risco=0.3,Manter rotina de vigilância laboratorial.,sklearn_gb_v1,sklearn_v1
VARZEA GRANDE,leishmaniose_visceral_humana_teste_rapido,2025,52,0.0454,-3.0465,baixo,positividade=0.0; tendencia_pos=0.071; risco=0.0,Manter rotina de vigilância laboratorial.,sklearn_gb_v1,sklearn_v1
CAMPO NOVO DO PARECIS,varicela_zoster_biologia_molecular,2025,35,0.0454,-3.0452,baixo,positividade=1.0; tendencia_pos=0.0; risco=0.89,Manter rotina de vigilância laboratorial.,sklearn_gb_v1,sklearn_v1
NOVA MUTUM,pesquisa_de_genes_de_resistencia,2025,12,0.0453,-3.0482,baixo,positividade=0.5; tendencia_pos=0.0; risco=0.0,Manter rotina de vigilância laboratorial.,sklearn_gb_v1,sklearn_v1
CAMPO VERDE,hepatite_a,2025,10,0.0453,-3.0482,baixo,positividade=0.5; tendencia_pos=0.0; risco=0.0,Manter rotina de vigilância laboratorial.,sklearn_gb_v1,sklearn_v1
CANABRAVA DO NORTE,hepatite_b_hbv,2025,19,0.0452,-3.051,baixo,positividade=0.0; tendencia_pos=0.062; risco=0.1,Manter rotina de vigilância laboratorial.,sklearn_gb_v1,sklearn_v1
POCONE,tuberculose_teste_de_sensibilidade,2025,21,0.0449,-3.0571,baixo,positividade=1.0; tendencia_pos=0.0; risco=0.74,Manter rotina de vigilância laboratorial.,sklearn_gb_v1,sklearn_v1
CACERES,pesquisa_de_genes_de_resistencia,2025,22,0.0448,-3.0601,baixo,positividade=0.5; tendencia_pos=0.0; risco=0.01,Manter rotina de vigilância laboratorial.,sklearn_gb_v1,sklearn_v1
CACERES,parvovirus_b19_igg,2025,30,0.0448,-3.0601,baixo,positividade=0.5; tendencia_pos=0.0; risco=0.01,Manter rotina de vigilância laboratorial.,sklearn_gb_v1,sklearn_v1
PONTES E LACERDA,pesquisa_de_genes_de_resistencia,2025,27,0.0448,-3.0601,baixo,positividade=0.5; tendencia_pos=0.0; risco=0.0,Manter rotina de vigilância laboratorial.,sklearn_gb_v1,sklearn_v1
BARRA DO GARCAS,htlv_i_ii_virus_linfotropico_humano_tipo_i_e_ii,2024,34,0.0448,-3.0601,baixo,positividade=0.5; tendencia_pos=0.0; risco=0.0,Manter rotina de vigilância laboratorial.,sklearn_gb_v1,sklearn_v1
MIRASSOL D''OESTE,zika,2025,34,0.0446,-3.0639,baixo,positividade=0.25; tendencia_pos=-0.094; risco=0.41,Manter rotina de vigilância laboratorial.,sklearn_gb_v1,sklearn_v1
GOIANESIA DO PARA,chikungunya,2025,11,0.0446,-3.065,baixo,positividade=1.0; tendencia_pos=0.0; risco=0.13,Manter rotina de vigilância laboratorial.,sklearn_gb_v1,sklearn_v1
CAMPO VERDE,fungos,2025,14,0.0445,-3.066,baixo,positividade=0.0; tendencia_pos=0.1; risco=0.0,Manter rotina de vigilância laboratorial.,sklearn_gb_v1,sklearn_v1
ACORIZAL,bacterias_teste_de_sensibilidade,2024,34,0.0442,-3.0728,baixo,positividade=1.0; tendencia_pos=0.0; risco=0.04,Manter rotina de vigilância laboratorial.,sklearn_gb_v1,sklearn_v1
NOVA NAZARE,chikungunya,2024,32,0.0442,-3.0728,baixo,positividade=1.0; tendencia_pos=0.0; risco=0.12,Manter rotina de vigilância laboratorial.,sklearn_gb_v1,sklearn_v1
ALTO PARAGUAI,hepatite_c_hcv,2025,31,0.0442,-3.0728,baixo,positividade=1.0; tendencia_pos=0.0; risco=0.05,Manter rotina de vigilância laboratorial.,sklearn_gb_v1,sklearn_v1
JAURU,cultura_para_fungos,2025,29,0.0442,-3.0728,baixo,positividade=1.0; tendencia_pos=0.0; risco=0.14,Manter rotina de vigilância laboratorial.,sklearn_gb_v1,sklearn_v1
PORTO ESTRELA,baciloscopia,2025,30,0.0442,-3.0728,baixo,positividade=1.0; tendencia_pos=0.0; risco=0.1,Manter rotina de vigilância laboratorial.,sklearn_gb_v1,sklearn_v1
PLANALTO DA SERRA,hepatite_c_hcv,2025,14,0.0442,-3.0728,baixo,positividade=1.0; tendencia_pos=0.0; risco=0.05,Manter rotina de vigilância laboratorial.,sklearn_gb_v1,sklearn_v1
JANGADA,rubeola_igg,2025,14,0.0442,-3.0728,baixo,positividade=1.0; tendencia_pos=0.0; risco=0.06,Manter rotina de vigilância laboratorial.,sklearn_gb_v1,sklearn_v1
APIACAS,leptospira,2025,21,0.0442,-3.0728,baixo,positividade=1.0; tendencia_pos=0.0; risco=0.01,Manter rotina de vigilância laboratorial.,sklearn_gb_v1,sklearn_v1
NORTELANDIA,hepatite_c_hcv,2025,23,0.0442,-3.0728,baixo,positividade=1.0; tendencia_pos=0.0; risco=0.0,Manter rotina de vigilância laboratorial.,sklearn_gb_v1,sklearn_v1
VALE DE SAO DOMINGOS,chikungunya,2025,12,0.0442,-3.0728,baixo,positividade=1.0; tendencia_pos=0.0; risco=0.05,Manter rotina de vigilância laboratorial.,sklearn_gb_v1,sklearn_v1
NOVA MONTE VERDE,sarampo_igm,2025,35,0.0442,-3.0728,baixo,positividade=1.0; tendencia_pos=0.0; risco=0.01,Manter rotina de vigilância laboratorial.,sklearn_gb_v1,sklearn_v1
PONTAL DO ARAGUAIA,bacterias_teste_de_sensibilidade,2024,30,0.0442,-3.0728,baixo,positividade=1.0; tendencia_pos=0.0; risco=0.0,Manter rotina de vigilância laboratorial.,sklearn_gb_v1,sklearn_v1
JAURU,fungos,2025,29,0.0442,-3.0728,baixo,positividade=1.0; tendencia_pos=0.0; risco=0.14,Manter rotina de vigilância laboratorial.,sklearn_gb_v1,sklearn_v1
GAUCHA DO NORTE,brucelose_igm,2024,25,0.0442,-3.0728,baixo,positividade=1.0; tendencia_pos=0.0; risco=0.08,Manter rotina de vigilância laboratorial.,sklearn_gb_v1,sklearn_v1
NOVA MONTE VERDE,chagas_igg,2025,28,0.0442,-3.0728,baixo,positividade=1.0; tendencia_pos=0.0; risco=0.01,Manter rotina de vigilância laboratorial.,sklearn_gb_v1,sklearn_v1
NOVA MARILANDIA,bacterias_teste_de_sensibilidade,2024,35,0.0442,-3.0728,baixo,positividade=1.0; tendencia_pos=0.0; risco=0.0,Manter rotina de vigilância laboratorial.,sklearn_gb_v1,sklearn_v1
NOVA GUARITA,influenza,2025,19,0.0442,-3.0728,baixo,positividade=1.0; tendencia_pos=0.0; risco=0.0,Manter rotina de vigilância laboratorial.,sklearn_gb_v1,sklearn_v1
CAMPOS DE JULIO,hepatite_b_hbv,2025,26,0.0442,-3.0728,baixo,positividade=1.0; tendencia_pos=0.0; risco=0.13,Manter rotina de vigilância laboratorial.,sklearn_gb_v1,sklearn_v1
NOVO SAO JOAQUIM,hepatite_b_hbv,2024,25,0.0442,-3.0728,baixo,positividade=1.0; tendencia_pos=0.0; risco=0.04,Manter rotina de vigilância laboratorial.,sklearn_gb_v1,sklearn_v1
SANTA RITA DO TRIVELATO,hepatite_b_hbv,2025,33,0.0442,-3.0728,baixo,positividade=1.0; tendencia_pos=0.0; risco=0.0,Manter rotina de vigilância laboratorial.,sklearn_gb_v1,sklearn_v1
SANTA RITA DO TRIVELATO,influenza_a,2025,21,0.0442,-3.0728,baixo,positividade=1.0; tendencia_pos=0.0; risco=0.0,Manter rotina de vigilância laboratorial.,sklearn_gb_v1,sklearn_v1
SAO JOSE DO XINGU,cultura_para_fungos,2025,25,0.0442,-3.0728,baixo,positividade=1.0; tendencia_pos=0.0; risco=0.1,Manter rotina de vigilância laboratorial.,sklearn_gb_v1,sklearn_v1
SAO JOSE DO POVO,rubeola_igg,2025,41,0.0442,-3.0728,baixo,positividade=1.0; tendencia_pos=0.0; risco=0.02,Manter rotina de vigilância laboratorial.,sklearn_gb_v1,sklearn_v1
VARZEA GRANDE,variola,2026,5,0.0441,-3.0766,baixo,positividade=0.0; tendencia_pos=-0.25; risco=0.0,Manter rotina de vigilância laboratorial.,sklearn_gb_v1,sklearn_v1
CONFRESA,zika,2025,23,0.0441,-3.0768,baixo,positividade=0.5; tendencia_pos=0.0; risco=0.64,Manter rotina de vigilância laboratorial.,sklearn_gb_v1,sklearn_v1
JUARA,hiv,2025,29,0.0441,-3.0756,baixo,positividade=0.33; tendencia_pos=0.0; risco=0.0,Manter rotina de vigilância laboratorial.,sklearn_gb_v1,sklearn_v1
PONTAL DO ARAGUAIA,zika,2025,13,0.044,-3.0779,baixo,positividade=0.0; tendencia_pos=0.0; risco=0.0,Manter rotina de vigilância laboratorial.,sklearn_gb_v1,sklearn_v1
PONTAL DO ARAGUAIA,dengue,2025,13,0.044,-3.0779,baixo,positividade=0.0; tendencia_pos=0.0; risco=0.0,Manter rotina de vigilância laboratorial.,sklearn_gb_v1,sklearn_v1
SINOP,sarampo_igm,2025,26,0.0438,-3.0825,baixo,positividade=0.0; tendencia_pos=0.0; risco=0.0,Manter rotina de vigilância laboratorial.,sklearn_gb_v1,sklearn_v1
LUCAS DO RIO VERDE,tuberculose_cultura,2025,26,0.0438,-3.0825,baixo,positividade=0.0; tendencia_pos=0.0; risco=0.0,Manter rotina de vigilância laboratorial.,sklearn_gb_v1,sklearn_v1
CAMPO NOVO DO PARECIS,criptococos_teste_rapido,2026,17,0.0438,-3.0825,baixo,positividade=0.0; tendencia_pos=0.0; risco=0.0,Manter rotina de vigilância laboratorial.,sklearn_gb_v1,sklearn_v1
ARENAPOLIS,hepatite_c_hcv,2025,30,0.0438,-3.0825,baixo,positividade=1.0; tendencia_pos=-0.083; risco=0.38,Manter rotina de vigilância laboratorial.,sklearn_gb_v1,sklearn_v1
CAMPINAPOLIS,sarampo_igm,2024,27,0.0438,-3.0833,baixo,positividade=0.33; tendencia_pos=0.0; risco=0.45,Manter rotina de vigilância laboratorial.,sklearn_gb_v1,sklearn_v1
MIGUEL ALVES,dengue,2025,23,0.0434,-3.0941,baixo,positividade=0.0; tendencia_pos=0.0; risco=0.34,Manter rotina de vigilância laboratorial.,sklearn_gb_v1,sklearn_v1
COCALINHO,influenza,2024,35,0.0432,-3.097,baixo,positividade=1.0; tendencia_pos=0.0; risco=0.42,Manter rotina de vigilância laboratorial.,sklearn_gb_v1,sklearn_v1
CARLINDA,hepatite_b_hbv,2025,32,0.0432,-3.097,baixo,positividade=1.0; tendencia_pos=0.0; risco=0.24,Manter rotina de vigilância laboratorial.,sklearn_gb_v1,sklearn_v1
GUIRATINGA,hepatite_b_hbv,2025,8,0.0432,-3.097,baixo,positividade=1.0; tendencia_pos=0.0; risco=0.37,Manter rotina de vigilância laboratorial.,sklearn_gb_v1,sklearn_v1
NOVO SANTO ANTONIO,toxoplasmose_igg,2025,33,0.0432,-3.097,baixo,positividade=1.0; tendencia_pos=0.0; risco=0.21,Manter rotina de vigilância laboratorial.,sklearn_gb_v1,sklearn_v1
JANGADA,chagas_igg,2025,24,0.0432,-3.097,baixo,positividade=1.0; tendencia_pos=0.0; risco=0.19,Manter rotina de vigilância laboratorial.,sklearn_gb_v1,sklearn_v1
JANGADA,chagas,2025,24,0.0432,-3.097,baixo,positividade=1.0; tendencia_pos=0.0; risco=0.33,Manter rotina de vigilância laboratorial.,sklearn_gb_v1,sklearn_v1
SANTA CRUZ DO XINGU,dengue,2025,20,0.0432,-3.097,baixo,positividade=1.0; tendencia_pos=0.0; risco=0.41,Manter rotina de vigilância laboratorial.,sklearn_gb_v1,sklearn_v1
SANTA TEREZINHA,toxoplasmose_igg,2024,25,0.0432,-3.097,baixo,positividade=1.0; tendencia_pos=0.0; risco=0.18,Manter rotina de vigilância laboratorial.,sklearn_gb_v1,sklearn_v1
JANGADA,citomegalovirus_igg,2025,14,0.0432,-3.097,baixo,positividade=1.0; tendencia_pos=0.0; risco=0.19,Manter rotina de vigilância laboratorial.,sklearn_gb_v1,sklearn_v1
PORTO ESPERIDIAO,hepatite_b_hbv,2025,52,0.0432,-3.097,baixo,positividade=1.0; tendencia_pos=0.0; risco=0.34,Manter rotina de vigilância laboratorial.,sklearn_gb_v1,sklearn_v1
PORTO ESPERIDIAO,tuberculose_lf_lam,2024,40,0.0432,-3.097,baixo,positividade=1.0; tendencia_pos=0.0; risco=0.43,Manter rotina de vigilância laboratorial.,sklearn_gb_v1,sklearn_v1
RESERVA DO CABACAL,hepatite_b_hbv,2025,25,0.0432,-3.097,baixo,positividade=1.0; tendencia_pos=0.0; risco=0.29,Manter rotina de vigilância laboratorial.,sklearn_gb_v1,sklearn_v1
COTRIGUACU,fungos,2025,25,0.0432,-3.097,baixo,positividade=1.0; tendencia_pos=0.0; risco=0.24,Manter rotina de vigilância laboratorial.,sklearn_gb_v1,sklearn_v1
JAURU,hepatite_b_hbv,2025,10,0.0432,-3.097,baixo,positividade=1.0; tendencia_pos=0.0; risco=0.34,Manter rotina de vigilância laboratorial.,sklearn_gb_v1,sklearn_v1
RIO BRANCO,hepatite_b_hbv,2025,48,0.0432,-3.097,baixo,positividade=1.0; tendencia_pos=0.0; risco=0.29,Manter rotina de vigilância laboratorial.,sklearn_gb_v1,sklearn_v1
ALTO BOA VISTA,brucelose,2025,5,0.0432,-3.097,baixo,positividade=1.0; tendencia_pos=0.0; risco=0.2,Manter rotina de vigilância laboratorial.,sklearn_gb_v1,sklearn_v1
RIO BRANCO,tuberculose_cultura,2024,30,0.0432,-3.097,baixo,positividade=1.0; tendencia_pos=0.0; risco=0.28,Manter rotina de vigilância laboratorial.,sklearn_gb_v1,sklearn_v1
NOVO SANTO ANTONIO,rubeola_igg,2025,33,0.0432,-3.097,baixo,positividade=1.0; tendencia_pos=0.0; risco=0.21,Manter rotina de vigilância laboratorial.,sklearn_gb_v1,sklearn_v1
SAO JOSE DO POVO,dengue,2024,21,0.0432,-3.097,baixo,positividade=1.0; tendencia_pos=0.0; risco=0.29,Manter rotina de vigilância laboratorial.,sklearn_gb_v1,sklearn_v1
TABAPORA,hepatite_c_hcv,2025,14,0.0432,-3.097,baixo,positividade=1.0; tendencia_pos=0.0; risco=0.27,Manter rotina de vigilância laboratorial.,sklearn_gb_v1,sklearn_v1
NOVA MARINGA,dengue,2025,25,0.0432,-3.097,baixo,positividade=1.0; tendencia_pos=0.0; risco=0.16,Manter rotina de vigilância laboratorial.,sklearn_gb_v1,sklearn_v1
ACORIZAL,tuberculose_lf_lam,2025,42,0.0432,-3.097,baixo,positividade=1.0; tendencia_pos=0.0; risco=0.31,Manter rotina de vigilância laboratorial.,sklearn_gb_v1,sklearn_v1
SAO JOSE DO XINGU,hepatite_b_hbv,2024,35,0.0432,-3.097,baixo,positividade=1.0; tendencia_pos=0.0; risco=0.23,Manter rotina de vigilância laboratorial.,sklearn_gb_v1,sklearn_v1
JURUENA,parvovirus_b19_igg,2025,29,0.0432,-3.097,baixo,positividade=1.0; tendencia_pos=0.0; risco=0.33,Manter rotina de vigilância laboratorial.,sklearn_gb_v1,sklearn_v1
SAO JOSE DO POVO,hepatite_b_hbv,2025,11,0.0432,-3.097,baixo,positividade=1.0; tendencia_pos=0.0; risco=0.34,Manter rotina de vigilância laboratorial.,sklearn_gb_v1,sklearn_v1
COMODORO,hepatite_b_hbv,2026,9,0.0431,-3.0995,baixo,positividade=1.0; tendencia_pos=0.0; risco=0.29,Manter rotina de vigilância laboratorial.,sklearn_gb_v1,sklearn_v1
TANGARA DA SERRA,meningite_bacteriana_biologia_molecular,2025,33,0.0429,-3.1049,baixo,positividade=0.0; tendencia_pos=0.0; risco=0.0,Manter rotina de vigilância laboratorial.,sklearn_gb_v1,sklearn_v1
ALTA FLORESTA,hepatite_a,2024,32,0.0428,-3.1078,baixo,positividade=0.5; tendencia_pos=0.0; risco=0.32,Manter rotina de vigilância laboratorial.,sklearn_gb_v1,sklearn_v1
SAPEZAL,hepatite_b_hbv,2026,11,0.0427,-3.1105,baixo,positividade=0.0; tendencia_pos=0.0; risco=0.0,Manter rotina de vigilância laboratorial.,sklearn_gb_v1,sklearn_v1
CAMPINAS,chikungunya,2025,15,0.0427,-3.1105,baixo,positividade=0.0; tendencia_pos=0.0; risco=0.0,Manter rotina de vigilância laboratorial.,sklearn_gb_v1,sklearn_v1
TAPURAH,tuberculose_lf_lam,2025,46,0.0427,-3.1105,baixo,positividade=0.0; tendencia_pos=0.0; risco=0.0,Manter rotina de vigilância laboratorial.,sklearn_gb_v1,sklearn_v1
CACERES,cultura_para_fungos,2025,28,0.0427,-3.1105,baixo,positividade=0.0; tendencia_pos=0.0; risco=0.01,Manter rotina de vigilância laboratorial.,sklearn_gb_v1,sklearn_v1
NOVA OLIMPIA,hepatite_b_hbv,2026,19,0.0427,-3.1105,baixo,positividade=0.0; tendencia_pos=0.0; risco=0.0,Manter rotina de vigilância laboratorial.,sklearn_gb_v1,sklearn_v1
CUIABA,toxoplasmose_igg,2025,34,0.0427,-3.1105,baixo,positividade=0.0; tendencia_pos=0.0; risco=0.0,Manter rotina de vigilância laboratorial.,sklearn_gb_v1,sklearn_v1
RIO BRANCO,hepatite_c_hcv,2026,10,0.0427,-3.1105,baixo,positividade=0.0; tendencia_pos=0.0; risco=0.01,Manter rotina de vigilância laboratorial.,sklearn_gb_v1,sklearn_v1
SINOP,pesquisa_de_genes_de_resistencia,2024,25,0.0426,-3.1126,baixo,positividade=0.5; tendencia_pos=0.0; risco=0.09,Manter rotina de vigilância laboratorial.,sklearn_gb_v1,sklearn_v1
SINOP,hepatite_a,2025,16,0.0426,-3.1126,baixo,positividade=0.5; tendencia_pos=0.0; risco=0.0,Manter rotina de vigilância laboratorial.,sklearn_gb_v1,sklearn_v1
VARZEA GRANDE,hepatite_c_hcv,2025,34,0.0425,-3.1149,baixo,positividade=0.0; tendencia_pos=-0.062; risco=0.0,Manter rotina de vigilância laboratorial.,sklearn_gb_v1,sklearn_v1
NOVA MUTUM,influenza_a,2026,19,0.0425,-3.1155,baixo,positividade=0.0; tendencia_pos=-0.191; risco=0.0,Manter rotina de vigilância laboratorial.,sklearn_gb_v1,sklearn_v1
CAMPO NOVO DO PARECIS,chagas_igg,2025,28,0.0422,-3.1211,baixo,positividade=0.0; tendencia_pos=-0.125; risco=0.0,Manter rotina de vigilância laboratorial.,sklearn_gb_v1,sklearn_v1
DENISE,chagas_igg,2025,17,0.0421,-3.1257,baixo,positividade=1.0; tendencia_pos=0.0; risco=0.56,Manter rotina de vigilância laboratorial.,sklearn_gb_v1,sklearn_v1
JAURU,sars_cov_2,2024,52,0.0421,-3.1257,baixo,positividade=1.0; tendencia_pos=0.0; risco=0.53,Manter rotina de vigilância laboratorial.,sklearn_gb_v1,sklearn_v1
COLNIZA,sars_cov_2,2025,23,0.0421,-3.1244,baixo,positividade=0.0; tendencia_pos=-0.036; risco=0.16,Manter rotina de vigilância laboratorial.,sklearn_gb_v1,sklearn_v1
SORRISO,pesquisa_de_genes_de_resistencia,2024,22,0.0421,-3.1245,baixo,positividade=0.5; tendencia_pos=0.0; risco=0.03,Manter rotina de vigilância laboratorial.,sklearn_gb_v1,sklearn_v1
NORTELANDIA,tuberculose_cultura,2025,16,0.0421,-3.1257,baixo,positividade=1.0; tendencia_pos=0.0; risco=0.54,Manter rotina de vigilância laboratorial.,sklearn_gb_v1,sklearn_v1
SORRISO,hepatite_a,2025,32,0.0421,-3.1245,baixo,positividade=0.5; tendencia_pos=0.0; risco=0.0,Manter rotina de vigilância laboratorial.,sklearn_gb_v1,sklearn_v1
TANGARA DA SERRA,pesquisa_de_genes_de_resistencia,2025,21,0.0421,-3.1245,baixo,positividade=0.5; tendencia_pos=0.0; risco=0.0,Manter rotina de vigilância laboratorial.,sklearn_gb_v1,sklearn_v1
PLANALTO DA SERRA,hepatite_b_hbv,2025,2,0.0417,-3.1353,baixo,positividade=1.0; tendencia_pos=0.0; risco=0.56,Manter rotina de vigilância laboratorial.,sklearn_gb_v1,sklearn_v1
NOVA MARILANDIA,leptospira,2025,30,0.0417,-3.1353,baixo,positividade=1.0; tendencia_pos=0.0; risco=0.57,Manter rotina de vigilância laboratorial.,sklearn_gb_v1,sklearn_v1
SAO PEDRO DA CIPA,hepatite_b_hbv,2025,13,0.0417,-3.1356,baixo,positividade=0.0; tendencia_pos=-0.1; risco=0.03,Manter rotina de vigilância laboratorial.,sklearn_gb_v1,sklearn_v1
CACERES,hepatite_c_hcv,2026,20,0.0416,-3.138,baixo,positividade=1.0; tendencia_pos=-0.188; risco=0.34,Manter rotina de vigilância laboratorial.,sklearn_gb_v1,sklearn_v1
BOM JESUS DO ARAGUAIA,sars_cov_2,2024,38,0.0414,-3.1427,baixo,positividade=1.0; tendencia_pos=0.0; risco=0.66,Manter rotina de vigilância laboratorial.,sklearn_gb_v1,sklearn_v1
NOVO HORIZONTE DO NORTE,influenza_a,2025,34,0.0413,-3.1435,baixo,positividade=0.0; tendencia_pos=-0.146; risco=0.0,Manter rotina de vigilância laboratorial.,sklearn_gb_v1,sklearn_v1
NOVA CANAA DO NORTE,chikungunya,2025,29,0.0413,-3.1435,baixo,positividade=0.0; tendencia_pos=-0.167; risco=0.0,Manter rotina de vigilância laboratorial.,sklearn_gb_v1,sklearn_v1
ALTA FLORESTA,hiv,2024,51,0.0413,-3.1448,baixo,positividade=0.33; tendencia_pos=0.0; risco=0.0,Manter rotina de vigilância laboratorial.,sklearn_gb_v1,sklearn_v1
PONTES E LACERDA,sarampo_igg,2025,35,0.0411,-3.1491,baixo,positividade=0.0; tendencia_pos=-0.125; risco=0.0,Manter rotina de vigilância laboratorial.,sklearn_gb_v1,sklearn_v1
VARZEA GRANDE,tuberculose_lf_lam,2026,14,0.0411,-3.1491,baixo,positividade=0.0; tendencia_pos=-0.188; risco=0.0,Manter rotina de vigilância laboratorial.,sklearn_gb_v1,sklearn_v1
DIAMANTINO,tuberculose_cultura,2025,32,0.0411,-3.1491,baixo,positividade=0.0; tendencia_pos=-0.179; risco=0.0,Manter rotina de vigilância laboratorial.,sklearn_gb_v1,sklearn_v1
TANGARA DA SERRA,hepatite_b_hbv,2026,20,0.0411,-3.1491,baixo,positividade=0.0; tendencia_pos=-0.312; risco=0.0,Manter rotina de vigilância laboratorial.,sklearn_gb_v1,sklearn_v1
PEIXOTO DE AZEVEDO,fungos,2025,31,0.0411,-3.1491,baixo,positividade=0.0; tendencia_pos=-0.188; risco=0.02,Manter rotina de vigilância laboratorial.,sklearn_gb_v1,sklearn_v1
NOVO HORIZONTE DO NORTE,hepatite_b_hbv,2025,31,0.0411,-3.1491,baixo,positividade=0.0; tendencia_pos=-0.25; risco=0.0,Manter rotina de vigilância laboratorial.,sklearn_gb_v1,sklearn_v1
TUCURUI,chikungunya,2025,28,0.041,-3.1535,baixo,positividade=0.0; tendencia_pos=-0.15; risco=0.0,Manter rotina de vigilância laboratorial.,sklearn_gb_v1,sklearn_v1
NOVA MUTUM,hepatite_c_hcv,2025,26,0.0409,-3.1537,baixo,positividade=0.0; tendencia_pos=0.083; risco=0.0,Manter rotina de vigilância laboratorial.,sklearn_gb_v1,sklearn_v1
BARRA DO BUGRES,tuberculose_cultura,2025,13,0.0407,-3.1603,baixo,positividade=0.0; tendencia_pos=-0.357; risco=0.59,Manter rotina de vigilância laboratorial.,sklearn_gb_v1,sklearn_v1
MATUPA,chikungunya,2025,31,0.0406,-3.1624,baixo,positividade=0.0; tendencia_pos=-0.044; risco=0.0,Manter rotina de vigilância laboratorial.,sklearn_gb_v1,sklearn_v1
TANGARA DA SERRA,sarampo_igg,2025,24,0.0405,-3.1663,baixo,positividade=1.0; tendencia_pos=0.0; risco=0.69,Manter rotina de vigilância laboratorial.,sklearn_gb_v1,sklearn_v1
CONQUISTA D''OESTE,zika,2025,23,0.0404,-3.1689,baixo,positividade=0.5; tendencia_pos=-0.031; risco=0.35,Manter rotina de vigilância laboratorial.,sklearn_gb_v1,sklearn_v1
NOVA BRASILANDIA,zika,2025,19,0.0402,-3.1724,baixo,positividade=0.0; tendencia_pos=0.033; risco=1.3,Manter rotina de vigilância laboratorial.,sklearn_gb_v1,sklearn_v1
CHAPADA DOS GUIMARAES,dengue,2025,30,0.0402,-3.1718,baixo,positividade=0.0; tendencia_pos=0.219; risco=0.04,Manter rotina de vigilância laboratorial.,sklearn_gb_v1,sklearn_v1
PRIMAVERA DO LESTE,sarampo_igg,2025,44,0.0402,-3.1718,baixo,positividade=0.0; tendencia_pos=0.161; risco=0.0,Manter rotina de vigilância laboratorial.,sklearn_gb_v1,sklearn_v1
CUIABA,tuberculose_teste_de_sensibilidade,2025,28,0.0401,-3.1745,baixo,positividade=0.0; tendencia_pos=0.0; risco=0.5,Manter rotina de vigilância laboratorial.,sklearn_gb_v1,sklearn_v1
NOVA GUARITA,hepatite_b_hbv,2025,28,0.0401,-3.1742,baixo,positividade=0.0; tendencia_pos=-0.292; risco=0.0,Manter rotina de vigilância laboratorial.,sklearn_gb_v1,sklearn_v1
CACERES,tuberculose_lf_lam,2026,16,0.04,-3.1786,baixo,positividade=0.0; tendencia_pos=0.0; risco=0.01,Manter rotina de vigilância laboratorial.,sklearn_gb_v1,sklearn_v1
JACIARA,sars_cov_2,2025,22,0.0399,-3.1815,baixo,positividade=0.0; tendencia_pos=0.05; risco=0.0,Manter rotina de vigilância laboratorial.,sklearn_gb_v1,sklearn_v1
TANGARA DA SERRA,tuberculose_lf_lam,2026,20,0.0399,-3.1799,baixo,positividade=1.0; tendencia_pos=0.188; risco=0.26,Manter rotina de vigilância laboratorial.,sklearn_gb_v1,sklearn_v1
VARZEA GRANDE,sars_cov_2,2026,19,0.0397,-3.1854,baixo,positividade=0.0; tendencia_pos=-0.161; risco=0.0,Manter rotina de vigilância laboratorial.,sklearn_gb_v1,sklearn_v1
CHAPADA DOS GUIMARAES,leptospira,2025,18,0.0395,-3.1909,baixo,positividade=0.5; tendencia_pos=0.0; risco=1.46,Manter rotina de vigilância laboratorial.,sklearn_gb_v1,sklearn_v1
SAPEZAL,tuberculose_lf_lam,2026,20,0.0395,-3.191,baixo,positividade=0.0; tendencia_pos=0.167; risco=0.0,Manter rotina de vigilância laboratorial.,sklearn_gb_v1,sklearn_v1
CAMPO VERDE,influenza_b,2025,30,0.0394,-3.1937,baixo,positividade=1.0; tendencia_pos=0.125; risco=1.26,Manter rotina de vigilância laboratorial.,sklearn_gb_v1,sklearn_v1
RIO DE JANEIRO,dengue,2025,11,0.0393,-3.1961,baixo,positividade=0.0; tendencia_pos=0.125; risco=0.0,Manter rotina de vigilância laboratorial.,sklearn_gb_v1,sklearn_v1
PORTO ESPERIDIAO,zika,2026,14,0.0393,-3.197,baixo,positividade=0.25; tendencia_pos=0.094; risco=0.57,Manter rotina de vigilância laboratorial.,sklearn_gb_v1,sklearn_v1
BOM JARDIM,dengue,2025,28,0.0392,-3.1986,baixo,positividade=1.0; tendencia_pos=0.1; risco=0.28,Manter rotina de vigilância laboratorial.,sklearn_gb_v1,sklearn_v1
COMODORO,dengue,2025,30,0.0392,-3.1992,baixo,positividade=0.0; tendencia_pos=0.091; risco=0.17,Manter rotina de vigilância laboratorial.,sklearn_gb_v1,sklearn_v1
MIRASSOL D''OESTE,chagas_igg,2025,24,0.0392,-3.1986,baixo,positividade=1.0; tendencia_pos=0.1; risco=0.4,Manter rotina de vigilância laboratorial.,sklearn_gb_v1,sklearn_v1
MIRASSOL D''OESTE,chagas,2025,24,0.0392,-3.1986,baixo,positividade=1.0; tendencia_pos=0.1; risco=0.45,Manter rotina de vigilância laboratorial.,sklearn_gb_v1,sklearn_v1
SANTO ANTONIO DO LEVERGER,meningite_bacteriana_biologia_molecular,2025,34,0.0389,-3.2084,baixo,positividade=0.33; tendencia_pos=0.0; risco=0.77,Manter rotina de vigilância laboratorial.,sklearn_gb_v1,sklearn_v1
CUIABA,sifilis,2025,34,0.0384,-3.2208,baixo,positividade=1.0; tendencia_pos=0.0; risco=0.35,Manter rotina de vigilância laboratorial.,sklearn_gb_v1,sklearn_v1
SINOP,influenza_a,2025,51,0.0384,-3.22,baixo,positividade=0.0; tendencia_pos=0.125; risco=0.14,Manter rotina de vigilância laboratorial.,sklearn_gb_v1,sklearn_v1
VILA RICA,citomegalovirus_igg,2024,32,0.0383,-3.2239,baixo,positividade=1.0; tendencia_pos=0.0; risco=0.05,Manter rotina de vigilância laboratorial.,sklearn_gb_v1,sklearn_v1
MATUPA,rubeola_igg,2025,10,0.0383,-3.2239,baixo,positividade=1.0; tendencia_pos=0.0; risco=0.0,Manter rotina de vigilância laboratorial.,sklearn_gb_v1,sklearn_v1
VILA BELA DA SANTISSIMA TRINDADE,tuberculose,2025,23,0.0383,-3.2239,baixo,positividade=1.0; tendencia_pos=0.0; risco=0.11,Manter rotina de vigilância laboratorial.,sklearn_gb_v1,sklearn_v1
ARENAPOLIS,rubeola_igg,2024,30,0.0383,-3.2239,baixo,positividade=1.0; tendencia_pos=0.0; risco=0.0,Manter rotina de vigilância laboratorial.,sklearn_gb_v1,sklearn_v1
ALTO TAQUARI,hepatite_b_hbv,2025,29,0.0383,-3.2239,baixo,positividade=1.0; tendencia_pos=0.0; risco=0.0,Manter rotina de vigilância laboratorial.,sklearn_gb_v1,sklearn_v1
BRASNORTE,rubeola_igg,2024,44,0.0383,-3.2239,baixo,positividade=1.0; tendencia_pos=0.0; risco=0.0,Manter rotina de vigilância laboratorial.,sklearn_gb_v1,sklearn_v1
JAURU,hepatite_c_hcv,2025,20,0.0383,-3.222,baixo,positividade=1.0; tendencia_pos=0.0; risco=0.69,Manter rotina de vigilância laboratorial.,sklearn_gb_v1,sklearn_v1
NOVA OLIMPIA,chagas,2024,32,0.0383,-3.2239,baixo,positividade=1.0; tendencia_pos=0.0; risco=0.0,Manter rotina de vigilância laboratorial.,sklearn_gb_v1,sklearn_v1
COMODORO,tuberculose,2025,26,0.0383,-3.2239,baixo,positividade=1.0; tendencia_pos=0.0; risco=0.0,Manter rotina de vigilância laboratorial.,sklearn_gb_v1,sklearn_v1
ALTO GARCAS,sarampo_igg,2025,40,0.0383,-3.2239,baixo,positividade=1.0; tendencia_pos=0.0; risco=0.0,Manter rotina de vigilância laboratorial.,sklearn_gb_v1,sklearn_v1
NOVA OLIMPIA,chagas_igg,2024,32,0.0383,-3.2239,baixo,positividade=1.0; tendencia_pos=0.0; risco=0.0,Manter rotina de vigilância laboratorial.,sklearn_gb_v1,sklearn_v1
RIO BRANCO,rifampicina,2024,27,0.0383,-3.222,baixo,positividade=1.0; tendencia_pos=0.0; risco=0.91,Manter rotina de vigilância laboratorial.,sklearn_gb_v1,sklearn_v1
VILA RICA,brucelose_igm,2024,32,0.0383,-3.2239,baixo,positividade=1.0; tendencia_pos=0.0; risco=0.05,Manter rotina de vigilância laboratorial.,sklearn_gb_v1,sklearn_v1
VILA RICA,brucelose,2024,32,0.0383,-3.2239,baixo,positividade=1.0; tendencia_pos=0.0; risco=0.05,Manter rotina de vigilância laboratorial.,sklearn_gb_v1,sklearn_v1
QUERENCIA,rifampicina,2025,24,0.0383,-3.2239,baixo,positividade=1.0; tendencia_pos=0.0; risco=0.14,Manter rotina de vigilância laboratorial.,sklearn_gb_v1,sklearn_v1
QUERENCIA,parvovirus_b19_igm,2025,29,0.0383,-3.2239,baixo,positividade=1.0; tendencia_pos=0.0; risco=0.0,Manter rotina de vigilância laboratorial.,sklearn_gb_v1,sklearn_v1
QUERENCIA,htlv_i_ii_virus_linfotropico_humano_tipo_i_e_ii,2025,32,0.0383,-3.2239,baixo,positividade=1.0; tendencia_pos=0.0; risco=0.0,Manter rotina de vigilância laboratorial.,sklearn_gb_v1,sklearn_v1
PORTO ALEGRE DO NORTE,hepatite_c_hcv,2025,16,0.0383,-3.2239,baixo,positividade=1.0; tendencia_pos=0.0; risco=0.09,Manter rotina de vigilância laboratorial.,sklearn_gb_v1,sklearn_v1
PORTO ALEGRE DO NORTE,bacterias_teste_de_sensibilidade,2024,24,0.0383,-3.2239,baixo,positividade=1.0; tendencia_pos=0.0; risco=0.09,Manter rotina de vigilância laboratorial.,sklearn_gb_v1,sklearn_v1
BRASNORTE,sarampo_igg,2024,44,0.0383,-3.2239,baixo,positividade=1.0; tendencia_pos=0.0; risco=0.0,Manter rotina de vigilância laboratorial.,sklearn_gb_v1,sklearn_v1
SAPEZAL,influenza,2024,22,0.0383,-3.2239,baixo,positividade=1.0; tendencia_pos=0.0; risco=0.0,Manter rotina de vigilância laboratorial.,sklearn_gb_v1,sklearn_v1
NOBRES,leishmaniose_visceral_humana_teste_rapido,2025,17,0.0383,-3.2239,baixo,positividade=1.0; tendencia_pos=0.0; risco=0.02,Manter rotina de vigilância laboratorial.,sklearn_gb_v1,sklearn_v1
CHAPADA DOS GUIMARAES,sarampo_igg,2025,43,0.0383,-3.2239,baixo,positividade=1.0; tendencia_pos=0.0; risco=0.04,Manter rotina de vigilância laboratorial.,sklearn_gb_v1,sklearn_v1
COCALINHO,influenza_a,2024,35,0.0383,-3.222,baixo,positividade=1.0; tendencia_pos=0.0; risco=1.21,Manter rotina de vigilância laboratorial.,sklearn_gb_v1,sklearn_v1
POCONE,bacterias_teste_de_sensibilidade,2024,31,0.0383,-3.2239,baixo,positividade=1.0; tendencia_pos=0.0; risco=0.07,Manter rotina de vigilância laboratorial.,sklearn_gb_v1,sklearn_v1
NOBRES,baciloscopia,2024,44,0.0383,-3.2239,baixo,positividade=1.0; tendencia_pos=0.0; risco=0.02,Manter rotina de vigilância laboratorial.,sklearn_gb_v1,sklearn_v1
BRASNORTE,rubeola_igm,2024,44,0.0383,-3.2239,baixo,positividade=1.0; tendencia_pos=0.0; risco=0.0,Manter rotina de vigilância laboratorial.,sklearn_gb_v1,sklearn_v1
CHAPADA DOS GUIMARAES,citomegalovirus_igg,2025,27,0.0383,-3.2239,baixo,positividade=1.0; tendencia_pos=0.0; risco=0.04,Manter rotina de vigilância laboratorial.,sklearn_gb_v1,sklearn_v1
NOSSA SENHORA DO LIVRAMENTO,rubeola_igg,2024,36,0.0383,-3.2239,baixo,positividade=1.0; tendencia_pos=0.0; risco=0.11,Manter rotina de vigilância laboratorial.,sklearn_gb_v1,sklearn_v1
COCALINHO,chikungunya,2025,16,0.0383,-3.222,baixo,positividade=1.0; tendencia_pos=0.0; risco=0.96,Manter rotina de vigilância laboratorial.,sklearn_gb_v1,sklearn_v1
CHAPADA DOS GUIMARAES,toxoplasmose_igg,2025,27,0.0383,-3.2239,baixo,positividade=1.0; tendencia_pos=0.0; risco=0.04,Manter rotina de vigilância laboratorial.,sklearn_gb_v1,sklearn_v1
PEDRA PRETA,cultura_para_fungos,2024,33,0.0383,-3.2239,baixo,positividade=1.0; tendencia_pos=0.0; risco=0.0,Manter rotina de vigilância laboratorial.,sklearn_gb_v1,sklearn_v1
ARAPUTANGA,rubeola_igm,2025,34,0.0383,-3.2239,baixo,positividade=1.0; tendencia_pos=0.0; risco=0.0,Manter rotina de vigilância laboratorial.,sklearn_gb_v1,sklearn_v1
CHAPADA DOS GUIMARAES,rubeola_igg,2025,43,0.0383,-3.2239,baixo,positividade=1.0; tendencia_pos=0.0; risco=0.04,Manter rotina de vigilância laboratorial.,sklearn_gb_v1,sklearn_v1
PEDRA PRETA,fungos,2024,33,0.0383,-3.2239,baixo,positividade=1.0; tendencia_pos=0.0; risco=0.0,Manter rotina de vigilância laboratorial.,sklearn_gb_v1,sklearn_v1
NOVO SANTO ANTONIO,dengue,2025,26,0.0383,-3.222,baixo,positividade=1.0; tendencia_pos=0.0; risco=0.77,Manter rotina de vigilância laboratorial.,sklearn_gb_v1,sklearn_v1
ARENAPOLIS,varicela_zoster_biologia_molecular,2025,33,0.0383,-3.2239,baixo,positividade=1.0; tendencia_pos=0.0; risco=0.0,Manter rotina de vigilância laboratorial.,sklearn_gb_v1,sklearn_v1
CANARANA,toxoplasmose_igg,2025,16,0.0383,-3.2239,baixo,positividade=1.0; tendencia_pos=0.0; risco=0.0,Manter rotina de vigilância laboratorial.,sklearn_gb_v1,sklearn_v1
CANARANA,rotavirus,2024,35,0.0383,-3.2239,baixo,positividade=1.0; tendencia_pos=0.0; risco=0.0,Manter rotina de vigilância laboratorial.,sklearn_gb_v1,sklearn_v1
NOVA CANAA DO NORTE,influenza,2024,22,0.0383,-3.2239,baixo,positividade=1.0; tendencia_pos=0.0; risco=0.0,Manter rotina de vigilância laboratorial.,sklearn_gb_v1,sklearn_v1
NOVA XAVANTINA,baciloscopia,2025,24,0.0383,-3.2239,baixo,positividade=1.0; tendencia_pos=0.0; risco=0.0,Manter rotina de vigilância laboratorial.,sklearn_gb_v1,sklearn_v1
CARLINDA,zika,2025,15,0.0383,-3.222,baixo,positividade=1.0; tendencia_pos=0.0; risco=0.91,Manter rotina de vigilância laboratorial.,sklearn_gb_v1,sklearn_v1
ARAPUTANGA,citomegalovirus_igg,2024,36,0.0383,-3.2239,baixo,positividade=1.0; tendencia_pos=0.0; risco=0.0,Manter rotina de vigilância laboratorial.,sklearn_gb_v1,sklearn_v1
ARAPUTANGA,rubeola_igg,2025,34,0.0383,-3.2239,baixo,positividade=1.0; tendencia_pos=0.0; risco=0.0,Manter rotina de vigilância laboratorial.,sklearn_gb_v1,sklearn_v1
CHAPADA DOS GUIMARAES,baciloscopia,2025,26,0.0383,-3.2239,baixo,positividade=1.0; tendencia_pos=0.0; risco=0.04,Manter rotina de vigilância laboratorial.,sklearn_gb_v1,sklearn_v1
JACIARA,varicela_biologia_molecular,2025,30,0.0383,-3.2239,baixo,positividade=1.0; tendencia_pos=0.0; risco=0.0,Manter rotina de vigilância laboratorial.,sklearn_gb_v1,sklearn_v1
SAPEZAL,bacterias_teste_de_sensibilidade,2024,29,0.0383,-3.2239,baixo,positividade=1.0; tendencia_pos=0.0; risco=0.0,Manter rotina de vigilância laboratorial.,sklearn_gb_v1,sklearn_v1
JACIARA,toxoplasmose_igg,2025,5,0.0383,-3.2239,baixo,positividade=1.0; tendencia_pos=0.0; risco=0.0,Manter rotina de vigilância laboratorial.,sklearn_gb_v1,sklearn_v1
JACIARA,citomegalovirus_igg,2025,5,0.0383,-3.2239,baixo,positividade=1.0; tendencia_pos=0.0; risco=0.0,Manter rotina de vigilância laboratorial.,sklearn_gb_v1,sklearn_v1
TAPURAH,brucelose_igm,2025,2,0.0383,-3.2239,baixo,positividade=1.0; tendencia_pos=0.0; risco=0.0,Manter rotina de vigilância laboratorial.,sklearn_gb_v1,sklearn_v1
TAPURAH,brucelose_igg,2025,2,0.0383,-3.2239,baixo,positividade=1.0; tendencia_pos=0.0; risco=0.0,Manter rotina de vigilância laboratorial.,sklearn_gb_v1,sklearn_v1
BARRA DO BUGRES,toxoplasmose_igg,2025,8,0.0383,-3.2239,baixo,positividade=1.0; tendencia_pos=0.0; risco=0.0,Manter rotina de vigilância laboratorial.,sklearn_gb_v1,sklearn_v1
SAO JOSE DOS QUATRO MARCOS,leishmaniose_tegumentar_americana_igg,2024,34,0.0383,-3.2239,baixo,positividade=1.0; tendencia_pos=0.0; risco=0.0,Manter rotina de vigilância laboratorial.,sklearn_gb_v1,sklearn_v1
SAO JOSE DOS QUATRO MARCOS,cultura_para_fungos,2025,26,0.0383,-3.2239,baixo,positividade=1.0; tendencia_pos=0.0; risco=0.0,Manter rotina de vigilância laboratorial.,sklearn_gb_v1,sklearn_v1
SAO JOSE DOS QUATRO MARCOS,fungos,2025,26,0.0383,-3.2239,baixo,positividade=1.0; tendencia_pos=0.0; risco=0.0,Manter rotina de vigilância laboratorial.,sklearn_gb_v1,sklearn_v1
TAPURAH,brucelose,2025,2,0.0383,-3.2239,baixo,positividade=1.0; tendencia_pos=0.0; risco=0.0,Manter rotina de vigilância laboratorial.,sklearn_gb_v1,sklearn_v1
SANTO ANTONIO DO LEVERGER,bacterias_teste_de_sensibilidade_ii,2024,29,0.0383,-3.2239,baixo,positividade=1.0; tendencia_pos=0.0; risco=0.08,Manter rotina de vigilância laboratorial.,sklearn_gb_v1,sklearn_v1
NOVA XAVANTINA,tuberculose,2025,15,0.0383,-3.2239,baixo,positividade=1.0; tendencia_pos=0.0; risco=0.0,Manter rotina de vigilância laboratorial.,sklearn_gb_v1,sklearn_v1
BARRA DO BUGRES,citomegalovirus_igg,2025,30,0.0383,-3.2239,baixo,positividade=1.0; tendencia_pos=0.0; risco=0.0,Manter rotina de vigilância laboratorial.,sklearn_gb_v1,sklearn_v1
AGUA BOA,baciloscopia,2024,42,0.0383,-3.2239,baixo,positividade=1.0; tendencia_pos=0.0; risco=0.0,Manter rotina de vigilância laboratorial.,sklearn_gb_v1,sklearn_v1
SAO JOSE DOS QUATRO MARCOS,toxoplasmose_igg,2025,21,0.0383,-3.2239,baixo,positividade=1.0; tendencia_pos=0.0; risco=0.0,Manter rotina de vigilância laboratorial.,sklearn_gb_v1,sklearn_v1
MATUPA,varicela_zoster_biologia_molecular,2025,31,0.0383,-3.2239,baixo,positividade=1.0; tendencia_pos=0.0; risco=0.0,Manter rotina de vigilância laboratorial.,sklearn_gb_v1,sklearn_v1
CONQUISTA D''OESTE,dengue,2025,23,0.0382,-3.2269,baixo,positividade=1.0; tendencia_pos=0.094; risco=0.73,Manter rotina de vigilância laboratorial.,sklearn_gb_v1,sklearn_v1
SORRISO,influenza,2025,16,0.0381,-3.2292,baixo,positividade=1.0; tendencia_pos=0.0; risco=1.28,Manter rotina de vigilância laboratorial.,sklearn_gb_v1,sklearn_v1
DENISE,chikungunya,2025,28,0.0381,-3.2279,baixo,positividade=0.0; tendencia_pos=-0.094; risco=0.17,Manter rotina de vigilância laboratorial.,sklearn_gb_v1,sklearn_v1
PARANATINGA,dengue,2025,25,0.0376,-3.2437,baixo,positividade=0.0; tendencia_pos=0.125; risco=0.19,Manter rotina de vigilância laboratorial.,sklearn_gb_v1,sklearn_v1
RONDONOPOLIS,influenza_a,2026,9,0.0376,-3.2424,baixo,positividade=0.0; tendencia_pos=-0.141; risco=0.0,Manter rotina de vigilância laboratorial.,sklearn_gb_v1,sklearn_v1
AGUA BOA,toxoplasmose_igg,2025,20,0.0374,-3.2481,baixo,positividade=1.0; tendencia_pos=0.0; risco=0.27,Manter rotina de vigilância laboratorial.,sklearn_gb_v1,sklearn_v1
ROSARIO OESTE,cultura_para_fungos,2025,21,0.0374,-3.2481,baixo,positividade=1.0; tendencia_pos=0.0; risco=0.33,Manter rotina de vigilância laboratorial.,sklearn_gb_v1,sklearn_v1
BARRA DO BUGRES,brucelose,2024,29,0.0374,-3.2481,baixo,positividade=1.0; tendencia_pos=0.0; risco=0.28,Manter rotina de vigilância laboratorial.,sklearn_gb_v1,sklearn_v1
BARRA DO BUGRES,brucelose_igm,2024,29,0.0374,-3.2481,baixo,positividade=1.0; tendencia_pos=0.0; risco=0.28,Manter rotina de vigilância laboratorial.,sklearn_gb_v1,sklearn_v1
SAO JOSE DOS QUATRO MARCOS,hepatite_b_hbv,2025,22,0.0374,-3.2481,baixo,positividade=1.0; tendencia_pos=0.0; risco=0.21,Manter rotina de vigilância laboratorial.,sklearn_gb_v1,sklearn_v1
COLIDER,influenza,2025,16,0.0374,-3.2481,baixo,positividade=1.0; tendencia_pos=0.0; risco=0.15,Manter rotina de vigilância laboratorial.,sklearn_gb_v1,sklearn_v1
ARENAPOLIS,hepatite_b_hbv,2025,43,0.0374,-3.2481,baixo,positividade=1.0; tendencia_pos=0.0; risco=0.16,Manter rotina de vigilância laboratorial.,sklearn_gb_v1,sklearn_v1
CANARANA,parvovirus_b19_igg,2025,34,0.0374,-3.2481,baixo,positividade=1.0; tendencia_pos=0.0; risco=0.34,Manter rotina de vigilância laboratorial.,sklearn_gb_v1,sklearn_v1
CANARANA,parvovirus_b19_igm,2025,34,0.0374,-3.2481,baixo,positividade=1.0; tendencia_pos=0.0; risco=0.28,Manter rotina de vigilância laboratorial.,sklearn_gb_v1,sklearn_v1
CANARANA,leishmaniose_visceral_humana_teste_rapido,2025,25,0.0374,-3.2481,baixo,positividade=1.0; tendencia_pos=0.0; risco=0.27,Manter rotina de vigilância laboratorial.,sklearn_gb_v1,sklearn_v1
SANTO ANTONIO DO LEVERGER,tuberculose_lf_lam,2025,45,0.0374,-3.2481,baixo,positividade=1.0; tendencia_pos=0.0; risco=0.43,Manter rotina de vigilância laboratorial.,sklearn_gb_v1,sklearn_v1
ARAPUTANGA,cultura_para_fungos,2025,31,0.0374,-3.2481,baixo,positividade=1.0; tendencia_pos=0.0; risco=0.27,Manter rotina de vigilância laboratorial.,sklearn_gb_v1,sklearn_v1
NOVA BANDEIRANTES,hepatite_c_hcv,2025,19,0.0374,-3.2481,baixo,positividade=1.0; tendencia_pos=0.0; risco=0.3,Manter rotina de vigilância laboratorial.,sklearn_gb_v1,sklearn_v1
CHAPADA DOS GUIMARAES,toxoplasmose_igm,2025,27,0.0374,-3.2481,baixo,positividade=1.0; tendencia_pos=0.0; risco=0.31,Manter rotina de vigilância laboratorial.,sklearn_gb_v1,sklearn_v1
ARIPUANA,bacterias_teste_de_sensibilidade,2024,26,0.0374,-3.2481,baixo,positividade=1.0; tendencia_pos=0.0; risco=0.34,Manter rotina de vigilância laboratorial.,sklearn_gb_v1,sklearn_v1
ALTO TAQUARI,tuberculose_cultura,2025,20,0.0374,-3.2481,baixo,positividade=1.0; tendencia_pos=0.0; risco=0.37,Manter rotina de vigilância laboratorial.,sklearn_gb_v1,sklearn_v1
ARAPUTANGA,varicela_zoster_biologia_molecular,2025,21,0.0374,-3.2481,baixo,positividade=1.0; tendencia_pos=0.0; risco=0.27,Manter rotina de vigilância laboratorial.,sklearn_gb_v1,sklearn_v1
GUARANTA DO NORTE,bacterias_teste_de_sensibilidade,2025,14,0.0374,-3.2481,baixo,positividade=1.0; tendencia_pos=0.0; risco=0.27,Manter rotina de vigilância laboratorial.,sklearn_gb_v1,sklearn_v1
VILA BELA DA SANTISSIMA TRINDADE,hepatite_b_hbv,2024,33,0.0374,-3.2481,baixo,positividade=1.0; tendencia_pos=0.0; risco=0.18,Manter rotina de vigilância laboratorial.,sklearn_gb_v1,sklearn_v1
CHAPADA DOS GUIMARAES,citomegalovirus_igm,2025,27,0.0374,-3.2481,baixo,positividade=1.0; tendencia_pos=0.0; risco=0.31,Manter rotina de vigilância laboratorial.,sklearn_gb_v1,sklearn_v1
MATUPA,rubeola_igm,2025,10,0.0374,-3.2481,baixo,positividade=1.0; tendencia_pos=0.0; risco=0.27,Manter rotina de vigilância laboratorial.,sklearn_gb_v1,sklearn_v1
ROSARIO OESTE,fungos,2025,21,0.0374,-3.2481,baixo,positividade=1.0; tendencia_pos=0.0; risco=0.33,Manter rotina de vigilância laboratorial.,sklearn_gb_v1,sklearn_v1
VARZEA GRANDE,tuberculose_cultura,2025,28,0.0372,-3.2533,baixo,positividade=0.0; tendencia_pos=-0.003; risco=0.26,Manter rotina de vigilância laboratorial.,sklearn_gb_v1,sklearn_v1
CAMPO GRANDE,pesquisa_de_multipatogenos_ist,2025,46,0.0371,-3.2563,baixo,positividade=1.0; tendencia_pos=0.0; risco=0.0,Manter rotina de vigilância laboratorial.,sklearn_gb_v1,sklearn_v1
AURIFLAMA,chikungunya,2025,14,0.0371,-3.2563,baixo,positividade=1.0; tendencia_pos=0.0; risco=0.0,Manter rotina de vigilância laboratorial.,sklearn_gb_v1,sklearn_v1
SOBRAL,chikungunya,2024,21,0.0371,-3.2563,baixo,positividade=0.75; tendencia_pos=0.0; risco=0.0,Manter rotina de vigilância laboratorial.,sklearn_gb_v1,sklearn_v1
NOVA MUTUM,cultura_para_fungos,2025,24,0.0371,-3.257,baixo,positividade=0.0; tendencia_pos=0.125; risco=0.0,Manter rotina de vigilância laboratorial.,sklearn_gb_v1,sklearn_v1
NOVA MUTUM,chikungunya,2025,32,0.0371,-3.2575,baixo,positividade=0.0; tendencia_pos=0.028; risco=0.0,Manter rotina de vigilância laboratorial.,sklearn_gb_v1,sklearn_v1
PEIXOTO DE AZEVEDO,baciloscopia,2025,34,0.0368,-3.2639,baixo,positividade=1.0; tendencia_pos=0.0; risco=0.02,Manter rotina de vigilância laboratorial.,sklearn_gb_v1,sklearn_v1
SAPEZAL,baciloscopia,2025,25,0.0368,-3.2639,baixo,positividade=1.0; tendencia_pos=0.0; risco=0.0,Manter rotina de vigilância laboratorial.,sklearn_gb_v1,sklearn_v1
PEIXOTO DE AZEVEDO,citomegalovirus_igg,2024,35,0.0368,-3.2639,baixo,positividade=1.0; tendencia_pos=0.0; risco=0.02,Manter rotina de vigilância laboratorial.,sklearn_gb_v1,sklearn_v1
PEIXOTO DE AZEVEDO,toxoplasmose_igg,2024,35,0.0368,-3.2639,baixo,positividade=1.0; tendencia_pos=0.0; risco=0.02,Manter rotina de vigilância laboratorial.,sklearn_gb_v1,sklearn_v1
PEIXOTO DE AZEVEDO,rubeola_igg,2024,35,0.0368,-3.2639,baixo,positividade=1.0; tendencia_pos=0.0; risco=0.02,Manter rotina de vigilância laboratorial.,sklearn_gb_v1,sklearn_v1
JUINA,bacterias_teste_de_sensibilidade,2024,30,0.0368,-3.2639,baixo,positividade=1.0; tendencia_pos=0.0; risco=0.0,Manter rotina de vigilância laboratorial.,sklearn_gb_v1,sklearn_v1
NOSSA SENHORA DO LIVRAMENTO,dengue,2025,28,0.0367,-3.2678,baixo,positividade=0.0; tendencia_pos=-0.125; risco=0.44,Manter rotina de vigilância laboratorial.,sklearn_gb_v1,sklearn_v1
CUIABA,sarampo_igg,2025,46,0.0367,-3.2668,baixo,positividade=1.0; tendencia_pos=0.125; risco=1.01,Manter rotina de vigilância laboratorial.,sklearn_gb_v1,sklearn_v1
COLNIZA,dengue,2025,31,0.0367,-3.2678,baixo,positividade=0.0; tendencia_pos=-0.125; risco=0.24,Manter rotina de vigilância laboratorial.,sklearn_gb_v1,sklearn_v1
PARANAITA,influenza_b,2025,28,0.0367,-3.2678,baixo,positividade=0.0; tendencia_pos=-0.125; risco=0.51,Manter rotina de vigilância laboratorial.,sklearn_gb_v1,sklearn_v1
ALTO GARCAS,hepatite_c_hcv,2025,22,0.0364,-3.2768,baixo,positividade=1.0; tendencia_pos=0.0; risco=0.48,Manter rotina de vigilância laboratorial.,sklearn_gb_v1,sklearn_v1
SAO FELIX DO ARAGUAIA,sars_cov_2,2025,7,0.0364,-3.2768,baixo,positividade=1.0; tendencia_pos=0.0; risco=0.53,Manter rotina de vigilância laboratorial.,sklearn_gb_v1,sklearn_v1
ITAUBA,dengue,2025,27,0.0363,-3.2804,baixo,positividade=0.0; tendencia_pos=0.022; risco=0.0,Manter rotina de vigilância laboratorial.,sklearn_gb_v1,sklearn_v1
CANARANA,sarampo_igm,2025,34,0.036,-3.2864,baixo,positividade=1.0; tendencia_pos=0.0; risco=0.57,Manter rotina de vigilância laboratorial.,sklearn_gb_v1,sklearn_v1
CHAPADA DOS GUIMARAES,sarampo_igm,2025,43,0.036,-3.2864,baixo,positividade=1.0; tendencia_pos=0.0; risco=0.6,Manter rotina de vigilância laboratorial.,sklearn_gb_v1,sklearn_v1
SAO JOSE DO RIO CLARO,leptospira,2025,34,0.036,-3.2864,baixo,positividade=1.0; tendencia_pos=0.0; risco=0.57,Manter rotina de vigilância laboratorial.,sklearn_gb_v1,sklearn_v1
SAO JOSE DO RIO CLARO,sars_cov_2,2024,51,0.036,-3.2864,baixo,positividade=1.0; tendencia_pos=0.0; risco=0.59,Manter rotina de vigilância laboratorial.,sklearn_gb_v1,sklearn_v1
SAPEZAL,toxoplasmose_igg,2025,32,0.036,-3.288,baixo,positividade=1.0; tendencia_pos=0.0; risco=0.27,Manter rotina de vigilância laboratorial.,sklearn_gb_v1,sklearn_v1
CAMPINAPOLIS,tuberculose_teste_de_sensibilidade,2025,22,0.036,-3.2868,baixo,positividade=0.0; tendencia_pos=-0.088; risco=0.28,Manter rotina de vigilância laboratorial.,sklearn_gb_v1,sklearn_v1
PEIXOTO DE AZEVEDO,fungos_teste_de_sensibilidade,2025,20,0.036,-3.288,baixo,positividade=1.0; tendencia_pos=0.0; risco=0.29,Manter rotina de vigilância laboratorial.,sklearn_gb_v1,sklearn_v1
BRASNORTE,tuberculose_cultura,2025,19,0.0359,-3.2916,baixo,positividade=0.0; tendencia_pos=0.05; risco=0.17,Manter rotina de vigilância laboratorial.,sklearn_gb_v1,sklearn_v1
IGARAPE DO MEIO,hepatite_b_hbv,2025,27,0.0359,-3.2918,baixo,positividade=0.5; tendencia_pos=0.0; risco=0.0,Manter rotina de vigilância laboratorial.,sklearn_gb_v1,sklearn_v1
PRIMAVERA DO LESTE,sarampo_igm,2025,44,0.0358,-3.2931,baixo,positividade=0.0; tendencia_pos=-0.062; risco=0.0,Manter rotina de vigilância laboratorial.,sklearn_gb_v1,sklearn_v1
RONDONOPOLIS,hepatite_c_hcv,2025,33,0.0352,-3.3094,baixo,positividade=0.0; tendencia_pos=0.021; risco=0.0,Manter rotina de vigilância laboratorial.,sklearn_gb_v1,sklearn_v1
TANGARA DA SERRA,influenza_a,2025,33,0.0352,-3.3113,baixo,positividade=0.0; tendencia_pos=-0.156; risco=0.0,Manter rotina de vigilância laboratorial.,sklearn_gb_v1,sklearn_v1
CUIABA,parvovirus_b19_igm,2026,5,0.0351,-3.3124,baixo,positividade=0.0; tendencia_pos=0.0; risco=0.0,Manter rotina de vigilância laboratorial.,sklearn_gb_v1,sklearn_v1
QUERENCIA,zika,2025,34,0.0351,-3.315,baixo,positividade=0.0; tendencia_pos=0.104; risco=0.0,Manter rotina de vigilância laboratorial.,sklearn_gb_v1,sklearn_v1
SERRA,chikungunya,2025,29,0.0351,-3.3124,baixo,positividade=0.0; tendencia_pos=0.0; risco=0.0,Manter rotina de vigilância laboratorial.,sklearn_gb_v1,sklearn_v1
PEIXOTO DE AZEVEDO,cultura_para_fungos,2025,26,0.0351,-3.3124,baixo,positividade=0.0; tendencia_pos=-0.042; risco=0.02,Manter rotina de vigilância laboratorial.,sklearn_gb_v1,sklearn_v1
NOVA SANTA HELENA,hepatite_b_hbv,2025,45,0.0351,-3.3124,baixo,positividade=0.0; tendencia_pos=0.0; risco=0.0,Manter rotina de vigilância laboratorial.,sklearn_gb_v1,sklearn_v1
NOVA MARILANDIA,hepatite_b_hbv,2026,19,0.0351,-3.3124,baixo,positividade=0.0; tendencia_pos=-0.083; risco=0.0,Manter rotina de vigilância laboratorial.,sklearn_gb_v1,sklearn_v1
NOVA MUTUM,dengue,2025,32,0.035,-3.3182,baixo,positividade=0.0; tendencia_pos=0.0; risco=0.0,Manter rotina de vigilância laboratorial.,sklearn_gb_v1,sklearn_v1
LUCAS DO RIO VERDE,brucelose_igm,2025,4,0.0349,-3.3212,baixo,positividade=1.0; tendencia_pos=0.0; risco=0.12,Manter rotina de vigilância laboratorial.,sklearn_gb_v1,sklearn_v1
CAMPO NOVO DO PARECIS,tuberculose,2025,26,0.0349,-3.3212,baixo,positividade=1.0; tendencia_pos=0.0; risco=0.0,Manter rotina de vigilância laboratorial.,sklearn_gb_v1,sklearn_v1
LUCAS DO RIO VERDE,brucelose,2025,4,0.0349,-3.3212,baixo,positividade=1.0; tendencia_pos=0.0; risco=0.0,Manter rotina de vigilância laboratorial.,sklearn_gb_v1,sklearn_v1
LUCAS DO RIO VERDE,baciloscopia,2025,44,0.0349,-3.3212,baixo,positividade=1.0; tendencia_pos=0.0; risco=0.1,Manter rotina de vigilância laboratorial.,sklearn_gb_v1,sklearn_v1
SANTA MARIA,chikungunya,2025,10,0.0349,-3.3201,baixo,positividade=1.0; tendencia_pos=0.0; risco=0.3,Manter rotina de vigilância laboratorial.,sklearn_gb_v1,sklearn_v1
CAMPO VERDE,citomegalovirus_igg,2025,26,0.0349,-3.3212,baixo,positividade=1.0; tendencia_pos=0.0; risco=0.0,Manter rotina de vigilância laboratorial.,sklearn_gb_v1,sklearn_v1
LUCAS DO RIO VERDE,tuberculose_lf_lam,2025,26,0.0349,-3.3212,baixo,positividade=1.0; tendencia_pos=0.0; risco=0.14,Manter rotina de vigilância laboratorial.,sklearn_gb_v1,sklearn_v1
CAMPO VERDE,toxoplasmose_igg,2025,26,0.0349,-3.3212,baixo,positividade=1.0; tendencia_pos=0.0; risco=0.0,Manter rotina de vigilância laboratorial.,sklearn_gb_v1,sklearn_v1
CAMPO VERDE,sarampo_biologia_molecular,2025,43,0.0349,-3.3212,baixo,positividade=1.0; tendencia_pos=0.0; risco=0.0,Manter rotina de vigilância laboratorial.,sklearn_gb_v1,sklearn_v1
LUCAS DO RIO VERDE,bacterias_teste_de_sensibilidade,2025,14,0.0349,-3.3212,baixo,positividade=1.0; tendencia_pos=0.0; risco=0.09,Manter rotina de vigilância laboratorial.,sklearn_gb_v1,sklearn_v1
LUCAS DO RIO VERDE,citomegalovirus_igg,2025,19,0.0349,-3.3212,baixo,positividade=1.0; tendencia_pos=0.0; risco=0.0,Manter rotina de vigilância laboratorial.,sklearn_gb_v1,sklearn_v1
CAMPO NOVO DO PARECIS,citomegalovirus_igg,2024,32,0.0349,-3.3212,baixo,positividade=1.0; tendencia_pos=0.0; risco=0.0,Manter rotina de vigilância laboratorial.,sklearn_gb_v1,sklearn_v1
LUCAS DO RIO VERDE,sarampo_igg,2025,13,0.0349,-3.3212,baixo,positividade=1.0; tendencia_pos=0.0; risco=0.12,Manter rotina de vigilância laboratorial.,sklearn_gb_v1,sklearn_v1
LUCAS DO RIO VERDE,rubeola_igg,2025,19,0.0349,-3.3212,baixo,positividade=1.0; tendencia_pos=0.0; risco=0.12,Manter rotina de vigilância laboratorial.,sklearn_gb_v1,sklearn_v1
VARZEA GRANDE,zika,2026,18,0.0348,-3.3227,baixo,positividade=0.0; tendencia_pos=-0.028; risco=0.0,Manter rotina de vigilância laboratorial.,sklearn_gb_v1,sklearn_v1
ALTA FLORESTA,chikungunya,2025,30,0.0348,-3.3227,baixo,positividade=0.0; tendencia_pos=-0.071; risco=0.0,Manter rotina de vigilância laboratorial.,sklearn_gb_v1,sklearn_v1
ALTA FLORESTA,leptospira,2025,24,0.0348,-3.3227,baixo,positividade=0.0; tendencia_pos=-0.05; risco=0.0,Manter rotina de vigilância laboratorial.,sklearn_gb_v1,sklearn_v1
ALTA FLORESTA,hepatite_c_hcv,2025,20,0.0348,-3.3222,baixo,positividade=1.0; tendencia_pos=0.05; risco=0.47,Manter rotina de vigilância laboratorial.,sklearn_gb_v1,sklearn_v1
CANDEIAS DO JAMARI,dengue,2025,17,0.0347,-3.327,baixo,positividade=0.0; tendencia_pos=0.05; risco=0.44,Manter rotina de vigilância laboratorial.,sklearn_gb_v1,sklearn_v1
APIACAS,dengue,2025,16,0.0347,-3.3269,baixo,positividade=0.0; tendencia_pos=0.035; risco=0.01,Manter rotina de vigilância laboratorial.,sklearn_gb_v1,sklearn_v1
PRIMAVERA DO LESTE,bacterias_teste_de_sensibilidade,2024,27,0.0345,-3.3331,baixo,positividade=1.0; tendencia_pos=0.0; risco=0.0,Manter rotina de vigilância laboratorial.,sklearn_gb_v1,sklearn_v1
CACERES,citomegalovirus_igg,2024,48,0.0345,-3.3331,baixo,positividade=1.0; tendencia_pos=0.0; risco=0.01,Manter rotina de vigilância laboratorial.,sklearn_gb_v1,sklearn_v1
ALTA FLORESTA,baciloscopia,2025,29,0.0345,-3.3331,baixo,positividade=1.0; tendencia_pos=0.0; risco=0.0,Manter rotina de vigilância laboratorial.,sklearn_gb_v1,sklearn_v1
JUINA,chagas_igg,2025,28,0.0345,-3.3331,baixo,positividade=1.0; tendencia_pos=0.0; risco=0.13,Manter rotina de vigilância laboratorial.,sklearn_gb_v1,sklearn_v1
BARRA DO GARCAS,citomegalovirus_igg,2025,14,0.0345,-3.3331,baixo,positividade=1.0; tendencia_pos=0.0; risco=0.0,Manter rotina de vigilância laboratorial.,sklearn_gb_v1,sklearn_v1
CACERES,baciloscopia,2025,15,0.0345,-3.3331,baixo,positividade=1.0; tendencia_pos=0.0; risco=0.01,Manter rotina de vigilância laboratorial.,sklearn_gb_v1,sklearn_v1
CACERES,toxoplasmose_igg,2024,48,0.0345,-3.3331,baixo,positividade=1.0; tendencia_pos=0.0; risco=0.01,Manter rotina de vigilância laboratorial.,sklearn_gb_v1,sklearn_v1
NOVA MUTUM,virus_respiratorios,2025,29,0.0345,-3.3327,baixo,positividade=0.0; tendencia_pos=-0.125; risco=0.0,Manter rotina de vigilância laboratorial.,sklearn_gb_v1,sklearn_v1
BARRA DO GARCAS,varicela_zoster_biologia_molecular,2024,37,0.0345,-3.3331,baixo,positividade=1.0; tendencia_pos=0.0; risco=0.0,Manter rotina de vigilância laboratorial.,sklearn_gb_v1,sklearn_v1
ALTA FLORESTA,rubeola_igg,2024,46,0.0345,-3.3331,baixo,positividade=1.0; tendencia_pos=0.0; risco=0.0,Manter rotina de vigilância laboratorial.,sklearn_gb_v1,sklearn_v1
PONTES E LACERDA,baciloscopia,2025,32,0.0345,-3.3331,baixo,positividade=1.0; tendencia_pos=0.0; risco=0.0,Manter rotina de vigilância laboratorial.,sklearn_gb_v1,sklearn_v1
PONTES E LACERDA,bacterias_teste_de_sensibilidade_ii,2025,3,0.0345,-3.3331,baixo,positividade=1.0; tendencia_pos=0.0; risco=0.0,Manter rotina de vigilância laboratorial.,sklearn_gb_v1,sklearn_v1
NOVO HORIZONTE DO NORTE,chikungunya,2025,22,0.0345,-3.3317,baixo,positividade=0.0; tendencia_pos=-0.25; risco=0.0,Manter rotina de vigilância laboratorial.,sklearn_gb_v1,sklearn_v1
PEIXOTO DE AZEVEDO,tuberculose_cultura,2025,31,0.0343,-3.3392,baixo,positividade=0.0; tendencia_pos=0.125; risco=0.38,Manter rotina de vigilância laboratorial.,sklearn_gb_v1,sklearn_v1
SAO FELIX DO ARAGUAIA,chikungunya,2025,13,0.0343,-3.3365,baixo,positividade=0.0; tendencia_pos=0.0; risco=0.16,Manter rotina de vigilância laboratorial.,sklearn_gb_v1,sklearn_v1
BARRA DO GARCAS,tuberculose_cultura,2025,29,0.0343,-3.3365,baixo,positividade=0.0; tendencia_pos=-0.083; risco=0.2,Manter rotina de vigilância laboratorial.,sklearn_gb_v1,sklearn_v1
CUIABA,leishmaniose_visceral_humana_teste_rapido,2026,5,0.0342,-3.3399,baixo,positividade=1.0; tendencia_pos=-0.125; risco=0.37,Manter rotina de vigilância laboratorial.,sklearn_gb_v1,sklearn_v1
CAMPO VERDE,cultura_para_fungos,2025,11,0.034,-3.3453,baixo,positividade=1.0; tendencia_pos=0.0; risco=0.27,Manter rotina de vigilância laboratorial.,sklearn_gb_v1,sklearn_v1
CAMPO NOVO DO PARECIS,brucelose,2024,30,0.034,-3.3453,baixo,positividade=1.0; tendencia_pos=0.0; risco=0.27,Manter rotina de vigilância laboratorial.,sklearn_gb_v1,sklearn_v1
CAMPO NOVO DO PARECIS,brucelose_igm,2024,30,0.034,-3.3453,baixo,positividade=1.0; tendencia_pos=0.0; risco=0.23,Manter rotina de vigilância laboratorial.,sklearn_gb_v1,sklearn_v1
GUIRATINGA,chikungunya,2025,22,0.034,-3.3462,baixo,positividade=0.0; tendencia_pos=-0.045; risco=0.02,Manter rotina de vigilância laboratorial.,sklearn_gb_v1,sklearn_v1
CACERES,tuberculose,2025,35,0.0339,-3.3509,baixo,positividade=0.0; tendencia_pos=-0.15; risco=0.01,Manter rotina de vigilância laboratorial.,sklearn_gb_v1,sklearn_v1
NOSSA SENHORA DO LIVRAMENTO,tuberculose_cultura,2025,23,0.0339,-3.3509,baixo,positividade=0.0; tendencia_pos=-0.125; risco=0.11,Manter rotina de vigilância laboratorial.,sklearn_gb_v1,sklearn_v1
ALTO PARAGUAI,dengue,2025,21,0.0339,-3.3509,baixo,positividade=0.0; tendencia_pos=-0.125; risco=0.05,Manter rotina de vigilância laboratorial.,sklearn_gb_v1,sklearn_v1
PARANAITA,tuberculose_cultura,2025,23,0.0339,-3.3509,baixo,positividade=0.0; tendencia_pos=-0.333; risco=0.0,Manter rotina de vigilância laboratorial.,sklearn_gb_v1,sklearn_v1
NOVA OLIMPIA,influenza_a,2025,22,0.0339,-3.3493,baixo,positividade=1.0; tendencia_pos=0.05; risco=1.06,Manter rotina de vigilância laboratorial.,sklearn_gb_v1,sklearn_v1
NORTELANDIA,hepatite_b_hbv,2025,30,0.0339,-3.3509,baixo,positividade=0.0; tendencia_pos=-0.15; risco=0.0,Manter rotina de vigilância laboratorial.,sklearn_gb_v1,sklearn_v1
AGUA BOA,tuberculose_cultura,2025,29,0.0339,-3.3509,baixo,positividade=0.0; tendencia_pos=-0.188; risco=0.0,Manter rotina de vigilância laboratorial.,sklearn_gb_v1,sklearn_v1
TANGARA DA SERRA,dengue,2025,34,0.0338,-3.3539,baixo,positividade=0.0; tendencia_pos=-0.112; risco=0.11,Manter rotina de vigilância laboratorial.,sklearn_gb_v1,sklearn_v1
BOCA DO ACRE,chikungunya,2025,9,0.0333,-3.3688,baixo,positividade=0.5; tendencia_pos=0.0; risco=0.0,Manter rotina de vigilância laboratorial.,sklearn_gb_v1,sklearn_v1
ALTA FLORESTA,dengue,2025,30,0.0333,-3.3686,baixo,positividade=0.0; tendencia_pos=0.081; risco=0.0,Manter rotina de vigilância laboratorial.,sklearn_gb_v1,sklearn_v1
NOVA BANDEIRANTES,dengue,2025,24,0.0333,-3.3692,baixo,positividade=0.0; tendencia_pos=0.161; risco=0.36,Manter rotina de vigilância laboratorial.,sklearn_gb_v1,sklearn_v1
POCONE,tuberculose_cultura,2025,29,0.0331,-3.3732,baixo,positividade=0.0; tendencia_pos=-0.042; risco=0.07,Manter rotina de vigilância laboratorial.,sklearn_gb_v1,sklearn_v1
POCONE,virus_respiratorios,2025,6,0.0331,-3.3731,baixo,positividade=1.0; tendencia_pos=0.0; risco=0.76,Manter rotina de vigilância laboratorial.,sklearn_gb_v1,sklearn_v1
BARRA DO BUGRES,bacterias_teste_de_sensibilidade,2025,30,0.0331,-3.3731,baixo,positividade=1.0; tendencia_pos=0.0; risco=0.69,Manter rotina de vigilância laboratorial.,sklearn_gb_v1,sklearn_v1
CUIABA,zika,2026,14,0.0331,-3.3738,baixo,positividade=0.0; tendencia_pos=0.013; risco=0.0,Manter rotina de vigilância laboratorial.,sklearn_gb_v1,sklearn_v1
SANTO ANTONIO DO LEVERGER,neisseria_gonorrhoeae,2025,34,0.0331,-3.3731,baixo,positividade=1.0; tendencia_pos=0.0; risco=0.77,Manter rotina de vigilância laboratorial.,sklearn_gb_v1,sklearn_v1
SAO JOSE DO RIO CLARO,tuberculose_cultura,2025,8,0.0331,-3.3731,baixo,positividade=1.0; tendencia_pos=0.0; risco=0.7,Manter rotina de vigilância laboratorial.,sklearn_gb_v1,sklearn_v1
POXOREO,zika,2025,22,0.0329,-3.3821,baixo,positividade=0.0; tendencia_pos=0.0; risco=0.44,Manter rotina de vigilância laboratorial.,sklearn_gb_v1,sklearn_v1
LUCAS DO RIO VERDE,influenza,2025,14,0.0328,-3.3837,baixo,positividade=1.0; tendencia_pos=0.0; risco=0.57,Manter rotina de vigilância laboratorial.,sklearn_gb_v1,sklearn_v1
SINOP,htlv_i_ii_virus_linfotropico_humano_tipo_i_e_ii,2025,25,0.0327,-3.3856,baixo,positividade=1.0; tendencia_pos=0.0; risco=0.0,Manter rotina de vigilância laboratorial.,sklearn_gb_v1,sklearn_v1
SINOP,bacterias_teste_de_sensibilidade,2024,25,0.0327,-3.3856,baixo,positividade=1.0; tendencia_pos=0.0; risco=0.09,Manter rotina de vigilância laboratorial.,sklearn_gb_v1,sklearn_v1
TANGARA DA SERRA,rubeola_igg,2025,24,0.0324,-3.3975,baixo,positividade=1.0; tendencia_pos=0.0; risco=0.09,Manter rotina de vigilância laboratorial.,sklearn_gb_v1,sklearn_v1
SORRISO,citomegalovirus_igg,2025,22,0.0324,-3.3975,baixo,positividade=1.0; tendencia_pos=0.0; risco=0.0,Manter rotina de vigilância laboratorial.,sklearn_gb_v1,sklearn_v1
SORRISO,parvovirus_b19_igm,2025,45,0.0324,-3.3975,baixo,positividade=1.0; tendencia_pos=0.0; risco=0.0,Manter rotina de vigilância laboratorial.,sklearn_gb_v1,sklearn_v1
CACERES,leptospira,2025,33,0.0324,-3.3956,baixo,positividade=1.0; tendencia_pos=0.0; risco=0.58,Manter rotina de vigilância laboratorial.,sklearn_gb_v1,sklearn_v1
JUINA,chagas,2025,28,0.0324,-3.3956,baixo,positividade=1.0; tendencia_pos=0.0; risco=0.57,Manter rotina de vigilância laboratorial.,sklearn_gb_v1,sklearn_v1
SORRISO,htlv_i_ii_virus_linfotropico_humano_tipo_i_e_ii,2025,14,0.0324,-3.3975,baixo,positividade=1.0; tendencia_pos=0.0; risco=0.0,Manter rotina de vigilância laboratorial.,sklearn_gb_v1,sklearn_v1
PONTES E LACERDA,influenza,2024,23,0.0324,-3.3956,baixo,positividade=1.0; tendencia_pos=0.0; risco=0.57,Manter rotina de vigilância laboratorial.,sklearn_gb_v1,sklearn_v1
SORRISO,rubeola_igg,2025,32,0.0324,-3.3975,baixo,positividade=1.0; tendencia_pos=0.0; risco=0.07,Manter rotina de vigilância laboratorial.,sklearn_gb_v1,sklearn_v1
SORRISO,bacterias_teste_de_sensibilidade,2024,22,0.0324,-3.3975,baixo,positividade=1.0; tendencia_pos=0.0; risco=0.0,Manter rotina de vigilância laboratorial.,sklearn_gb_v1,sklearn_v1
AGUA BOA,sars_cov_2,2025,17,0.0323,-3.4006,baixo,positividade=0.0; tendencia_pos=0.111; risco=0.0,Manter rotina de vigilância laboratorial.,sklearn_gb_v1,sklearn_v1
CUIABA,dengue,2025,52,0.0323,-3.4012,baixo,positividade=0.0; tendencia_pos=0.069; risco=0.0,Manter rotina de vigilância laboratorial.,sklearn_gb_v1,sklearn_v1
SINOP,neisseria_gonorrhoeae,2025,26,0.032,-3.4098,baixo,positividade=1.0; tendencia_pos=0.0; risco=0.27,Manter rotina de vigilância laboratorial.,sklearn_gb_v1,sklearn_v1
CHAPADA DOS GUIMARAES,tuberculose_cultura,2025,28,0.032,-3.4081,baixo,positividade=1.0; tendencia_pos=0.0; risco=0.9,Manter rotina de vigilância laboratorial.,sklearn_gb_v1,sklearn_v1
DENISE,dengue,2025,28,0.032,-3.411,baixo,positividade=0.0; tendencia_pos=0.038; risco=0.0,Manter rotina de vigilância laboratorial.,sklearn_gb_v1,sklearn_v1
LAMBARI D''OESTE,dengue,2025,27,0.0319,-3.4132,baixo,positividade=0.0; tendencia_pos=-0.121; risco=0.0,Manter rotina de vigilância laboratorial.,sklearn_gb_v1,sklearn_v1
NOBRES,influenza_a,2025,23,0.0319,-3.4113,baixo,positividade=0.0; tendencia_pos=0.125; risco=0.3,Manter rotina de vigilância laboratorial.,sklearn_gb_v1,sklearn_v1
CACERES,criptococos_teste_rapido,2026,19,0.0319,-3.4118,baixo,positividade=0.0; tendencia_pos=-0.286; risco=0.01,Manter rotina de vigilância laboratorial.,sklearn_gb_v1,sklearn_v1
SORRISO,parvovirus_b19_igg,2025,45,0.0316,-3.4217,baixo,positividade=1.0; tendencia_pos=0.0; risco=0.27,Manter rotina de vigilância laboratorial.,sklearn_gb_v1,sklearn_v1
TANGARA DA SERRA,hiv,2025,40,0.0316,-3.4217,baixo,positividade=1.0; tendencia_pos=0.0; risco=0.39,Manter rotina de vigilância laboratorial.,sklearn_gb_v1,sklearn_v1
JUARA,influenza_a,2025,26,0.0314,-3.43,baixo,positividade=1.0; tendencia_pos=0.083; risco=1.39,Manter rotina de vigilância laboratorial.,sklearn_gb_v1,sklearn_v1
BARRA DO BUGRES,pesquisa_de_multipatogenos_ist,2026,20,0.0311,-3.4382,baixo,positividade=0.0; tendencia_pos=0.025; risco=0.0,Manter rotina de vigilância laboratorial.,sklearn_gb_v1,sklearn_v1
NOVO SAO JOAQUIM,zika,2025,10,0.0308,-3.4498,baixo,positividade=0.0; tendencia_pos=0.062; risco=0.14,Manter rotina de vigilância laboratorial.,sklearn_gb_v1,sklearn_v1
COLNIZA,influenza_a,2025,33,0.0307,-3.4535,baixo,positividade=0.0; tendencia_pos=0.208; risco=0.16,Manter rotina de vigilância laboratorial.,sklearn_gb_v1,sklearn_v1
RIO VERDE,sars_cov_2,2025,19,0.0306,-3.4561,baixo,positividade=0.5; tendencia_pos=0.0; risco=0.43,Manter rotina de vigilância laboratorial.,sklearn_gb_v1,sklearn_v1
TANGARA DA SERRA,pesquisa_de_multipatogenos_ist,2026,20,0.0305,-3.4574,baixo,positividade=0.33; tendencia_pos=0.031; risco=0.32,Manter rotina de vigilância laboratorial.,sklearn_gb_v1,sklearn_v1
PRIMAVERA DO LESTE,meningite_bacteriana_biologia_molecular,2025,33,0.0304,-3.4608,baixo,positividade=0.0; tendencia_pos=-0.111; risco=0.18,Manter rotina de vigilância laboratorial.,sklearn_gb_v1,sklearn_v1
SAO JOSE DOS QUATRO MARCOS,dengue,2025,22,0.0303,-3.4652,baixo,positividade=0.0; tendencia_pos=-0.021; risco=0.0,Manter rotina de vigilância laboratorial.,sklearn_gb_v1,sklearn_v1
RIO BRANCO,dengue,2025,29,0.0303,-3.4652,baixo,positividade=0.0; tendencia_pos=0.0; risco=0.01,Manter rotina de vigilância laboratorial.,sklearn_gb_v1,sklearn_v1
LUCAS DO RIO VERDE,variola,2024,43,0.0302,-3.4704,baixo,positividade=1.0; tendencia_pos=0.0; risco=0.89,Manter rotina de vigilância laboratorial.,sklearn_gb_v1,sklearn_v1
VILHENA,hepatite_b_hbv,2024,50,0.03,-3.4754,baixo,positividade=0.5; tendencia_pos=0.0; risco=1.25,Manter rotina de vigilância laboratorial.,sklearn_gb_v1,sklearn_v1
VARZEA GRANDE,meningite_bacteriana_biologia_molecular,2026,20,0.03,-3.475,baixo,positividade=0.0; tendencia_pos=-0.083; risco=0.0,Manter rotina de vigilância laboratorial.,sklearn_gb_v1,sklearn_v1
ARAPUTANGA,zika,2025,34,0.03,-3.475,baixo,positividade=0.0; tendencia_pos=-0.031; risco=0.0,Manter rotina de vigilância laboratorial.,sklearn_gb_v1,sklearn_v1
NOVA BRASILANDIA,dengue,2025,23,0.0299,-3.4796,baixo,positividade=0.0; tendencia_pos=-0.125; risco=0.05,Manter rotina de vigilância laboratorial.,sklearn_gb_v1,sklearn_v1
PONTES E LACERDA,cultura_para_fungos,2025,31,0.0298,-3.4823,baixo,positividade=1.0; tendencia_pos=0.0; risco=0.69,Manter rotina de vigilância laboratorial.,sklearn_gb_v1,sklearn_v1
CAMPINAPOLIS,tuberculose_cultura,2025,28,0.0296,-3.4893,baixo,positividade=0.0; tendencia_pos=0.0; risco=0.28,Manter rotina de vigilância laboratorial.,sklearn_gb_v1,sklearn_v1
SINOP,hanseniase_biologia_molecular,2025,27,0.0295,-3.4938,baixo,positividade=0.0; tendencia_pos=0.125; risco=0.1,Manter rotina de vigilância laboratorial.,sklearn_gb_v1,sklearn_v1
SINOP,dengue,2025,33,0.0294,-3.4981,baixo,positividade=0.0; tendencia_pos=-0.078; risco=0.0,Manter rotina de vigilância laboratorial.,sklearn_gb_v1,sklearn_v1
POXOREO,bordetella,2025,3,0.0291,-3.509,baixo,positividade=0.4; tendencia_pos=0.0; risco=0.0,Manter rotina de vigilância laboratorial.,sklearn_gb_v1,sklearn_v1
SANTA TEREZINHA,chikungunya,2025,17,0.0287,-3.5226,baixo,positividade=0.0; tendencia_pos=-0.083; risco=0.18,Manter rotina de vigilância laboratorial.,sklearn_gb_v1,sklearn_v1
NOVA SANTA HELENA,dengue,2025,24,0.0286,-3.5261,baixo,positividade=0.0; tendencia_pos=-0.015; risco=0.0,Manter rotina de vigilância laboratorial.,sklearn_gb_v1,sklearn_v1
ZE DOCA,chikungunya,2025,20,0.0284,-3.5325,baixo,positividade=0.4; tendencia_pos=0.0; risco=0.3,Manter rotina de vigilância laboratorial.,sklearn_gb_v1,sklearn_v1
CANDEIAS DO JAMARI,chikungunya,2025,17,0.0283,-3.5379,baixo,positividade=0.0; tendencia_pos=0.0; risco=0.14,Manter rotina de vigilância laboratorial.,sklearn_gb_v1,sklearn_v1
SAO JOSE DE RIBAMAR,chikungunya,2025,26,0.0282,-3.5397,baixo,positividade=1.0; tendencia_pos=0.0; risco=0.24,Manter rotina de vigilância laboratorial.,sklearn_gb_v1,sklearn_v1
CACERES,dengue,2026,14,0.0281,-3.5439,baixo,positividade=0.0; tendencia_pos=-0.031; risco=0.35,Manter rotina de vigilância laboratorial.,sklearn_gb_v1,sklearn_v1
NOVO REPARTIMENTO,dengue,2025,15,0.0279,-3.5508,baixo,positividade=0.0; tendencia_pos=0.0; risco=0.0,Manter rotina de vigilância laboratorial.,sklearn_gb_v1,sklearn_v1
NOVA CANAA DO NORTE,dengue,2025,29,0.0279,-3.5508,baixo,positividade=0.0; tendencia_pos=0.0; risco=0.0,Manter rotina de vigilância laboratorial.,sklearn_gb_v1,sklearn_v1
FIGUEIROPOLIS D''OESTE,chikungunya,2025,13,0.0279,-3.5508,baixo,positividade=0.0; tendencia_pos=0.0; risco=0.0,Manter rotina de vigilância laboratorial.,sklearn_gb_v1,sklearn_v1
RIO DE JANEIRO,sars_cov_2,2025,16,0.0279,-3.5524,baixo,positividade=0.5; tendencia_pos=0.0; risco=1.02,Manter rotina de vigilância laboratorial.,sklearn_gb_v1,sklearn_v1
COTRIGUACU,chikungunya,2025,21,0.0279,-3.5508,baixo,positividade=0.0; tendencia_pos=0.0; risco=0.1,Manter rotina de vigilância laboratorial.,sklearn_gb_v1,sklearn_v1
PONTES E LACERDA,tuberculose,2025,20,0.0279,-3.5508,baixo,positividade=0.0; tendencia_pos=0.0; risco=0.0,Manter rotina de vigilância laboratorial.,sklearn_gb_v1,sklearn_v1
MATUPA,dengue,2025,31,0.0277,-3.5601,baixo,positividade=0.0; tendencia_pos=-0.072; risco=0.0,Manter rotina de vigilância laboratorial.,sklearn_gb_v1,sklearn_v1
BARRA DO GARCAS,dengue,2025,32,0.0277,-3.5572,baixo,positividade=0.0; tendencia_pos=0.019; risco=0.0,Manter rotina de vigilância laboratorial.,sklearn_gb_v1,sklearn_v1
SAO JOSE DO XINGU,tuberculose_cultura,2025,22,0.0277,-3.5572,baixo,positividade=0.0; tendencia_pos=0.025; risco=0.1,Manter rotina de vigilância laboratorial.,sklearn_gb_v1,sklearn_v1
PEDRA PRETA,dengue,2025,27,0.0274,-3.5701,baixo,positividade=0.0; tendencia_pos=0.125; risco=0.0,Manter rotina de vigilância laboratorial.,sklearn_gb_v1,sklearn_v1
VILHENA,dengue,2025,28,0.0272,-3.5759,baixo,positividade=0.0; tendencia_pos=-0.125; risco=0.35,Manter rotina de vigilância laboratorial.,sklearn_gb_v1,sklearn_v1
ARAPUTANGA,bordetella,2025,29,0.0271,-3.5796,baixo,positividade=0.0; tendencia_pos=0.0; risco=0.17,Manter rotina de vigilância laboratorial.,sklearn_gb_v1,sklearn_v1
VERA,zika,2025,31,0.027,-3.5827,baixo,positividade=0.0; tendencia_pos=-0.041; risco=0.27,Manter rotina de vigilância laboratorial.,sklearn_gb_v1,sklearn_v1
CAMPO VERDE,influenza_a,2025,30,0.027,-3.5856,baixo,positividade=0.0; tendencia_pos=-0.25; risco=0.0,Manter rotina de vigilância laboratorial.,sklearn_gb_v1,sklearn_v1
CAMPO VERDE,chagas_igg,2025,32,0.027,-3.5856,baixo,positividade=0.0; tendencia_pos=-0.25; risco=0.0,Manter rotina de vigilância laboratorial.,sklearn_gb_v1,sklearn_v1
JUINA,tuberculose_cultura,2025,28,0.0269,-3.5894,baixo,positividade=0.0; tendencia_pos=-0.25; risco=0.0,Manter rotina de vigilância laboratorial.,sklearn_gb_v1,sklearn_v1
BARRA DO BUGRES,hepatite_c_hcv,2026,8,0.0269,-3.5894,baixo,positividade=0.0; tendencia_pos=-0.25; risco=0.0,Manter rotina de vigilância laboratorial.,sklearn_gb_v1,sklearn_v1
NOVA GUARITA,zika,2025,34,0.0269,-3.588,baixo,positividade=0.0; tendencia_pos=0.04; risco=0.0,Manter rotina de vigilância laboratorial.,sklearn_gb_v1,sklearn_v1
CACERES,tuberculose_cultura,2025,28,0.0268,-3.5939,baixo,positividade=0.0; tendencia_pos=-0.094; risco=0.11,Manter rotina de vigilância laboratorial.,sklearn_gb_v1,sklearn_v1
ALTO GARCAS,dengue,2025,31,0.0268,-3.5939,baixo,positividade=0.0; tendencia_pos=-0.016; risco=0.0,Manter rotina de vigilância laboratorial.,sklearn_gb_v1,sklearn_v1
PRIMAVERA DO LESTE,influenza_a,2025,51,0.0268,-3.5939,baixo,positividade=0.0; tendencia_pos=-0.083; risco=0.0,Manter rotina de vigilância laboratorial.,sklearn_gb_v1,sklearn_v1
CUIABA,meningite_bacteriana_biologia_molecular,2026,21,0.0268,-3.5939,baixo,positividade=0.0; tendencia_pos=-0.1; risco=0.0,Manter rotina de vigilância laboratorial.,sklearn_gb_v1,sklearn_v1
CORUMBA,dengue,2025,34,0.0268,-3.5939,baixo,positividade=0.0; tendencia_pos=0.0; risco=0.0,Manter rotina de vigilância laboratorial.,sklearn_gb_v1,sklearn_v1
JURUENA,chikungunya,2025,31,0.0268,-3.5939,baixo,positividade=0.0; tendencia_pos=-0.094; risco=0.06,Manter rotina de vigilância laboratorial.,sklearn_gb_v1,sklearn_v1
ROSARIO OESTE,zika,2025,30,0.0268,-3.5939,baixo,positividade=0.0; tendencia_pos=-0.083; risco=0.06,Manter rotina de vigilância laboratorial.,sklearn_gb_v1,sklearn_v1
TERRA NOVA DO NORTE,dengue,2025,30,0.0266,-3.5983,baixo,positividade=0.0; tendencia_pos=0.007; risco=0.08,Manter rotina de vigilância laboratorial.,sklearn_gb_v1,sklearn_v1
LADARIO,dengue,2025,13,0.0265,-3.6032,baixo,positividade=0.0; tendencia_pos=0.0; risco=0.35,Manter rotina de vigilância laboratorial.,sklearn_gb_v1,sklearn_v1
TAPURAH,dengue,2025,34,0.0264,-3.6083,baixo,positividade=0.0; tendencia_pos=0.022; risco=0.0,Manter rotina de vigilância laboratorial.,sklearn_gb_v1,sklearn_v1
RONDONOPOLIS,tuberculose_cultura,2025,31,0.0261,-3.6181,baixo,positividade=0.0; tendencia_pos=0.0; risco=0.23,Manter rotina de vigilância laboratorial.,sklearn_gb_v1,sklearn_v1
TANGARA DA SERRA,hepatite_c_hcv,2026,10,0.0261,-3.6177,baixo,positividade=0.0; tendencia_pos=-0.062; risco=0.0,Manter rotina de vigilância laboratorial.,sklearn_gb_v1,sklearn_v1
SANTA TEREZINHA,dengue,2025,17,0.0261,-3.6208,baixo,positividade=0.0; tendencia_pos=0.0; risco=0.85,Manter rotina de vigilância laboratorial.,sklearn_gb_v1,sklearn_v1
CUIABA,fungos,2025,45,0.0261,-3.6177,baixo,positividade=0.0; tendencia_pos=-0.062; risco=0.0,Manter rotina de vigilância laboratorial.,sklearn_gb_v1,sklearn_v1
APIACAS,zika,2025,16,0.026,-3.6249,baixo,positividade=0.0; tendencia_pos=0.0; risco=0.01,Manter rotina de vigilância laboratorial.,sklearn_gb_v1,sklearn_v1
SANTA RITA DO TRIVELATO,chikungunya,2025,20,0.026,-3.6229,baixo,positividade=0.0; tendencia_pos=0.107; risco=0.0,Manter rotina de vigilância laboratorial.,sklearn_gb_v1,sklearn_v1
VARZEA GRANDE,sarampo_igg,2025,41,0.0259,-3.6281,baixo,positividade=0.0; tendencia_pos=0.25; risco=0.0,Manter rotina de vigilância laboratorial.,sklearn_gb_v1,sklearn_v1
CUIABA,bordetella,2025,21,0.0259,-3.6277,baixo,positividade=0.0; tendencia_pos=-0.017; risco=0.0,Manter rotina de vigilância laboratorial.,sklearn_gb_v1,sklearn_v1
JUINA,cultura_para_fungos,2024,29,0.0256,-3.6378,baixo,positividade=0.0; tendencia_pos=0.05; risco=0.09,Manter rotina de vigilância laboratorial.,sklearn_gb_v1,sklearn_v1
SINOP,tuberculose_teste_de_sensibilidade,2025,21,0.0256,-3.6385,baixo,positividade=0.0; tendencia_pos=0.0; risco=0.38,Manter rotina de vigilância laboratorial.,sklearn_gb_v1,sklearn_v1
SINOP,zika,2025,33,0.0256,-3.6385,baixo,positividade=0.0; tendencia_pos=0.001; risco=0.36,Manter rotina de vigilância laboratorial.,sklearn_gb_v1,sklearn_v1
CAMPO NOVO DO PARECIS,dengue,2025,35,0.0256,-3.6396,baixo,positividade=0.0; tendencia_pos=-0.028; risco=0.0,Manter rotina de vigilância laboratorial.,sklearn_gb_v1,sklearn_v1
NOVA MUTUM,toxoplasmose_igm,2025,32,0.0255,-3.6429,baixo,positividade=0.0; tendencia_pos=0.25; risco=0.0,Manter rotina de vigilância laboratorial.,sklearn_gb_v1,sklearn_v1
IPIRANGA DO NORTE,dengue,2025,34,0.0255,-3.6429,baixo,positividade=0.0; tendencia_pos=0.0; risco=0.0,Manter rotina de vigilância laboratorial.,sklearn_gb_v1,sklearn_v1
CHAPADA DOS GUIMARAES,bordetella,2025,22,0.0255,-3.6429,baixo,positividade=0.0; tendencia_pos=0.0; risco=0.04,Manter rotina de vigilância laboratorial.,sklearn_gb_v1,sklearn_v1
PONTES E LACERDA,tuberculose_cultura,2025,33,0.0254,-3.649,baixo,positividade=0.0; tendencia_pos=0.0; risco=0.21,Manter rotina de vigilância laboratorial.,sklearn_gb_v1,sklearn_v1
PEDRA PRETA,zika,2025,22,0.0254,-3.646,baixo,positividade=0.0; tendencia_pos=0.042; risco=0.0,Manter rotina de vigilância laboratorial.,sklearn_gb_v1,sklearn_v1
CAMPO NOVO DO PARECIS,hiv,2026,2,0.0253,-3.652,baixo,positividade=0.0; tendencia_pos=0.0; risco=0.17,Manter rotina de vigilância laboratorial.,sklearn_gb_v1,sklearn_v1
LUCAS DO RIO VERDE,bordetella,2025,4,0.0253,-3.652,baixo,positividade=0.0; tendencia_pos=0.0; risco=0.0,Manter rotina de vigilância laboratorial.,sklearn_gb_v1,sklearn_v1
JUARA,pesquisa_de_multipatogenos_ist,2025,9,0.0253,-3.6512,baixo,positividade=0.0; tendencia_pos=-0.008; risco=0.34,Manter rotina de vigilância laboratorial.,sklearn_gb_v1,sklearn_v1
NOVA MUTUM,bordetella,2025,17,0.0253,-3.652,baixo,positividade=0.0; tendencia_pos=0.0; risco=0.0,Manter rotina de vigilância laboratorial.,sklearn_gb_v1,sklearn_v1
NOVA GUARITA,dengue,2025,34,0.0253,-3.652,baixo,positividade=0.0; tendencia_pos=0.009; risco=0.0,Manter rotina de vigilância laboratorial.,sklearn_gb_v1,sklearn_v1
SINOP,bordetella,2025,12,0.0253,-3.652,baixo,positividade=0.0; tendencia_pos=0.0; risco=0.0,Manter rotina de vigilância laboratorial.,sklearn_gb_v1,sklearn_v1
SALTO DO CEU,zika,2026,13,0.0252,-3.6563,baixo,positividade=0.0; tendencia_pos=-0.167; risco=0.03,Manter rotina de vigilância laboratorial.,sklearn_gb_v1,sklearn_v1
CLAUDIA,dengue,2025,21,0.0251,-3.6599,baixo,positividade=0.0; tendencia_pos=0.025; risco=0.0,Manter rotina de vigilância laboratorial.,sklearn_gb_v1,sklearn_v1
CUIABA,rifampicina,2026,20,0.0251,-3.6581,baixo,positividade=0.5; tendencia_pos=0.062; risco=1.0,Manter rotina de vigilância laboratorial.,sklearn_gb_v1,sklearn_v1
RESERVA DO CABACAL,dengue,2025,21,0.025,-3.6653,baixo,positividade=0.0; tendencia_pos=0.107; risco=0.71,Manter rotina de vigilância laboratorial.,sklearn_gb_v1,sklearn_v1
MANDAGUACU,dengue,2025,22,0.025,-3.663,baixo,positividade=0.2; tendencia_pos=0.0; risco=0.0,Manter rotina de vigilância laboratorial.,sklearn_gb_v1,sklearn_v1
ALTA FLORESTA,zika,2025,32,0.0249,-3.6664,baixo,positividade=0.0; tendencia_pos=-0.021; risco=0.34,Manter rotina de vigilância laboratorial.,sklearn_gb_v1,sklearn_v1
PARANATINGA,rifampicina,2025,24,0.0249,-3.6664,baixo,positividade=0.0; tendencia_pos=0.0; risco=0.46,Manter rotina de vigilância laboratorial.,sklearn_gb_v1,sklearn_v1
PARANAITA,virus_respiratorios,2025,28,0.0249,-3.6664,baixo,positividade=0.0; tendencia_pos=0.0; risco=0.51,Manter rotina de vigilância laboratorial.,sklearn_gb_v1,sklearn_v1
CAMPO VERDE,zika,2025,51,0.0249,-3.6686,baixo,positividade=0.0; tendencia_pos=-0.054; risco=0.0,Manter rotina de vigilância laboratorial.,sklearn_gb_v1,sklearn_v1
ITIQUIRA,zika,2025,13,0.0249,-3.6664,baixo,positividade=0.0; tendencia_pos=0.0; risco=0.34,Manter rotina de vigilância laboratorial.,sklearn_gb_v1,sklearn_v1
CANARANA,meningite_bacteriana_biologia_molecular,2025,16,0.0249,-3.6664,baixo,positividade=0.0; tendencia_pos=0.0; risco=0.51,Manter rotina de vigilância laboratorial.,sklearn_gb_v1,sklearn_v1
SINOP,sars_cov_2,2025,51,0.0249,-3.6686,baixo,positividade=0.0; tendencia_pos=-0.05; risco=0.0,Manter rotina de vigilância laboratorial.,sklearn_gb_v1,sklearn_v1
SALTO DO CEU,dengue,2026,13,0.0249,-3.6695,baixo,positividade=0.0; tendencia_pos=0.0; risco=0.03,Manter rotina de vigilância laboratorial.,sklearn_gb_v1,sklearn_v1
GENERAL CARNEIRO,influenza_a,2025,22,0.0247,-3.6761,baixo,positividade=0.0; tendencia_pos=0.0; risco=0.57,Manter rotina de vigilância laboratorial.,sklearn_gb_v1,sklearn_v1
GENERAL CARNEIRO,influenza_b,2025,22,0.0247,-3.6761,baixo,positividade=0.0; tendencia_pos=0.0; risco=0.57,Manter rotina de vigilância laboratorial.,sklearn_gb_v1,sklearn_v1
VOLTA REDONDA,chikungunya,2025,11,0.0246,-3.6799,baixo,positividade=0.0; tendencia_pos=0.0; risco=0.0,Manter rotina de vigilância laboratorial.,sklearn_gb_v1,sklearn_v1
AGUA BOA,sarampo_igm,2025,15,0.0246,-3.6799,baixo,positividade=0.0; tendencia_pos=0.0; risco=0.0,Manter rotina de vigilância laboratorial.,sklearn_gb_v1,sklearn_v1
QUERENCIA,bordetella,2025,7,0.0246,-3.6799,baixo,positividade=0.0; tendencia_pos=0.0; risco=0.0,Manter rotina de vigilância laboratorial.,sklearn_gb_v1,sklearn_v1
PRIMAVERA DO LESTE,bordetella,2025,15,0.0246,-3.6799,baixo,positividade=0.0; tendencia_pos=0.0; risco=0.0,Manter rotina de vigilância laboratorial.,sklearn_gb_v1,sklearn_v1
AGUA BOA,rubeola_igm,2025,15,0.0246,-3.6799,baixo,positividade=0.0; tendencia_pos=0.0; risco=0.0,Manter rotina de vigilância laboratorial.,sklearn_gb_v1,sklearn_v1
MARCELANDIA,variola,2025,32,0.0246,-3.6799,baixo,positividade=0.0; tendencia_pos=0.0; risco=0.01,Manter rotina de vigilância laboratorial.,sklearn_gb_v1,sklearn_v1
DIAMANTINO,meningite_bacteriana_biologia_molecular,2025,4,0.0246,-3.6799,baixo,positividade=0.0; tendencia_pos=0.0; risco=0.0,Manter rotina de vigilância laboratorial.,sklearn_gb_v1,sklearn_v1
CORUMBIARA,dengue,2025,3,0.0246,-3.6799,baixo,positividade=0.0; tendencia_pos=0.0; risco=0.17,Manter rotina de vigilância laboratorial.,sklearn_gb_v1,sklearn_v1
CACERES,coqueluche_deteccao_de_bordetella_pertussis,2025,30,0.0246,-3.6799,baixo,positividade=0.0; tendencia_pos=0.0; risco=0.01,Manter rotina de vigilância laboratorial.,sklearn_gb_v1,sklearn_v1
SINOP,tuberculose_cultura,2025,29,0.0246,-3.679,baixo,positividade=0.0; tendencia_pos=-0.125; risco=0.55,Manter rotina de vigilância laboratorial.,sklearn_gb_v1,sklearn_v1
BRAGANCA PAULISTA,rifampicina,2025,3,0.0246,-3.6799,baixo,positividade=0.0; tendencia_pos=0.0; risco=0.0,Manter rotina de vigilância laboratorial.,sklearn_gb_v1,sklearn_v1
CAMPO VERDE,sars_cov_2,2025,5,0.0246,-3.681,baixo,positividade=0.0; tendencia_pos=0.0; risco=0.0,Manter rotina de vigilância laboratorial.,sklearn_gb_v1,sklearn_v1
BELO HORIZONTE,coqueluche_deteccao_de_bordetella_pertussis,2025,30,0.0246,-3.6799,baixo,positividade=0.0; tendencia_pos=0.0; risco=0.0,Manter rotina de vigilância laboratorial.,sklearn_gb_v1,sklearn_v1
SORRISO,coqueluche_deteccao_de_bordetella_pertussis,2025,29,0.0246,-3.6799,baixo,positividade=0.0; tendencia_pos=0.0; risco=0.0,Manter rotina de vigilância laboratorial.,sklearn_gb_v1,sklearn_v1
RIBEIRAO CASCALHEIRA,coqueluche_deteccao_de_bordetella_pertussis,2025,35,0.0246,-3.6799,baixo,positividade=0.0; tendencia_pos=0.0; risco=0.11,Manter rotina de vigilância laboratorial.,sklearn_gb_v1,sklearn_v1
BREJOLANDIA,dengue,2025,1,0.0246,-3.6799,baixo,positividade=0.0; tendencia_pos=0.0; risco=0.0,Manter rotina de vigilância laboratorial.,sklearn_gb_v1,sklearn_v1
AURIFLAMA,zika,2025,14,0.0246,-3.6799,baixo,positividade=0.0; tendencia_pos=0.0; risco=0.0,Manter rotina de vigilância laboratorial.,sklearn_gb_v1,sklearn_v1
AURIFLAMA,dengue,2025,14,0.0246,-3.6799,baixo,positividade=0.0; tendencia_pos=0.0; risco=0.0,Manter rotina de vigilância laboratorial.,sklearn_gb_v1,sklearn_v1
NOVA NAZARE,bordetella,2025,6,0.0246,-3.6799,baixo,positividade=0.0; tendencia_pos=0.0; risco=0.12,Manter rotina de vigilância laboratorial.,sklearn_gb_v1,sklearn_v1
JACAREACANGA,tuberculose_cultura,2025,18,0.0246,-3.6799,baixo,positividade=0.0; tendencia_pos=0.0; risco=0.17,Manter rotina de vigilância laboratorial.,sklearn_gb_v1,sklearn_v1
SANTA LUZIA D''OESTE,hepatite_b_hbv,2024,29,0.0246,-3.6799,baixo,positividade=0.0; tendencia_pos=0.0; risco=0.0,Manter rotina de vigilância laboratorial.,sklearn_gb_v1,sklearn_v1
CANARANA,coqueluche_deteccao_de_bordetella_pertussis,2025,33,0.0246,-3.6799,baixo,positividade=0.0; tendencia_pos=0.0; risco=0.0,Manter rotina de vigilância laboratorial.,sklearn_gb_v1,sklearn_v1
ARIPUANA,zika,2025,22,0.0246,-3.6803,baixo,positividade=0.0; tendencia_pos=0.062; risco=0.22,Manter rotina de vigilância laboratorial.,sklearn_gb_v1,sklearn_v1
MARCELANDIA,varicela_zoster_biologia_molecular,2025,32,0.0246,-3.6799,baixo,positividade=0.0; tendencia_pos=0.0; risco=0.01,Manter rotina de vigilância laboratorial.,sklearn_gb_v1,sklearn_v1
CACERES,bordetella,2025,11,0.0246,-3.6799,baixo,positividade=0.0; tendencia_pos=0.0; risco=0.01,Manter rotina de vigilância laboratorial.,sklearn_gb_v1,sklearn_v1
CARIRIACU,chikungunya,2025,19,0.0246,-3.6799,baixo,positividade=0.0; tendencia_pos=0.0; risco=0.0,Manter rotina de vigilância laboratorial.,sklearn_gb_v1,sklearn_v1
CASTANHEIRA,chikungunya,2025,19,0.0246,-3.6799,baixo,positividade=0.0; tendencia_pos=0.0; risco=0.17,Manter rotina de vigilância laboratorial.,sklearn_gb_v1,sklearn_v1
PARNAIBA,chikungunya,2025,20,0.0246,-3.6799,baixo,positividade=0.0; tendencia_pos=0.0; risco=0.0,Manter rotina de vigilância laboratorial.,sklearn_gb_v1,sklearn_v1
COELHO NETO,dengue,2025,15,0.0246,-3.6799,baixo,positividade=0.0; tendencia_pos=0.0; risco=0.17,Manter rotina de vigilância laboratorial.,sklearn_gb_v1,sklearn_v1
RIO BRILHANTE,dengue,2025,16,0.0246,-3.6799,baixo,positividade=0.0; tendencia_pos=0.0; risco=0.17,Manter rotina de vigilância laboratorial.,sklearn_gb_v1,sklearn_v1
FARIAS BRITO,chikungunya,2025,15,0.0246,-3.6799,baixo,positividade=0.0; tendencia_pos=0.0; risco=0.0,Manter rotina de vigilância laboratorial.,sklearn_gb_v1,sklearn_v1
POCONE,zika,2025,28,0.0246,-3.6803,baixo,positividade=0.0; tendencia_pos=0.042; risco=0.24,Manter rotina de vigilância laboratorial.,sklearn_gb_v1,sklearn_v1
CUIABA,coqueluche_deteccao_de_bordetella_pertussis,2025,33,0.0246,-3.6799,baixo,positividade=0.0; tendencia_pos=0.0; risco=0.0,Manter rotina de vigilância laboratorial.,sklearn_gb_v1,sklearn_v1
COCALZINHO DE GOIAS,dengue,2025,1,0.0246,-3.6799,baixo,positividade=0.0; tendencia_pos=0.0; risco=0.0,Manter rotina de vigilância laboratorial.,sklearn_gb_v1,sklearn_v1
RONDONOPOLIS,bordetella,2025,15,0.0246,-3.6799,baixo,positividade=0.0; tendencia_pos=0.0; risco=0.0,Manter rotina de vigilância laboratorial.,sklearn_gb_v1,sklearn_v1
SORRISO,bordetella,2025,8,0.0246,-3.6799,baixo,positividade=0.0; tendencia_pos=0.0; risco=0.0,Manter rotina de vigilância laboratorial.,sklearn_gb_v1,sklearn_v1
IGARAPE DO MEIO,dengue,2025,18,0.0246,-3.6799,baixo,positividade=0.0; tendencia_pos=0.0; risco=0.17,Manter rotina de vigilância laboratorial.,sklearn_gb_v1,sklearn_v1
CANARANA,bordetella,2025,27,0.0246,-3.6799,baixo,positividade=0.0; tendencia_pos=0.0; risco=0.0,Manter rotina de vigilância laboratorial.,sklearn_gb_v1,sklearn_v1
VARZEA GRANDE,bordetella,2025,19,0.0246,-3.6799,baixo,positividade=0.0; tendencia_pos=0.0; risco=0.0,Manter rotina de vigilância laboratorial.,sklearn_gb_v1,sklearn_v1
JUINA,bordetella,2025,19,0.0246,-3.6799,baixo,positividade=0.0; tendencia_pos=0.0; risco=0.0,Manter rotina de vigilância laboratorial.,sklearn_gb_v1,sklearn_v1
SORRISO,hepatite_c_hcv,2025,28,0.0245,-3.6826,baixo,positividade=0.0; tendencia_pos=0.0; risco=0.19,Manter rotina de vigilância laboratorial.,sklearn_gb_v1,sklearn_v1
SAO JOSE DOS BASILIOS,dengue,2025,19,0.0244,-3.6866,baixo,positividade=0.2; tendencia_pos=0.0; risco=0.3,Manter rotina de vigilância laboratorial.,sklearn_gb_v1,sklearn_v1
CUIABA,varicela_biologia_molecular,2025,20,0.0243,-3.691,baixo,positividade=1.0; tendencia_pos=0.0; risco=0.3,Manter rotina de vigilância laboratorial.,sklearn_gb_v1,sklearn_v1
SORRISO,chagas_igg,2025,34,0.0242,-3.6966,baixo,positividade=0.0; tendencia_pos=-0.011; risco=0.0,Manter rotina de vigilância laboratorial.,sklearn_gb_v1,sklearn_v1
RIO DE JANEIRO,zika,2025,11,0.0242,-3.6966,baixo,positividade=0.0; tendencia_pos=-0.056; risco=0.0,Manter rotina de vigilância laboratorial.,sklearn_gb_v1,sklearn_v1
TABAPORA,dengue,2025,23,0.0242,-3.6966,baixo,positividade=0.0; tendencia_pos=0.015; risco=0.0,Manter rotina de vigilância laboratorial.,sklearn_gb_v1,sklearn_v1
TABAPORA,zika,2025,23,0.0242,-3.6966,baixo,positividade=0.0; tendencia_pos=-0.022; risco=0.0,Manter rotina de vigilância laboratorial.,sklearn_gb_v1,sklearn_v1
CAMPO NOVO DO PARECIS,sars_cov_2,2026,16,0.0242,-3.6979,baixo,positividade=0.0; tendencia_pos=0.021; risco=0.0,Manter rotina de vigilância laboratorial.,sklearn_gb_v1,sklearn_v1
PONTES E LACERDA,influenza_a,2025,34,0.0242,-3.6966,baixo,positividade=0.0; tendencia_pos=-0.062; risco=0.07,Manter rotina de vigilância laboratorial.,sklearn_gb_v1,sklearn_v1
VARZEA GRANDE,tuberculose_teste_de_sensibilidade,2025,24,0.0242,-3.6966,baixo,positividade=0.0; tendencia_pos=-0.031; risco=0.11,Manter rotina de vigilância laboratorial.,sklearn_gb_v1,sklearn_v1
COLIDER,dengue,2025,34,0.0242,-3.6966,baixo,positividade=0.0; tendencia_pos=-0.047; risco=0.0,Manter rotina de vigilância laboratorial.,sklearn_gb_v1,sklearn_v1
CAMPO NOVO DO PARECIS,zika,2025,35,0.0241,-3.7023,baixo,positividade=0.0; tendencia_pos=-0.001; risco=0.0,Manter rotina de vigilância laboratorial.,sklearn_gb_v1,sklearn_v1
SANTA TEREZINHA,leishmaniose_visceral_humana_total,2025,8,0.024,-3.7035,baixo,positividade=0.0; tendencia_pos=0.0; risco=0.18,Manter rotina de vigilância laboratorial.,sklearn_gb_v1,sklearn_v1
CURVELANDIA,influenza_a,2025,13,0.024,-3.7035,baixo,positividade=0.0; tendencia_pos=0.0; risco=0.5,Manter rotina de vigilância laboratorial.,sklearn_gb_v1,sklearn_v1
CURVELANDIA,influenza_b,2025,13,0.024,-3.7035,baixo,positividade=0.0; tendencia_pos=0.0; risco=0.5,Manter rotina de vigilância laboratorial.,sklearn_gb_v1,sklearn_v1
ANAPOLIS,hepatite_b_hbv,2024,26,0.024,-3.7035,baixo,positividade=0.17; tendencia_pos=0.0; risco=0.5,Manter rotina de vigilância laboratorial.,sklearn_gb_v1,sklearn_v1
NOVA UBIRATA,hantavirus,2025,5,0.024,-3.7035,baixo,positividade=0.0; tendencia_pos=0.0; risco=0.29,Manter rotina de vigilância laboratorial.,sklearn_gb_v1,sklearn_v1
AGUA BOA,fungos,2025,15,0.024,-3.7035,baixo,positividade=0.0; tendencia_pos=0.0; risco=0.35,Manter rotina de vigilância laboratorial.,sklearn_gb_v1,sklearn_v1
PEIXOTO DE AZEVEDO,variola,2025,18,0.024,-3.7035,baixo,positividade=0.0; tendencia_pos=0.0; risco=0.37,Manter rotina de vigilância laboratorial.,sklearn_gb_v1,sklearn_v1
REDENCAO,dengue,2025,19,0.024,-3.7035,baixo,positividade=0.0; tendencia_pos=0.0; risco=0.35,Manter rotina de vigilância laboratorial.,sklearn_gb_v1,sklearn_v1
COLIDER,meningite_bacteriana_biologia_molecular,2024,26,0.024,-3.7035,baixo,positividade=0.0; tendencia_pos=0.0; risco=0.35,Manter rotina de vigilância laboratorial.,sklearn_gb_v1,sklearn_v1
NOVO MUNDO,hantavirus,2024,26,0.024,-3.7035,baixo,positividade=0.0; tendencia_pos=0.0; risco=0.18,Manter rotina de vigilância laboratorial.,sklearn_gb_v1,sklearn_v1
CAMPINAPOLIS,rubeola_igg,2024,27,0.024,-3.7035,baixo,positividade=0.0; tendencia_pos=0.0; risco=0.45,Manter rotina de vigilância laboratorial.,sklearn_gb_v1,sklearn_v1
CAMPOS DE JULIO,hiv,2025,9,0.024,-3.7035,baixo,positividade=0.0; tendencia_pos=0.0; risco=0.18,Manter rotina de vigilância laboratorial.,sklearn_gb_v1,sklearn_v1
ALTA FLORESTA,tuberculose_teste_de_sensibilidade,2025,3,0.024,-3.7035,baixo,positividade=0.0; tendencia_pos=0.0; risco=0.35,Manter rotina de vigilância laboratorial.,sklearn_gb_v1,sklearn_v1
VARZEA GRANDE,pesquisa_de_carbapenemases,2025,43,0.0239,-3.7098,baixo,positividade=0.5; tendencia_pos=0.0; risco=0.0,Manter rotina de vigilância laboratorial.,sklearn_gb_v1,sklearn_v1
RONDONOPOLIS,pesquisa_de_genes_de_resistencia,2025,20,0.0239,-3.7098,baixo,positividade=0.5; tendencia_pos=0.0; risco=0.0,Manter rotina de vigilância laboratorial.,sklearn_gb_v1,sklearn_v1
MIRASSOL D''OESTE,rifampicina,2025,3,0.0238,-3.7131,baixo,positividade=0.0; tendencia_pos=0.0; risco=0.62,Manter rotina de vigilância laboratorial.,sklearn_gb_v1,sklearn_v1
GENERAL CARNEIRO,sars_cov_2,2025,22,0.0238,-3.7131,baixo,positividade=0.0; tendencia_pos=0.0; risco=0.56,Manter rotina de vigilância laboratorial.,sklearn_gb_v1,sklearn_v1
PARANAITA,dengue,2025,28,0.0237,-3.7177,baixo,positividade=0.0; tendencia_pos=0.032; risco=0.0,Manter rotina de vigilância laboratorial.,sklearn_gb_v1,sklearn_v1
CUIABA,virus_respiratorios,2026,10,0.0237,-3.7188,baixo,positividade=0.0; tendencia_pos=-0.072; risco=0.0,Manter rotina de vigilância laboratorial.,sklearn_gb_v1,sklearn_v1
CRUZEIRO DO SUL,chikungunya,2025,7,0.0237,-3.7174,baixo,positividade=0.25; tendencia_pos=0.0; risco=0.98,Manter rotina de vigilância laboratorial.,sklearn_gb_v1,sklearn_v1
CAMPO NOVO DO PARECIS,chikungunya,2025,35,0.0237,-3.7176,baixo,positividade=0.0; tendencia_pos=-0.051; risco=0.22,Manter rotina de vigilância laboratorial.,sklearn_gb_v1,sklearn_v1
JANGADA,zika,2025,34,0.0237,-3.7203,baixo,positividade=0.0; tendencia_pos=0.0; risco=0.06,Manter rotina de vigilância laboratorial.,sklearn_gb_v1,sklearn_v1
LAMBARI D''OESTE,zika,2025,20,0.0237,-3.7188,baixo,positividade=0.0; tendencia_pos=-0.005; risco=0.0,Manter rotina de vigilância laboratorial.,sklearn_gb_v1,sklearn_v1
PRIMAVERA DO LESTE,hepatite_c_hcv,2025,21,0.0237,-3.7203,baixo,positividade=0.0; tendencia_pos=0.0; risco=0.0,Manter rotina de vigilância laboratorial.,sklearn_gb_v1,sklearn_v1
CHAPADA DOS GUIMARAES,influenza_a,2025,34,0.0237,-3.7188,baixo,positividade=0.0; tendencia_pos=-0.071; risco=0.04,Manter rotina de vigilância laboratorial.,sklearn_gb_v1,sklearn_v1
CAMPO VERDE,chagas,2025,31,0.0236,-3.7215,baixo,positividade=0.0; tendencia_pos=0.0; risco=0.0,Manter rotina de vigilância laboratorial.,sklearn_gb_v1,sklearn_v1
NOVA XAVANTINA,dengue,2025,27,0.0236,-3.7208,baixo,positividade=0.0; tendencia_pos=-0.062; risco=0.17,Manter rotina de vigilância laboratorial.,sklearn_gb_v1,sklearn_v1
CORUMBA,sars_cov_2,2025,14,0.0236,-3.7205,baixo,positividade=0.0; tendencia_pos=0.0; risco=0.78,Manter rotina de vigilância laboratorial.,sklearn_gb_v1,sklearn_v1
LUCAS DO RIO VERDE,hepatite_c_hcv,2025,34,0.0236,-3.7215,baixo,positividade=0.0; tendencia_pos=-0.042; risco=0.0,Manter rotina de vigilância laboratorial.,sklearn_gb_v1,sklearn_v1
CAMPO NOVO DO PARECIS,pesquisa_de_multipatogenos_ist,2026,17,0.0234,-3.7313,baixo,positividade=0.0; tendencia_pos=0.0; risco=0.0,Manter rotina de vigilância laboratorial.,sklearn_gb_v1,sklearn_v1
CAMPO VERDE,chikungunya,2025,51,0.0234,-3.7313,baixo,positividade=0.0; tendencia_pos=-0.018; risco=0.0,Manter rotina de vigilância laboratorial.,sklearn_gb_v1,sklearn_v1
SORRISO,dengue,2025,35,0.0233,-3.7374,baixo,positividade=0.0; tendencia_pos=-0.028; risco=0.44,Manter rotina de vigilância laboratorial.,sklearn_gb_v1,sklearn_v1
NOSSA SENHORA DO LIVRAMENTO,sars_cov_2,2025,35,0.0233,-3.7347,baixo,positividade=0.0; tendencia_pos=-0.125; risco=0.11,Manter rotina de vigilância laboratorial.,sklearn_gb_v1,sklearn_v1
CAMPOS DE JULIO,tuberculose_lf_lam,2026,15,0.0232,-3.7413,baixo,positividade=1.0; tendencia_pos=0.05; risco=0.45,Manter rotina de vigilância laboratorial.,sklearn_gb_v1,sklearn_v1
TERRA NOVA DO NORTE,zika,2025,30,0.0232,-3.7388,baixo,positividade=0.0; tendencia_pos=0.0; risco=0.17,Manter rotina de vigilância laboratorial.,sklearn_gb_v1,sklearn_v1
SINOP,hepatite_c_hcv,2025,34,0.0231,-3.7441,baixo,positividade=0.0; tendencia_pos=-0.25; risco=0.0,Manter rotina de vigilância laboratorial.,sklearn_gb_v1,sklearn_v1
QUERENCIA,tuberculose_cultura,2025,24,0.023,-3.7509,baixo,positividade=0.0; tendencia_pos=0.083; risco=0.48,Manter rotina de vigilância laboratorial.,sklearn_gb_v1,sklearn_v1
TUCURUI,dengue,2025,28,0.023,-3.7496,baixo,positividade=0.0; tendencia_pos=0.05; risco=0.5,Manter rotina de vigilância laboratorial.,sklearn_gb_v1,sklearn_v1
BRASNORTE,sars_cov_2,2025,30,0.0229,-3.7524,baixo,positividade=0.0; tendencia_pos=0.05; risco=0.0,Manter rotina de vigilância laboratorial.,sklearn_gb_v1,sklearn_v1
JUARA,zika,2025,27,0.0229,-3.7516,baixo,positividade=0.0; tendencia_pos=0.034; risco=0.0,Manter rotina de vigilância laboratorial.,sklearn_gb_v1,sklearn_v1
BOA VISTA,dengue,2025,26,0.0229,-3.7516,baixo,positividade=0.0; tendencia_pos=0.05; risco=0.0,Manter rotina de vigilância laboratorial.,sklearn_gb_v1,sklearn_v1
ROSARIO OESTE,dengue,2025,30,0.0229,-3.7516,baixo,positividade=0.0; tendencia_pos=0.062; risco=0.06,Manter rotina de vigilância laboratorial.,sklearn_gb_v1,sklearn_v1
SORRISO,influenza_a,2025,34,0.0229,-3.7516,baixo,positividade=0.0; tendencia_pos=0.062; risco=0.0,Manter rotina de vigilância laboratorial.,sklearn_gb_v1,sklearn_v1
TANGARA DA SERRA,leptospira,2025,34,0.0229,-3.7524,baixo,positividade=0.0; tendencia_pos=0.062; risco=0.0,Manter rotina de vigilância laboratorial.,sklearn_gb_v1,sklearn_v1
CACERES,influenza_a,2026,14,0.0229,-3.7516,baixo,positividade=0.0; tendencia_pos=0.042; risco=0.01,Manter rotina de vigilância laboratorial.,sklearn_gb_v1,sklearn_v1
AGUA BOA,meningite_bacteriana_biologia_molecular,2025,24,0.0228,-3.7593,baixo,positividade=0.0; tendencia_pos=0.0; risco=0.12,Manter rotina de vigilância laboratorial.,sklearn_gb_v1,sklearn_v1
NOVA OLIMPIA,pesquisa_de_multipatogenos_ist,2026,20,0.0228,-3.7593,baixo,positividade=0.0; tendencia_pos=0.0; risco=0.0,Manter rotina de vigilância laboratorial.,sklearn_gb_v1,sklearn_v1
SAPEZAL,pesquisa_de_multipatogenos_ist,2026,20,0.0228,-3.7593,baixo,positividade=0.0; tendencia_pos=0.0; risco=0.0,Manter rotina de vigilância laboratorial.,sklearn_gb_v1,sklearn_v1
SORRISO,chagas,2025,34,0.0228,-3.7593,baixo,positividade=0.0; tendencia_pos=0.0; risco=0.0,Manter rotina de vigilância laboratorial.,sklearn_gb_v1,sklearn_v1
RONDONOPOLIS,sars_cov_2,2026,9,0.0228,-3.7593,baixo,positividade=0.0; tendencia_pos=0.0; risco=0.0,Manter rotina de vigilância laboratorial.,sklearn_gb_v1,sklearn_v1
VARZEA GRANDE,hepatite_a,2025,17,0.0228,-3.7575,baixo,positividade=0.5; tendencia_pos=0.0; risco=0.26,Manter rotina de vigilância laboratorial.,sklearn_gb_v1,sklearn_v1
CUIABA,variola,2025,35,0.0228,-3.7593,baixo,positividade=0.0; tendencia_pos=0.0; risco=0.0,Manter rotina de vigilância laboratorial.,sklearn_gb_v1,sklearn_v1
JUSCIMEIRA,dengue,2025,9,0.0228,-3.7593,baixo,positividade=0.0; tendencia_pos=0.0; risco=0.05,Manter rotina de vigilância laboratorial.,sklearn_gb_v1,sklearn_v1
SAO JOSE DO RIO CLARO,hepatite_c_hcv,2025,15,0.0228,-3.7563,baixo,positividade=0.0; tendencia_pos=0.0; risco=0.61,Manter rotina de vigilância laboratorial.,sklearn_gb_v1,sklearn_v1
RONDONOPOLIS,pesquisa_de_multipatogenos_ist,2025,17,0.0228,-3.7575,baixo,positividade=0.5; tendencia_pos=0.0; risco=0.27,Manter rotina de vigilância laboratorial.,sklearn_gb_v1,sklearn_v1
RONDONOPOLIS,influenza_b,2026,9,0.0228,-3.7593,baixo,positividade=0.0; tendencia_pos=0.0; risco=0.0,Manter rotina de vigilância laboratorial.,sklearn_gb_v1,sklearn_v1
TANGARA DA SERRA,hantavirus,2025,34,0.0228,-3.7593,baixo,positividade=0.0; tendencia_pos=-0.016; risco=0.1,Manter rotina de vigilância laboratorial.,sklearn_gb_v1,sklearn_v1
JUINA,hanseniase_biologia_molecular,2025,28,0.0228,-3.7593,baixo,positividade=0.0; tendencia_pos=0.0; risco=0.0,Manter rotina de vigilância laboratorial.,sklearn_gb_v1,sklearn_v1
JATAI,dengue,2025,15,0.0228,-3.7563,baixo,positividade=0.0; tendencia_pos=0.0; risco=0.56,Manter rotina de vigilância laboratorial.,sklearn_gb_v1,sklearn_v1
NOSSA SENHORA DO LIVRAMENTO,zika,2025,28,0.0228,-3.7593,baixo,positividade=0.0; tendencia_pos=-0.016; risco=0.11,Manter rotina de vigilância laboratorial.,sklearn_gb_v1,sklearn_v1
PONTES E LACERDA,influenza_b,2025,34,0.0228,-3.7593,baixo,positividade=0.0; tendencia_pos=0.0; risco=0.07,Manter rotina de vigilância laboratorial.,sklearn_gb_v1,sklearn_v1
IPIRANGA DO NORTE,zika,2025,34,0.0228,-3.7593,baixo,positividade=0.0; tendencia_pos=0.0; risco=0.0,Manter rotina de vigilância laboratorial.,sklearn_gb_v1,sklearn_v1
PONTES E LACERDA,virus_respiratorios,2025,34,0.0228,-3.7593,baixo,positividade=0.0; tendencia_pos=0.0; risco=0.08,Manter rotina de vigilância laboratorial.,sklearn_gb_v1,sklearn_v1
SAO JOSE DO RIO CLARO,dengue,2025,21,0.0228,-3.7593,baixo,positividade=0.0; tendencia_pos=0.0; risco=0.06,Manter rotina de vigilância laboratorial.,sklearn_gb_v1,sklearn_v1
GLORIA D''OESTE,dengue,2025,20,0.0228,-3.7578,baixo,positividade=0.0; tendencia_pos=0.125; risco=0.0,Manter rotina de vigilância laboratorial.,sklearn_gb_v1,sklearn_v1
SAPEZAL,influenza_a,2025,11,0.0226,-3.7668,baixo,positividade=0.0; tendencia_pos=-0.143; risco=0.38,Manter rotina de vigilância laboratorial.,sklearn_gb_v1,sklearn_v1
SINOP,criptococos_teste_rapido,2026,13,0.0226,-3.7668,baixo,positividade=0.0; tendencia_pos=0.125; risco=0.0,Manter rotina de vigilância laboratorial.,sklearn_gb_v1,sklearn_v1
NOVA UBIRATA,zika,2025,35,0.0225,-3.7708,baixo,positividade=0.0; tendencia_pos=0.0; risco=0.69,Manter rotina de vigilância laboratorial.,sklearn_gb_v1,sklearn_v1
FOZ DO IGUACU,dengue,2025,22,0.0225,-3.77,baixo,positividade=1.0; tendencia_pos=0.05; risco=0.49,Manter rotina de vigilância laboratorial.,sklearn_gb_v1,sklearn_v1
VARZEA GRANDE,chikungunya,2026,18,0.0224,-3.7763,baixo,positividade=0.0; tendencia_pos=-0.054; risco=0.0,Manter rotina de vigilância laboratorial.,sklearn_gb_v1,sklearn_v1
BARRA DO GARCAS,rifampicina,2025,35,0.0222,-3.7835,baixo,positividade=0.0; tendencia_pos=0.0; risco=0.16,Manter rotina de vigilância laboratorial.,sklearn_gb_v1,sklearn_v1
JUNQUEIROPOLIS,chikungunya,2025,4,0.0222,-3.7849,baixo,positividade=0.67; tendencia_pos=0.0; risco=0.0,Manter rotina de vigilância laboratorial.,sklearn_gb_v1,sklearn_v1
CUIABA,pesquisa_de_carbapenemases,2024,40,0.0222,-3.7857,baixo,positividade=0.67; tendencia_pos=0.0; risco=0.92,Manter rotina de vigilância laboratorial.,sklearn_gb_v1,sklearn_v1
NOVA MUTUM,rifampicina,2026,17,0.0222,-3.7861,baixo,positividade=1.0; tendencia_pos=0.083; risco=0.53,Manter rotina de vigilância laboratorial.,sklearn_gb_v1,sklearn_v1
COMODORO,zika,2025,30,0.0222,-3.7835,baixo,positividade=0.0; tendencia_pos=0.0; risco=0.17,Manter rotina de vigilância laboratorial.,sklearn_gb_v1,sklearn_v1
RINOPOLIS,chikungunya,2025,4,0.0222,-3.7849,baixo,positividade=0.67; tendencia_pos=0.0; risco=0.0,Manter rotina de vigilância laboratorial.,sklearn_gb_v1,sklearn_v1
PONTES E LACERDA,hepatite_c_hcv,2026,16,0.0222,-3.7865,baixo,positividade=0.0; tendencia_pos=0.25; risco=0.0,Manter rotina de vigilância laboratorial.,sklearn_gb_v1,sklearn_v1
SERRA,dengue,2025,29,0.0222,-3.7835,baixo,positividade=0.0; tendencia_pos=0.0; risco=0.17,Manter rotina de vigilância laboratorial.,sklearn_gb_v1,sklearn_v1
ROSARIO OESTE,influenza_b,2025,28,0.0222,-3.7865,baixo,positividade=0.0; tendencia_pos=0.25; risco=0.06,Manter rotina de vigilância laboratorial.,sklearn_gb_v1,sklearn_v1
GLORIA D''OESTE,chikungunya,2025,13,0.0222,-3.7851,baixo,positividade=0.0; tendencia_pos=0.042; risco=0.0,Manter rotina de vigilância laboratorial.,sklearn_gb_v1,sklearn_v1
BOMBINHAS,chikungunya,2024,24,0.0222,-3.7849,baixo,positividade=0.67; tendencia_pos=0.0; risco=0.0,Manter rotina de vigilância laboratorial.,sklearn_gb_v1,sklearn_v1
SORRISO,virus_respiratorios,2025,24,0.0222,-3.7835,baixo,positividade=0.0; tendencia_pos=0.0; risco=0.17,Manter rotina de vigilância laboratorial.,sklearn_gb_v1,sklearn_v1
NOVA CANAA DO NORTE,virus_respiratorios,2025,22,0.0221,-3.7908,baixo,positividade=0.0; tendencia_pos=-0.125; risco=0.0,Manter rotina de vigilância laboratorial.,sklearn_gb_v1,sklearn_v1
NOVA XAVANTINA,chikungunya,2025,27,0.0221,-3.788,baixo,positividade=0.0; tendencia_pos=-0.208; risco=0.0,Manter rotina de vigilância laboratorial.,sklearn_gb_v1,sklearn_v1
LUCAS DO RIO VERDE,influenza_b,2025,35,0.0221,-3.7876,baixo,positividade=0.0; tendencia_pos=0.001; risco=0.0,Manter rotina de vigilância laboratorial.,sklearn_gb_v1,sklearn_v1
CAMPO NOVO DO PARECIS,leptospira,2025,33,0.0221,-3.7876,baixo,positividade=0.0; tendencia_pos=-0.031; risco=0.0,Manter rotina de vigilância laboratorial.,sklearn_gb_v1,sklearn_v1
NOVA MUTUM,sars_cov_2,2026,19,0.0221,-3.7876,baixo,positividade=0.0; tendencia_pos=-0.062; risco=0.0,Manter rotina de vigilância laboratorial.,sklearn_gb_v1,sklearn_v1
BARRA DO GARCAS,hepatite_b_hbv,2025,33,0.0221,-3.788,baixo,positividade=0.0; tendencia_pos=-0.25; risco=0.0,Manter rotina de vigilância laboratorial.,sklearn_gb_v1,sklearn_v1
BOM LUGAR,chikungunya,2025,21,0.0217,-3.809,baixo,positividade=0.67; tendencia_pos=0.0; risco=0.3,Manter rotina de vigilância laboratorial.,sklearn_gb_v1,sklearn_v1
SORRISO,zika,2025,35,0.0217,-3.8083,baixo,positividade=0.0; tendencia_pos=-0.004; risco=0.2,Manter rotina de vigilância laboratorial.,sklearn_gb_v1,sklearn_v1
ITAITUBA,dengue,2025,32,0.0217,-3.807,baixo,positividade=0.0; tendencia_pos=0.0; risco=0.28,Manter rotina de vigilância laboratorial.,sklearn_gb_v1,sklearn_v1
CAXIAS,dengue,2025,30,0.0217,-3.807,baixo,positividade=0.0; tendencia_pos=0.0; risco=0.3,Manter rotina de vigilância laboratorial.,sklearn_gb_v1,sklearn_v1
SANTA LUZIA,chikungunya,2025,20,0.0217,-3.807,baixo,positividade=0.0; tendencia_pos=0.0; risco=0.4,Manter rotina de vigilância laboratorial.,sklearn_gb_v1,sklearn_v1
CAMPINAPOLIS,zika,2025,33,0.0217,-3.807,baixo,positividade=0.0; tendencia_pos=0.0; risco=0.28,Manter rotina de vigilância laboratorial.,sklearn_gb_v1,sklearn_v1
VILA BELA DA SANTISSIMA TRINDADE,dengue,2025,33,0.0217,-3.807,baixo,positividade=0.0; tendencia_pos=0.0; risco=0.35,Manter rotina de vigilância laboratorial.,sklearn_gb_v1,sklearn_v1
COELHO NETO,chikungunya,2025,15,0.0217,-3.809,baixo,positividade=0.67; tendencia_pos=0.0; risco=0.3,Manter rotina de vigilância laboratorial.,sklearn_gb_v1,sklearn_v1
CAMPO LARGO,chikungunya,2025,4,0.0217,-3.809,baixo,positividade=1.0; tendencia_pos=0.0; risco=0.17,Manter rotina de vigilância laboratorial.,sklearn_gb_v1,sklearn_v1
SANTO ANTONIO DO LEVERGER,dengue,2025,29,0.0217,-3.807,baixo,positividade=0.0; tendencia_pos=0.0; risco=0.25,Manter rotina de vigilância laboratorial.,sklearn_gb_v1,sklearn_v1
BARRA DA ESTIVA,chikungunya,2025,9,0.0216,-3.8152,baixo,positividade=1.0; tendencia_pos=0.0; risco=0.0,Manter rotina de vigilância laboratorial.,sklearn_gb_v1,sklearn_v1
CALDAS NOVAS,hepatite_b_hbv,2025,3,0.0216,-3.8152,baixo,positividade=1.0; tendencia_pos=0.0; risco=0.0,Manter rotina de vigilância laboratorial.,sklearn_gb_v1,sklearn_v1
CAMPINA GRANDE,chikungunya,2025,7,0.0216,-3.8152,baixo,positividade=1.0; tendencia_pos=0.0; risco=0.0,Manter rotina de vigilância laboratorial.,sklearn_gb_v1,sklearn_v1
SALVATERRA,chikungunya,2025,10,0.0216,-3.8152,baixo,positividade=1.0; tendencia_pos=0.0; risco=0.0,Manter rotina de vigilância laboratorial.,sklearn_gb_v1,sklearn_v1
SAPEZAL,dengue,2025,35,0.0216,-3.8156,baixo,positividade=0.0; tendencia_pos=-0.031; risco=0.0,Manter rotina de vigilância laboratorial.,sklearn_gb_v1,sklearn_v1
REALEZA,chikungunya,2025,4,0.0216,-3.8152,baixo,positividade=1.0; tendencia_pos=0.0; risco=0.0,Manter rotina de vigilância laboratorial.,sklearn_gb_v1,sklearn_v1
RANCHO ALEGRE,chikungunya,2024,29,0.0216,-3.8152,baixo,positividade=1.0; tendencia_pos=0.0; risco=0.0,Manter rotina de vigilância laboratorial.,sklearn_gb_v1,sklearn_v1
NOVO HORIZONTE DO OESTE,chikungunya,2025,9,0.0216,-3.8152,baixo,positividade=1.0; tendencia_pos=0.0; risco=0.0,Manter rotina de vigilância laboratorial.,sklearn_gb_v1,sklearn_v1
JABOATAO DOS GUARARAPES,pesquisa_de_multipatogenos_ist,2026,1,0.0216,-3.8152,baixo,positividade=1.0; tendencia_pos=0.0; risco=0.0,Manter rotina de vigilância laboratorial.,sklearn_gb_v1,sklearn_v1
TIMBO,chikungunya,2025,10,0.0216,-3.8152,baixo,positividade=1.0; tendencia_pos=0.0; risco=0.0,Manter rotina de vigilância laboratorial.,sklearn_gb_v1,sklearn_v1
TIJUCAS,chikungunya,2025,8,0.0216,-3.8152,baixo,positividade=1.0; tendencia_pos=0.0; risco=0.13,Manter rotina de vigilância laboratorial.,sklearn_gb_v1,sklearn_v1
MARITUBA,chikungunya,2025,11,0.0216,-3.8152,baixo,positividade=1.0; tendencia_pos=0.0; risco=0.0,Manter rotina de vigilância laboratorial.,sklearn_gb_v1,sklearn_v1
MATA ROMA,chikungunya,2025,7,0.0216,-3.8152,baixo,positividade=1.0; tendencia_pos=0.0; risco=0.13,Manter rotina de vigilância laboratorial.,sklearn_gb_v1,sklearn_v1
MIRASSOL D''OESTE,criptococos_teste_rapido,2025,23,0.0216,-3.8152,baixo,positividade=1.0; tendencia_pos=0.0; risco=0.0,Manter rotina de vigilância laboratorial.,sklearn_gb_v1,sklearn_v1
CARAPICUIBA,chikungunya,2025,9,0.0216,-3.8152,baixo,positividade=1.0; tendencia_pos=0.0; risco=0.13,Manter rotina de vigilância laboratorial.,sklearn_gb_v1,sklearn_v1
CARIACICA,chikungunya,2025,5,0.0216,-3.8152,baixo,positividade=1.0; tendencia_pos=0.0; risco=0.0,Manter rotina de vigilância laboratorial.,sklearn_gb_v1,sklearn_v1
GUANAMBI,chikungunya,2025,5,0.0216,-3.8152,baixo,positividade=1.0; tendencia_pos=0.0; risco=0.0,Manter rotina de vigilância laboratorial.,sklearn_gb_v1,sklearn_v1
CAIBI,chikungunya,2025,1,0.0216,-3.8152,baixo,positividade=1.0; tendencia_pos=0.0; risco=0.0,Manter rotina de vigilância laboratorial.,sklearn_gb_v1,sklearn_v1
BREJOLANDIA,chikungunya,2025,1,0.0216,-3.8152,baixo,positividade=1.0; tendencia_pos=0.0; risco=0.0,Manter rotina de vigilância laboratorial.,sklearn_gb_v1,sklearn_v1
CHAPADA DOS GUIMARAES,influenza_b,2025,34,0.0216,-3.8156,baixo,positividade=0.0; tendencia_pos=-0.062; risco=0.04,Manter rotina de vigilância laboratorial.,sklearn_gb_v1,sklearn_v1
TUCUMA,chikungunya,2025,11,0.0216,-3.8152,baixo,positividade=1.0; tendencia_pos=0.0; risco=0.0,Manter rotina de vigilância laboratorial.,sklearn_gb_v1,sklearn_v1
DRACENA,chikungunya,2025,13,0.0216,-3.8152,baixo,positividade=1.0; tendencia_pos=0.0; risco=0.0,Manter rotina de vigilância laboratorial.,sklearn_gb_v1,sklearn_v1
TABULEIRO DO NORTE,chikungunya,2025,24,0.0216,-3.8152,baixo,positividade=1.0; tendencia_pos=0.0; risco=0.0,Manter rotina de vigilância laboratorial.,sklearn_gb_v1,sklearn_v1
VERE,chikungunya,2025,3,0.0216,-3.8152,baixo,positividade=1.0; tendencia_pos=0.0; risco=0.0,Manter rotina de vigilância laboratorial.,sklearn_gb_v1,sklearn_v1
SAO JOAO DE MERITI,chikungunya,2024,22,0.0216,-3.8152,baixo,positividade=1.0; tendencia_pos=0.0; risco=0.0,Manter rotina de vigilância laboratorial.,sklearn_gb_v1,sklearn_v1
OSASCO,chikungunya,2025,4,0.0216,-3.8152,baixo,positividade=1.0; tendencia_pos=0.0; risco=0.0,Manter rotina de vigilância laboratorial.,sklearn_gb_v1,sklearn_v1
PIO XII,chikungunya,2025,9,0.0216,-3.8152,baixo,positividade=1.0; tendencia_pos=0.0; risco=0.0,Manter rotina de vigilância laboratorial.,sklearn_gb_v1,sklearn_v1
PIRACICABA,chikungunya,2025,4,0.0216,-3.8152,baixo,positividade=1.0; tendencia_pos=0.0; risco=0.0,Manter rotina de vigilância laboratorial.,sklearn_gb_v1,sklearn_v1
PIRAMBU,chikungunya,2025,19,0.0216,-3.8152,baixo,positividade=1.0; tendencia_pos=0.0; risco=0.0,Manter rotina de vigilância laboratorial.,sklearn_gb_v1,sklearn_v1
PIRATININGA,chikungunya,2025,3,0.0216,-3.8152,baixo,positividade=1.0; tendencia_pos=0.0; risco=0.0,Manter rotina de vigilância laboratorial.,sklearn_gb_v1,sklearn_v1
PLACIDO DE CASTRO,chikungunya,2025,6,0.0216,-3.8152,baixo,positividade=1.0; tendencia_pos=0.0; risco=0.0,Manter rotina de vigilância laboratorial.,sklearn_gb_v1,sklearn_v1
CAMOCIM,chikungunya,2025,22,0.0216,-3.8152,baixo,positividade=1.0; tendencia_pos=0.0; risco=0.0,Manter rotina de vigilância laboratorial.,sklearn_gb_v1,sklearn_v1
AGUA BOA,zika,2025,43,0.0216,-3.8156,baixo,positividade=0.0; tendencia_pos=-0.067; risco=0.0,Manter rotina de vigilância laboratorial.,sklearn_gb_v1,sklearn_v1
VOTUPORANGA,chikungunya,2025,23,0.0216,-3.8152,baixo,positividade=1.0; tendencia_pos=0.0; risco=0.13,Manter rotina de vigilância laboratorial.,sklearn_gb_v1,sklearn_v1
MIGUELOPOLIS,chikungunya,2025,4,0.0216,-3.8152,baixo,positividade=1.0; tendencia_pos=0.0; risco=0.0,Manter rotina de vigilância laboratorial.,sklearn_gb_v1,sklearn_v1
BRUSQUE,chikungunya,2025,19,0.0216,-3.8152,baixo,positividade=1.0; tendencia_pos=0.0; risco=0.0,Manter rotina de vigilância laboratorial.,sklearn_gb_v1,sklearn_v1
BEBEDOURO,chikungunya,2025,5,0.0216,-3.8152,baixo,positividade=1.0; tendencia_pos=0.0; risco=0.0,Manter rotina de vigilância laboratorial.,sklearn_gb_v1,sklearn_v1
PINDORAMA,chikungunya,2025,14,0.0216,-3.8152,baixo,positividade=1.0; tendencia_pos=0.0; risco=0.0,Manter rotina de vigilância laboratorial.,sklearn_gb_v1,sklearn_v1
PIMENTEIRAS DO OESTE,chikungunya,2024,23,0.0216,-3.8152,baixo,positividade=1.0; tendencia_pos=0.0; risco=0.0,Manter rotina de vigilância laboratorial.,sklearn_gb_v1,sklearn_v1
BALNEARIO ARROIO DO SILVA,chikungunya,2025,10,0.0216,-3.8152,baixo,positividade=1.0; tendencia_pos=0.0; risco=0.0,Manter rotina de vigilância laboratorial.,sklearn_gb_v1,sklearn_v1
OURICURI,chikungunya,2025,23,0.0216,-3.8152,baixo,positividade=1.0; tendencia_pos=0.0; risco=0.0,Manter rotina de vigilância laboratorial.,sklearn_gb_v1,sklearn_v1
MIRASSOL D''OESTE,pesquisa_de_genes_de_resistencia,2025,16,0.0216,-3.8152,baixo,positividade=1.0; tendencia_pos=0.0; risco=0.13,Manter rotina de vigilância laboratorial.,sklearn_gb_v1,sklearn_v1
MARIALVA,chikungunya,2025,14,0.0216,-3.8152,baixo,positividade=1.0; tendencia_pos=0.0; risco=0.0,Manter rotina de vigilância laboratorial.,sklearn_gb_v1,sklearn_v1
SENA MADUREIRA,baciloscopia,2024,39,0.0216,-3.8152,baixo,positividade=1.0; tendencia_pos=0.0; risco=0.0,Manter rotina de vigilância laboratorial.,sklearn_gb_v1,sklearn_v1
SAO FELIPE D''OESTE,chikungunya,2025,6,0.0216,-3.8152,baixo,positividade=1.0; tendencia_pos=0.0; risco=0.0,Manter rotina de vigilância laboratorial.,sklearn_gb_v1,sklearn_v1
SANTA MARIANA,chikungunya,2025,5,0.0216,-3.8152,baixo,positividade=1.0; tendencia_pos=0.0; risco=0.0,Manter rotina de vigilância laboratorial.,sklearn_gb_v1,sklearn_v1
PARAUAPEBAS,dengue,2025,15,0.0216,-3.8156,baixo,positividade=0.0; tendencia_pos=-0.05; risco=0.0,Manter rotina de vigilância laboratorial.,sklearn_gb_v1,sklearn_v1
PARAZINHO,chikungunya,2025,21,0.0216,-3.8152,baixo,positividade=1.0; tendencia_pos=0.0; risco=0.0,Manter rotina de vigilância laboratorial.,sklearn_gb_v1,sklearn_v1
PARECIS,chikungunya,2025,16,0.0216,-3.8152,baixo,positividade=1.0; tendencia_pos=0.0; risco=0.0,Manter rotina de vigilância laboratorial.,sklearn_gb_v1,sklearn_v1
ITAGUAI,chikungunya,2025,9,0.0216,-3.8152,baixo,positividade=1.0; tendencia_pos=0.0; risco=0.0,Manter rotina de vigilância laboratorial.,sklearn_gb_v1,sklearn_v1
MIRASSOL D''OESTE,rubeola_igg,2025,34,0.0216,-3.8152,baixo,positividade=1.0; tendencia_pos=0.0; risco=0.0,Manter rotina de vigilância laboratorial.,sklearn_gb_v1,sklearn_v1
JARDIM DE PIRANHAS,chikungunya,2024,23,0.0216,-3.8152,baixo,positividade=1.0; tendencia_pos=0.0; risco=0.0,Manter rotina de vigilância laboratorial.,sklearn_gb_v1,sklearn_v1
MOJUI DOS CAMPOS,chikungunya,2025,19,0.0216,-3.8152,baixo,positividade=1.0; tendencia_pos=0.0; risco=0.0,Manter rotina de vigilância laboratorial.,sklearn_gb_v1,sklearn_v1
PACO DO LUMIAR,influenza,2025,20,0.0216,-3.8152,baixo,positividade=1.0; tendencia_pos=0.0; risco=0.0,Manter rotina de vigilância laboratorial.,sklearn_gb_v1,sklearn_v1
PACO DO LUMIAR,influenza_a,2025,20,0.0216,-3.8152,baixo,positividade=1.0; tendencia_pos=0.0; risco=0.0,Manter rotina de vigilância laboratorial.,sklearn_gb_v1,sklearn_v1
PALHOCA,chikungunya,2025,6,0.0216,-3.8152,baixo,positividade=1.0; tendencia_pos=0.0; risco=0.13,Manter rotina de vigilância laboratorial.,sklearn_gb_v1,sklearn_v1
CACERES,sars_cov_2,2025,28,0.0216,-3.8156,baixo,positividade=0.0; tendencia_pos=-0.05; risco=0.01,Manter rotina de vigilância laboratorial.,sklearn_gb_v1,sklearn_v1
RIO VERDE,influenza_a,2025,19,0.0216,-3.8152,baixo,positividade=1.0; tendencia_pos=0.0; risco=0.13,Manter rotina de vigilância laboratorial.,sklearn_gb_v1,sklearn_v1
FERNANDOPOLIS,chikungunya,2025,13,0.0216,-3.8152,baixo,positividade=1.0; tendencia_pos=0.0; risco=0.13,Manter rotina de vigilância laboratorial.,sklearn_gb_v1,sklearn_v1
TANGARA DA SERRA,influenza_b,2025,33,0.0216,-3.8156,baixo,positividade=0.0; tendencia_pos=-0.062; risco=0.0,Manter rotina de vigilância laboratorial.,sklearn_gb_v1,sklearn_v1
INHAPI,chikungunya,2025,6,0.0216,-3.8152,baixo,positividade=1.0; tendencia_pos=0.0; risco=0.0,Manter rotina de vigilância laboratorial.,sklearn_gb_v1,sklearn_v1
INOCENCIA,baciloscopia,2025,32,0.0216,-3.8152,baixo,positividade=1.0; tendencia_pos=0.0; risco=0.0,Manter rotina de vigilância laboratorial.,sklearn_gb_v1,sklearn_v1
PALMITINHO,chikungunya,2024,22,0.0216,-3.8152,baixo,positividade=1.0; tendencia_pos=0.0; risco=0.0,Manter rotina de vigilância laboratorial.,sklearn_gb_v1,sklearn_v1
ARAXA,chikungunya,2025,10,0.0216,-3.8152,baixo,positividade=1.0; tendencia_pos=0.0; risco=0.0,Manter rotina de vigilância laboratorial.,sklearn_gb_v1,sklearn_v1
POCAO DE PEDRAS,chikungunya,2025,23,0.0216,-3.8152,baixo,positividade=1.0; tendencia_pos=0.0; risco=0.13,Manter rotina de vigilância laboratorial.,sklearn_gb_v1,sklearn_v1
BRASILANDIA DE MINAS,chikungunya,2025,5,0.0216,-3.8152,baixo,positividade=1.0; tendencia_pos=0.0; risco=0.0,Manter rotina de vigilância laboratorial.,sklearn_gb_v1,sklearn_v1
BORDA DA MATA,chikungunya,2025,7,0.0216,-3.8152,baixo,positividade=1.0; tendencia_pos=0.0; risco=0.0,Manter rotina de vigilância laboratorial.,sklearn_gb_v1,sklearn_v1
NISIA FLORESTA,chikungunya,2025,7,0.0216,-3.8152,baixo,positividade=1.0; tendencia_pos=0.0; risco=0.0,Manter rotina de vigilância laboratorial.,sklearn_gb_v1,sklearn_v1
UNIAO DO SUL,dengue,2025,17,0.0216,-3.8151,baixo,positividade=0.0; tendencia_pos=-0.071; risco=0.34,Manter rotina de vigilância laboratorial.,sklearn_gb_v1,sklearn_v1
PAROBE,chikungunya,2025,8,0.0216,-3.8152,baixo,positividade=1.0; tendencia_pos=0.0; risco=0.13,Manter rotina de vigilância laboratorial.,sklearn_gb_v1,sklearn_v1
TURILANDIA,chikungunya,2025,12,0.0216,-3.8152,baixo,positividade=1.0; tendencia_pos=0.0; risco=0.0,Manter rotina de vigilância laboratorial.,sklearn_gb_v1,sklearn_v1
ALVARAES,chikungunya,2025,6,0.0216,-3.8152,baixo,positividade=1.0; tendencia_pos=0.0; risco=0.0,Manter rotina de vigilância laboratorial.,sklearn_gb_v1,sklearn_v1
FLOR DO SERTAO,chikungunya,2025,20,0.0216,-3.8152,baixo,positividade=1.0; tendencia_pos=0.0; risco=0.13,Manter rotina de vigilância laboratorial.,sklearn_gb_v1,sklearn_v1
PARANAITA,zika,2025,28,0.0216,-3.8156,baixo,positividade=0.0; tendencia_pos=-0.028; risco=0.0,Manter rotina de vigilância laboratorial.,sklearn_gb_v1,sklearn_v1
LOANDA,chikungunya,2025,16,0.0216,-3.8152,baixo,positividade=1.0; tendencia_pos=0.0; risco=0.0,Manter rotina de vigilância laboratorial.,sklearn_gb_v1,sklearn_v1
NOVA CANAA PAULISTA,chikungunya,2025,8,0.0216,-3.8152,baixo,positividade=1.0; tendencia_pos=0.0; risco=0.0,Manter rotina de vigilância laboratorial.,sklearn_gb_v1,sklearn_v1
CACERES,hiv,2026,14,0.0216,-3.8152,baixo,positividade=1.0; tendencia_pos=0.0; risco=0.01,Manter rotina de vigilância laboratorial.,sklearn_gb_v1,sklearn_v1
JOIA,chikungunya,2025,23,0.0216,-3.8152,baixo,positividade=1.0; tendencia_pos=0.0; risco=0.0,Manter rotina de vigilância laboratorial.,sklearn_gb_v1,sklearn_v1
ILHA SOLTEIRA,chikungunya,2025,5,0.0216,-3.8152,baixo,positividade=1.0; tendencia_pos=0.0; risco=0.0,Manter rotina de vigilância laboratorial.,sklearn_gb_v1,sklearn_v1
COLIDER,influenza_a,2025,32,0.0216,-3.8156,baixo,positividade=0.0; tendencia_pos=-0.062; risco=0.0,Manter rotina de vigilância laboratorial.,sklearn_gb_v1,sklearn_v1
MONTE SIAO,chikungunya,2025,2,0.0216,-3.8152,baixo,positividade=1.0; tendencia_pos=0.0; risco=0.0,Manter rotina de vigilância laboratorial.,sklearn_gb_v1,sklearn_v1
MARANGUAPE,chikungunya,2025,8,0.0216,-3.8152,baixo,positividade=1.0; tendencia_pos=0.0; risco=0.0,Manter rotina de vigilância laboratorial.,sklearn_gb_v1,sklearn_v1
PARANAPANEMA,varicela_zoster_biologia_molecular,2025,17,0.0216,-3.8152,baixo,positividade=1.0; tendencia_pos=0.0; risco=0.0,Manter rotina de vigilância laboratorial.,sklearn_gb_v1,sklearn_v1
MONTES CLAROS,baciloscopia,2025,35,0.0216,-3.8152,baixo,positividade=1.0; tendencia_pos=0.0; risco=0.0,Manter rotina de vigilância laboratorial.,sklearn_gb_v1,sklearn_v1
MONTIVIDIU,chikungunya,2025,5,0.0216,-3.8152,baixo,positividade=1.0; tendencia_pos=0.0; risco=0.0,Manter rotina de vigilância laboratorial.,sklearn_gb_v1,sklearn_v1
AMAMBAI,chikungunya,2025,18,0.0216,-3.8152,baixo,positividade=1.0; tendencia_pos=0.0; risco=0.0,Manter rotina de vigilância laboratorial.,sklearn_gb_v1,sklearn_v1
MORRINHOS,chikungunya,2025,3,0.0216,-3.8152,baixo,positividade=1.0; tendencia_pos=0.0; risco=0.0,Manter rotina de vigilância laboratorial.,sklearn_gb_v1,sklearn_v1
BENEVIDES,chikungunya,2025,6,0.0216,-3.8152,baixo,positividade=1.0; tendencia_pos=0.0; risco=0.0,Manter rotina de vigilância laboratorial.,sklearn_gb_v1,sklearn_v1
CRUZ,dengue,2025,12,0.0216,-3.8152,baixo,positividade=1.0; tendencia_pos=0.0; risco=0.13,Manter rotina de vigilância laboratorial.,sklearn_gb_v1,sklearn_v1
SAO JOSE DOS QUATRO MARCOS,zika,2025,20,0.0216,-3.8156,baixo,positividade=0.0; tendencia_pos=-0.042; risco=0.0,Manter rotina de vigilância laboratorial.,sklearn_gb_v1,sklearn_v1
MONTALVANIA,chikungunya,2025,16,0.0216,-3.8152,baixo,positividade=1.0; tendencia_pos=0.0; risco=0.0,Manter rotina de vigilância laboratorial.,sklearn_gb_v1,sklearn_v1
SAO LOURENCO DA MATA,chikungunya,2025,4,0.0216,-3.8152,baixo,positividade=1.0; tendencia_pos=0.0; risco=0.0,Manter rotina de vigilância laboratorial.,sklearn_gb_v1,sklearn_v1
IVAIPORA,chikungunya,2025,11,0.0216,-3.8152,baixo,positividade=1.0; tendencia_pos=0.0; risco=0.0,Manter rotina de vigilância laboratorial.,sklearn_gb_v1,sklearn_v1
GOVERNADOR NUNES FREIRE,chikungunya,2025,1,0.0216,-3.8152,baixo,positividade=1.0; tendencia_pos=0.0; risco=0.13,Manter rotina de vigilância laboratorial.,sklearn_gb_v1,sklearn_v1
IVINHEMA,chikungunya,2025,6,0.0216,-3.8152,baixo,positividade=1.0; tendencia_pos=0.0; risco=0.0,Manter rotina de vigilância laboratorial.,sklearn_gb_v1,sklearn_v1
PERITORO,baciloscopia,2025,30,0.0216,-3.8152,baixo,positividade=1.0; tendencia_pos=0.0; risco=0.0,Manter rotina de vigilância laboratorial.,sklearn_gb_v1,sklearn_v1
SANTA IZABEL DO OESTE,chikungunya,2025,4,0.0216,-3.8152,baixo,positividade=1.0; tendencia_pos=0.0; risco=0.0,Manter rotina de vigilância laboratorial.,sklearn_gb_v1,sklearn_v1
MINISTRO ANDREAZZA,chikungunya,2025,11,0.0216,-3.8152,baixo,positividade=1.0; tendencia_pos=0.0; risco=0.0,Manter rotina de vigilância laboratorial.,sklearn_gb_v1,sklearn_v1
MIRASSOL,chikungunya,2024,27,0.0216,-3.8152,baixo,positividade=1.0; tendencia_pos=0.0; risco=0.0,Manter rotina de vigilância laboratorial.,sklearn_gb_v1,sklearn_v1
CAMPO VERDE,dengue,2025,51,0.0215,-3.8164,baixo,positividade=0.0; tendencia_pos=0.0; risco=0.0,Manter rotina de vigilância laboratorial.,sklearn_gb_v1,sklearn_v1
VARZEA GRANDE,cultura_para_fungos,2025,22,0.0213,-3.8283,baixo,positividade=1.0; tendencia_pos=0.0; risco=0.53,Manter rotina de vigilância laboratorial.,sklearn_gb_v1,sklearn_v1
PERITORO,chikungunya,2025,4,0.0211,-3.8394,baixo,positividade=1.0; tendencia_pos=0.0; risco=0.3,Manter rotina de vigilância laboratorial.,sklearn_gb_v1,sklearn_v1
BEBERIBE,chikungunya,2025,15,0.0211,-3.8394,baixo,positividade=1.0; tendencia_pos=0.0; risco=0.17,Manter rotina de vigilância laboratorial.,sklearn_gb_v1,sklearn_v1
MANACAPURU,chikungunya,2024,49,0.0211,-3.8394,baixo,positividade=1.0; tendencia_pos=0.0; risco=0.3,Manter rotina de vigilância laboratorial.,sklearn_gb_v1,sklearn_v1
CAMBORIU,chikungunya,2025,25,0.0211,-3.8394,baixo,positividade=1.0; tendencia_pos=0.0; risco=0.17,Manter rotina de vigilância laboratorial.,sklearn_gb_v1,sklearn_v1
BOA VISTA DO GURUPI,chikungunya,2025,15,0.0211,-3.8394,baixo,positividade=1.0; tendencia_pos=0.0; risco=0.3,Manter rotina de vigilância laboratorial.,sklearn_gb_v1,sklearn_v1
CAMPO GRANDE,baciloscopia,2025,35,0.0211,-3.8394,baixo,positividade=1.0; tendencia_pos=0.0; risco=0.17,Manter rotina de vigilância laboratorial.,sklearn_gb_v1,sklearn_v1
TRINDADE,chikungunya,2025,6,0.0211,-3.8394,baixo,positividade=1.0; tendencia_pos=0.0; risco=0.46,Manter rotina de vigilância laboratorial.,sklearn_gb_v1,sklearn_v1
GOVERNADOR LUIZ ROCHA,chikungunya,2025,24,0.0211,-3.8394,baixo,positividade=1.0; tendencia_pos=0.0; risco=0.17,Manter rotina de vigilância laboratorial.,sklearn_gb_v1,sklearn_v1
IPIXUNA DO PARA,chikungunya,2025,18,0.0211,-3.8394,baixo,positividade=1.0; tendencia_pos=0.0; risco=0.3,Manter rotina de vigilância laboratorial.,sklearn_gb_v1,sklearn_v1
JARAGUA DO SUL,chikungunya,2025,7,0.0211,-3.8394,baixo,positividade=1.0; tendencia_pos=0.0; risco=0.46,Manter rotina de vigilância laboratorial.,sklearn_gb_v1,sklearn_v1
COSTA RICA,chikungunya,2025,16,0.0211,-3.8394,baixo,positividade=1.0; tendencia_pos=0.0; risco=0.17,Manter rotina de vigilância laboratorial.,sklearn_gb_v1,sklearn_v1
RUROPOLIS,chikungunya,2025,17,0.0211,-3.8394,baixo,positividade=1.0; tendencia_pos=0.0; risco=0.3,Manter rotina de vigilância laboratorial.,sklearn_gb_v1,sklearn_v1
CERES,sars_cov_2,2025,5,0.0211,-3.8394,baixo,positividade=1.0; tendencia_pos=0.0; risco=0.35,Manter rotina de vigilância laboratorial.,sklearn_gb_v1,sklearn_v1
CHUPINGUAIA,chikungunya,2025,23,0.0211,-3.8394,baixo,positividade=1.0; tendencia_pos=0.0; risco=0.32,Manter rotina de vigilância laboratorial.,sklearn_gb_v1,sklearn_v1
SENADOR LA ROCQUE,chikungunya,2024,29,0.0211,-3.8394,baixo,positividade=1.0; tendencia_pos=0.0; risco=0.17,Manter rotina de vigilância laboratorial.,sklearn_gb_v1,sklearn_v1
SANTO ANDRE,chikungunya,2025,14,0.0211,-3.8394,baixo,positividade=1.0; tendencia_pos=0.0; risco=0.41,Manter rotina de vigilância laboratorial.,sklearn_gb_v1,sklearn_v1
CAMPINAPOLIS,rifampicina,2025,17,0.0211,-3.8357,baixo,positividade=0.0; tendencia_pos=0.0; risco=0.54,Manter rotina de vigilância laboratorial.,sklearn_gb_v1,sklearn_v1
IUNA,chikungunya,2025,5,0.0211,-3.8394,baixo,positividade=1.0; tendencia_pos=0.0; risco=0.3,Manter rotina de vigilância laboratorial.,sklearn_gb_v1,sklearn_v1
PACO DO LUMIAR,chikungunya,2025,8,0.0211,-3.8394,baixo,positividade=1.0; tendencia_pos=0.0; risco=0.17,Manter rotina de vigilância laboratorial.,sklearn_gb_v1,sklearn_v1
ESPERANTINOPOLIS,chikungunya,2024,31,0.0211,-3.8394,baixo,positividade=1.0; tendencia_pos=0.0; risco=0.28,Manter rotina de vigilância laboratorial.,sklearn_gb_v1,sklearn_v1
RIO DE JANEIRO,influenza_a,2025,16,0.0211,-3.8394,baixo,positividade=1.0; tendencia_pos=0.0; risco=0.3,Manter rotina de vigilância laboratorial.,sklearn_gb_v1,sklearn_v1
SANTO ANTONIO DOS LOPES,chikungunya,2025,17,0.0211,-3.8394,baixo,positividade=1.0; tendencia_pos=0.0; risco=0.17,Manter rotina de vigilância laboratorial.,sklearn_gb_v1,sklearn_v1
CAMPINAPOLIS,influenza_a,2025,35,0.021,-3.8397,baixo,positividade=0.0; tendencia_pos=-0.042; risco=0.28,Manter rotina de vigilância laboratorial.,sklearn_gb_v1,sklearn_v1
VARZEA GRANDE,toxoplasmose_igm,2025,35,0.021,-3.8415,baixo,positividade=0.0; tendencia_pos=0.021; risco=0.0,Manter rotina de vigilância laboratorial.,sklearn_gb_v1,sklearn_v1
VARZEA GRANDE,dengue,2026,18,0.021,-3.8444,baixo,positividade=0.0; tendencia_pos=-0.007; risco=0.0,Manter rotina de vigilância laboratorial.,sklearn_gb_v1,sklearn_v1
NOVO PROGRESSO,dengue,2025,24,0.021,-3.8439,baixo,positividade=0.0; tendencia_pos=0.125; risco=0.0,Manter rotina de vigilância laboratorial.,sklearn_gb_v1,sklearn_v1
NOVA MUTUM,influenza_b,2026,19,0.0208,-3.8503,baixo,positividade=0.0; tendencia_pos=0.0; risco=0.0,Manter rotina de vigilância laboratorial.,sklearn_gb_v1,sklearn_v1
NOVA MUTUM,zika,2025,32,0.0208,-3.8503,baixo,positividade=0.0; tendencia_pos=0.0; risco=0.0,Manter rotina de vigilância laboratorial.,sklearn_gb_v1,sklearn_v1
CAMPO NOVO DO PARECIS,influenza_b,2026,16,0.0208,-3.8503,baixo,positividade=0.0; tendencia_pos=0.0; risco=0.0,Manter rotina de vigilância laboratorial.,sklearn_gb_v1,sklearn_v1
CAMPO NOVO DO PARECIS,meningite_bacteriana_biologia_molecular,2026,18,0.0208,-3.8503,baixo,positividade=0.0; tendencia_pos=0.0; risco=0.0,Manter rotina de vigilância laboratorial.,sklearn_gb_v1,sklearn_v1
PRAIA GRANDE,chikungunya,2025,6,0.0207,-3.8582,baixo,positividade=0.5; tendencia_pos=0.0; risco=0.0,Manter rotina de vigilância laboratorial.,sklearn_gb_v1,sklearn_v1
VOLTA REDONDA,dengue,2025,11,0.0207,-3.8582,baixo,positividade=0.5; tendencia_pos=0.0; risco=0.0,Manter rotina de vigilância laboratorial.,sklearn_gb_v1,sklearn_v1
NOSSA SENHORA DO SOCORRO,chikungunya,2024,26,0.0207,-3.8582,baixo,positividade=0.5; tendencia_pos=0.0; risco=0.0,Manter rotina de vigilância laboratorial.,sklearn_gb_v1,sklearn_v1
VIDEIRA,hiv,2025,40,0.0207,-3.8582,baixo,positividade=0.5; tendencia_pos=0.0; risco=0.0,Manter rotina de vigilância laboratorial.,sklearn_gb_v1,sklearn_v1
CABECEIRAS DO PIAUI,chikungunya,2025,11,0.0207,-3.8582,baixo,positividade=0.5; tendencia_pos=0.0; risco=0.0,Manter rotina de vigilância laboratorial.,sklearn_gb_v1,sklearn_v1
BURITIS,chikungunya,2025,14,0.0207,-3.8582,baixo,positividade=0.5; tendencia_pos=0.0; risco=0.13,Manter rotina de vigilância laboratorial.,sklearn_gb_v1,sklearn_v1
MANOEL RIBAS,chikungunya,2025,12,0.0207,-3.8582,baixo,positividade=0.5; tendencia_pos=0.0; risco=0.0,Manter rotina de vigilância laboratorial.,sklearn_gb_v1,sklearn_v1
NOVA ANDRADINA,chikungunya,2025,7,0.0207,-3.8582,baixo,positividade=0.5; tendencia_pos=0.0; risco=0.0,Manter rotina de vigilância laboratorial.,sklearn_gb_v1,sklearn_v1
TIMBIRAS,chikungunya,2025,22,0.0207,-3.8582,baixo,positividade=0.5; tendencia_pos=0.0; risco=0.0,Manter rotina de vigilância laboratorial.,sklearn_gb_v1,sklearn_v1
CENTRO NOVO DO MARANHAO,chikungunya,2024,22,0.0207,-3.8582,baixo,positividade=0.5; tendencia_pos=0.0; risco=0.0,Manter rotina de vigilância laboratorial.,sklearn_gb_v1,sklearn_v1
CRUZ MACHADO,chikungunya,2025,19,0.0207,-3.8582,baixo,positividade=0.5; tendencia_pos=0.0; risco=0.0,Manter rotina de vigilância laboratorial.,sklearn_gb_v1,sklearn_v1
JOAQUIM PIRES,chikungunya,2025,6,0.0207,-3.8582,baixo,positividade=0.5; tendencia_pos=0.0; risco=0.0,Manter rotina de vigilância laboratorial.,sklearn_gb_v1,sklearn_v1
QUATRO PONTES,chikungunya,2025,23,0.0207,-3.8582,baixo,positividade=0.5; tendencia_pos=0.0; risco=0.0,Manter rotina de vigilância laboratorial.,sklearn_gb_v1,sklearn_v1
ALFENAS,chikungunya,2025,1,0.0207,-3.8582,baixo,positividade=0.5; tendencia_pos=0.0; risco=0.0,Manter rotina de vigilância laboratorial.,sklearn_gb_v1,sklearn_v1
XAPURI,pesquisa_de_multipatogenos_ist,2025,34,0.0207,-3.8582,baixo,positividade=0.5; tendencia_pos=0.0; risco=0.0,Manter rotina de vigilância laboratorial.,sklearn_gb_v1,sklearn_v1
PEREIRA BARRETO,chikungunya,2025,10,0.0207,-3.8582,baixo,positividade=0.5; tendencia_pos=0.0; risco=0.0,Manter rotina de vigilância laboratorial.,sklearn_gb_v1,sklearn_v1
CAXIAS DO SUL,chikungunya,2024,24,0.0207,-3.8582,baixo,positividade=0.5; tendencia_pos=0.0; risco=0.0,Manter rotina de vigilância laboratorial.,sklearn_gb_v1,sklearn_v1
SANTA HELENA,chikungunya,2024,26,0.0207,-3.8582,baixo,positividade=0.5; tendencia_pos=0.0; risco=0.0,Manter rotina de vigilância laboratorial.,sklearn_gb_v1,sklearn_v1
MACAPA,chikungunya,2025,22,0.0207,-3.8582,baixo,positividade=0.5; tendencia_pos=0.0; risco=0.14,Manter rotina de vigilância laboratorial.,sklearn_gb_v1,sklearn_v1
PETROPOLIS,chikungunya,2024,22,0.0207,-3.8582,baixo,positividade=0.5; tendencia_pos=0.0; risco=0.0,Manter rotina de vigilância laboratorial.,sklearn_gb_v1,sklearn_v1
TRES CACHOEIRAS,chikungunya,2024,24,0.0207,-3.8582,baixo,positividade=0.5; tendencia_pos=0.0; risco=0.0,Manter rotina de vigilância laboratorial.,sklearn_gb_v1,sklearn_v1
NOVA AURORA,chikungunya,2024,23,0.0207,-3.8582,baixo,positividade=0.5; tendencia_pos=0.0; risco=0.0,Manter rotina de vigilância laboratorial.,sklearn_gb_v1,sklearn_v1
PORTO NACIONAL,chikungunya,2025,8,0.0207,-3.8582,baixo,positividade=0.5; tendencia_pos=0.0; risco=0.0,Manter rotina de vigilância laboratorial.,sklearn_gb_v1,sklearn_v1
JORDAO,chikungunya,2025,4,0.0207,-3.8582,baixo,positividade=0.5; tendencia_pos=0.0; risco=0.0,Manter rotina de vigilância laboratorial.,sklearn_gb_v1,sklearn_v1
SAO PEDRO DO IGUACU,chikungunya,2025,8,0.0207,-3.8582,baixo,positividade=0.5; tendencia_pos=0.0; risco=0.0,Manter rotina de vigilância laboratorial.,sklearn_gb_v1,sklearn_v1
MANGUEIRINHA,chikungunya,2025,3,0.0207,-3.8582,baixo,positividade=0.5; tendencia_pos=0.0; risco=0.0,Manter rotina de vigilância laboratorial.,sklearn_gb_v1,sklearn_v1
VARJAO DE MINAS,chikungunya,2024,24,0.0207,-3.8582,baixo,positividade=0.5; tendencia_pos=0.0; risco=0.0,Manter rotina de vigilância laboratorial.,sklearn_gb_v1,sklearn_v1
SAO PAULO,pesquisa_de_multipatogenos_ist,2025,7,0.0207,-3.8582,baixo,positividade=0.5; tendencia_pos=0.0; risco=0.0,Manter rotina de vigilância laboratorial.,sklearn_gb_v1,sklearn_v1
SOBRADINHO,chikungunya,2025,23,0.0207,-3.8582,baixo,positividade=0.5; tendencia_pos=0.0; risco=0.0,Manter rotina de vigilância laboratorial.,sklearn_gb_v1,sklearn_v1
OUROESTE,chikungunya,2025,21,0.0207,-3.8582,baixo,positividade=0.5; tendencia_pos=0.0; risco=0.0,Manter rotina de vigilância laboratorial.,sklearn_gb_v1,sklearn_v1
PEDRA AZUL,chikungunya,2025,1,0.0207,-3.8582,baixo,positividade=0.5; tendencia_pos=0.0; risco=0.0,Manter rotina de vigilância laboratorial.,sklearn_gb_v1,sklearn_v1
ITABERABA,chikungunya,2025,10,0.0207,-3.8582,baixo,positividade=0.5; tendencia_pos=0.0; risco=0.0,Manter rotina de vigilância laboratorial.,sklearn_gb_v1,sklearn_v1
FARROUPILHA,chikungunya,2025,6,0.0207,-3.8582,baixo,positividade=0.5; tendencia_pos=0.0; risco=0.0,Manter rotina de vigilância laboratorial.,sklearn_gb_v1,sklearn_v1
SAO CRISTOVAO,chikungunya,2025,7,0.0207,-3.8582,baixo,positividade=0.5; tendencia_pos=0.0; risco=0.0,Manter rotina de vigilância laboratorial.,sklearn_gb_v1,sklearn_v1
SAO DOMINGOS DO ARAGUAIA,chikungunya,2025,20,0.0207,-3.8582,baixo,positividade=0.5; tendencia_pos=0.0; risco=0.0,Manter rotina de vigilância laboratorial.,sklearn_gb_v1,sklearn_v1
SAO DOMINGOS DO ARAGUAIA,zika,2025,20,0.0207,-3.8582,baixo,positividade=0.5; tendencia_pos=0.0; risco=0.0,Manter rotina de vigilância laboratorial.,sklearn_gb_v1,sklearn_v1
JURUAIA,chikungunya,2025,22,0.0207,-3.8582,baixo,positividade=0.5; tendencia_pos=0.0; risco=0.0,Manter rotina de vigilância laboratorial.,sklearn_gb_v1,sklearn_v1
PONTES E LACERDA,pesquisa_de_multipatogenos_ist,2026,9,0.0207,-3.8582,baixo,positividade=0.5; tendencia_pos=0.0; risco=0.13,Manter rotina de vigilância laboratorial.,sklearn_gb_v1,sklearn_v1
ASSIS BRASIL,chikungunya,2025,8,0.0207,-3.8582,baixo,positividade=0.5; tendencia_pos=0.0; risco=0.0,Manter rotina de vigilância laboratorial.,sklearn_gb_v1,sklearn_v1
JAPARATUBA,chikungunya,2025,26,0.0207,-3.8582,baixo,positividade=0.5; tendencia_pos=0.0; risco=0.0,Manter rotina de vigilância laboratorial.,sklearn_gb_v1,sklearn_v1
PAULICEIA,chikungunya,2025,3,0.0207,-3.8582,baixo,positividade=0.5; tendencia_pos=0.0; risco=0.0,Manter rotina de vigilância laboratorial.,sklearn_gb_v1,sklearn_v1
MISSAL,chikungunya,2024,27,0.0207,-3.8582,baixo,positividade=0.5; tendencia_pos=0.0; risco=0.0,Manter rotina de vigilância laboratorial.,sklearn_gb_v1,sklearn_v1
FRANCISCO BELTRAO,chikungunya,2025,23,0.0207,-3.8582,baixo,positividade=0.5; tendencia_pos=0.0; risco=0.12,Manter rotina de vigilância laboratorial.,sklearn_gb_v1,sklearn_v1
SAO FRANCISCO,chikungunya,2025,6,0.0207,-3.8582,baixo,positividade=0.5; tendencia_pos=0.0; risco=0.0,Manter rotina de vigilância laboratorial.,sklearn_gb_v1,sklearn_v1
ERECHIM,chikungunya,2025,8,0.0207,-3.8582,baixo,positividade=0.5; tendencia_pos=0.0; risco=0.0,Manter rotina de vigilância laboratorial.,sklearn_gb_v1,sklearn_v1
CONQUISTA D''OESTE,pesquisa_de_genes_de_resistencia,2024,33,0.0207,-3.8582,baixo,positividade=0.5; tendencia_pos=0.0; risco=0.0,Manter rotina de vigilância laboratorial.,sklearn_gb_v1,sklearn_v1
BARRA DOS COQUEIROS,chikungunya,2025,4,0.0207,-3.8582,baixo,positividade=0.5; tendencia_pos=0.0; risco=0.0,Manter rotina de vigilância laboratorial.,sklearn_gb_v1,sklearn_v1
RIO CLARO,chikungunya,2025,12,0.0207,-3.8582,baixo,positividade=0.5; tendencia_pos=0.0; risco=0.0,Manter rotina de vigilância laboratorial.,sklearn_gb_v1,sklearn_v1
JURUTI,pesquisa_de_multipatogenos_ist,2026,19,0.0207,-3.8582,baixo,positividade=0.5; tendencia_pos=0.0; risco=0.0,Manter rotina de vigilância laboratorial.,sklearn_gb_v1,sklearn_v1
GUARULHOS,chikungunya,2025,14,0.0207,-3.8582,baixo,positividade=0.5; tendencia_pos=0.0; risco=0.0,Manter rotina de vigilância laboratorial.,sklearn_gb_v1,sklearn_v1
JAPARATUBA,zika,2025,26,0.0207,-3.8582,baixo,positividade=0.5; tendencia_pos=0.0; risco=0.0,Manter rotina de vigilância laboratorial.,sklearn_gb_v1,sklearn_v1
SETE QUEDAS,chikungunya,2025,3,0.0207,-3.8582,baixo,positividade=0.5; tendencia_pos=0.0; risco=0.0,Manter rotina de vigilância laboratorial.,sklearn_gb_v1,sklearn_v1
ARAUCARIA,chikungunya,2025,11,0.0207,-3.8582,baixo,positividade=0.5; tendencia_pos=0.0; risco=0.0,Manter rotina de vigilância laboratorial.,sklearn_gb_v1,sklearn_v1
TAPURAH,sars_cov_2,2025,23,0.0207,-3.8549,baixo,positividade=0.0; tendencia_pos=-0.2; risco=0.0,Manter rotina de vigilância laboratorial.,sklearn_gb_v1,sklearn_v1
NOVA FATIMA,chikungunya,2025,7,0.0207,-3.8582,baixo,positividade=0.5; tendencia_pos=0.0; risco=0.0,Manter rotina de vigilância laboratorial.,sklearn_gb_v1,sklearn_v1
BRASNORTE,pesquisa_de_multipatogenos_ist,2026,6,0.0207,-3.8582,baixo,positividade=0.5; tendencia_pos=0.0; risco=0.0,Manter rotina de vigilância laboratorial.,sklearn_gb_v1,sklearn_v1
PATOS,chikungunya,2025,18,0.0207,-3.8582,baixo,positividade=0.5; tendencia_pos=0.0; risco=0.0,Manter rotina de vigilância laboratorial.,sklearn_gb_v1,sklearn_v1
CURUCA,chikungunya,2025,7,0.0207,-3.8582,baixo,positividade=0.5; tendencia_pos=0.0; risco=0.0,Manter rotina de vigilância laboratorial.,sklearn_gb_v1,sklearn_v1
IGUATEMI,chikungunya,2025,11,0.0207,-3.8582,baixo,positividade=0.5; tendencia_pos=0.0; risco=0.0,Manter rotina de vigilância laboratorial.,sklearn_gb_v1,sklearn_v1
PONTA GROSSA,chikungunya,2025,21,0.0207,-3.8582,baixo,positividade=0.5; tendencia_pos=0.0; risco=0.0,Manter rotina de vigilância laboratorial.,sklearn_gb_v1,sklearn_v1
SANTA CRUZ CABRALIA,chikungunya,2025,6,0.0207,-3.8582,baixo,positividade=0.5; tendencia_pos=0.0; risco=0.0,Manter rotina de vigilância laboratorial.,sklearn_gb_v1,sklearn_v1
JACAREZINHO,chikungunya,2025,13,0.0207,-3.8582,baixo,positividade=0.5; tendencia_pos=0.0; risco=0.0,Manter rotina de vigilância laboratorial.,sklearn_gb_v1,sklearn_v1
DIAS D''AVILA,chikungunya,2025,6,0.0207,-3.8582,baixo,positividade=0.5; tendencia_pos=0.0; risco=0.0,Manter rotina de vigilância laboratorial.,sklearn_gb_v1,sklearn_v1
SAO JOAO DA BOA VISTA,chikungunya,2025,5,0.0207,-3.8582,baixo,positividade=0.5; tendencia_pos=0.0; risco=0.0,Manter rotina de vigilância laboratorial.,sklearn_gb_v1,sklearn_v1
CHARQUEADAS,chikungunya,2024,23,0.0207,-3.8582,baixo,positividade=0.5; tendencia_pos=0.0; risco=0.0,Manter rotina de vigilância laboratorial.,sklearn_gb_v1,sklearn_v1
SANTA MARIANA,zika,2025,5,0.0207,-3.8582,baixo,positividade=0.5; tendencia_pos=0.0; risco=0.0,Manter rotina de vigilância laboratorial.,sklearn_gb_v1,sklearn_v1
PILOEZINHOS,chikungunya,2024,29,0.0207,-3.8582,baixo,positividade=0.5; tendencia_pos=0.0; risco=0.0,Manter rotina de vigilância laboratorial.,sklearn_gb_v1,sklearn_v1
BARCELOS,chikungunya,2025,2,0.0207,-3.8582,baixo,positividade=0.5; tendencia_pos=0.0; risco=0.0,Manter rotina de vigilância laboratorial.,sklearn_gb_v1,sklearn_v1
PEDRA AZUL,zika,2025,1,0.0207,-3.8582,baixo,positividade=0.5; tendencia_pos=0.0; risco=0.0,Manter rotina de vigilância laboratorial.,sklearn_gb_v1,sklearn_v1
UBATUBA,chikungunya,2024,30,0.0207,-3.8582,baixo,positividade=0.5; tendencia_pos=0.0; risco=0.0,Manter rotina de vigilância laboratorial.,sklearn_gb_v1,sklearn_v1
NOVA PRATA,chikungunya,2025,5,0.0207,-3.8582,baixo,positividade=0.5; tendencia_pos=0.0; risco=0.0,Manter rotina de vigilância laboratorial.,sklearn_gb_v1,sklearn_v1
NOVA OLINDA DO MARANHAO,chikungunya,2025,6,0.0207,-3.8582,baixo,positividade=0.5; tendencia_pos=0.0; risco=0.0,Manter rotina de vigilância laboratorial.,sklearn_gb_v1,sklearn_v1
CAIBI,zika,2025,1,0.0207,-3.8582,baixo,positividade=0.5; tendencia_pos=0.0; risco=0.0,Manter rotina de vigilância laboratorial.,sklearn_gb_v1,sklearn_v1
BADY BASSITT,chikungunya,2025,5,0.0207,-3.8582,baixo,positividade=0.5; tendencia_pos=0.0; risco=0.0,Manter rotina de vigilância laboratorial.,sklearn_gb_v1,sklearn_v1
FRANCISCO BELTRAO,pesquisa_de_multipatogenos_ist,2024,31,0.0207,-3.8582,baixo,positividade=0.5; tendencia_pos=0.0; risco=0.0,Manter rotina de vigilância laboratorial.,sklearn_gb_v1,sklearn_v1
BALNEARIO CAMBORIU,chikungunya,2025,12,0.0207,-3.8582,baixo,positividade=0.5; tendencia_pos=0.0; risco=0.0,Manter rotina de vigilância laboratorial.,sklearn_gb_v1,sklearn_v1
BALNEARIO CAMBORIU,zika,2025,12,0.0207,-3.8582,baixo,positividade=0.5; tendencia_pos=0.0; risco=0.0,Manter rotina de vigilância laboratorial.,sklearn_gb_v1,sklearn_v1
DOM ELISEU,chikungunya,2024,28,0.0207,-3.8582,baixo,positividade=0.5; tendencia_pos=0.0; risco=0.0,Manter rotina de vigilância laboratorial.,sklearn_gb_v1,sklearn_v1
ITAJAI,chikungunya,2025,7,0.0207,-3.8582,baixo,positividade=0.5; tendencia_pos=0.0; risco=0.0,Manter rotina de vigilância laboratorial.,sklearn_gb_v1,sklearn_v1
FRANCA,chikungunya,2025,3,0.0207,-3.8582,baixo,positividade=0.5; tendencia_pos=0.0; risco=0.0,Manter rotina de vigilância laboratorial.,sklearn_gb_v1,sklearn_v1
CAUCAIA,chikungunya,2025,9,0.0207,-3.8582,baixo,positividade=0.5; tendencia_pos=0.0; risco=0.0,Manter rotina de vigilância laboratorial.,sklearn_gb_v1,sklearn_v1
SAO VICENTE,chikungunya,2025,1,0.0207,-3.8582,baixo,positividade=0.5; tendencia_pos=0.0; risco=0.0,Manter rotina de vigilância laboratorial.,sklearn_gb_v1,sklearn_v1
CAMPO LIMPO PAULISTA,chikungunya,2025,18,0.0207,-3.8582,baixo,positividade=0.5; tendencia_pos=0.0; risco=0.0,Manter rotina de vigilância laboratorial.,sklearn_gb_v1,sklearn_v1
OLIMPIA,chikungunya,2025,6,0.0207,-3.8582,baixo,positividade=0.5; tendencia_pos=0.0; risco=0.0,Manter rotina de vigilância laboratorial.,sklearn_gb_v1,sklearn_v1
PINHAIS,chikungunya,2024,25,0.0207,-3.8582,baixo,positividade=0.5; tendencia_pos=0.0; risco=0.0,Manter rotina de vigilância laboratorial.,sklearn_gb_v1,sklearn_v1
RONDONOPOLIS,meningite_bacteriana_biologia_molecular,2025,35,0.0206,-3.8595,baixo,positividade=0.33; tendencia_pos=0.0; risco=0.26,Manter rotina de vigilância laboratorial.,sklearn_gb_v1,sklearn_v1
RIO DE JANEIRO,hepatite_b_hbv,2025,19,0.0205,-3.8681,baixo,positividade=1.0; tendencia_pos=0.0; risco=0.49,Manter rotina de vigilância laboratorial.,sklearn_gb_v1,sklearn_v1
BARAO DE MELGACO,dengue,2025,17,0.0205,-3.8684,baixo,positividade=0.0; tendencia_pos=-0.031; risco=0.5,Manter rotina de vigilância laboratorial.,sklearn_gb_v1,sklearn_v1
BARRA DO GARCAS,influenza_a,2025,19,0.0205,-3.8642,baixo,positividade=0.0; tendencia_pos=-0.042; risco=0.0,Manter rotina de vigilância laboratorial.,sklearn_gb_v1,sklearn_v1
MATINHA,chikungunya,2025,23,0.0205,-3.8681,baixo,positividade=1.0; tendencia_pos=0.0; risco=0.49,Manter rotina de vigilância laboratorial.,sklearn_gb_v1,sklearn_v1
BARRA DO CORDA,chikungunya,2025,12,0.0205,-3.8681,baixo,positividade=1.0; tendencia_pos=0.0; risco=0.49,Manter rotina de vigilância laboratorial.,sklearn_gb_v1,sklearn_v1
PEIXOTO DE AZEVEDO,zika,2025,34,0.0204,-3.8731,baixo,positividade=0.0; tendencia_pos=-0.051; risco=0.02,Manter rotina de vigilância laboratorial.,sklearn_gb_v1,sklearn_v1
COLIDER,zika,2025,34,0.0204,-3.8731,baixo,positividade=0.0; tendencia_pos=-0.059; risco=0.28,Manter rotina de vigilância laboratorial.,sklearn_gb_v1,sklearn_v1
GUARANTA DO NORTE,dengue,2025,35,0.0204,-3.8731,baixo,positividade=0.0; tendencia_pos=-0.067; risco=0.0,Manter rotina de vigilância laboratorial.,sklearn_gb_v1,sklearn_v1
JUARA,tuberculose_cultura,2025,26,0.0203,-3.8783,baixo,positividade=0.0; tendencia_pos=0.0; risco=0.0,Manter rotina de vigilância laboratorial.,sklearn_gb_v1,sklearn_v1
QUERENCIA,influenza_b,2025,34,0.0203,-3.8783,baixo,positividade=0.0; tendencia_pos=0.0; risco=0.0,Manter rotina de vigilância laboratorial.,sklearn_gb_v1,sklearn_v1
VILA RICA,chikungunya,2025,29,0.0203,-3.8783,baixo,positividade=0.0; tendencia_pos=0.0; risco=0.05,Manter rotina de vigilância laboratorial.,sklearn_gb_v1,sklearn_v1
QUERENCIA,influenza_a,2025,34,0.0203,-3.8783,baixo,positividade=0.0; tendencia_pos=0.0; risco=0.0,Manter rotina de vigilância laboratorial.,sklearn_gb_v1,sklearn_v1
VILA RICA,zika,2025,26,0.0203,-3.8783,baixo,positividade=0.0; tendencia_pos=0.0; risco=0.05,Manter rotina de vigilância laboratorial.,sklearn_gb_v1,sklearn_v1
NOVO HORIZONTE DO NORTE,influenza_b,2025,34,0.0203,-3.8783,baixo,positividade=0.0; tendencia_pos=-0.021; risco=0.0,Manter rotina de vigilância laboratorial.,sklearn_gb_v1,sklearn_v1
PRIMAVERA DO LESTE,influenza_b,2025,51,0.0203,-3.8783,baixo,positividade=0.0; tendencia_pos=0.0; risco=0.0,Manter rotina de vigilância laboratorial.,sklearn_gb_v1,sklearn_v1
COLIDER,influenza_b,2025,32,0.0203,-3.8783,baixo,positividade=0.0; tendencia_pos=0.0; risco=0.0,Manter rotina de vigilância laboratorial.,sklearn_gb_v1,sklearn_v1
JI-PARANA,zika,2025,25,0.0203,-3.8783,baixo,positividade=0.0; tendencia_pos=0.0; risco=0.0,Manter rotina de vigilância laboratorial.,sklearn_gb_v1,sklearn_v1
SAPEZAL,zika,2025,35,0.0203,-3.8783,baixo,positividade=0.0; tendencia_pos=0.0; risco=0.04,Manter rotina de vigilância laboratorial.,sklearn_gb_v1,sklearn_v1
COLIDER,virus_respiratorios,2025,29,0.0203,-3.8783,baixo,positividade=0.0; tendencia_pos=0.0; risco=0.0,Manter rotina de vigilância laboratorial.,sklearn_gb_v1,sklearn_v1
VARZEA GRANDE,citomegalovirus_igm,2025,33,0.0203,-3.8783,baixo,positividade=0.0; tendencia_pos=0.0; risco=0.0,Manter rotina de vigilância laboratorial.,sklearn_gb_v1,sklearn_v1
BARRA DO GARCAS,zika,2025,33,0.0203,-3.8783,baixo,positividade=0.0; tendencia_pos=0.0; risco=0.0,Manter rotina de vigilância laboratorial.,sklearn_gb_v1,sklearn_v1
JURUENA,zika,2025,31,0.0203,-3.8783,baixo,positividade=0.0; tendencia_pos=0.0; risco=0.06,Manter rotina de vigilância laboratorial.,sklearn_gb_v1,sklearn_v1
ALTO GARCAS,zika,2025,31,0.0203,-3.8783,baixo,positividade=0.0; tendencia_pos=0.0; risco=0.0,Manter rotina de vigilância laboratorial.,sklearn_gb_v1,sklearn_v1
TAPURAH,zika,2025,34,0.0203,-3.8783,baixo,positividade=0.0; tendencia_pos=0.0; risco=0.0,Manter rotina de vigilância laboratorial.,sklearn_gb_v1,sklearn_v1
CACERES,influenza_b,2026,14,0.0203,-3.8783,baixo,positividade=0.0; tendencia_pos=0.0; risco=0.01,Manter rotina de vigilância laboratorial.,sklearn_gb_v1,sklearn_v1
CANARANA,citomegalovirus_igm,2025,33,0.0203,-3.8783,baixo,positividade=0.0; tendencia_pos=0.0; risco=0.0,Manter rotina de vigilância laboratorial.,sklearn_gb_v1,sklearn_v1
ARENAPOLIS,zika,2025,34,0.0203,-3.8783,baixo,positividade=0.0; tendencia_pos=0.0; risco=0.0,Manter rotina de vigilância laboratorial.,sklearn_gb_v1,sklearn_v1
CORUMBA,zika,2025,34,0.0203,-3.8783,baixo,positividade=0.0; tendencia_pos=0.0; risco=0.0,Manter rotina de vigilância laboratorial.,sklearn_gb_v1,sklearn_v1
RONDONOPOLIS,virus_respiratorios,2025,34,0.0203,-3.8783,baixo,positividade=0.0; tendencia_pos=0.0; risco=0.0,Manter rotina de vigilância laboratorial.,sklearn_gb_v1,sklearn_v1
SORRISO,influenza_b,2025,34,0.0203,-3.8783,baixo,positividade=0.0; tendencia_pos=0.0; risco=0.0,Manter rotina de vigilância laboratorial.,sklearn_gb_v1,sklearn_v1
VARZEA GRANDE,virus_respiratorios,2026,9,0.0203,-3.8783,baixo,positividade=0.0; tendencia_pos=0.0; risco=0.0,Manter rotina de vigilância laboratorial.,sklearn_gb_v1,sklearn_v1
NOVO HORIZONTE DO NORTE,virus_respiratorios,2025,34,0.0203,-3.8783,baixo,positividade=0.0; tendencia_pos=0.0; risco=0.0,Manter rotina de vigilância laboratorial.,sklearn_gb_v1,sklearn_v1
CACERES,virus_respiratorios,2026,14,0.0203,-3.8783,baixo,positividade=0.0; tendencia_pos=0.0; risco=0.01,Manter rotina de vigilância laboratorial.,sklearn_gb_v1,sklearn_v1
JUINA,zika,2025,34,0.0203,-3.8783,baixo,positividade=0.0; tendencia_pos=0.0; risco=0.0,Manter rotina de vigilância laboratorial.,sklearn_gb_v1,sklearn_v1
QUERENCIA,virus_respiratorios,2025,34,0.0203,-3.8783,baixo,positividade=0.0; tendencia_pos=0.0; risco=0.0,Manter rotina de vigilância laboratorial.,sklearn_gb_v1,sklearn_v1
BOA VISTA,zika,2025,21,0.0203,-3.8783,baixo,positividade=0.0; tendencia_pos=0.0; risco=0.0,Manter rotina de vigilância laboratorial.,sklearn_gb_v1,sklearn_v1
AGUA BOA,rifampicina,2025,28,0.0203,-3.8783,baixo,positividade=0.0; tendencia_pos=0.0; risco=0.0,Manter rotina de vigilância laboratorial.,sklearn_gb_v1,sklearn_v1
CURITIBA,dengue,2025,15,0.0203,-3.8783,baixo,positividade=0.0; tendencia_pos=0.0; risco=0.0,Manter rotina de vigilância laboratorial.,sklearn_gb_v1,sklearn_v1
RENASCENCA,chikungunya,2025,21,0.0202,-3.8823,baixo,positividade=0.5; tendencia_pos=0.0; risco=0.17,Manter rotina de vigilância laboratorial.,sklearn_gb_v1,sklearn_v1
BARREIRAS,dengue,2025,7,0.0202,-3.8823,baixo,positividade=0.5; tendencia_pos=0.0; risco=0.17,Manter rotina de vigilância laboratorial.,sklearn_gb_v1,sklearn_v1
VILA NOVA DOS MARTIRIOS,chikungunya,2025,3,0.0202,-3.8823,baixo,positividade=0.5; tendencia_pos=0.0; risco=0.17,Manter rotina de vigilância laboratorial.,sklearn_gb_v1,sklearn_v1
AMARANTE DO MARANHAO,chikungunya,2025,21,0.0202,-3.8823,baixo,positividade=0.5; tendencia_pos=0.0; risco=0.17,Manter rotina de vigilância laboratorial.,sklearn_gb_v1,sklearn_v1
UMUARAMA,chikungunya,2025,21,0.0202,-3.8823,baixo,positividade=0.5; tendencia_pos=0.0; risco=0.17,Manter rotina de vigilância laboratorial.,sklearn_gb_v1,sklearn_v1
BOM LUGAR,dengue,2025,21,0.0202,-3.8823,baixo,positividade=0.5; tendencia_pos=0.0; risco=0.17,Manter rotina de vigilância laboratorial.,sklearn_gb_v1,sklearn_v1
IMPERATRIZ,chikungunya,2025,26,0.0202,-3.8823,baixo,positividade=0.5; tendencia_pos=0.0; risco=0.17,Manter rotina de vigilância laboratorial.,sklearn_gb_v1,sklearn_v1
JUINA,influenza_a,2025,23,0.0201,-3.8862,baixo,positividade=0.0; tendencia_pos=0.062; risco=0.64,Manter rotina de vigilância laboratorial.,sklearn_gb_v1,sklearn_v1
JUINA,sars_cov_2,2025,21,0.02,-3.8902,baixo,positividade=0.0; tendencia_pos=-0.143; risco=0.0,Manter rotina de vigilância laboratorial.,sklearn_gb_v1,sklearn_v1
SINOP,influenza_b,2025,51,0.0199,-3.8989,baixo,positividade=0.0; tendencia_pos=0.0; risco=0.14,Manter rotina de vigilância laboratorial.,sklearn_gb_v1,sklearn_v1
SAPEZAL,hepatite_c_hcv,2026,10,0.0199,-3.8968,baixo,positividade=1.0; tendencia_pos=0.0; risco=0.26,Manter rotina de vigilância laboratorial.,sklearn_gb_v1,sklearn_v1
JAURU,dengue,2025,21,0.0199,-3.8948,baixo,positividade=0.0; tendencia_pos=0.025; risco=0.0,Manter rotina de vigilância laboratorial.,sklearn_gb_v1,sklearn_v1
CURVELANDIA,zika,2025,17,0.0198,-3.9024,baixo,positividade=0.0; tendencia_pos=-0.017; risco=0.32,Manter rotina de vigilância laboratorial.,sklearn_gb_v1,sklearn_v1
CAMPINAPOLIS,influenza_b,2025,35,0.0198,-3.9024,baixo,positividade=0.0; tendencia_pos=0.0; risco=0.28,Manter rotina de vigilância laboratorial.,sklearn_gb_v1,sklearn_v1
COLIDER,tuberculose_cultura,2025,25,0.0198,-3.9024,baixo,positividade=0.0; tendencia_pos=0.0; risco=0.37,Manter rotina de vigilância laboratorial.,sklearn_gb_v1,sklearn_v1
NOVA MUTUM,tuberculose_cultura,2025,25,0.0198,-3.9019,baixo,positividade=0.0; tendencia_pos=-0.125; risco=0.0,Manter rotina de vigilância laboratorial.,sklearn_gb_v1,sklearn_v1
PORTO ESPERIDIAO,influenza_a,2025,29,0.0197,-3.9079,baixo,positividade=0.0; tendencia_pos=0.0; risco=0.05,Manter rotina de vigilância laboratorial.,sklearn_gb_v1,sklearn_v1
CANARANA,sars_cov_2,2025,28,0.0197,-3.9079,baixo,positividade=0.0; tendencia_pos=0.0; risco=0.0,Manter rotina de vigilância laboratorial.,sklearn_gb_v1,sklearn_v1
GUIRATINGA,dengue,2025,22,0.0197,-3.9079,baixo,positividade=0.0; tendencia_pos=0.0; risco=0.02,Manter rotina de vigilância laboratorial.,sklearn_gb_v1,sklearn_v1
GUARANTA DO NORTE,sars_cov_2,2025,33,0.0197,-3.9079,baixo,positividade=0.0; tendencia_pos=0.0; risco=0.0,Manter rotina de vigilância laboratorial.,sklearn_gb_v1,sklearn_v1
CASTANHEIRA,cultura_para_fungos,2025,22,0.0197,-3.9079,baixo,positividade=0.0; tendencia_pos=0.0; risco=0.0,Manter rotina de vigilância laboratorial.,sklearn_gb_v1,sklearn_v1
GRAJAU,chikungunya,2025,9,0.0197,-3.9059,baixo,positividade=0.5; tendencia_pos=0.0; risco=0.3,Manter rotina de vigilância laboratorial.,sklearn_gb_v1,sklearn_v1
GOIANESIA DO PARA,dengue,2025,11,0.0197,-3.9079,baixo,positividade=0.0; tendencia_pos=0.0; risco=0.0,Manter rotina de vigilância laboratorial.,sklearn_gb_v1,sklearn_v1
SANTA CARMEM,hepatite_b_hbv,2025,39,0.0197,-3.9079,baixo,positividade=0.0; tendencia_pos=0.0; risco=0.0,Manter rotina de vigilância laboratorial.,sklearn_gb_v1,sklearn_v1
CHAPADA DOS GUIMARAES,tuberculose_lf_lam,2026,13,0.0197,-3.9079,baixo,positividade=0.0; tendencia_pos=0.0; risco=0.04,Manter rotina de vigilância laboratorial.,sklearn_gb_v1,sklearn_v1
DIAMANTINO,influenza_a,2025,45,0.0197,-3.9079,baixo,positividade=0.0; tendencia_pos=0.0; risco=0.0,Manter rotina de vigilância laboratorial.,sklearn_gb_v1,sklearn_v1
ROSANA,chikungunya,2025,7,0.0197,-3.9059,baixo,positividade=0.5; tendencia_pos=0.0; risco=0.3,Manter rotina de vigilância laboratorial.,sklearn_gb_v1,sklearn_v1
PLANALTO DA SERRA,dengue,2025,28,0.0197,-3.9079,baixo,positividade=0.0; tendencia_pos=0.0; risco=0.05,Manter rotina de vigilância laboratorial.,sklearn_gb_v1,sklearn_v1
RONDONOPOLIS,cultura_para_fungos,2025,26,0.0197,-3.9079,baixo,positividade=0.0; tendencia_pos=0.0; risco=0.0,Manter rotina de vigilância laboratorial.,sklearn_gb_v1,sklearn_v1
CONFRESA,hepatite_c_hcv,2025,33,0.0197,-3.9079,baixo,positividade=0.0; tendencia_pos=0.0; risco=0.05,Manter rotina de vigilância laboratorial.,sklearn_gb_v1,sklearn_v1
ITAPEMA,chikungunya,2025,7,0.0197,-3.9059,baixo,positividade=0.5; tendencia_pos=0.0; risco=0.3,Manter rotina de vigilância laboratorial.,sklearn_gb_v1,sklearn_v1
ITAUNA,chikungunya,2024,24,0.0197,-3.9059,baixo,positividade=0.5; tendencia_pos=0.0; risco=0.3,Manter rotina de vigilância laboratorial.,sklearn_gb_v1,sklearn_v1
INDIAVAI,dengue,2025,7,0.0197,-3.9079,baixo,positividade=0.0; tendencia_pos=0.0; risco=0.03,Manter rotina de vigilância laboratorial.,sklearn_gb_v1,sklearn_v1
JOAO LISBOA,chikungunya,2025,23,0.0197,-3.9059,baixo,positividade=0.5; tendencia_pos=0.0; risco=0.18,Manter rotina de vigilância laboratorial.,sklearn_gb_v1,sklearn_v1
NOVA OLIMPIA,hepatite_c_hcv,2026,3,0.0197,-3.9079,baixo,positividade=0.0; tendencia_pos=0.0; risco=0.0,Manter rotina de vigilância laboratorial.,sklearn_gb_v1,sklearn_v1
BRASNORTE,fungos,2025,29,0.0197,-3.9079,baixo,positividade=0.0; tendencia_pos=0.0; risco=0.0,Manter rotina de vigilância laboratorial.,sklearn_gb_v1,sklearn_v1
INDAIAL,zika,2025,13,0.0197,-3.9059,baixo,positividade=0.5; tendencia_pos=0.0; risco=0.3,Manter rotina de vigilância laboratorial.,sklearn_gb_v1,sklearn_v1
OSORIO,zika,2025,4,0.0197,-3.9059,baixo,positividade=0.5; tendencia_pos=0.0; risco=0.3,Manter rotina de vigilância laboratorial.,sklearn_gb_v1,sklearn_v1
ORIXIMINA,chikungunya,2025,22,0.0197,-3.9059,baixo,positividade=0.5; tendencia_pos=0.0; risco=0.46,Manter rotina de vigilância laboratorial.,sklearn_gb_v1,sklearn_v1
JUSCIMEIRA,hepatite_c_hcv,2025,33,0.0197,-3.9079,baixo,positividade=0.0; tendencia_pos=0.0; risco=0.0,Manter rotina de vigilância laboratorial.,sklearn_gb_v1,sklearn_v1
JUAZEIRO,chikungunya,2025,26,0.0197,-3.9059,baixo,positividade=0.5; tendencia_pos=0.0; risco=0.18,Manter rotina de vigilância laboratorial.,sklearn_gb_v1,sklearn_v1
LUZIANIA,zika,2025,29,0.0197,-3.9059,baixo,positividade=0.5; tendencia_pos=0.0; risco=0.3,Manter rotina de vigilância laboratorial.,sklearn_gb_v1,sklearn_v1
LUCAS DO RIO VERDE,dengue,2025,34,0.0197,-3.9078,baixo,positividade=0.0; tendencia_pos=0.0; risco=0.0,Manter rotina de vigilância laboratorial.,sklearn_gb_v1,sklearn_v1
ARAPUTANGA,hepatite_c_hcv,2026,10,0.0197,-3.9079,baixo,positividade=0.0; tendencia_pos=0.0; risco=0.0,Manter rotina de vigilância laboratorial.,sklearn_gb_v1,sklearn_v1
MACHADINHO D''OESTE,dengue,2025,13,0.0197,-3.9079,baixo,positividade=0.0; tendencia_pos=0.0; risco=0.0,Manter rotina de vigilância laboratorial.,sklearn_gb_v1,sklearn_v1
AMARANTE DO MARANHAO,zika,2025,21,0.0197,-3.9059,baixo,positividade=0.5; tendencia_pos=0.0; risco=0.3,Manter rotina de vigilância laboratorial.,sklearn_gb_v1,sklearn_v1
MIRASSOL D''OESTE,sarampo_igg,2025,34,0.0197,-3.9059,baixo,positividade=0.5; tendencia_pos=0.0; risco=0.35,Manter rotina de vigilância laboratorial.,sklearn_gb_v1,sklearn_v1
VILA NOVA DOS MARTIRIOS,zika,2025,3,0.0197,-3.9059,baixo,positividade=0.5; tendencia_pos=0.0; risco=0.3,Manter rotina de vigilância laboratorial.,sklearn_gb_v1,sklearn_v1
ZE DOCA,dengue,2025,20,0.0197,-3.9059,baixo,positividade=0.5; tendencia_pos=0.0; risco=0.3,Manter rotina de vigilância laboratorial.,sklearn_gb_v1,sklearn_v1
ACORIZAL,tuberculose_cultura,2025,22,0.0196,-3.9108,baixo,positividade=0.0; tendencia_pos=0.05; risco=0.04,Manter rotina de vigilância laboratorial.,sklearn_gb_v1,sklearn_v1
CONFRESA,influenza_a,2025,40,0.0196,-3.9121,baixo,positividade=0.0; tendencia_pos=0.083; risco=0.05,Manter rotina de vigilância laboratorial.,sklearn_gb_v1,sklearn_v1
TANGARA DA SERRA,chagas,2025,12,0.0196,-3.9099,baixo,positividade=0.0; tendencia_pos=0.054; risco=0.0,Manter rotina de vigilância laboratorial.,sklearn_gb_v1,sklearn_v1
TANGARA DA SERRA,criptococos_teste_rapido,2026,17,0.0196,-3.9104,baixo,positividade=0.0; tendencia_pos=0.125; risco=0.0,Manter rotina de vigilância laboratorial.,sklearn_gb_v1,sklearn_v1
CANARANA,chagas_igg,2025,33,0.0196,-3.9108,baixo,positividade=0.0; tendencia_pos=0.05; risco=0.0,Manter rotina de vigilância laboratorial.,sklearn_gb_v1,sklearn_v1
DIAMANTINO,hepatite_c_hcv,2025,28,0.0196,-3.9108,baixo,positividade=0.0; tendencia_pos=0.05; risco=0.0,Manter rotina de vigilância laboratorial.,sklearn_gb_v1,sklearn_v1
SAPEZAL,tuberculose_cultura,2025,26,0.0196,-3.9108,baixo,positividade=0.0; tendencia_pos=0.05; risco=0.0,Manter rotina de vigilância laboratorial.,sklearn_gb_v1,sklearn_v1
GUARANTA DO NORTE,rubeola_igm,2025,19,0.0196,-3.9121,baixo,positividade=0.0; tendencia_pos=0.083; risco=0.0,Manter rotina de vigilância laboratorial.,sklearn_gb_v1,sklearn_v1
PONTES E LACERDA,rubeola_igg,2025,35,0.0196,-3.9108,baixo,positividade=0.0; tendencia_pos=0.05; risco=0.0,Manter rotina de vigilância laboratorial.,sklearn_gb_v1,sklearn_v1
NOVA XAVANTINA,influenza_a,2025,34,0.0196,-3.9108,baixo,positividade=0.0; tendencia_pos=0.05; risco=0.0,Manter rotina de vigilância laboratorial.,sklearn_gb_v1,sklearn_v1
SORRISO,tuberculose,2025,35,0.0196,-3.9108,baixo,positividade=0.0; tendencia_pos=0.05; risco=0.0,Manter rotina de vigilância laboratorial.,sklearn_gb_v1,sklearn_v1
SANTA LUZIA,dengue,2025,20,0.0196,-3.9108,baixo,positividade=0.0; tendencia_pos=0.05; risco=0.0,Manter rotina de vigilância laboratorial.,sklearn_gb_v1,sklearn_v1
ROSARIO OESTE,influenza_a,2025,28,0.0196,-3.9104,baixo,positividade=0.0; tendencia_pos=0.125; risco=0.06,Manter rotina de vigilância laboratorial.,sklearn_gb_v1,sklearn_v1
TANGARA DA SERRA,chagas_igg,2025,12,0.0196,-3.9099,baixo,positividade=0.0; tendencia_pos=0.054; risco=0.0,Manter rotina de vigilância laboratorial.,sklearn_gb_v1,sklearn_v1
VILA RICA,influenza_a,2025,27,0.0196,-3.9121,baixo,positividade=0.0; tendencia_pos=0.083; risco=0.05,Manter rotina de vigilância laboratorial.,sklearn_gb_v1,sklearn_v1
PONTES E LACERDA,rubeola_igm,2025,35,0.0196,-3.9108,baixo,positividade=0.0; tendencia_pos=0.05; risco=0.0,Manter rotina de vigilância laboratorial.,sklearn_gb_v1,sklearn_v1
FOZ DO IGUACU,zika,2025,11,0.0195,-3.9155,baixo,positividade=0.0; tendencia_pos=0.0; risco=0.0,Manter rotina de vigilância laboratorial.,sklearn_gb_v1,sklearn_v1
MIRASSOL D''OESTE,influenza_b,2025,34,0.0193,-3.9269,baixo,positividade=0.0; tendencia_pos=0.0; risco=0.06,Manter rotina de vigilância laboratorial.,sklearn_gb_v1,sklearn_v1
BARRA DO GARCAS,influenza_b,2025,19,0.0193,-3.9269,baixo,positividade=0.0; tendencia_pos=0.0; risco=0.0,Manter rotina de vigilância laboratorial.,sklearn_gb_v1,sklearn_v1
ALTO ALEGRE DO PINDARE,dengue,2025,20,0.0193,-3.9285,baixo,positividade=1.0; tendencia_pos=0.05; risco=0.49,Manter rotina de vigilância laboratorial.,sklearn_gb_v1,sklearn_v1
CLAUDIA,zika,2025,21,0.0193,-3.9269,baixo,positividade=0.0; tendencia_pos=0.0; risco=0.09,Manter rotina de vigilância laboratorial.,sklearn_gb_v1,sklearn_v1
JURUENA,dengue,2025,31,0.0193,-3.9269,baixo,positividade=0.0; tendencia_pos=0.0; risco=0.11,Manter rotina de vigilância laboratorial.,sklearn_gb_v1,sklearn_v1
MIRASSOL D''OESTE,virus_respiratorios,2025,34,0.0193,-3.9269,baixo,positividade=0.0; tendencia_pos=0.0; risco=0.0,Manter rotina de vigilância laboratorial.,sklearn_gb_v1,sklearn_v1
MIRASSOL D''OESTE,influenza_a,2025,34,0.0193,-3.9269,baixo,positividade=0.0; tendencia_pos=0.0; risco=0.06,Manter rotina de vigilância laboratorial.,sklearn_gb_v1,sklearn_v1
NOBRES,zika,2025,26,0.0193,-3.9269,baixo,positividade=0.0; tendencia_pos=0.0; risco=0.07,Manter rotina de vigilância laboratorial.,sklearn_gb_v1,sklearn_v1
JANGADA,dengue,2025,34,0.0193,-3.9299,baixo,positividade=0.0; tendencia_pos=-0.125; risco=0.06,Manter rotina de vigilância laboratorial.,sklearn_gb_v1,sklearn_v1
BARAO DE MELGACO,zika,2025,17,0.0192,-3.9311,baixo,positividade=0.0; tendencia_pos=0.0; risco=0.5,Manter rotina de vigilância laboratorial.,sklearn_gb_v1,sklearn_v1
BARRA DO GARCAS,tuberculose,2025,29,0.0192,-3.932,baixo,positividade=0.0; tendencia_pos=0.0; risco=0.2,Manter rotina de vigilância laboratorial.,sklearn_gb_v1,sklearn_v1
PEIXOTO DE AZEVEDO,dengue,2025,34,0.0192,-3.9358,baixo,positividade=0.0; tendencia_pos=-0.015; risco=0.02,Manter rotina de vigilância laboratorial.,sklearn_gb_v1,sklearn_v1
MARINGA,zika,2025,18,0.019,-3.9465,baixo,positividade=0.0; tendencia_pos=-0.062; risco=0.17,Manter rotina de vigilância laboratorial.,sklearn_gb_v1,sklearn_v1
MIRASSOL D''OESTE,sarampo_igm,2025,34,0.019,-3.9442,baixo,positividade=0.5; tendencia_pos=0.0; risco=0.64,Manter rotina de vigilância laboratorial.,sklearn_gb_v1,sklearn_v1
TOLEDO,chikungunya,2025,11,0.019,-3.9442,baixo,positividade=0.5; tendencia_pos=0.0; risco=0.64,Manter rotina de vigilância laboratorial.,sklearn_gb_v1,sklearn_v1
BARRA DO CORDA,zika,2025,12,0.019,-3.9442,baixo,positividade=0.5; tendencia_pos=0.0; risco=0.64,Manter rotina de vigilância laboratorial.,sklearn_gb_v1,sklearn_v1
CACERES,rifampicina,2026,2,0.019,-3.9465,baixo,positividade=0.0; tendencia_pos=-0.25; risco=0.01,Manter rotina de vigilância laboratorial.,sklearn_gb_v1,sklearn_v1
CUIABA,rubeola_igg,2025,35,0.019,-3.9465,baixo,positividade=0.0; tendencia_pos=-0.25; risco=0.0,Manter rotina de vigilância laboratorial.,sklearn_gb_v1,sklearn_v1
NOVA GUARITA,influenza_b,2025,23,0.0189,-3.951,baixo,positividade=0.0; tendencia_pos=0.0; risco=0.17,Manter rotina de vigilância laboratorial.,sklearn_gb_v1,sklearn_v1
LAMBARI D''OESTE,influenza_b,2025,23,0.0189,-3.951,baixo,positividade=0.0; tendencia_pos=0.0; risco=0.17,Manter rotina de vigilância laboratorial.,sklearn_gb_v1,sklearn_v1
LAMBARI D''OESTE,influenza_a,2025,23,0.0189,-3.951,baixo,positividade=0.0; tendencia_pos=0.0; risco=0.17,Manter rotina de vigilância laboratorial.,sklearn_gb_v1,sklearn_v1
JACIARA,influenza_b,2025,22,0.0189,-3.951,baixo,positividade=0.0; tendencia_pos=0.0; risco=0.17,Manter rotina de vigilância laboratorial.,sklearn_gb_v1,sklearn_v1
JACIARA,influenza_a,2025,22,0.0189,-3.951,baixo,positividade=0.0; tendencia_pos=0.0; risco=0.17,Manter rotina de vigilância laboratorial.,sklearn_gb_v1,sklearn_v1
SAO LUIS,zika,2025,25,0.0189,-3.951,baixo,positividade=0.0; tendencia_pos=0.0; risco=0.15,Manter rotina de vigilância laboratorial.,sklearn_gb_v1,sklearn_v1
CAMPO GRANDE,zika,2025,30,0.0189,-3.951,baixo,positividade=0.0; tendencia_pos=0.0; risco=0.17,Manter rotina de vigilância laboratorial.,sklearn_gb_v1,sklearn_v1
CASTANHEIRA,fungos,2025,29,0.0188,-3.9567,baixo,positividade=0.0; tendencia_pos=-0.143; risco=0.0,Manter rotina de vigilância laboratorial.,sklearn_gb_v1,sklearn_v1
POXOREO,hantavirus,2024,21,0.0187,-3.9602,baixo,positividade=0.33; tendencia_pos=0.0; risco=0.0,Manter rotina de vigilância laboratorial.,sklearn_gb_v1,sklearn_v1
GLORIA D''OESTE,bacterias_teste_de_sensibilidade,2025,33,0.0187,-3.9602,baixo,positividade=0.33; tendencia_pos=0.0; risco=0.0,Manter rotina de vigilância laboratorial.,sklearn_gb_v1,sklearn_v1
TABOAO DA SERRA,chikungunya,2025,3,0.0187,-3.9602,baixo,positividade=0.33; tendencia_pos=0.0; risco=0.0,Manter rotina de vigilância laboratorial.,sklearn_gb_v1,sklearn_v1
BARRETOS,zika,2025,5,0.0187,-3.9602,baixo,positividade=0.33; tendencia_pos=0.0; risco=0.0,Manter rotina de vigilância laboratorial.,sklearn_gb_v1,sklearn_v1
BARRETOS,chikungunya,2025,5,0.0187,-3.9602,baixo,positividade=0.33; tendencia_pos=0.0; risco=0.0,Manter rotina de vigilância laboratorial.,sklearn_gb_v1,sklearn_v1
CUIABA,rubeola_igm,2025,35,0.0187,-3.9606,baixo,positividade=1.0; tendencia_pos=0.0; risco=0.84,Manter rotina de vigilância laboratorial.,sklearn_gb_v1,sklearn_v1
JATAI,hepatite_b_hbv,2024,52,0.0186,-3.9644,baixo,positividade=1.0; tendencia_pos=0.0; risco=0.78,Manter rotina de vigilância laboratorial.,sklearn_gb_v1,sklearn_v1
NOVA MUTUM,hepatite_a,2024,37,0.0184,-3.9775,baixo,positividade=0.0; tendencia_pos=0.0; risco=0.0,Manter rotina de vigilância laboratorial.,sklearn_gb_v1,sklearn_v1
NOVA MUTUM,hantavirus,2024,23,0.0184,-3.9775,baixo,positividade=0.0; tendencia_pos=0.0; risco=0.0,Manter rotina de vigilância laboratorial.,sklearn_gb_v1,sklearn_v1
SINOP,febre_amarela_biologia_molecular,2025,2,0.0184,-3.9775,baixo,positividade=0.0; tendencia_pos=0.0; risco=0.0,Manter rotina de vigilância laboratorial.,sklearn_gb_v1,sklearn_v1
NOVA MUTUM,tuberculose_teste_de_sensibilidade,2025,18,0.0184,-3.9775,baixo,positividade=0.0; tendencia_pos=0.0; risco=0.0,Manter rotina de vigilância laboratorial.,sklearn_gb_v1,sklearn_v1
LUCAS DO RIO VERDE,pesquisa_de_multipatogenos_ist,2024,31,0.0184,-3.9775,baixo,positividade=0.0; tendencia_pos=0.0; risco=0.0,Manter rotina de vigilância laboratorial.,sklearn_gb_v1,sklearn_v1
ALTA FLORESTA,influenza_a,2025,28,0.0184,-3.9748,baixo,positividade=0.0; tendencia_pos=-0.062; risco=0.0,Manter rotina de vigilância laboratorial.,sklearn_gb_v1,sklearn_v1
PIMENTA BUENO,dengue,2025,33,0.0184,-3.9745,baixo,positividade=0.0; tendencia_pos=0.0; risco=0.44,Manter rotina de vigilância laboratorial.,sklearn_gb_v1,sklearn_v1
NOBRES,influenza_b,2025,23,0.0184,-3.9745,baixo,positividade=0.0; tendencia_pos=0.0; risco=0.3,Manter rotina de vigilância laboratorial.,sklearn_gb_v1,sklearn_v1
SINOP,variola,2025,19,0.0184,-3.9775,baixo,positividade=0.0; tendencia_pos=0.0; risco=0.0,Manter rotina de vigilância laboratorial.,sklearn_gb_v1,sklearn_v1
SINOP,varicela_zoster_biologia_molecular,2025,19,0.0184,-3.9775,baixo,positividade=0.0; tendencia_pos=0.0; risco=0.0,Manter rotina de vigilância laboratorial.,sklearn_gb_v1,sklearn_v1
CAMPO NOVO DO PARECIS,hantavirus,2025,6,0.0184,-3.9775,baixo,positividade=0.0; tendencia_pos=0.0; risco=0.0,Manter rotina de vigilância laboratorial.,sklearn_gb_v1,sklearn_v1
CAMPO NOVO DO PARECIS,variola,2025,35,0.0184,-3.9775,baixo,positividade=0.0; tendencia_pos=0.0; risco=0.0,Manter rotina de vigilância laboratorial.,sklearn_gb_v1,sklearn_v1
SINOP,pesquisa_de_multipatogenos_ist,2026,17,0.0184,-3.9775,baixo,positividade=0.0; tendencia_pos=0.0; risco=0.0,Manter rotina de vigilância laboratorial.,sklearn_gb_v1,sklearn_v1
SAO JOSE DO RIO CLARO,zika,2025,21,0.0184,-3.9745,baixo,positividade=0.0; tendencia_pos=0.0; risco=0.39,Manter rotina de vigilância laboratorial.,sklearn_gb_v1,sklearn_v1
JI-PARANA,dengue,2025,25,0.0184,-3.9745,baixo,positividade=0.0; tendencia_pos=0.0; risco=0.37,Manter rotina de vigilância laboratorial.,sklearn_gb_v1,sklearn_v1
RONDONOPOLIS,baciloscopia,2025,32,0.0183,-3.9829,baixo,positividade=1.0; tendencia_pos=0.0; risco=0.0,Manter rotina de vigilância laboratorial.,sklearn_gb_v1,sklearn_v1
RONDONOPOLIS,citomegalovirus_igg,2025,9,0.0183,-3.9829,baixo,positividade=1.0; tendencia_pos=0.0; risco=0.0,Manter rotina de vigilância laboratorial.,sklearn_gb_v1,sklearn_v1
CUIABA,citomegalovirus_igm,2025,27,0.0183,-3.9816,baixo,positividade=0.0; tendencia_pos=0.083; risco=0.0,Manter rotina de vigilância laboratorial.,sklearn_gb_v1,sklearn_v1
RONDONOPOLIS,leishmaniose_visceral_humana_total,2024,44,0.0183,-3.9829,baixo,positividade=1.0; tendencia_pos=0.0; risco=0.0,Manter rotina de vigilância laboratorial.,sklearn_gb_v1,sklearn_v1
NOVA MUTUM,chagas,2025,28,0.0182,-3.9854,baixo,positividade=0.0; tendencia_pos=-0.2; risco=0.0,Manter rotina de vigilância laboratorial.,sklearn_gb_v1,sklearn_v1
NOVA MUTUM,chagas_igg,2025,28,0.0182,-3.9854,baixo,positividade=0.0; tendencia_pos=-0.2; risco=0.0,Manter rotina de vigilância laboratorial.,sklearn_gb_v1,sklearn_v1
CHAPADA DOS GUIMARAES,virus_respiratorios,2025,25,0.0181,-3.9943,baixo,positividade=0.0; tendencia_pos=0.0; risco=0.04,Manter rotina de vigilância laboratorial.,sklearn_gb_v1,sklearn_v1
NOVA CANAA DO NORTE,influenza_b,2025,25,0.0181,-3.9943,baixo,positividade=0.0; tendencia_pos=0.0; risco=0.0,Manter rotina de vigilância laboratorial.,sklearn_gb_v1,sklearn_v1
SANTAREM,dengue,2025,25,0.0181,-3.9943,baixo,positividade=0.0; tendencia_pos=0.0; risco=0.0,Manter rotina de vigilância laboratorial.,sklearn_gb_v1,sklearn_v1
NOVA CANAA DO NORTE,influenza_a,2025,25,0.0181,-3.9943,baixo,positividade=0.0; tendencia_pos=0.0; risco=0.0,Manter rotina de vigilância laboratorial.,sklearn_gb_v1,sklearn_v1
CAMPO VERDE,variola,2024,41,0.018,-4.0016,baixo,positividade=0.0; tendencia_pos=0.0; risco=0.17,Manter rotina de vigilância laboratorial.,sklearn_gb_v1,sklearn_v1
CAMPO VERDE,meningite_bacteriana_biologia_molecular,2025,30,0.018,-4.0016,baixo,positividade=0.0; tendencia_pos=0.0; risco=0.17,Manter rotina de vigilância laboratorial.,sklearn_gb_v1,sklearn_v1
CRISTIANOPOLIS,zika,2025,9,0.0179,-4.0055,baixo,positividade=0.0; tendencia_pos=0.0; risco=0.0,Manter rotina de vigilância laboratorial.,sklearn_gb_v1,sklearn_v1
CRISTIANOPOLIS,dengue,2025,9,0.0179,-4.0055,baixo,positividade=0.0; tendencia_pos=0.0; risco=0.0,Manter rotina de vigilância laboratorial.,sklearn_gb_v1,sklearn_v1
CRISTIANOPOLIS,chikungunya,2025,9,0.0179,-4.0055,baixo,positividade=0.0; tendencia_pos=0.0; risco=0.0,Manter rotina de vigilância laboratorial.,sklearn_gb_v1,sklearn_v1
PORTO DOS GAUCHOS,pesquisa_de_multipatogenos_ist,2024,49,0.0179,-4.0055,baixo,positividade=0.0; tendencia_pos=0.0; risco=0.0,Manter rotina de vigilância laboratorial.,sklearn_gb_v1,sklearn_v1
DIAMANTINO,neisseria_gonorrhoeae,2025,4,0.0179,-4.0055,baixo,positividade=0.0; tendencia_pos=0.0; risco=0.0,Manter rotina de vigilância laboratorial.,sklearn_gb_v1,sklearn_v1
MONTIVIDIU,zika,2025,5,0.0179,-4.0055,baixo,positividade=0.0; tendencia_pos=0.0; risco=0.0,Manter rotina de vigilância laboratorial.,sklearn_gb_v1,sklearn_v1
MONTES CLAROS,toxoplasmose_igm,2025,5,0.0179,-4.0055,baixo,positividade=0.0; tendencia_pos=0.0; risco=0.0,Manter rotina de vigilância laboratorial.,sklearn_gb_v1,sklearn_v1
MONTES CLAROS,rubeola_igm,2025,5,0.0179,-4.0055,baixo,positividade=0.0; tendencia_pos=0.0; risco=0.0,Manter rotina de vigilância laboratorial.,sklearn_gb_v1,sklearn_v1
MONTE SIAO,zika,2025,2,0.0179,-4.0055,baixo,positividade=0.0; tendencia_pos=0.0; risco=0.0,Manter rotina de vigilância laboratorial.,sklearn_gb_v1,sklearn_v1
MONTE SIAO,dengue,2025,2,0.0179,-4.0055,baixo,positividade=0.0; tendencia_pos=0.0; risco=0.0,Manter rotina de vigilância laboratorial.,sklearn_gb_v1,sklearn_v1
MARANHAOZINHO,dengue,2024,23,0.0179,-4.0055,baixo,positividade=0.0; tendencia_pos=0.0; risco=0.0,Manter rotina de vigilância laboratorial.,sklearn_gb_v1,sklearn_v1
ALTO TAQUARI,tuberculose_teste_de_sensibilidade,2025,20,0.0179,-4.0055,baixo,positividade=0.0; tendencia_pos=0.0; risco=0.0,Manter rotina de vigilância laboratorial.,sklearn_gb_v1,sklearn_v1
ALTO TAQUARI,meningite_bacteriana_biologia_molecular,2024,32,0.0179,-4.0055,baixo,positividade=0.0; tendencia_pos=0.0; risco=0.0,Manter rotina de vigilância laboratorial.,sklearn_gb_v1,sklearn_v1
VALE DO PARAISO,chikungunya,2025,9,0.0179,-4.0055,baixo,positividade=0.0; tendencia_pos=0.0; risco=0.0,Manter rotina de vigilância laboratorial.,sklearn_gb_v1,sklearn_v1
VALE DE SAO DOMINGOS,rubeola_igm,2024,31,0.0179,-4.0055,baixo,positividade=0.0; tendencia_pos=0.0; risco=0.05,Manter rotina de vigilância laboratorial.,sklearn_gb_v1,sklearn_v1
URUCARA,dengue,2025,20,0.0179,-4.0055,baixo,positividade=0.0; tendencia_pos=0.0; risco=0.0,Manter rotina de vigilância laboratorial.,sklearn_gb_v1,sklearn_v1
COTRIGUACU,dengue,2025,21,0.0179,-4.0032,baixo,positividade=0.0; tendencia_pos=0.0; risco=0.51,Manter rotina de vigilância laboratorial.,sklearn_gb_v1,sklearn_v1
DOIS RIACHOS,chikungunya,2025,15,0.0179,-4.0055,baixo,positividade=0.0; tendencia_pos=0.0; risco=0.0,Manter rotina de vigilância laboratorial.,sklearn_gb_v1,sklearn_v1
DIORAMA,dengue,2024,25,0.0179,-4.0055,baixo,positividade=0.0; tendencia_pos=0.0; risco=0.0,Manter rotina de vigilância laboratorial.,sklearn_gb_v1,sklearn_v1
UNIAO DO SUL,rifampicina,2025,18,0.0179,-4.0055,baixo,positividade=0.0; tendencia_pos=0.0; risco=0.0,Manter rotina de vigilância laboratorial.,sklearn_gb_v1,sklearn_v1
ALVORADA D''OESTE,zika,2025,9,0.0179,-4.0055,baixo,positividade=0.0; tendencia_pos=0.0; risco=0.0,Manter rotina de vigilância laboratorial.,sklearn_gb_v1,sklearn_v1
ALVORADA D''OESTE,dengue,2025,9,0.0179,-4.0055,baixo,positividade=0.0; tendencia_pos=0.0; risco=0.0,Manter rotina de vigilância laboratorial.,sklearn_gb_v1,sklearn_v1
ALVORADA D''OESTE,chikungunya,2025,9,0.0179,-4.0055,baixo,positividade=0.0; tendencia_pos=0.0; risco=0.0,Manter rotina de vigilância laboratorial.,sklearn_gb_v1,sklearn_v1
ALVARAES,zika,2025,6,0.0179,-4.0055,baixo,positividade=0.0; tendencia_pos=0.0; risco=0.0,Manter rotina de vigilância laboratorial.,sklearn_gb_v1,sklearn_v1
MAMANGUAPE,sars_cov_2,2025,15,0.0179,-4.0055,baixo,positividade=0.0; tendencia_pos=0.0; risco=0.0,Manter rotina de vigilância laboratorial.,sklearn_gb_v1,sklearn_v1
NATAL,tuberculose_cultura,2025,21,0.0179,-4.0055,baixo,positividade=0.0; tendencia_pos=0.0; risco=0.0,Manter rotina de vigilância laboratorial.,sklearn_gb_v1,sklearn_v1
MOZARLANDIA,zika,2025,10,0.0179,-4.0055,baixo,positividade=0.0; tendencia_pos=0.0; risco=0.0,Manter rotina de vigilância laboratorial.,sklearn_gb_v1,sklearn_v1
MOZARLANDIA,dengue,2025,10,0.0179,-4.0055,baixo,positividade=0.0; tendencia_pos=0.0; risco=0.0,Manter rotina de vigilância laboratorial.,sklearn_gb_v1,sklearn_v1
MOZARLANDIA,chikungunya,2025,10,0.0179,-4.0055,baixo,positividade=0.0; tendencia_pos=0.0; risco=0.0,Manter rotina de vigilância laboratorial.,sklearn_gb_v1,sklearn_v1
MANDAGUACU,chikungunya,2025,22,0.0179,-4.0055,baixo,positividade=0.0; tendencia_pos=0.0; risco=0.0,Manter rotina de vigilância laboratorial.,sklearn_gb_v1,sklearn_v1
DIAMANTINO,hepatite_a,2025,28,0.0179,-4.0055,baixo,positividade=0.0; tendencia_pos=0.0; risco=0.0,Manter rotina de vigilância laboratorial.,sklearn_gb_v1,sklearn_v1
CRUZ,chikungunya,2025,12,0.0179,-4.0055,baixo,positividade=0.0; tendencia_pos=0.0; risco=0.0,Manter rotina de vigilância laboratorial.,sklearn_gb_v1,sklearn_v1
PORTEIRAO,dengue,2025,11,0.0179,-4.0055,baixo,positividade=0.0; tendencia_pos=0.0; risco=0.0,Manter rotina de vigilância laboratorial.,sklearn_gb_v1,sklearn_v1
PORTEIRAO,chikungunya,2025,11,0.0179,-4.0055,baixo,positividade=0.0; tendencia_pos=0.0; risco=0.0,Manter rotina de vigilância laboratorial.,sklearn_gb_v1,sklearn_v1
PORECATU,zika,2025,4,0.0179,-4.0055,baixo,positividade=0.0; tendencia_pos=0.0; risco=0.0,Manter rotina de vigilância laboratorial.,sklearn_gb_v1,sklearn_v1
PORECATU,dengue,2025,4,0.0179,-4.0055,baixo,positividade=0.0; tendencia_pos=0.0; risco=0.0,Manter rotina de vigilância laboratorial.,sklearn_gb_v1,sklearn_v1
PORECATU,chikungunya,2025,4,0.0179,-4.0055,baixo,positividade=0.0; tendencia_pos=0.0; risco=0.0,Manter rotina de vigilância laboratorial.,sklearn_gb_v1,sklearn_v1
DOM PEDRO,chikungunya,2025,27,0.0179,-4.0055,baixo,positividade=0.0; tendencia_pos=0.0; risco=0.0,Manter rotina de vigilância laboratorial.,sklearn_gb_v1,sklearn_v1
CORONEL VIVIDA,chikungunya,2025,25,0.0179,-4.0055,baixo,positividade=0.0; tendencia_pos=0.0; risco=0.0,Manter rotina de vigilância laboratorial.,sklearn_gb_v1,sklearn_v1
ANDIRA,chikungunya,2025,3,0.0179,-4.0055,baixo,positividade=0.0; tendencia_pos=0.0; risco=0.0,Manter rotina de vigilância laboratorial.,sklearn_gb_v1,sklearn_v1
TURILANDIA,zika,2024,30,0.0179,-4.0055,baixo,positividade=0.0; tendencia_pos=0.0; risco=0.0,Manter rotina de vigilância laboratorial.,sklearn_gb_v1,sklearn_v1
TUPARENDI,chikungunya,2024,48,0.0179,-4.0055,baixo,positividade=0.0; tendencia_pos=0.0; risco=0.0,Manter rotina de vigilância laboratorial.,sklearn_gb_v1,sklearn_v1
NITEROI,chikungunya,2025,7,0.0179,-4.0055,baixo,positividade=0.0; tendencia_pos=0.0; risco=0.0,Manter rotina de vigilância laboratorial.,sklearn_gb_v1,sklearn_v1
URBANO SANTOS,dengue,2025,20,0.0179,-4.0055,baixo,positividade=0.0; tendencia_pos=0.0; risco=0.0,Manter rotina de vigilância laboratorial.,sklearn_gb_v1,sklearn_v1
REALEZA,zika,2025,4,0.0179,-4.0055,baixo,positividade=0.0; tendencia_pos=0.0; risco=0.0,Manter rotina de vigilância laboratorial.,sklearn_gb_v1,sklearn_v1
REALEZA,dengue,2025,4,0.0179,-4.0055,baixo,positividade=0.0; tendencia_pos=0.0; risco=0.0,Manter rotina de vigilância laboratorial.,sklearn_gb_v1,sklearn_v1
QUIRINOPOLIS,chikungunya,2025,8,0.0179,-4.0055,baixo,positividade=0.0; tendencia_pos=0.0; risco=0.0,Manter rotina de vigilância laboratorial.,sklearn_gb_v1,sklearn_v1
LUZIANIA,influenza_a,2025,16,0.0179,-4.0055,baixo,positividade=0.0; tendencia_pos=0.0; risco=0.0,Manter rotina de vigilância laboratorial.,sklearn_gb_v1,sklearn_v1
LUZIANIA,dengue,2025,24,0.0179,-4.0055,baixo,positividade=0.0; tendencia_pos=0.0; risco=0.0,Manter rotina de vigilância laboratorial.,sklearn_gb_v1,sklearn_v1
TUCUMA,zika,2025,11,0.0179,-4.0055,baixo,positividade=0.0; tendencia_pos=0.0; risco=0.0,Manter rotina de vigilância laboratorial.,sklearn_gb_v1,sklearn_v1
TUCUMA,dengue,2025,11,0.0179,-4.0055,baixo,positividade=0.0; tendencia_pos=0.0; risco=0.0,Manter rotina de vigilância laboratorial.,sklearn_gb_v1,sklearn_v1
COTIA,dengue,2025,20,0.0179,-4.0055,baixo,positividade=0.0; tendencia_pos=0.0; risco=0.0,Manter rotina de vigilância laboratorial.,sklearn_gb_v1,sklearn_v1
RESERVA DO CABACAL,virus_respiratorios,2025,22,0.0179,-4.0055,baixo,positividade=0.0; tendencia_pos=0.0; risco=0.0,Manter rotina de vigilância laboratorial.,sklearn_gb_v1,sklearn_v1
APIACAS,tuberculose_lf_lam,2025,11,0.0179,-4.0055,baixo,positividade=0.0; tendencia_pos=0.0; risco=0.01,Manter rotina de vigilância laboratorial.,sklearn_gb_v1,sklearn_v1
LUIZIANIA,zika,2025,14,0.0179,-4.0055,baixo,positividade=0.0; tendencia_pos=0.0; risco=0.0,Manter rotina de vigilância laboratorial.,sklearn_gb_v1,sklearn_v1
NOBRES,pesquisa_de_multipatogenos_ist,2025,15,0.0179,-4.0055,baixo,positividade=0.0; tendencia_pos=0.0; risco=0.02,Manter rotina de vigilância laboratorial.,sklearn_gb_v1,sklearn_v1
ALVARAES,dengue,2025,6,0.0179,-4.0055,baixo,positividade=0.0; tendencia_pos=0.0; risco=0.0,Manter rotina de vigilância laboratorial.,sklearn_gb_v1,sklearn_v1
PORTELANDIA,zika,2025,4,0.0179,-4.0055,baixo,positividade=0.0; tendencia_pos=0.0; risco=0.0,Manter rotina de vigilância laboratorial.,sklearn_gb_v1,sklearn_v1
PORTELANDIA,dengue,2025,4,0.0179,-4.0055,baixo,positividade=0.0; tendencia_pos=0.0; risco=0.0,Manter rotina de vigilância laboratorial.,sklearn_gb_v1,sklearn_v1
PORTELANDIA,chikungunya,2025,4,0.0179,-4.0055,baixo,positividade=0.0; tendencia_pos=0.0; risco=0.0,Manter rotina de vigilância laboratorial.,sklearn_gb_v1,sklearn_v1
PORTEIRAO,zika,2025,11,0.0179,-4.0055,baixo,positividade=0.0; tendencia_pos=0.0; risco=0.0,Manter rotina de vigilância laboratorial.,sklearn_gb_v1,sklearn_v1
LUIZIANIA,chikungunya,2025,14,0.0179,-4.0055,baixo,positividade=0.0; tendencia_pos=0.0; risco=0.0,Manter rotina de vigilância laboratorial.,sklearn_gb_v1,sklearn_v1
LUCIARA,dengue,2025,17,0.0179,-4.0055,baixo,positividade=0.0; tendencia_pos=0.0; risco=0.12,Manter rotina de vigilância laboratorial.,sklearn_gb_v1,sklearn_v1
NOSSA SENHORA DO LIVRAMENTO,toxoplasmose_igm,2025,10,0.0179,-4.0055,baixo,positividade=0.0; tendencia_pos=0.0; risco=0.11,Manter rotina de vigilância laboratorial.,sklearn_gb_v1,sklearn_v1
NOSSA SENHORA DO LIVRAMENTO,toxoplasmose_igg,2025,10,0.0179,-4.0055,baixo,positividade=0.0; tendencia_pos=0.0; risco=0.11,Manter rotina de vigilância laboratorial.,sklearn_gb_v1,sklearn_v1
RIBEIRAO CASCALHEIRA,sars_cov_2,2025,5,0.0179,-4.0055,baixo,positividade=0.0; tendencia_pos=0.0; risco=0.11,Manter rotina de vigilância laboratorial.,sklearn_gb_v1,sklearn_v1
CONFRESA,meningite_bacteriana_biologia_molecular,2026,11,0.0179,-4.0055,baixo,positividade=0.0; tendencia_pos=0.0; risco=0.05,Manter rotina de vigilância laboratorial.,sklearn_gb_v1,sklearn_v1
EUCLIDES DA CUNHA PAULISTA,chikungunya,2025,18,0.0179,-4.0055,baixo,positividade=0.0; tendencia_pos=0.0; risco=0.0,Manter rotina de vigilância laboratorial.,sklearn_gb_v1,sklearn_v1
EUCLIDES DA CUNHA,virus_respiratorios,2025,19,0.0179,-4.0055,baixo,positividade=0.0; tendencia_pos=0.0; risco=0.0,Manter rotina de vigilância laboratorial.,sklearn_gb_v1,sklearn_v1
NOSSA SENHORA DO LIVRAMENTO,sarampo_biologia_molecular,2025,41,0.0179,-4.0055,baixo,positividade=0.0; tendencia_pos=0.0; risco=0.11,Manter rotina de vigilância laboratorial.,sklearn_gb_v1,sklearn_v1
NOSSA SENHORA DE NAZARE,chikungunya,2025,14,0.0179,-4.0055,baixo,positividade=0.0; tendencia_pos=0.0; risco=0.0,Manter rotina de vigilância laboratorial.,sklearn_gb_v1,sklearn_v1
NORTELANDIA,tuberculose_teste_de_sensibilidade,2025,16,0.0179,-4.0055,baixo,positividade=0.0; tendencia_pos=0.0; risco=0.0,Manter rotina de vigilância laboratorial.,sklearn_gb_v1,sklearn_v1
NORTELANDIA,sars_cov_2,2025,10,0.0179,-4.0055,baixo,positividade=0.0; tendencia_pos=0.0; risco=0.0,Manter rotina de vigilância laboratorial.,sklearn_gb_v1,sklearn_v1
LUZIANIA,virus_respiratorios,2025,16,0.0179,-4.0055,baixo,positividade=0.0; tendencia_pos=0.0; risco=0.0,Manter rotina de vigilância laboratorial.,sklearn_gb_v1,sklearn_v1
LUZIANIA,influenza_b,2025,16,0.0179,-4.0055,baixo,positividade=0.0; tendencia_pos=0.0; risco=0.0,Manter rotina de vigilância laboratorial.,sklearn_gb_v1,sklearn_v1
FEIJO,dengue,2025,22,0.0179,-4.0055,baixo,positividade=0.0; tendencia_pos=0.0; risco=0.0,Manter rotina de vigilância laboratorial.,sklearn_gb_v1,sklearn_v1
FARIAS BRITO,zika,2025,15,0.0179,-4.0055,baixo,positividade=0.0; tendencia_pos=0.0; risco=0.0,Manter rotina de vigilância laboratorial.,sklearn_gb_v1,sklearn_v1
FARIAS BRITO,dengue,2025,15,0.0179,-4.0055,baixo,positividade=0.0; tendencia_pos=0.0; risco=0.0,Manter rotina de vigilância laboratorial.,sklearn_gb_v1,sklearn_v1
RIO BRANCO,sars_cov_2,2025,8,0.0179,-4.0055,baixo,positividade=0.0; tendencia_pos=0.0; risco=0.01,Manter rotina de vigilância laboratorial.,sklearn_gb_v1,sklearn_v1
RIO BRANCO,pesquisa_de_multipatogenos_ist,2025,48,0.0179,-4.0055,baixo,positividade=0.0; tendencia_pos=0.0; risco=0.01,Manter rotina de vigilância laboratorial.,sklearn_gb_v1,sklearn_v1
NOSSA SENHORA DO LIVRAMENTO,virus_respiratorios,2025,19,0.0179,-4.0055,baixo,positividade=0.0; tendencia_pos=0.0; risco=0.11,Manter rotina de vigilância laboratorial.,sklearn_gb_v1,sklearn_v1
TIJUCAS,zika,2025,8,0.0179,-4.0055,baixo,positividade=0.0; tendencia_pos=0.0; risco=0.0,Manter rotina de vigilância laboratorial.,sklearn_gb_v1,sklearn_v1
ARAME,dengue,2025,20,0.0179,-4.0055,baixo,positividade=0.0; tendencia_pos=0.0; risco=0.0,Manter rotina de vigilância laboratorial.,sklearn_gb_v1,sklearn_v1
ARAGUATINS,dengue,2025,15,0.0179,-4.0055,baixo,positividade=0.0; tendencia_pos=0.0; risco=0.0,Manter rotina de vigilância laboratorial.,sklearn_gb_v1,sklearn_v1
TERRA SANTA,zika,2025,3,0.0179,-4.0055,baixo,positividade=0.0; tendencia_pos=0.0; risco=0.0,Manter rotina de vigilância laboratorial.,sklearn_gb_v1,sklearn_v1
APARECIDA DE GOIANIA,rifampicina,2025,22,0.0179,-4.0055,baixo,positividade=0.0; tendencia_pos=0.0; risco=0.0,Manter rotina de vigilância laboratorial.,sklearn_gb_v1,sklearn_v1
TRAIRAO,tuberculose_lf_lam,2025,13,0.0179,-4.0055,baixo,positividade=0.0; tendencia_pos=0.0; risco=0.0,Manter rotina de vigilância laboratorial.,sklearn_gb_v1,sklearn_v1
TOLEDO,tuberculose_teste_de_sensibilidade,2025,19,0.0179,-4.0055,baixo,positividade=0.0; tendencia_pos=0.0; risco=0.0,Manter rotina de vigilância laboratorial.,sklearn_gb_v1,sklearn_v1
LUIZIANIA,dengue,2025,14,0.0179,-4.0055,baixo,positividade=0.0; tendencia_pos=0.0; risco=0.0,Manter rotina de vigilância laboratorial.,sklearn_gb_v1,sklearn_v1
TERRA BOA,chikungunya,2025,27,0.0179,-4.0055,baixo,positividade=0.0; tendencia_pos=0.0; risco=0.0,Manter rotina de vigilância laboratorial.,sklearn_gb_v1,sklearn_v1
ARAPUTANGA,pesquisa_de_multipatogenos_ist,2026,9,0.0179,-4.0055,baixo,positividade=0.0; tendencia_pos=0.0; risco=0.0,Manter rotina de vigilância laboratorial.,sklearn_gb_v1,sklearn_v1
CONCEICAO DO MATO DENTRO,dengue,2025,15,0.0179,-4.0055,baixo,positividade=0.0; tendencia_pos=0.0; risco=0.0,Manter rotina de vigilância laboratorial.,sklearn_gb_v1,sklearn_v1
PONTA GROSSA,zika,2024,25,0.0179,-4.0055,baixo,positividade=0.0; tendencia_pos=0.0; risco=0.0,Manter rotina de vigilância laboratorial.,sklearn_gb_v1,sklearn_v1
POMERODE,dengue,2025,24,0.0179,-4.0055,baixo,positividade=0.0; tendencia_pos=0.0; risco=0.0,Manter rotina de vigilância laboratorial.,sklearn_gb_v1,sklearn_v1
RIO VERDE,influenza_b,2025,19,0.0179,-4.0055,baixo,positividade=0.0; tendencia_pos=0.0; risco=0.0,Manter rotina de vigilância laboratorial.,sklearn_gb_v1,sklearn_v1
TAQUARANA,sars_cov_2,2025,9,0.0179,-4.0055,baixo,positividade=0.0; tendencia_pos=0.0; risco=0.0,Manter rotina de vigilância laboratorial.,sklearn_gb_v1,sklearn_v1
TAQUARANA,influenza_b,2025,9,0.0179,-4.0055,baixo,positividade=0.0; tendencia_pos=0.0; risco=0.0,Manter rotina de vigilância laboratorial.,sklearn_gb_v1,sklearn_v1
TERRA SANTA,dengue,2025,3,0.0179,-4.0055,baixo,positividade=0.0; tendencia_pos=0.0; risco=0.0,Manter rotina de vigilância laboratorial.,sklearn_gb_v1,sklearn_v1
TERRA SANTA,chikungunya,2025,3,0.0179,-4.0055,baixo,positividade=0.0; tendencia_pos=0.0; risco=0.0,Manter rotina de vigilância laboratorial.,sklearn_gb_v1,sklearn_v1
TERRA RICA,dengue,2024,52,0.0179,-4.0055,baixo,positividade=0.0; tendencia_pos=0.0; risco=0.0,Manter rotina de vigilância laboratorial.,sklearn_gb_v1,sklearn_v1
NOVA BANDEIRANTES,pesquisa_de_multipatogenos_ist,2025,2,0.0179,-4.0055,baixo,positividade=0.0; tendencia_pos=0.0; risco=0.03,Manter rotina de vigilância laboratorial.,sklearn_gb_v1,sklearn_v1
NOVA ANDRADINA,zika,2025,7,0.0179,-4.0055,baixo,positividade=0.0; tendencia_pos=0.0; risco=0.0,Manter rotina de vigilância laboratorial.,sklearn_gb_v1,sklearn_v1
NOVA ANDRADINA,dengue,2025,7,0.0179,-4.0055,baixo,positividade=0.0; tendencia_pos=0.0; risco=0.0,Manter rotina de vigilância laboratorial.,sklearn_gb_v1,sklearn_v1
EUCLIDES DA CUNHA,influenza_b,2025,19,0.0179,-4.0055,baixo,positividade=0.0; tendencia_pos=0.0; risco=0.0,Manter rotina de vigilância laboratorial.,sklearn_gb_v1,sklearn_v1
EUCLIDES DA CUNHA,influenza_a,2025,19,0.0179,-4.0055,baixo,positividade=0.0; tendencia_pos=0.0; risco=0.0,Manter rotina de vigilância laboratorial.,sklearn_gb_v1,sklearn_v1
LAMBARI D''OESTE,sars_cov_2,2025,19,0.0179,-4.0055,baixo,positividade=0.0; tendencia_pos=0.0; risco=0.0,Manter rotina de vigilância laboratorial.,sklearn_gb_v1,sklearn_v1
LAMBARI D''OESTE,pesquisa_de_multipatogenos_ist,2026,11,0.0179,-4.0055,baixo,positividade=0.0; tendencia_pos=0.0; risco=0.0,Manter rotina de vigilância laboratorial.,sklearn_gb_v1,sklearn_v1
FELIZ NATAL,variola,2025,17,0.0179,-4.0055,baixo,positividade=0.0; tendencia_pos=0.0; risco=0.0,Manter rotina de vigilância laboratorial.,sklearn_gb_v1,sklearn_v1
FELIZ NATAL,varicela_zoster_biologia_molecular,2025,17,0.0179,-4.0055,baixo,positividade=0.0; tendencia_pos=0.0; risco=0.0,Manter rotina de vigilância laboratorial.,sklearn_gb_v1,sklearn_v1
FELIZ NATAL,tuberculose_lf_lam,2025,15,0.0179,-4.0055,baixo,positividade=0.0; tendencia_pos=0.0; risco=0.0,Manter rotina de vigilância laboratorial.,sklearn_gb_v1,sklearn_v1
FERNANDOPOLIS,zika,2025,13,0.0179,-4.0055,baixo,positividade=0.0; tendencia_pos=0.0; risco=0.0,Manter rotina de vigilância laboratorial.,sklearn_gb_v1,sklearn_v1
POCONE,pesquisa_de_genes_de_resistencia,2024,31,0.0179,-4.0055,baixo,positividade=0.0; tendencia_pos=0.0; risco=0.07,Manter rotina de vigilância laboratorial.,sklearn_gb_v1,sklearn_v1
RODEIO BONITO,chikungunya,2025,28,0.0179,-4.0055,baixo,positividade=0.0; tendencia_pos=0.0; risco=0.0,Manter rotina de vigilância laboratorial.,sklearn_gb_v1,sklearn_v1
NOVA BRASILANDIA,meningite_bacteriana_biologia_molecular,2025,27,0.0179,-4.0055,baixo,positividade=0.0; tendencia_pos=0.0; risco=0.05,Manter rotina de vigilância laboratorial.,sklearn_gb_v1,sklearn_v1
NOVA BANDEIRANTES,sars_cov_2,2025,20,0.0179,-4.0055,baixo,positividade=0.0; tendencia_pos=0.0; risco=0.03,Manter rotina de vigilância laboratorial.,sklearn_gb_v1,sklearn_v1
LONDRINA,chikungunya,2025,10,0.0179,-4.0055,baixo,positividade=0.0; tendencia_pos=0.0; risco=0.0,Manter rotina de vigilância laboratorial.,sklearn_gb_v1,sklearn_v1
LOANDA,zika,2025,16,0.0179,-4.0055,baixo,positividade=0.0; tendencia_pos=0.0; risco=0.0,Manter rotina de vigilância laboratorial.,sklearn_gb_v1,sklearn_v1
LOANDA,dengue,2025,16,0.0179,-4.0055,baixo,positividade=0.0; tendencia_pos=0.0; risco=0.0,Manter rotina de vigilância laboratorial.,sklearn_gb_v1,sklearn_v1
NOVA CANAA DO NORTE,tuberculose_teste_de_sensibilidade,2025,11,0.0179,-4.0055,baixo,positividade=0.0; tendencia_pos=0.0; risco=0.0,Manter rotina de vigilância laboratorial.,sklearn_gb_v1,sklearn_v1
COLINAS,zika,2025,19,0.0179,-4.0055,baixo,positividade=0.0; tendencia_pos=0.0; risco=0.0,Manter rotina de vigilância laboratorial.,sklearn_gb_v1,sklearn_v1
COLINAS,chikungunya,2025,19,0.0179,-4.0055,baixo,positividade=0.0; tendencia_pos=0.0; risco=0.0,Manter rotina de vigilância laboratorial.,sklearn_gb_v1,sklearn_v1
COLIDER,tuberculose_teste_de_sensibilidade,2024,28,0.0179,-4.0055,baixo,positividade=0.0; tendencia_pos=0.0; risco=0.1,Manter rotina de vigilância laboratorial.,sklearn_gb_v1,sklearn_v1
COCALZINHO DE GOIAS,zika,2025,1,0.0179,-4.0055,baixo,positividade=0.0; tendencia_pos=0.0; risco=0.0,Manter rotina de vigilância laboratorial.,sklearn_gb_v1,sklearn_v1
COCALZINHO DE GOIAS,chikungunya,2025,1,0.0179,-4.0055,baixo,positividade=0.0; tendencia_pos=0.0; risco=0.0,Manter rotina de vigilância laboratorial.,sklearn_gb_v1,sklearn_v1
RONDONOPOLIS,leishmaniose_visceral_humana_teste_rapido,2024,49,0.0179,-4.0055,baixo,positividade=0.0; tendencia_pos=0.0; risco=0.03,Manter rotina de vigilância laboratorial.,sklearn_gb_v1,sklearn_v1
POCAO DE PEDRAS,zika,2025,23,0.0179,-4.0055,baixo,positividade=0.0; tendencia_pos=0.0; risco=0.0,Manter rotina de vigilância laboratorial.,sklearn_gb_v1,sklearn_v1
TANGARA DA SERRA,tuberculose_teste_de_sensibilidade,2025,31,0.0179,-4.0055,baixo,positividade=0.0; tendencia_pos=0.0; risco=0.0,Manter rotina de vigilância laboratorial.,sklearn_gb_v1,sklearn_v1
TAQUARANA,influenza_a,2025,9,0.0179,-4.0055,baixo,positividade=0.0; tendencia_pos=0.0; risco=0.0,Manter rotina de vigilância laboratorial.,sklearn_gb_v1,sklearn_v1
ARENAPOLIS,hiv,2024,26,0.0179,-4.0055,baixo,positividade=0.0; tendencia_pos=0.0; risco=0.0,Manter rotina de vigilância laboratorial.,sklearn_gb_v1,sklearn_v1
LANDRI SALES,dengue,2025,33,0.0179,-4.0055,baixo,positividade=0.0; tendencia_pos=0.0; risco=0.0,Manter rotina de vigilância laboratorial.,sklearn_gb_v1,sklearn_v1
AUGUSTINOPOLIS,dengue,2025,18,0.0179,-4.0055,baixo,positividade=0.0; tendencia_pos=0.0; risco=0.0,Manter rotina de vigilância laboratorial.,sklearn_gb_v1,sklearn_v1
ASSIS,tuberculose_teste_de_sensibilidade,2025,2,0.0179,-4.0055,baixo,positividade=0.0; tendencia_pos=0.0; risco=0.0,Manter rotina de vigilância laboratorial.,sklearn_gb_v1,sklearn_v1
ASSIS,influenza_b,2025,18,0.0179,-4.0055,baixo,positividade=0.0; tendencia_pos=0.0; risco=0.0,Manter rotina de vigilância laboratorial.,sklearn_gb_v1,sklearn_v1
ASSIS,influenza_a,2025,18,0.0179,-4.0055,baixo,positividade=0.0; tendencia_pos=0.0; risco=0.0,Manter rotina de vigilância laboratorial.,sklearn_gb_v1,sklearn_v1
NOVA GUARITA,virus_respiratorios,2025,22,0.0179,-4.0055,baixo,positividade=0.0; tendencia_pos=0.0; risco=0.0,Manter rotina de vigilância laboratorial.,sklearn_gb_v1,sklearn_v1
NOVA GUARITA,tuberculose_cultura,2025,22,0.0179,-4.0055,baixo,positividade=0.0; tendencia_pos=0.0; risco=0.0,Manter rotina de vigilância laboratorial.,sklearn_gb_v1,sklearn_v1
NOVA GUARITA,sars_cov_2,2025,23,0.0179,-4.0055,baixo,positividade=0.0; tendencia_pos=0.0; risco=0.0,Manter rotina de vigilância laboratorial.,sklearn_gb_v1,sklearn_v1
ARENAPOLIS,pesquisa_de_multipatogenos_ist,2026,1,0.0179,-4.0055,baixo,positividade=0.0; tendencia_pos=0.0; risco=0.0,Manter rotina de vigilância laboratorial.,sklearn_gb_v1,sklearn_v1
ARIQUEMES,pesquisa_de_multipatogenos_ist,2026,2,0.0179,-4.0055,baixo,positividade=0.0; tendencia_pos=0.0; risco=0.0,Manter rotina de vigilância laboratorial.,sklearn_gb_v1,sklearn_v1
TANGARA DA SERRA,sarampo_igm,2025,24,0.0179,-4.0055,baixo,positividade=0.0; tendencia_pos=0.0; risco=0.05,Manter rotina de vigilância laboratorial.,sklearn_gb_v1,sklearn_v1
NOVA CRIXAS,chikungunya,2025,7,0.0179,-4.0055,baixo,positividade=0.0; tendencia_pos=0.0; risco=0.0,Manter rotina de vigilância laboratorial.,sklearn_gb_v1,sklearn_v1
LAGO DA PEDRA,chikungunya,2024,33,0.0179,-4.0055,baixo,positividade=0.0; tendencia_pos=0.0; risco=0.0,Manter rotina de vigilância laboratorial.,sklearn_gb_v1,sklearn_v1
PINHALZINHO,chikungunya,2024,23,0.0179,-4.0055,baixo,positividade=0.0; tendencia_pos=0.0; risco=0.0,Manter rotina de vigilância laboratorial.,sklearn_gb_v1,sklearn_v1
PINDORAMA,zika,2025,14,0.0179,-4.0055,baixo,positividade=0.0; tendencia_pos=0.0; risco=0.0,Manter rotina de vigilância laboratorial.,sklearn_gb_v1,sklearn_v1
PINDORAMA,dengue,2025,14,0.0179,-4.0055,baixo,positividade=0.0; tendencia_pos=0.0; risco=0.0,Manter rotina de vigilância laboratorial.,sklearn_gb_v1,sklearn_v1
GAUCHA DO NORTE,sars_cov_2,2025,19,0.0179,-4.0055,baixo,positividade=0.0; tendencia_pos=0.0; risco=0.08,Manter rotina de vigilância laboratorial.,sklearn_gb_v1,sklearn_v1
GAUCHA DO NORTE,rifampicina,2025,6,0.0179,-4.0055,baixo,positividade=0.0; tendencia_pos=0.0; risco=0.08,Manter rotina de vigilância laboratorial.,sklearn_gb_v1,sklearn_v1
CHOPINZINHO,rifampicina,2025,20,0.0179,-4.0055,baixo,positividade=0.0; tendencia_pos=0.0; risco=0.0,Manter rotina de vigilância laboratorial.,sklearn_gb_v1,sklearn_v1
FORTUNA,dengue,2025,21,0.0179,-4.0032,baixo,positividade=0.0; tendencia_pos=0.0; risco=0.51,Manter rotina de vigilância laboratorial.,sklearn_gb_v1,sklearn_v1
PIRATININGA,zika,2025,3,0.0179,-4.0055,baixo,positividade=0.0; tendencia_pos=0.0; risco=0.0,Manter rotina de vigilância laboratorial.,sklearn_gb_v1,sklearn_v1
PIRATININGA,dengue,2025,3,0.0179,-4.0055,baixo,positividade=0.0; tendencia_pos=0.0; risco=0.0,Manter rotina de vigilância laboratorial.,sklearn_gb_v1,sklearn_v1
PIRAPEMAS,chikungunya,2025,6,0.0179,-4.0055,baixo,positividade=0.0; tendencia_pos=0.0; risco=0.0,Manter rotina de vigilância laboratorial.,sklearn_gb_v1,sklearn_v1
PIRACICABA,zika,2025,4,0.0179,-4.0055,baixo,positividade=0.0; tendencia_pos=0.0; risco=0.0,Manter rotina de vigilância laboratorial.,sklearn_gb_v1,sklearn_v1
PIRACICABA,dengue,2025,4,0.0179,-4.0055,baixo,positividade=0.0; tendencia_pos=0.0; risco=0.0,Manter rotina de vigilância laboratorial.,sklearn_gb_v1,sklearn_v1
PIO XII,zika,2025,9,0.0179,-4.0055,baixo,positividade=0.0; tendencia_pos=0.0; risco=0.0,Manter rotina de vigilância laboratorial.,sklearn_gb_v1,sklearn_v1
PIO XII,dengue,2025,9,0.0179,-4.0055,baixo,positividade=0.0; tendencia_pos=0.0; risco=0.0,Manter rotina de vigilância laboratorial.,sklearn_gb_v1,sklearn_v1
CHAPECO,rifampicina,2025,12,0.0179,-4.0055,baixo,positividade=0.0; tendencia_pos=0.0; risco=0.0,Manter rotina de vigilância laboratorial.,sklearn_gb_v1,sklearn_v1
GARUVA,virus_respiratorios,2025,9,0.0179,-4.0055,baixo,positividade=0.0; tendencia_pos=0.0; risco=0.0,Manter rotina de vigilância laboratorial.,sklearn_gb_v1,sklearn_v1
GARUVA,influenza_b,2025,9,0.0179,-4.0055,baixo,positividade=0.0; tendencia_pos=0.0; risco=0.0,Manter rotina de vigilância laboratorial.,sklearn_gb_v1,sklearn_v1
GARUVA,influenza_a,2025,9,0.0179,-4.0055,baixo,positividade=0.0; tendencia_pos=0.0; risco=0.0,Manter rotina de vigilância laboratorial.,sklearn_gb_v1,sklearn_v1
PIMENTA BUENO,pesquisa_de_multipatogenos_ist,2026,19,0.0179,-4.0055,baixo,positividade=0.0; tendencia_pos=0.0; risco=0.0,Manter rotina de vigilância laboratorial.,sklearn_gb_v1,sklearn_v1
GIRAU DO PONCIANO,chikungunya,2025,9,0.0179,-4.0055,baixo,positividade=0.0; tendencia_pos=0.0; risco=0.0,Manter rotina de vigilância laboratorial.,sklearn_gb_v1,sklearn_v1
TABOAO DA SERRA,dengue,2025,3,0.0179,-4.0055,baixo,positividade=0.0; tendencia_pos=0.0; risco=0.0,Manter rotina de vigilância laboratorial.,sklearn_gb_v1,sklearn_v1
TABAPORA,meningite_bacteriana_biologia_molecular,2025,27,0.0179,-4.0055,baixo,positividade=0.0; tendencia_pos=0.0; risco=0.0,Manter rotina de vigilância laboratorial.,sklearn_gb_v1,sklearn_v1
BALNEARIO ARROIO DO SILVA,zika,2025,10,0.0179,-4.0055,baixo,positividade=0.0; tendencia_pos=0.0; risco=0.0,Manter rotina de vigilância laboratorial.,sklearn_gb_v1,sklearn_v1
BALNEARIO ARROIO DO SILVA,dengue,2025,10,0.0179,-4.0055,baixo,positividade=0.0; tendencia_pos=0.0; risco=0.0,Manter rotina de vigilância laboratorial.,sklearn_gb_v1,sklearn_v1
NOVA LACERDA,sars_cov_2,2025,22,0.0179,-4.0055,baixo,positividade=0.0; tendencia_pos=0.0; risco=0.03,Manter rotina de vigilância laboratorial.,sklearn_gb_v1,sklearn_v1
JURUENA,meningite_bacteriana_biologia_molecular,2025,25,0.0179,-4.0055,baixo,positividade=0.0; tendencia_pos=0.0; risco=0.06,Manter rotina de vigilância laboratorial.,sklearn_gb_v1,sklearn_v1
GAURAMA,chikungunya,2024,34,0.0179,-4.0055,baixo,positividade=0.0; tendencia_pos=0.0; risco=0.0,Manter rotina de vigilância laboratorial.,sklearn_gb_v1,sklearn_v1
GLORIA D''OESTE,pesquisa_de_multipatogenos_ist,2024,32,0.0179,-4.0055,baixo,positividade=0.0; tendencia_pos=0.0; risco=0.0,Manter rotina de vigilância laboratorial.,sklearn_gb_v1,sklearn_v1
GIRUA,dengue,2025,28,0.0179,-4.0055,baixo,positividade=0.0; tendencia_pos=0.0; risco=0.0,Manter rotina de vigilância laboratorial.,sklearn_gb_v1,sklearn_v1
PETROLINA,dengue,2025,20,0.0179,-4.0055,baixo,positividade=0.0; tendencia_pos=0.0; risco=0.0,Manter rotina de vigilância laboratorial.,sklearn_gb_v1,sklearn_v1
ROSARIO OESTE,oropouche_biologia_molecular,2024,34,0.0179,-4.0055,baixo,positividade=0.0; tendencia_pos=0.0; risco=0.06,Manter rotina de vigilância laboratorial.,sklearn_gb_v1,sklearn_v1
BARRA DA ESTIVA,zika,2025,9,0.0179,-4.0055,baixo,positividade=0.0; tendencia_pos=0.0; risco=0.0,Manter rotina de vigilância laboratorial.,sklearn_gb_v1,sklearn_v1
BARRA DA ESTIVA,dengue,2025,9,0.0179,-4.0055,baixo,positividade=0.0; tendencia_pos=0.0; risco=0.0,Manter rotina de vigilância laboratorial.,sklearn_gb_v1,sklearn_v1
SULINA,chikungunya,2024,32,0.0179,-4.0055,baixo,positividade=0.0; tendencia_pos=0.0; risco=0.0,Manter rotina de vigilância laboratorial.,sklearn_gb_v1,sklearn_v1
JUINA,sarampo_igm,2025,46,0.0179,-4.0055,baixo,positividade=0.0; tendencia_pos=0.0; risco=0.0,Manter rotina de vigilância laboratorial.,sklearn_gb_v1,sklearn_v1
NOVA MARILANDIA,pesquisa_de_multipatogenos_ist,2026,12,0.0179,-4.0055,baixo,positividade=0.0; tendencia_pos=0.0; risco=0.0,Manter rotina de vigilância laboratorial.,sklearn_gb_v1,sklearn_v1
CHAVAL,pesquisa_de_multipatogenos_ist,2025,51,0.0179,-4.0055,baixo,positividade=0.0; tendencia_pos=0.0; risco=0.0,Manter rotina de vigilância laboratorial.,sklearn_gb_v1,sklearn_v1
NOVA CANAA DO NORTE,fungos,2024,32,0.0179,-4.0055,baixo,positividade=0.0; tendencia_pos=0.0; risco=0.0,Manter rotina de vigilância laboratorial.,sklearn_gb_v1,sklearn_v1
CHAPADA DOS GUIMARAES,tuberculose_teste_de_sensibilidade,2025,14,0.0179,-4.0055,baixo,positividade=0.0; tendencia_pos=0.0; risco=0.04,Manter rotina de vigilância laboratorial.,sklearn_gb_v1,sklearn_v1
CERRO LARGO,chikungunya,2024,23,0.0179,-4.0055,baixo,positividade=0.0; tendencia_pos=0.0; risco=0.0,Manter rotina de vigilância laboratorial.,sklearn_gb_v1,sklearn_v1
PERI MIRIM,dengue,2024,25,0.0179,-4.0055,baixo,positividade=0.0; tendencia_pos=0.0; risco=0.0,Manter rotina de vigilância laboratorial.,sklearn_gb_v1,sklearn_v1
PEREIRA BARRETO,dengue,2025,6,0.0179,-4.0055,baixo,positividade=0.0; tendencia_pos=0.0; risco=0.0,Manter rotina de vigilância laboratorial.,sklearn_gb_v1,sklearn_v1
PENDENCIAS,zika,2025,4,0.0179,-4.0055,baixo,positividade=0.0; tendencia_pos=0.0; risco=0.0,Manter rotina de vigilância laboratorial.,sklearn_gb_v1,sklearn_v1
PENDENCIAS,dengue,2025,4,0.0179,-4.0055,baixo,positividade=0.0; tendencia_pos=0.0; risco=0.0,Manter rotina de vigilância laboratorial.,sklearn_gb_v1,sklearn_v1
PENDENCIAS,chikungunya,2025,4,0.0179,-4.0055,baixo,positividade=0.0; tendencia_pos=0.0; risco=0.0,Manter rotina de vigilância laboratorial.,sklearn_gb_v1,sklearn_v1
PEIXOTO DE AZEVEDO,tuberculose_teste_de_sensibilidade,2025,20,0.0179,-4.0055,baixo,positividade=0.0; tendencia_pos=0.0; risco=0.12,Manter rotina de vigilância laboratorial.,sklearn_gb_v1,sklearn_v1
SORRISO,pesquisa_de_multipatogenos_ist,2025,9,0.0179,-4.0055,baixo,positividade=0.0; tendencia_pos=0.0; risco=0.0,Manter rotina de vigilância laboratorial.,sklearn_gb_v1,sklearn_v1
CAMPO LARGO DO PIAUI,dengue,2025,19,0.0179,-4.0055,baixo,positividade=0.0; tendencia_pos=0.0; risco=0.0,Manter rotina de vigilância laboratorial.,sklearn_gb_v1,sklearn_v1
SORRISO,meningite_bacteriana_biologia_molecular,2025,21,0.0179,-4.0055,baixo,positividade=0.0; tendencia_pos=0.0; risco=0.1,Manter rotina de vigilância laboratorial.,sklearn_gb_v1,sklearn_v1
NOVA MARINGA,sars_cov_2,2025,17,0.0179,-4.0055,baixo,positividade=0.0; tendencia_pos=0.0; risco=0.03,Manter rotina de vigilância laboratorial.,sklearn_gb_v1,sklearn_v1
JUINA,virus_respiratorios,2025,23,0.0179,-4.0032,baixo,positividade=0.0; tendencia_pos=0.0; risco=0.53,Manter rotina de vigilância laboratorial.,sklearn_gb_v1,sklearn_v1
JUINA,tuberculose_teste_de_sensibilidade,2025,17,0.0179,-4.0055,baixo,positividade=0.0; tendencia_pos=0.0; risco=0.0,Manter rotina de vigilância laboratorial.,sklearn_gb_v1,sklearn_v1
GENERAL CARNEIRO,virus_respiratorios,2025,20,0.0179,-4.0055,baixo,positividade=0.0; tendencia_pos=0.0; risco=0.08,Manter rotina de vigilância laboratorial.,sklearn_gb_v1,sklearn_v1
GENERAL CARNEIRO,variola,2025,4,0.0179,-4.0055,baixo,positividade=0.0; tendencia_pos=0.0; risco=0.08,Manter rotina de vigilância laboratorial.,sklearn_gb_v1,sklearn_v1
GENERAL CARNEIRO,varicela_zoster_biologia_molecular,2025,4,0.0179,-4.0055,baixo,positividade=0.0; tendencia_pos=0.0; risco=0.08,Manter rotina de vigilância laboratorial.,sklearn_gb_v1,sklearn_v1
GOVERNADOR EDISON LOBAO,influenza_a,2025,15,0.0179,-4.0055,baixo,positividade=0.0; tendencia_pos=0.0; risco=0.0,Manter rotina de vigilância laboratorial.,sklearn_gb_v1,sklearn_v1
CASTANHEIRA,zika,2025,19,0.0179,-4.0055,baixo,positividade=0.0; tendencia_pos=0.0; risco=0.0,Manter rotina de vigilância laboratorial.,sklearn_gb_v1,sklearn_v1
SANTA CRUZ DE MONTE CASTELO,pesquisa_de_multipatogenos_ist,2025,14,0.0179,-4.0055,baixo,positividade=0.0; tendencia_pos=0.0; risco=0.0,Manter rotina de vigilância laboratorial.,sklearn_gb_v1,sklearn_v1
CERES,influenza_b,2025,5,0.0179,-4.0055,baixo,positividade=0.0; tendencia_pos=0.0; risco=0.0,Manter rotina de vigilância laboratorial.,sklearn_gb_v1,sklearn_v1
BARROLANDIA,dengue,2025,14,0.0179,-4.0055,baixo,positividade=0.0; tendencia_pos=0.0; risco=0.0,Manter rotina de vigilância laboratorial.,sklearn_gb_v1,sklearn_v1
XEXEU,chikungunya,2025,18,0.0179,-4.0055,baixo,positividade=0.0; tendencia_pos=0.0; risco=0.0,Manter rotina de vigilância laboratorial.,sklearn_gb_v1,sklearn_v1
PRIMAVERA DO LESTE,hantavirus,2025,5,0.0179,-4.0055,baixo,positividade=0.0; tendencia_pos=0.0; risco=0.0,Manter rotina de vigilância laboratorial.,sklearn_gb_v1,sklearn_v1
SOBRAL,dengue,2024,21,0.0179,-4.0055,baixo,positividade=0.0; tendencia_pos=0.0; risco=0.0,Manter rotina de vigilância laboratorial.,sklearn_gb_v1,sklearn_v1
PRESIDENTE PRUDENTE,chikungunya,2025,1,0.0179,-4.0055,baixo,positividade=0.0; tendencia_pos=0.0; risco=0.0,Manter rotina de vigilância laboratorial.,sklearn_gb_v1,sklearn_v1
BARRAS,dengue,2025,18,0.0179,-4.0055,baixo,positividade=0.0; tendencia_pos=0.0; risco=0.0,Manter rotina de vigilância laboratorial.,sklearn_gb_v1,sklearn_v1
POSSE,chikungunya,2025,21,0.0179,-4.0055,baixo,positividade=0.0; tendencia_pos=0.0; risco=0.0,Manter rotina de vigilância laboratorial.,sklearn_gb_v1,sklearn_v1
ROSARIO OESTE,mayaro_biologia_molecular,2024,34,0.0179,-4.0055,baixo,positividade=0.0; tendencia_pos=0.0; risco=0.06,Manter rotina de vigilância laboratorial.,sklearn_gb_v1,sklearn_v1
ROSARIO OESTE,leishmaniose_visceral_humana_teste_rapido,2025,51,0.0179,-4.0055,baixo,positividade=0.0; tendencia_pos=0.0; risco=0.06,Manter rotina de vigilância laboratorial.,sklearn_gb_v1,sklearn_v1
CURVELANDIA,pesquisa_de_multipatogenos_ist,2025,48,0.0179,-4.0055,baixo,positividade=0.0; tendencia_pos=0.0; risco=0.0,Manter rotina de vigilância laboratorial.,sklearn_gb_v1,sklearn_v1
CHAPADA DOS GUIMARAES,pesquisa_de_multipatogenos_ist,2026,3,0.0179,-4.0055,baixo,positividade=0.0; tendencia_pos=0.0; risco=0.04,Manter rotina de vigilância laboratorial.,sklearn_gb_v1,sklearn_v1
SALVADOR,tuberculose_lf_lam,2025,10,0.0179,-4.0055,baixo,positividade=0.0; tendencia_pos=0.0; risco=0.0,Manter rotina de vigilância laboratorial.,sklearn_gb_v1,sklearn_v1
SANTA LUZIA,influenza_a,2025,17,0.0179,-4.0055,baixo,positividade=0.0; tendencia_pos=0.0; risco=0.0,Manter rotina de vigilância laboratorial.,sklearn_gb_v1,sklearn_v1
VIDEIRA,pesquisa_de_multipatogenos_ist,2025,40,0.0179,-4.0055,baixo,positividade=0.0; tendencia_pos=0.0; risco=0.0,Manter rotina de vigilância laboratorial.,sklearn_gb_v1,sklearn_v1
SANTA IZABEL DO OESTE,zika,2025,4,0.0179,-4.0055,baixo,positividade=0.0; tendencia_pos=0.0; risco=0.0,Manter rotina de vigilância laboratorial.,sklearn_gb_v1,sklearn_v1
SANTA IZABEL DO OESTE,dengue,2025,4,0.0179,-4.0055,baixo,positividade=0.0; tendencia_pos=0.0; risco=0.0,Manter rotina de vigilância laboratorial.,sklearn_gb_v1,sklearn_v1
VERE,zika,2025,3,0.0179,-4.0055,baixo,positividade=0.0; tendencia_pos=0.0; risco=0.0,Manter rotina de vigilância laboratorial.,sklearn_gb_v1,sklearn_v1
VERE,dengue,2025,3,0.0179,-4.0055,baixo,positividade=0.0; tendencia_pos=0.0; risco=0.0,Manter rotina de vigilância laboratorial.,sklearn_gb_v1,sklearn_v1
BAYEUX,pesquisa_de_multipatogenos_ist,2024,32,0.0179,-4.0055,baixo,positividade=0.0; tendencia_pos=0.0; risco=0.0,Manter rotina de vigilância laboratorial.,sklearn_gb_v1,sklearn_v1
JUARA,sarampo_biologia_molecular,2025,40,0.0179,-4.0055,baixo,positividade=0.0; tendencia_pos=0.0; risco=0.0,Manter rotina de vigilância laboratorial.,sklearn_gb_v1,sklearn_v1
SONORA,virus_respiratorios,2025,22,0.0179,-4.0055,baixo,positividade=0.0; tendencia_pos=0.0; risco=0.0,Manter rotina de vigilância laboratorial.,sklearn_gb_v1,sklearn_v1
SONORA,influenza_b,2025,22,0.0179,-4.0055,baixo,positividade=0.0; tendencia_pos=0.0; risco=0.0,Manter rotina de vigilância laboratorial.,sklearn_gb_v1,sklearn_v1
SONORA,influenza_a,2025,22,0.0179,-4.0055,baixo,positividade=0.0; tendencia_pos=0.0; risco=0.0,Manter rotina de vigilância laboratorial.,sklearn_gb_v1,sklearn_v1
BATATAIS,dengue,2025,26,0.0179,-4.0055,baixo,positividade=0.0; tendencia_pos=0.0; risco=0.0,Manter rotina de vigilância laboratorial.,sklearn_gb_v1,sklearn_v1
GOVERNADOR NUNES FREIRE,zika,2025,1,0.0179,-4.0055,baixo,positividade=0.0; tendencia_pos=0.0; risco=0.0,Manter rotina de vigilância laboratorial.,sklearn_gb_v1,sklearn_v1
GOVERNADOR EUGENIO BARROS,dengue,2025,21,0.0179,-4.0055,baixo,positividade=0.0; tendencia_pos=0.0; risco=0.0,Manter rotina de vigilância laboratorial.,sklearn_gb_v1,sklearn_v1
GOVERNADOR EDISON LOBAO,sars_cov_2,2025,15,0.0179,-4.0055,baixo,positividade=0.0; tendencia_pos=0.0; risco=0.0,Manter rotina de vigilância laboratorial.,sklearn_gb_v1,sklearn_v1
GOVERNADOR EDISON LOBAO,influenza_b,2025,15,0.0179,-4.0055,baixo,positividade=0.0; tendencia_pos=0.0; risco=0.0,Manter rotina de vigilância laboratorial.,sklearn_gb_v1,sklearn_v1
MAUA,zika,2025,2,0.0179,-4.0055,baixo,positividade=0.0; tendencia_pos=0.0; risco=0.0,Manter rotina de vigilância laboratorial.,sklearn_gb_v1,sklearn_v1
VILHENA,sars_cov_2,2025,5,0.0179,-4.0055,baixo,positividade=0.0; tendencia_pos=0.0; risco=0.0,Manter rotina de vigilância laboratorial.,sklearn_gb_v1,sklearn_v1
SANTA HELENA DE GOIAS,zika,2025,7,0.0179,-4.0055,baixo,positividade=0.0; tendencia_pos=0.0; risco=0.0,Manter rotina de vigilância laboratorial.,sklearn_gb_v1,sklearn_v1
SANTA HELENA DE GOIAS,chikungunya,2025,20,0.0179,-4.0055,baixo,positividade=0.0; tendencia_pos=0.0; risco=0.0,Manter rotina de vigilância laboratorial.,sklearn_gb_v1,sklearn_v1
PEDREIRAS,rifampicina,2025,7,0.0179,-4.0055,baixo,positividade=0.0; tendencia_pos=0.0; risco=0.0,Manter rotina de vigilância laboratorial.,sklearn_gb_v1,sklearn_v1
PEDRA PRETA,tuberculose_teste_de_sensibilidade,2024,21,0.0179,-4.0055,baixo,positividade=0.0; tendencia_pos=0.0; risco=0.0,Manter rotina de vigilância laboratorial.,sklearn_gb_v1,sklearn_v1
GUARANTA,dengue,2025,26,0.0179,-4.0055,baixo,positividade=0.0; tendencia_pos=0.0; risco=0.0,Manter rotina de vigilância laboratorial.,sklearn_gb_v1,sklearn_v1
GUARANI DAS MISSOES,zika,2025,9,0.0179,-4.0055,baixo,positividade=0.0; tendencia_pos=0.0; risco=0.0,Manter rotina de vigilância laboratorial.,sklearn_gb_v1,sklearn_v1
GUARANI DAS MISSOES,dengue,2025,9,0.0179,-4.0055,baixo,positividade=0.0; tendencia_pos=0.0; risco=0.0,Manter rotina de vigilância laboratorial.,sklearn_gb_v1,sklearn_v1
SANTA LUZIA,sars_cov_2,2025,17,0.0179,-4.0055,baixo,positividade=0.0; tendencia_pos=0.0; risco=0.02,Manter rotina de vigilância laboratorial.,sklearn_gb_v1,sklearn_v1
CERES,influenza_a,2025,5,0.0179,-4.0055,baixo,positividade=0.0; tendencia_pos=0.0; risco=0.0,Manter rotina de vigilância laboratorial.,sklearn_gb_v1,sklearn_v1
SALVATERRA,zika,2025,10,0.0179,-4.0055,baixo,positividade=0.0; tendencia_pos=0.0; risco=0.0,Manter rotina de vigilância laboratorial.,sklearn_gb_v1,sklearn_v1
SALVATERRA,dengue,2025,10,0.0179,-4.0055,baixo,positividade=0.0; tendencia_pos=0.0; risco=0.0,Manter rotina de vigilância laboratorial.,sklearn_gb_v1,sklearn_v1
GUAIRA,chikungunya,2025,20,0.0179,-4.0055,baixo,positividade=0.0; tendencia_pos=0.0; risco=0.0,Manter rotina de vigilância laboratorial.,sklearn_gb_v1,sklearn_v1
GRAMADO,chikungunya,2024,26,0.0179,-4.0055,baixo,positividade=0.0; tendencia_pos=0.0; risco=0.0,Manter rotina de vigilância laboratorial.,sklearn_gb_v1,sklearn_v1
VITORIA DA CONQUISTA,chikungunya,2024,31,0.0179,-4.0055,baixo,positividade=0.0; tendencia_pos=0.0; risco=0.0,Manter rotina de vigilância laboratorial.,sklearn_gb_v1,sklearn_v1
GUARANI DAS MISSOES,chikungunya,2025,9,0.0179,-4.0055,baixo,positividade=0.0; tendencia_pos=0.0; risco=0.0,Manter rotina de vigilância laboratorial.,sklearn_gb_v1,sklearn_v1
GUANAMBI,zika,2025,5,0.0179,-4.0055,baixo,positividade=0.0; tendencia_pos=0.0; risco=0.0,Manter rotina de vigilância laboratorial.,sklearn_gb_v1,sklearn_v1
GUANAMBI,dengue,2025,5,0.0179,-4.0055,baixo,positividade=0.0; tendencia_pos=0.0; risco=0.0,Manter rotina de vigilância laboratorial.,sklearn_gb_v1,sklearn_v1
PEDRA BRANCA DO AMAPARI,zika,2025,18,0.0179,-4.0055,baixo,positividade=0.0; tendencia_pos=0.0; risco=0.0,Manter rotina de vigilância laboratorial.,sklearn_gb_v1,sklearn_v1
PEDRA BRANCA DO AMAPARI,chikungunya,2025,18,0.0179,-4.0055,baixo,positividade=0.0; tendencia_pos=0.0; risco=0.0,Manter rotina de vigilância laboratorial.,sklearn_gb_v1,sklearn_v1
CARIACICA,zika,2025,5,0.0179,-4.0055,baixo,positividade=0.0; tendencia_pos=0.0; risco=0.0,Manter rotina de vigilância laboratorial.,sklearn_gb_v1,sklearn_v1
JOAO DOURADO,dengue,2025,13,0.0179,-4.0055,baixo,positividade=0.0; tendencia_pos=0.0; risco=0.0,Manter rotina de vigilância laboratorial.,sklearn_gb_v1,sklearn_v1
JOAO DOURADO,chikungunya,2025,13,0.0179,-4.0055,baixo,positividade=0.0; tendencia_pos=0.0; risco=0.0,Manter rotina de vigilância laboratorial.,sklearn_gb_v1,sklearn_v1
JOACABA,chikungunya,2025,15,0.0179,-4.0055,baixo,positividade=0.0; tendencia_pos=0.0; risco=0.0,Manter rotina de vigilância laboratorial.,sklearn_gb_v1,sklearn_v1
VITORIA DO MEARIM,chikungunya,2024,24,0.0179,-4.0055,baixo,positividade=0.0; tendencia_pos=0.0; risco=0.0,Manter rotina de vigilância laboratorial.,sklearn_gb_v1,sklearn_v1
BIGUACU,chikungunya,2025,18,0.0179,-4.0055,baixo,positividade=0.0; tendencia_pos=0.0; risco=0.0,Manter rotina de vigilância laboratorial.,sklearn_gb_v1,sklearn_v1
BENEVIDES,zika,2025,6,0.0179,-4.0055,baixo,positividade=0.0; tendencia_pos=0.0; risco=0.0,Manter rotina de vigilância laboratorial.,sklearn_gb_v1,sklearn_v1
BENEVIDES,dengue,2025,6,0.0179,-4.0055,baixo,positividade=0.0; tendencia_pos=0.0; risco=0.0,Manter rotina de vigilância laboratorial.,sklearn_gb_v1,sklearn_v1
MAUA,dengue,2025,2,0.0179,-4.0055,baixo,positividade=0.0; tendencia_pos=0.0; risco=0.0,Manter rotina de vigilância laboratorial.,sklearn_gb_v1,sklearn_v1
MARIALVA,zika,2025,14,0.0179,-4.0055,baixo,positividade=0.0; tendencia_pos=0.0; risco=0.0,Manter rotina de vigilância laboratorial.,sklearn_gb_v1,sklearn_v1
PORTO VELHO,hiv,2025,17,0.0179,-4.0055,baixo,positividade=0.0; tendencia_pos=0.0; risco=0.0,Manter rotina de vigilância laboratorial.,sklearn_gb_v1,sklearn_v1
SANTA MARIA DO OESTE,chikungunya,2025,6,0.0179,-4.0055,baixo,positividade=0.0; tendencia_pos=0.0; risco=0.0,Manter rotina de vigilância laboratorial.,sklearn_gb_v1,sklearn_v1
PATROCINIO,zika,2025,10,0.0179,-4.0055,baixo,positividade=0.0; tendencia_pos=0.0; risco=0.0,Manter rotina de vigilância laboratorial.,sklearn_gb_v1,sklearn_v1
PATROCINIO,dengue,2025,10,0.0179,-4.0055,baixo,positividade=0.0; tendencia_pos=0.0; risco=0.0,Manter rotina de vigilância laboratorial.,sklearn_gb_v1,sklearn_v1
PATROCINIO,chikungunya,2025,10,0.0179,-4.0055,baixo,positividade=0.0; tendencia_pos=0.0; risco=0.0,Manter rotina de vigilância laboratorial.,sklearn_gb_v1,sklearn_v1
DENISE,sarampo_biologia_molecular,2025,43,0.0179,-4.0055,baixo,positividade=0.0; tendencia_pos=0.0; risco=0.0,Manter rotina de vigilância laboratorial.,sklearn_gb_v1,sklearn_v1
PAROBE,zika,2025,5,0.0179,-4.0055,baixo,positividade=0.0; tendencia_pos=0.0; risco=0.0,Manter rotina de vigilância laboratorial.,sklearn_gb_v1,sklearn_v1
JARU,varicela_biologia_molecular,2024,39,0.0179,-4.0055,baixo,positividade=0.0; tendencia_pos=0.0; risco=0.0,Manter rotina de vigilância laboratorial.,sklearn_gb_v1,sklearn_v1
BOA VISTA DO GURUPI,dengue,2024,21,0.0179,-4.0055,baixo,positividade=0.0; tendencia_pos=0.0; risco=0.0,Manter rotina de vigilância laboratorial.,sklearn_gb_v1,sklearn_v1
BOA VISTA DO CADEADO,dengue,2025,18,0.0179,-4.0055,baixo,positividade=0.0; tendencia_pos=0.0; risco=0.0,Manter rotina de vigilância laboratorial.,sklearn_gb_v1,sklearn_v1
BOA VISTA,sars_cov_2,2025,21,0.0179,-4.0055,baixo,positividade=0.0; tendencia_pos=0.0; risco=0.08,Manter rotina de vigilância laboratorial.,sklearn_gb_v1,sklearn_v1
DENISE,pesquisa_de_multipatogenos_ist,2025,16,0.0179,-4.0055,baixo,positividade=0.0; tendencia_pos=0.0; risco=0.0,Manter rotina de vigilância laboratorial.,sklearn_gb_v1,sklearn_v1
JOAO PESSOA,pesquisa_de_multipatogenos_ist,2025,15,0.0179,-4.0055,baixo,positividade=0.0; tendencia_pos=0.0; risco=0.0,Manter rotina de vigilância laboratorial.,sklearn_gb_v1,sklearn_v1
JOAO DOURADO,zika,2025,13,0.0179,-4.0055,baixo,positividade=0.0; tendencia_pos=0.0; risco=0.0,Manter rotina de vigilância laboratorial.,sklearn_gb_v1,sklearn_v1
DENISE,hantavirus,2025,7,0.0179,-4.0055,baixo,positividade=0.0; tendencia_pos=0.0; risco=0.0,Manter rotina de vigilância laboratorial.,sklearn_gb_v1,sklearn_v1
CASTANHEIRA,dengue,2025,19,0.0179,-4.0055,baixo,positividade=0.0; tendencia_pos=0.0; risco=0.04,Manter rotina de vigilância laboratorial.,sklearn_gb_v1,sklearn_v1
SANTA LUZIA,influenza_b,2025,17,0.0179,-4.0055,baixo,positividade=0.0; tendencia_pos=0.0; risco=0.0,Manter rotina de vigilância laboratorial.,sklearn_gb_v1,sklearn_v1
CARIRIACU,zika,2025,19,0.0179,-4.0055,baixo,positividade=0.0; tendencia_pos=0.0; risco=0.0,Manter rotina de vigilância laboratorial.,sklearn_gb_v1,sklearn_v1
CARIRIACU,dengue,2025,19,0.0179,-4.0055,baixo,positividade=0.0; tendencia_pos=0.0; risco=0.0,Manter rotina de vigilância laboratorial.,sklearn_gb_v1,sklearn_v1
PARNAIBA,zika,2025,20,0.0179,-4.0055,baixo,positividade=0.0; tendencia_pos=0.0; risco=0.0,Manter rotina de vigilância laboratorial.,sklearn_gb_v1,sklearn_v1
PARNAIBA,dengue,2025,20,0.0179,-4.0055,baixo,positividade=0.0; tendencia_pos=0.0; risco=0.0,Manter rotina de vigilância laboratorial.,sklearn_gb_v1,sklearn_v1
PARAUAPEBAS,influenza_b,2025,5,0.0179,-4.0055,baixo,positividade=0.0; tendencia_pos=0.0; risco=0.0,Manter rotina de vigilância laboratorial.,sklearn_gb_v1,sklearn_v1
PARAUAPEBAS,influenza_a,2025,5,0.0179,-4.0055,baixo,positividade=0.0; tendencia_pos=0.0; risco=0.0,Manter rotina de vigilância laboratorial.,sklearn_gb_v1,sklearn_v1
SENA MADUREIRA,chikungunya,2024,22,0.0179,-4.0055,baixo,positividade=0.0; tendencia_pos=0.0; risco=0.0,Manter rotina de vigilância laboratorial.,sklearn_gb_v1,sklearn_v1
SIMOES FILHO,chikungunya,2024,21,0.0179,-4.0055,baixo,positividade=0.0; tendencia_pos=0.0; risco=0.0,Manter rotina de vigilância laboratorial.,sklearn_gb_v1,sklearn_v1
BRAGANCA,dengue,2025,15,0.0179,-4.0055,baixo,positividade=0.0; tendencia_pos=0.0; risco=0.0,Manter rotina de vigilância laboratorial.,sklearn_gb_v1,sklearn_v1
BORDA DA MATA,zika,2025,7,0.0179,-4.0055,baixo,positividade=0.0; tendencia_pos=0.0; risco=0.0,Manter rotina de vigilância laboratorial.,sklearn_gb_v1,sklearn_v1
BORDA DA MATA,dengue,2025,7,0.0179,-4.0055,baixo,positividade=0.0; tendencia_pos=0.0; risco=0.0,Manter rotina de vigilância laboratorial.,sklearn_gb_v1,sklearn_v1
SETE QUEDAS,zika,2025,3,0.0179,-4.0055,baixo,positividade=0.0; tendencia_pos=0.0; risco=0.0,Manter rotina de vigilância laboratorial.,sklearn_gb_v1,sklearn_v1
SERTAOZINHO,dengue,2024,23,0.0179,-4.0055,baixo,positividade=0.0; tendencia_pos=0.0; risco=0.0,Manter rotina de vigilância laboratorial.,sklearn_gb_v1,sklearn_v1
JARU,variola,2024,39,0.0179,-4.0055,baixo,positividade=0.0; tendencia_pos=0.0; risco=0.0,Manter rotina de vigilância laboratorial.,sklearn_gb_v1,sklearn_v1
JARU,varicela_zoster_biologia_molecular,2024,39,0.0179,-4.0055,baixo,positividade=0.0; tendencia_pos=0.0; risco=0.0,Manter rotina de vigilância laboratorial.,sklearn_gb_v1,sklearn_v1
CARIACICA,dengue,2025,5,0.0179,-4.0055,baixo,positividade=0.0; tendencia_pos=0.0; risco=0.0,Manter rotina de vigilância laboratorial.,sklearn_gb_v1,sklearn_v1
HUMAITA,chikungunya,2025,19,0.0179,-4.0055,baixo,positividade=0.0; tendencia_pos=0.0; risco=0.0,Manter rotina de vigilância laboratorial.,sklearn_gb_v1,sklearn_v1
HORIZONTE,zika,2025,9,0.0179,-4.0055,baixo,positividade=0.0; tendencia_pos=0.0; risco=0.0,Manter rotina de vigilância laboratorial.,sklearn_gb_v1,sklearn_v1
HORIZONTE,dengue,2025,9,0.0179,-4.0055,baixo,positividade=0.0; tendencia_pos=0.0; risco=0.0,Manter rotina de vigilância laboratorial.,sklearn_gb_v1,sklearn_v1
SANTANA DO ARAGUAIA,dengue,2025,20,0.0179,-4.0055,baixo,positividade=0.0; tendencia_pos=0.0; risco=0.0,Manter rotina de vigilância laboratorial.,sklearn_gb_v1,sklearn_v1
SAPEZAL,variola,2024,39,0.0179,-4.0055,baixo,positividade=0.0; tendencia_pos=0.0; risco=0.0,Manter rotina de vigilância laboratorial.,sklearn_gb_v1,sklearn_v1
PORTO ESTRELA,rifampicina,2025,9,0.0179,-4.0055,baixo,positividade=0.0; tendencia_pos=0.0; risco=0.1,Manter rotina de vigilância laboratorial.,sklearn_gb_v1,sklearn_v1
SAPEZAL,sars_cov_2,2025,11,0.0179,-4.0055,baixo,positividade=0.0; tendencia_pos=0.0; risco=0.0,Manter rotina de vigilância laboratorial.,sklearn_gb_v1,sklearn_v1
NOVA NAZARE,sars_cov_2,2025,17,0.0179,-4.0055,baixo,positividade=0.0; tendencia_pos=0.0; risco=0.12,Manter rotina de vigilância laboratorial.,sklearn_gb_v1,sklearn_v1
ALTO ARAGUAIA,influenza_b,2025,22,0.0179,-4.0055,baixo,positividade=0.0; tendencia_pos=0.0; risco=0.0,Manter rotina de vigilância laboratorial.,sklearn_gb_v1,sklearn_v1
ALTO ARAGUAIA,influenza_a,2025,22,0.0179,-4.0055,baixo,positividade=0.0; tendencia_pos=0.0; risco=0.0,Manter rotina de vigilância laboratorial.,sklearn_gb_v1,sklearn_v1
SENADOR CANEDO,chikungunya,2025,8,0.0179,-4.0055,baixo,positividade=0.0; tendencia_pos=0.0; risco=0.0,Manter rotina de vigilância laboratorial.,sklearn_gb_v1,sklearn_v1
CANTA,zika,2025,14,0.0179,-4.0055,baixo,positividade=0.0; tendencia_pos=0.0; risco=0.0,Manter rotina de vigilância laboratorial.,sklearn_gb_v1,sklearn_v1
CANTA,chikungunya,2025,14,0.0179,-4.0055,baixo,positividade=0.0; tendencia_pos=0.0; risco=0.0,Manter rotina de vigilância laboratorial.,sklearn_gb_v1,sklearn_v1
SANTA RITA,zika,2025,9,0.0179,-4.0055,baixo,positividade=0.0; tendencia_pos=0.0; risco=0.0,Manter rotina de vigilância laboratorial.,sklearn_gb_v1,sklearn_v1
SANTA RITA,dengue,2025,9,0.0179,-4.0055,baixo,positividade=0.0; tendencia_pos=0.0; risco=0.0,Manter rotina de vigilância laboratorial.,sklearn_gb_v1,sklearn_v1
SANTA RITA,chikungunya,2025,9,0.0179,-4.0055,baixo,positividade=0.0; tendencia_pos=0.0; risco=0.0,Manter rotina de vigilância laboratorial.,sklearn_gb_v1,sklearn_v1
CAPITAO LEONIDAS MARQUES,dengue,2025,24,0.0179,-4.0055,baixo,positividade=0.0; tendencia_pos=0.0; risco=0.0,Manter rotina de vigilância laboratorial.,sklearn_gb_v1,sklearn_v1
CAPINZAL,chikungunya,2025,12,0.0179,-4.0055,baixo,positividade=0.0; tendencia_pos=0.0; risco=0.0,Manter rotina de vigilância laboratorial.,sklearn_gb_v1,sklearn_v1
SANTO ANTONIO DE POSSE,chikungunya,2025,22,0.0179,-4.0055,baixo,positividade=0.0; tendencia_pos=0.0; risco=0.0,Manter rotina de vigilância laboratorial.,sklearn_gb_v1,sklearn_v1
MARCELANDIA,sifilis,2025,32,0.0179,-4.0055,baixo,positividade=0.0; tendencia_pos=0.0; risco=0.01,Manter rotina de vigilância laboratorial.,sklearn_gb_v1,sklearn_v1
HORIZONTE,chikungunya,2025,9,0.0179,-4.0055,baixo,positividade=0.0; tendencia_pos=0.0; risco=0.0,Manter rotina de vigilância laboratorial.,sklearn_gb_v1,sklearn_v1
PARANAPANEMA,variola,2025,17,0.0179,-4.0055,baixo,positividade=0.0; tendencia_pos=0.0; risco=0.0,Manter rotina de vigilância laboratorial.,sklearn_gb_v1,sklearn_v1
MARITUBA,zika,2025,11,0.0179,-4.0055,baixo,positividade=0.0; tendencia_pos=0.0; risco=0.0,Manter rotina de vigilância laboratorial.,sklearn_gb_v1,sklearn_v1
BURITIS,virus_respiratorios,2025,5,0.0179,-4.0055,baixo,positividade=0.0; tendencia_pos=0.0; risco=0.0,Manter rotina de vigilância laboratorial.,sklearn_gb_v1,sklearn_v1
BURITIS,influenza_b,2025,5,0.0179,-4.0055,baixo,positividade=0.0; tendencia_pos=0.0; risco=0.0,Manter rotina de vigilância laboratorial.,sklearn_gb_v1,sklearn_v1
BURITIS,influenza_a,2025,5,0.0179,-4.0055,baixo,positividade=0.0; tendencia_pos=0.0; risco=0.0,Manter rotina de vigilância laboratorial.,sklearn_gb_v1,sklearn_v1
BRASNORTE,hantavirus,2024,21,0.0179,-4.0055,baixo,positividade=0.0; tendencia_pos=0.0; risco=0.0,Manter rotina de vigilância laboratorial.,sklearn_gb_v1,sklearn_v1
NOVA OLIMPIA,meningite_bacteriana_biologia_molecular,2024,39,0.0179,-4.0055,baixo,positividade=0.0; tendencia_pos=0.0; risco=0.0,Manter rotina de vigilância laboratorial.,sklearn_gb_v1,sklearn_v1
JARAGUA DO SUL,dengue,2025,7,0.0179,-4.0055,baixo,positividade=0.0; tendencia_pos=0.0; risco=0.0,Manter rotina de vigilância laboratorial.,sklearn_gb_v1,sklearn_v1
PARANAVAI,zika,2025,13,0.0179,-4.0055,baixo,positividade=0.0; tendencia_pos=0.0; risco=0.0,Manter rotina de vigilância laboratorial.,sklearn_gb_v1,sklearn_v1
PARANAVAI,chikungunya,2025,13,0.0179,-4.0055,baixo,positividade=0.0; tendencia_pos=0.0; risco=0.0,Manter rotina de vigilância laboratorial.,sklearn_gb_v1,sklearn_v1
PARANATINGA,sars_cov_2,2025,23,0.0179,-4.0055,baixo,positividade=0.0; tendencia_pos=0.0; risco=0.03,Manter rotina de vigilância laboratorial.,sklearn_gb_v1,sklearn_v1
CABROBO,chikungunya,2024,21,0.0179,-4.0055,baixo,positividade=0.0; tendencia_pos=0.0; risco=0.0,Manter rotina de vigilância laboratorial.,sklearn_gb_v1,sklearn_v1
CABEDELO,chikungunya,2025,9,0.0179,-4.0055,baixo,positividade=0.0; tendencia_pos=0.0; risco=0.0,Manter rotina de vigilância laboratorial.,sklearn_gb_v1,sklearn_v1
CUIABA,sarampo_biologia_molecular,2025,40,0.0179,-4.0055,baixo,positividade=0.0; tendencia_pos=0.0; risco=0.06,Manter rotina de vigilância laboratorial.,sklearn_gb_v1,sklearn_v1
CANARANA,hiv,2025,20,0.0179,-4.0055,baixo,positividade=0.0; tendencia_pos=0.0; risco=0.0,Manter rotina de vigilância laboratorial.,sklearn_gb_v1,sklearn_v1
SANTO ANTONIO DO LESTE,sars_cov_2,2025,24,0.0179,-4.0055,baixo,positividade=0.0; tendencia_pos=0.0; risco=0.06,Manter rotina de vigilância laboratorial.,sklearn_gb_v1,sklearn_v1
IGARAPE DO MEIO,zika,2025,18,0.0179,-4.0055,baixo,positividade=0.0; tendencia_pos=0.0; risco=0.0,Manter rotina de vigilância laboratorial.,sklearn_gb_v1,sklearn_v1
IGARAPE DO MEIO,chikungunya,2025,18,0.0179,-4.0055,baixo,positividade=0.0; tendencia_pos=0.0; risco=0.0,Manter rotina de vigilância laboratorial.,sklearn_gb_v1,sklearn_v1
PARANAGUA,pesquisa_de_multipatogenos_ist,2024,31,0.0179,-4.0055,baixo,positividade=0.0; tendencia_pos=0.0; risco=0.0,Manter rotina de vigilância laboratorial.,sklearn_gb_v1,sklearn_v1
PARAGUACU PAULISTA,chikungunya,2024,33,0.0179,-4.0055,baixo,positividade=0.0; tendencia_pos=0.0; risco=0.0,Manter rotina de vigilância laboratorial.,sklearn_gb_v1,sklearn_v1
JACOBINA,meningite_bacteriana_biologia_molecular,2026,20,0.0179,-4.0055,baixo,positividade=0.0; tendencia_pos=0.0; risco=0.0,Manter rotina de vigilância laboratorial.,sklearn_gb_v1,sklearn_v1
NOVA SANTA HELENA,meningite_bacteriana_biologia_molecular,2024,26,0.0179,-4.0055,baixo,positividade=0.0; tendencia_pos=0.0; risco=0.0,Manter rotina de vigilância laboratorial.,sklearn_gb_v1,sklearn_v1
JANGADA,varicela_zoster_biologia_molecular,2024,51,0.0179,-4.0055,baixo,positividade=0.0; tendencia_pos=0.0; risco=0.06,Manter rotina de vigilância laboratorial.,sklearn_gb_v1,sklearn_v1
NOVA OLIMPIA,variola,2025,19,0.0179,-4.0055,baixo,positividade=0.0; tendencia_pos=0.0; risco=0.0,Manter rotina de vigilância laboratorial.,sklearn_gb_v1,sklearn_v1
NOVA OLIMPIA,varicela_zoster_biologia_molecular,2025,19,0.0179,-4.0055,baixo,positividade=0.0; tendencia_pos=0.0; risco=0.0,Manter rotina de vigilância laboratorial.,sklearn_gb_v1,sklearn_v1
BREJOLANDIA,zika,2025,1,0.0179,-4.0055,baixo,positividade=0.0; tendencia_pos=0.0; risco=0.0,Manter rotina de vigilância laboratorial.,sklearn_gb_v1,sklearn_v1
CAPITAO POCO,dengue,2025,19,0.0179,-4.0055,baixo,positividade=0.0; tendencia_pos=0.0; risco=0.0,Manter rotina de vigilância laboratorial.,sklearn_gb_v1,sklearn_v1
PANORAMA,chikungunya,2024,21,0.0179,-4.0055,baixo,positividade=0.0; tendencia_pos=0.0; risco=0.0,Manter rotina de vigilância laboratorial.,sklearn_gb_v1,sklearn_v1
PALMEIRA D''OESTE,dengue,2025,21,0.0179,-4.0055,baixo,positividade=0.0; tendencia_pos=0.0; risco=0.0,Manter rotina de vigilância laboratorial.,sklearn_gb_v1,sklearn_v1
PALMARES,zika,2025,7,0.0179,-4.0055,baixo,positividade=0.0; tendencia_pos=0.0; risco=0.0,Manter rotina de vigilância laboratorial.,sklearn_gb_v1,sklearn_v1
PALMARES,dengue,2025,7,0.0179,-4.0055,baixo,positividade=0.0; tendencia_pos=0.0; risco=0.0,Manter rotina de vigilância laboratorial.,sklearn_gb_v1,sklearn_v1
PALMARES,chikungunya,2025,7,0.0179,-4.0055,baixo,positividade=0.0; tendencia_pos=0.0; risco=0.0,Manter rotina de vigilância laboratorial.,sklearn_gb_v1,sklearn_v1
SANTO ANTONIO DO TAUA,leptospira,2025,15,0.0179,-4.0055,baixo,positividade=0.0; tendencia_pos=0.0; risco=0.0,Manter rotina de vigilância laboratorial.,sklearn_gb_v1,sklearn_v1
SANTO ANTONIO DO LEVERGER,zika,2025,29,0.0179,-4.0067,baixo,positividade=0.0; tendencia_pos=0.062; risco=0.08,Manter rotina de vigilância laboratorial.,sklearn_gb_v1,sklearn_v1
SANTO ANTONIO DO LEVERGER,pesquisa_de_multipatogenos_ist,2025,9,0.0179,-4.0055,baixo,positividade=0.0; tendencia_pos=0.0; risco=0.08,Manter rotina de vigilância laboratorial.,sklearn_gb_v1,sklearn_v1
CACHOEIRA DO SUL,chikungunya,2024,23,0.0179,-4.0055,baixo,positividade=0.0; tendencia_pos=0.0; risco=0.0,Manter rotina de vigilância laboratorial.,sklearn_gb_v1,sklearn_v1
SAO MIGUEL DO OESTE,chikungunya,2024,29,0.0179,-4.0055,baixo,positividade=0.0; tendencia_pos=0.0; risco=0.0,Manter rotina de vigilância laboratorial.,sklearn_gb_v1,sklearn_v1
VARZEA GRANDE,hantavirus,2024,28,0.0179,-4.0055,baixo,positividade=0.0; tendencia_pos=0.0; risco=0.1,Manter rotina de vigilância laboratorial.,sklearn_gb_v1,sklearn_v1
CRUZ,zika,2025,12,0.0179,-4.0055,baixo,positividade=0.0; tendencia_pos=0.0; risco=0.0,Manter rotina de vigilância laboratorial.,sklearn_gb_v1,sklearn_v1
PRIMAVERA DO LESTE,pesquisa_de_multipatogenos_ist,2026,17,0.0179,-4.0055,baixo,positividade=0.0; tendencia_pos=0.0; risco=0.0,Manter rotina de vigilância laboratorial.,sklearn_gb_v1,sklearn_v1
BURITI,chikungunya,2025,14,0.0179,-4.0055,baixo,positividade=0.0; tendencia_pos=0.0; risco=0.0,Manter rotina de vigilância laboratorial.,sklearn_gb_v1,sklearn_v1
BRUSQUE,zika,2025,19,0.0179,-4.0055,baixo,positividade=0.0; tendencia_pos=0.0; risco=0.0,Manter rotina de vigilância laboratorial.,sklearn_gb_v1,sklearn_v1
BRUSQUE,dengue,2025,19,0.0179,-4.0055,baixo,positividade=0.0; tendencia_pos=0.0; risco=0.0,Manter rotina de vigilância laboratorial.,sklearn_gb_v1,sklearn_v1
PADRE PARAISO,dengue,2025,9,0.0179,-4.0055,baixo,positividade=0.0; tendencia_pos=0.0; risco=0.0,Manter rotina de vigilância laboratorial.,sklearn_gb_v1,sklearn_v1
PADRE PARAISO,chikungunya,2025,9,0.0179,-4.0055,baixo,positividade=0.0; tendencia_pos=0.0; risco=0.0,Manter rotina de vigilância laboratorial.,sklearn_gb_v1,sklearn_v1
PACO DO LUMIAR,virus_respiratorios,2025,20,0.0179,-4.0055,baixo,positividade=0.0; tendencia_pos=0.0; risco=0.0,Manter rotina de vigilância laboratorial.,sklearn_gb_v1,sklearn_v1
PACO DO LUMIAR,influenza_b,2025,20,0.0179,-4.0055,baixo,positividade=0.0; tendencia_pos=0.0; risco=0.0,Manter rotina de vigilância laboratorial.,sklearn_gb_v1,sklearn_v1
PACARAIMA,variola,2025,13,0.0179,-4.0055,baixo,positividade=0.0; tendencia_pos=0.0; risco=0.0,Manter rotina de vigilância laboratorial.,sklearn_gb_v1,sklearn_v1
SAO LOURENCO DA MATA,zika,2025,4,0.0179,-4.0055,baixo,positividade=0.0; tendencia_pos=0.0; risco=0.0,Manter rotina de vigilância laboratorial.,sklearn_gb_v1,sklearn_v1
SAO LOURENCO DA MATA,dengue,2025,4,0.0179,-4.0055,baixo,positividade=0.0; tendencia_pos=0.0; risco=0.0,Manter rotina de vigilância laboratorial.,sklearn_gb_v1,sklearn_v1
CAMBE,chikungunya,2025,13,0.0179,-4.0055,baixo,positividade=0.0; tendencia_pos=0.0; risco=0.0,Manter rotina de vigilância laboratorial.,sklearn_gb_v1,sklearn_v1
CALDAS NOVAS,zika,2025,4,0.0179,-4.0055,baixo,positividade=0.0; tendencia_pos=0.0; risco=0.0,Manter rotina de vigilância laboratorial.,sklearn_gb_v1,sklearn_v1
CALDAS NOVAS,dengue,2025,4,0.0179,-4.0055,baixo,positividade=0.0; tendencia_pos=0.0; risco=0.0,Manter rotina de vigilância laboratorial.,sklearn_gb_v1,sklearn_v1
CALDAS NOVAS,chikungunya,2025,4,0.0179,-4.0055,baixo,positividade=0.0; tendencia_pos=0.0; risco=0.0,Manter rotina de vigilância laboratorial.,sklearn_gb_v1,sklearn_v1
JABOATAO DOS GUARARAPES,influenza_b,2025,21,0.0179,-4.0055,baixo,positividade=0.0; tendencia_pos=0.0; risco=0.0,Manter rotina de vigilância laboratorial.,sklearn_gb_v1,sklearn_v1
JABOATAO DOS GUARARAPES,influenza_a,2025,21,0.0179,-4.0055,baixo,positividade=0.0; tendencia_pos=0.0; risco=0.0,Manter rotina de vigilância laboratorial.,sklearn_gb_v1,sklearn_v1
PRIMAVERA DO LESTE,leptospira,2025,5,0.0179,-4.0055,baixo,positividade=0.0; tendencia_pos=0.0; risco=0.0,Manter rotina de vigilância laboratorial.,sklearn_gb_v1,sklearn_v1
CACERES,parvovirus_b19_igm,2025,30,0.0179,-4.0055,baixo,positividade=0.0; tendencia_pos=0.0; risco=0.01,Manter rotina de vigilância laboratorial.,sklearn_gb_v1,sklearn_v1
CACERES,meningite_bacteriana_biologia_molecular,2025,31,0.0179,-4.0055,baixo,positividade=0.0; tendencia_pos=0.0; risco=0.01,Manter rotina de vigilância laboratorial.,sklearn_gb_v1,sklearn_v1
ITABERA,chikungunya,2025,12,0.0179,-4.0055,baixo,positividade=0.0; tendencia_pos=0.0; risco=0.0,Manter rotina de vigilância laboratorial.,sklearn_gb_v1,sklearn_v1
CACU,chikungunya,2024,24,0.0179,-4.0055,baixo,positividade=0.0; tendencia_pos=0.0; risco=0.0,Manter rotina de vigilância laboratorial.,sklearn_gb_v1,sklearn_v1
SAO JOSE DOS QUATRO MARCOS,hantavirus,2024,25,0.0179,-4.0055,baixo,positividade=0.0; tendencia_pos=0.0; risco=0.0,Manter rotina de vigilância laboratorial.,sklearn_gb_v1,sklearn_v1
CAMPINACU,dengue,2025,4,0.0179,-4.0055,baixo,positividade=0.0; tendencia_pos=0.0; risco=0.0,Manter rotina de vigilância laboratorial.,sklearn_gb_v1,sklearn_v1
CAMPINACU,chikungunya,2025,4,0.0179,-4.0055,baixo,positividade=0.0; tendencia_pos=0.0; risco=0.0,Manter rotina de vigilância laboratorial.,sklearn_gb_v1,sklearn_v1
CAMPESTRE,zika,2025,13,0.0179,-4.0055,baixo,positividade=0.0; tendencia_pos=0.0; risco=0.0,Manter rotina de vigilância laboratorial.,sklearn_gb_v1,sklearn_v1
CAMPESTRE,dengue,2025,13,0.0179,-4.0055,baixo,positividade=0.0; tendencia_pos=0.0; risco=0.0,Manter rotina de vigilância laboratorial.,sklearn_gb_v1,sklearn_v1
CAMPESTRE,chikungunya,2025,13,0.0179,-4.0055,baixo,positividade=0.0; tendencia_pos=0.0; risco=0.0,Manter rotina de vigilância laboratorial.,sklearn_gb_v1,sklearn_v1
NOVO HORIZONTE DO OESTE,zika,2025,9,0.0179,-4.0055,baixo,positividade=0.0; tendencia_pos=0.0; risco=0.0,Manter rotina de vigilância laboratorial.,sklearn_gb_v1,sklearn_v1
NOVO HORIZONTE DO OESTE,dengue,2025,9,0.0179,-4.0055,baixo,positividade=0.0; tendencia_pos=0.0; risco=0.0,Manter rotina de vigilância laboratorial.,sklearn_gb_v1,sklearn_v1
NOVO HORIZONTE DO NORTE,pesquisa_de_multipatogenos_ist,2025,2,0.0179,-4.0055,baixo,positividade=0.0; tendencia_pos=0.0; risco=0.0,Manter rotina de vigilância laboratorial.,sklearn_gb_v1,sklearn_v1
NOVO ARIPUANA,pesquisa_de_multipatogenos_ist,2025,29,0.0179,-4.0055,baixo,positividade=0.0; tendencia_pos=0.0; risco=0.0,Manter rotina de vigilância laboratorial.,sklearn_gb_v1,sklearn_v1
PRIMAVERA DO LESTE,hiv,2025,26,0.0179,-4.0055,baixo,positividade=0.0; tendencia_pos=0.0; risco=0.0,Manter rotina de vigilância laboratorial.,sklearn_gb_v1,sklearn_v1
CAMPOS DE JULIO,pesquisa_de_multipatogenos_ist,2025,17,0.0179,-4.0055,baixo,positividade=0.0; tendencia_pos=0.0; risco=0.0,Manter rotina de vigilância laboratorial.,sklearn_gb_v1,sklearn_v1
CAMPOS DE JULIO,hepatite_c_hcv,2025,32,0.0179,-4.0032,baixo,positividade=0.0; tendencia_pos=0.0; risco=0.5,Manter rotina de vigilância laboratorial.,sklearn_gb_v1,sklearn_v1
PADRE PARAISO,zika,2025,9,0.0179,-4.0055,baixo,positividade=0.0; tendencia_pos=0.0; risco=0.0,Manter rotina de vigilância laboratorial.,sklearn_gb_v1,sklearn_v1
SAO FELIPE D''OESTE,dengue,2025,6,0.0179,-4.0055,baixo,positividade=0.0; tendencia_pos=0.0; risco=0.0,Manter rotina de vigilância laboratorial.,sklearn_gb_v1,sklearn_v1
SAO CARLOS,pesquisa_de_multipatogenos_ist,2025,32,0.0179,-4.0055,baixo,positividade=0.0; tendencia_pos=0.0; risco=0.0,Manter rotina de vigilância laboratorial.,sklearn_gb_v1,sklearn_v1
PACAJA,dengue,2025,18,0.0179,-4.0055,baixo,positividade=0.0; tendencia_pos=0.0; risco=0.0,Manter rotina de vigilância laboratorial.,sklearn_gb_v1,sklearn_v1
OURINHOS,zika,2025,1,0.0179,-4.0055,baixo,positividade=0.0; tendencia_pos=0.0; risco=0.0,Manter rotina de vigilância laboratorial.,sklearn_gb_v1,sklearn_v1
OURINHOS,chikungunya,2025,19,0.0179,-4.0055,baixo,positividade=0.0; tendencia_pos=0.0; risco=0.0,Manter rotina de vigilância laboratorial.,sklearn_gb_v1,sklearn_v1
ITAGUAI,zika,2025,9,0.0179,-4.0055,baixo,positividade=0.0; tendencia_pos=0.0; risco=0.0,Manter rotina de vigilância laboratorial.,sklearn_gb_v1,sklearn_v1
ITAGUAI,dengue,2025,9,0.0179,-4.0055,baixo,positividade=0.0; tendencia_pos=0.0; risco=0.0,Manter rotina de vigilância laboratorial.,sklearn_gb_v1,sklearn_v1
CUIABA,hantavirus,2025,6,0.0179,-4.0055,baixo,positividade=0.0; tendencia_pos=0.0; risco=0.0,Manter rotina de vigilância laboratorial.,sklearn_gb_v1,sklearn_v1
QUATRO PONTES,zika,2025,23,0.0179,-4.0055,baixo,positividade=0.0; tendencia_pos=0.0; risco=0.0,Manter rotina de vigilância laboratorial.,sklearn_gb_v1,sklearn_v1
SANTOS,chikungunya,2024,27,0.0179,-4.0055,baixo,positividade=0.0; tendencia_pos=0.0; risco=0.0,Manter rotina de vigilância laboratorial.,sklearn_gb_v1,sklearn_v1
PORTO ESPERIDIAO,pesquisa_de_multipatogenos_ist,2025,35,0.0179,-4.0055,baixo,positividade=0.0; tendencia_pos=0.0; risco=0.05,Manter rotina de vigilância laboratorial.,sklearn_gb_v1,sklearn_v1
IPIXUNA DO PARA,rifampicina,2025,7,0.0179,-4.0055,baixo,positividade=0.0; tendencia_pos=0.0; risco=0.0,Manter rotina de vigilância laboratorial.,sklearn_gb_v1,sklearn_v1
IPAUMIRIM,zika,2025,9,0.0179,-4.0055,baixo,positividade=0.0; tendencia_pos=0.0; risco=0.0,Manter rotina de vigilância laboratorial.,sklearn_gb_v1,sklearn_v1
IPAUMIRIM,dengue,2025,9,0.0179,-4.0055,baixo,positividade=0.0; tendencia_pos=0.0; risco=0.0,Manter rotina de vigilância laboratorial.,sklearn_gb_v1,sklearn_v1
IPAUMIRIM,chikungunya,2025,9,0.0179,-4.0055,baixo,positividade=0.0; tendencia_pos=0.0; risco=0.0,Manter rotina de vigilância laboratorial.,sklearn_gb_v1,sklearn_v1
ITABUNA,dengue,2025,21,0.0179,-4.0055,baixo,positividade=0.0; tendencia_pos=0.0; risco=0.0,Manter rotina de vigilância laboratorial.,sklearn_gb_v1,sklearn_v1
MARAVILHA,chikungunya,2025,5,0.0179,-4.0055,baixo,positividade=0.0; tendencia_pos=0.0; risco=0.0,Manter rotina de vigilância laboratorial.,sklearn_gb_v1,sklearn_v1
ITAPAGE,zika,2025,11,0.0179,-4.0055,baixo,positividade=0.0; tendencia_pos=0.0; risco=0.0,Manter rotina de vigilância laboratorial.,sklearn_gb_v1,sklearn_v1
ITAPAGE,dengue,2025,11,0.0179,-4.0055,baixo,positividade=0.0; tendencia_pos=0.0; risco=0.0,Manter rotina de vigilância laboratorial.,sklearn_gb_v1,sklearn_v1
ITAPAGE,chikungunya,2025,11,0.0179,-4.0055,baixo,positividade=0.0; tendencia_pos=0.0; risco=0.0,Manter rotina de vigilância laboratorial.,sklearn_gb_v1,sklearn_v1
CAMPO FORMOSO,chikungunya,2024,44,0.0179,-4.0055,baixo,positividade=0.0; tendencia_pos=0.0; risco=0.0,Manter rotina de vigilância laboratorial.,sklearn_gb_v1,sklearn_v1
ITAUBA,rifampicina,2025,16,0.0179,-4.0055,baixo,positividade=0.0; tendencia_pos=0.0; risco=0.0,Manter rotina de vigilância laboratorial.,sklearn_gb_v1,sklearn_v1
NOVO PROGRESSO,sars_cov_2,2025,11,0.0179,-4.0055,baixo,positividade=0.0; tendencia_pos=0.0; risco=0.09,Manter rotina de vigilância laboratorial.,sklearn_gb_v1,sklearn_v1
ORIENTE,dengue,2025,10,0.0179,-4.0055,baixo,positividade=0.0; tendencia_pos=0.0; risco=0.0,Manter rotina de vigilância laboratorial.,sklearn_gb_v1,sklearn_v1
ORIENTE,chikungunya,2025,10,0.0179,-4.0055,baixo,positividade=0.0; tendencia_pos=0.0; risco=0.0,Manter rotina de vigilância laboratorial.,sklearn_gb_v1,sklearn_v1
ITAJAI,zika,2025,2,0.0179,-4.0055,baixo,positividade=0.0; tendencia_pos=0.0; risco=0.0,Manter rotina de vigilância laboratorial.,sklearn_gb_v1,sklearn_v1
CAMPINACU,zika,2025,4,0.0179,-4.0055,baixo,positividade=0.0; tendencia_pos=0.0; risco=0.0,Manter rotina de vigilância laboratorial.,sklearn_gb_v1,sklearn_v1
MARAU,dengue,2025,18,0.0179,-4.0055,baixo,positividade=0.0; tendencia_pos=0.0; risco=0.0,Manter rotina de vigilância laboratorial.,sklearn_gb_v1,sklearn_v1
CAMPINAS,dengue,2025,15,0.0179,-4.0032,baixo,positividade=0.0; tendencia_pos=0.0; risco=0.5,Manter rotina de vigilância laboratorial.,sklearn_gb_v1,sklearn_v1
SAO JOSE DO XINGU,hantavirus,2024,21,0.0179,-4.0055,baixo,positividade=0.0; tendencia_pos=0.0; risco=0.1,Manter rotina de vigilância laboratorial.,sklearn_gb_v1,sklearn_v1
ITIQUIRA,sars_cov_2,2025,23,0.0179,-4.0055,baixo,positividade=0.0; tendencia_pos=0.0; risco=0.0,Manter rotina de vigilância laboratorial.,sklearn_gb_v1,sklearn_v1
MAUA,chikungunya,2025,2,0.0179,-4.0055,baixo,positividade=0.0; tendencia_pos=0.0; risco=0.0,Manter rotina de vigilância laboratorial.,sklearn_gb_v1,sklearn_v1
XAMBIOA,chikungunya,2024,28,0.0179,-4.0055,baixo,positividade=0.0; tendencia_pos=0.0; risco=0.0,Manter rotina de vigilância laboratorial.,sklearn_gb_v1,sklearn_v1
VOTUPORANGA,zika,2025,6,0.0179,-4.0055,baixo,positividade=0.0; tendencia_pos=0.0; risco=0.0,Manter rotina de vigilância laboratorial.,sklearn_gb_v1,sklearn_v1
VARZEA GRANDE,htlv_i_ii_virus_linfotropico_humano_tipo_i_e_ii,2025,24,0.0179,-4.0055,baixo,positividade=0.0; tendencia_pos=0.0; risco=0.0,Manter rotina de vigilância laboratorial.,sklearn_gb_v1,sklearn_v1
CURITIBANOS,chikungunya,2025,6,0.0179,-4.0055,baixo,positividade=0.0; tendencia_pos=0.0; risco=0.0,Manter rotina de vigilância laboratorial.,sklearn_gb_v1,sklearn_v1
VILA RICA,rifampicina,2025,21,0.0179,-4.0055,baixo,positividade=0.0; tendencia_pos=0.0; risco=0.05,Manter rotina de vigilância laboratorial.,sklearn_gb_v1,sklearn_v1
MIRASSOL D''OESTE,sarampo_biologia_molecular,2025,40,0.0179,-4.0055,baixo,positividade=0.0; tendencia_pos=0.0; risco=0.0,Manter rotina de vigilância laboratorial.,sklearn_gb_v1,sklearn_v1
ALEGRETE,chikungunya,2024,52,0.0179,-4.0055,baixo,positividade=0.0; tendencia_pos=0.0; risco=0.0,Manter rotina de vigilância laboratorial.,sklearn_gb_v1,sklearn_v1
AGUA BOA,tuberculose_teste_de_sensibilidade,2025,16,0.0179,-4.0055,baixo,positividade=0.0; tendencia_pos=0.0; risco=0.0,Manter rotina de vigilância laboratorial.,sklearn_gb_v1,sklearn_v1
MIGUELOPOLIS,zika,2025,4,0.0179,-4.0055,baixo,positividade=0.0; tendencia_pos=0.0; risco=0.0,Manter rotina de vigilância laboratorial.,sklearn_gb_v1,sklearn_v1
MIGUELOPOLIS,dengue,2025,4,0.0179,-4.0055,baixo,positividade=0.0; tendencia_pos=0.0; risco=0.0,Manter rotina de vigilância laboratorial.,sklearn_gb_v1,sklearn_v1
MEDICILANDIA,hantavirus,2024,24,0.0179,-4.0055,baixo,positividade=0.0; tendencia_pos=0.0; risco=0.0,Manter rotina de vigilância laboratorial.,sklearn_gb_v1,sklearn_v1
MIRASSOL D''OESTE,rubeola_igm,2025,34,0.0179,-4.0055,baixo,positividade=0.0; tendencia_pos=0.0; risco=0.0,Manter rotina de vigilância laboratorial.,sklearn_gb_v1,sklearn_v1
SAO JOSE DO POVO,sarampo_biologia_molecular,2025,41,0.0179,-4.0055,baixo,positividade=0.0; tendencia_pos=0.0; risco=0.02,Manter rotina de vigilância laboratorial.,sklearn_gb_v1,sklearn_v1
CAMPO MOURAO,hepatite_c_hcv,2025,9,0.0179,-4.0055,baixo,positividade=0.0; tendencia_pos=0.0; risco=0.0,Manter rotina de vigilância laboratorial.,sklearn_gb_v1,sklearn_v1
CAMPO LIMPO PAULISTA,zika,2025,18,0.0179,-4.0055,baixo,positividade=0.0; tendencia_pos=0.0; risco=0.0,Manter rotina de vigilância laboratorial.,sklearn_gb_v1,sklearn_v1
SAO FELIPE D''OESTE,zika,2025,6,0.0179,-4.0055,baixo,positividade=0.0; tendencia_pos=0.0; risco=0.0,Manter rotina de vigilância laboratorial.,sklearn_gb_v1,sklearn_v1
VAZANTE,dengue,2025,24,0.0178,-4.0079,baixo,positividade=0.33; tendencia_pos=0.0; risco=0.3,Manter rotina de vigilância laboratorial.,sklearn_gb_v1,sklearn_v1
VARZEA GRANDE,sarampo_igm,2025,41,0.0178,-4.0085,baixo,positividade=0.0; tendencia_pos=-0.125; risco=0.0,Manter rotina de vigilância laboratorial.,sklearn_gb_v1,sklearn_v1
ITAUBA,sars_cov_2,2025,34,0.0178,-4.0134,baixo,positividade=0.0; tendencia_pos=-0.167; risco=0.0,Manter rotina de vigilância laboratorial.,sklearn_gb_v1,sklearn_v1
DOM AQUINO,dengue,2025,26,0.0178,-4.0129,baixo,positividade=0.0; tendencia_pos=0.0; risco=0.64,Manter rotina de vigilância laboratorial.,sklearn_gb_v1,sklearn_v1
PONTES E LACERDA,sarampo_igm,2025,35,0.0178,-4.0134,baixo,positividade=0.0; tendencia_pos=-0.167; risco=0.0,Manter rotina de vigilância laboratorial.,sklearn_gb_v1,sklearn_v1
CACERES,sarampo_igm,2025,42,0.0178,-4.0085,baixo,positividade=0.0; tendencia_pos=-0.125; risco=0.01,Manter rotina de vigilância laboratorial.,sklearn_gb_v1,sklearn_v1
CACERES,fungos,2025,31,0.0178,-4.0134,baixo,positividade=0.0; tendencia_pos=-0.2; risco=0.01,Manter rotina de vigilância laboratorial.,sklearn_gb_v1,sklearn_v1
VILA RICA,hepatite_c_hcv,2025,22,0.0178,-4.0134,baixo,positividade=0.0; tendencia_pos=-0.167; risco=0.05,Manter rotina de vigilância laboratorial.,sklearn_gb_v1,sklearn_v1
BELEM,dengue,2025,18,0.0178,-4.0129,baixo,positividade=0.0; tendencia_pos=0.0; risco=0.62,Manter rotina de vigilância laboratorial.,sklearn_gb_v1,sklearn_v1
JUINA,influenza_b,2025,23,0.0178,-4.0129,baixo,positividade=0.0; tendencia_pos=0.0; risco=0.64,Manter rotina de vigilância laboratorial.,sklearn_gb_v1,sklearn_v1
CAMPINAPOLIS,virus_respiratorios,2025,34,0.0177,-4.0184,baixo,positividade=0.0; tendencia_pos=0.0; risco=0.28,Manter rotina de vigilância laboratorial.,sklearn_gb_v1,sklearn_v1
ITAPECURU MIRIM,zika,2025,21,0.0175,-4.0296,baixo,positividade=0.0; tendencia_pos=0.0; risco=0.17,Manter rotina de vigilância laboratorial.,sklearn_gb_v1,sklearn_v1
VARGEM GRANDE,dengue,2025,17,0.0175,-4.0296,baixo,positividade=0.0; tendencia_pos=0.0; risco=0.17,Manter rotina de vigilância laboratorial.,sklearn_gb_v1,sklearn_v1
CRUZEIRO DO SUL,dengue,2025,7,0.0175,-4.0296,baixo,positividade=0.0; tendencia_pos=0.0; risco=0.17,Manter rotina de vigilância laboratorial.,sklearn_gb_v1,sklearn_v1
PORTO DOS GAUCHOS,zika,2025,22,0.0175,-4.0296,baixo,positividade=0.0; tendencia_pos=0.0; risco=0.15,Manter rotina de vigilância laboratorial.,sklearn_gb_v1,sklearn_v1
MARIALVA,dengue,2025,14,0.0175,-4.0296,baixo,positividade=0.0; tendencia_pos=0.0; risco=0.17,Manter rotina de vigilância laboratorial.,sklearn_gb_v1,sklearn_v1
MANACAPURU,zika,2024,49,0.0175,-4.0296,baixo,positividade=0.0; tendencia_pos=0.0; risco=0.17,Manter rotina de vigilância laboratorial.,sklearn_gb_v1,sklearn_v1
ANICUNS,dengue,2025,17,0.0175,-4.0296,baixo,positividade=0.0; tendencia_pos=0.0; risco=0.17,Manter rotina de vigilância laboratorial.,sklearn_gb_v1,sklearn_v1
MURICI,chikungunya,2025,20,0.0175,-4.0296,baixo,positividade=0.0; tendencia_pos=0.0; risco=0.17,Manter rotina de vigilância laboratorial.,sklearn_gb_v1,sklearn_v1
COXIM,chikungunya,2025,14,0.0175,-4.0296,baixo,positividade=0.0; tendencia_pos=0.0; risco=0.17,Manter rotina de vigilância laboratorial.,sklearn_gb_v1,sklearn_v1
COROATA,chikungunya,2025,22,0.0175,-4.0296,baixo,positividade=0.0; tendencia_pos=0.0; risco=0.17,Manter rotina de vigilância laboratorial.,sklearn_gb_v1,sklearn_v1
CORUMBIARA,chikungunya,2025,3,0.0175,-4.0296,baixo,positividade=0.0; tendencia_pos=0.0; risco=0.17,Manter rotina de vigilância laboratorial.,sklearn_gb_v1,sklearn_v1
MACHADINHO D''OESTE,chikungunya,2025,13,0.0175,-4.0296,baixo,positividade=0.0; tendencia_pos=0.0; risco=0.14,Manter rotina de vigilância laboratorial.,sklearn_gb_v1,sklearn_v1
ULIANOPOLIS,dengue,2025,23,0.0175,-4.0296,baixo,positividade=0.0; tendencia_pos=0.0; risco=0.17,Manter rotina de vigilância laboratorial.,sklearn_gb_v1,sklearn_v1
OSORIO,chikungunya,2025,4,0.0175,-4.0296,baixo,positividade=0.0; tendencia_pos=0.0; risco=0.17,Manter rotina de vigilância laboratorial.,sklearn_gb_v1,sklearn_v1
SAO FELIX DO ARAGUAIA,tuberculose_lf_lam,2025,22,0.0175,-4.0296,baixo,positividade=0.0; tendencia_pos=0.0; risco=0.16,Manter rotina de vigilância laboratorial.,sklearn_gb_v1,sklearn_v1
UBERABA,dengue,2025,9,0.0175,-4.0296,baixo,positividade=0.0; tendencia_pos=0.0; risco=0.17,Manter rotina de vigilância laboratorial.,sklearn_gb_v1,sklearn_v1
PORTO ALEGRE,chikungunya,2025,21,0.0175,-4.0296,baixo,positividade=0.0; tendencia_pos=0.0; risco=0.17,Manter rotina de vigilância laboratorial.,sklearn_gb_v1,sklearn_v1
CAMPO GRANDE,virus_respiratorios,2025,18,0.0175,-4.0296,baixo,positividade=0.0; tendencia_pos=0.0; risco=0.17,Manter rotina de vigilância laboratorial.,sklearn_gb_v1,sklearn_v1
ITACOATIARA,dengue,2025,20,0.0175,-4.0296,baixo,positividade=0.0; tendencia_pos=0.0; risco=0.17,Manter rotina de vigilância laboratorial.,sklearn_gb_v1,sklearn_v1
REDENCAO,zika,2025,19,0.0175,-4.0296,baixo,positividade=0.0; tendencia_pos=0.0; risco=0.17,Manter rotina de vigilância laboratorial.,sklearn_gb_v1,sklearn_v1
REDENCAO,chikungunya,2025,19,0.0175,-4.0296,baixo,positividade=0.0; tendencia_pos=0.0; risco=0.17,Manter rotina de vigilância laboratorial.,sklearn_gb_v1,sklearn_v1
CORUMBIARA,zika,2025,3,0.0175,-4.0296,baixo,positividade=0.0; tendencia_pos=0.0; risco=0.17,Manter rotina de vigilância laboratorial.,sklearn_gb_v1,sklearn_v1
COSTA RICA,zika,2025,16,0.0175,-4.0296,baixo,positividade=0.0; tendencia_pos=0.0; risco=0.17,Manter rotina de vigilância laboratorial.,sklearn_gb_v1,sklearn_v1
TRINDADE,zika,2025,6,0.0175,-4.0296,baixo,positividade=0.0; tendencia_pos=0.0; risco=0.17,Manter rotina de vigilância laboratorial.,sklearn_gb_v1,sklearn_v1
RENASCENCA,zika,2025,21,0.0175,-4.0296,baixo,positividade=0.0; tendencia_pos=0.0; risco=0.17,Manter rotina de vigilância laboratorial.,sklearn_gb_v1,sklearn_v1
SAO JOSE DOS BASILIOS,chikungunya,2025,19,0.0175,-4.0296,baixo,positividade=0.0; tendencia_pos=0.0; risco=0.17,Manter rotina de vigilância laboratorial.,sklearn_gb_v1,sklearn_v1
RIBEIRAO PRETO,dengue,2025,16,0.0175,-4.0296,baixo,positividade=0.0; tendencia_pos=0.0; risco=0.17,Manter rotina de vigilância laboratorial.,sklearn_gb_v1,sklearn_v1
TOLEDO,rifampicina,2025,19,0.0175,-4.0296,baixo,positividade=0.0; tendencia_pos=0.0; risco=0.17,Manter rotina de vigilância laboratorial.,sklearn_gb_v1,sklearn_v1
AFONSO CUNHA,chikungunya,2025,14,0.0175,-4.0296,baixo,positividade=0.0; tendencia_pos=0.0; risco=0.17,Manter rotina de vigilância laboratorial.,sklearn_gb_v1,sklearn_v1
ITANHANGA,influenza_b,2025,10,0.0175,-4.0296,baixo,positividade=0.0; tendencia_pos=0.0; risco=0.17,Manter rotina de vigilância laboratorial.,sklearn_gb_v1,sklearn_v1
ITAPECURU MIRIM,dengue,2025,11,0.0175,-4.0296,baixo,positividade=0.0; tendencia_pos=0.0; risco=0.17,Manter rotina de vigilância laboratorial.,sklearn_gb_v1,sklearn_v1
DENISE,leptospira,2025,7,0.0175,-4.0296,baixo,positividade=0.0; tendencia_pos=0.0; risco=0.17,Manter rotina de vigilância laboratorial.,sklearn_gb_v1,sklearn_v1
VARZEA GRANDE,sarampo_biologia_molecular,2025,41,0.0175,-4.0296,baixo,positividade=0.0; tendencia_pos=0.0; risco=0.17,Manter rotina de vigilância laboratorial.,sklearn_gb_v1,sklearn_v1
FERNANDOPOLIS,dengue,2025,13,0.0175,-4.0296,baixo,positividade=0.0; tendencia_pos=0.0; risco=0.17,Manter rotina de vigilância laboratorial.,sklearn_gb_v1,sklearn_v1
FEIRA DE SANTANA,chikungunya,2025,12,0.0175,-4.0296,baixo,positividade=0.0; tendencia_pos=0.0; risco=0.17,Manter rotina de vigilância laboratorial.,sklearn_gb_v1,sklearn_v1
RIO BRILHANTE,chikungunya,2025,16,0.0175,-4.0296,baixo,positividade=0.0; tendencia_pos=0.0; risco=0.17,Manter rotina de vigilância laboratorial.,sklearn_gb_v1,sklearn_v1
TIJUCAS,dengue,2025,8,0.0175,-4.0296,baixo,positividade=0.0; tendencia_pos=0.0; risco=0.17,Manter rotina de vigilância laboratorial.,sklearn_gb_v1,sklearn_v1
LUCAS DO RIO VERDE,tuberculose_teste_de_sensibilidade,2025,4,0.0175,-4.0252,baixo,positividade=0.0; tendencia_pos=0.0; risco=0.25,Manter rotina de vigilância laboratorial.,sklearn_gb_v1,sklearn_v1
PONTA GROSSA,dengue,2024,25,0.0175,-4.0296,baixo,positividade=0.0; tendencia_pos=0.0; risco=0.17,Manter rotina de vigilância laboratorial.,sklearn_gb_v1,sklearn_v1
RIO DE JANEIRO,influenza_b,2025,16,0.0175,-4.0296,baixo,positividade=0.0; tendencia_pos=0.0; risco=0.17,Manter rotina de vigilância laboratorial.,sklearn_gb_v1,sklearn_v1
RIO BRILHANTE,zika,2025,16,0.0175,-4.0296,baixo,positividade=0.0; tendencia_pos=0.0; risco=0.17,Manter rotina de vigilância laboratorial.,sklearn_gb_v1,sklearn_v1
LAMBARI D''OESTE,virus_respiratorios,2025,23,0.0175,-4.0296,baixo,positividade=0.0; tendencia_pos=0.0; risco=0.17,Manter rotina de vigilância laboratorial.,sklearn_gb_v1,sklearn_v1
ARENAPOLIS,hantavirus,2025,6,0.0175,-4.0296,baixo,positividade=0.0; tendencia_pos=0.0; risco=0.17,Manter rotina de vigilância laboratorial.,sklearn_gb_v1,sklearn_v1
TANGARA DA SERRA,variola,2024,38,0.0175,-4.0296,baixo,positividade=0.0; tendencia_pos=0.0; risco=0.17,Manter rotina de vigilância laboratorial.,sklearn_gb_v1,sklearn_v1
PLANALTO,dengue,2025,30,0.0175,-4.0296,baixo,positividade=0.0; tendencia_pos=0.0; risco=0.17,Manter rotina de vigilância laboratorial.,sklearn_gb_v1,sklearn_v1
FLOR DO SERTAO,zika,2025,20,0.0175,-4.0296,baixo,positividade=0.0; tendencia_pos=0.0; risco=0.17,Manter rotina de vigilância laboratorial.,sklearn_gb_v1,sklearn_v1
IPIXUNA DO PARA,zika,2025,18,0.0175,-4.0296,baixo,positividade=0.0; tendencia_pos=0.0; risco=0.17,Manter rotina de vigilância laboratorial.,sklearn_gb_v1,sklearn_v1
SANTO ANTONIO DOS LOPES,zika,2025,17,0.0175,-4.0296,baixo,positividade=0.0; tendencia_pos=0.0; risco=0.17,Manter rotina de vigilância laboratorial.,sklearn_gb_v1,sklearn_v1
FLOR DO SERTAO,dengue,2025,20,0.0175,-4.0296,baixo,positividade=0.0; tendencia_pos=0.0; risco=0.17,Manter rotina de vigilância laboratorial.,sklearn_gb_v1,sklearn_v1
JUSCIMEIRA,zika,2025,9,0.0175,-4.0296,baixo,positividade=0.0; tendencia_pos=0.0; risco=0.17,Manter rotina de vigilância laboratorial.,sklearn_gb_v1,sklearn_v1
LADARIO,chikungunya,2025,13,0.0175,-4.0296,baixo,positividade=0.0; tendencia_pos=0.0; risco=0.17,Manter rotina de vigilância laboratorial.,sklearn_gb_v1,sklearn_v1
SORRISO,tuberculose_teste_de_sensibilidade,2025,21,0.0175,-4.0296,baixo,positividade=0.0; tendencia_pos=0.0; risco=0.16,Manter rotina de vigilância laboratorial.,sklearn_gb_v1,sklearn_v1
TANABI,chikungunya,2025,3,0.0175,-4.0296,baixo,positividade=0.0; tendencia_pos=0.0; risco=0.17,Manter rotina de vigilância laboratorial.,sklearn_gb_v1,sklearn_v1
PERITORO,dengue,2025,4,0.0175,-4.0296,baixo,positividade=0.0; tendencia_pos=0.0; risco=0.17,Manter rotina de vigilância laboratorial.,sklearn_gb_v1,sklearn_v1
PERITORO,zika,2025,4,0.0175,-4.0296,baixo,positividade=0.0; tendencia_pos=0.0; risco=0.17,Manter rotina de vigilância laboratorial.,sklearn_gb_v1,sklearn_v1
IUNA,dengue,2025,5,0.0175,-4.0296,baixo,positividade=0.0; tendencia_pos=0.0; risco=0.17,Manter rotina de vigilância laboratorial.,sklearn_gb_v1,sklearn_v1
SUMARE,zika,2025,4,0.0175,-4.0296,baixo,positividade=0.0; tendencia_pos=0.0; risco=0.17,Manter rotina de vigilância laboratorial.,sklearn_gb_v1,sklearn_v1
IUNA,zika,2025,5,0.0175,-4.0296,baixo,positividade=0.0; tendencia_pos=0.0; risco=0.17,Manter rotina de vigilância laboratorial.,sklearn_gb_v1,sklearn_v1
PACO DO LUMIAR,dengue,2025,8,0.0175,-4.0296,baixo,positividade=0.0; tendencia_pos=0.0; risco=0.17,Manter rotina de vigilância laboratorial.,sklearn_gb_v1,sklearn_v1
PALHOCA,dengue,2025,6,0.0175,-4.0296,baixo,positividade=0.0; tendencia_pos=0.0; risco=0.17,Manter rotina de vigilância laboratorial.,sklearn_gb_v1,sklearn_v1
PACO DO LUMIAR,zika,2025,8,0.0175,-4.0296,baixo,positividade=0.0; tendencia_pos=0.0; risco=0.17,Manter rotina de vigilância laboratorial.,sklearn_gb_v1,sklearn_v1
COCALINHO,meningite_bacteriana_biologia_molecular,2025,1,0.0175,-4.0296,baixo,positividade=0.0; tendencia_pos=0.0; risco=0.15,Manter rotina de vigilância laboratorial.,sklearn_gb_v1,sklearn_v1
COELHO NETO,zika,2025,15,0.0175,-4.0296,baixo,positividade=0.0; tendencia_pos=0.0; risco=0.17,Manter rotina de vigilância laboratorial.,sklearn_gb_v1,sklearn_v1
LADARIO,zika,2025,13,0.0175,-4.0296,baixo,positividade=0.0; tendencia_pos=0.0; risco=0.17,Manter rotina de vigilância laboratorial.,sklearn_gb_v1,sklearn_v1
COLNIZA,meningite_bacteriana_biologia_molecular,2025,6,0.0175,-4.0296,baixo,positividade=0.0; tendencia_pos=0.0; risco=0.16,Manter rotina de vigilância laboratorial.,sklearn_gb_v1,sklearn_v1
BARRETOS,dengue,2025,5,0.0175,-4.0296,baixo,positividade=0.0; tendencia_pos=0.0; risco=0.17,Manter rotina de vigilância laboratorial.,sklearn_gb_v1,sklearn_v1
GOIANIA,tuberculose_lf_lam,2025,12,0.0175,-4.0296,baixo,positividade=0.0; tendencia_pos=0.0; risco=0.17,Manter rotina de vigilância laboratorial.,sklearn_gb_v1,sklearn_v1
JUAZEIRO,zika,2025,5,0.0175,-4.0296,baixo,positividade=0.0; tendencia_pos=0.0; risco=0.17,Manter rotina de vigilância laboratorial.,sklearn_gb_v1,sklearn_v1
SAO LUDGERO,dengue,2025,22,0.0175,-4.0296,baixo,positividade=0.0; tendencia_pos=0.0; risco=0.17,Manter rotina de vigilância laboratorial.,sklearn_gb_v1,sklearn_v1
SANTA MARIA,dengue,2025,10,0.0175,-4.0296,baixo,positividade=0.0; tendencia_pos=0.0; risco=0.17,Manter rotina de vigilância laboratorial.,sklearn_gb_v1,sklearn_v1
SANTA MARIA DAS BARREIRAS,dengue,2025,14,0.0175,-4.0296,baixo,positividade=0.0; tendencia_pos=0.0; risco=0.17,Manter rotina de vigilância laboratorial.,sklearn_gb_v1,sklearn_v1
GRAJAU,dengue,2025,9,0.0175,-4.0296,baixo,positividade=0.0; tendencia_pos=0.0; risco=0.17,Manter rotina de vigilância laboratorial.,sklearn_gb_v1,sklearn_v1
GOVERNADOR NUNES FREIRE,dengue,2025,1,0.0175,-4.0296,baixo,positividade=0.0; tendencia_pos=0.0; risco=0.17,Manter rotina de vigilância laboratorial.,sklearn_gb_v1,sklearn_v1
CANARANA,cultura_para_fungos,2025,4,0.0175,-4.0296,baixo,positividade=0.0; tendencia_pos=0.0; risco=0.17,Manter rotina de vigilância laboratorial.,sklearn_gb_v1,sklearn_v1
GUAJARA-MIRIM,chikungunya,2025,9,0.0175,-4.0296,baixo,positividade=0.0; tendencia_pos=0.0; risco=0.17,Manter rotina de vigilância laboratorial.,sklearn_gb_v1,sklearn_v1
JOAO LISBOA,zika,2025,4,0.0175,-4.0296,baixo,positividade=0.0; tendencia_pos=0.0; risco=0.17,Manter rotina de vigilância laboratorial.,sklearn_gb_v1,sklearn_v1
BRANQUINHA,chikungunya,2025,20,0.0175,-4.0296,baixo,positividade=0.0; tendencia_pos=0.0; risco=0.17,Manter rotina de vigilância laboratorial.,sklearn_gb_v1,sklearn_v1
PARAUAPEBAS,sars_cov_2,2025,5,0.0175,-4.0296,baixo,positividade=0.0; tendencia_pos=0.0; risco=0.15,Manter rotina de vigilância laboratorial.,sklearn_gb_v1,sklearn_v1
NOVA MUTUM,variola,2024,26,0.0175,-4.0252,baixo,positividade=0.0; tendencia_pos=0.0; risco=0.19,Manter rotina de vigilância laboratorial.,sklearn_gb_v1,sklearn_v1
SAO LUIS GONZAGA DO MARANHAO,chikungunya,2025,22,0.0175,-4.0296,baixo,positividade=0.0; tendencia_pos=0.0; risco=0.17,Manter rotina de vigilância laboratorial.,sklearn_gb_v1,sklearn_v1
PALHOCA,zika,2025,6,0.0175,-4.0296,baixo,positividade=0.0; tendencia_pos=0.0; risco=0.17,Manter rotina de vigilância laboratorial.,sklearn_gb_v1,sklearn_v1
PARANAVAI,dengue,2025,13,0.0175,-4.0296,baixo,positividade=0.0; tendencia_pos=0.0; risco=0.17,Manter rotina de vigilância laboratorial.,sklearn_gb_v1,sklearn_v1
ICARA,chikungunya,2025,21,0.0175,-4.0296,baixo,positividade=0.0; tendencia_pos=0.0; risco=0.17,Manter rotina de vigilância laboratorial.,sklearn_gb_v1,sklearn_v1
GUARAPUAVA,chikungunya,2025,6,0.0175,-4.0296,baixo,positividade=0.0; tendencia_pos=0.0; risco=0.17,Manter rotina de vigilância laboratorial.,sklearn_gb_v1,sklearn_v1
SANTO ANDRE,zika,2025,14,0.0175,-4.0296,baixo,positividade=0.0; tendencia_pos=0.0; risco=0.17,Manter rotina de vigilância laboratorial.,sklearn_gb_v1,sklearn_v1
NOVA SANTA HELENA,leptospira,2025,5,0.0175,-4.0296,baixo,positividade=0.0; tendencia_pos=0.0; risco=0.17,Manter rotina de vigilância laboratorial.,sklearn_gb_v1,sklearn_v1
ICARA,zika,2025,21,0.0175,-4.0296,baixo,positividade=0.0; tendencia_pos=0.0; risco=0.17,Manter rotina de vigilância laboratorial.,sklearn_gb_v1,sklearn_v1
BREU BRANCO,influenza_a,2025,22,0.0175,-4.0296,baixo,positividade=0.0; tendencia_pos=0.0; risco=0.17,Manter rotina de vigilância laboratorial.,sklearn_gb_v1,sklearn_v1
BREU BRANCO,influenza_b,2025,22,0.0175,-4.0296,baixo,positividade=0.0; tendencia_pos=0.0; risco=0.17,Manter rotina de vigilância laboratorial.,sklearn_gb_v1,sklearn_v1
NOVA SANTA HELENA,tuberculose_cultura,2024,29,0.0175,-4.0296,baixo,positividade=0.0; tendencia_pos=0.0; risco=0.17,Manter rotina de vigilância laboratorial.,sklearn_gb_v1,sklearn_v1
CANARANA,htlv_i_ii_virus_linfotropico_humano_tipo_i_e_ii,2025,31,0.0175,-4.0296,baixo,positividade=0.0; tendencia_pos=0.0; risco=0.17,Manter rotina de vigilância laboratorial.,sklearn_gb_v1,sklearn_v1
MATA ROMA,dengue,2025,7,0.0175,-4.0296,baixo,positividade=0.0; tendencia_pos=0.0; risco=0.17,Manter rotina de vigilância laboratorial.,sklearn_gb_v1,sklearn_v1
MARITUBA,dengue,2025,11,0.0175,-4.0296,baixo,positividade=0.0; tendencia_pos=0.0; risco=0.17,Manter rotina de vigilância laboratorial.,sklearn_gb_v1,sklearn_v1
MATA ROMA,zika,2025,7,0.0175,-4.0296,baixo,positividade=0.0; tendencia_pos=0.0; risco=0.17,Manter rotina de vigilância laboratorial.,sklearn_gb_v1,sklearn_v1
POXOREO,neisseria_gonorrhoeae,2025,1,0.0175,-4.0296,baixo,positividade=0.0; tendencia_pos=0.0; risco=0.17,Manter rotina de vigilância laboratorial.,sklearn_gb_v1,sklearn_v1
PRAINHA,dengue,2025,25,0.0175,-4.0296,baixo,positividade=0.0; tendencia_pos=0.0; risco=0.17,Manter rotina de vigilância laboratorial.,sklearn_gb_v1,sklearn_v1
ACRELANDIA,chikungunya,2025,3,0.0175,-4.0296,baixo,positividade=0.0; tendencia_pos=0.0; risco=0.17,Manter rotina de vigilância laboratorial.,sklearn_gb_v1,sklearn_v1
VARZEA GRANDE,tuberculose,2025,34,0.0174,-4.0308,baixo,positividade=0.0; tendencia_pos=0.042; risco=0.15,Manter rotina de vigilância laboratorial.,sklearn_gb_v1,sklearn_v1
MARINGA,dengue,2025,28,0.0174,-4.0339,baixo,positividade=0.0; tendencia_pos=0.025; risco=0.0,Manter rotina de vigilância laboratorial.,sklearn_gb_v1,sklearn_v1
CAMPO NOVO DO PARECIS,virus_respiratorios,2025,35,0.0172,-4.0471,baixo,positividade=0.0; tendencia_pos=-0.125; risco=0.0,Manter rotina de vigilância laboratorial.,sklearn_gb_v1,sklearn_v1
SINOP,virus_respiratorios,2025,29,0.0172,-4.0471,baixo,positividade=0.0; tendencia_pos=-0.125; risco=0.0,Manter rotina de vigilância laboratorial.,sklearn_gb_v1,sklearn_v1
NOVA UBIRATA,mayaro_biologia_molecular,2025,21,0.0171,-4.0531,baixo,positividade=0.0; tendencia_pos=0.0; risco=0.19,Manter rotina de vigilância laboratorial.,sklearn_gb_v1,sklearn_v1
SAO PEDRO DA CIPA,zika,2025,7,0.0171,-4.0531,baixo,positividade=0.0; tendencia_pos=0.0; risco=0.38,Manter rotina de vigilância laboratorial.,sklearn_gb_v1,sklearn_v1
CAMPINAPOLIS,rubeola_igm,2024,27,0.0171,-4.0531,baixo,positividade=0.0; tendencia_pos=0.0; risco=0.45,Manter rotina de vigilância laboratorial.,sklearn_gb_v1,sklearn_v1
VARZEA GRANDE,mayaro_biologia_molecular,2025,30,0.0171,-4.0531,baixo,positividade=0.0; tendencia_pos=0.0; risco=0.35,Manter rotina de vigilância laboratorial.,sklearn_gb_v1,sklearn_v1
VILA RICA,leptospira,2025,21,0.0171,-4.0531,baixo,positividade=0.0; tendencia_pos=0.0; risco=0.4,Manter rotina de vigilância laboratorial.,sklearn_gb_v1,sklearn_v1
VARZEA GRANDE,oropouche_biologia_molecular,2025,30,0.0171,-4.0531,baixo,positividade=0.0; tendencia_pos=0.0; risco=0.35,Manter rotina de vigilância laboratorial.,sklearn_gb_v1,sklearn_v1
MINEIROS,zika,2025,26,0.0171,-4.0531,baixo,positividade=0.0; tendencia_pos=0.0; risco=0.18,Manter rotina de vigilância laboratorial.,sklearn_gb_v1,sklearn_v1
AGUA BOA,cultura_para_fungos,2025,15,0.0171,-4.0531,baixo,positividade=0.0; tendencia_pos=0.0; risco=0.35,Manter rotina de vigilância laboratorial.,sklearn_gb_v1,sklearn_v1
ALTO TAQUARI,dengue,2025,17,0.0171,-4.0531,baixo,positividade=0.0; tendencia_pos=0.0; risco=0.44,Manter rotina de vigilância laboratorial.,sklearn_gb_v1,sklearn_v1
MARCELANDIA,chagas_igg,2025,32,0.0171,-4.0531,baixo,positividade=0.0; tendencia_pos=0.0; risco=0.3,Manter rotina de vigilância laboratorial.,sklearn_gb_v1,sklearn_v1
MIRASSOL D''OESTE,tuberculose_lf_lam,2025,2,0.0171,-4.0531,baixo,positividade=0.0; tendencia_pos=0.0; risco=0.43,Manter rotina de vigilância laboratorial.,sklearn_gb_v1,sklearn_v1
PORTO ALEGRE DO NORTE,zika,2025,23,0.0171,-4.0531,baixo,positividade=0.0; tendencia_pos=0.0; risco=0.44,Manter rotina de vigilância laboratorial.,sklearn_gb_v1,sklearn_v1
MUNDO NOVO,dengue,2025,24,0.0171,-4.0531,baixo,positividade=0.0; tendencia_pos=0.0; risco=0.43,Manter rotina de vigilância laboratorial.,sklearn_gb_v1,sklearn_v1
MARCELANDIA,chagas,2025,32,0.0171,-4.0531,baixo,positividade=0.0; tendencia_pos=0.0; risco=0.44,Manter rotina de vigilância laboratorial.,sklearn_gb_v1,sklearn_v1
PORTO ALEGRE DO NORTE,dengue,2025,23,0.0171,-4.0531,baixo,positividade=0.0; tendencia_pos=0.0; risco=0.26,Manter rotina de vigilância laboratorial.,sklearn_gb_v1,sklearn_v1
SAPEZAL,influenza_b,2025,11,0.0171,-4.0531,baixo,positividade=0.0; tendencia_pos=0.0; risco=0.38,Manter rotina de vigilância laboratorial.,sklearn_gb_v1,sklearn_v1
PORTO ESTRELA,chikungunya,2025,15,0.0171,-4.0531,baixo,positividade=0.0; tendencia_pos=0.0; risco=0.41,Manter rotina de vigilância laboratorial.,sklearn_gb_v1,sklearn_v1
PRIMAVERA DO LESTE,leishmaniose_visceral_humana_teste_rapido,2025,24,0.0171,-4.0531,baixo,positividade=0.0; tendencia_pos=0.0; risco=0.43,Manter rotina de vigilância laboratorial.,sklearn_gb_v1,sklearn_v1
NOVA UBIRATA,oropouche_biologia_molecular,2025,21,0.0171,-4.0531,baixo,positividade=0.0; tendencia_pos=0.0; risco=0.19,Manter rotina de vigilância laboratorial.,sklearn_gb_v1,sklearn_v1
VILA BELA DA SANTISSIMA TRINDADE,tuberculose_cultura,2025,27,0.0171,-4.0531,baixo,positividade=0.0; tendencia_pos=0.0; risco=0.28,Manter rotina de vigilância laboratorial.,sklearn_gb_v1,sklearn_v1
VITORINO FREIRE,chikungunya,2025,23,0.0171,-4.0531,baixo,positividade=0.0; tendencia_pos=0.0; risco=0.35,Manter rotina de vigilância laboratorial.,sklearn_gb_v1,sklearn_v1
ALMEIRIM,dengue,2025,28,0.0171,-4.0531,baixo,positividade=0.0; tendencia_pos=0.0; risco=0.35,Manter rotina de vigilância laboratorial.,sklearn_gb_v1,sklearn_v1
JOINVILLE,chikungunya,2025,15,0.0171,-4.0531,baixo,positividade=0.0; tendencia_pos=0.0; risco=0.34,Manter rotina de vigilância laboratorial.,sklearn_gb_v1,sklearn_v1
CANARANA,neisseria_gonorrhoeae,2025,16,0.0171,-4.0531,baixo,positividade=0.0; tendencia_pos=0.0; risco=0.35,Manter rotina de vigilância laboratorial.,sklearn_gb_v1,sklearn_v1
SAPEZAL,fungos,2025,5,0.0171,-4.0531,baixo,positividade=0.0; tendencia_pos=0.0; risco=0.35,Manter rotina de vigilância laboratorial.,sklearn_gb_v1,sklearn_v1
SAO PEDRO DA CIPA,dengue,2025,7,0.0171,-4.0531,baixo,positividade=0.0; tendencia_pos=0.0; risco=0.2,Manter rotina de vigilância laboratorial.,sklearn_gb_v1,sklearn_v1
SAO PEDRO DA CIPA,chikungunya,2025,7,0.0171,-4.0531,baixo,positividade=0.0; tendencia_pos=0.0; risco=0.17,Manter rotina de vigilância laboratorial.,sklearn_gb_v1,sklearn_v1
CORUMBIARA,sars_cov_2,2024,22,0.0171,-4.0531,baixo,positividade=0.0; tendencia_pos=0.0; risco=0.44,Manter rotina de vigilância laboratorial.,sklearn_gb_v1,sklearn_v1
PORTO ALEGRE DO NORTE,sars_cov_2,2025,21,0.0171,-4.0531,baixo,positividade=0.0; tendencia_pos=0.0; risco=0.26,Manter rotina de vigilância laboratorial.,sklearn_gb_v1,sklearn_v1
NORTELANDIA,influenza_b,2025,10,0.0171,-4.0531,baixo,positividade=0.0; tendencia_pos=0.0; risco=0.35,Manter rotina de vigilância laboratorial.,sklearn_gb_v1,sklearn_v1
NORTELANDIA,influenza_a,2025,10,0.0171,-4.0531,baixo,positividade=0.0; tendencia_pos=0.0; risco=0.35,Manter rotina de vigilância laboratorial.,sklearn_gb_v1,sklearn_v1
NOVO PROGRESSO,zika,2025,24,0.0171,-4.0531,baixo,positividade=0.0; tendencia_pos=0.0; risco=0.43,Manter rotina de vigilância laboratorial.,sklearn_gb_v1,sklearn_v1
UBERLANDIA,chikungunya,2025,21,0.0171,-4.0531,baixo,positividade=0.0; tendencia_pos=0.0; risco=0.35,Manter rotina de vigilância laboratorial.,sklearn_gb_v1,sklearn_v1
MANACAPURU,dengue,2024,49,0.0171,-4.0531,baixo,positividade=0.0; tendencia_pos=0.0; risco=0.35,Manter rotina de vigilância laboratorial.,sklearn_gb_v1,sklearn_v1
UNIAO DO SUL,tuberculose_cultura,2025,19,0.0171,-4.0531,baixo,positividade=0.0; tendencia_pos=0.0; risco=0.17,Manter rotina de vigilância laboratorial.,sklearn_gb_v1,sklearn_v1
COSTA RICA,dengue,2025,16,0.0171,-4.0531,baixo,positividade=0.0; tendencia_pos=0.0; risco=0.35,Manter rotina de vigilância laboratorial.,sklearn_gb_v1,sklearn_v1
JANGADA,variola,2024,51,0.0171,-4.0531,baixo,positividade=0.0; tendencia_pos=0.0; risco=0.22,Manter rotina de vigilância laboratorial.,sklearn_gb_v1,sklearn_v1
SANTA TEREZINHA,influenza_a,2025,15,0.0171,-4.0531,baixo,positividade=0.0; tendencia_pos=0.0; risco=0.35,Manter rotina de vigilância laboratorial.,sklearn_gb_v1,sklearn_v1
SANTO ANTONIO DO LESTE,influenza_b,2025,24,0.0171,-4.0531,baixo,positividade=0.0; tendencia_pos=0.0; risco=0.44,Manter rotina de vigilância laboratorial.,sklearn_gb_v1,sklearn_v1
SANTO ANTONIO DO LESTE,influenza_a,2025,24,0.0171,-4.0531,baixo,positividade=0.0; tendencia_pos=0.0; risco=0.44,Manter rotina de vigilância laboratorial.,sklearn_gb_v1,sklearn_v1
SANTO ANDRE,dengue,2025,14,0.0171,-4.0531,baixo,positividade=0.0; tendencia_pos=0.0; risco=0.35,Manter rotina de vigilância laboratorial.,sklearn_gb_v1,sklearn_v1
ORIXIMINA,zika,2025,22,0.0171,-4.0531,baixo,positividade=0.0; tendencia_pos=0.0; risco=0.18,Manter rotina de vigilância laboratorial.,sklearn_gb_v1,sklearn_v1
TRINDADE,dengue,2025,6,0.0171,-4.0531,baixo,positividade=0.0; tendencia_pos=0.0; risco=0.43,Manter rotina de vigilância laboratorial.,sklearn_gb_v1,sklearn_v1
JARAGUA DO SUL,zika,2025,7,0.0171,-4.0531,baixo,positividade=0.0; tendencia_pos=0.0; risco=0.18,Manter rotina de vigilância laboratorial.,sklearn_gb_v1,sklearn_v1
RIBEIRAO CASCALHEIRA,chikungunya,2025,19,0.0171,-4.0531,baixo,positividade=0.0; tendencia_pos=0.0; risco=0.25,Manter rotina de vigilância laboratorial.,sklearn_gb_v1,sklearn_v1
RESERVA DO CABACAL,influenza_b,2025,22,0.0171,-4.0531,baixo,positividade=0.0; tendencia_pos=0.0; risco=0.17,Manter rotina de vigilância laboratorial.,sklearn_gb_v1,sklearn_v1
RESERVA DO CABACAL,influenza_a,2025,22,0.0171,-4.0531,baixo,positividade=0.0; tendencia_pos=0.0; risco=0.17,Manter rotina de vigilância laboratorial.,sklearn_gb_v1,sklearn_v1
HUMAITA,zika,2025,19,0.0171,-4.0531,baixo,positividade=0.0; tendencia_pos=0.0; risco=0.43,Manter rotina de vigilância laboratorial.,sklearn_gb_v1,sklearn_v1
NOVO REPARTIMENTO,zika,2025,13,0.0171,-4.0531,baixo,positividade=0.0; tendencia_pos=0.0; risco=0.35,Manter rotina de vigilância laboratorial.,sklearn_gb_v1,sklearn_v1
SANTA TEREZINHA,zika,2025,17,0.0171,-4.0531,baixo,positividade=0.0; tendencia_pos=0.0; risco=0.32,Manter rotina de vigilância laboratorial.,sklearn_gb_v1,sklearn_v1
SANTA TEREZINHA,influenza_b,2025,15,0.0171,-4.0531,baixo,positividade=0.0; tendencia_pos=0.0; risco=0.35,Manter rotina de vigilância laboratorial.,sklearn_gb_v1,sklearn_v1
TESOURO,dengue,2025,9,0.0171,-4.0531,baixo,positividade=0.0; tendencia_pos=0.0; risco=0.25,Manter rotina de vigilância laboratorial.,sklearn_gb_v1,sklearn_v1
RIO BRANCO,influenza_b,2025,8,0.0171,-4.0531,baixo,positividade=0.0; tendencia_pos=0.0; risco=0.45,Manter rotina de vigilância laboratorial.,sklearn_gb_v1,sklearn_v1
APIACAS,influenza_a,2025,21,0.0171,-4.0531,baixo,positividade=0.0; tendencia_pos=0.0; risco=0.36,Manter rotina de vigilância laboratorial.,sklearn_gb_v1,sklearn_v1
SAO JOSE DO RIO CLARO,virus_respiratorios,2025,20,0.0171,-4.0531,baixo,positividade=0.0; tendencia_pos=0.0; risco=0.18,Manter rotina de vigilância laboratorial.,sklearn_gb_v1,sklearn_v1
SAO JOSE DO RIO CLARO,influenza_b,2025,20,0.0171,-4.0531,baixo,positividade=0.0; tendencia_pos=0.0; risco=0.29,Manter rotina de vigilância laboratorial.,sklearn_gb_v1,sklearn_v1
SAO JOSE DO RIO CLARO,rifampicina,2026,10,0.0171,-4.0531,baixo,positividade=0.0; tendencia_pos=0.0; risco=0.43,Manter rotina de vigilância laboratorial.,sklearn_gb_v1,sklearn_v1
SAO JOSE DOS CAMPOS,chikungunya,2024,32,0.0171,-4.0531,baixo,positividade=0.0; tendencia_pos=0.0; risco=0.35,Manter rotina de vigilância laboratorial.,sklearn_gb_v1,sklearn_v1
RIBEIRAO CASCALHEIRA,meningite_bacteriana_biologia_molecular,2025,33,0.0171,-4.0531,baixo,positividade=0.0; tendencia_pos=0.0; risco=0.21,Manter rotina de vigilância laboratorial.,sklearn_gb_v1,sklearn_v1
BOM JESUS DAS SELVAS,dengue,2025,25,0.0171,-4.0531,baixo,positividade=0.0; tendencia_pos=0.0; risco=0.35,Manter rotina de vigilância laboratorial.,sklearn_gb_v1,sklearn_v1
TRAIRAO,dengue,2025,22,0.0171,-4.0531,baixo,positividade=0.0; tendencia_pos=0.0; risco=0.35,Manter rotina de vigilância laboratorial.,sklearn_gb_v1,sklearn_v1
NOVA BANDEIRANTES,influenza_b,2025,20,0.0171,-4.0531,baixo,positividade=0.0; tendencia_pos=0.0; risco=0.2,Manter rotina de vigilância laboratorial.,sklearn_gb_v1,sklearn_v1
ITAJAI,hepatite_c_hcv,2025,16,0.0171,-4.0531,baixo,positividade=0.0; tendencia_pos=0.0; risco=0.18,Manter rotina de vigilância laboratorial.,sklearn_gb_v1,sklearn_v1
SENADOR ALEXANDRE COSTA,dengue,2025,23,0.0171,-4.0531,baixo,positividade=0.0; tendencia_pos=0.0; risco=0.35,Manter rotina de vigilância laboratorial.,sklearn_gb_v1,sklearn_v1
GUIRATINGA,hepatite_c_hcv,2025,5,0.0171,-4.0531,baixo,positividade=0.0; tendencia_pos=0.0; risco=0.19,Manter rotina de vigilância laboratorial.,sklearn_gb_v1,sklearn_v1
JATAI,zika,2025,15,0.0171,-4.0531,baixo,positividade=0.0; tendencia_pos=0.0; risco=0.35,Manter rotina de vigilância laboratorial.,sklearn_gb_v1,sklearn_v1
JOAO PESSOA,chikungunya,2025,24,0.0171,-4.0531,baixo,positividade=0.0; tendencia_pos=0.0; risco=0.35,Manter rotina de vigilância laboratorial.,sklearn_gb_v1,sklearn_v1
SANTO ANTONIO DO LESTE,zika,2024,26,0.0171,-4.0531,baixo,positividade=0.0; tendencia_pos=0.0; risco=0.18,Manter rotina de vigilância laboratorial.,sklearn_gb_v1,sklearn_v1
TESOURO,chikungunya,2025,9,0.0171,-4.0531,baixo,positividade=0.0; tendencia_pos=0.0; risco=0.25,Manter rotina de vigilância laboratorial.,sklearn_gb_v1,sklearn_v1
RIO BRANCO,influenza_a,2025,8,0.0171,-4.0531,baixo,positividade=0.0; tendencia_pos=0.0; risco=0.45,Manter rotina de vigilância laboratorial.,sklearn_gb_v1,sklearn_v1
TESOURO,zika,2025,9,0.0171,-4.0531,baixo,positividade=0.0; tendencia_pos=0.0; risco=0.35,Manter rotina de vigilância laboratorial.,sklearn_gb_v1,sklearn_v1
ARAPUTANGA,rifampicina,2025,3,0.0171,-4.0531,baixo,positividade=0.0; tendencia_pos=0.0; risco=0.43,Manter rotina de vigilância laboratorial.,sklearn_gb_v1,sklearn_v1
ESTANCIA,dengue,2025,18,0.0171,-4.0531,baixo,positividade=0.0; tendencia_pos=0.0; risco=0.18,Manter rotina de vigilância laboratorial.,sklearn_gb_v1,sklearn_v1
NOVA BANDEIRANTES,influenza_a,2025,20,0.0171,-4.0531,baixo,positividade=0.0; tendencia_pos=0.0; risco=0.2,Manter rotina de vigilância laboratorial.,sklearn_gb_v1,sklearn_v1
SANTA LUZIA DO PARUA,dengue,2025,28,0.0171,-4.0531,baixo,positividade=0.0; tendencia_pos=0.0; risco=0.35,Manter rotina de vigilância laboratorial.,sklearn_gb_v1,sklearn_v1
CARLINDA,tuberculose_cultura,2025,4,0.0171,-4.0531,baixo,positividade=0.0; tendencia_pos=0.0; risco=0.27,Manter rotina de vigilância laboratorial.,sklearn_gb_v1,sklearn_v1
GUARANTA DO NORTE,virus_respiratorios,2025,26,0.0171,-4.0531,baixo,positividade=0.0; tendencia_pos=0.0; risco=0.35,Manter rotina de vigilância laboratorial.,sklearn_gb_v1,sklearn_v1
OURILANDIA DO NORTE,dengue,2025,19,0.0171,-4.0531,baixo,positividade=0.0; tendencia_pos=0.0; risco=0.18,Manter rotina de vigilância laboratorial.,sklearn_gb_v1,sklearn_v1
GUARANTA DO NORTE,meningite_bacteriana_biologia_molecular,2024,33,0.0171,-4.0531,baixo,positividade=0.0; tendencia_pos=0.0; risco=0.39,Manter rotina de vigilância laboratorial.,sklearn_gb_v1,sklearn_v1
CANARANA,fungos,2025,15,0.0171,-4.0531,baixo,positividade=0.0; tendencia_pos=0.0; risco=0.18,Manter rotina de vigilância laboratorial.,sklearn_gb_v1,sklearn_v1
PARANATINGA,variola,2025,19,0.0171,-4.0531,baixo,positividade=0.0; tendencia_pos=0.0; risco=0.38,Manter rotina de vigilância laboratorial.,sklearn_gb_v1,sklearn_v1
APIACAS,influenza_b,2025,21,0.0171,-4.0531,baixo,positividade=0.0; tendencia_pos=0.0; risco=0.36,Manter rotina de vigilância laboratorial.,sklearn_gb_v1,sklearn_v1
APIACAS,virus_respiratorios,2025,21,0.0171,-4.0531,baixo,positividade=0.0; tendencia_pos=0.0; risco=0.17,Manter rotina de vigilância laboratorial.,sklearn_gb_v1,sklearn_v1
JABOATAO DOS GUARARAPES,sars_cov_2,2025,21,0.0171,-4.0531,baixo,positividade=0.0; tendencia_pos=0.0; risco=0.43,Manter rotina de vigilância laboratorial.,sklearn_gb_v1,sklearn_v1
BARRA DE SANTO ANTONIO,chikungunya,2025,21,0.0171,-4.0531,baixo,positividade=0.0; tendencia_pos=0.0; risco=0.35,Manter rotina de vigilância laboratorial.,sklearn_gb_v1,sklearn_v1
BACABAL,dengue,2025,15,0.0171,-4.0531,baixo,positividade=0.0; tendencia_pos=0.0; risco=0.35,Manter rotina de vigilância laboratorial.,sklearn_gb_v1,sklearn_v1
RONDONOPOLIS,tuberculose_lf_lam,2025,19,0.0171,-4.0531,baixo,positividade=0.0; tendencia_pos=0.0; risco=0.27,Manter rotina de vigilância laboratorial.,sklearn_gb_v1,sklearn_v1
BARRA DO GARCAS,leishmaniose_visceral_humana_teste_rapido,2025,21,0.0171,-4.0531,baixo,positividade=0.0; tendencia_pos=0.0; risco=0.18,Manter rotina de vigilância laboratorial.,sklearn_gb_v1,sklearn_v1
BARRA DO GARCAS,leptospira,2025,22,0.0171,-4.0531,baixo,positividade=0.0; tendencia_pos=0.0; risco=0.27,Manter rotina de vigilância laboratorial.,sklearn_gb_v1,sklearn_v1
JOSELANDIA,dengue,2025,28,0.0171,-4.0531,baixo,positividade=0.0; tendencia_pos=0.0; risco=0.34,Manter rotina de vigilância laboratorial.,sklearn_gb_v1,sklearn_v1
PEDRA PRETA,rifampicina,2024,50,0.0171,-4.0531,baixo,positividade=0.0; tendencia_pos=0.0; risco=0.35,Manter rotina de vigilância laboratorial.,sklearn_gb_v1,sklearn_v1
ITIQUIRA,influenza_a,2025,23,0.0171,-4.0531,baixo,positividade=0.0; tendencia_pos=0.0; risco=0.43,Manter rotina de vigilância laboratorial.,sklearn_gb_v1,sklearn_v1
RIO LARGO,chikungunya,2025,19,0.0171,-4.0531,baixo,positividade=0.0; tendencia_pos=0.0; risco=0.18,Manter rotina de vigilância laboratorial.,sklearn_gb_v1,sklearn_v1
COLIDER,neisseria_gonorrhoeae,2024,26,0.0171,-4.0531,baixo,positividade=0.0; tendencia_pos=0.0; risco=0.35,Manter rotina de vigilância laboratorial.,sklearn_gb_v1,sklearn_v1
CHUPINGUAIA,zika,2025,23,0.0171,-4.0531,baixo,positividade=0.0; tendencia_pos=0.0; risco=0.18,Manter rotina de vigilância laboratorial.,sklearn_gb_v1,sklearn_v1
IPORA,sars_cov_2,2025,5,0.0171,-4.0531,baixo,positividade=0.0; tendencia_pos=0.0; risco=0.27,Manter rotina de vigilância laboratorial.,sklearn_gb_v1,sklearn_v1
CASCAVEL,zika,2025,30,0.0171,-4.0531,baixo,positividade=0.0; tendencia_pos=0.0; risco=0.35,Manter rotina de vigilância laboratorial.,sklearn_gb_v1,sklearn_v1
ITIQUIRA,influenza_b,2025,23,0.0171,-4.0531,baixo,positividade=0.0; tendencia_pos=0.0; risco=0.43,Manter rotina de vigilância laboratorial.,sklearn_gb_v1,sklearn_v1
RIO LARGO,zika,2025,19,0.0171,-4.0531,baixo,positividade=0.0; tendencia_pos=0.0; risco=0.18,Manter rotina de vigilância laboratorial.,sklearn_gb_v1,sklearn_v1
GOVERNADOR LUIZ ROCHA,dengue,2025,24,0.0171,-4.0531,baixo,positividade=0.0; tendencia_pos=0.0; risco=0.18,Manter rotina de vigilância laboratorial.,sklearn_gb_v1,sklearn_v1
GOVERNADOR LUIZ ROCHA,zika,2025,24,0.0171,-4.0531,baixo,positividade=0.0; tendencia_pos=0.0; risco=0.35,Manter rotina de vigilância laboratorial.,sklearn_gb_v1,sklearn_v1
SUMARE,chikungunya,2025,15,0.0171,-4.0531,baixo,positividade=0.0; tendencia_pos=0.0; risco=0.18,Manter rotina de vigilância laboratorial.,sklearn_gb_v1,sklearn_v1
JUINA,rifampicina,2025,20,0.0171,-4.0531,baixo,positividade=0.0; tendencia_pos=0.0; risco=0.43,Manter rotina de vigilância laboratorial.,sklearn_gb_v1,sklearn_v1
SAO BERNARDO DO CAMPO,dengue,2025,29,0.0171,-4.0531,baixo,positividade=0.0; tendencia_pos=0.0; risco=0.43,Manter rotina de vigilância laboratorial.,sklearn_gb_v1,sklearn_v1
NOVA MARINGA,influenza_a,2025,17,0.0171,-4.0531,baixo,positividade=0.0; tendencia_pos=0.0; risco=0.19,Manter rotina de vigilância laboratorial.,sklearn_gb_v1,sklearn_v1
BARRA DO BUGRES,virus_respiratorios,2025,20,0.0171,-4.0531,baixo,positividade=0.0; tendencia_pos=0.0; risco=0.36,Manter rotina de vigilância laboratorial.,sklearn_gb_v1,sklearn_v1
NOVA MARINGA,influenza_b,2025,17,0.0171,-4.0531,baixo,positividade=0.0; tendencia_pos=0.0; risco=0.19,Manter rotina de vigilância laboratorial.,sklearn_gb_v1,sklearn_v1
CACERES,tuberculose_teste_de_sensibilidade,2025,8,0.0171,-4.0531,baixo,positividade=0.0; tendencia_pos=0.0; risco=0.22,Manter rotina de vigilância laboratorial.,sklearn_gb_v1,sklearn_v1
CHAPECO,zika,2025,19,0.0171,-4.0531,baixo,positividade=0.0; tendencia_pos=0.0; risco=0.35,Manter rotina de vigilância laboratorial.,sklearn_gb_v1,sklearn_v1
CASTANHAL,chikungunya,2025,8,0.0171,-4.0531,baixo,positividade=0.0; tendencia_pos=0.0; risco=0.18,Manter rotina de vigilância laboratorial.,sklearn_gb_v1,sklearn_v1
PEIXOTO DE AZEVEDO,meningite_bacteriana_biologia_molecular,2025,12,0.0171,-4.0531,baixo,positividade=0.0; tendencia_pos=0.0; risco=0.23,Manter rotina de vigilância laboratorial.,sklearn_gb_v1,sklearn_v1
BARREIRINHAS,dengue,2024,22,0.0171,-4.0531,baixo,positividade=0.0; tendencia_pos=0.0; risco=0.35,Manter rotina de vigilância laboratorial.,sklearn_gb_v1,sklearn_v1
JACIARA,leishmaniose_visceral_humana_teste_rapido,2025,13,0.0171,-4.0531,baixo,positividade=0.0; tendencia_pos=0.0; risco=0.43,Manter rotina de vigilância laboratorial.,sklearn_gb_v1,sklearn_v1
BOM JESUS DAS SELVAS,chikungunya,2025,25,0.0169,-4.0606,baixo,positividade=0.0; tendencia_pos=0.0; risco=0.0,Manter rotina de vigilância laboratorial.,sklearn_gb_v1,sklearn_v1
CASTANHEIRA,tuberculose_cultura,2025,18,0.0169,-4.0606,baixo,positividade=0.0; tendencia_pos=0.0; risco=0.0,Manter rotina de vigilância laboratorial.,sklearn_gb_v1,sklearn_v1
JUARA,sars_cov_2,2025,22,0.0169,-4.0606,baixo,positividade=0.0; tendencia_pos=0.0; risco=0.0,Manter rotina de vigilância laboratorial.,sklearn_gb_v1,sklearn_v1
CUIABA,sars_cov_2,2026,20,0.0168,-4.0707,baixo,positividade=0.0; tendencia_pos=-0.062; risco=0.0,Manter rotina de vigilância laboratorial.,sklearn_gb_v1,sklearn_v1
CHAPADA DOS GUIMARAES,sars_cov_2,2025,34,0.0168,-4.0707,baixo,positividade=0.0; tendencia_pos=-0.031; risco=0.04,Manter rotina de vigilância laboratorial.,sklearn_gb_v1,sklearn_v1
MANAUS,zika,2025,34,0.0168,-4.0707,baixo,positividade=0.0; tendencia_pos=-0.031; risco=0.0,Manter rotina de vigilância laboratorial.,sklearn_gb_v1,sklearn_v1
VARZEA GRANDE,chagas,2025,34,0.0167,-4.075,baixo,positividade=0.0; tendencia_pos=-0.125; risco=0.0,Manter rotina de vigilância laboratorial.,sklearn_gb_v1,sklearn_v1
VARZEA GRANDE,chagas_igg,2025,34,0.0167,-4.075,baixo,positividade=0.0; tendencia_pos=-0.125; risco=0.0,Manter rotina de vigilância laboratorial.,sklearn_gb_v1,sklearn_v1
VARZEA GRANDE,fungos,2025,28,0.0167,-4.075,baixo,positividade=0.0; tendencia_pos=-0.125; risco=0.0,Manter rotina de vigilância laboratorial.,sklearn_gb_v1,sklearn_v1
PONTES E LACERDA,sars_cov_2,2025,27,0.0167,-4.075,baixo,positividade=0.0; tendencia_pos=-0.125; risco=0.0,Manter rotina de vigilância laboratorial.,sklearn_gb_v1,sklearn_v1
GOIANIA,dengue,2025,24,0.0167,-4.075,baixo,positividade=0.0; tendencia_pos=-0.125; risco=0.0,Manter rotina de vigilância laboratorial.,sklearn_gb_v1,sklearn_v1
JUINA,fungos,2025,33,0.0167,-4.075,baixo,positividade=0.0; tendencia_pos=-0.125; risco=0.0,Manter rotina de vigilância laboratorial.,sklearn_gb_v1,sklearn_v1
GAUCHA DO NORTE,zika,2025,33,0.0167,-4.075,baixo,positividade=0.0; tendencia_pos=-0.125; risco=0.08,Manter rotina de vigilância laboratorial.,sklearn_gb_v1,sklearn_v1
ROSARIO OESTE,tuberculose_cultura,2025,22,0.0167,-4.075,baixo,positividade=0.0; tendencia_pos=-0.125; risco=0.06,Manter rotina de vigilância laboratorial.,sklearn_gb_v1,sklearn_v1
RIBEIRAO CASCALHEIRA,influenza_a,2025,5,0.0166,-4.0818,baixo,positividade=0.0; tendencia_pos=0.0; risco=0.54,Manter rotina de vigilância laboratorial.,sklearn_gb_v1,sklearn_v1
BREU BRANCO,sars_cov_2,2025,22,0.0166,-4.0818,baixo,positividade=0.0; tendencia_pos=0.0; risco=0.5,Manter rotina de vigilância laboratorial.,sklearn_gb_v1,sklearn_v1
PORTO ALEGRE DO NORTE,influenza_b,2025,21,0.0166,-4.0818,baixo,positividade=0.0; tendencia_pos=0.0; risco=0.52,Manter rotina de vigilância laboratorial.,sklearn_gb_v1,sklearn_v1
LUIS EDUARDO MAGALHAES,chikungunya,2025,21,0.0166,-4.0818,baixo,positividade=0.0; tendencia_pos=0.0; risco=0.51,Manter rotina de vigilância laboratorial.,sklearn_gb_v1,sklearn_v1
RIBEIRAO CASCALHEIRA,zika,2025,19,0.0166,-4.0818,baixo,positividade=0.0; tendencia_pos=0.0; risco=0.5,Manter rotina de vigilância laboratorial.,sklearn_gb_v1,sklearn_v1
RIBEIRAO CASCALHEIRA,influenza_b,2025,5,0.0166,-4.0818,baixo,positividade=0.0; tendencia_pos=0.0; risco=0.54,Manter rotina de vigilância laboratorial.,sklearn_gb_v1,sklearn_v1
NOVO MUNDO,leptospira,2024,22,0.0166,-4.0818,baixo,positividade=0.0; tendencia_pos=0.0; risco=0.47,Manter rotina de vigilância laboratorial.,sklearn_gb_v1,sklearn_v1
ASSIS,sars_cov_2,2025,18,0.0166,-4.0818,baixo,positividade=0.0; tendencia_pos=0.0; risco=0.53,Manter rotina de vigilância laboratorial.,sklearn_gb_v1,sklearn_v1
NOVA LACERDA,influenza_a,2025,22,0.0166,-4.0818,baixo,positividade=0.0; tendencia_pos=0.0; risco=0.47,Manter rotina de vigilância laboratorial.,sklearn_gb_v1,sklearn_v1
RONDONOPOLIS,leptospira,2025,11,0.0166,-4.0818,baixo,positividade=0.0; tendencia_pos=0.0; risco=0.47,Manter rotina de vigilância laboratorial.,sklearn_gb_v1,sklearn_v1
BOA VISTA,influenza_a,2025,21,0.0166,-4.0818,baixo,positividade=0.0; tendencia_pos=0.0; risco=0.5,Manter rotina de vigilância laboratorial.,sklearn_gb_v1,sklearn_v1
TAPURAH,hepatite_c_hcv,2025,7,0.0166,-4.0818,baixo,positividade=0.0; tendencia_pos=0.0; risco=0.5,Manter rotina de vigilância laboratorial.,sklearn_gb_v1,sklearn_v1
RIO VERDE,zika,2025,5,0.0166,-4.0818,baixo,positividade=0.0; tendencia_pos=0.0; risco=0.5,Manter rotina de vigilância laboratorial.,sklearn_gb_v1,sklearn_v1
CODO,chikungunya,2025,26,0.0166,-4.0818,baixo,positividade=0.0; tendencia_pos=0.0; risco=0.51,Manter rotina de vigilância laboratorial.,sklearn_gb_v1,sklearn_v1
NOVA CANAA DO NORTE,tuberculose_cultura,2025,15,0.0166,-4.0818,baixo,positividade=0.0; tendencia_pos=0.0; risco=0.47,Manter rotina de vigilância laboratorial.,sklearn_gb_v1,sklearn_v1
NOVA LACERDA,influenza_b,2025,22,0.0166,-4.0818,baixo,positividade=0.0; tendencia_pos=0.0; risco=0.47,Manter rotina de vigilância laboratorial.,sklearn_gb_v1,sklearn_v1
SANTA INES,dengue,2025,14,0.0166,-4.0818,baixo,positividade=0.0; tendencia_pos=0.0; risco=0.51,Manter rotina de vigilância laboratorial.,sklearn_gb_v1,sklearn_v1
BOA VISTA,influenza_b,2025,21,0.0166,-4.0818,baixo,positividade=0.0; tendencia_pos=0.0; risco=0.5,Manter rotina de vigilância laboratorial.,sklearn_gb_v1,sklearn_v1
VILHENA,influenza_a,2025,5,0.0166,-4.0818,baixo,positividade=0.0; tendencia_pos=0.0; risco=0.5,Manter rotina de vigilância laboratorial.,sklearn_gb_v1,sklearn_v1
VILHENA,influenza_b,2025,5,0.0166,-4.0818,baixo,positividade=0.0; tendencia_pos=0.0; risco=0.5,Manter rotina de vigilância laboratorial.,sklearn_gb_v1,sklearn_v1
DOM AQUINO,zika,2025,26,0.0165,-4.0861,baixo,positividade=0.0; tendencia_pos=0.025; risco=0.0,Manter rotina de vigilância laboratorial.,sklearn_gb_v1,sklearn_v1
ARAPUTANGA,fungos,2025,33,0.0164,-4.0915,baixo,positividade=0.0; tendencia_pos=0.0; risco=0.61,Manter rotina de vigilância laboratorial.,sklearn_gb_v1,sklearn_v1
CAMPOS DE JULIO,leptospira,2025,10,0.0164,-4.0915,baixo,positividade=0.0; tendencia_pos=0.0; risco=0.57,Manter rotina de vigilância laboratorial.,sklearn_gb_v1,sklearn_v1
CAMPO GRANDE,influenza_a,2025,18,0.0164,-4.0915,baixo,positividade=0.0; tendencia_pos=0.0; risco=0.56,Manter rotina de vigilância laboratorial.,sklearn_gb_v1,sklearn_v1
CAMPO GRANDE,influenza_b,2025,18,0.0164,-4.0915,baixo,positividade=0.0; tendencia_pos=0.0; risco=0.56,Manter rotina de vigilância laboratorial.,sklearn_gb_v1,sklearn_v1
RECIFE,dengue,2025,24,0.0164,-4.0915,baixo,positividade=0.0; tendencia_pos=0.0; risco=0.56,Manter rotina de vigilância laboratorial.,sklearn_gb_v1,sklearn_v1
CANABRAVA DO NORTE,dengue,2025,20,0.0164,-4.0915,baixo,positividade=0.0; tendencia_pos=0.0; risco=0.6,Manter rotina de vigilância laboratorial.,sklearn_gb_v1,sklearn_v1
CUIABA,oropouche_igm,2025,9,0.0164,-4.0941,baixo,positividade=1.0; tendencia_pos=0.0; risco=0.27,Manter rotina de vigilância laboratorial.,sklearn_gb_v1,sklearn_v1
VERA,rifampicina,2025,11,0.0164,-4.0915,baixo,positividade=0.0; tendencia_pos=0.0; risco=0.57,Manter rotina de vigilância laboratorial.,sklearn_gb_v1,sklearn_v1
BARRA DO GARCAS,virus_respiratorios,2025,10,0.0163,-4.0989,baixo,positividade=0.0; tendencia_pos=0.0; risco=0.66,Manter rotina de vigilância laboratorial.,sklearn_gb_v1,sklearn_v1
ARAPUTANGA,tuberculose_cultura,2025,26,0.0163,-4.0989,baixo,positividade=0.0; tendencia_pos=0.0; risco=0.66,Manter rotina de vigilância laboratorial.,sklearn_gb_v1,sklearn_v1
CUIABA,mayaro_biologia_molecular,2025,24,0.0163,-4.0989,baixo,positividade=0.0; tendencia_pos=0.0; risco=0.66,Manter rotina de vigilância laboratorial.,sklearn_gb_v1,sklearn_v1
CUIABA,oropouche_biologia_molecular,2025,24,0.0163,-4.0989,baixo,positividade=0.0; tendencia_pos=0.0; risco=0.71,Manter rotina de vigilância laboratorial.,sklearn_gb_v1,sklearn_v1
CAMPO VERDE,virus_respiratorios,2025,30,0.0162,-4.1054,baixo,positividade=0.0; tendencia_pos=0.0; risco=0.0,Manter rotina de vigilância laboratorial.,sklearn_gb_v1,sklearn_v1
NOVA MUTUM,leptospira,2025,26,0.0162,-4.1054,baixo,positividade=0.0; tendencia_pos=0.0; risco=0.0,Manter rotina de vigilância laboratorial.,sklearn_gb_v1,sklearn_v1
MIRASSOL D''OESTE,cultura_para_fungos,2025,11,0.0158,-4.1312,baixo,positividade=1.0; tendencia_pos=0.0; risco=0.13,Manter rotina de vigilância laboratorial.,sklearn_gb_v1,sklearn_v1
CUIABA,influenza_b,2026,20,0.0158,-4.1334,baixo,positividade=0.0; tendencia_pos=0.0; risco=0.0,Manter rotina de vigilância laboratorial.,sklearn_gb_v1,sklearn_v1
PORTO FRANCO,chikungunya,2025,18,0.0158,-4.1312,baixo,positividade=1.0; tendencia_pos=0.0; risco=0.0,Manter rotina de vigilância laboratorial.,sklearn_gb_v1,sklearn_v1
OLIMPIA,dengue,2025,6,0.0158,-4.1312,baixo,positividade=1.0; tendencia_pos=0.0; risco=0.0,Manter rotina de vigilância laboratorial.,sklearn_gb_v1,sklearn_v1
SAO JOSE DO EGITO,chikungunya,2025,14,0.0158,-4.1312,baixo,positividade=1.0; tendencia_pos=0.0; risco=0.0,Manter rotina de vigilância laboratorial.,sklearn_gb_v1,sklearn_v1
CAMPO MOURAO,chikungunya,2025,20,0.0158,-4.1312,baixo,positividade=1.0; tendencia_pos=0.0; risco=0.14,Manter rotina de vigilância laboratorial.,sklearn_gb_v1,sklearn_v1
CAMPO MOURAO,influenza_a,2025,27,0.0158,-4.1312,baixo,positividade=1.0; tendencia_pos=0.0; risco=0.0,Manter rotina de vigilância laboratorial.,sklearn_gb_v1,sklearn_v1
SAO JOAO BATISTA,chikungunya,2025,18,0.0158,-4.1312,baixo,positividade=1.0; tendencia_pos=0.0; risco=0.0,Manter rotina de vigilância laboratorial.,sklearn_gb_v1,sklearn_v1
SAO JOAO DO SOTER,chikungunya,2025,18,0.0158,-4.1312,baixo,positividade=1.0; tendencia_pos=0.0; risco=0.0,Manter rotina de vigilância laboratorial.,sklearn_gb_v1,sklearn_v1
SAO JOAQUIM DA BARRA,chikungunya,2025,9,0.0158,-4.1312,baixo,positividade=1.0; tendencia_pos=0.0; risco=0.0,Manter rotina de vigilância laboratorial.,sklearn_gb_v1,sklearn_v1
MIGUEL ALVES,zika,2025,23,0.0158,-4.1334,baixo,positividade=0.0; tendencia_pos=0.0; risco=0.0,Manter rotina de vigilância laboratorial.,sklearn_gb_v1,sklearn_v1
XAXIM,hepatite_b_hbv,2025,6,0.0158,-4.1312,baixo,positividade=1.0; tendencia_pos=0.0; risco=0.0,Manter rotina de vigilância laboratorial.,sklearn_gb_v1,sklearn_v1
PORTO VELHO,baciloscopia,2025,12,0.0158,-4.1312,baixo,positividade=1.0; tendencia_pos=0.0; risco=0.0,Manter rotina de vigilância laboratorial.,sklearn_gb_v1,sklearn_v1
PORTO VELHO,dengue,2025,23,0.0158,-4.1334,baixo,positividade=0.0; tendencia_pos=0.0; risco=0.0,Manter rotina de vigilância laboratorial.,sklearn_gb_v1,sklearn_v1
CUIABA,influenza_a,2026,20,0.0158,-4.1334,baixo,positividade=0.0; tendencia_pos=0.0; risco=0.0,Manter rotina de vigilância laboratorial.,sklearn_gb_v1,sklearn_v1
GOIANIRA,chikungunya,2025,9,0.0158,-4.1312,baixo,positividade=1.0; tendencia_pos=0.0; risco=0.13,Manter rotina de vigilância laboratorial.,sklearn_gb_v1,sklearn_v1
CHAPADA DOS GUIMARAES,rifampicina,2026,12,0.0158,-4.1334,baixo,positividade=0.0; tendencia_pos=0.0; risco=0.04,Manter rotina de vigilância laboratorial.,sklearn_gb_v1,sklearn_v1
BARRA VELHA,chikungunya,2025,11,0.0158,-4.1312,baixo,positividade=1.0; tendencia_pos=0.0; risco=0.0,Manter rotina de vigilância laboratorial.,sklearn_gb_v1,sklearn_v1
BARRACAO,chikungunya,2025,15,0.0158,-4.1312,baixo,positividade=1.0; tendencia_pos=0.0; risco=0.0,Manter rotina de vigilância laboratorial.,sklearn_gb_v1,sklearn_v1
BARREIRAS,chikungunya,2025,7,0.0158,-4.1312,baixo,positividade=1.0; tendencia_pos=0.0; risco=0.13,Manter rotina de vigilância laboratorial.,sklearn_gb_v1,sklearn_v1
SONORA,chikungunya,2024,30,0.0158,-4.1312,baixo,positividade=1.0; tendencia_pos=0.0; risco=0.0,Manter rotina de vigilância laboratorial.,sklearn_gb_v1,sklearn_v1
PEROLA,chikungunya,2024,21,0.0158,-4.1312,baixo,positividade=1.0; tendencia_pos=0.0; risco=0.0,Manter rotina de vigilância laboratorial.,sklearn_gb_v1,sklearn_v1
PETROLINA,influenza_a,2025,23,0.0158,-4.1312,baixo,positividade=1.0; tendencia_pos=0.0; risco=0.0,Manter rotina de vigilância laboratorial.,sklearn_gb_v1,sklearn_v1
GLORIA D''OESTE,hepatite_b_hbv,2025,46,0.0158,-4.1312,baixo,positividade=1.0; tendencia_pos=0.0; risco=0.13,Manter rotina de vigilância laboratorial.,sklearn_gb_v1,sklearn_v1
GOVERNADOR NEWTON BELLO,chikungunya,2025,7,0.0158,-4.1312,baixo,positividade=1.0; tendencia_pos=0.0; risco=0.0,Manter rotina de vigilância laboratorial.,sklearn_gb_v1,sklearn_v1
GOIANAPOLIS,dengue,2025,13,0.0158,-4.1312,baixo,positividade=1.0; tendencia_pos=0.0; risco=0.0,Manter rotina de vigilância laboratorial.,sklearn_gb_v1,sklearn_v1
GOIANIA,baciloscopia,2025,18,0.0158,-4.1312,baixo,positividade=1.0; tendencia_pos=0.0; risco=0.0,Manter rotina de vigilância laboratorial.,sklearn_gb_v1,sklearn_v1
BATALHA,chikungunya,2025,29,0.0158,-4.1312,baixo,positividade=1.0; tendencia_pos=0.0; risco=0.0,Manter rotina de vigilância laboratorial.,sklearn_gb_v1,sklearn_v1
BAURU,chikungunya,2025,9,0.0158,-4.1312,baixo,positividade=1.0; tendencia_pos=0.0; risco=0.0,Manter rotina de vigilância laboratorial.,sklearn_gb_v1,sklearn_v1
BELEM,zika,2025,18,0.0158,-4.1334,baixo,positividade=0.0; tendencia_pos=0.0; risco=0.0,Manter rotina de vigilância laboratorial.,sklearn_gb_v1,sklearn_v1
GRAJAU,influenza_a,2025,21,0.0158,-4.1312,baixo,positividade=1.0; tendencia_pos=0.0; risco=0.0,Manter rotina de vigilância laboratorial.,sklearn_gb_v1,sklearn_v1
JUAZEIRO,dengue,2025,26,0.0158,-4.1312,baixo,positividade=1.0; tendencia_pos=0.0; risco=0.14,Manter rotina de vigilância laboratorial.,sklearn_gb_v1,sklearn_v1
SORRISO,sars_cov_2,2025,34,0.0158,-4.1334,baixo,positividade=0.0; tendencia_pos=0.0; risco=0.0,Manter rotina de vigilância laboratorial.,sklearn_gb_v1,sklearn_v1
JUNCO DO MARANHAO,chikungunya,2025,21,0.0158,-4.1312,baixo,positividade=1.0; tendencia_pos=0.0; risco=0.1,Manter rotina de vigilância laboratorial.,sklearn_gb_v1,sklearn_v1
JABOTICABAL,dengue,2025,8,0.0158,-4.1312,baixo,positividade=1.0; tendencia_pos=0.0; risco=0.0,Manter rotina de vigilância laboratorial.,sklearn_gb_v1,sklearn_v1
ITUPIRANGA,dengue,2025,13,0.0158,-4.1312,baixo,positividade=1.0; tendencia_pos=0.0; risco=0.13,Manter rotina de vigilância laboratorial.,sklearn_gb_v1,sklearn_v1
IPOJUCA,chikungunya,2025,18,0.0158,-4.1312,baixo,positividade=1.0; tendencia_pos=0.0; risco=0.13,Manter rotina de vigilância laboratorial.,sklearn_gb_v1,sklearn_v1
PACARAIMA,varicela_zoster_biologia_molecular,2025,13,0.0158,-4.1312,baixo,positividade=1.0; tendencia_pos=0.0; risco=0.0,Manter rotina de vigilância laboratorial.,sklearn_gb_v1,sklearn_v1
CANAA DOS CARAJAS,chikungunya,2025,21,0.0158,-4.1312,baixo,positividade=1.0; tendencia_pos=0.0; risco=0.14,Manter rotina de vigilância laboratorial.,sklearn_gb_v1,sklearn_v1
CANAA DOS CARAJAS,tuberculose_lf_lam,2024,35,0.0158,-4.1312,baixo,positividade=1.0; tendencia_pos=0.0; risco=0.0,Manter rotina de vigilância laboratorial.,sklearn_gb_v1,sklearn_v1
CAMPINA DA LAGOA,dengue,2025,13,0.0158,-4.1312,baixo,positividade=1.0; tendencia_pos=0.0; risco=0.13,Manter rotina de vigilância laboratorial.,sklearn_gb_v1,sklearn_v1
TABOCAS DO BREJO VELHO,chikungunya,2024,23,0.0158,-4.1312,baixo,positividade=1.0; tendencia_pos=0.0; risco=0.0,Manter rotina de vigilância laboratorial.,sklearn_gb_v1,sklearn_v1
CHAPADAO DO CEU,chikungunya,2025,19,0.0158,-4.1312,baixo,positividade=1.0; tendencia_pos=0.0; risco=0.13,Manter rotina de vigilância laboratorial.,sklearn_gb_v1,sklearn_v1
CHAPADINHA,chikungunya,2025,19,0.0158,-4.1312,baixo,positividade=1.0; tendencia_pos=0.0; risco=0.14,Manter rotina de vigilância laboratorial.,sklearn_gb_v1,sklearn_v1
CHARQUEADAS,dengue,2024,23,0.0158,-4.1312,baixo,positividade=1.0; tendencia_pos=0.0; risco=0.0,Manter rotina de vigilância laboratorial.,sklearn_gb_v1,sklearn_v1
CHIAPETTA,chikungunya,2025,24,0.0158,-4.1312,baixo,positividade=1.0; tendencia_pos=0.0; risco=0.0,Manter rotina de vigilância laboratorial.,sklearn_gb_v1,sklearn_v1
CHOPINZINHO,chikungunya,2025,28,0.0158,-4.1312,baixo,positividade=1.0; tendencia_pos=0.0; risco=0.0,Manter rotina de vigilância laboratorial.,sklearn_gb_v1,sklearn_v1
JUNDIA,toxoplasmose_igg,2025,6,0.0158,-4.1312,baixo,positividade=1.0; tendencia_pos=0.0; risco=0.0,Manter rotina de vigilância laboratorial.,sklearn_gb_v1,sklearn_v1
JUNDIAI,chikungunya,2025,18,0.0158,-4.1312,baixo,positividade=1.0; tendencia_pos=0.0; risco=0.13,Manter rotina de vigilância laboratorial.,sklearn_gb_v1,sklearn_v1
SORRISO,tuberculose_lf_lam,2026,19,0.0158,-4.1312,baixo,positividade=1.0; tendencia_pos=0.0; risco=0.13,Manter rotina de vigilância laboratorial.,sklearn_gb_v1,sklearn_v1
SOUSA,chikungunya,2025,21,0.0158,-4.1312,baixo,positividade=1.0; tendencia_pos=0.0; risco=0.0,Manter rotina de vigilância laboratorial.,sklearn_gb_v1,sklearn_v1
BARRA,chikungunya,2025,7,0.0158,-4.1312,baixo,positividade=1.0; tendencia_pos=0.0; risco=0.0,Manter rotina de vigilância laboratorial.,sklearn_gb_v1,sklearn_v1
FORTALEZA,dengue,2025,22,0.0158,-4.1334,baixo,positividade=0.0; tendencia_pos=0.0; risco=0.0,Manter rotina de vigilância laboratorial.,sklearn_gb_v1,sklearn_v1
PLANALTINA,chikungunya,2025,5,0.0158,-4.1312,baixo,positividade=1.0; tendencia_pos=0.0; risco=0.0,Manter rotina de vigilância laboratorial.,sklearn_gb_v1,sklearn_v1
CHOPINZINHO,tuberculose_cultura,2025,20,0.0158,-4.1312,baixo,positividade=1.0; tendencia_pos=0.0; risco=0.0,Manter rotina de vigilância laboratorial.,sklearn_gb_v1,sklearn_v1
RONDONOPOLIS,variola,2025,30,0.0158,-4.132,baixo,positividade=1.0; tendencia_pos=0.0; risco=0.81,Manter rotina de vigilância laboratorial.,sklearn_gb_v1,sklearn_v1
GASPAR,chikungunya,2025,23,0.0158,-4.1312,baixo,positividade=1.0; tendencia_pos=0.0; risco=0.0,Manter rotina de vigilância laboratorial.,sklearn_gb_v1,sklearn_v1
PEDRO DO ROSARIO,chikungunya,2025,23,0.0158,-4.1312,baixo,positividade=1.0; tendencia_pos=0.0; risco=0.0,Manter rotina de vigilância laboratorial.,sklearn_gb_v1,sklearn_v1
CASTANHEIRAS,chikungunya,2025,22,0.0158,-4.1312,baixo,positividade=1.0; tendencia_pos=0.0; risco=0.0,Manter rotina de vigilância laboratorial.,sklearn_gb_v1,sklearn_v1
SAO MIGUEL DO OESTE,dengue,2024,29,0.0158,-4.1312,baixo,positividade=1.0; tendencia_pos=0.0; risco=0.0,Manter rotina de vigilância laboratorial.,sklearn_gb_v1,sklearn_v1
SAO MIGUEL DOS CAMPOS,dengue,2025,17,0.0158,-4.1312,baixo,positividade=1.0; tendencia_pos=0.0; risco=0.13,Manter rotina de vigilância laboratorial.,sklearn_gb_v1,sklearn_v1
SAO PAULO,dengue,2025,34,0.0158,-4.1334,baixo,positividade=0.0; tendencia_pos=0.0; risco=0.0,Manter rotina de vigilância laboratorial.,sklearn_gb_v1,sklearn_v1
CACHOEIRA DO ARARI,dengue,2024,23,0.0158,-4.1312,baixo,positividade=1.0; tendencia_pos=0.0; risco=0.13,Manter rotina de vigilância laboratorial.,sklearn_gb_v1,sklearn_v1
PALMAS,dengue,2025,19,0.0158,-4.1334,baixo,positividade=0.0; tendencia_pos=0.0; risco=0.0,Manter rotina de vigilância laboratorial.,sklearn_gb_v1,sklearn_v1
PALMITAL,dengue,2024,21,0.0158,-4.1312,baixo,positividade=1.0; tendencia_pos=0.0; risco=0.0,Manter rotina de vigilância laboratorial.,sklearn_gb_v1,sklearn_v1
SANTA FE DO SUL,chikungunya,2025,9,0.0158,-4.1312,baixo,positividade=1.0; tendencia_pos=0.0; risco=0.0,Manter rotina de vigilância laboratorial.,sklearn_gb_v1,sklearn_v1
PINDARE-MIRIM,dengue,2024,24,0.0158,-4.1312,baixo,positividade=1.0; tendencia_pos=0.0; risco=0.14,Manter rotina de vigilância laboratorial.,sklearn_gb_v1,sklearn_v1
FOZ DO IGUACU,tuberculose_cultura,2025,28,0.0158,-4.1312,baixo,positividade=1.0; tendencia_pos=0.0; risco=0.13,Manter rotina de vigilância laboratorial.,sklearn_gb_v1,sklearn_v1
RONDONOPOLIS,neisseria_gonorrhoeae,2025,35,0.0158,-4.132,baixo,positividade=1.0; tendencia_pos=0.0; risco=0.89,Manter rotina de vigilância laboratorial.,sklearn_gb_v1,sklearn_v1
AUGUSTO CORREA,chikungunya,2025,13,0.0158,-4.1312,baixo,positividade=1.0; tendencia_pos=0.0; risco=0.13,Manter rotina de vigilância laboratorial.,sklearn_gb_v1,sklearn_v1
NOVA IPIXUNA,chikungunya,2025,5,0.0158,-4.1312,baixo,positividade=1.0; tendencia_pos=0.0; risco=0.0,Manter rotina de vigilância laboratorial.,sklearn_gb_v1,sklearn_v1
NOVA LACERDA,hepatite_c_hcv,2026,19,0.0158,-4.1312,baixo,positividade=1.0; tendencia_pos=0.0; risco=0.03,Manter rotina de vigilância laboratorial.,sklearn_gb_v1,sklearn_v1
BARCELOS,dengue,2025,2,0.0158,-4.1312,baixo,positividade=1.0; tendencia_pos=0.0; risco=0.0,Manter rotina de vigilância laboratorial.,sklearn_gb_v1,sklearn_v1
TABAPORA,tuberculose_lf_lam,2026,16,0.0158,-4.1312,baixo,positividade=1.0; tendencia_pos=0.0; risco=0.0,Manter rotina de vigilância laboratorial.,sklearn_gb_v1,sklearn_v1
LAGO DO JUNCO,chikungunya,2025,19,0.0158,-4.1312,baixo,positividade=1.0; tendencia_pos=0.0; risco=0.0,Manter rotina de vigilância laboratorial.,sklearn_gb_v1,sklearn_v1
LAGOA DO MATO,chikungunya,2025,8,0.0158,-4.1312,baixo,positividade=1.0; tendencia_pos=0.0; risco=0.13,Manter rotina de vigilância laboratorial.,sklearn_gb_v1,sklearn_v1
LAGOA GRANDE DO MARANHAO,chikungunya,2024,22,0.0158,-4.1312,baixo,positividade=1.0; tendencia_pos=0.0; risco=0.0,Manter rotina de vigilância laboratorial.,sklearn_gb_v1,sklearn_v1
NOVA CANTU,chikungunya,2025,29,0.0158,-4.1312,baixo,positividade=1.0; tendencia_pos=0.0; risco=0.0,Manter rotina de vigilância laboratorial.,sklearn_gb_v1,sklearn_v1
NOVA CRIXAS,hepatite_b_hbv,2025,22,0.0158,-4.1312,baixo,positividade=1.0; tendencia_pos=0.0; risco=0.0,Manter rotina de vigilância laboratorial.,sklearn_gb_v1,sklearn_v1
NOVA ESPERANCA,chikungunya,2024,33,0.0158,-4.1312,baixo,positividade=1.0; tendencia_pos=0.0; risco=0.0,Manter rotina de vigilância laboratorial.,sklearn_gb_v1,sklearn_v1
ASSIS,chikungunya,2025,7,0.0158,-4.1312,baixo,positividade=1.0; tendencia_pos=0.0; risco=0.0,Manter rotina de vigilância laboratorial.,sklearn_gb_v1,sklearn_v1
BAIAO,chikungunya,2025,8,0.0158,-4.1312,baixo,positividade=1.0; tendencia_pos=0.0; risco=0.0,Manter rotina de vigilância laboratorial.,sklearn_gb_v1,sklearn_v1
ASSIS,tuberculose_cultura,2025,2,0.0158,-4.1312,baixo,positividade=1.0; tendencia_pos=0.0; risco=0.0,Manter rotina de vigilância laboratorial.,sklearn_gb_v1,sklearn_v1
RONDONOPOLIS,rifampicina,2026,20,0.0158,-4.1334,baixo,positividade=0.0; tendencia_pos=0.0; risco=0.0,Manter rotina de vigilância laboratorial.,sklearn_gb_v1,sklearn_v1
RONDONOPOLIS,sarampo_igm,2025,32,0.0158,-4.1334,baixo,positividade=0.0; tendencia_pos=0.0; risco=0.0,Manter rotina de vigilância laboratorial.,sklearn_gb_v1,sklearn_v1
FRANCISCO MORATO,tuberculose,2025,12,0.0158,-4.1312,baixo,positividade=1.0; tendencia_pos=0.0; risco=0.0,Manter rotina de vigilância laboratorial.,sklearn_gb_v1,sklearn_v1
PINHEIRO,dengue,2025,14,0.0158,-4.1312,baixo,positividade=1.0; tendencia_pos=0.0; risco=0.14,Manter rotina de vigilância laboratorial.,sklearn_gb_v1,sklearn_v1
PACARAIMA,baciloscopia,2025,35,0.0158,-4.1312,baixo,positividade=1.0; tendencia_pos=0.0; risco=0.0,Manter rotina de vigilância laboratorial.,sklearn_gb_v1,sklearn_v1
SAO DOMINGOS DO MARANHAO,chikungunya,2025,14,0.0158,-4.1312,baixo,positividade=1.0; tendencia_pos=0.0; risco=0.13,Manter rotina de vigilância laboratorial.,sklearn_gb_v1,sklearn_v1
IRITUIA,chikungunya,2024,52,0.0158,-4.1312,baixo,positividade=1.0; tendencia_pos=0.0; risco=0.13,Manter rotina de vigilância laboratorial.,sklearn_gb_v1,sklearn_v1
SITIO NOVO DO TOCANTINS,chikungunya,2025,25,0.0158,-4.1312,baixo,positividade=1.0; tendencia_pos=0.0; risco=0.0,Manter rotina de vigilância laboratorial.,sklearn_gb_v1,sklearn_v1
BERNARDO DO MEARIM,chikungunya,2025,5,0.0158,-4.1312,baixo,positividade=1.0; tendencia_pos=0.0; risco=0.0,Manter rotina de vigilância laboratorial.,sklearn_gb_v1,sklearn_v1
GUAIRA,hepatite_b_hbv,2026,20,0.0158,-4.1312,baixo,positividade=1.0; tendencia_pos=0.0; risco=0.0,Manter rotina de vigilância laboratorial.,sklearn_gb_v1,sklearn_v1
GUARAI,chikungunya,2025,26,0.0158,-4.1312,baixo,positividade=1.0; tendencia_pos=0.0; risco=0.0,Manter rotina de vigilância laboratorial.,sklearn_gb_v1,sklearn_v1
CASCAVEL,dengue,2025,30,0.0158,-4.1334,baixo,positividade=0.0; tendencia_pos=0.0; risco=0.0,Manter rotina de vigilância laboratorial.,sklearn_gb_v1,sklearn_v1
CASSILANDIA,tuberculose_lf_lam,2026,20,0.0158,-4.1312,baixo,positividade=1.0; tendencia_pos=0.0; risco=0.0,Manter rotina de vigilância laboratorial.,sklearn_gb_v1,sklearn_v1
GRANJEIRO,chikungunya,2025,14,0.0158,-4.1312,baixo,positividade=1.0; tendencia_pos=0.0; risco=0.0,Manter rotina de vigilância laboratorial.,sklearn_gb_v1,sklearn_v1
CENTRO NOVO DO MARANHAO,dengue,2024,22,0.0158,-4.1312,baixo,positividade=1.0; tendencia_pos=0.0; risco=0.0,Manter rotina de vigilância laboratorial.,sklearn_gb_v1,sklearn_v1
CEREJEIRAS,chikungunya,2025,30,0.0158,-4.1312,baixo,positividade=1.0; tendencia_pos=0.0; risco=0.0,Manter rotina de vigilância laboratorial.,sklearn_gb_v1,sklearn_v1
ITUMBIARA,chikungunya,2025,12,0.0158,-4.1312,baixo,positividade=1.0; tendencia_pos=0.0; risco=0.13,Manter rotina de vigilância laboratorial.,sklearn_gb_v1,sklearn_v1
COLORADO DO OESTE,chikungunya,2025,8,0.0158,-4.1312,baixo,positividade=1.0; tendencia_pos=0.0; risco=0.0,Manter rotina de vigilância laboratorial.,sklearn_gb_v1,sklearn_v1
NOVA BRASILANDIA D''OESTE,chikungunya,2025,18,0.0158,-4.1312,baixo,positividade=1.0; tendencia_pos=0.0; risco=0.13,Manter rotina de vigilância laboratorial.,sklearn_gb_v1,sklearn_v1
ARARAQUARA,chikungunya,2025,13,0.0158,-4.1312,baixo,positividade=1.0; tendencia_pos=0.0; risco=0.0,Manter rotina de vigilância laboratorial.,sklearn_gb_v1,sklearn_v1
COLIDER,sars_cov_2,2025,32,0.0158,-4.1334,baixo,positividade=0.0; tendencia_pos=0.0; risco=0.0,Manter rotina de vigilância laboratorial.,sklearn_gb_v1,sklearn_v1
COLINAS,dengue,2025,19,0.0158,-4.1312,baixo,positividade=1.0; tendencia_pos=0.0; risco=0.0,Manter rotina de vigilância laboratorial.,sklearn_gb_v1,sklearn_v1
TERRA BOA,dengue,2025,27,0.0158,-4.1312,baixo,positividade=1.0; tendencia_pos=0.0; risco=0.0,Manter rotina de vigilância laboratorial.,sklearn_gb_v1,sklearn_v1
LOANDA,hepatite_b_hbv,2024,35,0.0158,-4.1312,baixo,positividade=1.0; tendencia_pos=0.0; risco=0.0,Manter rotina de vigilância laboratorial.,sklearn_gb_v1,sklearn_v1
LAMBARI D''OESTE,hepatite_b_hbv,2024,30,0.0158,-4.1312,baixo,positividade=1.0; tendencia_pos=0.0; risco=0.13,Manter rotina de vigilância laboratorial.,sklearn_gb_v1,sklearn_v1
ROLIM DE MOURA,dengue,2025,26,0.0158,-4.1334,baixo,positividade=0.0; tendencia_pos=0.0; risco=0.0,Manter rotina de vigilância laboratorial.,sklearn_gb_v1,sklearn_v1
RONDA ALTA,dengue,2025,26,0.0158,-4.1312,baixo,positividade=1.0; tendencia_pos=0.0; risco=0.0,Manter rotina de vigilância laboratorial.,sklearn_gb_v1,sklearn_v1
RIO MARIA,chikungunya,2024,21,0.0158,-4.1312,baixo,positividade=1.0; tendencia_pos=0.0; risco=0.0,Manter rotina de vigilância laboratorial.,sklearn_gb_v1,sklearn_v1
IPAMERI,dengue,2024,22,0.0158,-4.1312,baixo,positividade=1.0; tendencia_pos=0.0; risco=0.0,Manter rotina de vigilância laboratorial.,sklearn_gb_v1,sklearn_v1
SANTO AUGUSTO,chikungunya,2025,24,0.0158,-4.1312,baixo,positividade=1.0; tendencia_pos=0.0; risco=0.0,Manter rotina de vigilância laboratorial.,sklearn_gb_v1,sklearn_v1
ITAI,dengue,2025,23,0.0158,-4.1312,baixo,positividade=1.0; tendencia_pos=0.0; risco=0.0,Manter rotina de vigilância laboratorial.,sklearn_gb_v1,sklearn_v1
OURILANDIA DO NORTE,tuberculose_cultura,2024,34,0.0158,-4.1312,baixo,positividade=1.0; tendencia_pos=0.0; risco=0.13,Manter rotina de vigilância laboratorial.,sklearn_gb_v1,sklearn_v1
TERRA RICA,chikungunya,2024,52,0.0158,-4.1312,baixo,positividade=1.0; tendencia_pos=0.0; risco=0.0,Manter rotina de vigilância laboratorial.,sklearn_gb_v1,sklearn_v1
TAQUARITINGA,tuberculose_lf_lam,2025,44,0.0158,-4.1312,baixo,positividade=1.0; tendencia_pos=0.0; risco=0.0,Manter rotina de vigilância laboratorial.,sklearn_gb_v1,sklearn_v1
TELEMACO BORBA,chikungunya,2025,34,0.0158,-4.1312,baixo,positividade=1.0; tendencia_pos=0.0; risco=0.0,Manter rotina de vigilância laboratorial.,sklearn_gb_v1,sklearn_v1
BOM JESUS DO TOCANTINS,chikungunya,2024,28,0.0158,-4.1312,baixo,positividade=1.0; tendencia_pos=0.0; risco=0.0,Manter rotina de vigilância laboratorial.,sklearn_gb_v1,sklearn_v1
JENIPAPO DOS VIEIRAS,chikungunya,2025,30,0.0158,-4.1312,baixo,positividade=1.0; tendencia_pos=0.0; risco=0.0,Manter rotina de vigilância laboratorial.,sklearn_gb_v1,sklearn_v1
JARU,hepatite_b_hbv,2024,43,0.0158,-4.1312,baixo,positividade=1.0; tendencia_pos=0.0; risco=0.0,Manter rotina de vigilância laboratorial.,sklearn_gb_v1,sklearn_v1
CANUTAMA,dengue,2025,5,0.0158,-4.1312,baixo,positividade=1.0; tendencia_pos=0.0; risco=0.0,Manter rotina de vigilância laboratorial.,sklearn_gb_v1,sklearn_v1
GUARANTA DO NORTE,toxoplasmose_igm,2025,32,0.0158,-4.1334,baixo,positividade=0.0; tendencia_pos=0.0; risco=0.0,Manter rotina de vigilância laboratorial.,sklearn_gb_v1,sklearn_v1
CAROLINA,chikungunya,2025,28,0.0158,-4.1312,baixo,positividade=1.0; tendencia_pos=0.0; risco=0.0,Manter rotina de vigilância laboratorial.,sklearn_gb_v1,sklearn_v1
CAPIXABA,chikungunya,2025,20,0.0158,-4.1312,baixo,positividade=1.0; tendencia_pos=0.0; risco=0.0,Manter rotina de vigilância laboratorial.,sklearn_gb_v1,sklearn_v1
CAPIXABA,dengue,2025,20,0.0158,-4.1312,baixo,positividade=1.0; tendencia_pos=0.0; risco=0.0,Manter rotina de vigilância laboratorial.,sklearn_gb_v1,sklearn_v1
PAO DE ACUCAR,chikungunya,2025,18,0.0158,-4.1312,baixo,positividade=1.0; tendencia_pos=0.0; risco=0.13,Manter rotina de vigilância laboratorial.,sklearn_gb_v1,sklearn_v1
SANTO ANTONIO DO LEVERGER,baciloscopia,2026,11,0.0158,-4.1312,baixo,positividade=1.0; tendencia_pos=0.0; risco=0.08,Manter rotina de vigilância laboratorial.,sklearn_gb_v1,sklearn_v1
SANTA HELENA DE GOIAS,dengue,2025,20,0.0158,-4.1312,baixo,positividade=1.0; tendencia_pos=0.0; risco=0.13,Manter rotina de vigilância laboratorial.,sklearn_gb_v1,sklearn_v1
PONTA PORA,dengue,2025,24,0.0158,-4.1334,baixo,positividade=0.0; tendencia_pos=0.0; risco=0.0,Manter rotina de vigilância laboratorial.,sklearn_gb_v1,sklearn_v1
PONTA PORA,hepatite_b_hbv,2025,11,0.0158,-4.1312,baixo,positividade=1.0; tendencia_pos=0.0; risco=0.0,Manter rotina de vigilância laboratorial.,sklearn_gb_v1,sklearn_v1
PONTA PORA,zika,2025,24,0.0158,-4.1334,baixo,positividade=0.0; tendencia_pos=0.0; risco=0.0,Manter rotina de vigilância laboratorial.,sklearn_gb_v1,sklearn_v1
CONCEICAO DO ARAGUAIA,chikungunya,2025,14,0.0158,-4.1312,baixo,positividade=1.0; tendencia_pos=0.0; risco=0.13,Manter rotina de vigilância laboratorial.,sklearn_gb_v1,sklearn_v1
CONCEICAO DO JACUIPE,virus_respiratorios,2025,35,0.0158,-4.1312,baixo,positividade=1.0; tendencia_pos=0.0; risco=0.0,Manter rotina de vigilância laboratorial.,sklearn_gb_v1,sklearn_v1
CONCEICAO DO LAGO-ACU,chikungunya,2025,20,0.0158,-4.1312,baixo,positividade=1.0; tendencia_pos=0.0; risco=0.0,Manter rotina de vigilância laboratorial.,sklearn_gb_v1,sklearn_v1
CONCORDIA,chikungunya,2025,21,0.0158,-4.1312,baixo,positividade=1.0; tendencia_pos=0.0; risco=0.13,Manter rotina de vigilância laboratorial.,sklearn_gb_v1,sklearn_v1
TEOTONIO VILELA,chikungunya,2025,8,0.0158,-4.1312,baixo,positividade=1.0; tendencia_pos=0.0; risco=0.0,Manter rotina de vigilância laboratorial.,sklearn_gb_v1,sklearn_v1
TERESINA,chikungunya,2025,6,0.0158,-4.1312,baixo,positividade=1.0; tendencia_pos=0.0; risco=0.14,Manter rotina de vigilância laboratorial.,sklearn_gb_v1,sklearn_v1
TIMBO GRANDE,tuberculose_lf_lam,2024,48,0.0158,-4.1312,baixo,positividade=1.0; tendencia_pos=0.0; risco=0.0,Manter rotina de vigilância laboratorial.,sklearn_gb_v1,sklearn_v1
TIMON,chikungunya,2024,24,0.0158,-4.1312,baixo,positividade=1.0; tendencia_pos=0.0; risco=0.0,Manter rotina de vigilância laboratorial.,sklearn_gb_v1,sklearn_v1
RIO BRANCO,zika,2025,29,0.0158,-4.1334,baixo,positividade=0.0; tendencia_pos=0.0; risco=0.01,Manter rotina de vigilância laboratorial.,sklearn_gb_v1,sklearn_v1
FATIMA DO SUL,baciloscopia,2024,43,0.0158,-4.1312,baixo,positividade=1.0; tendencia_pos=0.0; risco=0.0,Manter rotina de vigilância laboratorial.,sklearn_gb_v1,sklearn_v1
ESPIGAO D''OESTE,chikungunya,2025,14,0.0158,-4.1312,baixo,positividade=1.0; tendencia_pos=0.0; risco=0.13,Manter rotina de vigilância laboratorial.,sklearn_gb_v1,sklearn_v1
ESTREITO,baciloscopia,2025,33,0.0158,-4.1312,baixo,positividade=1.0; tendencia_pos=0.0; risco=0.0,Manter rotina de vigilância laboratorial.,sklearn_gb_v1,sklearn_v1
NOVA AURORA,dengue,2024,23,0.0158,-4.1312,baixo,positividade=1.0; tendencia_pos=0.0; risco=0.0,Manter rotina de vigilância laboratorial.,sklearn_gb_v1,sklearn_v1
LINS,chikungunya,2025,12,0.0158,-4.1312,baixo,positividade=1.0; tendencia_pos=0.0; risco=0.0,Manter rotina de vigilância laboratorial.,sklearn_gb_v1,sklearn_v1
ITAITUBA,zika,2025,32,0.0158,-4.1334,baixo,positividade=0.0; tendencia_pos=0.0; risco=0.0,Manter rotina de vigilância laboratorial.,sklearn_gb_v1,sklearn_v1
ITANHANGA,dengue,2025,25,0.0158,-4.1334,baixo,positividade=0.0; tendencia_pos=0.0; risco=0.0,Manter rotina de vigilância laboratorial.,sklearn_gb_v1,sklearn_v1
OLINDA,baciloscopia,2024,31,0.0158,-4.1312,baixo,positividade=1.0; tendencia_pos=0.0; risco=0.0,Manter rotina de vigilância laboratorial.,sklearn_gb_v1,sklearn_v1
BRASILIA,zika,2025,34,0.0158,-4.1334,baixo,positividade=0.0; tendencia_pos=0.0; risco=0.0,Manter rotina de vigilância laboratorial.,sklearn_gb_v1,sklearn_v1
GUARUJA DO SUL,chikungunya,2025,9,0.0158,-4.1312,baixo,positividade=1.0; tendencia_pos=0.0; risco=0.0,Manter rotina de vigilância laboratorial.,sklearn_gb_v1,sklearn_v1
SANTA MERCEDES,chikungunya,2025,17,0.0158,-4.1312,baixo,positividade=1.0; tendencia_pos=0.0; risco=0.0,Manter rotina de vigilância laboratorial.,sklearn_gb_v1,sklearn_v1
SANTA QUITERIA DO MARANHAO,chikungunya,2025,21,0.0158,-4.1312,baixo,positividade=1.0; tendencia_pos=0.0; risco=0.13,Manter rotina de vigilância laboratorial.,sklearn_gb_v1,sklearn_v1
SERINGUEIRAS,chikungunya,2025,5,0.0158,-4.1312,baixo,positividade=1.0; tendencia_pos=0.0; risco=0.0,Manter rotina de vigilância laboratorial.,sklearn_gb_v1,sklearn_v1
SERRA,hepatite_c_hcv,2025,2,0.0158,-4.1312,baixo,positividade=1.0; tendencia_pos=0.0; risco=0.13,Manter rotina de vigilância laboratorial.,sklearn_gb_v1,sklearn_v1
SERRA NEGRA DO NORTE,baciloscopia,2025,29,0.0158,-4.1312,baixo,positividade=1.0; tendencia_pos=0.0; risco=0.0,Manter rotina de vigilância laboratorial.,sklearn_gb_v1,sklearn_v1
JAU,chikungunya,2025,8,0.0158,-4.1312,baixo,positividade=1.0; tendencia_pos=0.0; risco=0.0,Manter rotina de vigilância laboratorial.,sklearn_gb_v1,sklearn_v1
ACORIZAL,zika,2025,33,0.0158,-4.1334,baixo,positividade=0.0; tendencia_pos=0.0; risco=0.04,Manter rotina de vigilância laboratorial.,sklearn_gb_v1,sklearn_v1
BELO ORIENTE,chikungunya,2025,6,0.0158,-4.1312,baixo,positividade=1.0; tendencia_pos=0.0; risco=0.0,Manter rotina de vigilância laboratorial.,sklearn_gb_v1,sklearn_v1
ENTRE-IJUIS,chikungunya,2024,21,0.0158,-4.1312,baixo,positividade=1.0; tendencia_pos=0.0; risco=0.0,Manter rotina de vigilância laboratorial.,sklearn_gb_v1,sklearn_v1
PONTES E LACERDA,rifampicina,2025,34,0.0158,-4.1334,baixo,positividade=0.0; tendencia_pos=0.0; risco=0.1,Manter rotina de vigilância laboratorial.,sklearn_gb_v1,sklearn_v1
TOLEDO,tuberculose_cultura,2025,19,0.0158,-4.1312,baixo,positividade=1.0; tendencia_pos=0.0; risco=0.0,Manter rotina de vigilância laboratorial.,sklearn_gb_v1,sklearn_v1
TOME-ACU,chikungunya,2024,21,0.0158,-4.1312,baixo,positividade=1.0; tendencia_pos=0.0; risco=0.13,Manter rotina de vigilância laboratorial.,sklearn_gb_v1,sklearn_v1
TRACUATEUA,chikungunya,2025,16,0.0158,-4.1312,baixo,positividade=1.0; tendencia_pos=0.0; risco=0.0,Manter rotina de vigilância laboratorial.,sklearn_gb_v1,sklearn_v1
ARACAJU,chikungunya,2025,7,0.0158,-4.1312,baixo,positividade=1.0; tendencia_pos=0.0; risco=0.0,Manter rotina de vigilância laboratorial.,sklearn_gb_v1,sklearn_v1
ARACATUBA,chikungunya,2025,7,0.0158,-4.1312,baixo,positividade=1.0; tendencia_pos=0.0; risco=0.0,Manter rotina de vigilância laboratorial.,sklearn_gb_v1,sklearn_v1
APARECIDA DE GOIANIA,hepatite_b_hbv,2025,4,0.0158,-4.1312,baixo,positividade=1.0; tendencia_pos=0.0; risco=0.0,Manter rotina de vigilância laboratorial.,sklearn_gb_v1,sklearn_v1
ARAGUAINA,chikungunya,2025,6,0.0158,-4.1312,baixo,positividade=1.0; tendencia_pos=0.0; risco=0.0,Manter rotina de vigilância laboratorial.,sklearn_gb_v1,sklearn_v1
ELDORADO,chikungunya,2025,2,0.0158,-4.1312,baixo,positividade=1.0; tendencia_pos=0.0; risco=0.0,Manter rotina de vigilância laboratorial.,sklearn_gb_v1,sklearn_v1
ELDORADO DO SUL,chikungunya,2025,9,0.0158,-4.1312,baixo,positividade=1.0; tendencia_pos=0.0; risco=0.0,Manter rotina de vigilância laboratorial.,sklearn_gb_v1,sklearn_v1
CONQUISTA D''OESTE,bacterias_teste_de_sensibilidade,2024,33,0.0158,-4.1312,baixo,positividade=1.0; tendencia_pos=0.0; risco=0.0,Manter rotina de vigilância laboratorial.,sklearn_gb_v1,sklearn_v1
NOVO MUNDO,zika,2025,29,0.0158,-4.1334,baixo,positividade=0.0; tendencia_pos=0.0; risco=0.01,Manter rotina de vigilância laboratorial.,sklearn_gb_v1,sklearn_v1
NOVO PROGRESSO,influenza_a,2025,18,0.0158,-4.1334,baixo,positividade=0.0; tendencia_pos=0.0; risco=0.0,Manter rotina de vigilância laboratorial.,sklearn_gb_v1,sklearn_v1
CAMPO ALEGRE,chikungunya,2025,11,0.0158,-4.1312,baixo,positividade=1.0; tendencia_pos=0.0; risco=0.0,Manter rotina de vigilância laboratorial.,sklearn_gb_v1,sklearn_v1
SAO JOSE DE RIBAMAR,dengue,2025,26,0.0158,-4.1334,baixo,positividade=0.0; tendencia_pos=0.0; risco=0.0,Manter rotina de vigilância laboratorial.,sklearn_gb_v1,sklearn_v1
ITAITUBA,tuberculose_lf_lam,2024,48,0.0158,-4.1312,baixo,positividade=1.0; tendencia_pos=0.0; risco=0.0,Manter rotina de vigilância laboratorial.,sklearn_gb_v1,sklearn_v1
TRES LAGOAS,baciloscopia,2024,40,0.0158,-4.1312,baixo,positividade=1.0; tendencia_pos=0.0; risco=0.0,Manter rotina de vigilância laboratorial.,sklearn_gb_v1,sklearn_v1
SANTANA,chikungunya,2024,35,0.0158,-4.1312,baixo,positividade=1.0; tendencia_pos=0.0; risco=0.0,Manter rotina de vigilância laboratorial.,sklearn_gb_v1,sklearn_v1
HUMAITA,dengue,2025,19,0.0158,-4.1312,baixo,positividade=1.0; tendencia_pos=0.0; risco=0.13,Manter rotina de vigilância laboratorial.,sklearn_gb_v1,sklearn_v1
SAUDADES,chikungunya,2025,25,0.0158,-4.1312,baixo,positividade=1.0; tendencia_pos=0.0; risco=0.0,Manter rotina de vigilância laboratorial.,sklearn_gb_v1,sklearn_v1
BRASILIA,chagas_igg,2024,25,0.0158,-4.1312,baixo,positividade=1.0; tendencia_pos=0.0; risco=0.0,Manter rotina de vigilância laboratorial.,sklearn_gb_v1,sklearn_v1
JAPURA,chikungunya,2024,21,0.0158,-4.1312,baixo,positividade=1.0; tendencia_pos=0.0; risco=0.0,Manter rotina de vigilância laboratorial.,sklearn_gb_v1,sklearn_v1
JARDIM,chikungunya,2025,8,0.0158,-4.1312,baixo,positividade=1.0; tendencia_pos=0.0; risco=0.13,Manter rotina de vigilância laboratorial.,sklearn_gb_v1,sklearn_v1
NOVA OLIMPIA,dengue,2026,13,0.0158,-4.1334,baixo,positividade=0.0; tendencia_pos=0.0; risco=0.0,Manter rotina de vigilância laboratorial.,sklearn_gb_v1,sklearn_v1
CARAPICUIBA,dengue,2025,5,0.0158,-4.1312,baixo,positividade=1.0; tendencia_pos=0.0; risco=0.0,Manter rotina de vigilância laboratorial.,sklearn_gb_v1,sklearn_v1
SERTANIA,chikungunya,2025,20,0.0158,-4.1312,baixo,positividade=1.0; tendencia_pos=0.0; risco=0.0,Manter rotina de vigilância laboratorial.,sklearn_gb_v1,sklearn_v1
BOMBINHAS,hepatite_b_hbv,2024,41,0.0158,-4.1312,baixo,positividade=1.0; tendencia_pos=0.0; risco=0.0,Manter rotina de vigilância laboratorial.,sklearn_gb_v1,sklearn_v1
SIDROLANDIA,chikungunya,2025,15,0.0158,-4.1312,baixo,positividade=1.0; tendencia_pos=0.0; risco=0.13,Manter rotina de vigilância laboratorial.,sklearn_gb_v1,sklearn_v1
BRASILIA,dengue,2025,34,0.0158,-4.1334,baixo,positividade=0.0; tendencia_pos=0.0; risco=0.0,Manter rotina de vigilância laboratorial.,sklearn_gb_v1,sklearn_v1
AGUA CLARA,chikungunya,2024,29,0.0158,-4.1312,baixo,positividade=1.0; tendencia_pos=0.0; risco=0.0,Manter rotina de vigilância laboratorial.,sklearn_gb_v1,sklearn_v1
DOM ELISEU,dengue,2024,28,0.0158,-4.1312,baixo,positividade=1.0; tendencia_pos=0.0; risco=0.0,Manter rotina de vigilância laboratorial.,sklearn_gb_v1,sklearn_v1
TUCURUI,hepatite_b_hbv,2024,25,0.0158,-4.1312,baixo,positividade=1.0; tendencia_pos=0.0; risco=0.0,Manter rotina de vigilância laboratorial.,sklearn_gb_v1,sklearn_v1
TUFILANDIA,chikungunya,2025,24,0.0158,-4.1312,baixo,positividade=1.0; tendencia_pos=0.0; risco=0.14,Manter rotina de vigilância laboratorial.,sklearn_gb_v1,sklearn_v1
NORTELANDIA,zika,2025,6,0.0158,-4.1334,baixo,positividade=0.0; tendencia_pos=0.0; risco=0.0,Manter rotina de vigilância laboratorial.,sklearn_gb_v1,sklearn_v1
NOSSA SENHORA DO LIVRAMENTO,influenza_b,2025,35,0.0158,-4.1334,baixo,positividade=0.0; tendencia_pos=0.0; risco=0.11,Manter rotina de vigilância laboratorial.,sklearn_gb_v1,sklearn_v1
MACAUBAS,sars_cov_2,2025,8,0.0158,-4.1312,baixo,positividade=1.0; tendencia_pos=0.0; risco=0.13,Manter rotina de vigilância laboratorial.,sklearn_gb_v1,sklearn_v1
MAIRI,chikungunya,2025,20,0.0158,-4.1312,baixo,positividade=1.0; tendencia_pos=0.0; risco=0.0,Manter rotina de vigilância laboratorial.,sklearn_gb_v1,sklearn_v1
ORLEANS,chikungunya,2025,26,0.0158,-4.1312,baixo,positividade=1.0; tendencia_pos=0.0; risco=0.0,Manter rotina de vigilância laboratorial.,sklearn_gb_v1,sklearn_v1
SAO FRANCISCO DO MARANHAO,chikungunya,2025,19,0.0158,-4.1312,baixo,positividade=1.0; tendencia_pos=0.0; risco=0.13,Manter rotina de vigilância laboratorial.,sklearn_gb_v1,sklearn_v1
CAPANEMA,hepatite_b_hbv,2026,13,0.0158,-4.1312,baixo,positividade=1.0; tendencia_pos=0.0; risco=0.0,Manter rotina de vigilância laboratorial.,sklearn_gb_v1,sklearn_v1
BREU BRANCO,chikungunya,2025,23,0.0158,-4.1312,baixo,positividade=1.0; tendencia_pos=0.0; risco=0.0,Manter rotina de vigilância laboratorial.,sklearn_gb_v1,sklearn_v1
JANGADA,influenza_a,2025,26,0.0158,-4.1334,baixo,positividade=0.0; tendencia_pos=0.0; risco=0.06,Manter rotina de vigilância laboratorial.,sklearn_gb_v1,sklearn_v1
JANGADA,influenza_b,2025,26,0.0158,-4.1334,baixo,positividade=0.0; tendencia_pos=0.0; risco=0.06,Manter rotina de vigilância laboratorial.,sklearn_gb_v1,sklearn_v1
NOVA OLIMPIA,zika,2026,13,0.0158,-4.1334,baixo,positividade=0.0; tendencia_pos=0.0; risco=0.0,Manter rotina de vigilância laboratorial.,sklearn_gb_v1,sklearn_v1
NOVA PRATA,dengue,2025,5,0.0158,-4.1312,baixo,positividade=1.0; tendencia_pos=0.0; risco=0.0,Manter rotina de vigilância laboratorial.,sklearn_gb_v1,sklearn_v1
NOVA NAZARE,influenza_a,2025,27,0.0158,-4.1334,baixo,positividade=0.0; tendencia_pos=0.0; risco=0.12,Manter rotina de vigilância laboratorial.,sklearn_gb_v1,sklearn_v1
NOVA NAZARE,influenza_b,2025,27,0.0158,-4.1334,baixo,positividade=0.0; tendencia_pos=0.0; risco=0.12,Manter rotina de vigilância laboratorial.,sklearn_gb_v1,sklearn_v1
SARANDI,chikungunya,2025,6,0.0158,-4.1312,baixo,positividade=1.0; tendencia_pos=0.0; risco=0.14,Manter rotina de vigilância laboratorial.,sklearn_gb_v1,sklearn_v1
SAO GABRIEL DO OESTE,chikungunya,2025,24,0.0158,-4.1312,baixo,positividade=1.0; tendencia_pos=0.0; risco=0.13,Manter rotina de vigilância laboratorial.,sklearn_gb_v1,sklearn_v1
NOVO PROGRESSO,influenza_b,2025,18,0.0158,-4.1334,baixo,positividade=0.0; tendencia_pos=0.0; risco=0.0,Manter rotina de vigilância laboratorial.,sklearn_gb_v1,sklearn_v1
NOVO PROGRESSO,tuberculose,2025,9,0.0158,-4.1312,baixo,positividade=1.0; tendencia_pos=0.0; risco=0.0,Manter rotina de vigilância laboratorial.,sklearn_gb_v1,sklearn_v1
CAMPO GRANDE,dengue,2025,23,0.0158,-4.1334,baixo,positividade=0.0; tendencia_pos=0.0; risco=0.0,Manter rotina de vigilância laboratorial.,sklearn_gb_v1,sklearn_v1
DENISE,zika,2025,28,0.0158,-4.1334,baixo,positividade=0.0; tendencia_pos=0.0; risco=0.0,Manter rotina de vigilância laboratorial.,sklearn_gb_v1,sklearn_v1
CUNHA,dengue,2024,23,0.0158,-4.1312,baixo,positividade=1.0; tendencia_pos=0.0; risco=0.0,Manter rotina de vigilância laboratorial.,sklearn_gb_v1,sklearn_v1
LUIZIANIA,sarampo_igg,2025,14,0.0158,-4.1312,baixo,positividade=1.0; tendencia_pos=0.0; risco=0.0,Manter rotina de vigilância laboratorial.,sklearn_gb_v1,sklearn_v1
QUIXERAMOBIM,chikungunya,2025,20,0.0158,-4.1312,baixo,positividade=1.0; tendencia_pos=0.0; risco=0.0,Manter rotina de vigilância laboratorial.,sklearn_gb_v1,sklearn_v1
ACAILANDIA,chikungunya,2025,27,0.0158,-4.1312,baixo,positividade=1.0; tendencia_pos=0.0; risco=0.13,Manter rotina de vigilância laboratorial.,sklearn_gb_v1,sklearn_v1
RECIFE,sifilis,2024,48,0.0158,-4.1312,baixo,positividade=1.0; tendencia_pos=0.0; risco=0.0,Manter rotina de vigilância laboratorial.,sklearn_gb_v1,sklearn_v1
UNIAO DO SUL,zika,2025,17,0.0158,-4.1334,baixo,positividade=0.0; tendencia_pos=0.0; risco=0.0,Manter rotina de vigilância laboratorial.,sklearn_gb_v1,sklearn_v1
MANAUS,hepatite_b_hbv,2025,30,0.0158,-4.1312,baixo,positividade=1.0; tendencia_pos=0.0; risco=0.0,Manter rotina de vigilância laboratorial.,sklearn_gb_v1,sklearn_v1
NAVIRAI,dengue,2025,19,0.0158,-4.1312,baixo,positividade=1.0; tendencia_pos=0.0; risco=0.13,Manter rotina de vigilância laboratorial.,sklearn_gb_v1,sklearn_v1
TUNTUM,dengue,2025,24,0.0158,-4.1312,baixo,positividade=1.0; tendencia_pos=0.0; risco=0.13,Manter rotina de vigilância laboratorial.,sklearn_gb_v1,sklearn_v1
CORACAO DE JESUS,chikungunya,2025,6,0.0158,-4.1312,baixo,positividade=1.0; tendencia_pos=0.0; risco=0.0,Manter rotina de vigilância laboratorial.,sklearn_gb_v1,sklearn_v1
DOURADOS,dengue,2025,24,0.0158,-4.1334,baixo,positividade=0.0; tendencia_pos=0.0; risco=0.0,Manter rotina de vigilância laboratorial.,sklearn_gb_v1,sklearn_v1
DOURADOS,zika,2025,23,0.0158,-4.1334,baixo,positividade=0.0; tendencia_pos=0.0; risco=0.0,Manter rotina de vigilância laboratorial.,sklearn_gb_v1,sklearn_v1
MONTES CLAROS,chikungunya,2025,18,0.0158,-4.1312,baixo,positividade=1.0; tendencia_pos=0.0; risco=0.14,Manter rotina de vigilância laboratorial.,sklearn_gb_v1,sklearn_v1
MONTES CLAROS,citomegalovirus_igg,2025,5,0.0158,-4.1312,baixo,positividade=1.0; tendencia_pos=0.0; risco=0.0,Manter rotina de vigilância laboratorial.,sklearn_gb_v1,sklearn_v1
DIAMANTINO,sars_cov_2,2025,45,0.0158,-4.1289,baixo,positividade=0.0; tendencia_pos=-0.062; risco=0.0,Manter rotina de vigilância laboratorial.,sklearn_gb_v1,sklearn_v1
DIAMANTINO,zika,2025,32,0.0158,-4.1334,baixo,positividade=0.0; tendencia_pos=0.0; risco=0.0,Manter rotina de vigilância laboratorial.,sklearn_gb_v1,sklearn_v1
DIONISIO CERQUEIRA,dengue,2024,24,0.0158,-4.1312,baixo,positividade=1.0; tendencia_pos=0.0; risco=0.13,Manter rotina de vigilância laboratorial.,sklearn_gb_v1,sklearn_v1
INDAIAL,parvovirus_b19_igg,2025,13,0.0158,-4.1312,baixo,positividade=1.0; tendencia_pos=0.0; risco=0.0,Manter rotina de vigilância laboratorial.,sklearn_gb_v1,sklearn_v1
INDAIAL,sarampo_igg,2025,13,0.0158,-4.1312,baixo,positividade=1.0; tendencia_pos=0.0; risco=0.0,Manter rotina de vigilância laboratorial.,sklearn_gb_v1,sklearn_v1
AGUA BOA,hepatite_c_hcv,2025,30,0.0158,-4.1334,baixo,positividade=0.0; tendencia_pos=0.0; risco=0.0,Manter rotina de vigilância laboratorial.,sklearn_gb_v1,sklearn_v1
SAO ROBERTO,chikungunya,2025,19,0.0158,-4.1312,baixo,positividade=1.0; tendencia_pos=0.0; risco=0.0,Manter rotina de vigilância laboratorial.,sklearn_gb_v1,sklearn_v1
CABECEIRAS DO PIAUI,dengue,2025,11,0.0158,-4.1312,baixo,positividade=1.0; tendencia_pos=0.0; risco=0.0,Manter rotina de vigilância laboratorial.,sklearn_gb_v1,sklearn_v1
CABEDELO,hepatite_b_hbv,2024,34,0.0158,-4.1312,baixo,positividade=1.0; tendencia_pos=0.0; risco=0.0,Manter rotina de vigilância laboratorial.,sklearn_gb_v1,sklearn_v1
BURITI,dengue,2025,14,0.0158,-4.1312,baixo,positividade=1.0; tendencia_pos=0.0; risco=0.0,Manter rotina de vigilância laboratorial.,sklearn_gb_v1,sklearn_v1
SAO PEDRO,dengue,2025,14,0.0158,-4.1312,baixo,positividade=1.0; tendencia_pos=0.0; risco=0.0,Manter rotina de vigilância laboratorial.,sklearn_gb_v1,sklearn_v1
BURITICUPU,chikungunya,2025,23,0.0158,-4.1312,baixo,positividade=1.0; tendencia_pos=0.0; risco=0.0,Manter rotina de vigilância laboratorial.,sklearn_gb_v1,sklearn_v1
IGUATEMI,dengue,2025,11,0.0158,-4.1312,baixo,positividade=1.0; tendencia_pos=0.0; risco=0.0,Manter rotina de vigilância laboratorial.,sklearn_gb_v1,sklearn_v1
IMBITUBA,chikungunya,2025,31,0.0158,-4.1312,baixo,positividade=1.0; tendencia_pos=0.0; risco=0.0,Manter rotina de vigilância laboratorial.,sklearn_gb_v1,sklearn_v1
PORTO AMAZONAS,dengue,2024,21,0.0158,-4.1312,baixo,positividade=1.0; tendencia_pos=0.0; risco=0.0,Manter rotina de vigilância laboratorial.,sklearn_gb_v1,sklearn_v1
PORTO CALVO,chikungunya,2025,23,0.0158,-4.1312,baixo,positividade=1.0; tendencia_pos=0.0; risco=0.0,Manter rotina de vigilância laboratorial.,sklearn_gb_v1,sklearn_v1
PORTO DE PEDRAS,chikungunya,2025,17,0.0158,-4.1312,baixo,positividade=1.0; tendencia_pos=0.0; risco=0.0,Manter rotina de vigilância laboratorial.,sklearn_gb_v1,sklearn_v1
DIAMANTINO,dengue,2025,32,0.0158,-4.1334,baixo,positividade=0.0; tendencia_pos=0.0; risco=0.0,Manter rotina de vigilância laboratorial.,sklearn_gb_v1,sklearn_v1
MORPARA,chikungunya,2025,5,0.0158,-4.1312,baixo,positividade=1.0; tendencia_pos=0.0; risco=0.0,Manter rotina de vigilância laboratorial.,sklearn_gb_v1,sklearn_v1
MOSSORO,chikungunya,2025,29,0.0158,-4.1312,baixo,positividade=1.0; tendencia_pos=0.0; risco=0.0,Manter rotina de vigilância laboratorial.,sklearn_gb_v1,sklearn_v1
DOIS VIZINHOS,chikungunya,2025,32,0.0158,-4.1312,baixo,positividade=1.0; tendencia_pos=0.0; risco=0.0,Manter rotina de vigilância laboratorial.,sklearn_gb_v1,sklearn_v1
MARCELANDIA,influenza_a,2025,33,0.0158,-4.1334,baixo,positividade=0.0; tendencia_pos=0.0; risco=0.01,Manter rotina de vigilância laboratorial.,sklearn_gb_v1,sklearn_v1
MARCELANDIA,influenza_b,2025,33,0.0158,-4.1334,baixo,positividade=0.0; tendencia_pos=0.0; risco=0.01,Manter rotina de vigilância laboratorial.,sklearn_gb_v1,sklearn_v1
MONTE ALEGRE,chikungunya,2025,20,0.0158,-4.1312,baixo,positividade=1.0; tendencia_pos=0.0; risco=0.13,Manter rotina de vigilância laboratorial.,sklearn_gb_v1,sklearn_v1
VALE DO ANARI,chikungunya,2025,14,0.0158,-4.1312,baixo,positividade=1.0; tendencia_pos=0.0; risco=0.13,Manter rotina de vigilância laboratorial.,sklearn_gb_v1,sklearn_v1
ALTOS,chikungunya,2025,7,0.0158,-4.1312,baixo,positividade=1.0; tendencia_pos=0.0; risco=0.0,Manter rotina de vigilância laboratorial.,sklearn_gb_v1,sklearn_v1
MARACAJU,chikungunya,2025,11,0.0158,-4.1312,baixo,positividade=1.0; tendencia_pos=0.0; risco=0.14,Manter rotina de vigilância laboratorial.,sklearn_gb_v1,sklearn_v1
MARACANA,chikungunya,2025,14,0.0158,-4.1312,baixo,positividade=1.0; tendencia_pos=0.0; risco=0.0,Manter rotina de vigilância laboratorial.,sklearn_gb_v1,sklearn_v1
MARACAS,chikungunya,2025,22,0.0158,-4.1312,baixo,positividade=1.0; tendencia_pos=0.0; risco=0.0,Manter rotina de vigilância laboratorial.,sklearn_gb_v1,sklearn_v1
MARAGOGI,chikungunya,2025,19,0.0158,-4.1312,baixo,positividade=1.0; tendencia_pos=0.0; risco=0.0,Manter rotina de vigilância laboratorial.,sklearn_gb_v1,sklearn_v1
ALCINOPOLIS,chikungunya,2025,18,0.0158,-4.1312,baixo,positividade=1.0; tendencia_pos=0.0; risco=0.0,Manter rotina de vigilância laboratorial.,sklearn_gb_v1,sklearn_v1
CUIABA,leptospira,2026,5,0.0158,-4.1334,baixo,positividade=0.0; tendencia_pos=0.0; risco=0.0,Manter rotina de vigilância laboratorial.,sklearn_gb_v1,sklearn_v1
QUATRO PONTES,dengue,2025,23,0.0158,-4.1312,baixo,positividade=1.0; tendencia_pos=0.0; risco=0.0,Manter rotina de vigilância laboratorial.,sklearn_gb_v1,sklearn_v1
QUEBRANGULO,chikungunya,2025,4,0.0158,-4.1312,baixo,positividade=1.0; tendencia_pos=0.0; risco=0.0,Manter rotina de vigilância laboratorial.,sklearn_gb_v1,sklearn_v1
MATRIZ DE CAMARAGIBE,chikungunya,2025,22,0.0158,-4.1312,baixo,positividade=1.0; tendencia_pos=0.0; risco=0.0,Manter rotina de vigilância laboratorial.,sklearn_gb_v1,sklearn_v1
MIRASSOL D''OESTE,brucelose,2025,2,0.0158,-4.1312,baixo,positividade=1.0; tendencia_pos=0.0; risco=0.0,Manter rotina de vigilância laboratorial.,sklearn_gb_v1,sklearn_v1
ACORIZAL,dengue,2025,33,0.0158,-4.1334,baixo,positividade=0.0; tendencia_pos=0.0; risco=0.04,Manter rotina de vigilância laboratorial.,sklearn_gb_v1,sklearn_v1
XINGUARA,hepatite_b_hbv,2025,18,0.0158,-4.1312,baixo,positividade=1.0; tendencia_pos=0.0; risco=0.0,Manter rotina de vigilância laboratorial.,sklearn_gb_v1,sklearn_v1
PRESIDENTE FIGUEIREDO,chikungunya,2025,7,0.0158,-4.1312,baixo,positividade=1.0; tendencia_pos=0.0; risco=0.0,Manter rotina de vigilância laboratorial.,sklearn_gb_v1,sklearn_v1
CURUA,chikungunya,2025,7,0.0158,-4.1312,baixo,positividade=1.0; tendencia_pos=0.0; risco=0.0,Manter rotina de vigilância laboratorial.,sklearn_gb_v1,sklearn_v1
MATAO,chikungunya,2025,21,0.0158,-4.1312,baixo,positividade=1.0; tendencia_pos=0.0; risco=0.0,Manter rotina de vigilância laboratorial.,sklearn_gb_v1,sklearn_v1
VITORIA DO MEARIM,dengue,2024,24,0.0158,-4.1312,baixo,positividade=1.0; tendencia_pos=0.0; risco=0.13,Manter rotina de vigilância laboratorial.,sklearn_gb_v1,sklearn_v1
MATOES DO NORTE,chikungunya,2025,11,0.0158,-4.1312,baixo,positividade=1.0; tendencia_pos=0.0; risco=0.0,Manter rotina de vigilância laboratorial.,sklearn_gb_v1,sklearn_v1
ALTAMIRA,hepatite_b_hbv,2025,25,0.0158,-4.1312,baixo,positividade=1.0; tendencia_pos=0.0; risco=0.12,Manter rotina de vigilância laboratorial.,sklearn_gb_v1,sklearn_v1
VIDEIRA,chikungunya,2025,20,0.0158,-4.1312,baixo,positividade=1.0; tendencia_pos=0.0; risco=0.0,Manter rotina de vigilância laboratorial.,sklearn_gb_v1,sklearn_v1
CURITIBA,citomegalovirus_igg,2025,2,0.0158,-4.1312,baixo,positividade=1.0; tendencia_pos=0.0; risco=0.0,Manter rotina de vigilância laboratorial.,sklearn_gb_v1,sklearn_v1
CURVELANDIA,hepatite_b_hbv,2026,12,0.0158,-4.1312,baixo,positividade=1.0; tendencia_pos=0.0; risco=0.06,Manter rotina de vigilância laboratorial.,sklearn_gb_v1,sklearn_v1
PORTO VELHO,zika,2025,22,0.0158,-4.1334,baixo,positividade=0.0; tendencia_pos=0.0; risco=0.0,Manter rotina de vigilância laboratorial.,sklearn_gb_v1,sklearn_v1
POUSO ALEGRE,dengue,2025,17,0.0158,-4.1312,baixo,positividade=1.0; tendencia_pos=0.0; risco=0.0,Manter rotina de vigilância laboratorial.,sklearn_gb_v1,sklearn_v1
PRESIDENTE MEDICI,chikungunya,2025,9,0.0158,-4.1312,baixo,positividade=1.0; tendencia_pos=0.0; risco=0.13,Manter rotina de vigilância laboratorial.,sklearn_gb_v1,sklearn_v1
ALEGRETE DO PIAUI,chikungunya,2025,22,0.0158,-4.1312,baixo,positividade=1.0; tendencia_pos=0.0; risco=0.0,Manter rotina de vigilância laboratorial.,sklearn_gb_v1,sklearn_v1
PORTO LUCENA,dengue,2025,20,0.0158,-4.1312,baixo,positividade=1.0; tendencia_pos=0.0; risco=0.13,Manter rotina de vigilância laboratorial.,sklearn_gb_v1,sklearn_v1
MIRASSOL D''OESTE,brucelose_igg,2025,2,0.0158,-4.1312,baixo,positividade=1.0; tendencia_pos=0.0; risco=0.0,Manter rotina de vigilância laboratorial.,sklearn_gb_v1,sklearn_v1
MATIAS OLIMPIO,chikungunya,2025,8,0.0158,-4.1312,baixo,positividade=1.0; tendencia_pos=0.0; risco=0.0,Manter rotina de vigilância laboratorial.,sklearn_gb_v1,sklearn_v1
MARECHAL CANDIDO RONDON,chikungunya,2024,26,0.0158,-4.1312,baixo,positividade=1.0; tendencia_pos=0.0; risco=0.13,Manter rotina de vigilância laboratorial.,sklearn_gb_v1,sklearn_v1
SAO PEDRO DO IGUACU,dengue,2025,8,0.0158,-4.1312,baixo,positividade=1.0; tendencia_pos=0.0; risco=0.0,Manter rotina de vigilância laboratorial.,sklearn_gb_v1,sklearn_v1
VARZEA GRANDE,rubeola_igm,2025,34,0.0158,-4.1334,baixo,positividade=0.0; tendencia_pos=0.0; risco=0.0,Manter rotina de vigilância laboratorial.,sklearn_gb_v1,sklearn_v1
JANDIRA,chikungunya,2024,30,0.0158,-4.1312,baixo,positividade=1.0; tendencia_pos=0.0; risco=0.0,Manter rotina de vigilância laboratorial.,sklearn_gb_v1,sklearn_v1
SANTO ANTONIO DO LEVERGER,influenza_a,2025,30,0.0158,-4.1334,baixo,positividade=0.0; tendencia_pos=0.0; risco=0.08,Manter rotina de vigilância laboratorial.,sklearn_gb_v1,sklearn_v1
SANTO ANTONIO DO LEVERGER,influenza_b,2025,30,0.0158,-4.1334,baixo,positividade=0.0; tendencia_pos=0.0; risco=0.08,Manter rotina de vigilância laboratorial.,sklearn_gb_v1,sklearn_v1
PARAISO,chikungunya,2025,16,0.0158,-4.1312,baixo,positividade=1.0; tendencia_pos=0.0; risco=0.0,Manter rotina de vigilância laboratorial.,sklearn_gb_v1,sklearn_v1
INDAIAL,chikungunya,2025,5,0.0158,-4.1312,baixo,positividade=1.0; tendencia_pos=0.0; risco=0.0,Manter rotina de vigilância laboratorial.,sklearn_gb_v1,sklearn_v1
MIRASSOL D''OESTE,fungos,2025,11,0.0158,-4.1312,baixo,positividade=1.0; tendencia_pos=0.0; risco=0.13,Manter rotina de vigilância laboratorial.,sklearn_gb_v1,sklearn_v1
MIRASSOL D''OESTE,toxoplasmose_igg,2025,16,0.0158,-4.1312,baixo,positividade=1.0; tendencia_pos=0.0; risco=0.0,Manter rotina de vigilância laboratorial.,sklearn_gb_v1,sklearn_v1
VARZEA GRANDE,influenza_a,2026,19,0.0158,-4.1334,baixo,positividade=0.0; tendencia_pos=0.0; risco=0.0,Manter rotina de vigilância laboratorial.,sklearn_gb_v1,sklearn_v1
VARZEA GRANDE,influenza_b,2026,19,0.0158,-4.1334,baixo,positividade=0.0; tendencia_pos=0.0; risco=0.0,Manter rotina de vigilância laboratorial.,sklearn_gb_v1,sklearn_v1
CRUZEIRO,chikungunya,2025,22,0.0158,-4.1312,baixo,positividade=1.0; tendencia_pos=0.0; risco=0.0,Manter rotina de vigilância laboratorial.,sklearn_gb_v1,sklearn_v1
PRIMAVERA DO LESTE,tuberculose_lf_lam,2026,17,0.0158,-4.1312,baixo,positividade=1.0; tendencia_pos=0.0; risco=0.0,Manter rotina de vigilância laboratorial.,sklearn_gb_v1,sklearn_v1
PORTO ALEGRE DO NORTE,tuberculose_lf_lam,2026,2,0.0154,-4.1553,baixo,positividade=1.0; tendencia_pos=0.0; risco=0.22,Manter rotina de vigilância laboratorial.,sklearn_gb_v1,sklearn_v1
OURO PRETO DO OESTE,chikungunya,2025,23,0.0154,-4.1553,baixo,positividade=1.0; tendencia_pos=0.0; risco=0.35,Manter rotina de vigilância laboratorial.,sklearn_gb_v1,sklearn_v1
POXOREO,tuberculose_cultura,2025,25,0.0154,-4.1553,baixo,positividade=1.0; tendencia_pos=0.0; risco=0.45,Manter rotina de vigilância laboratorial.,sklearn_gb_v1,sklearn_v1
LARANJAL DO JARI,dengue,2025,26,0.0154,-4.1553,baixo,positividade=1.0; tendencia_pos=0.0; risco=0.28,Manter rotina de vigilância laboratorial.,sklearn_gb_v1,sklearn_v1
VIANA,chikungunya,2025,16,0.0154,-4.1553,baixo,positividade=1.0; tendencia_pos=0.0; risco=0.4,Manter rotina de vigilância laboratorial.,sklearn_gb_v1,sklearn_v1
COLNIZA,influenza_b,2025,33,0.0154,-4.1575,baixo,positividade=0.0; tendencia_pos=0.0; risco=0.16,Manter rotina de vigilância laboratorial.,sklearn_gb_v1,sklearn_v1
ITAIPAVA DO GRAJAU,dengue,2025,7,0.0154,-4.1553,baixo,positividade=1.0; tendencia_pos=0.0; risco=0.28,Manter rotina de vigilância laboratorial.,sklearn_gb_v1,sklearn_v1
POXOREO,hepatite_c_hcv,2025,7,0.0154,-4.1553,baixo,positividade=1.0; tendencia_pos=0.0; risco=0.28,Manter rotina de vigilância laboratorial.,sklearn_gb_v1,sklearn_v1
ITUMBIARA,sars_cov_2,2024,32,0.0154,-4.1553,baixo,positividade=1.0; tendencia_pos=0.0; risco=0.32,Manter rotina de vigilância laboratorial.,sklearn_gb_v1,sklearn_v1
CHUPINGUAIA,dengue,2025,23,0.0154,-4.1553,baixo,positividade=1.0; tendencia_pos=0.0; risco=0.28,Manter rotina de vigilância laboratorial.,sklearn_gb_v1,sklearn_v1
RUROPOLIS,dengue,2025,17,0.0154,-4.1553,baixo,positividade=1.0; tendencia_pos=0.0; risco=0.28,Manter rotina de vigilância laboratorial.,sklearn_gb_v1,sklearn_v1
SAO FELIX DO ARAGUAIA,dengue,2025,13,0.0154,-4.1575,baixo,positividade=0.0; tendencia_pos=0.0; risco=0.16,Manter rotina de vigilância laboratorial.,sklearn_gb_v1,sklearn_v1
ALTA FLORESTA,rifampicina,2025,31,0.0154,-4.1575,baixo,positividade=0.0; tendencia_pos=0.0; risco=0.2,Manter rotina de vigilância laboratorial.,sklearn_gb_v1,sklearn_v1
BARRA DO BUGRES,tuberculose_lf_lam,2026,15,0.0154,-4.1553,baixo,positividade=1.0; tendencia_pos=0.0; risco=0.14,Manter rotina de vigilância laboratorial.,sklearn_gb_v1,sklearn_v1
SAO PAULO,sars_cov_2,2024,34,0.0154,-4.1553,baixo,positividade=1.0; tendencia_pos=0.0; risco=0.42,Manter rotina de vigilância laboratorial.,sklearn_gb_v1,sklearn_v1
VOTUPORANGA,dengue,2025,23,0.0154,-4.1553,baixo,positividade=1.0; tendencia_pos=0.0; risco=0.28,Manter rotina de vigilância laboratorial.,sklearn_gb_v1,sklearn_v1
BARRA DO CORDA,dengue,2025,12,0.0154,-4.1553,baixo,positividade=1.0; tendencia_pos=0.0; risco=0.28,Manter rotina de vigilância laboratorial.,sklearn_gb_v1,sklearn_v1
UBERLANDIA,dengue,2025,21,0.0154,-4.1553,baixo,positividade=1.0; tendencia_pos=0.0; risco=0.28,Manter rotina de vigilância laboratorial.,sklearn_gb_v1,sklearn_v1
JUARA,hepatite_c_hcv,2025,23,0.0151,-4.1776,baixo,positividade=0.0; tendencia_pos=-0.071; risco=0.0,Manter rotina de vigilância laboratorial.,sklearn_gb_v1,sklearn_v1
RONDONOPOLIS,fungos,2025,34,0.0151,-4.1801,baixo,positividade=0.0; tendencia_pos=0.054; risco=0.0,Manter rotina de vigilância laboratorial.,sklearn_gb_v1,sklearn_v1
CAMPO NOVO DO PARECIS,neisseria_gonorrhoeae,2026,2,0.015,-4.184,baixo,positividade=0.0; tendencia_pos=0.0; risco=0.0,Manter rotina de vigilância laboratorial.,sklearn_gb_v1,sklearn_v1
ITIQUIRA,dengue,2025,22,0.0149,-4.1893,baixo,positividade=0.0; tendencia_pos=-0.1; risco=0.0,Manter rotina de vigilância laboratorial.,sklearn_gb_v1,sklearn_v1
NOVA BANDEIRANTES,zika,2025,24,0.0147,-4.2075,baixo,positividade=0.0; tendencia_pos=-0.062; risco=0.03,Manter rotina de vigilância laboratorial.,sklearn_gb_v1,sklearn_v1
SANTA CARMEM,dengue,2025,26,0.0147,-4.2075,baixo,positividade=0.0; tendencia_pos=-0.031; risco=0.0,Manter rotina de vigilância laboratorial.,sklearn_gb_v1,sklearn_v1
NORTELANDIA,dengue,2025,16,0.0146,-4.212,baixo,positividade=0.0; tendencia_pos=0.0; risco=0.0,Manter rotina de vigilância laboratorial.,sklearn_gb_v1,sklearn_v1
GAUCHA DO NORTE,dengue,2025,33,0.0146,-4.212,baixo,positividade=0.0; tendencia_pos=0.0; risco=0.08,Manter rotina de vigilância laboratorial.,sklearn_gb_v1,sklearn_v1
SANTA RITA DO TRIVELATO,zika,2025,20,0.0146,-4.212,baixo,positividade=0.0; tendencia_pos=0.0; risco=0.0,Manter rotina de vigilância laboratorial.,sklearn_gb_v1,sklearn_v1
PARANATINGA,zika,2025,25,0.0146,-4.212,baixo,positividade=0.0; tendencia_pos=0.0; risco=0.03,Manter rotina de vigilância laboratorial.,sklearn_gb_v1,sklearn_v1
SANTAREM,zika,2025,25,0.0146,-4.212,baixo,positividade=0.0; tendencia_pos=0.0; risco=0.0,Manter rotina de vigilância laboratorial.,sklearn_gb_v1,sklearn_v1
ACORIZAL,influenza_a,2025,34,0.0146,-4.212,baixo,positividade=0.0; tendencia_pos=0.0; risco=0.04,Manter rotina de vigilância laboratorial.,sklearn_gb_v1,sklearn_v1
ACORIZAL,influenza_b,2025,34,0.0146,-4.212,baixo,positividade=0.0; tendencia_pos=0.0; risco=0.04,Manter rotina de vigilância laboratorial.,sklearn_gb_v1,sklearn_v1
SANTO ANTONIO DO LEVERGER,sars_cov_2,2025,25,0.0146,-4.212,baixo,positividade=0.0; tendencia_pos=0.0; risco=0.08,Manter rotina de vigilância laboratorial.,sklearn_gb_v1,sklearn_v1
SANTA CARMEM,zika,2025,31,0.0146,-4.21,baixo,positividade=0.0; tendencia_pos=0.062; risco=0.0,Manter rotina de vigilância laboratorial.,sklearn_gb_v1,sklearn_v1
JAURU,zika,2025,17,0.0146,-4.212,baixo,positividade=0.0; tendencia_pos=0.0; risco=0.0,Manter rotina de vigilância laboratorial.,sklearn_gb_v1,sklearn_v1
AGUA BOA,influenza_a,2025,22,0.0146,-4.212,baixo,positividade=0.0; tendencia_pos=0.0; risco=0.0,Manter rotina de vigilância laboratorial.,sklearn_gb_v1,sklearn_v1
AGUA BOA,influenza_b,2025,22,0.0146,-4.212,baixo,positividade=0.0; tendencia_pos=0.0; risco=0.0,Manter rotina de vigilância laboratorial.,sklearn_gb_v1,sklearn_v1
MACEIO,dengue,2025,20,0.0146,-4.212,baixo,positividade=0.0; tendencia_pos=0.0; risco=0.0,Manter rotina de vigilância laboratorial.,sklearn_gb_v1,sklearn_v1
CACERES,rubeola_igm,2025,42,0.0146,-4.212,baixo,positividade=0.0; tendencia_pos=0.0; risco=0.01,Manter rotina de vigilância laboratorial.,sklearn_gb_v1,sklearn_v1
SAO PAULO,zika,2025,34,0.0146,-4.212,baixo,positividade=0.0; tendencia_pos=0.0; risco=0.0,Manter rotina de vigilância laboratorial.,sklearn_gb_v1,sklearn_v1
PARAUAPEBAS,zika,2025,15,0.0146,-4.212,baixo,positividade=0.0; tendencia_pos=0.0; risco=0.0,Manter rotina de vigilância laboratorial.,sklearn_gb_v1,sklearn_v1
PALMAS,zika,2025,19,0.0146,-4.212,baixo,positividade=0.0; tendencia_pos=0.0; risco=0.0,Manter rotina de vigilância laboratorial.,sklearn_gb_v1,sklearn_v1
GUARANTA DO NORTE,tuberculose_cultura,2025,24,0.0146,-4.212,baixo,positividade=0.0; tendencia_pos=0.0; risco=0.0,Manter rotina de vigilância laboratorial.,sklearn_gb_v1,sklearn_v1
SAO LUIS,dengue,2025,25,0.0146,-4.212,baixo,positividade=0.0; tendencia_pos=0.0; risco=0.0,Manter rotina de vigilância laboratorial.,sklearn_gb_v1,sklearn_v1
BARRA DO BUGRES,dengue,2025,25,0.0146,-4.212,baixo,positividade=0.0; tendencia_pos=0.0; risco=0.0,Manter rotina de vigilância laboratorial.,sklearn_gb_v1,sklearn_v1
TANGARA DA SERRA,rifampicina,2025,29,0.0146,-4.212,baixo,positividade=0.0; tendencia_pos=0.0; risco=0.0,Manter rotina de vigilância laboratorial.,sklearn_gb_v1,sklearn_v1
NOVO HORIZONTE DO NORTE,zika,2025,22,0.0146,-4.212,baixo,positividade=0.0; tendencia_pos=0.0; risco=0.11,Manter rotina de vigilância laboratorial.,sklearn_gb_v1,sklearn_v1
VARZEA GRANDE,neisseria_gonorrhoeae,2026,20,0.0146,-4.212,baixo,positividade=0.0; tendencia_pos=0.0; risco=0.0,Manter rotina de vigilância laboratorial.,sklearn_gb_v1,sklearn_v1
ALTAMIRA,zika,2025,22,0.0146,-4.212,baixo,positividade=0.0; tendencia_pos=0.0; risco=0.0,Manter rotina de vigilância laboratorial.,sklearn_gb_v1,sklearn_v1
CUIABA,fungos_teste_de_sensibilidade,2025,18,0.0145,-4.2191,baixo,positividade=1.0; tendencia_pos=0.0; risco=0.69,Manter rotina de vigilância laboratorial.,sklearn_gb_v1,sklearn_v1
SORRISO,rifampicina,2025,33,0.0143,-4.2361,baixo,positividade=0.0; tendencia_pos=0.0; risco=0.3,Manter rotina de vigilância laboratorial.,sklearn_gb_v1,sklearn_v1
LUCAS DO RIO VERDE,citomegalovirus_igm,2025,19,0.0141,-4.2505,baixo,positividade=0.0; tendencia_pos=0.0; risco=0.0,Manter rotina de vigilância laboratorial.,sklearn_gb_v1,sklearn_v1
LUCAS DO RIO VERDE,chagas_igg,2025,27,0.0141,-4.2505,baixo,positividade=0.0; tendencia_pos=0.0; risco=0.0,Manter rotina de vigilância laboratorial.,sklearn_gb_v1,sklearn_v1
LUCAS DO RIO VERDE,chagas,2025,27,0.0141,-4.2505,baixo,positividade=0.0; tendencia_pos=0.0; risco=0.0,Manter rotina de vigilância laboratorial.,sklearn_gb_v1,sklearn_v1
LUCAS DO RIO VERDE,varicela_zoster_biologia_molecular,2024,43,0.0141,-4.2505,baixo,positividade=0.0; tendencia_pos=0.0; risco=0.0,Manter rotina de vigilância laboratorial.,sklearn_gb_v1,sklearn_v1
LUCAS DO RIO VERDE,toxoplasmose_igm,2025,19,0.0141,-4.2505,baixo,positividade=0.0; tendencia_pos=0.0; risco=0.0,Manter rotina de vigilância laboratorial.,sklearn_gb_v1,sklearn_v1
CAMPO VERDE,leptospira,2025,33,0.0141,-4.2505,baixo,positividade=0.0; tendencia_pos=0.0; risco=0.0,Manter rotina de vigilância laboratorial.,sklearn_gb_v1,sklearn_v1
CAMPO VERDE,leishmaniose_visceral_humana_teste_rapido,2024,45,0.0141,-4.2505,baixo,positividade=0.0; tendencia_pos=0.0; risco=0.0,Manter rotina de vigilância laboratorial.,sklearn_gb_v1,sklearn_v1
CAMPO VERDE,hepatite_c_hcv,2025,20,0.0141,-4.2505,baixo,positividade=0.0; tendencia_pos=0.0; risco=0.0,Manter rotina de vigilância laboratorial.,sklearn_gb_v1,sklearn_v1
CAMPO VERDE,tuberculose_lf_lam,2026,14,0.0141,-4.2505,baixo,positividade=0.0; tendencia_pos=0.0; risco=0.0,Manter rotina de vigilância laboratorial.,sklearn_gb_v1,sklearn_v1
CAMPO VERDE,tuberculose_cultura,2025,21,0.0141,-4.2505,baixo,positividade=0.0; tendencia_pos=0.0; risco=0.0,Manter rotina de vigilância laboratorial.,sklearn_gb_v1,sklearn_v1
CAMPO VERDE,toxoplasmose_igm,2025,26,0.0141,-4.2505,baixo,positividade=0.0; tendencia_pos=0.0; risco=0.0,Manter rotina de vigilância laboratorial.,sklearn_gb_v1,sklearn_v1
CAMPO VERDE,sifilis,2025,26,0.0141,-4.2505,baixo,positividade=0.0; tendencia_pos=0.0; risco=0.0,Manter rotina de vigilância laboratorial.,sklearn_gb_v1,sklearn_v1
CAMPO NOVO DO PARECIS,parvovirus_b19_igm,2025,15,0.0141,-4.2505,baixo,positividade=0.0; tendencia_pos=0.0; risco=0.0,Manter rotina de vigilância laboratorial.,sklearn_gb_v1,sklearn_v1
CAMPO NOVO DO PARECIS,oropouche_biologia_molecular,2025,35,0.0141,-4.2505,baixo,positividade=0.0; tendencia_pos=0.0; risco=0.0,Manter rotina de vigilância laboratorial.,sklearn_gb_v1,sklearn_v1
LUCAS DO RIO VERDE,sarampo_igm,2025,13,0.0141,-4.2505,baixo,positividade=0.0; tendencia_pos=0.0; risco=0.0,Manter rotina de vigilância laboratorial.,sklearn_gb_v1,sklearn_v1
CAMPO NOVO DO PARECIS,mayaro_biologia_molecular,2025,35,0.0141,-4.2505,baixo,positividade=0.0; tendencia_pos=0.0; risco=0.0,Manter rotina de vigilância laboratorial.,sklearn_gb_v1,sklearn_v1
CAMPO NOVO DO PARECIS,leishmaniose_visceral_humana_teste_rapido,2024,30,0.0141,-4.2505,baixo,positividade=0.0; tendencia_pos=0.0; risco=0.0,Manter rotina de vigilância laboratorial.,sklearn_gb_v1,sklearn_v1
CAMPO VERDE,citomegalovirus_igm,2025,26,0.0141,-4.2505,baixo,positividade=0.0; tendencia_pos=0.0; risco=0.0,Manter rotina de vigilância laboratorial.,sklearn_gb_v1,sklearn_v1
CAMPO VERDE,rifampicina,2024,50,0.0141,-4.2505,baixo,positividade=0.0; tendencia_pos=0.0; risco=0.0,Manter rotina de vigilância laboratorial.,sklearn_gb_v1,sklearn_v1
CAMPO VERDE,oropouche_biologia_molecular,2025,18,0.0141,-4.2505,baixo,positividade=0.0; tendencia_pos=0.0; risco=0.0,Manter rotina de vigilância laboratorial.,sklearn_gb_v1,sklearn_v1
CAMPO VERDE,mayaro_biologia_molecular,2025,18,0.0141,-4.2505,baixo,positividade=0.0; tendencia_pos=0.0; risco=0.0,Manter rotina de vigilância laboratorial.,sklearn_gb_v1,sklearn_v1
CAMPO NOVO DO PARECIS,fungos,2025,30,0.0141,-4.2505,baixo,positividade=0.0; tendencia_pos=0.0; risco=0.0,Manter rotina de vigilância laboratorial.,sklearn_gb_v1,sklearn_v1
CAMPO NOVO DO PARECIS,citomegalovirus_igm,2024,32,0.0141,-4.2505,baixo,positividade=0.0; tendencia_pos=0.0; risco=0.0,Manter rotina de vigilância laboratorial.,sklearn_gb_v1,sklearn_v1
CAMPO NOVO DO PARECIS,brucelose_igg,2024,30,0.0141,-4.2505,baixo,positividade=0.0; tendencia_pos=0.0; risco=0.0,Manter rotina de vigilância laboratorial.,sklearn_gb_v1,sklearn_v1
LUCAS DO RIO VERDE,rubeola_igm,2025,19,0.0141,-4.2505,baixo,positividade=0.0; tendencia_pos=0.0; risco=0.0,Manter rotina de vigilância laboratorial.,sklearn_gb_v1,sklearn_v1
CAMPO NOVO DO PARECIS,sarampo_igm,2024,43,0.0141,-4.2505,baixo,positividade=0.0; tendencia_pos=0.0; risco=0.0,Manter rotina de vigilância laboratorial.,sklearn_gb_v1,sklearn_v1
CAMPO NOVO DO PARECIS,sarampo_igg,2024,43,0.0141,-4.2505,baixo,positividade=0.0; tendencia_pos=0.0; risco=0.0,Manter rotina de vigilância laboratorial.,sklearn_gb_v1,sklearn_v1
NOVA MUTUM,tuberculose_lf_lam,2026,7,0.0141,-4.2505,baixo,positividade=0.0; tendencia_pos=0.0; risco=0.0,Manter rotina de vigilância laboratorial.,sklearn_gb_v1,sklearn_v1
NOVA MUTUM,tuberculose,2025,28,0.0141,-4.2505,baixo,positividade=0.0; tendencia_pos=0.0; risco=0.0,Manter rotina de vigilância laboratorial.,sklearn_gb_v1,sklearn_v1
NOVA MUTUM,sarampo_igm,2024,51,0.0141,-4.2505,baixo,positividade=0.0; tendencia_pos=0.0; risco=0.0,Manter rotina de vigilância laboratorial.,sklearn_gb_v1,sklearn_v1
NOVA MUTUM,sarampo_igg,2024,51,0.0141,-4.2505,baixo,positividade=0.0; tendencia_pos=0.0; risco=0.0,Manter rotina de vigilância laboratorial.,sklearn_gb_v1,sklearn_v1
NOVA MUTUM,fungos_teste_de_sensibilidade,2025,18,0.0141,-4.2505,baixo,positividade=0.0; tendencia_pos=0.0; risco=0.0,Manter rotina de vigilância laboratorial.,sklearn_gb_v1,sklearn_v1
SINOP,brucelose,2025,5,0.0141,-4.2505,baixo,positividade=0.0; tendencia_pos=0.0; risco=0.0,Manter rotina de vigilância laboratorial.,sklearn_gb_v1,sklearn_v1
SINOP,cultura_para_fungos,2025,3,0.0141,-4.2505,baixo,positividade=0.0; tendencia_pos=0.0; risco=0.0,Manter rotina de vigilância laboratorial.,sklearn_gb_v1,sklearn_v1
LUCAS DO RIO VERDE,toxoplasmose_igg,2025,19,0.0141,-4.2505,baixo,positividade=0.0; tendencia_pos=0.0; risco=0.0,Manter rotina de vigilância laboratorial.,sklearn_gb_v1,sklearn_v1
SINOP,brucelose_igm,2025,5,0.0141,-4.2505,baixo,positividade=0.0; tendencia_pos=0.0; risco=0.0,Manter rotina de vigilância laboratorial.,sklearn_gb_v1,sklearn_v1
SINOP,brucelose_igg,2025,5,0.0141,-4.2505,baixo,positividade=0.0; tendencia_pos=0.0; risco=0.0,Manter rotina de vigilância laboratorial.,sklearn_gb_v1,sklearn_v1
SINOP,meningite_bacteriana_biologia_molecular,2025,34,0.0141,-4.2505,baixo,positividade=0.0; tendencia_pos=0.0; risco=0.11,Manter rotina de vigilância laboratorial.,sklearn_gb_v1,sklearn_v1
SINOP,mayaro_biologia_molecular,2025,8,0.0141,-4.2505,baixo,positividade=0.0; tendencia_pos=0.0; risco=0.0,Manter rotina de vigilância laboratorial.,sklearn_gb_v1,sklearn_v1
SINOP,leptospira,2025,25,0.0141,-4.2505,baixo,positividade=0.0; tendencia_pos=0.0; risco=0.0,Manter rotina de vigilância laboratorial.,sklearn_gb_v1,sklearn_v1
SINOP,leishmaniose_visceral_humana_teste_rapido,2025,24,0.0141,-4.2505,baixo,positividade=0.0; tendencia_pos=0.0; risco=0.0,Manter rotina de vigilância laboratorial.,sklearn_gb_v1,sklearn_v1
SINOP,leishmaniose_tegumentar_americana_igg,2024,33,0.0141,-4.2505,baixo,positividade=0.0; tendencia_pos=0.0; risco=0.0,Manter rotina de vigilância laboratorial.,sklearn_gb_v1,sklearn_v1
SINOP,fungos_teste_de_sensibilidade,2025,11,0.0141,-4.2505,baixo,positividade=0.0; tendencia_pos=0.0; risco=0.0,Manter rotina de vigilância laboratorial.,sklearn_gb_v1,sklearn_v1
SINOP,fungos,2025,3,0.0141,-4.2505,baixo,positividade=0.0; tendencia_pos=0.0; risco=0.0,Manter rotina de vigilância laboratorial.,sklearn_gb_v1,sklearn_v1
SINOP,tuberculose,2025,5,0.0141,-4.2505,baixo,positividade=0.0; tendencia_pos=0.0; risco=0.0,Manter rotina de vigilância laboratorial.,sklearn_gb_v1,sklearn_v1
SINOP,sarampo_igg,2025,26,0.0141,-4.2505,baixo,positividade=0.0; tendencia_pos=0.0; risco=0.0,Manter rotina de vigilância laboratorial.,sklearn_gb_v1,sklearn_v1
SINOP,rifampicina,2026,20,0.0141,-4.2505,baixo,positividade=0.0; tendencia_pos=0.0; risco=0.0,Manter rotina de vigilância laboratorial.,sklearn_gb_v1,sklearn_v1
SINOP,chagas_igg,2024,34,0.0141,-4.2505,baixo,positividade=0.0; tendencia_pos=0.0; risco=0.0,Manter rotina de vigilância laboratorial.,sklearn_gb_v1,sklearn_v1
SINOP,parvovirus_b19_igg,2025,27,0.0141,-4.2505,baixo,positividade=0.0; tendencia_pos=0.0; risco=0.0,Manter rotina de vigilância laboratorial.,sklearn_gb_v1,sklearn_v1
SINOP,paracoccidioidomicose,2025,4,0.0141,-4.2505,baixo,positividade=0.0; tendencia_pos=0.0; risco=0.0,Manter rotina de vigilância laboratorial.,sklearn_gb_v1,sklearn_v1
SINOP,oropouche_biologia_molecular,2025,8,0.0141,-4.2505,baixo,positividade=0.0; tendencia_pos=0.0; risco=0.0,Manter rotina de vigilância laboratorial.,sklearn_gb_v1,sklearn_v1
NOVA MUTUM,bacterias_teste_de_sensibilidade,2025,12,0.0141,-4.2505,baixo,positividade=0.0; tendencia_pos=0.0; risco=0.0,Manter rotina de vigilância laboratorial.,sklearn_gb_v1,sklearn_v1
NOVA MUTUM,neisseria_gonorrhoeae,2025,27,0.0141,-4.2505,baixo,positividade=0.0; tendencia_pos=0.0; risco=0.0,Manter rotina de vigilância laboratorial.,sklearn_gb_v1,sklearn_v1
NOVA MUTUM,hepatite_d_hdv,2024,52,0.0141,-4.2505,baixo,positividade=0.0; tendencia_pos=0.0; risco=0.0,Manter rotina de vigilância laboratorial.,sklearn_gb_v1,sklearn_v1
LUCAS DO RIO VERDE,brucelose_igg,2025,4,0.0141,-4.2505,baixo,positividade=0.0; tendencia_pos=0.0; risco=0.0,Manter rotina de vigilância laboratorial.,sklearn_gb_v1,sklearn_v1
NOVA MUTUM,citomegalovirus_igm,2025,32,0.0141,-4.2505,baixo,positividade=0.0; tendencia_pos=0.0; risco=0.0,Manter rotina de vigilância laboratorial.,sklearn_gb_v1,sklearn_v1
ARIQUEMES,dengue,2025,19,0.0141,-4.2441,baixo,positividade=0.0; tendencia_pos=-0.071; risco=0.0,Manter rotina de vigilância laboratorial.,sklearn_gb_v1,sklearn_v1
LUCAS DO RIO VERDE,neisseria_gonorrhoeae,2025,11,0.0141,-4.2505,baixo,positividade=0.0; tendencia_pos=0.0; risco=0.0,Manter rotina de vigilância laboratorial.,sklearn_gb_v1,sklearn_v1
LUCAS DO RIO VERDE,leptospira,2025,33,0.0141,-4.2505,baixo,positividade=0.0; tendencia_pos=0.0; risco=0.0,Manter rotina de vigilância laboratorial.,sklearn_gb_v1,sklearn_v1
LUCAS DO RIO VERDE,fungos,2025,34,0.0141,-4.2505,baixo,positividade=0.0; tendencia_pos=0.0; risco=0.0,Manter rotina de vigilância laboratorial.,sklearn_gb_v1,sklearn_v1
SINOP,parvovirus_b19_igm,2025,27,0.0141,-4.2505,baixo,positividade=0.0; tendencia_pos=0.0; risco=0.0,Manter rotina de vigilância laboratorial.,sklearn_gb_v1,sklearn_v1
MARCELANDIA,sars_cov_2,2025,33,0.0137,-4.2785,baixo,positividade=0.0; tendencia_pos=0.0; risco=0.01,Manter rotina de vigilância laboratorial.,sklearn_gb_v1,sklearn_v1
MARANHAOZINHO,chikungunya,2024,23,0.0137,-4.2785,baixo,positividade=0.0; tendencia_pos=0.0; risco=0.0,Manter rotina de vigilância laboratorial.,sklearn_gb_v1,sklearn_v1
MARAGOGI,zika,2025,19,0.0137,-4.2785,baixo,positividade=0.0; tendencia_pos=0.0; risco=0.0,Manter rotina de vigilância laboratorial.,sklearn_gb_v1,sklearn_v1
MARAGOGI,dengue,2025,19,0.0137,-4.2785,baixo,positividade=0.0; tendencia_pos=0.0; risco=0.0,Manter rotina de vigilância laboratorial.,sklearn_gb_v1,sklearn_v1
MARACAS,zika,2025,22,0.0137,-4.2785,baixo,positividade=0.0; tendencia_pos=0.0; risco=0.0,Manter rotina de vigilância laboratorial.,sklearn_gb_v1,sklearn_v1
MARACAS,dengue,2025,22,0.0137,-4.2785,baixo,positividade=0.0; tendencia_pos=0.0; risco=0.0,Manter rotina de vigilância laboratorial.,sklearn_gb_v1,sklearn_v1
MARACANA,zika,2025,14,0.0137,-4.2785,baixo,positividade=0.0; tendencia_pos=0.0; risco=0.0,Manter rotina de vigilância laboratorial.,sklearn_gb_v1,sklearn_v1
MARACANA,dengue,2025,14,0.0137,-4.2785,baixo,positividade=0.0; tendencia_pos=0.0; risco=0.0,Manter rotina de vigilância laboratorial.,sklearn_gb_v1,sklearn_v1
MARACAJU,zika,2025,11,0.0137,-4.2785,baixo,positividade=0.0; tendencia_pos=0.0; risco=0.0,Manter rotina de vigilância laboratorial.,sklearn_gb_v1,sklearn_v1
MARACAJU,dengue,2025,11,0.0137,-4.2785,baixo,positividade=0.0; tendencia_pos=0.0; risco=0.0,Manter rotina de vigilância laboratorial.,sklearn_gb_v1,sklearn_v1
MONTE ALEGRE,zika,2025,20,0.0137,-4.2785,baixo,positividade=0.0; tendencia_pos=0.0; risco=0.0,Manter rotina de vigilância laboratorial.,sklearn_gb_v1,sklearn_v1
MONTE ALEGRE,dengue,2025,20,0.0137,-4.2785,baixo,positividade=0.0; tendencia_pos=0.0; risco=0.0,Manter rotina de vigilância laboratorial.,sklearn_gb_v1,sklearn_v1
MOGI GUACU,tuberculose_cultura,2025,14,0.0137,-4.2785,baixo,positividade=0.0; tendencia_pos=0.0; risco=0.0,Manter rotina de vigilância laboratorial.,sklearn_gb_v1,sklearn_v1
MISSAL,sars_cov_2,2025,34,0.0137,-4.2785,baixo,positividade=0.0; tendencia_pos=0.0; risco=0.0,Manter rotina de vigilância laboratorial.,sklearn_gb_v1,sklearn_v1
MISSAL,influenza_b,2025,34,0.0137,-4.2785,baixo,positividade=0.0; tendencia_pos=0.0; risco=0.0,Manter rotina de vigilância laboratorial.,sklearn_gb_v1,sklearn_v1
MISSAL,influenza_a,2025,34,0.0137,-4.2785,baixo,positividade=0.0; tendencia_pos=0.0; risco=0.0,Manter rotina de vigilância laboratorial.,sklearn_gb_v1,sklearn_v1
MISSAL,dengue,2024,27,0.0137,-4.2785,baixo,positividade=0.0; tendencia_pos=0.0; risco=0.0,Manter rotina de vigilância laboratorial.,sklearn_gb_v1,sklearn_v1
MARACACUME,dengue,2024,25,0.0137,-4.2785,baixo,positividade=0.0; tendencia_pos=0.0; risco=0.0,Manter rotina de vigilância laboratorial.,sklearn_gb_v1,sklearn_v1
MARACACUME,chikungunya,2024,25,0.0137,-4.2785,baixo,positividade=0.0; tendencia_pos=0.0; risco=0.0,Manter rotina de vigilância laboratorial.,sklearn_gb_v1,sklearn_v1
MARABA,zika,2025,5,0.0137,-4.2785,baixo,positividade=0.0; tendencia_pos=0.0; risco=0.0,Manter rotina de vigilância laboratorial.,sklearn_gb_v1,sklearn_v1
MARABA,dengue,2025,5,0.0137,-4.2785,baixo,positividade=0.0; tendencia_pos=0.0; risco=0.0,Manter rotina de vigilância laboratorial.,sklearn_gb_v1,sklearn_v1
MANOEL RIBAS,dengue,2025,12,0.0137,-4.2785,baixo,positividade=0.0; tendencia_pos=0.0; risco=0.0,Manter rotina de vigilância laboratorial.,sklearn_gb_v1,sklearn_v1
MANGUEIRINHA,dengue,2025,3,0.0137,-4.2785,baixo,positividade=0.0; tendencia_pos=0.0; risco=0.0,Manter rotina de vigilância laboratorial.,sklearn_gb_v1,sklearn_v1
MANDAGUACU,zika,2025,22,0.0137,-4.2785,baixo,positividade=0.0; tendencia_pos=0.0; risco=0.0,Manter rotina de vigilância laboratorial.,sklearn_gb_v1,sklearn_v1
MANAUS,tuberculose_lf_lam,2026,9,0.0137,-4.2785,baixo,positividade=0.0; tendencia_pos=0.0; risco=0.0,Manter rotina de vigilância laboratorial.,sklearn_gb_v1,sklearn_v1
MANAUS,tuberculose_cultura,2025,25,0.0137,-4.2785,baixo,positividade=0.0; tendencia_pos=0.0; risco=0.0,Manter rotina de vigilância laboratorial.,sklearn_gb_v1,sklearn_v1
MORPARA,zika,2025,5,0.0137,-4.2785,baixo,positividade=0.0; tendencia_pos=0.0; risco=0.0,Manter rotina de vigilância laboratorial.,sklearn_gb_v1,sklearn_v1
MORPARA,dengue,2025,5,0.0137,-4.2785,baixo,positividade=0.0; tendencia_pos=0.0; risco=0.0,Manter rotina de vigilância laboratorial.,sklearn_gb_v1,sklearn_v1
MONTIVIDIU,dengue,2025,29,0.0137,-4.2785,baixo,positividade=0.0; tendencia_pos=0.0; risco=0.0,Manter rotina de vigilância laboratorial.,sklearn_gb_v1,sklearn_v1
MONTES CLAROS,zika,2025,18,0.0137,-4.2785,baixo,positividade=0.0; tendencia_pos=0.0; risco=0.0,Manter rotina de vigilância laboratorial.,sklearn_gb_v1,sklearn_v1
MONTES CLAROS,dengue,2025,18,0.0137,-4.2785,baixo,positividade=0.0; tendencia_pos=0.0; risco=0.0,Manter rotina de vigilância laboratorial.,sklearn_gb_v1,sklearn_v1
MONTES CLAROS,citomegalovirus_igm,2025,5,0.0137,-4.2785,baixo,positividade=0.0; tendencia_pos=0.0; risco=0.0,Manter rotina de vigilância laboratorial.,sklearn_gb_v1,sklearn_v1
MARANHAOZINHO,zika,2024,23,0.0137,-4.2785,baixo,positividade=0.0; tendencia_pos=0.0; risco=0.0,Manter rotina de vigilância laboratorial.,sklearn_gb_v1,sklearn_v1
MANAUS,toxoplasmose_igg,2025,34,0.0137,-4.2785,baixo,positividade=0.0; tendencia_pos=0.0; risco=0.0,Manter rotina de vigilância laboratorial.,sklearn_gb_v1,sklearn_v1
MANAUS,sars_cov_2,2025,12,0.0137,-4.2785,baixo,positividade=0.0; tendencia_pos=0.0; risco=0.0,Manter rotina de vigilância laboratorial.,sklearn_gb_v1,sklearn_v1
MANAUS,rifampicina,2024,29,0.0137,-4.2785,baixo,positividade=0.0; tendencia_pos=0.0; risco=0.0,Manter rotina de vigilância laboratorial.,sklearn_gb_v1,sklearn_v1
MANAUS,influenza_b,2025,12,0.0137,-4.2785,baixo,positividade=0.0; tendencia_pos=0.0; risco=0.0,Manter rotina de vigilância laboratorial.,sklearn_gb_v1,sklearn_v1
MANAUS,influenza_a,2025,12,0.0137,-4.2785,baixo,positividade=0.0; tendencia_pos=0.0; risco=0.0,Manter rotina de vigilância laboratorial.,sklearn_gb_v1,sklearn_v1
MANAUS,hepatite_c_hcv,2025,19,0.0137,-4.2785,baixo,positividade=0.0; tendencia_pos=0.0; risco=0.0,Manter rotina de vigilância laboratorial.,sklearn_gb_v1,sklearn_v1
MAMANGUAPE,zika,2025,15,0.0137,-4.2785,baixo,positividade=0.0; tendencia_pos=0.0; risco=0.0,Manter rotina de vigilância laboratorial.,sklearn_gb_v1,sklearn_v1
NATAL,hepatite_c_hcv,2024,26,0.0137,-4.2785,baixo,positividade=0.0; tendencia_pos=0.0; risco=0.0,Manter rotina de vigilância laboratorial.,sklearn_gb_v1,sklearn_v1
MURICI,zika,2024,21,0.0137,-4.2785,baixo,positividade=0.0; tendencia_pos=0.0; risco=0.0,Manter rotina de vigilância laboratorial.,sklearn_gb_v1,sklearn_v1
MURICI,dengue,2025,20,0.0137,-4.2785,baixo,positividade=0.0; tendencia_pos=0.0; risco=0.0,Manter rotina de vigilância laboratorial.,sklearn_gb_v1,sklearn_v1
MUNDO NOVO,zika,2025,24,0.0137,-4.2785,baixo,positividade=0.0; tendencia_pos=0.0; risco=0.0,Manter rotina de vigilância laboratorial.,sklearn_gb_v1,sklearn_v1
MUNDO NOVO,chikungunya,2025,24,0.0137,-4.2785,baixo,positividade=0.0; tendencia_pos=0.0; risco=0.0,Manter rotina de vigilância laboratorial.,sklearn_gb_v1,sklearn_v1
MOSSORO,zika,2025,29,0.0137,-4.2785,baixo,positividade=0.0; tendencia_pos=0.0; risco=0.0,Manter rotina de vigilância laboratorial.,sklearn_gb_v1,sklearn_v1
MOSSORO,dengue,2025,29,0.0137,-4.2785,baixo,positividade=0.0; tendencia_pos=0.0; risco=0.0,Manter rotina de vigilância laboratorial.,sklearn_gb_v1,sklearn_v1
MORRINHOS,dengue,2025,3,0.0137,-4.2785,baixo,positividade=0.0; tendencia_pos=0.0; risco=0.0,Manter rotina de vigilância laboratorial.,sklearn_gb_v1,sklearn_v1
MARACACUME,zika,2024,25,0.0137,-4.2785,baixo,positividade=0.0; tendencia_pos=0.0; risco=0.0,Manter rotina de vigilância laboratorial.,sklearn_gb_v1,sklearn_v1
MAMANGUAPE,chikungunya,2025,15,0.0137,-4.2785,baixo,positividade=0.0; tendencia_pos=0.0; risco=0.0,Manter rotina de vigilância laboratorial.,sklearn_gb_v1,sklearn_v1
MAIRI,zika,2025,20,0.0137,-4.2785,baixo,positividade=0.0; tendencia_pos=0.0; risco=0.0,Manter rotina de vigilância laboratorial.,sklearn_gb_v1,sklearn_v1
MAIRI,dengue,2025,20,0.0137,-4.2785,baixo,positividade=0.0; tendencia_pos=0.0; risco=0.0,Manter rotina de vigilância laboratorial.,sklearn_gb_v1,sklearn_v1
MACHADINHO D''OESTE,zika,2025,5,0.0137,-4.2785,baixo,positividade=0.0; tendencia_pos=0.0; risco=0.0,Manter rotina de vigilância laboratorial.,sklearn_gb_v1,sklearn_v1
MACEIO,zika,2025,20,0.0137,-4.2785,baixo,positividade=0.0; tendencia_pos=0.0; risco=0.0,Manter rotina de vigilância laboratorial.,sklearn_gb_v1,sklearn_v1
MACAUBAS,zika,2025,8,0.0137,-4.2785,baixo,positividade=0.0; tendencia_pos=0.0; risco=0.0,Manter rotina de vigilância laboratorial.,sklearn_gb_v1,sklearn_v1
MACAUBAS,influenza_b,2025,8,0.0137,-4.2785,baixo,positividade=0.0; tendencia_pos=0.0; risco=0.0,Manter rotina de vigilância laboratorial.,sklearn_gb_v1,sklearn_v1
NOBRES,hepatite_c_hcv,2025,4,0.0137,-4.2785,baixo,positividade=0.0; tendencia_pos=0.0; risco=0.02,Manter rotina de vigilância laboratorial.,sklearn_gb_v1,sklearn_v1
NISIA FLORESTA,hepatite_c_hcv,2025,7,0.0137,-4.2785,baixo,positividade=0.0; tendencia_pos=0.0; risco=0.0,Manter rotina de vigilância laboratorial.,sklearn_gb_v1,sklearn_v1
NISIA FLORESTA,dengue,2025,7,0.0137,-4.2785,baixo,positividade=0.0; tendencia_pos=0.0; risco=0.0,Manter rotina de vigilância laboratorial.,sklearn_gb_v1,sklearn_v1
NAVIRAI,zika,2025,19,0.0137,-4.2785,baixo,positividade=0.0; tendencia_pos=0.0; risco=0.0,Manter rotina de vigilância laboratorial.,sklearn_gb_v1,sklearn_v1
NAVIRAI,rifampicina,2024,21,0.0137,-4.2785,baixo,positividade=0.0; tendencia_pos=0.0; risco=0.0,Manter rotina de vigilância laboratorial.,sklearn_gb_v1,sklearn_v1
NAVIRAI,chikungunya,2025,19,0.0137,-4.2785,baixo,positividade=0.0; tendencia_pos=0.0; risco=0.0,Manter rotina de vigilância laboratorial.,sklearn_gb_v1,sklearn_v1
MANAUS,tuberculose,2025,10,0.0137,-4.2785,baixo,positividade=0.0; tendencia_pos=0.0; risco=0.0,Manter rotina de vigilância laboratorial.,sklearn_gb_v1,sklearn_v1
MANAUS,toxoplasmose_igm,2025,34,0.0137,-4.2785,baixo,positividade=0.0; tendencia_pos=0.0; risco=0.0,Manter rotina de vigilância laboratorial.,sklearn_gb_v1,sklearn_v1
MACAUBAS,chikungunya,2025,8,0.0137,-4.2785,baixo,positividade=0.0; tendencia_pos=0.0; risco=0.0,Manter rotina de vigilância laboratorial.,sklearn_gb_v1,sklearn_v1
MACAPA,zika,2025,21,0.0137,-4.2785,baixo,positividade=0.0; tendencia_pos=0.0; risco=0.0,Manter rotina de vigilância laboratorial.,sklearn_gb_v1,sklearn_v1
MACAPA,dengue,2025,21,0.0137,-4.2785,baixo,positividade=0.0; tendencia_pos=0.0; risco=0.0,Manter rotina de vigilância laboratorial.,sklearn_gb_v1,sklearn_v1
LUZIANIA,chikungunya,2025,24,0.0137,-4.2785,baixo,positividade=0.0; tendencia_pos=0.0; risco=0.0,Manter rotina de vigilância laboratorial.,sklearn_gb_v1,sklearn_v1
LUIZIANIA,sarampo_igm,2025,14,0.0137,-4.2785,baixo,positividade=0.0; tendencia_pos=0.0; risco=0.0,Manter rotina de vigilância laboratorial.,sklearn_gb_v1,sklearn_v1
LUIZIANIA,oropouche_biologia_molecular,2025,14,0.0137,-4.2785,baixo,positividade=0.0; tendencia_pos=0.0; risco=0.0,Manter rotina de vigilância laboratorial.,sklearn_gb_v1,sklearn_v1
NORTELANDIA,lyme_igg,2024,30,0.0137,-4.2785,baixo,positividade=0.0; tendencia_pos=0.0; risco=0.0,Manter rotina de vigilância laboratorial.,sklearn_gb_v1,sklearn_v1
NOBRES,virus_respiratorios,2025,8,0.0137,-4.2785,baixo,positividade=0.0; tendencia_pos=0.0; risco=0.02,Manter rotina de vigilância laboratorial.,sklearn_gb_v1,sklearn_v1
NOBRES,tuberculose_lf_lam,2025,35,0.0137,-4.2785,baixo,positividade=0.0; tendencia_pos=0.0; risco=0.02,Manter rotina de vigilância laboratorial.,sklearn_gb_v1,sklearn_v1
NOBRES,tuberculose_cultura,2025,25,0.0137,-4.2785,baixo,positividade=0.0; tendencia_pos=0.0; risco=0.02,Manter rotina de vigilância laboratorial.,sklearn_gb_v1,sklearn_v1
NOBRES,tuberculose,2025,2,0.0137,-4.2785,baixo,positividade=0.0; tendencia_pos=0.0; risco=0.02,Manter rotina de vigilância laboratorial.,sklearn_gb_v1,sklearn_v1
NOBRES,rifampicina,2024,31,0.0137,-4.2785,baixo,positividade=0.0; tendencia_pos=0.0; risco=0.02,Manter rotina de vigilância laboratorial.,sklearn_gb_v1,sklearn_v1
MAMANGUAPE,influenza_b,2025,15,0.0137,-4.2785,baixo,positividade=0.0; tendencia_pos=0.0; risco=0.0,Manter rotina de vigilância laboratorial.,sklearn_gb_v1,sklearn_v1
MAMANGUAPE,influenza_a,2025,15,0.0137,-4.2785,baixo,positividade=0.0; tendencia_pos=0.0; risco=0.0,Manter rotina de vigilância laboratorial.,sklearn_gb_v1,sklearn_v1
MAMANGUAPE,dengue,2025,15,0.0137,-4.2785,baixo,positividade=0.0; tendencia_pos=0.0; risco=0.0,Manter rotina de vigilância laboratorial.,sklearn_gb_v1,sklearn_v1
NOSSA SENHORA DO LIVRAMENTO,sarampo_igm,2024,36,0.0137,-4.2785,baixo,positividade=0.0; tendencia_pos=0.0; risco=0.11,Manter rotina de vigilância laboratorial.,sklearn_gb_v1,sklearn_v1
NOSSA SENHORA DO LIVRAMENTO,sarampo_igg,2024,36,0.0137,-4.2785,baixo,positividade=0.0; tendencia_pos=0.0; risco=0.11,Manter rotina de vigilância laboratorial.,sklearn_gb_v1,sklearn_v1
NOSSA SENHORA DO LIVRAMENTO,rubeola_igm,2024,36,0.0137,-4.2785,baixo,positividade=0.0; tendencia_pos=0.0; risco=0.11,Manter rotina de vigilância laboratorial.,sklearn_gb_v1,sklearn_v1
NOSSA SENHORA DO LIVRAMENTO,rifampicina,2026,9,0.0137,-4.2785,baixo,positividade=0.0; tendencia_pos=0.0; risco=0.11,Manter rotina de vigilância laboratorial.,sklearn_gb_v1,sklearn_v1
NOSSA SENHORA DO LIVRAMENTO,hepatite_c_hcv,2025,26,0.0137,-4.2785,baixo,positividade=0.0; tendencia_pos=0.0; risco=0.11,Manter rotina de vigilância laboratorial.,sklearn_gb_v1,sklearn_v1
NOSSA SENHORA DO LIVRAMENTO,fungos,2025,23,0.0137,-4.2785,baixo,positividade=0.0; tendencia_pos=0.0; risco=0.11,Manter rotina de vigilância laboratorial.,sklearn_gb_v1,sklearn_v1
NOSSA SENHORA DO LIVRAMENTO,cultura_para_fungos,2025,23,0.0137,-4.2785,baixo,positividade=0.0; tendencia_pos=0.0; risco=0.11,Manter rotina de vigilância laboratorial.,sklearn_gb_v1,sklearn_v1
NOSSA SENHORA DO LIVRAMENTO,chagas_igg,2025,22,0.0137,-4.2785,baixo,positividade=0.0; tendencia_pos=0.0; risco=0.11,Manter rotina de vigilância laboratorial.,sklearn_gb_v1,sklearn_v1
NOSSA SENHORA DO LIVRAMENTO,chagas,2025,22,0.0137,-4.2785,baixo,positividade=0.0; tendencia_pos=0.0; risco=0.11,Manter rotina de vigilância laboratorial.,sklearn_gb_v1,sklearn_v1
NOSSA SENHORA DE NAZARE,zika,2025,14,0.0137,-4.2785,baixo,positividade=0.0; tendencia_pos=0.0; risco=0.0,Manter rotina de vigilância laboratorial.,sklearn_gb_v1,sklearn_v1
NOSSA SENHORA DE NAZARE,dengue,2025,14,0.0137,-4.2785,baixo,positividade=0.0; tendencia_pos=0.0; risco=0.0,Manter rotina de vigilância laboratorial.,sklearn_gb_v1,sklearn_v1
NORTELANDIA,virus_respiratorios,2024,45,0.0137,-4.2785,baixo,positividade=0.0; tendencia_pos=0.0; risco=0.0,Manter rotina de vigilância laboratorial.,sklearn_gb_v1,sklearn_v1
NORTELANDIA,tuberculose,2025,34,0.0137,-4.2785,baixo,positividade=0.0; tendencia_pos=0.0; risco=0.0,Manter rotina de vigilância laboratorial.,sklearn_gb_v1,sklearn_v1
NORTELANDIA,lyme_igm,2024,30,0.0137,-4.2785,baixo,positividade=0.0; tendencia_pos=0.0; risco=0.0,Manter rotina de vigilância laboratorial.,sklearn_gb_v1,sklearn_v1
MACAUBAS,influenza_a,2025,8,0.0137,-4.2785,baixo,positividade=0.0; tendencia_pos=0.0; risco=0.0,Manter rotina de vigilância laboratorial.,sklearn_gb_v1,sklearn_v1
MACAUBAS,dengue,2025,8,0.0137,-4.2785,baixo,positividade=0.0; tendencia_pos=0.0; risco=0.0,Manter rotina de vigilância laboratorial.,sklearn_gb_v1,sklearn_v1
LUCAS DO RIO VERDE,rifampicina,2025,30,0.0137,-4.2747,baixo,positividade=0.0; tendencia_pos=0.0; risco=0.19,Manter rotina de vigilância laboratorial.,sklearn_gb_v1,sklearn_v1
LUIZIANIA,mayaro_biologia_molecular,2025,14,0.0137,-4.2785,baixo,positividade=0.0; tendencia_pos=0.0; risco=0.0,Manter rotina de vigilância laboratorial.,sklearn_gb_v1,sklearn_v1
LUIS EDUARDO MAGALHAES,zika,2025,21,0.0137,-4.2785,baixo,positividade=0.0; tendencia_pos=0.0; risco=0.0,Manter rotina de vigilância laboratorial.,sklearn_gb_v1,sklearn_v1
LUIS EDUARDO MAGALHAES,dengue,2025,21,0.0137,-4.2785,baixo,positividade=0.0; tendencia_pos=0.0; risco=0.0,Manter rotina de vigilância laboratorial.,sklearn_gb_v1,sklearn_v1
LUCIARA,zika,2025,17,0.0137,-4.2785,baixo,positividade=0.0; tendencia_pos=0.0; risco=0.12,Manter rotina de vigilância laboratorial.,sklearn_gb_v1,sklearn_v1
LUCIARA,virus_respiratorios,2024,23,0.0137,-4.2785,baixo,positividade=0.0; tendencia_pos=0.0; risco=0.12,Manter rotina de vigilância laboratorial.,sklearn_gb_v1,sklearn_v1
LUCIARA,tuberculose_cultura,2024,22,0.0137,-4.2785,baixo,positividade=0.0; tendencia_pos=0.0; risco=0.12,Manter rotina de vigilância laboratorial.,sklearn_gb_v1,sklearn_v1
LUCIARA,sars_cov_2,2024,27,0.0137,-4.2785,baixo,positividade=0.0; tendencia_pos=0.0; risco=0.12,Manter rotina de vigilância laboratorial.,sklearn_gb_v1,sklearn_v1
LUCIARA,influenza_b,2024,27,0.0137,-4.2785,baixo,positividade=0.0; tendencia_pos=0.0; risco=0.12,Manter rotina de vigilância laboratorial.,sklearn_gb_v1,sklearn_v1
LUCIARA,influenza_a,2024,27,0.0137,-4.2785,baixo,positividade=0.0; tendencia_pos=0.0; risco=0.12,Manter rotina de vigilância laboratorial.,sklearn_gb_v1,sklearn_v1
LUCIARA,hepatite_c_hcv,2024,51,0.0137,-4.2785,baixo,positividade=0.0; tendencia_pos=0.0; risco=0.12,Manter rotina de vigilância laboratorial.,sklearn_gb_v1,sklearn_v1
LUCIARA,chikungunya,2025,17,0.0137,-4.2785,baixo,positividade=0.0; tendencia_pos=0.0; risco=0.12,Manter rotina de vigilância laboratorial.,sklearn_gb_v1,sklearn_v1
NOSSA SENHORA DO LIVRAMENTO,tuberculose_lf_lam,2025,30,0.0137,-4.2785,baixo,positividade=0.0; tendencia_pos=0.0; risco=0.11,Manter rotina de vigilância laboratorial.,sklearn_gb_v1,sklearn_v1
NOVA BANDEIRANTES,tuberculose_cultura,2025,18,0.0137,-4.2785,baixo,positividade=0.0; tendencia_pos=0.0; risco=0.03,Manter rotina de vigilância laboratorial.,sklearn_gb_v1,sklearn_v1
LONDRINA,dengue,2025,4,0.0137,-4.2785,baixo,positividade=0.0; tendencia_pos=0.0; risco=0.0,Manter rotina de vigilância laboratorial.,sklearn_gb_v1,sklearn_v1
LINS,zika,2025,12,0.0137,-4.2785,baixo,positividade=0.0; tendencia_pos=0.0; risco=0.0,Manter rotina de vigilância laboratorial.,sklearn_gb_v1,sklearn_v1
LINS,dengue,2025,12,0.0137,-4.2785,baixo,positividade=0.0; tendencia_pos=0.0; risco=0.0,Manter rotina de vigilância laboratorial.,sklearn_gb_v1,sklearn_v1
LARANJAL DO JARI,zika,2025,26,0.0137,-4.2785,baixo,positividade=0.0; tendencia_pos=0.0; risco=0.0,Manter rotina de vigilância laboratorial.,sklearn_gb_v1,sklearn_v1
LARANJAL DO JARI,tuberculose_lf_lam,2025,45,0.0137,-4.2785,baixo,positividade=0.0; tendencia_pos=0.0; risco=0.0,Manter rotina de vigilância laboratorial.,sklearn_gb_v1,sklearn_v1
NOVA BANDEIRANTES,rifampicina,2024,39,0.0137,-4.2785,baixo,positividade=0.0; tendencia_pos=0.0; risco=0.03,Manter rotina de vigilância laboratorial.,sklearn_gb_v1,sklearn_v1
LARANJAL DO JARI,criptococos_teste_rapido,2025,45,0.0137,-4.2785,baixo,positividade=0.0; tendencia_pos=0.0; risco=0.0,Manter rotina de vigilância laboratorial.,sklearn_gb_v1,sklearn_v1
LARANJAL DO JARI,chikungunya,2025,26,0.0137,-4.2785,baixo,positividade=0.0; tendencia_pos=0.0; risco=0.0,Manter rotina de vigilância laboratorial.,sklearn_gb_v1,sklearn_v1
LANDRI SALES,zika,2025,33,0.0137,-4.2785,baixo,positividade=0.0; tendencia_pos=0.0; risco=0.0,Manter rotina de vigilância laboratorial.,sklearn_gb_v1,sklearn_v1
LANDRI SALES,chikungunya,2025,33,0.0137,-4.2785,baixo,positividade=0.0; tendencia_pos=0.0; risco=0.0,Manter rotina de vigilância laboratorial.,sklearn_gb_v1,sklearn_v1
LAMBARI D''OESTE,tuberculose_lf_lam,2024,37,0.0137,-4.2785,baixo,positividade=0.0; tendencia_pos=0.0; risco=0.0,Manter rotina de vigilância laboratorial.,sklearn_gb_v1,sklearn_v1
NOVA BRASILANDIA,virus_respiratorios,2025,27,0.0137,-4.2785,baixo,positividade=0.0; tendencia_pos=0.0; risco=0.05,Manter rotina de vigilância laboratorial.,sklearn_gb_v1,sklearn_v1
NOVA BRASILANDIA,variola,2025,27,0.0137,-4.2785,baixo,positividade=0.0; tendencia_pos=0.0; risco=0.05,Manter rotina de vigilância laboratorial.,sklearn_gb_v1,sklearn_v1
NOVA BRASILANDIA,varicela_zoster_biologia_molecular,2025,27,0.0137,-4.2785,baixo,positividade=0.0; tendencia_pos=0.0; risco=0.05,Manter rotina de vigilância laboratorial.,sklearn_gb_v1,sklearn_v1
NOVA BRASILANDIA,sars_cov_2,2024,44,0.0137,-4.2785,baixo,positividade=0.0; tendencia_pos=0.0; risco=0.05,Manter rotina de vigilância laboratorial.,sklearn_gb_v1,sklearn_v1
NOVA BRASILANDIA,neisseria_gonorrhoeae,2025,27,0.0137,-4.2785,baixo,positividade=0.0; tendencia_pos=0.0; risco=0.05,Manter rotina de vigilância laboratorial.,sklearn_gb_v1,sklearn_v1
NOVA BRASILANDIA,influenza_b,2025,27,0.0137,-4.2785,baixo,positividade=0.0; tendencia_pos=0.0; risco=0.05,Manter rotina de vigilância laboratorial.,sklearn_gb_v1,sklearn_v1
NOVA BRASILANDIA,influenza_a,2025,27,0.0137,-4.2785,baixo,positividade=0.0; tendencia_pos=0.0; risco=0.05,Manter rotina de vigilância laboratorial.,sklearn_gb_v1,sklearn_v1
NOVA BRASILANDIA,hepatite_c_hcv,2024,35,0.0137,-4.2785,baixo,positividade=0.0; tendencia_pos=0.0; risco=0.05,Manter rotina de vigilância laboratorial.,sklearn_gb_v1,sklearn_v1
NOVA BRASILANDIA,hepatite_b_hbv,2025,22,0.0137,-4.2785,baixo,positividade=0.0; tendencia_pos=0.0; risco=0.05,Manter rotina de vigilância laboratorial.,sklearn_gb_v1,sklearn_v1
NOVA BANDEIRANTES,virus_respiratorios,2024,29,0.0137,-4.2785,baixo,positividade=0.0; tendencia_pos=0.0; risco=0.03,Manter rotina de vigilância laboratorial.,sklearn_gb_v1,sklearn_v1
LAMBARI D''OESTE,chagas_igg,2025,33,0.0137,-4.2785,baixo,positividade=0.0; tendencia_pos=0.0; risco=0.0,Manter rotina de vigilância laboratorial.,sklearn_gb_v1,sklearn_v1
LAMBARI D''OESTE,chagas,2025,33,0.0137,-4.2785,baixo,positividade=0.0; tendencia_pos=0.0; risco=0.0,Manter rotina de vigilância laboratorial.,sklearn_gb_v1,sklearn_v1
LAGOA GRANDE DO MARANHAO,zika,2024,22,0.0137,-4.2785,baixo,positividade=0.0; tendencia_pos=0.0; risco=0.0,Manter rotina de vigilância laboratorial.,sklearn_gb_v1,sklearn_v1
LAGOA GRANDE DO MARANHAO,dengue,2024,22,0.0137,-4.2785,baixo,positividade=0.0; tendencia_pos=0.0; risco=0.0,Manter rotina de vigilância laboratorial.,sklearn_gb_v1,sklearn_v1
LAGOA DO MATO,zika,2025,8,0.0137,-4.2785,baixo,positividade=0.0; tendencia_pos=0.0; risco=0.0,Manter rotina de vigilância laboratorial.,sklearn_gb_v1,sklearn_v1
LAGOA DO MATO,dengue,2025,8,0.0137,-4.2785,baixo,positividade=0.0; tendencia_pos=0.0; risco=0.0,Manter rotina de vigilância laboratorial.,sklearn_gb_v1,sklearn_v1
LAGO DO JUNCO,zika,2025,19,0.0137,-4.2785,baixo,positividade=0.0; tendencia_pos=0.0; risco=0.0,Manter rotina de vigilância laboratorial.,sklearn_gb_v1,sklearn_v1
LAGO DO JUNCO,dengue,2025,19,0.0137,-4.2785,baixo,positividade=0.0; tendencia_pos=0.0; risco=0.0,Manter rotina de vigilância laboratorial.,sklearn_gb_v1,sklearn_v1
LAGO DA PEDRA,dengue,2024,33,0.0137,-4.2785,baixo,positividade=0.0; tendencia_pos=0.0; risco=0.0,Manter rotina de vigilância laboratorial.,sklearn_gb_v1,sklearn_v1
LADARIO,influenza_b,2025,13,0.0137,-4.2785,baixo,positividade=0.0; tendencia_pos=0.0; risco=0.0,Manter rotina de vigilância laboratorial.,sklearn_gb_v1,sklearn_v1
LADARIO,influenza_a,2025,13,0.0137,-4.2785,baixo,positividade=0.0; tendencia_pos=0.0; risco=0.0,Manter rotina de vigilância laboratorial.,sklearn_gb_v1,sklearn_v1
NOVA CANAA DO NORTE,sars_cov_2,2025,25,0.0137,-4.2785,baixo,positividade=0.0; tendencia_pos=0.0; risco=0.0,Manter rotina de vigilância laboratorial.,sklearn_gb_v1,sklearn_v1
NOVA CANAA DO NORTE,hantavirus,2025,17,0.0137,-4.2785,baixo,positividade=0.0; tendencia_pos=0.0; risco=0.0,Manter rotina de vigilância laboratorial.,sklearn_gb_v1,sklearn_v1
NOVA BRASILANDIA D''OESTE,zika,2025,18,0.0137,-4.2785,baixo,positividade=0.0; tendencia_pos=0.0; risco=0.0,Manter rotina de vigilância laboratorial.,sklearn_gb_v1,sklearn_v1
NOVA BRASILANDIA D''OESTE,dengue,2025,18,0.0137,-4.2785,baixo,positividade=0.0; tendencia_pos=0.0; risco=0.0,Manter rotina de vigilância laboratorial.,sklearn_gb_v1,sklearn_v1
LABREA,dengue,2025,9,0.0137,-4.2785,baixo,positividade=0.0; tendencia_pos=0.0; risco=0.0,Manter rotina de vigilância laboratorial.,sklearn_gb_v1,sklearn_v1
LABREA,chikungunya,2025,9,0.0137,-4.2785,baixo,positividade=0.0; tendencia_pos=0.0; risco=0.0,Manter rotina de vigilância laboratorial.,sklearn_gb_v1,sklearn_v1
JUTI,tuberculose,2024,50,0.0137,-4.2785,baixo,positividade=0.0; tendencia_pos=0.0; risco=0.0,Manter rotina de vigilância laboratorial.,sklearn_gb_v1,sklearn_v1
JUSCIMEIRA,tuberculose_cultura,2025,14,0.0137,-4.2785,baixo,positividade=0.0; tendencia_pos=0.0; risco=0.0,Manter rotina de vigilância laboratorial.,sklearn_gb_v1,sklearn_v1
JUSCIMEIRA,leishmaniose_visceral_humana_teste_rapido,2024,49,0.0137,-4.2785,baixo,positividade=0.0; tendencia_pos=0.0; risco=0.0,Manter rotina de vigilância laboratorial.,sklearn_gb_v1,sklearn_v1
JUSCIMEIRA,fungos,2025,31,0.0137,-4.2785,baixo,positividade=0.0; tendencia_pos=0.0; risco=0.0,Manter rotina de vigilância laboratorial.,sklearn_gb_v1,sklearn_v1
JUSCIMEIRA,chagas_igg,2025,31,0.0137,-4.2785,baixo,positividade=0.0; tendencia_pos=0.0; risco=0.0,Manter rotina de vigilância laboratorial.,sklearn_gb_v1,sklearn_v1
JUSCIMEIRA,chagas,2025,31,0.0137,-4.2785,baixo,positividade=0.0; tendencia_pos=0.0; risco=0.0,Manter rotina de vigilância laboratorial.,sklearn_gb_v1,sklearn_v1
NOVA GUARITA,fungos,2025,30,0.0137,-4.2785,baixo,positividade=0.0; tendencia_pos=0.0; risco=0.0,Manter rotina de vigilância laboratorial.,sklearn_gb_v1,sklearn_v1
NOVA FATIMA,dengue,2025,7,0.0137,-4.2785,baixo,positividade=0.0; tendencia_pos=0.0; risco=0.0,Manter rotina de vigilância laboratorial.,sklearn_gb_v1,sklearn_v1
NOVA ESPERANCA,zika,2024,33,0.0137,-4.2785,baixo,positividade=0.0; tendencia_pos=0.0; risco=0.0,Manter rotina de vigilância laboratorial.,sklearn_gb_v1,sklearn_v1
NOVA ESPERANCA,dengue,2024,33,0.0137,-4.2785,baixo,positividade=0.0; tendencia_pos=0.0; risco=0.0,Manter rotina de vigilância laboratorial.,sklearn_gb_v1,sklearn_v1
NOVA CRIXAS,dengue,2025,7,0.0137,-4.2785,baixo,positividade=0.0; tendencia_pos=0.0; risco=0.0,Manter rotina de vigilância laboratorial.,sklearn_gb_v1,sklearn_v1
NOVA CANTU,dengue,2025,29,0.0137,-4.2785,baixo,positividade=0.0; tendencia_pos=0.0; risco=0.0,Manter rotina de vigilância laboratorial.,sklearn_gb_v1,sklearn_v1
NOVA CANAA PAULISTA,zika,2025,8,0.0137,-4.2785,baixo,positividade=0.0; tendencia_pos=0.0; risco=0.0,Manter rotina de vigilância laboratorial.,sklearn_gb_v1,sklearn_v1
NOVA CANAA DO NORTE,zika,2025,29,0.0137,-4.2785,baixo,positividade=0.0; tendencia_pos=0.0; risco=0.0,Manter rotina de vigilância laboratorial.,sklearn_gb_v1,sklearn_v1
JURUENA,sars_cov_2,2024,43,0.0137,-4.2785,baixo,positividade=0.0; tendencia_pos=0.0; risco=0.06,Manter rotina de vigilância laboratorial.,sklearn_gb_v1,sklearn_v1
JURUENA,sarampo_igm,2025,29,0.0137,-4.2785,baixo,positividade=0.0; tendencia_pos=0.0; risco=0.06,Manter rotina de vigilância laboratorial.,sklearn_gb_v1,sklearn_v1
JURUENA,sarampo_igg,2025,29,0.0137,-4.2785,baixo,positividade=0.0; tendencia_pos=0.0; risco=0.06,Manter rotina de vigilância laboratorial.,sklearn_gb_v1,sklearn_v1
JURUENA,rubeola_igm,2025,29,0.0137,-4.2785,baixo,positividade=0.0; tendencia_pos=0.0; risco=0.06,Manter rotina de vigilância laboratorial.,sklearn_gb_v1,sklearn_v1
JURUENA,rubeola_igg,2025,29,0.0137,-4.2785,baixo,positividade=0.0; tendencia_pos=0.0; risco=0.06,Manter rotina de vigilância laboratorial.,sklearn_gb_v1,sklearn_v1
JURUENA,parvovirus_b19_igm,2025,29,0.0137,-4.2785,baixo,positividade=0.0; tendencia_pos=0.0; risco=0.06,Manter rotina de vigilância laboratorial.,sklearn_gb_v1,sklearn_v1
JURUENA,neisseria_gonorrhoeae,2025,25,0.0137,-4.2785,baixo,positividade=0.0; tendencia_pos=0.0; risco=0.06,Manter rotina de vigilância laboratorial.,sklearn_gb_v1,sklearn_v1
JURUENA,leptospira,2025,30,0.0137,-4.2785,baixo,positividade=0.0; tendencia_pos=0.0; risco=0.06,Manter rotina de vigilância laboratorial.,sklearn_gb_v1,sklearn_v1
JURUENA,leishmaniose_visceral_humana_teste_rapido,2025,19,0.0137,-4.2785,baixo,positividade=0.0; tendencia_pos=0.0; risco=0.06,Manter rotina de vigilância laboratorial.,sklearn_gb_v1,sklearn_v1
JURUENA,influenza_b,2024,43,0.0137,-4.2785,baixo,positividade=0.0; tendencia_pos=0.0; risco=0.06,Manter rotina de vigilância laboratorial.,sklearn_gb_v1,sklearn_v1
JURUENA,influenza_a,2024,43,0.0137,-4.2785,baixo,positividade=0.0; tendencia_pos=0.0; risco=0.06,Manter rotina de vigilância laboratorial.,sklearn_gb_v1,sklearn_v1
NOVA IPIXUNA,zika,2025,5,0.0137,-4.2785,baixo,positividade=0.0; tendencia_pos=0.0; risco=0.0,Manter rotina de vigilância laboratorial.,sklearn_gb_v1,sklearn_v1
NOVA IPIXUNA,dengue,2025,5,0.0137,-4.2785,baixo,positividade=0.0; tendencia_pos=0.0; risco=0.0,Manter rotina de vigilância laboratorial.,sklearn_gb_v1,sklearn_v1
NOVA GUARITA,hepatite_c_hcv,2024,27,0.0137,-4.2785,baixo,positividade=0.0; tendencia_pos=0.0; risco=0.0,Manter rotina de vigilância laboratorial.,sklearn_gb_v1,sklearn_v1
LABREA,zika,2025,9,0.0137,-4.2785,baixo,positividade=0.0; tendencia_pos=0.0; risco=0.0,Manter rotina de vigilância laboratorial.,sklearn_gb_v1,sklearn_v1
JUINA,leptospira,2025,25,0.0137,-4.2785,baixo,positividade=0.0; tendencia_pos=0.0; risco=0.0,Manter rotina de vigilância laboratorial.,sklearn_gb_v1,sklearn_v1
JUINA,leishmaniose_visceral_humana_teste_rapido,2025,25,0.0137,-4.2785,baixo,positividade=0.0; tendencia_pos=0.0; risco=0.0,Manter rotina de vigilância laboratorial.,sklearn_gb_v1,sklearn_v1
JURUENA,hanseniase_biologia_molecular,2025,29,0.0137,-4.2785,baixo,positividade=0.0; tendencia_pos=0.0; risco=0.06,Manter rotina de vigilância laboratorial.,sklearn_gb_v1,sklearn_v1
JURUENA,fungos_teste_de_sensibilidade,2025,24,0.0137,-4.2785,baixo,positividade=0.0; tendencia_pos=0.0; risco=0.06,Manter rotina de vigilância laboratorial.,sklearn_gb_v1,sklearn_v1
JURUENA,fungos,2025,30,0.0137,-4.2785,baixo,positividade=0.0; tendencia_pos=0.0; risco=0.06,Manter rotina de vigilância laboratorial.,sklearn_gb_v1,sklearn_v1
JURUENA,cultura_para_fungos,2025,25,0.0137,-4.2785,baixo,positividade=0.0; tendencia_pos=0.0; risco=0.06,Manter rotina de vigilância laboratorial.,sklearn_gb_v1,sklearn_v1
JUNDIAI,zika,2025,18,0.0137,-4.2785,baixo,positividade=0.0; tendencia_pos=0.0; risco=0.0,Manter rotina de vigilância laboratorial.,sklearn_gb_v1,sklearn_v1
JUNDIAI,dengue,2025,18,0.0137,-4.2785,baixo,positividade=0.0; tendencia_pos=0.0; risco=0.0,Manter rotina de vigilância laboratorial.,sklearn_gb_v1,sklearn_v1
JUNDIA,toxoplasmose_igm,2025,6,0.0137,-4.2785,baixo,positividade=0.0; tendencia_pos=0.0; risco=0.0,Manter rotina de vigilância laboratorial.,sklearn_gb_v1,sklearn_v1
JUNCO DO MARANHAO,zika,2025,21,0.0137,-4.2785,baixo,positividade=0.0; tendencia_pos=0.0; risco=0.0,Manter rotina de vigilância laboratorial.,sklearn_gb_v1,sklearn_v1
JUNCO DO MARANHAO,dengue,2025,21,0.0137,-4.2785,baixo,positividade=0.0; tendencia_pos=0.0; risco=0.0,Manter rotina de vigilância laboratorial.,sklearn_gb_v1,sklearn_v1
NOVA MARILANDIA,neisseria_gonorrhoeae,2024,35,0.0137,-4.2785,baixo,positividade=0.0; tendencia_pos=0.0; risco=0.0,Manter rotina de vigilância laboratorial.,sklearn_gb_v1,sklearn_v1
NOVA MARILANDIA,influenza_b,2024,24,0.0137,-4.2785,baixo,positividade=0.0; tendencia_pos=0.0; risco=0.0,Manter rotina de vigilância laboratorial.,sklearn_gb_v1,sklearn_v1
NOVA MARILANDIA,influenza_a,2024,24,0.0137,-4.2785,baixo,positividade=0.0; tendencia_pos=0.0; risco=0.0,Manter rotina de vigilância laboratorial.,sklearn_gb_v1,sklearn_v1
NOVA LACERDA,tuberculose_cultura,2025,20,0.0137,-4.2785,baixo,positividade=0.0; tendencia_pos=0.0; risco=0.03,Manter rotina de vigilância laboratorial.,sklearn_gb_v1,sklearn_v1
NOVA MONTE VERDE,influenza_a,2025,35,0.0137,-4.2785,baixo,positividade=0.0; tendencia_pos=0.0; risco=0.01,Manter rotina de vigilância laboratorial.,sklearn_gb_v1,sklearn_v1
NOVA MONTE VERDE,chagas,2025,28,0.0137,-4.2785,baixo,positividade=0.0; tendencia_pos=0.0; risco=0.01,Manter rotina de vigilância laboratorial.,sklearn_gb_v1,sklearn_v1
NOVA MARINGA,virus_respiratorios,2024,34,0.0137,-4.2785,baixo,positividade=0.0; tendencia_pos=0.0; risco=0.03,Manter rotina de vigilância laboratorial.,sklearn_gb_v1,sklearn_v1
NOVA MARINGA,variola,2025,25,0.0137,-4.2785,baixo,positividade=0.0; tendencia_pos=0.0; risco=0.03,Manter rotina de vigilância laboratorial.,sklearn_gb_v1,sklearn_v1
JUINA,hepatite_c_hcv,2025,31,0.0137,-4.2785,baixo,positividade=0.0; tendencia_pos=0.0; risco=0.0,Manter rotina de vigilância laboratorial.,sklearn_gb_v1,sklearn_v1
NOVA MARINGA,varicela_zoster_biologia_molecular,2025,25,0.0137,-4.2785,baixo,positividade=0.0; tendencia_pos=0.0; risco=0.03,Manter rotina de vigilância laboratorial.,sklearn_gb_v1,sklearn_v1
NOVA MARINGA,tuberculose_lf_lam,2026,16,0.0137,-4.2785,baixo,positividade=0.0; tendencia_pos=0.0; risco=0.03,Manter rotina de vigilância laboratorial.,sklearn_gb_v1,sklearn_v1
NOVA MARINGA,sifilis,2025,25,0.0137,-4.2785,baixo,positividade=0.0; tendencia_pos=0.0; risco=0.03,Manter rotina de vigilância laboratorial.,sklearn_gb_v1,sklearn_v1
NOVA MARINGA,meningite_bacteriana_biologia_molecular,2025,25,0.0137,-4.2785,baixo,positividade=0.0; tendencia_pos=0.0; risco=0.03,Manter rotina de vigilância laboratorial.,sklearn_gb_v1,sklearn_v1
NOVA MARINGA,hepatite_c_hcv,2024,24,0.0137,-4.2785,baixo,positividade=0.0; tendencia_pos=0.0; risco=0.03,Manter rotina de vigilância laboratorial.,sklearn_gb_v1,sklearn_v1
NOVA MARINGA,hepatite_b_hbv,2024,50,0.0137,-4.2785,baixo,positividade=0.0; tendencia_pos=0.0; risco=0.03,Manter rotina de vigilância laboratorial.,sklearn_gb_v1,sklearn_v1
NOVA MARINGA,criptococos_teste_rapido,2026,16,0.0137,-4.2785,baixo,positividade=0.0; tendencia_pos=0.0; risco=0.03,Manter rotina de vigilância laboratorial.,sklearn_gb_v1,sklearn_v1
NOVA MARILANDIA,virus_respiratorios,2024,24,0.0137,-4.2785,baixo,positividade=0.0; tendencia_pos=0.0; risco=0.0,Manter rotina de vigilância laboratorial.,sklearn_gb_v1,sklearn_v1
NOVA MARILANDIA,tuberculose_lf_lam,2024,40,0.0137,-4.2785,baixo,positividade=0.0; tendencia_pos=0.0; risco=0.0,Manter rotina de vigilância laboratorial.,sklearn_gb_v1,sklearn_v1
NOVA MARILANDIA,tuberculose_cultura,2025,27,0.0137,-4.2785,baixo,positividade=0.0; tendencia_pos=0.0; risco=0.0,Manter rotina de vigilância laboratorial.,sklearn_gb_v1,sklearn_v1
JUINA,neisseria_gonorrhoeae,2024,52,0.0137,-4.2785,baixo,positividade=0.0; tendencia_pos=0.0; risco=0.0,Manter rotina de vigilância laboratorial.,sklearn_gb_v1,sklearn_v1
JUAZEIRO,chagas_igg,2025,15,0.0137,-4.2785,baixo,positividade=0.0; tendencia_pos=0.0; risco=0.0,Manter rotina de vigilância laboratorial.,sklearn_gb_v1,sklearn_v1
JUAZEIRO,chagas,2025,15,0.0137,-4.2785,baixo,positividade=0.0; tendencia_pos=0.0; risco=0.0,Manter rotina de vigilância laboratorial.,sklearn_gb_v1,sklearn_v1
JUARA,virus_respiratorios,2025,26,0.0137,-4.2785,baixo,positividade=0.0; tendencia_pos=0.0; risco=0.0,Manter rotina de vigilância laboratorial.,sklearn_gb_v1,sklearn_v1
JUARA,tuberculose,2025,20,0.0137,-4.2785,baixo,positividade=0.0; tendencia_pos=0.0; risco=0.0,Manter rotina de vigilância laboratorial.,sklearn_gb_v1,sklearn_v1
JUARA,sarampo_igm,2025,40,0.0137,-4.2785,baixo,positividade=0.0; tendencia_pos=0.0; risco=0.0,Manter rotina de vigilância laboratorial.,sklearn_gb_v1,sklearn_v1
JUARA,sarampo_igg,2025,40,0.0137,-4.2785,baixo,positividade=0.0; tendencia_pos=0.0; risco=0.0,Manter rotina de vigilância laboratorial.,sklearn_gb_v1,sklearn_v1
JUARA,leishmaniose_visceral_humana_teste_rapido,2025,18,0.0137,-4.2785,baixo,positividade=0.0; tendencia_pos=0.0; risco=0.0,Manter rotina de vigilância laboratorial.,sklearn_gb_v1,sklearn_v1
JUARA,influenza_b,2025,26,0.0137,-4.2785,baixo,positividade=0.0; tendencia_pos=0.0; risco=0.0,Manter rotina de vigilância laboratorial.,sklearn_gb_v1,sklearn_v1
NOVA MONTE VERDE,virus_respiratorios,2025,35,0.0137,-4.2785,baixo,positividade=0.0; tendencia_pos=0.0; risco=0.01,Manter rotina de vigilância laboratorial.,sklearn_gb_v1,sklearn_v1
NOVA MONTE VERDE,tuberculose_cultura,2025,11,0.0137,-4.2785,baixo,positividade=0.0; tendencia_pos=0.0; risco=0.01,Manter rotina de vigilância laboratorial.,sklearn_gb_v1,sklearn_v1
NOVA MONTE VERDE,sars_cov_2,2025,34,0.0137,-4.2785,baixo,positividade=0.0; tendencia_pos=0.0; risco=0.01,Manter rotina de vigilância laboratorial.,sklearn_gb_v1,sklearn_v1
NOVA MONTE VERDE,sarampo_igg,2025,35,0.0137,-4.2785,baixo,positividade=0.0; tendencia_pos=0.0; risco=0.01,Manter rotina de vigilância laboratorial.,sklearn_gb_v1,sklearn_v1
NOVA MONTE VERDE,rubeola_igm,2025,35,0.0137,-4.2785,baixo,positividade=0.0; tendencia_pos=0.0; risco=0.01,Manter rotina de vigilância laboratorial.,sklearn_gb_v1,sklearn_v1
NOVA MONTE VERDE,rubeola_igg,2025,35,0.0137,-4.2785,baixo,positividade=0.0; tendencia_pos=0.0; risco=0.01,Manter rotina de vigilância laboratorial.,sklearn_gb_v1,sklearn_v1
NOVA MONTE VERDE,influenza_b,2025,35,0.0137,-4.2785,baixo,positividade=0.0; tendencia_pos=0.0; risco=0.01,Manter rotina de vigilância laboratorial.,sklearn_gb_v1,sklearn_v1
JOAQUIM GOMES,chikungunya,2025,12,0.0137,-4.2785,baixo,positividade=0.0; tendencia_pos=0.0; risco=0.0,Manter rotina de vigilância laboratorial.,sklearn_gb_v1,sklearn_v1
JOAO PESSOA,zika,2024,23,0.0137,-4.2785,baixo,positividade=0.0; tendencia_pos=0.0; risco=0.0,Manter rotina de vigilância laboratorial.,sklearn_gb_v1,sklearn_v1
JOAO PESSOA,dengue,2025,24,0.0137,-4.2785,baixo,positividade=0.0; tendencia_pos=0.0; risco=0.0,Manter rotina de vigilância laboratorial.,sklearn_gb_v1,sklearn_v1
JOAO LISBOA,dengue,2025,23,0.0137,-4.2785,baixo,positividade=0.0; tendencia_pos=0.0; risco=0.0,Manter rotina de vigilância laboratorial.,sklearn_gb_v1,sklearn_v1
JI-PARANA,tuberculose_lf_lam,2024,39,0.0137,-4.2785,baixo,positividade=0.0; tendencia_pos=0.0; risco=0.0,Manter rotina de vigilância laboratorial.,sklearn_gb_v1,sklearn_v1
JOSELANDIA,zika,2025,28,0.0137,-4.2785,baixo,positividade=0.0; tendencia_pos=0.0; risco=0.0,Manter rotina de vigilância laboratorial.,sklearn_gb_v1,sklearn_v1
JOSELANDIA,chikungunya,2025,28,0.0137,-4.2785,baixo,positividade=0.0; tendencia_pos=0.0; risco=0.0,Manter rotina de vigilância laboratorial.,sklearn_gb_v1,sklearn_v1
JORDAO,dengue,2025,4,0.0137,-4.2785,baixo,positividade=0.0; tendencia_pos=0.0; risco=0.0,Manter rotina de vigilância laboratorial.,sklearn_gb_v1,sklearn_v1
JOINVILLE,zika,2025,15,0.0137,-4.2785,baixo,positividade=0.0; tendencia_pos=0.0; risco=0.0,Manter rotina de vigilância laboratorial.,sklearn_gb_v1,sklearn_v1
JOINVILLE,dengue,2025,15,0.0137,-4.2785,baixo,positividade=0.0; tendencia_pos=0.0; risco=0.0,Manter rotina de vigilância laboratorial.,sklearn_gb_v1,sklearn_v1
JOAQUIM PIRES,dengue,2025,6,0.0137,-4.2785,baixo,positividade=0.0; tendencia_pos=0.0; risco=0.0,Manter rotina de vigilância laboratorial.,sklearn_gb_v1,sklearn_v1
JOAQUIM GOMES,zika,2025,12,0.0137,-4.2785,baixo,positividade=0.0; tendencia_pos=0.0; risco=0.0,Manter rotina de vigilância laboratorial.,sklearn_gb_v1,sklearn_v1
JOAQUIM GOMES,dengue,2025,12,0.0137,-4.2785,baixo,positividade=0.0; tendencia_pos=0.0; risco=0.0,Manter rotina de vigilância laboratorial.,sklearn_gb_v1,sklearn_v1
JARU,influenza_b,2025,21,0.0137,-4.2785,baixo,positividade=0.0; tendencia_pos=0.0; risco=0.0,Manter rotina de vigilância laboratorial.,sklearn_gb_v1,sklearn_v1
JARU,influenza_a,2025,21,0.0137,-4.2785,baixo,positividade=0.0; tendencia_pos=0.0; risco=0.0,Manter rotina de vigilância laboratorial.,sklearn_gb_v1,sklearn_v1
JENIPAPO DOS VIEIRAS,zika,2025,30,0.0137,-4.2785,baixo,positividade=0.0; tendencia_pos=0.0; risco=0.0,Manter rotina de vigilância laboratorial.,sklearn_gb_v1,sklearn_v1
JENIPAPO DOS VIEIRAS,dengue,2025,30,0.0137,-4.2785,baixo,positividade=0.0; tendencia_pos=0.0; risco=0.0,Manter rotina de vigilância laboratorial.,sklearn_gb_v1,sklearn_v1
JAURU,virus_respiratorios,2025,22,0.0137,-4.2785,baixo,positividade=0.0; tendencia_pos=0.0; risco=0.0,Manter rotina de vigilância laboratorial.,sklearn_gb_v1,sklearn_v1
JAURU,influenza_b,2025,22,0.0137,-4.2785,baixo,positividade=0.0; tendencia_pos=0.0; risco=0.0,Manter rotina de vigilância laboratorial.,sklearn_gb_v1,sklearn_v1
JAURU,influenza_a,2025,22,0.0137,-4.2785,baixo,positividade=0.0; tendencia_pos=0.0; risco=0.0,Manter rotina de vigilância laboratorial.,sklearn_gb_v1,sklearn_v1
JAURU,fungos_teste_de_sensibilidade,2025,29,0.0137,-4.2785,baixo,positividade=0.0; tendencia_pos=0.0; risco=0.0,Manter rotina de vigilância laboratorial.,sklearn_gb_v1,sklearn_v1
NOVA OLIMPIA,hepatite_d_hdv,2024,27,0.0137,-4.2785,baixo,positividade=0.0; tendencia_pos=0.0; risco=0.0,Manter rotina de vigilância laboratorial.,sklearn_gb_v1,sklearn_v1
JARU,dengue,2025,24,0.0137,-4.2785,baixo,positividade=0.0; tendencia_pos=0.0; risco=0.0,Manter rotina de vigilância laboratorial.,sklearn_gb_v1,sklearn_v1
JARDIM,zika,2025,8,0.0137,-4.2785,baixo,positividade=0.0; tendencia_pos=0.0; risco=0.0,Manter rotina de vigilância laboratorial.,sklearn_gb_v1,sklearn_v1
JARDIM,dengue,2025,8,0.0137,-4.2785,baixo,positividade=0.0; tendencia_pos=0.0; risco=0.0,Manter rotina de vigilância laboratorial.,sklearn_gb_v1,sklearn_v1
JAPURA,zika,2024,21,0.0137,-4.2785,baixo,positividade=0.0; tendencia_pos=0.0; risco=0.0,Manter rotina de vigilância laboratorial.,sklearn_gb_v1,sklearn_v1
JAPURA,dengue,2024,21,0.0137,-4.2785,baixo,positividade=0.0; tendencia_pos=0.0; risco=0.0,Manter rotina de vigilância laboratorial.,sklearn_gb_v1,sklearn_v1
JAPARATUBA,dengue,2025,26,0.0137,-4.2785,baixo,positividade=0.0; tendencia_pos=0.0; risco=0.0,Manter rotina de vigilância laboratorial.,sklearn_gb_v1,sklearn_v1
JANUARIA,leishmaniose_visceral_humana_teste_rapido,2024,48,0.0137,-4.2785,baixo,positividade=0.0; tendencia_pos=0.0; risco=0.0,Manter rotina de vigilância laboratorial.,sklearn_gb_v1,sklearn_v1
NOVA NAZARE,zika,2024,32,0.0137,-4.2785,baixo,positividade=0.0; tendencia_pos=0.0; risco=0.12,Manter rotina de vigilância laboratorial.,sklearn_gb_v1,sklearn_v1
NOVA NAZARE,virus_respiratorios,2025,27,0.0137,-4.2785,baixo,positividade=0.0; tendencia_pos=0.0; risco=0.12,Manter rotina de vigilância laboratorial.,sklearn_gb_v1,sklearn_v1
NOVA NAZARE,hepatite_c_hcv,2025,16,0.0137,-4.2785,baixo,positividade=0.0; tendencia_pos=0.0; risco=0.12,Manter rotina de vigilância laboratorial.,sklearn_gb_v1,sklearn_v1
NOVA NAZARE,dengue,2025,7,0.0137,-4.2785,baixo,positividade=0.0; tendencia_pos=0.0; risco=0.12,Manter rotina de vigilância laboratorial.,sklearn_gb_v1,sklearn_v1
JAU,zika,2025,8,0.0137,-4.2785,baixo,positividade=0.0; tendencia_pos=0.0; risco=0.0,Manter rotina de vigilância laboratorial.,sklearn_gb_v1,sklearn_v1
JAU,dengue,2025,8,0.0137,-4.2785,baixo,positividade=0.0; tendencia_pos=0.0; risco=0.0,Manter rotina de vigilância laboratorial.,sklearn_gb_v1,sklearn_v1
JARU,zika,2025,24,0.0137,-4.2785,baixo,positividade=0.0; tendencia_pos=0.0; risco=0.0,Manter rotina de vigilância laboratorial.,sklearn_gb_v1,sklearn_v1
JARU,sars_cov_2,2025,21,0.0137,-4.2785,baixo,positividade=0.0; tendencia_pos=0.0; risco=0.0,Manter rotina de vigilância laboratorial.,sklearn_gb_v1,sklearn_v1
JANGADA,virus_respiratorios,2024,45,0.0137,-4.2785,baixo,positividade=0.0; tendencia_pos=0.0; risco=0.06,Manter rotina de vigilância laboratorial.,sklearn_gb_v1,sklearn_v1
JANGADA,tuberculose_cultura,2025,26,0.0137,-4.2785,baixo,positividade=0.0; tendencia_pos=0.0; risco=0.06,Manter rotina de vigilância laboratorial.,sklearn_gb_v1,sklearn_v1
JANGADA,tuberculose,2025,17,0.0137,-4.2785,baixo,positividade=0.0; tendencia_pos=0.0; risco=0.06,Manter rotina de vigilância laboratorial.,sklearn_gb_v1,sklearn_v1
JANGADA,toxoplasmose_igm,2025,14,0.0137,-4.2785,baixo,positividade=0.0; tendencia_pos=0.0; risco=0.06,Manter rotina de vigilância laboratorial.,sklearn_gb_v1,sklearn_v1
JANGADA,toxoplasmose_igg,2025,14,0.0137,-4.2785,baixo,positividade=0.0; tendencia_pos=0.0; risco=0.06,Manter rotina de vigilância laboratorial.,sklearn_gb_v1,sklearn_v1
JANGADA,sars_cov_2,2025,26,0.0137,-4.2785,baixo,positividade=0.0; tendencia_pos=0.0; risco=0.06,Manter rotina de vigilância laboratorial.,sklearn_gb_v1,sklearn_v1
JANGADA,rubeola_igm,2025,14,0.0137,-4.2785,baixo,positividade=0.0; tendencia_pos=0.0; risco=0.06,Manter rotina de vigilância laboratorial.,sklearn_gb_v1,sklearn_v1
JANGADA,neisseria_gonorrhoeae,2025,12,0.0137,-4.2785,baixo,positividade=0.0; tendencia_pos=0.0; risco=0.06,Manter rotina de vigilância laboratorial.,sklearn_gb_v1,sklearn_v1
JANGADA,hepatite_c_hcv,2025,13,0.0137,-4.2785,baixo,positividade=0.0; tendencia_pos=0.0; risco=0.06,Manter rotina de vigilância laboratorial.,sklearn_gb_v1,sklearn_v1
JANGADA,hepatite_b_hbv,2025,12,0.0137,-4.2785,baixo,positividade=0.0; tendencia_pos=0.0; risco=0.06,Manter rotina de vigilância laboratorial.,sklearn_gb_v1,sklearn_v1
NOVA OLIMPIA,tuberculose_lf_lam,2025,51,0.0137,-4.2785,baixo,positividade=0.0; tendencia_pos=0.0; risco=0.0,Manter rotina de vigilância laboratorial.,sklearn_gb_v1,sklearn_v1
NOVA OLIMPIA,tuberculose_cultura,2025,26,0.0137,-4.2785,baixo,positividade=0.0; tendencia_pos=0.0; risco=0.0,Manter rotina de vigilância laboratorial.,sklearn_gb_v1,sklearn_v1
NOVA OLIMPIA,sars_cov_2,2024,49,0.0137,-4.2785,baixo,positividade=0.0; tendencia_pos=0.0; risco=0.0,Manter rotina de vigilância laboratorial.,sklearn_gb_v1,sklearn_v1
NOVA OLIMPIA,neisseria_gonorrhoeae,2024,39,0.0137,-4.2785,baixo,positividade=0.0; tendencia_pos=0.0; risco=0.0,Manter rotina de vigilância laboratorial.,sklearn_gb_v1,sklearn_v1
NOVA OLIMPIA,influenza_b,2025,22,0.0137,-4.2785,baixo,positividade=0.0; tendencia_pos=0.0; risco=0.0,Manter rotina de vigilância laboratorial.,sklearn_gb_v1,sklearn_v1
NOVA TEBAS,tuberculose_cultura,2024,21,0.0137,-4.2785,baixo,positividade=0.0; tendencia_pos=0.0; risco=0.0,Manter rotina de vigilância laboratorial.,sklearn_gb_v1,sklearn_v1
NOVA SANTA HELENA,virus_respiratorios,2025,21,0.0137,-4.2785,baixo,positividade=0.0; tendencia_pos=0.0; risco=0.0,Manter rotina de vigilância laboratorial.,sklearn_gb_v1,sklearn_v1
JANGADA,citomegalovirus_igm,2025,14,0.0137,-4.2785,baixo,positividade=0.0; tendencia_pos=0.0; risco=0.06,Manter rotina de vigilância laboratorial.,sklearn_gb_v1,sklearn_v1
JANDIRA,zika,2024,30,0.0137,-4.2785,baixo,positividade=0.0; tendencia_pos=0.0; risco=0.0,Manter rotina de vigilância laboratorial.,sklearn_gb_v1,sklearn_v1
JANDIRA,dengue,2024,30,0.0137,-4.2785,baixo,positividade=0.0; tendencia_pos=0.0; risco=0.0,Manter rotina de vigilância laboratorial.,sklearn_gb_v1,sklearn_v1
JACUIPE,zika,2025,12,0.0137,-4.2785,baixo,positividade=0.0; tendencia_pos=0.0; risco=0.0,Manter rotina de vigilância laboratorial.,sklearn_gb_v1,sklearn_v1
JACUIPE,dengue,2025,12,0.0137,-4.2785,baixo,positividade=0.0; tendencia_pos=0.0; risco=0.0,Manter rotina de vigilância laboratorial.,sklearn_gb_v1,sklearn_v1
JACUIPE,chikungunya,2025,12,0.0137,-4.2785,baixo,positividade=0.0; tendencia_pos=0.0; risco=0.0,Manter rotina de vigilância laboratorial.,sklearn_gb_v1,sklearn_v1
JACOBINA,neisseria_gonorrhoeae,2026,20,0.0137,-4.2785,baixo,positividade=0.0; tendencia_pos=0.0; risco=0.0,Manter rotina de vigilância laboratorial.,sklearn_gb_v1,sklearn_v1
NOVA SANTA HELENA,sars_cov_2,2025,34,0.0137,-4.2785,baixo,positividade=0.0; tendencia_pos=0.0; risco=0.0,Manter rotina de vigilância laboratorial.,sklearn_gb_v1,sklearn_v1
NOVA SANTA HELENA,neisseria_gonorrhoeae,2024,26,0.0137,-4.2785,baixo,positividade=0.0; tendencia_pos=0.0; risco=0.0,Manter rotina de vigilância laboratorial.,sklearn_gb_v1,sklearn_v1
NOVA SANTA HELENA,influenza_b,2025,34,0.0137,-4.2785,baixo,positividade=0.0; tendencia_pos=0.0; risco=0.0,Manter rotina de vigilância laboratorial.,sklearn_gb_v1,sklearn_v1
NOVA SANTA HELENA,influenza_a,2025,34,0.0137,-4.2785,baixo,positividade=0.0; tendencia_pos=0.0; risco=0.0,Manter rotina de vigilância laboratorial.,sklearn_gb_v1,sklearn_v1
NOVA SANTA HELENA,hidatidose_igg,2025,5,0.0137,-4.2785,baixo,positividade=0.0; tendencia_pos=0.0; risco=0.0,Manter rotina de vigilância laboratorial.,sklearn_gb_v1,sklearn_v1
NOVA OLINDA DO MARANHAO,dengue,2025,6,0.0137,-4.2785,baixo,positividade=0.0; tendencia_pos=0.0; risco=0.0,Manter rotina de vigilância laboratorial.,sklearn_gb_v1,sklearn_v1
NOVA OLIMPIA,virus_respiratorios,2025,22,0.0137,-4.2785,baixo,positividade=0.0; tendencia_pos=0.0; risco=0.0,Manter rotina de vigilância laboratorial.,sklearn_gb_v1,sklearn_v1
NOVA XAVANTINA,hiv,2025,25,0.0137,-4.2785,baixo,positividade=0.0; tendencia_pos=0.0; risco=0.0,Manter rotina de vigilância laboratorial.,sklearn_gb_v1,sklearn_v1
NOVA XAVANTINA,filariose_parasitologico,2025,9,0.0137,-4.2785,baixo,positividade=0.0; tendencia_pos=0.0; risco=0.0,Manter rotina de vigilância laboratorial.,sklearn_gb_v1,sklearn_v1
NOVA XAVANTINA,brucelose_igm,2024,31,0.0137,-4.2785,baixo,positividade=0.0; tendencia_pos=0.0; risco=0.0,Manter rotina de vigilância laboratorial.,sklearn_gb_v1,sklearn_v1
NOVA XAVANTINA,brucelose,2024,31,0.0137,-4.2785,baixo,positividade=0.0; tendencia_pos=0.0; risco=0.0,Manter rotina de vigilância laboratorial.,sklearn_gb_v1,sklearn_v1
JACIARA,tuberculose_lf_lam,2026,6,0.0137,-4.2785,baixo,positividade=0.0; tendencia_pos=0.0; risco=0.0,Manter rotina de vigilância laboratorial.,sklearn_gb_v1,sklearn_v1
JACIARA,tuberculose_cultura,2025,21,0.0137,-4.2785,baixo,positividade=0.0; tendencia_pos=0.0; risco=0.0,Manter rotina de vigilância laboratorial.,sklearn_gb_v1,sklearn_v1
JACIARA,toxoplasmose_igm,2025,5,0.0137,-4.2785,baixo,positividade=0.0; tendencia_pos=0.0; risco=0.0,Manter rotina de vigilância laboratorial.,sklearn_gb_v1,sklearn_v1
JACIARA,hepatite_c_hcv,2025,16,0.0137,-4.2785,baixo,positividade=0.0; tendencia_pos=0.0; risco=0.0,Manter rotina de vigilância laboratorial.,sklearn_gb_v1,sklearn_v1
JACIARA,fungos,2025,21,0.0137,-4.2785,baixo,positividade=0.0; tendencia_pos=0.0; risco=0.0,Manter rotina de vigilância laboratorial.,sklearn_gb_v1,sklearn_v1
JACIARA,cultura_para_fungos,2025,21,0.0137,-4.2785,baixo,positividade=0.0; tendencia_pos=0.0; risco=0.0,Manter rotina de vigilância laboratorial.,sklearn_gb_v1,sklearn_v1
JACIARA,citomegalovirus_igm,2025,5,0.0137,-4.2785,baixo,positividade=0.0; tendencia_pos=0.0; risco=0.0,Manter rotina de vigilância laboratorial.,sklearn_gb_v1,sklearn_v1
NOVA UBIRATA,virus_respiratorios,2025,17,0.0137,-4.2785,baixo,positividade=0.0; tendencia_pos=0.0; risco=0.02,Manter rotina de vigilância laboratorial.,sklearn_gb_v1,sklearn_v1
NOVA UBIRATA,tuberculose_lf_lam,2025,51,0.0137,-4.2785,baixo,positividade=0.0; tendencia_pos=0.0; risco=0.02,Manter rotina de vigilância laboratorial.,sklearn_gb_v1,sklearn_v1
NOVA UBIRATA,influenza_b,2025,17,0.0137,-4.2785,baixo,positividade=0.0; tendencia_pos=0.0; risco=0.02,Manter rotina de vigilância laboratorial.,sklearn_gb_v1,sklearn_v1
NOVA UBIRATA,influenza_a,2025,17,0.0137,-4.2785,baixo,positividade=0.0; tendencia_pos=0.0; risco=0.02,Manter rotina de vigilância laboratorial.,sklearn_gb_v1,sklearn_v1
NOVA UBIRATA,hepatite_c_hcv,2025,33,0.0137,-4.2785,baixo,positividade=0.0; tendencia_pos=0.0; risco=0.02,Manter rotina de vigilância laboratorial.,sklearn_gb_v1,sklearn_v1
ITUPEVA,chikungunya,2025,13,0.0137,-4.2785,baixo,positividade=0.0; tendencia_pos=0.0; risco=0.0,Manter rotina de vigilância laboratorial.,sklearn_gb_v1,sklearn_v1
ITUMBIARA,zika,2025,12,0.0137,-4.2785,baixo,positividade=0.0; tendencia_pos=0.0; risco=0.0,Manter rotina de vigilância laboratorial.,sklearn_gb_v1,sklearn_v1
ITUMBIARA,influenza_b,2024,32,0.0137,-4.2785,baixo,positividade=0.0; tendencia_pos=0.0; risco=0.0,Manter rotina de vigilância laboratorial.,sklearn_gb_v1,sklearn_v1
JACAREACANGA,zika,2025,34,0.0137,-4.2785,baixo,positividade=0.0; tendencia_pos=0.0; risco=0.0,Manter rotina de vigilância laboratorial.,sklearn_gb_v1,sklearn_v1
JACAREACANGA,virus_respiratorios,2024,31,0.0137,-4.2785,baixo,positividade=0.0; tendencia_pos=0.0; risco=0.0,Manter rotina de vigilância laboratorial.,sklearn_gb_v1,sklearn_v1
JACAREACANGA,influenza_b,2024,31,0.0137,-4.2785,baixo,positividade=0.0; tendencia_pos=0.0; risco=0.0,Manter rotina de vigilância laboratorial.,sklearn_gb_v1,sklearn_v1
JACAREACANGA,influenza_a,2024,31,0.0137,-4.2785,baixo,positividade=0.0; tendencia_pos=0.0; risco=0.0,Manter rotina de vigilância laboratorial.,sklearn_gb_v1,sklearn_v1
JACAREACANGA,dengue,2025,34,0.0137,-4.2785,baixo,positividade=0.0; tendencia_pos=0.0; risco=0.0,Manter rotina de vigilância laboratorial.,sklearn_gb_v1,sklearn_v1
JACAREACANGA,chikungunya,2025,34,0.0137,-4.2785,baixo,positividade=0.0; tendencia_pos=0.0; risco=0.0,Manter rotina de vigilância laboratorial.,sklearn_gb_v1,sklearn_v1
JABOTICABAL,zika,2025,8,0.0137,-4.2785,baixo,positividade=0.0; tendencia_pos=0.0; risco=0.0,Manter rotina de vigilância laboratorial.,sklearn_gb_v1,sklearn_v1
JABOTICABAL,chikungunya,2025,8,0.0137,-4.2785,baixo,positividade=0.0; tendencia_pos=0.0; risco=0.0,Manter rotina de vigilância laboratorial.,sklearn_gb_v1,sklearn_v1
NOVA XAVANTINA,zika,2025,27,0.0137,-4.2785,baixo,positividade=0.0; tendencia_pos=0.0; risco=0.0,Manter rotina de vigilância laboratorial.,sklearn_gb_v1,sklearn_v1
NOVA XAVANTINA,virus_respiratorios,2025,29,0.0137,-4.2785,baixo,positividade=0.0; tendencia_pos=0.0; risco=0.0,Manter rotina de vigilância laboratorial.,sklearn_gb_v1,sklearn_v1
NOVA XAVANTINA,sars_cov_2,2025,34,0.0137,-4.2785,baixo,positividade=0.0; tendencia_pos=0.0; risco=0.0,Manter rotina de vigilância laboratorial.,sklearn_gb_v1,sklearn_v1
NOVA XAVANTINA,influenza_b,2025,34,0.0137,-4.2785,baixo,positividade=0.0; tendencia_pos=0.0; risco=0.0,Manter rotina de vigilância laboratorial.,sklearn_gb_v1,sklearn_v1
ITUMBIARA,dengue,2025,12,0.0137,-4.2785,baixo,positividade=0.0; tendencia_pos=0.0; risco=0.0,Manter rotina de vigilância laboratorial.,sklearn_gb_v1,sklearn_v1
ITIQUIRA,virus_respiratorios,2025,22,0.0137,-4.2785,baixo,positividade=0.0; tendencia_pos=0.0; risco=0.0,Manter rotina de vigilância laboratorial.,sklearn_gb_v1,sklearn_v1
ITAUBA,variola,2025,11,0.0137,-4.2785,baixo,positividade=0.0; tendencia_pos=0.0; risco=0.0,Manter rotina de vigilância laboratorial.,sklearn_gb_v1,sklearn_v1
ITAUBA,varicela_zoster_biologia_molecular,2025,11,0.0137,-4.2785,baixo,positividade=0.0; tendencia_pos=0.0; risco=0.0,Manter rotina de vigilância laboratorial.,sklearn_gb_v1,sklearn_v1
ITAUBA,tuberculose_cultura,2025,16,0.0137,-4.2785,baixo,positividade=0.0; tendencia_pos=0.0; risco=0.0,Manter rotina de vigilância laboratorial.,sklearn_gb_v1,sklearn_v1
NOVO HORIZONTE DO NORTE,tuberculose_cultura,2024,28,0.0137,-4.2785,baixo,positividade=0.0; tendencia_pos=0.0; risco=0.0,Manter rotina de vigilância laboratorial.,sklearn_gb_v1,sklearn_v1
NOVO HORIZONTE DO NORTE,sars_cov_2,2025,14,0.0137,-4.2785,baixo,positividade=0.0; tendencia_pos=0.0; risco=0.0,Manter rotina de vigilância laboratorial.,sklearn_gb_v1,sklearn_v1
NOVO HORIZONTE DO NORTE,leishmaniose_visceral_humana_teste_rapido,2025,6,0.0137,-4.2785,baixo,positividade=0.0; tendencia_pos=0.0; risco=0.0,Manter rotina de vigilância laboratorial.,sklearn_gb_v1,sklearn_v1
IVAIPORA,zika,2025,11,0.0137,-4.2785,baixo,positividade=0.0; tendencia_pos=0.0; risco=0.0,Manter rotina de vigilância laboratorial.,sklearn_gb_v1,sklearn_v1
IVAIPORA,dengue,2025,11,0.0137,-4.2785,baixo,positividade=0.0; tendencia_pos=0.0; risco=0.0,Manter rotina de vigilância laboratorial.,sklearn_gb_v1,sklearn_v1
ITUPIRANGA,zika,2025,13,0.0137,-4.2785,baixo,positividade=0.0; tendencia_pos=0.0; risco=0.0,Manter rotina de vigilância laboratorial.,sklearn_gb_v1,sklearn_v1
ITUPIRANGA,chikungunya,2025,13,0.0137,-4.2785,baixo,positividade=0.0; tendencia_pos=0.0; risco=0.0,Manter rotina de vigilância laboratorial.,sklearn_gb_v1,sklearn_v1
ITUPEVA,zika,2025,13,0.0137,-4.2785,baixo,positividade=0.0; tendencia_pos=0.0; risco=0.0,Manter rotina de vigilância laboratorial.,sklearn_gb_v1,sklearn_v1
ITUPEVA,dengue,2025,13,0.0137,-4.2785,baixo,positividade=0.0; tendencia_pos=0.0; risco=0.0,Manter rotina de vigilância laboratorial.,sklearn_gb_v1,sklearn_v1
ITAUBA,influenza_a,2025,34,0.0137,-4.2785,baixo,positividade=0.0; tendencia_pos=0.0; risco=0.0,Manter rotina de vigilância laboratorial.,sklearn_gb_v1,sklearn_v1
ITAUBA,hepatite_c_hcv,2025,22,0.0137,-4.2785,baixo,positividade=0.0; tendencia_pos=0.0; risco=0.0,Manter rotina de vigilância laboratorial.,sklearn_gb_v1,sklearn_v1
ITATIAIUCU,sars_cov_2,2025,29,0.0137,-4.2785,baixo,positividade=0.0; tendencia_pos=0.0; risco=0.0,Manter rotina de vigilância laboratorial.,sklearn_gb_v1,sklearn_v1
ITATIAIUCU,influenza_b,2025,29,0.0137,-4.2785,baixo,positividade=0.0; tendencia_pos=0.0; risco=0.0,Manter rotina de vigilância laboratorial.,sklearn_gb_v1,sklearn_v1
ITATIAIUCU,influenza_a,2025,29,0.0137,-4.2785,baixo,positividade=0.0; tendencia_pos=0.0; risco=0.0,Manter rotina de vigilância laboratorial.,sklearn_gb_v1,sklearn_v1
ITARUMA,zika,2025,3,0.0137,-4.2785,baixo,positividade=0.0; tendencia_pos=0.0; risco=0.0,Manter rotina de vigilância laboratorial.,sklearn_gb_v1,sklearn_v1
ITARUMA,dengue,2025,3,0.0137,-4.2785,baixo,positividade=0.0; tendencia_pos=0.0; risco=0.0,Manter rotina de vigilância laboratorial.,sklearn_gb_v1,sklearn_v1
ITARUMA,chikungunya,2025,3,0.0137,-4.2785,baixo,positividade=0.0; tendencia_pos=0.0; risco=0.0,Manter rotina de vigilância laboratorial.,sklearn_gb_v1,sklearn_v1
ITAPOA,zika,2025,7,0.0137,-4.2785,baixo,positividade=0.0; tendencia_pos=0.0; risco=0.0,Manter rotina de vigilância laboratorial.,sklearn_gb_v1,sklearn_v1
ITAPOA,dengue,2025,7,0.0137,-4.2785,baixo,positividade=0.0; tendencia_pos=0.0; risco=0.0,Manter rotina de vigilância laboratorial.,sklearn_gb_v1,sklearn_v1
NOVO PROGRESSO,rifampicina,2025,25,0.0137,-4.2785,baixo,positividade=0.0; tendencia_pos=0.0; risco=0.0,Manter rotina de vigilância laboratorial.,sklearn_gb_v1,sklearn_v1
NOVO PROGRESSO,leishmaniose_visceral_humana_teste_rapido,2025,29,0.0137,-4.2785,baixo,positividade=0.0; tendencia_pos=0.0; risco=0.0,Manter rotina de vigilância laboratorial.,sklearn_gb_v1,sklearn_v1
NOVO MUNDO,tuberculose_cultura,2025,4,0.0137,-4.2785,baixo,positividade=0.0; tendencia_pos=0.0; risco=0.01,Manter rotina de vigilância laboratorial.,sklearn_gb_v1,sklearn_v1
NOVO MUNDO,influenza_b,2024,22,0.0137,-4.2785,baixo,positividade=0.0; tendencia_pos=0.0; risco=0.01,Manter rotina de vigilância laboratorial.,sklearn_gb_v1,sklearn_v1
NOVO MUNDO,influenza_a,2024,22,0.0137,-4.2785,baixo,positividade=0.0; tendencia_pos=0.0; risco=0.01,Manter rotina de vigilância laboratorial.,sklearn_gb_v1,sklearn_v1
ITUMBIARA,influenza_a,2024,32,0.0137,-4.2785,baixo,positividade=0.0; tendencia_pos=0.0; risco=0.0,Manter rotina de vigilância laboratorial.,sklearn_gb_v1,sklearn_v1
ITAPOA,chikungunya,2025,7,0.0137,-4.2785,baixo,positividade=0.0; tendencia_pos=0.0; risco=0.0,Manter rotina de vigilância laboratorial.,sklearn_gb_v1,sklearn_v1
ITAPIRA,zika,2024,34,0.0137,-4.2785,baixo,positividade=0.0; tendencia_pos=0.0; risco=0.0,Manter rotina de vigilância laboratorial.,sklearn_gb_v1,sklearn_v1
ITAPIRA,dengue,2024,34,0.0137,-4.2785,baixo,positividade=0.0; tendencia_pos=0.0; risco=0.0,Manter rotina de vigilância laboratorial.,sklearn_gb_v1,sklearn_v1
ITAPIRA,chikungunya,2024,34,0.0137,-4.2785,baixo,positividade=0.0; tendencia_pos=0.0; risco=0.0,Manter rotina de vigilância laboratorial.,sklearn_gb_v1,sklearn_v1
ITAPECURU MIRIM,chikungunya,2025,11,0.0137,-4.2785,baixo,positividade=0.0; tendencia_pos=0.0; risco=0.0,Manter rotina de vigilância laboratorial.,sklearn_gb_v1,sklearn_v1
ITANHANGA,zika,2025,23,0.0137,-4.2785,baixo,positividade=0.0; tendencia_pos=0.0; risco=0.0,Manter rotina de vigilância laboratorial.,sklearn_gb_v1,sklearn_v1
ITANHANGA,tuberculose_cultura,2025,2,0.0137,-4.2785,baixo,positividade=0.0; tendencia_pos=0.0; risco=0.0,Manter rotina de vigilância laboratorial.,sklearn_gb_v1,sklearn_v1
NOVO PROGRESSO,virus_respiratorios,2025,18,0.0137,-4.2785,baixo,positividade=0.0; tendencia_pos=0.0; risco=0.0,Manter rotina de vigilância laboratorial.,sklearn_gb_v1,sklearn_v1
NOVO PROGRESSO,tuberculose_cultura,2025,27,0.0137,-4.2785,baixo,positividade=0.0; tendencia_pos=0.0; risco=0.0,Manter rotina de vigilância laboratorial.,sklearn_gb_v1,sklearn_v1
ITAUBA,leptospira,2024,48,0.0137,-4.2785,baixo,positividade=0.0; tendencia_pos=0.0; risco=0.0,Manter rotina de vigilância laboratorial.,sklearn_gb_v1,sklearn_v1
ITAUBA,influenza_b,2025,34,0.0137,-4.2785,baixo,positividade=0.0; tendencia_pos=0.0; risco=0.0,Manter rotina de vigilância laboratorial.,sklearn_gb_v1,sklearn_v1
ITAJAI,dengue,2025,2,0.0137,-4.2785,baixo,positividade=0.0; tendencia_pos=0.0; risco=0.0,Manter rotina de vigilância laboratorial.,sklearn_gb_v1,sklearn_v1
ITAITUBA,sars_cov_2,2025,30,0.0137,-4.2785,baixo,positividade=0.0; tendencia_pos=0.0; risco=0.0,Manter rotina de vigilância laboratorial.,sklearn_gb_v1,sklearn_v1
ITAITUBA,influenza_b,2025,30,0.0137,-4.2785,baixo,positividade=0.0; tendencia_pos=0.0; risco=0.0,Manter rotina de vigilância laboratorial.,sklearn_gb_v1,sklearn_v1
ITAITUBA,influenza_a,2025,30,0.0137,-4.2785,baixo,positividade=0.0; tendencia_pos=0.0; risco=0.0,Manter rotina de vigilância laboratorial.,sklearn_gb_v1,sklearn_v1
ITAIPAVA DO GRAJAU,virus_respiratorios,2025,14,0.0137,-4.2785,baixo,positividade=0.0; tendencia_pos=0.0; risco=0.0,Manter rotina de vigilância laboratorial.,sklearn_gb_v1,sklearn_v1
ITAIPAVA DO GRAJAU,influenza_b,2025,14,0.0137,-4.2785,baixo,positividade=0.0; tendencia_pos=0.0; risco=0.0,Manter rotina de vigilância laboratorial.,sklearn_gb_v1,sklearn_v1
ITAIPAVA DO GRAJAU,influenza_a,2025,14,0.0137,-4.2785,baixo,positividade=0.0; tendencia_pos=0.0; risco=0.0,Manter rotina de vigilância laboratorial.,sklearn_gb_v1,sklearn_v1
OCARA,rifampicina,2024,45,0.0137,-4.2785,baixo,positividade=0.0; tendencia_pos=0.0; risco=0.0,Manter rotina de vigilância laboratorial.,sklearn_gb_v1,sklearn_v1
NOVO SAO JOAQUIM,virus_respiratorios,2024,24,0.0137,-4.2785,baixo,positividade=0.0; tendencia_pos=0.0; risco=0.04,Manter rotina de vigilância laboratorial.,sklearn_gb_v1,sklearn_v1
NOVO SAO JOAQUIM,sars_cov_2,2024,45,0.0137,-4.2785,baixo,positividade=0.0; tendencia_pos=0.0; risco=0.04,Manter rotina de vigilância laboratorial.,sklearn_gb_v1,sklearn_v1
NOVO SAO JOAQUIM,influenza_b,2024,45,0.0137,-4.2785,baixo,positividade=0.0; tendencia_pos=0.0; risco=0.04,Manter rotina de vigilância laboratorial.,sklearn_gb_v1,sklearn_v1
NOVO SAO JOAQUIM,influenza_a,2024,45,0.0137,-4.2785,baixo,positividade=0.0; tendencia_pos=0.0; risco=0.04,Manter rotina de vigilância laboratorial.,sklearn_gb_v1,sklearn_v1
ITAI,zika,2025,23,0.0137,-4.2785,baixo,positividade=0.0; tendencia_pos=0.0; risco=0.0,Manter rotina de vigilância laboratorial.,sklearn_gb_v1,sklearn_v1
ITAI,chikungunya,2025,23,0.0137,-4.2785,baixo,positividade=0.0; tendencia_pos=0.0; risco=0.0,Manter rotina de vigilância laboratorial.,sklearn_gb_v1,sklearn_v1
ITAGUATINS,zika,2025,7,0.0137,-4.2785,baixo,positividade=0.0; tendencia_pos=0.0; risco=0.0,Manter rotina de vigilância laboratorial.,sklearn_gb_v1,sklearn_v1
ITAGUATINS,dengue,2025,7,0.0137,-4.2785,baixo,positividade=0.0; tendencia_pos=0.0; risco=0.0,Manter rotina de vigilância laboratorial.,sklearn_gb_v1,sklearn_v1
ITAGUATINS,chikungunya,2025,7,0.0137,-4.2785,baixo,positividade=0.0; tendencia_pos=0.0; risco=0.0,Manter rotina de vigilância laboratorial.,sklearn_gb_v1,sklearn_v1
ITAGUATINS,chagas_igg,2025,29,0.0137,-4.2785,baixo,positividade=0.0; tendencia_pos=0.0; risco=0.0,Manter rotina de vigilância laboratorial.,sklearn_gb_v1,sklearn_v1
ITAGUATINS,chagas,2025,29,0.0137,-4.2785,baixo,positividade=0.0; tendencia_pos=0.0; risco=0.0,Manter rotina de vigilância laboratorial.,sklearn_gb_v1,sklearn_v1
ITAGUAI,tuberculose_lf_lam,2024,42,0.0137,-4.2785,baixo,positividade=0.0; tendencia_pos=0.0; risco=0.0,Manter rotina de vigilância laboratorial.,sklearn_gb_v1,sklearn_v1
ITACOATIARA,zika,2025,20,0.0137,-4.2785,baixo,positividade=0.0; tendencia_pos=0.0; risco=0.0,Manter rotina de vigilância laboratorial.,sklearn_gb_v1,sklearn_v1
OSORIO,dengue,2025,4,0.0137,-4.2785,baixo,positividade=0.0; tendencia_pos=0.0; risco=0.0,Manter rotina de vigilância laboratorial.,sklearn_gb_v1,sklearn_v1
OSASCO,dengue,2025,4,0.0137,-4.2785,baixo,positividade=0.0; tendencia_pos=0.0; risco=0.0,Manter rotina de vigilância laboratorial.,sklearn_gb_v1,sklearn_v1
ORLEANS,zika,2025,26,0.0137,-4.2785,baixo,positividade=0.0; tendencia_pos=0.0; risco=0.0,Manter rotina de vigilância laboratorial.,sklearn_gb_v1,sklearn_v1
ORLEANS,dengue,2025,26,0.0137,-4.2785,baixo,positividade=0.0; tendencia_pos=0.0; risco=0.0,Manter rotina de vigilância laboratorial.,sklearn_gb_v1,sklearn_v1
ORIXIMINA,dengue,2025,22,0.0137,-4.2785,baixo,positividade=0.0; tendencia_pos=0.0; risco=0.0,Manter rotina de vigilância laboratorial.,sklearn_gb_v1,sklearn_v1
OLINDA,rifampicina,2024,25,0.0137,-4.2785,baixo,positividade=0.0; tendencia_pos=0.0; risco=0.0,Manter rotina de vigilância laboratorial.,sklearn_gb_v1,sklearn_v1
IRITUIA,dengue,2024,52,0.0137,-4.2785,baixo,positividade=0.0; tendencia_pos=0.0; risco=0.0,Manter rotina de vigilância laboratorial.,sklearn_gb_v1,sklearn_v1
IPORA,virus_respiratorios,2025,35,0.0137,-4.2785,baixo,positividade=0.0; tendencia_pos=0.0; risco=0.0,Manter rotina de vigilância laboratorial.,sklearn_gb_v1,sklearn_v1
IPORA,tuberculose_lf_lam,2026,15,0.0137,-4.2785,baixo,positividade=0.0; tendencia_pos=0.0; risco=0.0,Manter rotina de vigilância laboratorial.,sklearn_gb_v1,sklearn_v1
IPORA,influenza_b,2025,35,0.0137,-4.2785,baixo,positividade=0.0; tendencia_pos=0.0; risco=0.0,Manter rotina de vigilância laboratorial.,sklearn_gb_v1,sklearn_v1
IPORA,influenza_a,2025,35,0.0137,-4.2785,baixo,positividade=0.0; tendencia_pos=0.0; risco=0.0,Manter rotina de vigilância laboratorial.,sklearn_gb_v1,sklearn_v1
IPOJUCA,zika,2025,18,0.0137,-4.2785,baixo,positividade=0.0; tendencia_pos=0.0; risco=0.0,Manter rotina de vigilância laboratorial.,sklearn_gb_v1,sklearn_v1
IPOJUCA,dengue,2025,18,0.0137,-4.2785,baixo,positividade=0.0; tendencia_pos=0.0; risco=0.0,Manter rotina de vigilância laboratorial.,sklearn_gb_v1,sklearn_v1
PACAJA,zika,2025,18,0.0137,-4.2785,baixo,positividade=0.0; tendencia_pos=0.0; risco=0.0,Manter rotina de vigilância laboratorial.,sklearn_gb_v1,sklearn_v1
PACAJA,chikungunya,2025,18,0.0137,-4.2785,baixo,positividade=0.0; tendencia_pos=0.0; risco=0.0,Manter rotina de vigilância laboratorial.,sklearn_gb_v1,sklearn_v1
OURO PRETO DO OESTE,zika,2025,23,0.0137,-4.2785,baixo,positividade=0.0; tendencia_pos=0.0; risco=0.0,Manter rotina de vigilância laboratorial.,sklearn_gb_v1,sklearn_v1
OURO PRETO DO OESTE,dengue,2025,23,0.0137,-4.2785,baixo,positividade=0.0; tendencia_pos=0.0; risco=0.0,Manter rotina de vigilância laboratorial.,sklearn_gb_v1,sklearn_v1
OURINHOS,dengue,2025,19,0.0137,-4.2785,baixo,positividade=0.0; tendencia_pos=0.0; risco=0.0,Manter rotina de vigilância laboratorial.,sklearn_gb_v1,sklearn_v1
OURILANDIA DO NORTE,zika,2025,19,0.0137,-4.2785,baixo,positividade=0.0; tendencia_pos=0.0; risco=0.0,Manter rotina de vigilância laboratorial.,sklearn_gb_v1,sklearn_v1
OURILANDIA DO NORTE,chikungunya,2025,19,0.0137,-4.2785,baixo,positividade=0.0; tendencia_pos=0.0; risco=0.0,Manter rotina de vigilância laboratorial.,sklearn_gb_v1,sklearn_v1
OURICURI,dengue,2025,23,0.0137,-4.2785,baixo,positividade=0.0; tendencia_pos=0.0; risco=0.0,Manter rotina de vigilância laboratorial.,sklearn_gb_v1,sklearn_v1
PALMEIRAS DE GOIAS,chikungunya,2026,13,0.0137,-4.2785,baixo,positividade=0.0; tendencia_pos=0.0; risco=0.0,Manter rotina de vigilância laboratorial.,sklearn_gb_v1,sklearn_v1
PALMEIRA D''OESTE,zika,2025,21,0.0137,-4.2785,baixo,positividade=0.0; tendencia_pos=0.0; risco=0.0,Manter rotina de vigilância laboratorial.,sklearn_gb_v1,sklearn_v1
PALMEIRA D''OESTE,chikungunya,2025,21,0.0137,-4.2785,baixo,positividade=0.0; tendencia_pos=0.0; risco=0.0,Manter rotina de vigilância laboratorial.,sklearn_gb_v1,sklearn_v1
PALMAS,leptospira,2025,11,0.0137,-4.2785,baixo,positividade=0.0; tendencia_pos=0.0; risco=0.0,Manter rotina de vigilância laboratorial.,sklearn_gb_v1,sklearn_v1
PALHOCA,tuberculose_lf_lam,2024,30,0.0137,-4.2785,baixo,positividade=0.0; tendencia_pos=0.0; risco=0.0,Manter rotina de vigilância laboratorial.,sklearn_gb_v1,sklearn_v1
PACARAIMA,zika,2025,34,0.0137,-4.2785,baixo,positividade=0.0; tendencia_pos=0.0; risco=0.0,Manter rotina de vigilância laboratorial.,sklearn_gb_v1,sklearn_v1
PACARAIMA,rifampicina,2026,11,0.0137,-4.2785,baixo,positividade=0.0; tendencia_pos=0.0; risco=0.0,Manter rotina de vigilância laboratorial.,sklearn_gb_v1,sklearn_v1
PACARAIMA,dengue,2025,34,0.0137,-4.2785,baixo,positividade=0.0; tendencia_pos=0.0; risco=0.0,Manter rotina de vigilância laboratorial.,sklearn_gb_v1,sklearn_v1
IPIXUNA DO PARA,dengue,2025,18,0.0137,-4.2785,baixo,positividade=0.0; tendencia_pos=0.0; risco=0.0,Manter rotina de vigilância laboratorial.,sklearn_gb_v1,sklearn_v1
IPAMERI,zika,2024,22,0.0137,-4.2785,baixo,positividade=0.0; tendencia_pos=0.0; risco=0.0,Manter rotina de vigilância laboratorial.,sklearn_gb_v1,sklearn_v1
IPAMERI,chikungunya,2025,6,0.0137,-4.2785,baixo,positividade=0.0; tendencia_pos=0.0; risco=0.0,Manter rotina de vigilância laboratorial.,sklearn_gb_v1,sklearn_v1
ITABUNA,zika,2025,21,0.0137,-4.2785,baixo,positividade=0.0; tendencia_pos=0.0; risco=0.0,Manter rotina de vigilância laboratorial.,sklearn_gb_v1,sklearn_v1
ITABUNA,chikungunya,2025,21,0.0137,-4.2785,baixo,positividade=0.0; tendencia_pos=0.0; risco=0.0,Manter rotina de vigilância laboratorial.,sklearn_gb_v1,sklearn_v1
ITABERA,dengue,2025,12,0.0137,-4.2785,baixo,positividade=0.0; tendencia_pos=0.0; risco=0.0,Manter rotina de vigilância laboratorial.,sklearn_gb_v1,sklearn_v1
IRITUIA,zika,2024,52,0.0137,-4.2785,baixo,positividade=0.0; tendencia_pos=0.0; risco=0.0,Manter rotina de vigilância laboratorial.,sklearn_gb_v1,sklearn_v1
PALMITOS,influenza_b,2024,33,0.0137,-4.2785,baixo,positividade=0.0; tendencia_pos=0.0; risco=0.0,Manter rotina de vigilância laboratorial.,sklearn_gb_v1,sklearn_v1
PALMITOS,influenza_a,2024,33,0.0137,-4.2785,baixo,positividade=0.0; tendencia_pos=0.0; risco=0.0,Manter rotina de vigilância laboratorial.,sklearn_gb_v1,sklearn_v1
PALMEIRAS DE GOIAS,zika,2026,13,0.0137,-4.2785,baixo,positividade=0.0; tendencia_pos=0.0; risco=0.0,Manter rotina de vigilância laboratorial.,sklearn_gb_v1,sklearn_v1
PALMEIRAS DE GOIAS,rifampicina,2025,21,0.0137,-4.2785,baixo,positividade=0.0; tendencia_pos=0.0; risco=0.0,Manter rotina de vigilância laboratorial.,sklearn_gb_v1,sklearn_v1
INHUMAS,sars_cov_2,2024,31,0.0137,-4.2785,baixo,positividade=0.0; tendencia_pos=0.0; risco=0.0,Manter rotina de vigilância laboratorial.,sklearn_gb_v1,sklearn_v1
INHUMAS,influenza_b,2024,31,0.0137,-4.2785,baixo,positividade=0.0; tendencia_pos=0.0; risco=0.0,Manter rotina de vigilância laboratorial.,sklearn_gb_v1,sklearn_v1
INHUMAS,influenza_a,2024,31,0.0137,-4.2785,baixo,positividade=0.0; tendencia_pos=0.0; risco=0.0,Manter rotina de vigilância laboratorial.,sklearn_gb_v1,sklearn_v1
INHANGAPI,chagas_igg,2025,30,0.0137,-4.2785,baixo,positividade=0.0; tendencia_pos=0.0; risco=0.0,Manter rotina de vigilância laboratorial.,sklearn_gb_v1,sklearn_v1
INHANGAPI,chagas,2025,30,0.0137,-4.2785,baixo,positividade=0.0; tendencia_pos=0.0; risco=0.0,Manter rotina de vigilância laboratorial.,sklearn_gb_v1,sklearn_v1
INDIAVAI,virus_respiratorios,2024,50,0.0137,-4.2785,baixo,positividade=0.0; tendencia_pos=0.0; risco=0.03,Manter rotina de vigilância laboratorial.,sklearn_gb_v1,sklearn_v1
INDIAVAI,tuberculose,2025,8,0.0137,-4.2785,baixo,positividade=0.0; tendencia_pos=0.0; risco=0.03,Manter rotina de vigilância laboratorial.,sklearn_gb_v1,sklearn_v1
INDIAVAI,sars_cov_2,2024,23,0.0137,-4.2785,baixo,positividade=0.0; tendencia_pos=0.0; risco=0.03,Manter rotina de vigilância laboratorial.,sklearn_gb_v1,sklearn_v1
INDIAVAI,rifampicina,2024,39,0.0137,-4.2785,baixo,positividade=0.0; tendencia_pos=0.0; risco=0.03,Manter rotina de vigilância laboratorial.,sklearn_gb_v1,sklearn_v1
INDIAVAI,influenza_b,2024,50,0.0137,-4.2785,baixo,positividade=0.0; tendencia_pos=0.0; risco=0.03,Manter rotina de vigilância laboratorial.,sklearn_gb_v1,sklearn_v1
INDIAVAI,influenza_a,2024,50,0.0137,-4.2785,baixo,positividade=0.0; tendencia_pos=0.0; risco=0.03,Manter rotina de vigilância laboratorial.,sklearn_gb_v1,sklearn_v1
PALMEIRAS DE GOIAS,dengue,2026,13,0.0137,-4.2785,baixo,positividade=0.0; tendencia_pos=0.0; risco=0.0,Manter rotina de vigilância laboratorial.,sklearn_gb_v1,sklearn_v1
PARAISO DO NORTE,rifampicina,2025,28,0.0137,-4.2785,baixo,positividade=0.0; tendencia_pos=0.0; risco=0.0,Manter rotina de vigilância laboratorial.,sklearn_gb_v1,sklearn_v1
PARAISO,zika,2025,16,0.0137,-4.2785,baixo,positividade=0.0; tendencia_pos=0.0; risco=0.0,Manter rotina de vigilância laboratorial.,sklearn_gb_v1,sklearn_v1
PARAISO,dengue,2025,16,0.0137,-4.2785,baixo,positividade=0.0; tendencia_pos=0.0; risco=0.0,Manter rotina de vigilância laboratorial.,sklearn_gb_v1,sklearn_v1
PARAGUACU PAULISTA,dengue,2024,33,0.0137,-4.2785,baixo,positividade=0.0; tendencia_pos=0.0; risco=0.0,Manter rotina de vigilância laboratorial.,sklearn_gb_v1,sklearn_v1
PARAGOMINAS,zika,2025,6,0.0137,-4.2785,baixo,positividade=0.0; tendencia_pos=0.0; risco=0.0,Manter rotina de vigilância laboratorial.,sklearn_gb_v1,sklearn_v1
PARAGOMINAS,virus_respiratorios,2024,27,0.0137,-4.2785,baixo,positividade=0.0; tendencia_pos=0.0; risco=0.0,Manter rotina de vigilância laboratorial.,sklearn_gb_v1,sklearn_v1
PARAGOMINAS,sars_cov_2,2026,17,0.0137,-4.2785,baixo,positividade=0.0; tendencia_pos=0.0; risco=0.0,Manter rotina de vigilância laboratorial.,sklearn_gb_v1,sklearn_v1
PARAGOMINAS,influenza_b,2026,17,0.0137,-4.2785,baixo,positividade=0.0; tendencia_pos=0.0; risco=0.0,Manter rotina de vigilância laboratorial.,sklearn_gb_v1,sklearn_v1
PARAGOMINAS,influenza_a,2026,17,0.0137,-4.2785,baixo,positividade=0.0; tendencia_pos=0.0; risco=0.0,Manter rotina de vigilância laboratorial.,sklearn_gb_v1,sklearn_v1
PARAGOMINAS,dengue,2025,6,0.0137,-4.2785,baixo,positividade=0.0; tendencia_pos=0.0; risco=0.0,Manter rotina de vigilância laboratorial.,sklearn_gb_v1,sklearn_v1
PAO DE ACUCAR,zika,2025,18,0.0137,-4.2785,baixo,positividade=0.0; tendencia_pos=0.0; risco=0.0,Manter rotina de vigilância laboratorial.,sklearn_gb_v1,sklearn_v1
PAO DE ACUCAR,dengue,2025,18,0.0137,-4.2785,baixo,positividade=0.0; tendencia_pos=0.0; risco=0.0,Manter rotina de vigilância laboratorial.,sklearn_gb_v1,sklearn_v1
PANAMBI,sars_cov_2,2025,12,0.0137,-4.2785,baixo,positividade=0.0; tendencia_pos=0.0; risco=0.0,Manter rotina de vigilância laboratorial.,sklearn_gb_v1,sklearn_v1
PANAMBI,influenza_b,2025,12,0.0137,-4.2785,baixo,positividade=0.0; tendencia_pos=0.0; risco=0.0,Manter rotina de vigilância laboratorial.,sklearn_gb_v1,sklearn_v1
PANAMBI,influenza_a,2025,12,0.0137,-4.2785,baixo,positividade=0.0; tendencia_pos=0.0; risco=0.0,Manter rotina de vigilância laboratorial.,sklearn_gb_v1,sklearn_v1
PALMITOS,sars_cov_2,2024,33,0.0137,-4.2785,baixo,positividade=0.0; tendencia_pos=0.0; risco=0.0,Manter rotina de vigilância laboratorial.,sklearn_gb_v1,sklearn_v1
IGACI,virus_respiratorios,2024,45,0.0137,-4.2785,baixo,positividade=0.0; tendencia_pos=0.0; risco=0.0,Manter rotina de vigilância laboratorial.,sklearn_gb_v1,sklearn_v1
IGACI,influenza_b,2024,45,0.0137,-4.2785,baixo,positividade=0.0; tendencia_pos=0.0; risco=0.0,Manter rotina de vigilância laboratorial.,sklearn_gb_v1,sklearn_v1
IGACI,influenza_a,2024,45,0.0137,-4.2785,baixo,positividade=0.0; tendencia_pos=0.0; risco=0.0,Manter rotina de vigilância laboratorial.,sklearn_gb_v1,sklearn_v1
INDAIAL,variola,2025,13,0.0137,-4.2785,baixo,positividade=0.0; tendencia_pos=0.0; risco=0.0,Manter rotina de vigilância laboratorial.,sklearn_gb_v1,sklearn_v1
INDAIAL,varicela_zoster_biologia_molecular,2025,13,0.0137,-4.2785,baixo,positividade=0.0; tendencia_pos=0.0; risco=0.0,Manter rotina de vigilância laboratorial.,sklearn_gb_v1,sklearn_v1
INDAIAL,sifilis,2025,13,0.0137,-4.2785,baixo,positividade=0.0; tendencia_pos=0.0; risco=0.0,Manter rotina de vigilância laboratorial.,sklearn_gb_v1,sklearn_v1
INDAIAL,sarampo_igm,2025,13,0.0137,-4.2785,baixo,positividade=0.0; tendencia_pos=0.0; risco=0.0,Manter rotina de vigilância laboratorial.,sklearn_gb_v1,sklearn_v1
INDAIAL,parvovirus_b19_igm,2025,13,0.0137,-4.2785,baixo,positividade=0.0; tendencia_pos=0.0; risco=0.0,Manter rotina de vigilância laboratorial.,sklearn_gb_v1,sklearn_v1
INDAIAL,dengue,2025,5,0.0137,-4.2785,baixo,positividade=0.0; tendencia_pos=0.0; risco=0.0,Manter rotina de vigilância laboratorial.,sklearn_gb_v1,sklearn_v1
IMPERATRIZ,sars_cov_2,2025,11,0.0137,-4.2785,baixo,positividade=0.0; tendencia_pos=0.0; risco=0.0,Manter rotina de vigilância laboratorial.,sklearn_gb_v1,sklearn_v1
IMPERATRIZ,influenza_b,2025,11,0.0137,-4.2785,baixo,positividade=0.0; tendencia_pos=0.0; risco=0.0,Manter rotina de vigilância laboratorial.,sklearn_gb_v1,sklearn_v1
IMPERATRIZ,influenza_a,2025,11,0.0137,-4.2785,baixo,positividade=0.0; tendencia_pos=0.0; risco=0.0,Manter rotina de vigilância laboratorial.,sklearn_gb_v1,sklearn_v1
IMPERATRIZ,dengue,2025,26,0.0137,-4.2785,baixo,positividade=0.0; tendencia_pos=0.0; risco=0.0,Manter rotina de vigilância laboratorial.,sklearn_gb_v1,sklearn_v1
IMBITUBA,zika,2025,31,0.0137,-4.2785,baixo,positividade=0.0; tendencia_pos=0.0; risco=0.0,Manter rotina de vigilância laboratorial.,sklearn_gb_v1,sklearn_v1
IMBITUBA,dengue,2025,31,0.0137,-4.2785,baixo,positividade=0.0; tendencia_pos=0.0; risco=0.0,Manter rotina de vigilância laboratorial.,sklearn_gb_v1,sklearn_v1
PARANAITA,hepatite_c_hcv,2025,28,0.0137,-4.2785,baixo,positividade=0.0; tendencia_pos=0.0; risco=0.0,Manter rotina de vigilância laboratorial.,sklearn_gb_v1,sklearn_v1
HORTOLANDIA,zika,2025,20,0.0137,-4.2785,baixo,positividade=0.0; tendencia_pos=0.0; risco=0.0,Manter rotina de vigilância laboratorial.,sklearn_gb_v1,sklearn_v1
HORTOLANDIA,dengue,2025,25,0.0137,-4.2785,baixo,positividade=0.0; tendencia_pos=0.0; risco=0.0,Manter rotina de vigilância laboratorial.,sklearn_gb_v1,sklearn_v1
GUIRATINGA,virus_respiratorios,2025,21,0.0137,-4.2785,baixo,positividade=0.0; tendencia_pos=0.0; risco=0.02,Manter rotina de vigilância laboratorial.,sklearn_gb_v1,sklearn_v1
GUIRATINGA,tuberculose_lf_lam,2026,9,0.0137,-4.2785,baixo,positividade=0.0; tendencia_pos=0.0; risco=0.02,Manter rotina de vigilância laboratorial.,sklearn_gb_v1,sklearn_v1
GUIRATINGA,tuberculose,2024,50,0.0137,-4.2785,baixo,positividade=0.0; tendencia_pos=0.0; risco=0.02,Manter rotina de vigilância laboratorial.,sklearn_gb_v1,sklearn_v1
GUIRATINGA,leishmaniose_visceral_humana_teste_rapido,2024,22,0.0137,-4.2785,baixo,positividade=0.0; tendencia_pos=0.0; risco=0.02,Manter rotina de vigilância laboratorial.,sklearn_gb_v1,sklearn_v1
PARANATINGA,chagas_igg,2025,2,0.0137,-4.2785,baixo,positividade=0.0; tendencia_pos=0.0; risco=0.03,Manter rotina de vigilância laboratorial.,sklearn_gb_v1,sklearn_v1
PARANATINGA,chagas,2025,2,0.0137,-4.2785,baixo,positividade=0.0; tendencia_pos=0.0; risco=0.03,Manter rotina de vigilância laboratorial.,sklearn_gb_v1,sklearn_v1
PARANAITA,tuberculose_lf_lam,2024,47,0.0137,-4.2785,baixo,positividade=0.0; tendencia_pos=0.0; risco=0.0,Manter rotina de vigilância laboratorial.,sklearn_gb_v1,sklearn_v1
PARANAITA,tuberculose,2025,7,0.0137,-4.2785,baixo,positividade=0.0; tendencia_pos=0.0; risco=0.0,Manter rotina de vigilância laboratorial.,sklearn_gb_v1,sklearn_v1
PARANAITA,paracoccidioidomicose,2025,7,0.0137,-4.2785,baixo,positividade=0.0; tendencia_pos=0.0; risco=0.0,Manter rotina de vigilância laboratorial.,sklearn_gb_v1,sklearn_v1
PARANAITA,leptospira,2024,24,0.0137,-4.2785,baixo,positividade=0.0; tendencia_pos=0.0; risco=0.0,Manter rotina de vigilância laboratorial.,sklearn_gb_v1,sklearn_v1
ILHEUS,zika,2025,7,0.0137,-4.2785,baixo,positividade=0.0; tendencia_pos=0.0; risco=0.0,Manter rotina de vigilância laboratorial.,sklearn_gb_v1,sklearn_v1
ILHEUS,dengue,2025,7,0.0137,-4.2785,baixo,positividade=0.0; tendencia_pos=0.0; risco=0.0,Manter rotina de vigilância laboratorial.,sklearn_gb_v1,sklearn_v1
ILHEUS,chikungunya,2025,7,0.0137,-4.2785,baixo,positividade=0.0; tendencia_pos=0.0; risco=0.0,Manter rotina de vigilância laboratorial.,sklearn_gb_v1,sklearn_v1
IGUATEMI,zika,2025,11,0.0137,-4.2785,baixo,positividade=0.0; tendencia_pos=0.0; risco=0.0,Manter rotina de vigilância laboratorial.,sklearn_gb_v1,sklearn_v1
GUIRATINGA,influenza_a,2025,21,0.0137,-4.2785,baixo,positividade=0.0; tendencia_pos=0.0; risco=0.02,Manter rotina de vigilância laboratorial.,sklearn_gb_v1,sklearn_v1
GUARULHOS,zika,2025,14,0.0137,-4.2785,baixo,positividade=0.0; tendencia_pos=0.0; risco=0.0,Manter rotina de vigilância laboratorial.,sklearn_gb_v1,sklearn_v1
GUARULHOS,dengue,2025,14,0.0137,-4.2785,baixo,positividade=0.0; tendencia_pos=0.0; risco=0.0,Manter rotina de vigilância laboratorial.,sklearn_gb_v1,sklearn_v1
GUARUJA DO SUL,zika,2025,9,0.0137,-4.2785,baixo,positividade=0.0; tendencia_pos=0.0; risco=0.0,Manter rotina de vigilância laboratorial.,sklearn_gb_v1,sklearn_v1
GUARUJA DO SUL,dengue,2025,9,0.0137,-4.2785,baixo,positividade=0.0; tendencia_pos=0.0; risco=0.0,Manter rotina de vigilância laboratorial.,sklearn_gb_v1,sklearn_v1
GUARAPUAVA,zika,2025,4,0.0137,-4.2785,baixo,positividade=0.0; tendencia_pos=0.0; risco=0.0,Manter rotina de vigilância laboratorial.,sklearn_gb_v1,sklearn_v1
GUARAPUAVA,dengue,2025,4,0.0137,-4.2785,baixo,positividade=0.0; tendencia_pos=0.0; risco=0.0,Manter rotina de vigilância laboratorial.,sklearn_gb_v1,sklearn_v1
PARANATINGA,virus_respiratorios,2025,25,0.0137,-4.2785,baixo,positividade=0.0; tendencia_pos=0.0; risco=0.03,Manter rotina de vigilância laboratorial.,sklearn_gb_v1,sklearn_v1
PARANATINGA,varicela_zoster_biologia_molecular,2025,19,0.0137,-4.2785,baixo,positividade=0.0; tendencia_pos=0.0; risco=0.03,Manter rotina de vigilância laboratorial.,sklearn_gb_v1,sklearn_v1
PARANATINGA,tuberculose_lf_lam,2026,11,0.0137,-4.2785,baixo,positividade=0.0; tendencia_pos=0.0; risco=0.03,Manter rotina de vigilância laboratorial.,sklearn_gb_v1,sklearn_v1
PARANATINGA,tuberculose_cultura,2025,20,0.0137,-4.2785,baixo,positividade=0.0; tendencia_pos=0.0; risco=0.03,Manter rotina de vigilância laboratorial.,sklearn_gb_v1,sklearn_v1
PARANATINGA,influenza_b,2025,25,0.0137,-4.2785,baixo,positividade=0.0; tendencia_pos=0.0; risco=0.03,Manter rotina de vigilância laboratorial.,sklearn_gb_v1,sklearn_v1
PARANATINGA,influenza_a,2025,25,0.0137,-4.2785,baixo,positividade=0.0; tendencia_pos=0.0; risco=0.03,Manter rotina de vigilância laboratorial.,sklearn_gb_v1,sklearn_v1
PARANATINGA,hepatite_c_hcv,2025,18,0.0137,-4.2785,baixo,positividade=0.0; tendencia_pos=0.0; risco=0.03,Manter rotina de vigilância laboratorial.,sklearn_gb_v1,sklearn_v1
ICARA,dengue,2025,21,0.0137,-4.2785,baixo,positividade=0.0; tendencia_pos=0.0; risco=0.0,Manter rotina de vigilância laboratorial.,sklearn_gb_v1,sklearn_v1
PASSAGEM FRANCA DO PIAUI,zika,2025,12,0.0137,-4.2785,baixo,positividade=0.0; tendencia_pos=0.0; risco=0.0,Manter rotina de vigilância laboratorial.,sklearn_gb_v1,sklearn_v1
PASSAGEM FRANCA DO PIAUI,dengue,2025,12,0.0137,-4.2785,baixo,positividade=0.0; tendencia_pos=0.0; risco=0.0,Manter rotina de vigilância laboratorial.,sklearn_gb_v1,sklearn_v1
GUARANTA DO NORTE,tuberculose_lf_lam,2025,39,0.0137,-4.2785,baixo,positividade=0.0; tendencia_pos=0.0; risco=0.0,Manter rotina de vigilância laboratorial.,sklearn_gb_v1,sklearn_v1
GUARANTA DO NORTE,sarampo_igm,2025,3,0.0137,-4.2785,baixo,positividade=0.0; tendencia_pos=0.0; risco=0.0,Manter rotina de vigilância laboratorial.,sklearn_gb_v1,sklearn_v1
GUARANTA DO NORTE,sarampo_igg,2025,3,0.0137,-4.2785,baixo,positividade=0.0; tendencia_pos=0.0; risco=0.0,Manter rotina de vigilância laboratorial.,sklearn_gb_v1,sklearn_v1
GUARANTA DO NORTE,neisseria_gonorrhoeae,2024,33,0.0137,-4.2785,baixo,positividade=0.0; tendencia_pos=0.0; risco=0.0,Manter rotina de vigilância laboratorial.,sklearn_gb_v1,sklearn_v1
GUARANTA DO NORTE,leptospira,2025,14,0.0137,-4.2785,baixo,positividade=0.0; tendencia_pos=0.0; risco=0.08,Manter rotina de vigilância laboratorial.,sklearn_gb_v1,sklearn_v1
GUARANTA DO NORTE,influenza_b,2025,33,0.0137,-4.2785,baixo,positividade=0.0; tendencia_pos=0.0; risco=0.0,Manter rotina de vigilância laboratorial.,sklearn_gb_v1,sklearn_v1
GUARANTA DO NORTE,influenza_a,2025,33,0.0137,-4.2785,baixo,positividade=0.0; tendencia_pos=0.0; risco=0.0,Manter rotina de vigilância laboratorial.,sklearn_gb_v1,sklearn_v1
PASSAGEM FRANCA DO PIAUI,chikungunya,2025,12,0.0137,-4.2785,baixo,positividade=0.0; tendencia_pos=0.0; risco=0.0,Manter rotina de vigilância laboratorial.,sklearn_gb_v1,sklearn_v1
PAROBE,dengue,2025,8,0.0137,-4.2785,baixo,positividade=0.0; tendencia_pos=0.0; risco=0.0,Manter rotina de vigilância laboratorial.,sklearn_gb_v1,sklearn_v1
PARECIS,dengue,2025,16,0.0137,-4.2785,baixo,positividade=0.0; tendencia_pos=0.0; risco=0.0,Manter rotina de vigilância laboratorial.,sklearn_gb_v1,sklearn_v1
PARAUAPEBAS,febre_amarela_biologia_molecular,2025,25,0.0137,-4.2785,baixo,positividade=0.0; tendencia_pos=0.0; risco=0.0,Manter rotina de vigilância laboratorial.,sklearn_gb_v1,sklearn_v1
GUIRATINGA,influenza_b,2025,21,0.0137,-4.2785,baixo,positividade=0.0; tendencia_pos=0.0; risco=0.02,Manter rotina de vigilância laboratorial.,sklearn_gb_v1,sklearn_v1
GUAIRA,zika,2025,20,0.0137,-4.2785,baixo,positividade=0.0; tendencia_pos=0.0; risco=0.0,Manter rotina de vigilância laboratorial.,sklearn_gb_v1,sklearn_v1
GUARANTA DO NORTE,htlv_i_ii_virus_linfotropico_humano_tipo_i_e_ii,2025,19,0.0137,-4.2785,baixo,positividade=0.0; tendencia_pos=0.0; risco=0.0,Manter rotina de vigilância laboratorial.,sklearn_gb_v1,sklearn_v1
GUARANTA DO NORTE,hepatite_c_hcv,2025,28,0.0137,-4.2785,baixo,positividade=0.0; tendencia_pos=0.0; risco=0.0,Manter rotina de vigilância laboratorial.,sklearn_gb_v1,sklearn_v1
GUARANTA DO NORTE,febre_amarela_igm,2024,31,0.0137,-4.2785,baixo,positividade=0.0; tendencia_pos=0.0; risco=0.0,Manter rotina de vigilância laboratorial.,sklearn_gb_v1,sklearn_v1
GUARANTA DO NORTE,febre_amarela_biologia_molecular,2024,31,0.0137,-4.2785,baixo,positividade=0.0; tendencia_pos=0.0; risco=0.0,Manter rotina de vigilância laboratorial.,sklearn_gb_v1,sklearn_v1
GUARANTA DO NORTE,citomegalovirus_igm,2025,22,0.0137,-4.2785,baixo,positividade=0.0; tendencia_pos=0.0; risco=0.0,Manter rotina de vigilância laboratorial.,sklearn_gb_v1,sklearn_v1
GUARANTA DO NORTE,chagas_igg,2025,30,0.0137,-4.2785,baixo,positividade=0.0; tendencia_pos=0.0; risco=0.0,Manter rotina de vigilância laboratorial.,sklearn_gb_v1,sklearn_v1
GUARANTA DO NORTE,chagas,2025,30,0.0137,-4.2785,baixo,positividade=0.0; tendencia_pos=0.0; risco=0.0,Manter rotina de vigilância laboratorial.,sklearn_gb_v1,sklearn_v1
GUARANTA DO NORTE,brucelose_igm,2025,6,0.0137,-4.2785,baixo,positividade=0.0; tendencia_pos=0.0; risco=0.0,Manter rotina de vigilância laboratorial.,sklearn_gb_v1,sklearn_v1
GUARANTA DO NORTE,brucelose_igg,2025,6,0.0137,-4.2785,baixo,positividade=0.0; tendencia_pos=0.0; risco=0.0,Manter rotina de vigilância laboratorial.,sklearn_gb_v1,sklearn_v1
GUARANTA DO NORTE,brucelose,2025,6,0.0137,-4.2785,baixo,positividade=0.0; tendencia_pos=0.0; risco=0.0,Manter rotina de vigilância laboratorial.,sklearn_gb_v1,sklearn_v1
PEDRA BRANCA DO AMAPARI,dengue,2025,18,0.0137,-4.2785,baixo,positividade=0.0; tendencia_pos=0.0; risco=0.0,Manter rotina de vigilância laboratorial.,sklearn_gb_v1,sklearn_v1
PEDRA AZUL,dengue,2025,1,0.0137,-4.2785,baixo,positividade=0.0; tendencia_pos=0.0; risco=0.0,Manter rotina de vigilância laboratorial.,sklearn_gb_v1,sklearn_v1
PAULICEIA,dengue,2025,3,0.0137,-4.2785,baixo,positividade=0.0; tendencia_pos=0.0; risco=0.0,Manter rotina de vigilância laboratorial.,sklearn_gb_v1,sklearn_v1
PATOS,dengue,2025,18,0.0137,-4.2785,baixo,positividade=0.0; tendencia_pos=0.0; risco=0.0,Manter rotina de vigilância laboratorial.,sklearn_gb_v1,sklearn_v1
PATO BRANCO,hepatite_b_hbv,2025,8,0.0137,-4.2785,baixo,positividade=0.0; tendencia_pos=0.0; risco=0.0,Manter rotina de vigilância laboratorial.,sklearn_gb_v1,sklearn_v1
PEIXE,influenza_b,2025,21,0.0137,-4.2785,baixo,positividade=0.0; tendencia_pos=0.0; risco=0.0,Manter rotina de vigilância laboratorial.,sklearn_gb_v1,sklearn_v1
PEIXE,influenza_a,2025,21,0.0137,-4.2785,baixo,positividade=0.0; tendencia_pos=0.0; risco=0.0,Manter rotina de vigilância laboratorial.,sklearn_gb_v1,sklearn_v1
PEDRO DO ROSARIO,zika,2025,23,0.0137,-4.2785,baixo,positividade=0.0; tendencia_pos=0.0; risco=0.0,Manter rotina de vigilância laboratorial.,sklearn_gb_v1,sklearn_v1
PEDRO DO ROSARIO,dengue,2025,23,0.0137,-4.2785,baixo,positividade=0.0; tendencia_pos=0.0; risco=0.0,Manter rotina de vigilância laboratorial.,sklearn_gb_v1,sklearn_v1
PEDREIRAS,zika,2025,5,0.0137,-4.2785,baixo,positividade=0.0; tendencia_pos=0.0; risco=0.0,Manter rotina de vigilância laboratorial.,sklearn_gb_v1,sklearn_v1
PEDREIRAS,dengue,2025,5,0.0137,-4.2785,baixo,positividade=0.0; tendencia_pos=0.0; risco=0.0,Manter rotina de vigilância laboratorial.,sklearn_gb_v1,sklearn_v1
PEDREIRAS,chikungunya,2025,5,0.0137,-4.2785,baixo,positividade=0.0; tendencia_pos=0.0; risco=0.0,Manter rotina de vigilância laboratorial.,sklearn_gb_v1,sklearn_v1
PEDRA PRETA,virus_respiratorios,2024,22,0.0137,-4.2785,baixo,positividade=0.0; tendencia_pos=0.0; risco=0.0,Manter rotina de vigilância laboratorial.,sklearn_gb_v1,sklearn_v1
PEDRA PRETA,influenza_b,2024,22,0.0137,-4.2785,baixo,positividade=0.0; tendencia_pos=0.0; risco=0.0,Manter rotina de vigilância laboratorial.,sklearn_gb_v1,sklearn_v1
PEDRA PRETA,influenza_a,2024,22,0.0137,-4.2785,baixo,positividade=0.0; tendencia_pos=0.0; risco=0.0,Manter rotina de vigilância laboratorial.,sklearn_gb_v1,sklearn_v1
PEDRA PRETA,hepatite_c_hcv,2025,11,0.0137,-4.2785,baixo,positividade=0.0; tendencia_pos=0.0; risco=0.0,Manter rotina de vigilância laboratorial.,sklearn_gb_v1,sklearn_v1
GUARANTA,zika,2025,26,0.0137,-4.2785,baixo,positividade=0.0; tendencia_pos=0.0; risco=0.0,Manter rotina de vigilância laboratorial.,sklearn_gb_v1,sklearn_v1
GUARANTA,chikungunya,2025,26,0.0137,-4.2785,baixo,positividade=0.0; tendencia_pos=0.0; risco=0.0,Manter rotina de vigilância laboratorial.,sklearn_gb_v1,sklearn_v1
GUARAI,zika,2025,26,0.0137,-4.2785,baixo,positividade=0.0; tendencia_pos=0.0; risco=0.0,Manter rotina de vigilância laboratorial.,sklearn_gb_v1,sklearn_v1
GUARAI,dengue,2025,26,0.0137,-4.2785,baixo,positividade=0.0; tendencia_pos=0.0; risco=0.0,Manter rotina de vigilância laboratorial.,sklearn_gb_v1,sklearn_v1
PEIXOTO DE AZEVEDO,influenza_b,2025,18,0.0137,-4.2785,baixo,positividade=0.0; tendencia_pos=0.0; risco=0.02,Manter rotina de vigilância laboratorial.,sklearn_gb_v1,sklearn_v1
PEIXOTO DE AZEVEDO,influenza_a,2025,18,0.0137,-4.2785,baixo,positividade=0.0; tendencia_pos=0.0; risco=0.02,Manter rotina de vigilância laboratorial.,sklearn_gb_v1,sklearn_v1
PEIXOTO DE AZEVEDO,htlv_i_ii_virus_linfotropico_humano_tipo_i_e_ii,2024,35,0.0137,-4.2785,baixo,positividade=0.0; tendencia_pos=0.0; risco=0.02,Manter rotina de vigilância laboratorial.,sklearn_gb_v1,sklearn_v1
GUAIRA,dengue,2025,20,0.0137,-4.2785,baixo,positividade=0.0; tendencia_pos=0.0; risco=0.0,Manter rotina de vigilância laboratorial.,sklearn_gb_v1,sklearn_v1
GRANJEIRO,zika,2025,14,0.0137,-4.2785,baixo,positividade=0.0; tendencia_pos=0.0; risco=0.0,Manter rotina de vigilância laboratorial.,sklearn_gb_v1,sklearn_v1
GRANJEIRO,dengue,2025,14,0.0137,-4.2785,baixo,positividade=0.0; tendencia_pos=0.0; risco=0.0,Manter rotina de vigilância laboratorial.,sklearn_gb_v1,sklearn_v1
GRANJA,zika,2025,3,0.0137,-4.2785,baixo,positividade=0.0; tendencia_pos=0.0; risco=0.0,Manter rotina de vigilância laboratorial.,sklearn_gb_v1,sklearn_v1
GRANJA,dengue,2025,3,0.0137,-4.2785,baixo,positividade=0.0; tendencia_pos=0.0; risco=0.0,Manter rotina de vigilância laboratorial.,sklearn_gb_v1,sklearn_v1
GRANJA,chikungunya,2025,3,0.0137,-4.2785,baixo,positividade=0.0; tendencia_pos=0.0; risco=0.0,Manter rotina de vigilância laboratorial.,sklearn_gb_v1,sklearn_v1
GRAMADO,zika,2024,26,0.0137,-4.2785,baixo,positividade=0.0; tendencia_pos=0.0; risco=0.0,Manter rotina de vigilância laboratorial.,sklearn_gb_v1,sklearn_v1
GRAMADO,dengue,2024,26,0.0137,-4.2785,baixo,positividade=0.0; tendencia_pos=0.0; risco=0.0,Manter rotina de vigilância laboratorial.,sklearn_gb_v1,sklearn_v1
GRAJAU,zika,2025,9,0.0137,-4.2785,baixo,positividade=0.0; tendencia_pos=0.0; risco=0.0,Manter rotina de vigilância laboratorial.,sklearn_gb_v1,sklearn_v1
GRAJAU,sars_cov_2,2025,21,0.0137,-4.2785,baixo,positividade=0.0; tendencia_pos=0.0; risco=0.0,Manter rotina de vigilância laboratorial.,sklearn_gb_v1,sklearn_v1
GRAJAU,influenza_b,2025,21,0.0137,-4.2785,baixo,positividade=0.0; tendencia_pos=0.0; risco=0.0,Manter rotina de vigilância laboratorial.,sklearn_gb_v1,sklearn_v1
PEIXOTO DE AZEVEDO,citomegalovirus_igm,2024,35,0.0137,-4.2785,baixo,positividade=0.0; tendencia_pos=0.0; risco=0.02,Manter rotina de vigilância laboratorial.,sklearn_gb_v1,sklearn_v1
PEIXE,sars_cov_2,2025,21,0.0137,-4.2785,baixo,positividade=0.0; tendencia_pos=0.0; risco=0.0,Manter rotina de vigilância laboratorial.,sklearn_gb_v1,sklearn_v1
GOIANESIA DO PARA,zika,2025,11,0.0137,-4.2785,baixo,positividade=0.0; tendencia_pos=0.0; risco=0.0,Manter rotina de vigilância laboratorial.,sklearn_gb_v1,sklearn_v1
GOIANAPOLIS,zika,2025,13,0.0137,-4.2785,baixo,positividade=0.0; tendencia_pos=0.0; risco=0.0,Manter rotina de vigilância laboratorial.,sklearn_gb_v1,sklearn_v1
GOIANAPOLIS,chikungunya,2025,13,0.0137,-4.2785,baixo,positividade=0.0; tendencia_pos=0.0; risco=0.0,Manter rotina de vigilância laboratorial.,sklearn_gb_v1,sklearn_v1
GLORIA D''OESTE,zika,2025,13,0.0137,-4.2785,baixo,positividade=0.0; tendencia_pos=0.0; risco=0.0,Manter rotina de vigilância laboratorial.,sklearn_gb_v1,sklearn_v1
GOVERNADOR NEWTON BELLO,zika,2025,7,0.0137,-4.2785,baixo,positividade=0.0; tendencia_pos=0.0; risco=0.0,Manter rotina de vigilância laboratorial.,sklearn_gb_v1,sklearn_v1
GOVERNADOR NEWTON BELLO,dengue,2025,7,0.0137,-4.2785,baixo,positividade=0.0; tendencia_pos=0.0; risco=0.0,Manter rotina de vigilância laboratorial.,sklearn_gb_v1,sklearn_v1
GOVERNADOR EUGENIO BARROS,zika,2025,21,0.0137,-4.2785,baixo,positividade=0.0; tendencia_pos=0.0; risco=0.0,Manter rotina de vigilância laboratorial.,sklearn_gb_v1,sklearn_v1
GOVERNADOR EUGENIO BARROS,chikungunya,2025,21,0.0137,-4.2785,baixo,positividade=0.0; tendencia_pos=0.0; risco=0.0,Manter rotina de vigilância laboratorial.,sklearn_gb_v1,sklearn_v1
PEIXOTO DE AZEVEDO,tuberculose,2025,21,0.0137,-4.2785,baixo,positividade=0.0; tendencia_pos=0.0; risco=0.12,Manter rotina de vigilância laboratorial.,sklearn_gb_v1,sklearn_v1
PEIXOTO DE AZEVEDO,toxoplasmose_igm,2024,35,0.0137,-4.2785,baixo,positividade=0.0; tendencia_pos=0.0; risco=0.02,Manter rotina de vigilância laboratorial.,sklearn_gb_v1,sklearn_v1
PEIXOTO DE AZEVEDO,sifilis,2025,12,0.0137,-4.2785,baixo,positividade=0.0; tendencia_pos=0.0; risco=0.02,Manter rotina de vigilância laboratorial.,sklearn_gb_v1,sklearn_v1
PEIXOTO DE AZEVEDO,sars_cov_2,2025,12,0.0137,-4.2785,baixo,positividade=0.0; tendencia_pos=0.0; risco=0.02,Manter rotina de vigilância laboratorial.,sklearn_gb_v1,sklearn_v1
PEIXOTO DE AZEVEDO,rubeola_igm,2024,35,0.0137,-4.2785,baixo,positividade=0.0; tendencia_pos=0.0; risco=0.02,Manter rotina de vigilância laboratorial.,sklearn_gb_v1,sklearn_v1
PEIXOTO DE AZEVEDO,rifampicina,2025,34,0.0137,-4.2785,baixo,positividade=0.0; tendencia_pos=0.0; risco=0.02,Manter rotina de vigilância laboratorial.,sklearn_gb_v1,sklearn_v1
PEIXOTO DE AZEVEDO,neisseria_gonorrhoeae,2025,12,0.0137,-4.2785,baixo,positividade=0.0; tendencia_pos=0.0; risco=0.02,Manter rotina de vigilância laboratorial.,sklearn_gb_v1,sklearn_v1
PEIXOTO DE AZEVEDO,leishmaniose_visceral_humana_teste_rapido,2025,28,0.0137,-4.2785,baixo,positividade=0.0; tendencia_pos=0.0; risco=0.02,Manter rotina de vigilância laboratorial.,sklearn_gb_v1,sklearn_v1
PEROLA,zika,2024,21,0.0137,-4.2785,baixo,positividade=0.0; tendencia_pos=0.0; risco=0.0,Manter rotina de vigilância laboratorial.,sklearn_gb_v1,sklearn_v1
PEROLA,dengue,2024,21,0.0137,-4.2785,baixo,positividade=0.0; tendencia_pos=0.0; risco=0.0,Manter rotina de vigilância laboratorial.,sklearn_gb_v1,sklearn_v1
PEROBAL,zika,2024,37,0.0137,-4.2785,baixo,positividade=0.0; tendencia_pos=0.0; risco=0.0,Manter rotina de vigilância laboratorial.,sklearn_gb_v1,sklearn_v1
PEROBAL,dengue,2024,37,0.0137,-4.2785,baixo,positividade=0.0; tendencia_pos=0.0; risco=0.0,Manter rotina de vigilância laboratorial.,sklearn_gb_v1,sklearn_v1
PEROBAL,chikungunya,2024,37,0.0137,-4.2785,baixo,positividade=0.0; tendencia_pos=0.0; risco=0.0,Manter rotina de vigilância laboratorial.,sklearn_gb_v1,sklearn_v1
PERITORO,hepatite_b_hbv,2025,12,0.0137,-4.2785,baixo,positividade=0.0; tendencia_pos=0.0; risco=0.0,Manter rotina de vigilância laboratorial.,sklearn_gb_v1,sklearn_v1
PERI MIRIM,zika,2024,25,0.0137,-4.2785,baixo,positividade=0.0; tendencia_pos=0.0; risco=0.0,Manter rotina de vigilância laboratorial.,sklearn_gb_v1,sklearn_v1
PERI MIRIM,chikungunya,2024,25,0.0137,-4.2785,baixo,positividade=0.0; tendencia_pos=0.0; risco=0.0,Manter rotina de vigilância laboratorial.,sklearn_gb_v1,sklearn_v1
PELOTAS,zika,2025,12,0.0137,-4.2785,baixo,positividade=0.0; tendencia_pos=0.0; risco=0.0,Manter rotina de vigilância laboratorial.,sklearn_gb_v1,sklearn_v1
PELOTAS,dengue,2025,12,0.0137,-4.2785,baixo,positividade=0.0; tendencia_pos=0.0; risco=0.0,Manter rotina de vigilância laboratorial.,sklearn_gb_v1,sklearn_v1
PELOTAS,chikungunya,2025,12,0.0137,-4.2785,baixo,positividade=0.0; tendencia_pos=0.0; risco=0.0,Manter rotina de vigilância laboratorial.,sklearn_gb_v1,sklearn_v1
PEIXOTO DE AZEVEDO,virus_respiratorios,2025,18,0.0137,-4.2785,baixo,positividade=0.0; tendencia_pos=0.0; risco=0.02,Manter rotina de vigilância laboratorial.,sklearn_gb_v1,sklearn_v1
GOIATINS,tuberculose_cultura,2024,24,0.0137,-4.2785,baixo,positividade=0.0; tendencia_pos=0.0; risco=0.0,Manter rotina de vigilância laboratorial.,sklearn_gb_v1,sklearn_v1
GOIANIRA,zika,2025,9,0.0137,-4.2785,baixo,positividade=0.0; tendencia_pos=0.0; risco=0.0,Manter rotina de vigilância laboratorial.,sklearn_gb_v1,sklearn_v1
GOIANIRA,dengue,2025,9,0.0137,-4.2785,baixo,positividade=0.0; tendencia_pos=0.0; risco=0.0,Manter rotina de vigilância laboratorial.,sklearn_gb_v1,sklearn_v1
GOIANIA,zika,2025,24,0.0137,-4.2785,baixo,positividade=0.0; tendencia_pos=0.0; risco=0.0,Manter rotina de vigilância laboratorial.,sklearn_gb_v1,sklearn_v1
GENERAL CARNEIRO,hepatite_c_hcv,2025,20,0.0137,-4.2785,baixo,positividade=0.0; tendencia_pos=0.0; risco=0.08,Manter rotina de vigilância laboratorial.,sklearn_gb_v1,sklearn_v1
GAUCHA DO NORTE,virus_respiratorios,2025,22,0.0137,-4.2785,baixo,positividade=0.0; tendencia_pos=0.0; risco=0.08,Manter rotina de vigilância laboratorial.,sklearn_gb_v1,sklearn_v1
GAUCHA DO NORTE,tuberculose_cultura,2025,6,0.0137,-4.2785,baixo,positividade=0.0; tendencia_pos=0.0; risco=0.08,Manter rotina de vigilância laboratorial.,sklearn_gb_v1,sklearn_v1
GLORIA D''OESTE,virus_respiratorios,2025,29,0.0137,-4.2785,baixo,positividade=0.0; tendencia_pos=0.0; risco=0.0,Manter rotina de vigilância laboratorial.,sklearn_gb_v1,sklearn_v1
GLORIA D''OESTE,tuberculose_cultura,2025,13,0.0137,-4.2785,baixo,positividade=0.0; tendencia_pos=0.0; risco=0.0,Manter rotina de vigilância laboratorial.,sklearn_gb_v1,sklearn_v1
GLORIA D''OESTE,influenza_b,2025,29,0.0137,-4.2785,baixo,positividade=0.0; tendencia_pos=0.0; risco=0.0,Manter rotina de vigilância laboratorial.,sklearn_gb_v1,sklearn_v1
GLORIA D''OESTE,influenza_a,2025,29,0.0137,-4.2785,baixo,positividade=0.0; tendencia_pos=0.0; risco=0.0,Manter rotina de vigilância laboratorial.,sklearn_gb_v1,sklearn_v1
GLORIA D''OESTE,hepatite_c_hcv,2026,10,0.0137,-4.2785,baixo,positividade=0.0; tendencia_pos=0.0; risco=0.0,Manter rotina de vigilância laboratorial.,sklearn_gb_v1,sklearn_v1
GLORIA D''OESTE,febre_maculosa_igg,2025,7,0.0137,-4.2785,baixo,positividade=0.0; tendencia_pos=0.0; risco=0.0,Manter rotina de vigilância laboratorial.,sklearn_gb_v1,sklearn_v1
GIRUA,zika,2025,28,0.0137,-4.2785,baixo,positividade=0.0; tendencia_pos=0.0; risco=0.0,Manter rotina de vigilância laboratorial.,sklearn_gb_v1,sklearn_v1
GIRUA,chikungunya,2025,28,0.0137,-4.2785,baixo,positividade=0.0; tendencia_pos=0.0; risco=0.0,Manter rotina de vigilância laboratorial.,sklearn_gb_v1,sklearn_v1
GIRAU DO PONCIANO,zika,2025,9,0.0137,-4.2785,baixo,positividade=0.0; tendencia_pos=0.0; risco=0.0,Manter rotina de vigilância laboratorial.,sklearn_gb_v1,sklearn_v1
GIRAU DO PONCIANO,dengue,2025,9,0.0137,-4.2785,baixo,positividade=0.0; tendencia_pos=0.0; risco=0.0,Manter rotina de vigilância laboratorial.,sklearn_gb_v1,sklearn_v1
PETROLINA,virus_respiratorios,2025,23,0.0137,-4.2785,baixo,positividade=0.0; tendencia_pos=0.0; risco=0.0,Manter rotina de vigilância laboratorial.,sklearn_gb_v1,sklearn_v1
PETROLINA,influenza_b,2025,23,0.0137,-4.2785,baixo,positividade=0.0; tendencia_pos=0.0; risco=0.0,Manter rotina de vigilância laboratorial.,sklearn_gb_v1,sklearn_v1
PETROLINA,chikungunya,2025,20,0.0137,-4.2785,baixo,positividade=0.0; tendencia_pos=0.0; risco=0.0,Manter rotina de vigilância laboratorial.,sklearn_gb_v1,sklearn_v1
GAUCHA DO NORTE,hepatite_c_hcv,2025,23,0.0137,-4.2785,baixo,positividade=0.0; tendencia_pos=0.0; risco=0.08,Manter rotina de vigilância laboratorial.,sklearn_gb_v1,sklearn_v1
GAUCHA DO NORTE,brucelose,2024,25,0.0137,-4.2785,baixo,positividade=0.0; tendencia_pos=0.0; risco=0.08,Manter rotina de vigilância laboratorial.,sklearn_gb_v1,sklearn_v1
GASPAR,zika,2025,23,0.0137,-4.2785,baixo,positividade=0.0; tendencia_pos=0.0; risco=0.0,Manter rotina de vigilância laboratorial.,sklearn_gb_v1,sklearn_v1
GASPAR,dengue,2025,23,0.0137,-4.2785,baixo,positividade=0.0; tendencia_pos=0.0; risco=0.0,Manter rotina de vigilância laboratorial.,sklearn_gb_v1,sklearn_v1
PIMENTA BUENO,zika,2025,33,0.0137,-4.2785,baixo,positividade=0.0; tendencia_pos=0.0; risco=0.0,Manter rotina de vigilância laboratorial.,sklearn_gb_v1,sklearn_v1
PIMENTA BUENO,criptococos_teste_rapido,2025,44,0.0137,-4.2785,baixo,positividade=0.0; tendencia_pos=0.0; risco=0.0,Manter rotina de vigilância laboratorial.,sklearn_gb_v1,sklearn_v1
PILOEZINHOS,dengue,2024,29,0.0137,-4.2785,baixo,positividade=0.0; tendencia_pos=0.0; risco=0.0,Manter rotina de vigilância laboratorial.,sklearn_gb_v1,sklearn_v1
PILAR,zika,2025,9,0.0137,-4.2785,baixo,positividade=0.0; tendencia_pos=0.0; risco=0.0,Manter rotina de vigilância laboratorial.,sklearn_gb_v1,sklearn_v1
PILAR,dengue,2025,9,0.0137,-4.2785,baixo,positividade=0.0; tendencia_pos=0.0; risco=0.0,Manter rotina de vigilância laboratorial.,sklearn_gb_v1,sklearn_v1
PILAR,chikungunya,2025,9,0.0137,-4.2785,baixo,positividade=0.0; tendencia_pos=0.0; risco=0.0,Manter rotina de vigilância laboratorial.,sklearn_gb_v1,sklearn_v1
PIATA,zika,2024,38,0.0137,-4.2785,baixo,positividade=0.0; tendencia_pos=0.0; risco=0.0,Manter rotina de vigilância laboratorial.,sklearn_gb_v1,sklearn_v1
PIATA,dengue,2024,38,0.0137,-4.2785,baixo,positividade=0.0; tendencia_pos=0.0; risco=0.0,Manter rotina de vigilância laboratorial.,sklearn_gb_v1,sklearn_v1
PIATA,chikungunya,2024,38,0.0137,-4.2785,baixo,positividade=0.0; tendencia_pos=0.0; risco=0.0,Manter rotina de vigilância laboratorial.,sklearn_gb_v1,sklearn_v1
PETROPOLIS,dengue,2024,22,0.0137,-4.2785,baixo,positividade=0.0; tendencia_pos=0.0; risco=0.0,Manter rotina de vigilância laboratorial.,sklearn_gb_v1,sklearn_v1
PETROLINA,zika,2025,20,0.0137,-4.2785,baixo,positividade=0.0; tendencia_pos=0.0; risco=0.0,Manter rotina de vigilância laboratorial.,sklearn_gb_v1,sklearn_v1
FRANCA,influenza_b,2024,31,0.0137,-4.2785,baixo,positividade=0.0; tendencia_pos=0.0; risco=0.0,Manter rotina de vigilância laboratorial.,sklearn_gb_v1,sklearn_v1
FRANCA,influenza_a,2024,31,0.0137,-4.2785,baixo,positividade=0.0; tendencia_pos=0.0; risco=0.0,Manter rotina de vigilância laboratorial.,sklearn_gb_v1,sklearn_v1
FRANCA,dengue,2025,3,0.0137,-4.2785,baixo,positividade=0.0; tendencia_pos=0.0; risco=0.0,Manter rotina de vigilância laboratorial.,sklearn_gb_v1,sklearn_v1
FOZ DO IGUACU,rifampicina,2025,28,0.0137,-4.2785,baixo,positividade=0.0; tendencia_pos=0.0; risco=0.0,Manter rotina de vigilância laboratorial.,sklearn_gb_v1,sklearn_v1
FOZ DO IGUACU,hepatite_b_hbv,2024,50,0.0137,-4.2785,baixo,positividade=0.0; tendencia_pos=0.0; risco=0.0,Manter rotina de vigilância laboratorial.,sklearn_gb_v1,sklearn_v1
PINHEIRO,chikungunya,2025,14,0.0137,-4.2785,baixo,positividade=0.0; tendencia_pos=0.0; risco=0.0,Manter rotina de vigilância laboratorial.,sklearn_gb_v1,sklearn_v1
PINHEIRINHO DO VALE,zika,2025,7,0.0137,-4.2785,baixo,positividade=0.0; tendencia_pos=0.0; risco=0.0,Manter rotina de vigilância laboratorial.,sklearn_gb_v1,sklearn_v1
PINHEIRINHO DO VALE,dengue,2025,7,0.0137,-4.2785,baixo,positividade=0.0; tendencia_pos=0.0; risco=0.0,Manter rotina de vigilância laboratorial.,sklearn_gb_v1,sklearn_v1
PINHEIRINHO DO VALE,chikungunya,2025,7,0.0137,-4.2785,baixo,positividade=0.0; tendencia_pos=0.0; risco=0.0,Manter rotina de vigilância laboratorial.,sklearn_gb_v1,sklearn_v1
PINHALZINHO,dengue,2024,23,0.0137,-4.2785,baixo,positividade=0.0; tendencia_pos=0.0; risco=0.0,Manter rotina de vigilância laboratorial.,sklearn_gb_v1,sklearn_v1
PINHAIS,dengue,2024,25,0.0137,-4.2785,baixo,positividade=0.0; tendencia_pos=0.0; risco=0.0,Manter rotina de vigilância laboratorial.,sklearn_gb_v1,sklearn_v1
PINDARE-MIRIM,zika,2024,24,0.0137,-4.2785,baixo,positividade=0.0; tendencia_pos=0.0; risco=0.0,Manter rotina de vigilância laboratorial.,sklearn_gb_v1,sklearn_v1
PINDARE-MIRIM,chikungunya,2024,24,0.0137,-4.2785,baixo,positividade=0.0; tendencia_pos=0.0; risco=0.0,Manter rotina de vigilância laboratorial.,sklearn_gb_v1,sklearn_v1
PIMENTEIRAS DO OESTE,dengue,2024,23,0.0137,-4.2785,baixo,positividade=0.0; tendencia_pos=0.0; risco=0.0,Manter rotina de vigilância laboratorial.,sklearn_gb_v1,sklearn_v1
GAUCHA DO NORTE,influenza_b,2025,22,0.0137,-4.2785,baixo,positividade=0.0; tendencia_pos=0.0; risco=0.08,Manter rotina de vigilância laboratorial.,sklearn_gb_v1,sklearn_v1
GAUCHA DO NORTE,influenza_a,2025,22,0.0137,-4.2785,baixo,positividade=0.0; tendencia_pos=0.0; risco=0.08,Manter rotina de vigilância laboratorial.,sklearn_gb_v1,sklearn_v1
FORTUNA,influenza_a,2024,23,0.0137,-4.2785,baixo,positividade=0.0; tendencia_pos=0.0; risco=0.0,Manter rotina de vigilância laboratorial.,sklearn_gb_v1,sklearn_v1
FORTUNA,chikungunya,2025,21,0.0137,-4.2785,baixo,positividade=0.0; tendencia_pos=0.0; risco=0.0,Manter rotina de vigilância laboratorial.,sklearn_gb_v1,sklearn_v1
FORTALEZA,zika,2025,22,0.0137,-4.2785,baixo,positividade=0.0; tendencia_pos=0.0; risco=0.0,Manter rotina de vigilância laboratorial.,sklearn_gb_v1,sklearn_v1
FORTALEZA,virus_respiratorios,2025,29,0.0137,-4.2785,baixo,positividade=0.0; tendencia_pos=0.0; risco=0.0,Manter rotina de vigilância laboratorial.,sklearn_gb_v1,sklearn_v1
FORTALEZA,influenza_b,2025,29,0.0137,-4.2785,baixo,positividade=0.0; tendencia_pos=0.0; risco=0.0,Manter rotina de vigilância laboratorial.,sklearn_gb_v1,sklearn_v1
FORTALEZA,influenza_a,2025,29,0.0137,-4.2785,baixo,positividade=0.0; tendencia_pos=0.0; risco=0.0,Manter rotina de vigilância laboratorial.,sklearn_gb_v1,sklearn_v1
FLORIANOPOLIS,zika,2025,15,0.0137,-4.2785,baixo,positividade=0.0; tendencia_pos=0.0; risco=0.0,Manter rotina de vigilância laboratorial.,sklearn_gb_v1,sklearn_v1
FLORIANOPOLIS,dengue,2025,15,0.0137,-4.2785,baixo,positividade=0.0; tendencia_pos=0.0; risco=0.0,Manter rotina de vigilância laboratorial.,sklearn_gb_v1,sklearn_v1
PITANGA,dengue,2025,21,0.0137,-4.2785,baixo,positividade=0.0; tendencia_pos=0.0; risco=0.0,Manter rotina de vigilância laboratorial.,sklearn_gb_v1,sklearn_v1
PIRAMBU,dengue,2025,19,0.0137,-4.2785,baixo,positividade=0.0; tendencia_pos=0.0; risco=0.0,Manter rotina de vigilância laboratorial.,sklearn_gb_v1,sklearn_v1
PINHEIRO,zika,2025,14,0.0137,-4.2785,baixo,positividade=0.0; tendencia_pos=0.0; risco=0.0,Manter rotina de vigilância laboratorial.,sklearn_gb_v1,sklearn_v1
FRANCISCO BELTRAO,virus_respiratorios,2025,15,0.0137,-4.2785,baixo,positividade=0.0; tendencia_pos=0.0; risco=0.0,Manter rotina de vigilância laboratorial.,sklearn_gb_v1,sklearn_v1
FRANCISCO BELTRAO,influenza_b,2025,15,0.0137,-4.2785,baixo,positividade=0.0; tendencia_pos=0.0; risco=0.0,Manter rotina de vigilância laboratorial.,sklearn_gb_v1,sklearn_v1
FRANCISCO BELTRAO,influenza_a,2025,15,0.0137,-4.2785,baixo,positividade=0.0; tendencia_pos=0.0; risco=0.0,Manter rotina de vigilância laboratorial.,sklearn_gb_v1,sklearn_v1
FRANCISCO BELTRAO,dengue,2025,23,0.0137,-4.2785,baixo,positividade=0.0; tendencia_pos=0.0; risco=0.0,Manter rotina de vigilância laboratorial.,sklearn_gb_v1,sklearn_v1
FRANCA,virus_respiratorios,2024,31,0.0137,-4.2785,baixo,positividade=0.0; tendencia_pos=0.0; risco=0.0,Manter rotina de vigilância laboratorial.,sklearn_gb_v1,sklearn_v1
POCONE,influenza_b,2026,20,0.0137,-4.2785,baixo,positividade=0.0; tendencia_pos=0.0; risco=0.07,Manter rotina de vigilância laboratorial.,sklearn_gb_v1,sklearn_v1
POCONE,influenza_a,2026,20,0.0137,-4.2785,baixo,positividade=0.0; tendencia_pos=0.0; risco=0.07,Manter rotina de vigilância laboratorial.,sklearn_gb_v1,sklearn_v1
POCONE,hepatite_c_hcv,2025,4,0.0137,-4.2785,baixo,positividade=0.0; tendencia_pos=0.0; risco=0.07,Manter rotina de vigilância laboratorial.,sklearn_gb_v1,sklearn_v1
POCONE,chagas_igg,2025,30,0.0137,-4.2785,baixo,positividade=0.0; tendencia_pos=0.0; risco=0.07,Manter rotina de vigilância laboratorial.,sklearn_gb_v1,sklearn_v1
POCONE,chagas,2025,30,0.0137,-4.2785,baixo,positividade=0.0; tendencia_pos=0.0; risco=0.07,Manter rotina de vigilância laboratorial.,sklearn_gb_v1,sklearn_v1
POCO DAS TRINCHEIRAS,zika,2025,4,0.0137,-4.2785,baixo,positividade=0.0; tendencia_pos=0.0; risco=0.0,Manter rotina de vigilância laboratorial.,sklearn_gb_v1,sklearn_v1
POCO DAS TRINCHEIRAS,dengue,2025,4,0.0137,-4.2785,baixo,positividade=0.0; tendencia_pos=0.0; risco=0.0,Manter rotina de vigilância laboratorial.,sklearn_gb_v1,sklearn_v1
POCO DAS TRINCHEIRAS,chikungunya,2025,4,0.0137,-4.2785,baixo,positividade=0.0; tendencia_pos=0.0; risco=0.0,Manter rotina de vigilância laboratorial.,sklearn_gb_v1,sklearn_v1
POCAO DE PEDRAS,dengue,2025,23,0.0137,-4.2785,baixo,positividade=0.0; tendencia_pos=0.0; risco=0.0,Manter rotina de vigilância laboratorial.,sklearn_gb_v1,sklearn_v1
PLANALTO,zika,2025,30,0.0137,-4.2785,baixo,positividade=0.0; tendencia_pos=0.0; risco=0.0,Manter rotina de vigilância laboratorial.,sklearn_gb_v1,sklearn_v1
PLANALTO,chikungunya,2025,30,0.0137,-4.2785,baixo,positividade=0.0; tendencia_pos=0.0; risco=0.0,Manter rotina de vigilância laboratorial.,sklearn_gb_v1,sklearn_v1
PLANALTINA,zika,2025,5,0.0137,-4.2785,baixo,positividade=0.0; tendencia_pos=0.0; risco=0.0,Manter rotina de vigilância laboratorial.,sklearn_gb_v1,sklearn_v1
PLANALTINA,dengue,2025,5,0.0137,-4.2785,baixo,positividade=0.0; tendencia_pos=0.0; risco=0.0,Manter rotina de vigilância laboratorial.,sklearn_gb_v1,sklearn_v1
FORTUNA,zika,2025,21,0.0137,-4.2785,baixo,positividade=0.0; tendencia_pos=0.0; risco=0.0,Manter rotina de vigilância laboratorial.,sklearn_gb_v1,sklearn_v1
FORTUNA,sars_cov_2,2024,23,0.0137,-4.2785,baixo,positividade=0.0; tendencia_pos=0.0; risco=0.0,Manter rotina de vigilância laboratorial.,sklearn_gb_v1,sklearn_v1
FORTUNA,influenza_b,2024,23,0.0137,-4.2785,baixo,positividade=0.0; tendencia_pos=0.0; risco=0.0,Manter rotina de vigilância laboratorial.,sklearn_gb_v1,sklearn_v1
FEIRA DE SANTANA,tuberculose_cultura,2025,9,0.0137,-4.2785,baixo,positividade=0.0; tendencia_pos=0.0; risco=0.0,Manter rotina de vigilância laboratorial.,sklearn_gb_v1,sklearn_v1
FLORES DA CUNHA,zika,2025,15,0.0137,-4.2785,baixo,positividade=0.0; tendencia_pos=0.0; risco=0.0,Manter rotina de vigilância laboratorial.,sklearn_gb_v1,sklearn_v1
FLORES DA CUNHA,dengue,2025,15,0.0137,-4.2785,baixo,positividade=0.0; tendencia_pos=0.0; risco=0.0,Manter rotina de vigilância laboratorial.,sklearn_gb_v1,sklearn_v1
FLORES DA CUNHA,chikungunya,2025,15,0.0137,-4.2785,baixo,positividade=0.0; tendencia_pos=0.0; risco=0.0,Manter rotina de vigilância laboratorial.,sklearn_gb_v1,sklearn_v1
FIRMINOPOLIS,rifampicina,2026,13,0.0137,-4.2785,baixo,positividade=0.0; tendencia_pos=0.0; risco=0.0,Manter rotina de vigilância laboratorial.,sklearn_gb_v1,sklearn_v1
FIGUEIROPOLIS D''OESTE,zika,2025,13,0.0137,-4.2785,baixo,positividade=0.0; tendencia_pos=0.0; risco=0.0,Manter rotina de vigilância laboratorial.,sklearn_gb_v1,sklearn_v1
FIGUEIROPOLIS D''OESTE,sars_cov_2,2025,29,0.0137,-4.2785,baixo,positividade=0.0; tendencia_pos=0.0; risco=0.0,Manter rotina de vigilância laboratorial.,sklearn_gb_v1,sklearn_v1
FIGUEIROPOLIS D''OESTE,paracoccidioidomicose,2025,6,0.0137,-4.2785,baixo,positividade=0.0; tendencia_pos=0.0; risco=0.0,Manter rotina de vigilância laboratorial.,sklearn_gb_v1,sklearn_v1
FIGUEIROPOLIS D''OESTE,influenza_b,2025,29,0.0137,-4.2785,baixo,positividade=0.0; tendencia_pos=0.0; risco=0.0,Manter rotina de vigilância laboratorial.,sklearn_gb_v1,sklearn_v1
FIGUEIROPOLIS D''OESTE,influenza_a,2025,29,0.0137,-4.2785,baixo,positividade=0.0; tendencia_pos=0.0; risco=0.0,Manter rotina de vigilância laboratorial.,sklearn_gb_v1,sklearn_v1
FIGUEIROPOLIS D''OESTE,dengue,2025,13,0.0137,-4.2785,baixo,positividade=0.0; tendencia_pos=0.0; risco=0.0,Manter rotina de vigilância laboratorial.,sklearn_gb_v1,sklearn_v1
POCONE,sars_cov_2,2026,20,0.0137,-4.2785,baixo,positividade=0.0; tendencia_pos=0.0; risco=0.07,Manter rotina de vigilância laboratorial.,sklearn_gb_v1,sklearn_v1
POCONE,rifampicina,2026,14,0.0137,-4.2785,baixo,positividade=0.0; tendencia_pos=0.0; risco=0.07,Manter rotina de vigilância laboratorial.,sklearn_gb_v1,sklearn_v1
POCONE,oropouche_biologia_molecular,2025,16,0.0137,-4.2785,baixo,positividade=0.0; tendencia_pos=0.0; risco=0.07,Manter rotina de vigilância laboratorial.,sklearn_gb_v1,sklearn_v1
POCONE,mayaro_biologia_molecular,2025,16,0.0137,-4.2785,baixo,positividade=0.0; tendencia_pos=0.0; risco=0.07,Manter rotina de vigilância laboratorial.,sklearn_gb_v1,sklearn_v1
FEIJO,chikungunya,2025,22,0.0137,-4.2785,baixo,positividade=0.0; tendencia_pos=0.0; risco=0.0,Manter rotina de vigilância laboratorial.,sklearn_gb_v1,sklearn_v1
FATIMA DO SUL,tuberculose_lf_lam,2025,49,0.0137,-4.2785,baixo,positividade=0.0; tendencia_pos=0.0; risco=0.0,Manter rotina de vigilância laboratorial.,sklearn_gb_v1,sklearn_v1
FATIMA DO SUL,criptococos_teste_rapido,2025,49,0.0137,-4.2785,baixo,positividade=0.0; tendencia_pos=0.0; risco=0.0,Manter rotina de vigilância laboratorial.,sklearn_gb_v1,sklearn_v1
EUNAPOLIS,sars_cov_2,2025,9,0.0137,-4.2785,baixo,positividade=0.0; tendencia_pos=0.0; risco=0.0,Manter rotina de vigilância laboratorial.,sklearn_gb_v1,sklearn_v1
EUNAPOLIS,influenza_b,2025,9,0.0137,-4.2785,baixo,positividade=0.0; tendencia_pos=0.0; risco=0.0,Manter rotina de vigilância laboratorial.,sklearn_gb_v1,sklearn_v1
EUNAPOLIS,influenza_a,2025,9,0.0137,-4.2785,baixo,positividade=0.0; tendencia_pos=0.0; risco=0.0,Manter rotina de vigilância laboratorial.,sklearn_gb_v1,sklearn_v1
EUCLIDES DA CUNHA PAULISTA,dengue,2025,18,0.0137,-4.2785,baixo,positividade=0.0; tendencia_pos=0.0; risco=0.0,Manter rotina de vigilância laboratorial.,sklearn_gb_v1,sklearn_v1
POMERODE,zika,2025,24,0.0137,-4.2785,baixo,positividade=0.0; tendencia_pos=0.0; risco=0.0,Manter rotina de vigilância laboratorial.,sklearn_gb_v1,sklearn_v1
POMERODE,chikungunya,2025,24,0.0137,-4.2785,baixo,positividade=0.0; tendencia_pos=0.0; risco=0.0,Manter rotina de vigilância laboratorial.,sklearn_gb_v1,sklearn_v1
POCONE,tuberculose,2025,21,0.0137,-4.2785,baixo,positividade=0.0; tendencia_pos=0.0; risco=0.07,Manter rotina de vigilância laboratorial.,sklearn_gb_v1,sklearn_v1
FELIZ NATAL,leishmaniose_visceral_humana_teste_rapido,2025,7,0.0137,-4.2785,baixo,positividade=0.0; tendencia_pos=0.0; risco=0.0,Manter rotina de vigilância laboratorial.,sklearn_gb_v1,sklearn_v1
FELIZ NATAL,histoplasmose,2024,23,0.0137,-4.2785,baixo,positividade=0.0; tendencia_pos=0.0; risco=0.0,Manter rotina de vigilância laboratorial.,sklearn_gb_v1,sklearn_v1
FELIZ NATAL,fungos,2025,29,0.0137,-4.2785,baixo,positividade=0.0; tendencia_pos=0.0; risco=0.0,Manter rotina de vigilância laboratorial.,sklearn_gb_v1,sklearn_v1
FELIZ NATAL,cultura_para_fungos,2025,29,0.0137,-4.2785,baixo,positividade=0.0; tendencia_pos=0.0; risco=0.0,Manter rotina de vigilância laboratorial.,sklearn_gb_v1,sklearn_v1
FELIZ NATAL,aspergilose,2024,23,0.0137,-4.2785,baixo,positividade=0.0; tendencia_pos=0.0; risco=0.0,Manter rotina de vigilância laboratorial.,sklearn_gb_v1,sklearn_v1
FEIRA DE SANTANA,zika,2025,8,0.0137,-4.2785,baixo,positividade=0.0; tendencia_pos=0.0; risco=0.0,Manter rotina de vigilância laboratorial.,sklearn_gb_v1,sklearn_v1
ESPIGAO D''OESTE,dengue,2025,14,0.0137,-4.2785,baixo,positividade=0.0; tendencia_pos=0.0; risco=0.0,Manter rotina de vigilância laboratorial.,sklearn_gb_v1,sklearn_v1
ESPERANTINOPOLIS,zika,2024,29,0.0137,-4.2785,baixo,positividade=0.0; tendencia_pos=0.0; risco=0.0,Manter rotina de vigilância laboratorial.,sklearn_gb_v1,sklearn_v1
ESPERANTINOPOLIS,hepatite_c_hcv,2024,43,0.0137,-4.2785,baixo,positividade=0.0; tendencia_pos=0.0; risco=0.0,Manter rotina de vigilância laboratorial.,sklearn_gb_v1,sklearn_v1
ESPERANTINOPOLIS,dengue,2024,31,0.0137,-4.2785,baixo,positividade=0.0; tendencia_pos=0.0; risco=0.0,Manter rotina de vigilância laboratorial.,sklearn_gb_v1,sklearn_v1
ERERE,dengue,2025,10,0.0137,-4.2785,baixo,positividade=0.0; tendencia_pos=0.0; risco=0.0,Manter rotina de vigilância laboratorial.,sklearn_gb_v1,sklearn_v1
PONTES E LACERDA,chagas,2025,33,0.0137,-4.2785,baixo,positividade=0.0; tendencia_pos=0.0; risco=0.0,Manter rotina de vigilância laboratorial.,sklearn_gb_v1,sklearn_v1
PONTES E LACERDA,brucelose_igm,2024,26,0.0137,-4.2785,baixo,positividade=0.0; tendencia_pos=0.0; risco=0.0,Manter rotina de vigilância laboratorial.,sklearn_gb_v1,sklearn_v1
PONTES E LACERDA,brucelose,2024,26,0.0137,-4.2785,baixo,positividade=0.0; tendencia_pos=0.0; risco=0.0,Manter rotina de vigilância laboratorial.,sklearn_gb_v1,sklearn_v1
PONTES E LACERDA,bacterias_teste_de_sensibilidade,2025,33,0.0137,-4.2785,baixo,positividade=0.0; tendencia_pos=0.0; risco=0.0,Manter rotina de vigilância laboratorial.,sklearn_gb_v1,sklearn_v1
PONTE BRANCA,dengue,2024,32,0.0137,-4.2785,baixo,positividade=0.0; tendencia_pos=0.0; risco=0.04,Manter rotina de vigilância laboratorial.,sklearn_gb_v1,sklearn_v1
PONTAL DO ARAGUAIA,tuberculose_cultura,2025,11,0.0137,-4.2785,baixo,positividade=0.0; tendencia_pos=0.0; risco=0.0,Manter rotina de vigilância laboratorial.,sklearn_gb_v1,sklearn_v1
PONTAL DO ARAGUAIA,sars_cov_2,2024,47,0.0137,-4.2785,baixo,positividade=0.0; tendencia_pos=0.0; risco=0.0,Manter rotina de vigilância laboratorial.,sklearn_gb_v1,sklearn_v1
PONTAL DO ARAGUAIA,influenza_b,2024,47,0.0137,-4.2785,baixo,positividade=0.0; tendencia_pos=0.0; risco=0.0,Manter rotina de vigilância laboratorial.,sklearn_gb_v1,sklearn_v1
PONTAL DO ARAGUAIA,influenza_a,2024,47,0.0137,-4.2785,baixo,positividade=0.0; tendencia_pos=0.0; risco=0.0,Manter rotina de vigilância laboratorial.,sklearn_gb_v1,sklearn_v1
FEIRA DE SANTANA,dengue,2025,12,0.0137,-4.2785,baixo,positividade=0.0; tendencia_pos=0.0; risco=0.0,Manter rotina de vigilância laboratorial.,sklearn_gb_v1,sklearn_v1
FEIJO,zika,2025,22,0.0137,-4.2785,baixo,positividade=0.0; tendencia_pos=0.0; risco=0.0,Manter rotina de vigilância laboratorial.,sklearn_gb_v1,sklearn_v1
ELDORADO DO SUL,zika,2025,9,0.0137,-4.2785,baixo,positividade=0.0; tendencia_pos=0.0; risco=0.0,Manter rotina de vigilância laboratorial.,sklearn_gb_v1,sklearn_v1
ELDORADO DO SUL,dengue,2025,9,0.0137,-4.2785,baixo,positividade=0.0; tendencia_pos=0.0; risco=0.0,Manter rotina de vigilância laboratorial.,sklearn_gb_v1,sklearn_v1
ELDORADO,zika,2025,2,0.0137,-4.2785,baixo,positividade=0.0; tendencia_pos=0.0; risco=0.0,Manter rotina de vigilância laboratorial.,sklearn_gb_v1,sklearn_v1
ELDORADO,dengue,2025,2,0.0137,-4.2785,baixo,positividade=0.0; tendencia_pos=0.0; risco=0.0,Manter rotina de vigilância laboratorial.,sklearn_gb_v1,sklearn_v1
DRACENA,zika,2025,13,0.0137,-4.2785,baixo,positividade=0.0; tendencia_pos=0.0; risco=0.0,Manter rotina de vigilância laboratorial.,sklearn_gb_v1,sklearn_v1
DRACENA,dengue,2025,13,0.0137,-4.2785,baixo,positividade=0.0; tendencia_pos=0.0; risco=0.0,Manter rotina de vigilância laboratorial.,sklearn_gb_v1,sklearn_v1
PONTES E LACERDA,lyme_igg,2024,26,0.0137,-4.2785,baixo,positividade=0.0; tendencia_pos=0.0; risco=0.0,Manter rotina de vigilância laboratorial.,sklearn_gb_v1,sklearn_v1
PONTES E LACERDA,leishmaniose_visceral_humana_teste_rapido,2025,29,0.0137,-4.2785,baixo,positividade=0.0; tendencia_pos=0.0; risco=0.0,Manter rotina de vigilância laboratorial.,sklearn_gb_v1,sklearn_v1
PONTES E LACERDA,fungos_teste_de_sensibilidade,2025,31,0.0137,-4.2785,baixo,positividade=0.0; tendencia_pos=0.0; risco=0.0,Manter rotina de vigilância laboratorial.,sklearn_gb_v1,sklearn_v1
PONTES E LACERDA,fungos,2025,21,0.0137,-4.2785,baixo,positividade=0.0; tendencia_pos=0.0; risco=0.0,Manter rotina de vigilância laboratorial.,sklearn_gb_v1,sklearn_v1
PONTES E LACERDA,esquistossomose_sorologia,2024,28,0.0137,-4.2785,baixo,positividade=0.0; tendencia_pos=0.0; risco=0.0,Manter rotina de vigilância laboratorial.,sklearn_gb_v1,sklearn_v1
PONTES E LACERDA,criptococos_teste_rapido,2025,41,0.0137,-4.2785,baixo,positividade=0.0; tendencia_pos=0.0; risco=0.0,Manter rotina de vigilância laboratorial.,sklearn_gb_v1,sklearn_v1
PONTES E LACERDA,chagas_igg,2025,33,0.0137,-4.2785,baixo,positividade=0.0; tendencia_pos=0.0; risco=0.0,Manter rotina de vigilância laboratorial.,sklearn_gb_v1,sklearn_v1
ESTANCIA,zika,2025,18,0.0137,-4.2785,baixo,positividade=0.0; tendencia_pos=0.0; risco=0.0,Manter rotina de vigilância laboratorial.,sklearn_gb_v1,sklearn_v1
ESTANCIA,chikungunya,2025,18,0.0137,-4.2785,baixo,positividade=0.0; tendencia_pos=0.0; risco=0.0,Manter rotina de vigilância laboratorial.,sklearn_gb_v1,sklearn_v1
ESPIGAO D''OESTE,zika,2025,14,0.0137,-4.2785,baixo,positividade=0.0; tendencia_pos=0.0; risco=0.0,Manter rotina de vigilância laboratorial.,sklearn_gb_v1,sklearn_v1
DOM AQUINO,virus_respiratorios,2025,28,0.0137,-4.2785,baixo,positividade=0.0; tendencia_pos=0.0; risco=0.0,Manter rotina de vigilância laboratorial.,sklearn_gb_v1,sklearn_v1
DOM AQUINO,sars_cov_2,2025,22,0.0137,-4.2785,baixo,positividade=0.0; tendencia_pos=0.0; risco=0.0,Manter rotina de vigilância laboratorial.,sklearn_gb_v1,sklearn_v1
DOM AQUINO,influenza_b,2025,28,0.0137,-4.2785,baixo,positividade=0.0; tendencia_pos=0.0; risco=0.0,Manter rotina de vigilância laboratorial.,sklearn_gb_v1,sklearn_v1
DOM AQUINO,influenza_a,2025,28,0.0137,-4.2785,baixo,positividade=0.0; tendencia_pos=0.0; risco=0.0,Manter rotina de vigilância laboratorial.,sklearn_gb_v1,sklearn_v1
DOM AQUINO,hepatite_b_hbv,2025,12,0.0137,-4.2785,baixo,positividade=0.0; tendencia_pos=0.0; risco=0.0,Manter rotina de vigilância laboratorial.,sklearn_gb_v1,sklearn_v1
PONTES E LACERDA,parvovirus_b19_igm,2025,32,0.0137,-4.2785,baixo,positividade=0.0; tendencia_pos=0.0; risco=0.0,Manter rotina de vigilância laboratorial.,sklearn_gb_v1,sklearn_v1
PONTES E LACERDA,parvovirus_b19_igg,2025,32,0.0137,-4.2785,baixo,positividade=0.0; tendencia_pos=0.0; risco=0.0,Manter rotina de vigilância laboratorial.,sklearn_gb_v1,sklearn_v1
PONTES E LACERDA,oropouche_biologia_molecular,2025,32,0.0137,-4.2785,baixo,positividade=0.0; tendencia_pos=0.0; risco=0.0,Manter rotina de vigilância laboratorial.,sklearn_gb_v1,sklearn_v1
PONTES E LACERDA,mayaro_biologia_molecular,2025,32,0.0137,-4.2785,baixo,positividade=0.0; tendencia_pos=0.0; risco=0.0,Manter rotina de vigilância laboratorial.,sklearn_gb_v1,sklearn_v1
PONTES E LACERDA,lyme_igm,2024,26,0.0137,-4.2785,baixo,positividade=0.0; tendencia_pos=0.0; risco=0.0,Manter rotina de vigilância laboratorial.,sklearn_gb_v1,sklearn_v1
ERECHIM,zika,2025,8,0.0137,-4.2785,baixo,positividade=0.0; tendencia_pos=0.0; risco=0.0,Manter rotina de vigilância laboratorial.,sklearn_gb_v1,sklearn_v1
EPITACIOLANDIA,zika,2025,3,0.0137,-4.2785,baixo,positividade=0.0; tendencia_pos=0.0; risco=0.0,Manter rotina de vigilância laboratorial.,sklearn_gb_v1,sklearn_v1
EPITACIOLANDIA,dengue,2025,3,0.0137,-4.2785,baixo,positividade=0.0; tendencia_pos=0.0; risco=0.0,Manter rotina de vigilância laboratorial.,sklearn_gb_v1,sklearn_v1
EPITACIOLANDIA,chikungunya,2025,3,0.0137,-4.2785,baixo,positividade=0.0; tendencia_pos=0.0; risco=0.0,Manter rotina de vigilância laboratorial.,sklearn_gb_v1,sklearn_v1
ENTRE-IJUIS,zika,2024,21,0.0137,-4.2785,baixo,positividade=0.0; tendencia_pos=0.0; risco=0.0,Manter rotina de vigilância laboratorial.,sklearn_gb_v1,sklearn_v1
ENTRE-IJUIS,dengue,2024,21,0.0137,-4.2785,baixo,positividade=0.0; tendencia_pos=0.0; risco=0.0,Manter rotina de vigilância laboratorial.,sklearn_gb_v1,sklearn_v1
DOIS VIZINHOS,dengue,2025,32,0.0137,-4.2785,baixo,positividade=0.0; tendencia_pos=0.0; risco=0.0,Manter rotina de vigilância laboratorial.,sklearn_gb_v1,sklearn_v1
DOIS RIACHOS,dengue,2025,15,0.0137,-4.2785,baixo,positividade=0.0; tendencia_pos=0.0; risco=0.0,Manter rotina de vigilância laboratorial.,sklearn_gb_v1,sklearn_v1
DOIS IRMAOS DO TOCANTINS,zika,2025,9,0.0137,-4.2785,baixo,positividade=0.0; tendencia_pos=0.0; risco=0.0,Manter rotina de vigilância laboratorial.,sklearn_gb_v1,sklearn_v1
DOIS IRMAOS DO TOCANTINS,dengue,2025,9,0.0137,-4.2785,baixo,positividade=0.0; tendencia_pos=0.0; risco=0.0,Manter rotina de vigilância laboratorial.,sklearn_gb_v1,sklearn_v1
DOIS IRMAOS DO TOCANTINS,chikungunya,2025,9,0.0137,-4.2785,baixo,positividade=0.0; tendencia_pos=0.0; risco=0.0,Manter rotina de vigilância laboratorial.,sklearn_gb_v1,sklearn_v1
DIORAMA,zika,2024,25,0.0137,-4.2785,baixo,positividade=0.0; tendencia_pos=0.0; risco=0.0,Manter rotina de vigilância laboratorial.,sklearn_gb_v1,sklearn_v1
DIORAMA,chikungunya,2024,25,0.0137,-4.2785,baixo,positividade=0.0; tendencia_pos=0.0; risco=0.0,Manter rotina de vigilância laboratorial.,sklearn_gb_v1,sklearn_v1
DIONISIO CERQUEIRA,zika,2024,24,0.0137,-4.2785,baixo,positividade=0.0; tendencia_pos=0.0; risco=0.0,Manter rotina de vigilância laboratorial.,sklearn_gb_v1,sklearn_v1
PORTO ACRE,dengue,2025,9,0.0137,-4.2785,baixo,positividade=0.0; tendencia_pos=0.0; risco=0.0,Manter rotina de vigilância laboratorial.,sklearn_gb_v1,sklearn_v1
PORTO ACRE,chikungunya,2025,9,0.0137,-4.2785,baixo,positividade=0.0; tendencia_pos=0.0; risco=0.0,Manter rotina de vigilância laboratorial.,sklearn_gb_v1,sklearn_v1
PORTO,dengue,2024,21,0.0137,-4.2785,baixo,positividade=0.0; tendencia_pos=0.0; risco=0.0,Manter rotina de vigilância laboratorial.,sklearn_gb_v1,sklearn_v1
PONTES E LACERDA,variola,2024,51,0.0137,-4.2785,baixo,positividade=0.0; tendencia_pos=0.0; risco=0.0,Manter rotina de vigilância laboratorial.,sklearn_gb_v1,sklearn_v1
PONTES E LACERDA,varicela_zoster_biologia_molecular,2024,51,0.0137,-4.2785,baixo,positividade=0.0; tendencia_pos=0.0; risco=0.0,Manter rotina de vigilância laboratorial.,sklearn_gb_v1,sklearn_v1
DOURADOS,tuberculose_cultura,2024,23,0.0137,-4.2785,baixo,positividade=0.0; tendencia_pos=0.0; risco=0.0,Manter rotina de vigilância laboratorial.,sklearn_gb_v1,sklearn_v1
DOM PEDRO,zika,2025,27,0.0137,-4.2785,baixo,positividade=0.0; tendencia_pos=0.0; risco=0.0,Manter rotina de vigilância laboratorial.,sklearn_gb_v1,sklearn_v1
DOM PEDRO,dengue,2025,27,0.0137,-4.2785,baixo,positividade=0.0; tendencia_pos=0.0; risco=0.0,Manter rotina de vigilância laboratorial.,sklearn_gb_v1,sklearn_v1
DIAMANTINO,virus_respiratorios,2025,30,0.0137,-4.2785,baixo,positividade=0.0; tendencia_pos=0.0; risco=0.0,Manter rotina de vigilância laboratorial.,sklearn_gb_v1,sklearn_v1
DIAMANTINO,tuberculose_lf_lam,2026,15,0.0137,-4.2785,baixo,positividade=0.0; tendencia_pos=0.0; risco=0.0,Manter rotina de vigilância laboratorial.,sklearn_gb_v1,sklearn_v1
DIAMANTINO,tuberculose,2025,30,0.0137,-4.2785,baixo,positividade=0.0; tendencia_pos=0.0; risco=0.0,Manter rotina de vigilância laboratorial.,sklearn_gb_v1,sklearn_v1
DIAMANTINO,sarampo_igm,2025,8,0.0137,-4.2785,baixo,positividade=0.0; tendencia_pos=0.0; risco=0.0,Manter rotina de vigilância laboratorial.,sklearn_gb_v1,sklearn_v1
DIAMANTINO,sarampo_igg,2025,8,0.0137,-4.2785,baixo,positividade=0.0; tendencia_pos=0.0; risco=0.0,Manter rotina de vigilância laboratorial.,sklearn_gb_v1,sklearn_v1
DIAMANTINO,rifampicina,2025,31,0.0137,-4.2785,baixo,positividade=0.0; tendencia_pos=0.0; risco=0.0,Manter rotina de vigilância laboratorial.,sklearn_gb_v1,sklearn_v1
DIAMANTINO,leptospira,2025,7,0.0137,-4.2785,baixo,positividade=0.0; tendencia_pos=0.0; risco=0.0,Manter rotina de vigilância laboratorial.,sklearn_gb_v1,sklearn_v1
DIAMANTINO,influenza_b,2025,45,0.0137,-4.2785,baixo,positividade=0.0; tendencia_pos=0.0; risco=0.0,Manter rotina de vigilância laboratorial.,sklearn_gb_v1,sklearn_v1
PORTO ALEGRE DO NORTE,virus_respiratorios,2024,44,0.0137,-4.2785,baixo,positividade=0.0; tendencia_pos=0.0; risco=0.09,Manter rotina de vigilância laboratorial.,sklearn_gb_v1,sklearn_v1
PORTO ALEGRE DO NORTE,tuberculose_cultura,2025,1,0.0137,-4.2785,baixo,positividade=0.0; tendencia_pos=0.0; risco=0.09,Manter rotina de vigilância laboratorial.,sklearn_gb_v1,sklearn_v1
PORTO ALEGRE,zika,2025,21,0.0137,-4.2785,baixo,positividade=0.0; tendencia_pos=0.0; risco=0.0,Manter rotina de vigilância laboratorial.,sklearn_gb_v1,sklearn_v1
PORTO ALEGRE,dengue,2025,21,0.0137,-4.2785,baixo,positividade=0.0; tendencia_pos=0.0; risco=0.0,Manter rotina de vigilância laboratorial.,sklearn_gb_v1,sklearn_v1
PORTO ACRE,zika,2025,9,0.0137,-4.2785,baixo,positividade=0.0; tendencia_pos=0.0; risco=0.0,Manter rotina de vigilância laboratorial.,sklearn_gb_v1,sklearn_v1
DOM AQUINO,fungos,2024,32,0.0137,-4.2785,baixo,positividade=0.0; tendencia_pos=0.0; risco=0.0,Manter rotina de vigilância laboratorial.,sklearn_gb_v1,sklearn_v1
DOIS VIZINHOS,zika,2025,32,0.0137,-4.2785,baixo,positividade=0.0; tendencia_pos=0.0; risco=0.0,Manter rotina de vigilância laboratorial.,sklearn_gb_v1,sklearn_v1
DIAMANTINO,chagas,2025,24,0.0137,-4.2785,baixo,positividade=0.0; tendencia_pos=0.0; risco=0.0,Manter rotina de vigilância laboratorial.,sklearn_gb_v1,sklearn_v1
DIAMANTINO,brucelose_igm,2025,8,0.0137,-4.2785,baixo,positividade=0.0; tendencia_pos=0.0; risco=0.0,Manter rotina de vigilância laboratorial.,sklearn_gb_v1,sklearn_v1
DIAMANTINO,brucelose_igg,2025,8,0.0137,-4.2785,baixo,positividade=0.0; tendencia_pos=0.0; risco=0.0,Manter rotina de vigilância laboratorial.,sklearn_gb_v1,sklearn_v1
DIAMANTINO,brucelose,2025,8,0.0137,-4.2785,baixo,positividade=0.0; tendencia_pos=0.0; risco=0.0,Manter rotina de vigilância laboratorial.,sklearn_gb_v1,sklearn_v1
DIAMANTINO,bacterias_teste_de_sensibilidade,2025,11,0.0137,-4.2785,baixo,positividade=0.0; tendencia_pos=0.0; risco=0.0,Manter rotina de vigilância laboratorial.,sklearn_gb_v1,sklearn_v1
DIADEMA,zika,2025,9,0.0137,-4.2785,baixo,positividade=0.0; tendencia_pos=0.0; risco=0.0,Manter rotina de vigilância laboratorial.,sklearn_gb_v1,sklearn_v1
DIADEMA,dengue,2025,9,0.0137,-4.2785,baixo,positividade=0.0; tendencia_pos=0.0; risco=0.0,Manter rotina de vigilância laboratorial.,sklearn_gb_v1,sklearn_v1
PORTO DOS GAUCHOS,influenza_b,2025,44,0.0137,-4.2785,baixo,positividade=0.0; tendencia_pos=0.0; risco=0.0,Manter rotina de vigilância laboratorial.,sklearn_gb_v1,sklearn_v1
PORTO DOS GAUCHOS,influenza_a,2025,44,0.0137,-4.2785,baixo,positividade=0.0; tendencia_pos=0.0; risco=0.0,Manter rotina de vigilância laboratorial.,sklearn_gb_v1,sklearn_v1
PORTO DE PEDRAS,zika,2025,17,0.0137,-4.2785,baixo,positividade=0.0; tendencia_pos=0.0; risco=0.0,Manter rotina de vigilância laboratorial.,sklearn_gb_v1,sklearn_v1
PORTO DE PEDRAS,dengue,2025,17,0.0137,-4.2785,baixo,positividade=0.0; tendencia_pos=0.0; risco=0.0,Manter rotina de vigilância laboratorial.,sklearn_gb_v1,sklearn_v1
PORTO CALVO,zika,2025,23,0.0137,-4.2785,baixo,positividade=0.0; tendencia_pos=0.0; risco=0.0,Manter rotina de vigilância laboratorial.,sklearn_gb_v1,sklearn_v1
PORTO CALVO,dengue,2025,23,0.0137,-4.2785,baixo,positividade=0.0; tendencia_pos=0.0; risco=0.0,Manter rotina de vigilância laboratorial.,sklearn_gb_v1,sklearn_v1
PORTO AMAZONAS,zika,2024,21,0.0137,-4.2785,baixo,positividade=0.0; tendencia_pos=0.0; risco=0.0,Manter rotina de vigilância laboratorial.,sklearn_gb_v1,sklearn_v1
PORTO AMAZONAS,chikungunya,2024,21,0.0137,-4.2785,baixo,positividade=0.0; tendencia_pos=0.0; risco=0.0,Manter rotina de vigilância laboratorial.,sklearn_gb_v1,sklearn_v1
DIONISIO CERQUEIRA,chikungunya,2024,24,0.0137,-4.2785,baixo,positividade=0.0; tendencia_pos=0.0; risco=0.0,Manter rotina de vigilância laboratorial.,sklearn_gb_v1,sklearn_v1
PORTO ESTRELA,sars_cov_2,2024,39,0.0137,-4.2785,baixo,positividade=0.0; tendencia_pos=0.0; risco=0.1,Manter rotina de vigilância laboratorial.,sklearn_gb_v1,sklearn_v1
PORTO ESTRELA,influenza_b,2024,39,0.0137,-4.2785,baixo,positividade=0.0; tendencia_pos=0.0; risco=0.1,Manter rotina de vigilância laboratorial.,sklearn_gb_v1,sklearn_v1
PORTO ESTRELA,influenza_a,2024,39,0.0137,-4.2785,baixo,positividade=0.0; tendencia_pos=0.0; risco=0.1,Manter rotina de vigilância laboratorial.,sklearn_gb_v1,sklearn_v1
PORTO ESTRELA,hepatite_c_hcv,2024,39,0.0137,-4.2785,baixo,positividade=0.0; tendencia_pos=0.0; risco=0.1,Manter rotina de vigilância laboratorial.,sklearn_gb_v1,sklearn_v1
PORTO ESTRELA,fungos,2025,26,0.0137,-4.2785,baixo,positividade=0.0; tendencia_pos=0.0; risco=0.1,Manter rotina de vigilância laboratorial.,sklearn_gb_v1,sklearn_v1
PORTO ESTRELA,dengue,2025,15,0.0137,-4.2785,baixo,positividade=0.0; tendencia_pos=0.0; risco=0.1,Manter rotina de vigilância laboratorial.,sklearn_gb_v1,sklearn_v1
PORTO ESTRELA,cultura_para_fungos,2025,26,0.0137,-4.2785,baixo,positividade=0.0; tendencia_pos=0.0; risco=0.1,Manter rotina de vigilância laboratorial.,sklearn_gb_v1,sklearn_v1
PORTO ESPERIDIAO,virus_respiratorios,2025,29,0.0137,-4.2785,baixo,positividade=0.0; tendencia_pos=0.0; risco=0.05,Manter rotina de vigilância laboratorial.,sklearn_gb_v1,sklearn_v1
PORTO ESPERIDIAO,tuberculose_cultura,2025,28,0.0137,-4.2785,baixo,positividade=0.0; tendencia_pos=0.0; risco=0.05,Manter rotina de vigilância laboratorial.,sklearn_gb_v1,sklearn_v1
PORTO ESPERIDIAO,sars_cov_2,2025,15,0.0137,-4.2785,baixo,positividade=0.0; tendencia_pos=0.0; risco=0.05,Manter rotina de vigilância laboratorial.,sklearn_gb_v1,sklearn_v1
PORTO ESPERIDIAO,influenza_b,2025,29,0.0137,-4.2785,baixo,positividade=0.0; tendencia_pos=0.0; risco=0.05,Manter rotina de vigilância laboratorial.,sklearn_gb_v1,sklearn_v1
PORTO ESPERIDIAO,hepatite_c_hcv,2025,27,0.0137,-4.2785,baixo,positividade=0.0; tendencia_pos=0.0; risco=0.05,Manter rotina de vigilância laboratorial.,sklearn_gb_v1,sklearn_v1
PORTO ESPERIDIAO,fungos,2025,33,0.0137,-4.2785,baixo,positividade=0.0; tendencia_pos=0.0; risco=0.05,Manter rotina de vigilância laboratorial.,sklearn_gb_v1,sklearn_v1
PORTO DOS GAUCHOS,sars_cov_2,2025,44,0.0137,-4.2785,baixo,positividade=0.0; tendencia_pos=0.0; risco=0.0,Manter rotina de vigilância laboratorial.,sklearn_gb_v1,sklearn_v1
DIAMANTINO,criptococos_teste_rapido,2026,15,0.0137,-4.2785,baixo,positividade=0.0; tendencia_pos=0.0; risco=0.0,Manter rotina de vigilância laboratorial.,sklearn_gb_v1,sklearn_v1
DIAMANTINO,chagas_igg,2025,24,0.0137,-4.2785,baixo,positividade=0.0; tendencia_pos=0.0; risco=0.0,Manter rotina de vigilância laboratorial.,sklearn_gb_v1,sklearn_v1
PORTO FRANCO,zika,2025,18,0.0137,-4.2785,baixo,positividade=0.0; tendencia_pos=0.0; risco=0.0,Manter rotina de vigilância laboratorial.,sklearn_gb_v1,sklearn_v1
PORTO FRANCO,virus_respiratorios,2025,25,0.0137,-4.2785,baixo,positividade=0.0; tendencia_pos=0.0; risco=0.0,Manter rotina de vigilância laboratorial.,sklearn_gb_v1,sklearn_v1
DIADEMA,chikungunya,2025,9,0.0137,-4.2785,baixo,positividade=0.0; tendencia_pos=0.0; risco=0.0,Manter rotina de vigilância laboratorial.,sklearn_gb_v1,sklearn_v1
DENISE,tuberculose_cultura,2024,23,0.0137,-4.2785,baixo,positividade=0.0; tendencia_pos=0.0; risco=0.0,Manter rotina de vigilância laboratorial.,sklearn_gb_v1,sklearn_v1
DENISE,sars_cov_2,2025,6,0.0137,-4.2785,baixo,positividade=0.0; tendencia_pos=0.0; risco=0.0,Manter rotina de vigilância laboratorial.,sklearn_gb_v1,sklearn_v1
DENISE,sarampo_igm,2025,43,0.0137,-4.2785,baixo,positividade=0.0; tendencia_pos=0.0; risco=0.0,Manter rotina de vigilância laboratorial.,sklearn_gb_v1,sklearn_v1
DENISE,sarampo_igg,2025,43,0.0137,-4.2785,baixo,positividade=0.0; tendencia_pos=0.0; risco=0.0,Manter rotina de vigilância laboratorial.,sklearn_gb_v1,sklearn_v1
DENISE,rubeola_igm,2025,43,0.0137,-4.2785,baixo,positividade=0.0; tendencia_pos=0.0; risco=0.0,Manter rotina de vigilância laboratorial.,sklearn_gb_v1,sklearn_v1
DENISE,rubeola_igg,2025,43,0.0137,-4.2785,baixo,positividade=0.0; tendencia_pos=0.0; risco=0.0,Manter rotina de vigilância laboratorial.,sklearn_gb_v1,sklearn_v1
DENISE,influenza_b,2025,7,0.0137,-4.2785,baixo,positividade=0.0; tendencia_pos=0.0; risco=0.0,Manter rotina de vigilância laboratorial.,sklearn_gb_v1,sklearn_v1
DENISE,influenza_a,2025,7,0.0137,-4.2785,baixo,positividade=0.0; tendencia_pos=0.0; risco=0.0,Manter rotina de vigilância laboratorial.,sklearn_gb_v1,sklearn_v1
PORTO FRANCO,influenza_b,2025,25,0.0137,-4.2785,baixo,positividade=0.0; tendencia_pos=0.0; risco=0.0,Manter rotina de vigilância laboratorial.,sklearn_gb_v1,sklearn_v1
PORTO FRANCO,influenza_a,2025,25,0.0137,-4.2785,baixo,positividade=0.0; tendencia_pos=0.0; risco=0.0,Manter rotina de vigilância laboratorial.,sklearn_gb_v1,sklearn_v1
PORTO FRANCO,dengue,2025,18,0.0137,-4.2785,baixo,positividade=0.0; tendencia_pos=0.0; risco=0.0,Manter rotina de vigilância laboratorial.,sklearn_gb_v1,sklearn_v1
PORTO ESTRELA,zika,2025,15,0.0137,-4.2785,baixo,positividade=0.0; tendencia_pos=0.0; risco=0.1,Manter rotina de vigilância laboratorial.,sklearn_gb_v1,sklearn_v1
PORTO ESTRELA,tuberculose_cultura,2025,26,0.0137,-4.2785,baixo,positividade=0.0; tendencia_pos=0.0; risco=0.1,Manter rotina de vigilância laboratorial.,sklearn_gb_v1,sklearn_v1
POSSE,dengue,2025,21,0.0137,-4.2785,baixo,positividade=0.0; tendencia_pos=0.0; risco=0.0,Manter rotina de vigilância laboratorial.,sklearn_gb_v1,sklearn_v1
PORTO VELHO,tuberculose_cultura,2024,24,0.0137,-4.2785,baixo,positividade=0.0; tendencia_pos=0.0; risco=0.0,Manter rotina de vigilância laboratorial.,sklearn_gb_v1,sklearn_v1
DENISE,chagas,2025,17,0.0137,-4.2785,baixo,positividade=0.0; tendencia_pos=0.0; risco=0.0,Manter rotina de vigilância laboratorial.,sklearn_gb_v1,sklearn_v1
CURVELANDIA,virus_respiratorios,2024,23,0.0137,-4.2785,baixo,positividade=0.0; tendencia_pos=0.0; risco=0.0,Manter rotina de vigilância laboratorial.,sklearn_gb_v1,sklearn_v1
CURVELANDIA,sars_cov_2,2024,27,0.0137,-4.2785,baixo,positividade=0.0; tendencia_pos=0.0; risco=0.0,Manter rotina de vigilância laboratorial.,sklearn_gb_v1,sklearn_v1
CURVELANDIA,rifampicina,2025,33,0.0137,-4.2785,baixo,positividade=0.0; tendencia_pos=0.0; risco=0.0,Manter rotina de vigilância laboratorial.,sklearn_gb_v1,sklearn_v1
CURVELANDIA,chagas_igg,2025,33,0.0137,-4.2785,baixo,positividade=0.0; tendencia_pos=0.0; risco=0.0,Manter rotina de vigilância laboratorial.,sklearn_gb_v1,sklearn_v1
CURVELANDIA,chagas,2025,33,0.0137,-4.2785,baixo,positividade=0.0; tendencia_pos=0.0; risco=0.0,Manter rotina de vigilância laboratorial.,sklearn_gb_v1,sklearn_v1
PORTO VELHO,sars_cov_2,2024,35,0.0137,-4.2785,baixo,positividade=0.0; tendencia_pos=0.0; risco=0.0,Manter rotina de vigilância laboratorial.,sklearn_gb_v1,sklearn_v1
PORTO VELHO,rifampicina,2026,11,0.0137,-4.2785,baixo,positividade=0.0; tendencia_pos=0.0; risco=0.0,Manter rotina de vigilância laboratorial.,sklearn_gb_v1,sklearn_v1
PORTO VELHO,influenza_b,2024,35,0.0137,-4.2785,baixo,positividade=0.0; tendencia_pos=0.0; risco=0.0,Manter rotina de vigilância laboratorial.,sklearn_gb_v1,sklearn_v1
PORTO VELHO,influenza_a,2024,35,0.0137,-4.2785,baixo,positividade=0.0; tendencia_pos=0.0; risco=0.0,Manter rotina de vigilância laboratorial.,sklearn_gb_v1,sklearn_v1
PORTO VELHO,hepatite_b_hbv,2025,26,0.0137,-4.2785,baixo,positividade=0.0; tendencia_pos=0.0; risco=0.0,Manter rotina de vigilância laboratorial.,sklearn_gb_v1,sklearn_v1
PORTO NACIONAL,zika,2025,8,0.0137,-4.2785,baixo,positividade=0.0; tendencia_pos=0.0; risco=0.0,Manter rotina de vigilância laboratorial.,sklearn_gb_v1,sklearn_v1
PORTO LUCENA,zika,2025,20,0.0137,-4.2785,baixo,positividade=0.0; tendencia_pos=0.0; risco=0.0,Manter rotina de vigilância laboratorial.,sklearn_gb_v1,sklearn_v1
PORTO LUCENA,chikungunya,2025,20,0.0137,-4.2785,baixo,positividade=0.0; tendencia_pos=0.0; risco=0.0,Manter rotina de vigilância laboratorial.,sklearn_gb_v1,sklearn_v1
CURUA,zika,2025,7,0.0137,-4.2785,baixo,positividade=0.0; tendencia_pos=0.0; risco=0.0,Manter rotina de vigilância laboratorial.,sklearn_gb_v1,sklearn_v1
CURUA,dengue,2025,7,0.0137,-4.2785,baixo,positividade=0.0; tendencia_pos=0.0; risco=0.0,Manter rotina de vigilância laboratorial.,sklearn_gb_v1,sklearn_v1
CURITIBA,zika,2025,15,0.0137,-4.2785,baixo,positividade=0.0; tendencia_pos=0.0; risco=0.0,Manter rotina de vigilância laboratorial.,sklearn_gb_v1,sklearn_v1
CURITIBA,sars_cov_2,2024,32,0.0137,-4.2785,baixo,positividade=0.0; tendencia_pos=0.0; risco=0.0,Manter rotina de vigilância laboratorial.,sklearn_gb_v1,sklearn_v1
CURITIBA,influenza_b,2024,32,0.0137,-4.2785,baixo,positividade=0.0; tendencia_pos=0.0; risco=0.0,Manter rotina de vigilância laboratorial.,sklearn_gb_v1,sklearn_v1
CURITIBA,influenza_a,2024,32,0.0137,-4.2785,baixo,positividade=0.0; tendencia_pos=0.0; risco=0.0,Manter rotina de vigilância laboratorial.,sklearn_gb_v1,sklearn_v1
CURITIBA,htlv_i_ii_virus_linfotropico_humano_tipo_i_e_ii,2025,2,0.0137,-4.2785,baixo,positividade=0.0; tendencia_pos=0.0; risco=0.0,Manter rotina de vigilância laboratorial.,sklearn_gb_v1,sklearn_v1
CURITIBA,hepatite_b_hbv,2024,27,0.0137,-4.2785,baixo,positividade=0.0; tendencia_pos=0.0; risco=0.0,Manter rotina de vigilância laboratorial.,sklearn_gb_v1,sklearn_v1
CURITIBA,citomegalovirus_igm,2025,2,0.0137,-4.2785,baixo,positividade=0.0; tendencia_pos=0.0; risco=0.0,Manter rotina de vigilância laboratorial.,sklearn_gb_v1,sklearn_v1
CUNHA,zika,2024,23,0.0137,-4.2785,baixo,positividade=0.0; tendencia_pos=0.0; risco=0.0,Manter rotina de vigilância laboratorial.,sklearn_gb_v1,sklearn_v1
POXOREO,influenza_b,2025,32,0.0137,-4.2785,baixo,positividade=0.0; tendencia_pos=0.0; risco=0.0,Manter rotina de vigilância laboratorial.,sklearn_gb_v1,sklearn_v1
POXOREO,influenza_a,2025,32,0.0137,-4.2785,baixo,positividade=0.0; tendencia_pos=0.0; risco=0.0,Manter rotina de vigilância laboratorial.,sklearn_gb_v1,sklearn_v1
POUSO ALEGRE,zika,2025,17,0.0137,-4.2785,baixo,positividade=0.0; tendencia_pos=0.0; risco=0.0,Manter rotina de vigilância laboratorial.,sklearn_gb_v1,sklearn_v1
POUSO ALEGRE,chikungunya,2025,17,0.0137,-4.2785,baixo,positividade=0.0; tendencia_pos=0.0; risco=0.0,Manter rotina de vigilância laboratorial.,sklearn_gb_v1,sklearn_v1
POSSE,zika,2025,21,0.0137,-4.2785,baixo,positividade=0.0; tendencia_pos=0.0; risco=0.0,Manter rotina de vigilância laboratorial.,sklearn_gb_v1,sklearn_v1
CUMARU DO NORTE,tuberculose_cultura,2024,27,0.0137,-4.2785,baixo,positividade=0.0; tendencia_pos=0.0; risco=0.0,Manter rotina de vigilância laboratorial.,sklearn_gb_v1,sklearn_v1
CUMARU DO NORTE,hepatite_b_hbv,2024,28,0.0137,-4.2785,baixo,positividade=0.0; tendencia_pos=0.0; risco=0.0,Manter rotina de vigilância laboratorial.,sklearn_gb_v1,sklearn_v1
CUJUBIM,zika,2025,12,0.0137,-4.2785,baixo,positividade=0.0; tendencia_pos=0.0; risco=0.0,Manter rotina de vigilância laboratorial.,sklearn_gb_v1,sklearn_v1
CUJUBIM,dengue,2025,12,0.0137,-4.2785,baixo,positividade=0.0; tendencia_pos=0.0; risco=0.0,Manter rotina de vigilância laboratorial.,sklearn_gb_v1,sklearn_v1
CUJUBIM,chikungunya,2025,12,0.0137,-4.2785,baixo,positividade=0.0; tendencia_pos=0.0; risco=0.0,Manter rotina de vigilância laboratorial.,sklearn_gb_v1,sklearn_v1
CUIABA,toxoplasmose_igm,2025,34,0.0137,-4.2785,baixo,positividade=0.0; tendencia_pos=0.0; risco=0.0,Manter rotina de vigilância laboratorial.,sklearn_gb_v1,sklearn_v1
PRESIDENTE FIGUEIREDO,influenza_b,2025,26,0.0137,-4.2785,baixo,positividade=0.0; tendencia_pos=0.0; risco=0.0,Manter rotina de vigilância laboratorial.,sklearn_gb_v1,sklearn_v1
PRESIDENTE FIGUEIREDO,influenza_a,2025,26,0.0137,-4.2785,baixo,positividade=0.0; tendencia_pos=0.0; risco=0.0,Manter rotina de vigilância laboratorial.,sklearn_gb_v1,sklearn_v1
PRESIDENTE FIGUEIREDO,dengue,2025,7,0.0137,-4.2785,baixo,positividade=0.0; tendencia_pos=0.0; risco=0.0,Manter rotina de vigilância laboratorial.,sklearn_gb_v1,sklearn_v1
PRAINHA,zika,2025,25,0.0137,-4.2785,baixo,positividade=0.0; tendencia_pos=0.0; risco=0.0,Manter rotina de vigilância laboratorial.,sklearn_gb_v1,sklearn_v1
PRAINHA,chikungunya,2025,25,0.0137,-4.2785,baixo,positividade=0.0; tendencia_pos=0.0; risco=0.0,Manter rotina de vigilância laboratorial.,sklearn_gb_v1,sklearn_v1
PRAIA GRANDE,dengue,2025,6,0.0137,-4.2785,baixo,positividade=0.0; tendencia_pos=0.0; risco=0.0,Manter rotina de vigilância laboratorial.,sklearn_gb_v1,sklearn_v1
POXOREO,tuberculose_lf_lam,2024,31,0.0137,-4.2785,baixo,positividade=0.0; tendencia_pos=0.0; risco=0.0,Manter rotina de vigilância laboratorial.,sklearn_gb_v1,sklearn_v1
POXOREO,rifampicina,2025,25,0.0137,-4.2785,baixo,positividade=0.0; tendencia_pos=0.0; risco=0.0,Manter rotina de vigilância laboratorial.,sklearn_gb_v1,sklearn_v1
POXOREO,meningite_bacteriana_biologia_molecular,2025,33,0.0137,-4.2785,baixo,positividade=0.0; tendencia_pos=0.0; risco=0.0,Manter rotina de vigilância laboratorial.,sklearn_gb_v1,sklearn_v1
CUIABA,neisseria_gonorrhoeae,2026,2,0.0137,-4.2785,baixo,positividade=0.0; tendencia_pos=0.0; risco=0.0,Manter rotina de vigilância laboratorial.,sklearn_gb_v1,sklearn_v1
CUIABA,malaria_biologia_molecular,2025,2,0.0137,-4.2785,baixo,positividade=0.0; tendencia_pos=0.0; risco=0.0,Manter rotina de vigilância laboratorial.,sklearn_gb_v1,sklearn_v1
CUIABA,htlv_i_ii_virus_linfotropico_humano_tipo_i_e_ii,2025,21,0.0137,-4.2785,baixo,positividade=0.0; tendencia_pos=0.0; risco=0.0,Manter rotina de vigilância laboratorial.,sklearn_gb_v1,sklearn_v1
CUIABA,hidatidose_igg,2025,2,0.0137,-4.2785,baixo,positividade=0.0; tendencia_pos=0.0; risco=0.0,Manter rotina de vigilância laboratorial.,sklearn_gb_v1,sklearn_v1
CUIABA,hepatite_d_hdv,2024,30,0.0137,-4.2785,baixo,positividade=0.0; tendencia_pos=0.0; risco=0.0,Manter rotina de vigilância laboratorial.,sklearn_gb_v1,sklearn_v1
PRIMAVERA DO LESTE,fungos,2025,33,0.0137,-4.2785,baixo,positividade=0.0; tendencia_pos=0.0; risco=0.0,Manter rotina de vigilância laboratorial.,sklearn_gb_v1,sklearn_v1
PRIMAVERA DO LESTE,criptococos_teste_rapido,2026,17,0.0137,-4.2785,baixo,positividade=0.0; tendencia_pos=0.0; risco=0.0,Manter rotina de vigilância laboratorial.,sklearn_gb_v1,sklearn_v1
PRESIDENTE PRUDENTE,dengue,2025,1,0.0137,-4.2785,baixo,positividade=0.0; tendencia_pos=0.0; risco=0.0,Manter rotina de vigilância laboratorial.,sklearn_gb_v1,sklearn_v1
PRESIDENTE MEDICI,zika,2025,9,0.0137,-4.2785,baixo,positividade=0.0; tendencia_pos=0.0; risco=0.0,Manter rotina de vigilância laboratorial.,sklearn_gb_v1,sklearn_v1
PRESIDENTE MEDICI,dengue,2025,9,0.0137,-4.2785,baixo,positividade=0.0; tendencia_pos=0.0; risco=0.0,Manter rotina de vigilância laboratorial.,sklearn_gb_v1,sklearn_v1
PRESIDENTE FIGUEIREDO,zika,2025,7,0.0137,-4.2785,baixo,positividade=0.0; tendencia_pos=0.0; risco=0.0,Manter rotina de vigilância laboratorial.,sklearn_gb_v1,sklearn_v1
PRESIDENTE FIGUEIREDO,virus_respiratorios,2025,26,0.0137,-4.2785,baixo,positividade=0.0; tendencia_pos=0.0; risco=0.0,Manter rotina de vigilância laboratorial.,sklearn_gb_v1,sklearn_v1
CUIABA,toxoplasmose_biologia_molecular,2025,3,0.0137,-4.2785,baixo,positividade=0.0; tendencia_pos=0.0; risco=0.0,Manter rotina de vigilância laboratorial.,sklearn_gb_v1,sklearn_v1
CUIABA,rotavirus,2024,33,0.0137,-4.2785,baixo,positividade=0.0; tendencia_pos=0.0; risco=0.0,Manter rotina de vigilância laboratorial.,sklearn_gb_v1,sklearn_v1
CUIABA,parvovirus_b19_igg,2026,5,0.0137,-4.2785,baixo,positividade=0.0; tendencia_pos=0.0; risco=0.0,Manter rotina de vigilância laboratorial.,sklearn_gb_v1,sklearn_v1
CUNHA,chikungunya,2024,23,0.0137,-4.2785,baixo,positividade=0.0; tendencia_pos=0.0; risco=0.0,Manter rotina de vigilância laboratorial.,sklearn_gb_v1,sklearn_v1
CRUZEIRO DO OESTE,zika,2024,35,0.0137,-4.2785,baixo,positividade=0.0; tendencia_pos=0.0; risco=0.0,Manter rotina de vigilância laboratorial.,sklearn_gb_v1,sklearn_v1
CRUZEIRO DO OESTE,hepatite_c_hcv,2024,23,0.0137,-4.2785,baixo,positividade=0.0; tendencia_pos=0.0; risco=0.0,Manter rotina de vigilância laboratorial.,sklearn_gb_v1,sklearn_v1
CRUZEIRO DO OESTE,dengue,2024,35,0.0137,-4.2785,baixo,positividade=0.0; tendencia_pos=0.0; risco=0.0,Manter rotina de vigilância laboratorial.,sklearn_gb_v1,sklearn_v1
CRUZEIRO DO OESTE,chikungunya,2024,35,0.0137,-4.2785,baixo,positividade=0.0; tendencia_pos=0.0; risco=0.0,Manter rotina de vigilância laboratorial.,sklearn_gb_v1,sklearn_v1
CRUZEIRO,zika,2025,22,0.0137,-4.2785,baixo,positividade=0.0; tendencia_pos=0.0; risco=0.0,Manter rotina de vigilância laboratorial.,sklearn_gb_v1,sklearn_v1
CRUZEIRO,dengue,2025,22,0.0137,-4.2785,baixo,positividade=0.0; tendencia_pos=0.0; risco=0.0,Manter rotina de vigilância laboratorial.,sklearn_gb_v1,sklearn_v1
PRIMAVERA DO LESTE,rubeola_igm,2025,44,0.0137,-4.2785,baixo,positividade=0.0; tendencia_pos=0.0; risco=0.0,Manter rotina de vigilância laboratorial.,sklearn_gb_v1,sklearn_v1
PRIMAVERA DO LESTE,oropouche_biologia_molecular,2025,35,0.0137,-4.2785,baixo,positividade=0.0; tendencia_pos=0.0; risco=0.0,Manter rotina de vigilância laboratorial.,sklearn_gb_v1,sklearn_v1
PRIMAVERA DO LESTE,neisseria_gonorrhoeae,2025,33,0.0137,-4.2785,baixo,positividade=0.0; tendencia_pos=0.0; risco=0.0,Manter rotina de vigilância laboratorial.,sklearn_gb_v1,sklearn_v1
PRIMAVERA DO LESTE,mayaro_biologia_molecular,2025,35,0.0137,-4.2785,baixo,positividade=0.0; tendencia_pos=0.0; risco=0.0,Manter rotina de vigilância laboratorial.,sklearn_gb_v1,sklearn_v1
CUIABA,hanseniase_biologia_molecular,2025,25,0.0137,-4.2785,baixo,positividade=0.0; tendencia_pos=0.0; risco=0.0,Manter rotina de vigilância laboratorial.,sklearn_gb_v1,sklearn_v1
CUIABA,febre_do_nilo_ocidental_igm,2025,9,0.0137,-4.2785,baixo,positividade=0.0; tendencia_pos=0.0; risco=0.0,Manter rotina de vigilância laboratorial.,sklearn_gb_v1,sklearn_v1
CUIABA,febre_do_nilo_ocidental_biologia_molecular,2025,9,0.0137,-4.2785,baixo,positividade=0.0; tendencia_pos=0.0; risco=0.0,Manter rotina de vigilância laboratorial.,sklearn_gb_v1,sklearn_v1
CUIABA,encefalite_saint_louis_biologia_molecular,2025,9,0.0137,-4.2785,baixo,positividade=0.0; tendencia_pos=0.0; risco=0.0,Manter rotina de vigilância laboratorial.,sklearn_gb_v1,sklearn_v1
ALEXANIA,zika,2025,7,0.0137,-4.2785,baixo,positividade=0.0; tendencia_pos=0.0; risco=0.0,Manter rotina de vigilância laboratorial.,sklearn_gb_v1,sklearn_v1
ALEXANIA,dengue,2025,7,0.0137,-4.2785,baixo,positividade=0.0; tendencia_pos=0.0; risco=0.0,Manter rotina de vigilância laboratorial.,sklearn_gb_v1,sklearn_v1
ALEXANIA,chikungunya,2025,7,0.0137,-4.2785,baixo,positividade=0.0; tendencia_pos=0.0; risco=0.0,Manter rotina de vigilância laboratorial.,sklearn_gb_v1,sklearn_v1
ALEGRETE DO PIAUI,zika,2025,22,0.0137,-4.2785,baixo,positividade=0.0; tendencia_pos=0.0; risco=0.0,Manter rotina de vigilância laboratorial.,sklearn_gb_v1,sklearn_v1
ALEGRETE DO PIAUI,dengue,2025,22,0.0137,-4.2785,baixo,positividade=0.0; tendencia_pos=0.0; risco=0.0,Manter rotina de vigilância laboratorial.,sklearn_gb_v1,sklearn_v1
ALEGRETE,dengue,2024,52,0.0137,-4.2785,baixo,positividade=0.0; tendencia_pos=0.0; risco=0.0,Manter rotina de vigilância laboratorial.,sklearn_gb_v1,sklearn_v1
ALCINOPOLIS,zika,2025,18,0.0137,-4.2785,baixo,positividade=0.0; tendencia_pos=0.0; risco=0.0,Manter rotina de vigilância laboratorial.,sklearn_gb_v1,sklearn_v1
ALCINOPOLIS,dengue,2025,18,0.0137,-4.2785,baixo,positividade=0.0; tendencia_pos=0.0; risco=0.0,Manter rotina de vigilância laboratorial.,sklearn_gb_v1,sklearn_v1
AGUA CLARA,zika,2024,29,0.0137,-4.2785,baixo,positividade=0.0; tendencia_pos=0.0; risco=0.0,Manter rotina de vigilância laboratorial.,sklearn_gb_v1,sklearn_v1
AGUA CLARA,dengue,2024,29,0.0137,-4.2785,baixo,positividade=0.0; tendencia_pos=0.0; risco=0.0,Manter rotina de vigilância laboratorial.,sklearn_gb_v1,sklearn_v1
VILA RICA,brucelose_igg,2024,32,0.0137,-4.2785,baixo,positividade=0.0; tendencia_pos=0.0; risco=0.05,Manter rotina de vigilância laboratorial.,sklearn_gb_v1,sklearn_v1
VILA NOVA DOS MARTIRIOS,dengue,2024,28,0.0137,-4.2785,baixo,positividade=0.0; tendencia_pos=0.0; risco=0.0,Manter rotina de vigilância laboratorial.,sklearn_gb_v1,sklearn_v1
VILA BELA DA SANTISSIMA TRINDADE,sars_cov_2,2025,24,0.0137,-4.2785,baixo,positividade=0.0; tendencia_pos=0.0; risco=0.11,Manter rotina de vigilância laboratorial.,sklearn_gb_v1,sklearn_v1
VILA BELA DA SANTISSIMA TRINDADE,influenza_b,2025,24,0.0137,-4.2785,baixo,positividade=0.0; tendencia_pos=0.0; risco=0.11,Manter rotina de vigilância laboratorial.,sklearn_gb_v1,sklearn_v1
VILA BELA DA SANTISSIMA TRINDADE,influenza_a,2025,24,0.0137,-4.2785,baixo,positividade=0.0; tendencia_pos=0.0; risco=0.11,Manter rotina de vigilância laboratorial.,sklearn_gb_v1,sklearn_v1
VILA BELA DA SANTISSIMA TRINDADE,hepatite_c_hcv,2024,35,0.0137,-4.2785,baixo,positividade=0.0; tendencia_pos=0.0; risco=0.11,Manter rotina de vigilância laboratorial.,sklearn_gb_v1,sklearn_v1
CRATEUS,chagas,2025,8,0.0137,-4.2785,baixo,positividade=0.0; tendencia_pos=0.0; risco=0.0,Manter rotina de vigilância laboratorial.,sklearn_gb_v1,sklearn_v1
CRAIBAS,zika,2025,8,0.0137,-4.2785,baixo,positividade=0.0; tendencia_pos=0.0; risco=0.0,Manter rotina de vigilância laboratorial.,sklearn_gb_v1,sklearn_v1
CRAIBAS,dengue,2025,8,0.0137,-4.2785,baixo,positividade=0.0; tendencia_pos=0.0; risco=0.0,Manter rotina de vigilância laboratorial.,sklearn_gb_v1,sklearn_v1
CRAIBAS,chikungunya,2025,8,0.0137,-4.2785,baixo,positividade=0.0; tendencia_pos=0.0; risco=0.0,Manter rotina de vigilância laboratorial.,sklearn_gb_v1,sklearn_v1
COXIM,zika,2025,14,0.0137,-4.2785,baixo,positividade=0.0; tendencia_pos=0.0; risco=0.0,Manter rotina de vigilância laboratorial.,sklearn_gb_v1,sklearn_v1
COXIM,virus_respiratorios,2025,26,0.0137,-4.2785,baixo,positividade=0.0; tendencia_pos=0.0; risco=0.0,Manter rotina de vigilância laboratorial.,sklearn_gb_v1,sklearn_v1
COXIM,influenza_b,2025,26,0.0137,-4.2785,baixo,positividade=0.0; tendencia_pos=0.0; risco=0.0,Manter rotina de vigilância laboratorial.,sklearn_gb_v1,sklearn_v1
COXIM,influenza_a,2025,26,0.0137,-4.2785,baixo,positividade=0.0; tendencia_pos=0.0; risco=0.0,Manter rotina de vigilância laboratorial.,sklearn_gb_v1,sklearn_v1
COXIM,dengue,2025,14,0.0137,-4.2785,baixo,positividade=0.0; tendencia_pos=0.0; risco=0.0,Manter rotina de vigilância laboratorial.,sklearn_gb_v1,sklearn_v1
COTRIGUACU,zika,2025,21,0.0137,-4.2785,baixo,positividade=0.0; tendencia_pos=0.0; risco=0.1,Manter rotina de vigilância laboratorial.,sklearn_gb_v1,sklearn_v1
QUEBRANGULO,zika,2025,4,0.0137,-4.2785,baixo,positividade=0.0; tendencia_pos=0.0; risco=0.0,Manter rotina de vigilância laboratorial.,sklearn_gb_v1,sklearn_v1
QUEBRANGULO,dengue,2025,4,0.0137,-4.2785,baixo,positividade=0.0; tendencia_pos=0.0; risco=0.0,Manter rotina de vigilância laboratorial.,sklearn_gb_v1,sklearn_v1
PRIMAVERA DO LESTE,virus_respiratorios,2024,42,0.0137,-4.2785,baixo,positividade=0.0; tendencia_pos=0.0; risco=0.0,Manter rotina de vigilância laboratorial.,sklearn_gb_v1,sklearn_v1
PRIMAVERA DO LESTE,tuberculose_cultura,2025,26,0.0137,-4.2785,baixo,positividade=0.0; tendencia_pos=0.0; risco=0.0,Manter rotina de vigilância laboratorial.,sklearn_gb_v1,sklearn_v1
PRIMAVERA DO LESTE,tuberculose,2025,34,0.0137,-4.2785,baixo,positividade=0.0; tendencia_pos=0.0; risco=0.0,Manter rotina de vigilância laboratorial.,sklearn_gb_v1,sklearn_v1
CUIABA,bacterias_teste_de_sensibilidade_ii,2024,40,0.0137,-4.2785,baixo,positividade=0.0; tendencia_pos=0.0; risco=0.0,Manter rotina de vigilância laboratorial.,sklearn_gb_v1,sklearn_v1
COTRIGUACU,oropouche_biologia_molecular,2024,23,0.0137,-4.2785,baixo,positividade=0.0; tendencia_pos=0.0; risco=0.1,Manter rotina de vigilância laboratorial.,sklearn_gb_v1,sklearn_v1
COTRIGUACU,mayaro_biologia_molecular,2024,23,0.0137,-4.2785,baixo,positividade=0.0; tendencia_pos=0.0; risco=0.1,Manter rotina de vigilância laboratorial.,sklearn_gb_v1,sklearn_v1
COTRIGUACU,leptospira,2025,30,0.0137,-4.2785,baixo,positividade=0.0; tendencia_pos=0.0; risco=0.1,Manter rotina de vigilância laboratorial.,sklearn_gb_v1,sklearn_v1
COTRIGUACU,leishmaniose_visceral_humana_teste_rapido,2025,30,0.0137,-4.2785,baixo,positividade=0.0; tendencia_pos=0.0; risco=0.1,Manter rotina de vigilância laboratorial.,sklearn_gb_v1,sklearn_v1
COTRIGUACU,influenza_b,2025,12,0.0137,-4.2785,baixo,positividade=0.0; tendencia_pos=0.0; risco=0.1,Manter rotina de vigilância laboratorial.,sklearn_gb_v1,sklearn_v1
COTRIGUACU,influenza_a,2025,12,0.0137,-4.2785,baixo,positividade=0.0; tendencia_pos=0.0; risco=0.1,Manter rotina de vigilância laboratorial.,sklearn_gb_v1,sklearn_v1
COTRIGUACU,hepatite_c_hcv,2024,29,0.0137,-4.2785,baixo,positividade=0.0; tendencia_pos=0.0; risco=0.1,Manter rotina de vigilância laboratorial.,sklearn_gb_v1,sklearn_v1
COTRIGUACU,cultura_para_fungos,2024,27,0.0137,-4.2785,baixo,positividade=0.0; tendencia_pos=0.0; risco=0.1,Manter rotina de vigilância laboratorial.,sklearn_gb_v1,sklearn_v1
QUERENCIA,sifilis,2025,29,0.0137,-4.2785,baixo,positividade=0.0; tendencia_pos=0.0; risco=0.0,Manter rotina de vigilância laboratorial.,sklearn_gb_v1,sklearn_v1
QUERENCIA,sars_cov_2,2025,24,0.0137,-4.2785,baixo,positividade=0.0; tendencia_pos=0.0; risco=0.0,Manter rotina de vigilância laboratorial.,sklearn_gb_v1,sklearn_v1
QUERENCIA,sarampo_igm,2025,34,0.0137,-4.2785,baixo,positividade=0.0; tendencia_pos=0.0; risco=0.0,Manter rotina de vigilância laboratorial.,sklearn_gb_v1,sklearn_v1
QUERENCIA,sarampo_igg,2025,34,0.0137,-4.2785,baixo,positividade=0.0; tendencia_pos=0.0; risco=0.0,Manter rotina de vigilância laboratorial.,sklearn_gb_v1,sklearn_v1
QUERENCIA,rubeola_igm,2025,29,0.0137,-4.2785,baixo,positividade=0.0; tendencia_pos=0.0; risco=0.0,Manter rotina de vigilância laboratorial.,sklearn_gb_v1,sklearn_v1
QUERENCIA,rubeola_igg,2025,29,0.0137,-4.2785,baixo,positividade=0.0; tendencia_pos=0.0; risco=0.0,Manter rotina de vigilância laboratorial.,sklearn_gb_v1,sklearn_v1
QUERENCIA,parvovirus_b19_igg,2025,29,0.0137,-4.2785,baixo,positividade=0.0; tendencia_pos=0.0; risco=0.0,Manter rotina de vigilância laboratorial.,sklearn_gb_v1,sklearn_v1
QUERENCIA,hepatite_c_hcv,2025,23,0.0137,-4.2785,baixo,positividade=0.0; tendencia_pos=0.0; risco=0.0,Manter rotina de vigilância laboratorial.,sklearn_gb_v1,sklearn_v1
COTIA,chikungunya,2025,20,0.0137,-4.2785,baixo,positividade=0.0; tendencia_pos=0.0; risco=0.0,Manter rotina de vigilância laboratorial.,sklearn_gb_v1,sklearn_v1
COSTA MARQUES,sars_cov_2,2024,39,0.0137,-4.2785,baixo,positividade=0.0; tendencia_pos=0.0; risco=0.0,Manter rotina de vigilância laboratorial.,sklearn_gb_v1,sklearn_v1
COSTA MARQUES,influenza_b,2024,39,0.0137,-4.2785,baixo,positividade=0.0; tendencia_pos=0.0; risco=0.0,Manter rotina de vigilância laboratorial.,sklearn_gb_v1,sklearn_v1
COSTA MARQUES,influenza_a,2024,39,0.0137,-4.2785,baixo,positividade=0.0; tendencia_pos=0.0; risco=0.0,Manter rotina de vigilância laboratorial.,sklearn_gb_v1,sklearn_v1
CORUMBIARA,influenza_b,2024,22,0.0137,-4.2785,baixo,positividade=0.0; tendencia_pos=0.0; risco=0.0,Manter rotina de vigilância laboratorial.,sklearn_gb_v1,sklearn_v1
CORUMBIARA,influenza_a,2024,22,0.0137,-4.2785,baixo,positividade=0.0; tendencia_pos=0.0; risco=0.0,Manter rotina de vigilância laboratorial.,sklearn_gb_v1,sklearn_v1
RECIFE,zika,2025,24,0.0137,-4.2785,baixo,positividade=0.0; tendencia_pos=0.0; risco=0.0,Manter rotina de vigilância laboratorial.,sklearn_gb_v1,sklearn_v1
RECIFE,chikungunya,2025,24,0.0137,-4.2785,baixo,positividade=0.0; tendencia_pos=0.0; risco=0.0,Manter rotina de vigilância laboratorial.,sklearn_gb_v1,sklearn_v1
RANCHO ALEGRE,dengue,2024,29,0.0137,-4.2785,baixo,positividade=0.0; tendencia_pos=0.0; risco=0.0,Manter rotina de vigilância laboratorial.,sklearn_gb_v1,sklearn_v1
QUIXERAMOBIM,zika,2025,20,0.0137,-4.2785,baixo,positividade=0.0; tendencia_pos=0.0; risco=0.0,Manter rotina de vigilância laboratorial.,sklearn_gb_v1,sklearn_v1
QUIXERAMOBIM,dengue,2025,20,0.0137,-4.2785,baixo,positividade=0.0; tendencia_pos=0.0; risco=0.0,Manter rotina de vigilância laboratorial.,sklearn_gb_v1,sklearn_v1
QUIRINOPOLIS,dengue,2025,8,0.0137,-4.2785,baixo,positividade=0.0; tendencia_pos=0.0; risco=0.0,Manter rotina de vigilância laboratorial.,sklearn_gb_v1,sklearn_v1
COTRIGUACU,virus_respiratorios,2024,24,0.0137,-4.2785,baixo,positividade=0.0; tendencia_pos=0.0; risco=0.1,Manter rotina de vigilância laboratorial.,sklearn_gb_v1,sklearn_v1
COTRIGUACU,sifilis,2024,29,0.0137,-4.2785,baixo,positividade=0.0; tendencia_pos=0.0; risco=0.1,Manter rotina de vigilância laboratorial.,sklearn_gb_v1,sklearn_v1
COTRIGUACU,sars_cov_2,2025,12,0.0137,-4.2785,baixo,positividade=0.0; tendencia_pos=0.0; risco=0.1,Manter rotina de vigilância laboratorial.,sklearn_gb_v1,sklearn_v1
CONFRESA,sars_cov_2,2025,40,0.0137,-4.2785,baixo,positividade=0.0; tendencia_pos=0.0; risco=0.05,Manter rotina de vigilância laboratorial.,sklearn_gb_v1,sklearn_v1
CONFRESA,rifampicina,2024,33,0.0137,-4.2785,baixo,positividade=0.0; tendencia_pos=0.0; risco=0.05,Manter rotina de vigilância laboratorial.,sklearn_gb_v1,sklearn_v1
CONFRESA,neisseria_gonorrhoeae,2026,11,0.0137,-4.2785,baixo,positividade=0.0; tendencia_pos=0.0; risco=0.05,Manter rotina de vigilância laboratorial.,sklearn_gb_v1,sklearn_v1
CONFRESA,influenza_b,2025,40,0.0137,-4.2785,baixo,positividade=0.0; tendencia_pos=0.0; risco=0.05,Manter rotina de vigilância laboratorial.,sklearn_gb_v1,sklearn_v1
CONFRESA,dengue,2025,23,0.0137,-4.2785,baixo,positividade=0.0; tendencia_pos=0.0; risco=0.05,Manter rotina de vigilância laboratorial.,sklearn_gb_v1,sklearn_v1
RESERVA DO CABACAL,zika,2025,21,0.0137,-4.2785,baixo,positividade=0.0; tendencia_pos=0.0; risco=0.0,Manter rotina de vigilância laboratorial.,sklearn_gb_v1,sklearn_v1
RESERVA DO CABACAL,hepatite_c_hcv,2025,15,0.0137,-4.2785,baixo,positividade=0.0; tendencia_pos=0.0; risco=0.0,Manter rotina de vigilância laboratorial.,sklearn_gb_v1,sklearn_v1
RENASCENCA,dengue,2025,21,0.0137,-4.2785,baixo,positividade=0.0; tendencia_pos=0.0; risco=0.0,Manter rotina de vigilância laboratorial.,sklearn_gb_v1,sklearn_v1
CORONEL VIVIDA,zika,2025,25,0.0137,-4.2785,baixo,positividade=0.0; tendencia_pos=0.0; risco=0.0,Manter rotina de vigilância laboratorial.,sklearn_gb_v1,sklearn_v1
CORONEL VIVIDA,dengue,2025,25,0.0137,-4.2785,baixo,positividade=0.0; tendencia_pos=0.0; risco=0.0,Manter rotina de vigilância laboratorial.,sklearn_gb_v1,sklearn_v1
COROATA,zika,2025,22,0.0137,-4.2785,baixo,positividade=0.0; tendencia_pos=0.0; risco=0.0,Manter rotina de vigilância laboratorial.,sklearn_gb_v1,sklearn_v1
COROATA,dengue,2025,22,0.0137,-4.2785,baixo,positividade=0.0; tendencia_pos=0.0; risco=0.0,Manter rotina de vigilância laboratorial.,sklearn_gb_v1,sklearn_v1
CORACAO DE JESUS,zika,2025,6,0.0137,-4.2785,baixo,positividade=0.0; tendencia_pos=0.0; risco=0.0,Manter rotina de vigilância laboratorial.,sklearn_gb_v1,sklearn_v1
CORACAO DE JESUS,dengue,2025,6,0.0137,-4.2785,baixo,positividade=0.0; tendencia_pos=0.0; risco=0.0,Manter rotina de vigilância laboratorial.,sklearn_gb_v1,sklearn_v1
COTRIGUACU,bacterias_teste_de_sensibilidade,2024,30,0.0137,-4.2785,baixo,positividade=0.0; tendencia_pos=0.0; risco=0.1,Manter rotina de vigilância laboratorial.,sklearn_gb_v1,sklearn_v1
COTIA,zika,2025,20,0.0137,-4.2785,baixo,positividade=0.0; tendencia_pos=0.0; risco=0.0,Manter rotina de vigilância laboratorial.,sklearn_gb_v1,sklearn_v1
CONCORDIA,dengue,2025,21,0.0137,-4.2785,baixo,positividade=0.0; tendencia_pos=0.0; risco=0.0,Manter rotina de vigilância laboratorial.,sklearn_gb_v1,sklearn_v1
CONCEICAO DO MATO DENTRO,zika,2025,15,0.0137,-4.2785,baixo,positividade=0.0; tendencia_pos=0.0; risco=0.0,Manter rotina de vigilância laboratorial.,sklearn_gb_v1,sklearn_v1
CONCEICAO DO MATO DENTRO,chikungunya,2025,15,0.0137,-4.2785,baixo,positividade=0.0; tendencia_pos=0.0; risco=0.0,Manter rotina de vigilância laboratorial.,sklearn_gb_v1,sklearn_v1
CONCEICAO DO LAGO-ACU,zika,2025,20,0.0137,-4.2785,baixo,positividade=0.0; tendencia_pos=0.0; risco=0.0,Manter rotina de vigilância laboratorial.,sklearn_gb_v1,sklearn_v1
CONCEICAO DO LAGO-ACU,dengue,2025,20,0.0137,-4.2785,baixo,positividade=0.0; tendencia_pos=0.0; risco=0.0,Manter rotina de vigilância laboratorial.,sklearn_gb_v1,sklearn_v1
CONCEICAO DO JACUIPE,influenza_b,2025,35,0.0137,-4.2785,baixo,positividade=0.0; tendencia_pos=0.0; risco=0.0,Manter rotina de vigilância laboratorial.,sklearn_gb_v1,sklearn_v1
CONCEICAO DO JACUIPE,influenza_a,2025,35,0.0137,-4.2785,baixo,positividade=0.0; tendencia_pos=0.0; risco=0.0,Manter rotina de vigilância laboratorial.,sklearn_gb_v1,sklearn_v1
CONCEICAO DO ARAGUAIA,zika,2025,14,0.0137,-4.2785,baixo,positividade=0.0; tendencia_pos=0.0; risco=0.0,Manter rotina de vigilância laboratorial.,sklearn_gb_v1,sklearn_v1
CONCEICAO DO ARAGUAIA,dengue,2025,14,0.0137,-4.2785,baixo,positividade=0.0; tendencia_pos=0.0; risco=0.0,Manter rotina de vigilância laboratorial.,sklearn_gb_v1,sklearn_v1
RINOPOLIS,dengue,2025,4,0.0137,-4.2785,baixo,positividade=0.0; tendencia_pos=0.0; risco=0.0,Manter rotina de vigilância laboratorial.,sklearn_gb_v1,sklearn_v1
RIBEIRAO PRETO,zika,2025,16,0.0137,-4.2785,baixo,positividade=0.0; tendencia_pos=0.0; risco=0.0,Manter rotina de vigilância laboratorial.,sklearn_gb_v1,sklearn_v1
RIBEIRAO PRETO,chikungunya,2025,16,0.0137,-4.2785,baixo,positividade=0.0; tendencia_pos=0.0; risco=0.0,Manter rotina de vigilância laboratorial.,sklearn_gb_v1,sklearn_v1
RIBEIRAO CASCALHEIRA,neisseria_gonorrhoeae,2025,33,0.0137,-4.2785,baixo,positividade=0.0; tendencia_pos=0.0; risco=0.11,Manter rotina de vigilância laboratorial.,sklearn_gb_v1,sklearn_v1
RIBEIRAO CASCALHEIRA,dengue,2025,19,0.0137,-4.2785,baixo,positividade=0.0; tendencia_pos=0.0; risco=0.11,Manter rotina de vigilância laboratorial.,sklearn_gb_v1,sklearn_v1
CONFRESA,tuberculose_cultura,2024,34,0.0137,-4.2785,baixo,positividade=0.0; tendencia_pos=0.0; risco=0.05,Manter rotina de vigilância laboratorial.,sklearn_gb_v1,sklearn_v1
COMODORO,virus_respiratorios,2025,28,0.0137,-4.2785,baixo,positividade=0.0; tendencia_pos=0.0; risco=0.0,Manter rotina de vigilância laboratorial.,sklearn_gb_v1,sklearn_v1
COMODORO,tuberculose_cultura,2025,6,0.0137,-4.2785,baixo,positividade=0.0; tendencia_pos=0.0; risco=0.0,Manter rotina de vigilância laboratorial.,sklearn_gb_v1,sklearn_v1
COMODORO,sars_cov_2,2025,23,0.0137,-4.2785,baixo,positividade=0.0; tendencia_pos=0.0; risco=0.0,Manter rotina de vigilância laboratorial.,sklearn_gb_v1,sklearn_v1
COMODORO,paracoccidioidomicose,2025,6,0.0137,-4.2785,baixo,positividade=0.0; tendencia_pos=0.0; risco=0.0,Manter rotina de vigilância laboratorial.,sklearn_gb_v1,sklearn_v1
COMODORO,influenza_b,2025,28,0.0137,-4.2785,baixo,positividade=0.0; tendencia_pos=0.0; risco=0.0,Manter rotina de vigilância laboratorial.,sklearn_gb_v1,sklearn_v1
COMODORO,influenza_a,2025,28,0.0137,-4.2785,baixo,positividade=0.0; tendencia_pos=0.0; risco=0.0,Manter rotina de vigilância laboratorial.,sklearn_gb_v1,sklearn_v1
COMODORO,hepatite_c_hcv,2025,16,0.0137,-4.2785,baixo,positividade=0.0; tendencia_pos=0.0; risco=0.0,Manter rotina de vigilância laboratorial.,sklearn_gb_v1,sklearn_v1
COMODORO,brucelose_igm,2024,30,0.0137,-4.2785,baixo,positividade=0.0; tendencia_pos=0.0; risco=0.0,Manter rotina de vigilância laboratorial.,sklearn_gb_v1,sklearn_v1
COMODORO,brucelose,2024,30,0.0137,-4.2785,baixo,positividade=0.0; tendencia_pos=0.0; risco=0.0,Manter rotina de vigilância laboratorial.,sklearn_gb_v1,sklearn_v1
COLORADO DO OESTE,zika,2025,8,0.0137,-4.2785,baixo,positividade=0.0; tendencia_pos=0.0; risco=0.0,Manter rotina de vigilância laboratorial.,sklearn_gb_v1,sklearn_v1
RIO BRILHANTE,variola,2025,27,0.0137,-4.2785,baixo,positividade=0.0; tendencia_pos=0.0; risco=0.0,Manter rotina de vigilância laboratorial.,sklearn_gb_v1,sklearn_v1
RIO BRILHANTE,varicela_zoster_biologia_molecular,2025,27,0.0137,-4.2785,baixo,positividade=0.0; tendencia_pos=0.0; risco=0.0,Manter rotina de vigilância laboratorial.,sklearn_gb_v1,sklearn_v1
RIO BRILHANTE,rifampicina,2024,43,0.0137,-4.2785,baixo,positividade=0.0; tendencia_pos=0.0; risco=0.0,Manter rotina de vigilância laboratorial.,sklearn_gb_v1,sklearn_v1
RIO BRANCO,leptospira,2025,28,0.0137,-4.2785,baixo,positividade=0.0; tendencia_pos=0.0; risco=0.01,Manter rotina de vigilância laboratorial.,sklearn_gb_v1,sklearn_v1
CONCORDIA,zika,2025,21,0.0137,-4.2785,baixo,positividade=0.0; tendencia_pos=0.0; risco=0.0,Manter rotina de vigilância laboratorial.,sklearn_gb_v1,sklearn_v1
CONCORDIA,hepatite_b_hbv,2025,10,0.0137,-4.2785,baixo,positividade=0.0; tendencia_pos=0.0; risco=0.0,Manter rotina de vigilância laboratorial.,sklearn_gb_v1,sklearn_v1
RIO PRETO DA EVA,chikungunya,2025,8,0.0137,-4.2785,baixo,positividade=0.0; tendencia_pos=0.0; risco=0.0,Manter rotina de vigilância laboratorial.,sklearn_gb_v1,sklearn_v1
RIO MARIA,zika,2024,21,0.0137,-4.2785,baixo,positividade=0.0; tendencia_pos=0.0; risco=0.0,Manter rotina de vigilância laboratorial.,sklearn_gb_v1,sklearn_v1
COLORADO DO OESTE,dengue,2025,8,0.0137,-4.2785,baixo,positividade=0.0; tendencia_pos=0.0; risco=0.0,Manter rotina de vigilância laboratorial.,sklearn_gb_v1,sklearn_v1
ACORIZAL,virus_respiratorios,2024,26,0.0137,-4.2785,baixo,positividade=0.0; tendencia_pos=0.0; risco=0.04,Manter rotina de vigilância laboratorial.,sklearn_gb_v1,sklearn_v1
RIO MARIA,dengue,2024,21,0.0137,-4.2785,baixo,positividade=0.0; tendencia_pos=0.0; risco=0.0,Manter rotina de vigilância laboratorial.,sklearn_gb_v1,sklearn_v1
RIO LARGO,dengue,2025,19,0.0137,-4.2785,baixo,positividade=0.0; tendencia_pos=0.0; risco=0.0,Manter rotina de vigilância laboratorial.,sklearn_gb_v1,sklearn_v1
RIO DE JANEIRO,toxoplasmose_igm,2024,29,0.0137,-4.2785,baixo,positividade=0.0; tendencia_pos=0.0; risco=0.0,Manter rotina de vigilância laboratorial.,sklearn_gb_v1,sklearn_v1
RIO DE JANEIRO,toxoplasmose_igg,2024,29,0.0137,-4.2785,baixo,positividade=0.0; tendencia_pos=0.0; risco=0.0,Manter rotina de vigilância laboratorial.,sklearn_gb_v1,sklearn_v1
RIO CLARO,dengue,2025,12,0.0137,-4.2785,baixo,positividade=0.0; tendencia_pos=0.0; risco=0.0,Manter rotina de vigilância laboratorial.,sklearn_gb_v1,sklearn_v1
RIO VERDE DE MATO GROSSO,zika,2025,9,0.0137,-4.2785,baixo,positividade=0.0; tendencia_pos=0.0; risco=0.0,Manter rotina de vigilância laboratorial.,sklearn_gb_v1,sklearn_v1
RIO VERDE DE MATO GROSSO,sars_cov_2,2024,34,0.0137,-4.2785,baixo,positividade=0.0; tendencia_pos=0.0; risco=0.0,Manter rotina de vigilância laboratorial.,sklearn_gb_v1,sklearn_v1
RIO VERDE DE MATO GROSSO,influenza_b,2024,34,0.0137,-4.2785,baixo,positividade=0.0; tendencia_pos=0.0; risco=0.0,Manter rotina de vigilância laboratorial.,sklearn_gb_v1,sklearn_v1
COLIDER,oropouche_biologia_molecular,2025,20,0.0137,-4.2785,baixo,positividade=0.0; tendencia_pos=0.0; risco=0.0,Manter rotina de vigilância laboratorial.,sklearn_gb_v1,sklearn_v1
COLIDER,mayaro_biologia_molecular,2025,20,0.0137,-4.2785,baixo,positividade=0.0; tendencia_pos=0.0; risco=0.0,Manter rotina de vigilância laboratorial.,sklearn_gb_v1,sklearn_v1
RIO VERDE DE MATO GROSSO,influenza_a,2024,34,0.0137,-4.2785,baixo,positividade=0.0; tendencia_pos=0.0; risco=0.0,Manter rotina de vigilância laboratorial.,sklearn_gb_v1,sklearn_v1
RIO VERDE DE MATO GROSSO,dengue,2025,9,0.0137,-4.2785,baixo,positividade=0.0; tendencia_pos=0.0; risco=0.0,Manter rotina de vigilância laboratorial.,sklearn_gb_v1,sklearn_v1
RIO VERDE DE MATO GROSSO,chikungunya,2025,9,0.0137,-4.2785,baixo,positividade=0.0; tendencia_pos=0.0; risco=0.0,Manter rotina de vigilância laboratorial.,sklearn_gb_v1,sklearn_v1
RIO VERDE DE MATO GROSSO,chagas_igg,2024,31,0.0137,-4.2785,baixo,positividade=0.0; tendencia_pos=0.0; risco=0.0,Manter rotina de vigilância laboratorial.,sklearn_gb_v1,sklearn_v1
RIO VERDE DE MATO GROSSO,chagas,2024,31,0.0137,-4.2785,baixo,positividade=0.0; tendencia_pos=0.0; risco=0.0,Manter rotina de vigilância laboratorial.,sklearn_gb_v1,sklearn_v1
RIO VERDE,tuberculose_cultura,2025,22,0.0137,-4.2785,baixo,positividade=0.0; tendencia_pos=0.0; risco=0.0,Manter rotina de vigilância laboratorial.,sklearn_gb_v1,sklearn_v1
RIO VERDE,dengue,2025,24,0.0137,-4.2785,baixo,positividade=0.0; tendencia_pos=0.0; risco=0.0,Manter rotina de vigilância laboratorial.,sklearn_gb_v1,sklearn_v1
RIO PRETO DA EVA,zika,2025,8,0.0137,-4.2785,baixo,positividade=0.0; tendencia_pos=0.0; risco=0.0,Manter rotina de vigilância laboratorial.,sklearn_gb_v1,sklearn_v1
RIO PRETO DA EVA,dengue,2025,8,0.0137,-4.2785,baixo,positividade=0.0; tendencia_pos=0.0; risco=0.0,Manter rotina de vigilância laboratorial.,sklearn_gb_v1,sklearn_v1
RONDONOPOLIS,chagas,2025,21,0.0137,-4.2785,baixo,positividade=0.0; tendencia_pos=0.0; risco=0.0,Manter rotina de vigilância laboratorial.,sklearn_gb_v1,sklearn_v1
COLIDER,leishmaniose_visceral_humana_teste_rapido,2024,27,0.0137,-4.2785,baixo,positividade=0.0; tendencia_pos=0.0; risco=0.0,Manter rotina de vigilância laboratorial.,sklearn_gb_v1,sklearn_v1
COLIDER,hepatite_c_hcv,2025,22,0.0137,-4.2785,baixo,positividade=0.0; tendencia_pos=0.0; risco=0.0,Manter rotina de vigilância laboratorial.,sklearn_gb_v1,sklearn_v1
COLIDER,febre_amarela_biologia_molecular,2025,13,0.0137,-4.2785,baixo,positividade=0.0; tendencia_pos=0.0; risco=0.0,Manter rotina de vigilância laboratorial.,sklearn_gb_v1,sklearn_v1
COLIDER,chagas_igg,2025,15,0.0137,-4.2785,baixo,positividade=0.0; tendencia_pos=0.0; risco=0.0,Manter rotina de vigilância laboratorial.,sklearn_gb_v1,sklearn_v1
COLIDER,chagas,2025,15,0.0137,-4.2785,baixo,positividade=0.0; tendencia_pos=0.0; risco=0.0,Manter rotina de vigilância laboratorial.,sklearn_gb_v1,sklearn_v1
COLATINA,leishmaniose_visceral_humana_teste_rapido,2025,15,0.0137,-4.2785,baixo,positividade=0.0; tendencia_pos=0.0; risco=0.0,Manter rotina de vigilância laboratorial.,sklearn_gb_v1,sklearn_v1
RONDA ALTA,zika,2025,26,0.0137,-4.2785,baixo,positividade=0.0; tendencia_pos=0.0; risco=0.0,Manter rotina de vigilância laboratorial.,sklearn_gb_v1,sklearn_v1
RONDA ALTA,chikungunya,2025,26,0.0137,-4.2785,baixo,positividade=0.0; tendencia_pos=0.0; risco=0.0,Manter rotina de vigilância laboratorial.,sklearn_gb_v1,sklearn_v1
ROLIM DE MOURA,zika,2025,19,0.0137,-4.2785,baixo,positividade=0.0; tendencia_pos=0.0; risco=0.0,Manter rotina de vigilância laboratorial.,sklearn_gb_v1,sklearn_v1
RODRIGUES ALVES,zika,2024,27,0.0137,-4.2785,baixo,positividade=0.0; tendencia_pos=0.0; risco=0.0,Manter rotina de vigilância laboratorial.,sklearn_gb_v1,sklearn_v1
RODRIGUES ALVES,dengue,2024,27,0.0137,-4.2785,baixo,positividade=0.0; tendencia_pos=0.0; risco=0.0,Manter rotina de vigilância laboratorial.,sklearn_gb_v1,sklearn_v1
RODRIGUES ALVES,chikungunya,2024,27,0.0137,-4.2785,baixo,positividade=0.0; tendencia_pos=0.0; risco=0.0,Manter rotina de vigilância laboratorial.,sklearn_gb_v1,sklearn_v1
RODEIO BONITO,zika,2025,28,0.0137,-4.2785,baixo,positividade=0.0; tendencia_pos=0.0; risco=0.0,Manter rotina de vigilância laboratorial.,sklearn_gb_v1,sklearn_v1
RODEIO BONITO,dengue,2025,28,0.0137,-4.2785,baixo,positividade=0.0; tendencia_pos=0.0; risco=0.0,Manter rotina de vigilância laboratorial.,sklearn_gb_v1,sklearn_v1
CIDADE OCIDENTAL,dengue,2024,33,0.0137,-4.2785,baixo,positividade=0.0; tendencia_pos=0.0; risco=0.0,Manter rotina de vigilância laboratorial.,sklearn_gb_v1,sklearn_v1
CIDADE OCIDENTAL,chikungunya,2024,33,0.0137,-4.2785,baixo,positividade=0.0; tendencia_pos=0.0; risco=0.0,Manter rotina de vigilância laboratorial.,sklearn_gb_v1,sklearn_v1
ZE DOCA,zika,2025,20,0.0137,-4.2785,baixo,positividade=0.0; tendencia_pos=0.0; risco=0.0,Manter rotina de vigilância laboratorial.,sklearn_gb_v1,sklearn_v1
CHOPINZINHO,zika,2025,28,0.0137,-4.2785,baixo,positividade=0.0; tendencia_pos=0.0; risco=0.0,Manter rotina de vigilância laboratorial.,sklearn_gb_v1,sklearn_v1
CODO,zika,2025,26,0.0137,-4.2785,baixo,positividade=0.0; tendencia_pos=0.0; risco=0.0,Manter rotina de vigilância laboratorial.,sklearn_gb_v1,sklearn_v1
CODO,dengue,2025,26,0.0137,-4.2785,baixo,positividade=0.0; tendencia_pos=0.0; risco=0.0,Manter rotina de vigilância laboratorial.,sklearn_gb_v1,sklearn_v1
RONDONOPOLIS,fungos_teste_de_sensibilidade,2025,20,0.0137,-4.2785,baixo,positividade=0.0; tendencia_pos=0.0; risco=0.0,Manter rotina de vigilância laboratorial.,sklearn_gb_v1,sklearn_v1
ACORIZAL,fungos,2024,29,0.0137,-4.2785,baixo,positividade=0.0; tendencia_pos=0.0; risco=0.04,Manter rotina de vigilância laboratorial.,sklearn_gb_v1,sklearn_v1
RONDONOPOLIS,citomegalovirus_igm,2025,9,0.0137,-4.2785,baixo,positividade=0.0; tendencia_pos=0.0; risco=0.0,Manter rotina de vigilância laboratorial.,sklearn_gb_v1,sklearn_v1
RONDONOPOLIS,chagas_igg,2025,21,0.0137,-4.2785,baixo,positividade=0.0; tendencia_pos=0.0; risco=0.0,Manter rotina de vigilância laboratorial.,sklearn_gb_v1,sklearn_v1
ALTA FLORESTA,oropouche_biologia_molecular,2025,15,0.0137,-4.2785,baixo,positividade=0.0; tendencia_pos=0.0; risco=0.0,Manter rotina de vigilância laboratorial.,sklearn_gb_v1,sklearn_v1
ALTA FLORESTA,neisseria_gonorrhoeae,2025,26,0.0137,-4.2785,baixo,positividade=0.0; tendencia_pos=0.0; risco=0.0,Manter rotina de vigilância laboratorial.,sklearn_gb_v1,sklearn_v1
ALTA FLORESTA,mayaro_biologia_molecular,2025,15,0.0137,-4.2785,baixo,positividade=0.0; tendencia_pos=0.0; risco=0.0,Manter rotina de vigilância laboratorial.,sklearn_gb_v1,sklearn_v1
ALTA FLORESTA,influenza_b,2025,28,0.0137,-4.2785,baixo,positividade=0.0; tendencia_pos=0.0; risco=0.0,Manter rotina de vigilância laboratorial.,sklearn_gb_v1,sklearn_v1
ALTA FLORESTA,febre_amarela_igm,2024,27,0.0137,-4.2785,baixo,positividade=0.0; tendencia_pos=0.0; risco=0.0,Manter rotina de vigilância laboratorial.,sklearn_gb_v1,sklearn_v1
ALMEIRIM,zika,2025,28,0.0137,-4.2785,baixo,positividade=0.0; tendencia_pos=0.0; risco=0.0,Manter rotina de vigilância laboratorial.,sklearn_gb_v1,sklearn_v1
VILA BELA DA SANTISSIMA TRINDADE,chagas_igg,2025,29,0.0137,-4.2785,baixo,positividade=0.0; tendencia_pos=0.0; risco=0.11,Manter rotina de vigilância laboratorial.,sklearn_gb_v1,sklearn_v1
VILA BELA DA SANTISSIMA TRINDADE,chagas,2025,29,0.0137,-4.2785,baixo,positividade=0.0; tendencia_pos=0.0; risco=0.11,Manter rotina de vigilância laboratorial.,sklearn_gb_v1,sklearn_v1
VIDEIRA,zika,2025,20,0.0137,-4.2785,baixo,positividade=0.0; tendencia_pos=0.0; risco=0.0,Manter rotina de vigilância laboratorial.,sklearn_gb_v1,sklearn_v1
VIDEIRA,dengue,2025,20,0.0137,-4.2785,baixo,positividade=0.0; tendencia_pos=0.0; risco=0.0,Manter rotina de vigilância laboratorial.,sklearn_gb_v1,sklearn_v1
VIANA,zika,2025,16,0.0137,-4.2785,baixo,positividade=0.0; tendencia_pos=0.0; risco=0.0,Manter rotina de vigilância laboratorial.,sklearn_gb_v1,sklearn_v1
VIANA,dengue,2025,16,0.0137,-4.2785,baixo,positividade=0.0; tendencia_pos=0.0; risco=0.0,Manter rotina de vigilância laboratorial.,sklearn_gb_v1,sklearn_v1
ACORIZAL,hepatite_c_hcv,2025,19,0.0137,-4.2785,baixo,positividade=0.0; tendencia_pos=0.0; risco=0.04,Manter rotina de vigilância laboratorial.,sklearn_gb_v1,sklearn_v1
VERE,sars_cov_2,2024,26,0.0137,-4.2785,baixo,positividade=0.0; tendencia_pos=0.0; risco=0.0,Manter rotina de vigilância laboratorial.,sklearn_gb_v1,sklearn_v1
VERE,influenza_b,2024,26,0.0137,-4.2785,baixo,positividade=0.0; tendencia_pos=0.0; risco=0.0,Manter rotina de vigilância laboratorial.,sklearn_gb_v1,sklearn_v1
VERE,influenza_a,2024,26,0.0137,-4.2785,baixo,positividade=0.0; tendencia_pos=0.0; risco=0.0,Manter rotina de vigilância laboratorial.,sklearn_gb_v1,sklearn_v1
CHOPINZINHO,dengue,2025,28,0.0137,-4.2785,baixo,positividade=0.0; tendencia_pos=0.0; risco=0.0,Manter rotina de vigilância laboratorial.,sklearn_gb_v1,sklearn_v1
CHIAPETTA,zika,2025,24,0.0137,-4.2785,baixo,positividade=0.0; tendencia_pos=0.0; risco=0.0,Manter rotina de vigilância laboratorial.,sklearn_gb_v1,sklearn_v1
CHIAPETTA,dengue,2025,24,0.0137,-4.2785,baixo,positividade=0.0; tendencia_pos=0.0; risco=0.0,Manter rotina de vigilância laboratorial.,sklearn_gb_v1,sklearn_v1
CHAPECO,tuberculose_cultura,2025,12,0.0137,-4.2785,baixo,positividade=0.0; tendencia_pos=0.0; risco=0.0,Manter rotina de vigilância laboratorial.,sklearn_gb_v1,sklearn_v1
CHAPECO,dengue,2025,19,0.0137,-4.2785,baixo,positividade=0.0; tendencia_pos=0.0; risco=0.0,Manter rotina de vigilância laboratorial.,sklearn_gb_v1,sklearn_v1
CHAPADINHA,zika,2025,19,0.0137,-4.2785,baixo,positividade=0.0; tendencia_pos=0.0; risco=0.0,Manter rotina de vigilância laboratorial.,sklearn_gb_v1,sklearn_v1
RONDONOPOLIS,tuberculose,2025,26,0.0137,-4.2785,baixo,positividade=0.0; tendencia_pos=0.0; risco=0.0,Manter rotina de vigilância laboratorial.,sklearn_gb_v1,sklearn_v1
RONDONOPOLIS,sarampo_igg,2025,32,0.0137,-4.2785,baixo,positividade=0.0; tendencia_pos=0.0; risco=0.0,Manter rotina de vigilância laboratorial.,sklearn_gb_v1,sklearn_v1
RONDONOPOLIS,poliomielite_paralisia_flacida_aguda,2025,5,0.0137,-4.2785,baixo,positividade=0.0; tendencia_pos=0.0; risco=0.0,Manter rotina de vigilância laboratorial.,sklearn_gb_v1,sklearn_v1
RONDONOPOLIS,parvovirus_b19_igm,2025,32,0.0137,-4.2785,baixo,positividade=0.0; tendencia_pos=0.0; risco=0.0,Manter rotina de vigilância laboratorial.,sklearn_gb_v1,sklearn_v1
RONDONOPOLIS,parvovirus_b19_igg,2025,32,0.0137,-4.2785,baixo,positividade=0.0; tendencia_pos=0.0; risco=0.0,Manter rotina de vigilância laboratorial.,sklearn_gb_v1,sklearn_v1
CLAUDIA,virus_respiratorios,2024,30,0.0137,-4.2785,baixo,positividade=0.0; tendencia_pos=0.0; risco=0.0,Manter rotina de vigilância laboratorial.,sklearn_gb_v1,sklearn_v1
CLAUDIA,influenza_b,2024,30,0.0137,-4.2785,baixo,positividade=0.0; tendencia_pos=0.0; risco=0.0,Manter rotina de vigilância laboratorial.,sklearn_gb_v1,sklearn_v1
CLAUDIA,influenza_a,2024,30,0.0137,-4.2785,baixo,positividade=0.0; tendencia_pos=0.0; risco=0.0,Manter rotina de vigilância laboratorial.,sklearn_gb_v1,sklearn_v1
CLAUDIA,hepatite_c_hcv,2025,51,0.0137,-4.2785,baixo,positividade=0.0; tendencia_pos=0.0; risco=0.0,Manter rotina de vigilância laboratorial.,sklearn_gb_v1,sklearn_v1
CIDADE OCIDENTAL,zika,2024,33,0.0137,-4.2785,baixo,positividade=0.0; tendencia_pos=0.0; risco=0.0,Manter rotina de vigilância laboratorial.,sklearn_gb_v1,sklearn_v1
CHAPADA DOS GUIMARAES,mayaro_biologia_molecular,2024,31,0.0137,-4.2785,baixo,positividade=0.0; tendencia_pos=0.0; risco=0.04,Manter rotina de vigilância laboratorial.,sklearn_gb_v1,sklearn_v1
CHAPADA DOS GUIMARAES,leishmaniose_visceral_humana_teste_rapido,2025,34,0.0137,-4.2785,baixo,positividade=0.0; tendencia_pos=0.0; risco=0.04,Manter rotina de vigilância laboratorial.,sklearn_gb_v1,sklearn_v1
CHAPADINHA,dengue,2025,19,0.0137,-4.2785,baixo,positividade=0.0; tendencia_pos=0.0; risco=0.0,Manter rotina de vigilância laboratorial.,sklearn_gb_v1,sklearn_v1
CHAPADAO DO CEU,zika,2025,19,0.0137,-4.2785,baixo,positividade=0.0; tendencia_pos=0.0; risco=0.0,Manter rotina de vigilância laboratorial.,sklearn_gb_v1,sklearn_v1
CHAPADAO DO CEU,dengue,2025,19,0.0137,-4.2785,baixo,positividade=0.0; tendencia_pos=0.0; risco=0.0,Manter rotina de vigilância laboratorial.,sklearn_gb_v1,sklearn_v1
CHAPADA DOS GUIMARAES,tuberculose,2025,9,0.0137,-4.2785,baixo,positividade=0.0; tendencia_pos=0.0; risco=0.04,Manter rotina de vigilância laboratorial.,sklearn_gb_v1,sklearn_v1
ROSARIO OESTE,criptococos_teste_rapido,2025,33,0.0137,-4.2785,baixo,positividade=0.0; tendencia_pos=0.0; risco=0.06,Manter rotina de vigilância laboratorial.,sklearn_gb_v1,sklearn_v1
ROSARIO OESTE,chagas_igg,2025,20,0.0137,-4.2785,baixo,positividade=0.0; tendencia_pos=0.0; risco=0.06,Manter rotina de vigilância laboratorial.,sklearn_gb_v1,sklearn_v1
ROSARIO OESTE,chagas,2025,20,0.0137,-4.2785,baixo,positividade=0.0; tendencia_pos=0.0; risco=0.06,Manter rotina de vigilância laboratorial.,sklearn_gb_v1,sklearn_v1
ROSARIO,tuberculose_lf_lam,2024,39,0.0137,-4.2785,baixo,positividade=0.0; tendencia_pos=0.0; risco=0.0,Manter rotina de vigilância laboratorial.,sklearn_gb_v1,sklearn_v1
ROSANA,zika,2025,7,0.0137,-4.2785,baixo,positividade=0.0; tendencia_pos=0.0; risco=0.0,Manter rotina de vigilância laboratorial.,sklearn_gb_v1,sklearn_v1
ROSANA,dengue,2025,6,0.0137,-4.2785,baixo,positividade=0.0; tendencia_pos=0.0; risco=0.0,Manter rotina de vigilância laboratorial.,sklearn_gb_v1,sklearn_v1
RORAINOPOLIS,virus_respiratorios,2025,30,0.0137,-4.2785,baixo,positividade=0.0; tendencia_pos=0.0; risco=0.0,Manter rotina de vigilância laboratorial.,sklearn_gb_v1,sklearn_v1
RORAINOPOLIS,influenza_b,2025,30,0.0137,-4.2785,baixo,positividade=0.0; tendencia_pos=0.0; risco=0.0,Manter rotina de vigilância laboratorial.,sklearn_gb_v1,sklearn_v1
RORAINOPOLIS,influenza_a,2025,30,0.0137,-4.2785,baixo,positividade=0.0; tendencia_pos=0.0; risco=0.0,Manter rotina de vigilância laboratorial.,sklearn_gb_v1,sklearn_v1
RONDONOPOLIS,varicela_zoster_biologia_molecular,2025,30,0.0137,-4.2785,baixo,positividade=0.0; tendencia_pos=0.0; risco=0.0,Manter rotina de vigilância laboratorial.,sklearn_gb_v1,sklearn_v1
RUROPOLIS,zika,2024,23,0.0137,-4.2785,baixo,positividade=0.0; tendencia_pos=0.0; risco=0.0,Manter rotina de vigilância laboratorial.,sklearn_gb_v1,sklearn_v1
ACAILANDIA,dengue,2025,27,0.0137,-4.2785,baixo,positividade=0.0; tendencia_pos=0.0; risco=0.0,Manter rotina de vigilância laboratorial.,sklearn_gb_v1,sklearn_v1
CHAPADA DOS GUIMARAES,esquistossomose_sorologia,2024,26,0.0137,-4.2785,baixo,positividade=0.0; tendencia_pos=0.0; risco=0.04,Manter rotina de vigilância laboratorial.,sklearn_gb_v1,sklearn_v1
CHAPADA DOS GUIMARAES,brucelose_igm,2024,30,0.0137,-4.2785,baixo,positividade=0.0; tendencia_pos=0.0; risco=0.04,Manter rotina de vigilância laboratorial.,sklearn_gb_v1,sklearn_v1
CHAPADA DOS GUIMARAES,brucelose,2024,30,0.0137,-4.2785,baixo,positividade=0.0; tendencia_pos=0.0; risco=0.04,Manter rotina de vigilância laboratorial.,sklearn_gb_v1,sklearn_v1
CHAPADA DOS GUIMARAES,bacterias_teste_de_sensibilidade_ii,2024,27,0.0137,-4.2785,baixo,positividade=0.0; tendencia_pos=0.0; risco=0.04,Manter rotina de vigilância laboratorial.,sklearn_gb_v1,sklearn_v1
CERRO LARGO,dengue,2025,22,0.0137,-4.2785,baixo,positividade=0.0; tendencia_pos=0.0; risco=0.0,Manter rotina de vigilância laboratorial.,sklearn_gb_v1,sklearn_v1
ROSARIO OESTE,virus_respiratorios,2025,27,0.0137,-4.2785,baixo,positividade=0.0; tendencia_pos=0.0; risco=0.06,Manter rotina de vigilância laboratorial.,sklearn_gb_v1,sklearn_v1
ROSARIO OESTE,tuberculose,2025,13,0.0137,-4.2785,baixo,positividade=0.0; tendencia_pos=0.0; risco=0.06,Manter rotina de vigilância laboratorial.,sklearn_gb_v1,sklearn_v1
ROSARIO OESTE,sars_cov_2,2025,28,0.0137,-4.2785,baixo,positividade=0.0; tendencia_pos=0.0; risco=0.06,Manter rotina de vigilância laboratorial.,sklearn_gb_v1,sklearn_v1
ROSARIO OESTE,rifampicina,2025,44,0.0137,-4.2785,baixo,positividade=0.0; tendencia_pos=0.0; risco=0.06,Manter rotina de vigilância laboratorial.,sklearn_gb_v1,sklearn_v1
CHAPADA DOS GUIMARAES,sarampo_biologia_molecular,2025,43,0.0137,-4.2785,baixo,positividade=0.0; tendencia_pos=0.0; risco=0.04,Manter rotina de vigilância laboratorial.,sklearn_gb_v1,sklearn_v1
CHAPADA DOS GUIMARAES,rubeola_igm,2025,43,0.0137,-4.2785,baixo,positividade=0.0; tendencia_pos=0.0; risco=0.04,Manter rotina de vigilância laboratorial.,sklearn_gb_v1,sklearn_v1
CHAPADA DOS GUIMARAES,oropouche_biologia_molecular,2024,31,0.0137,-4.2785,baixo,positividade=0.0; tendencia_pos=0.0; risco=0.14,Manter rotina de vigilância laboratorial.,sklearn_gb_v1,sklearn_v1
CHAPADA DOS GUIMARAES,neisseria_gonorrhoeae,2025,21,0.0137,-4.2785,baixo,positividade=0.0; tendencia_pos=0.0; risco=0.04,Manter rotina de vigilância laboratorial.,sklearn_gb_v1,sklearn_v1
CHAPADA DOS GUIMARAES,meningite_bacteriana_biologia_molecular,2025,32,0.0137,-4.2785,baixo,positividade=0.0; tendencia_pos=0.0; risco=0.14,Manter rotina de vigilância laboratorial.,sklearn_gb_v1,sklearn_v1
ACORIZAL,sars_cov_2,2025,34,0.0137,-4.2785,baixo,positividade=0.0; tendencia_pos=0.0; risco=0.04,Manter rotina de vigilância laboratorial.,sklearn_gb_v1,sklearn_v1
CEREJEIRAS,zika,2025,30,0.0137,-4.2785,baixo,positividade=0.0; tendencia_pos=0.0; risco=0.0,Manter rotina de vigilância laboratorial.,sklearn_gb_v1,sklearn_v1
CEREJEIRAS,sars_cov_2,2026,11,0.0137,-4.2785,baixo,positividade=0.0; tendencia_pos=0.0; risco=0.0,Manter rotina de vigilância laboratorial.,sklearn_gb_v1,sklearn_v1
CEREJEIRAS,influenza_b,2026,11,0.0137,-4.2785,baixo,positividade=0.0; tendencia_pos=0.0; risco=0.0,Manter rotina de vigilância laboratorial.,sklearn_gb_v1,sklearn_v1
CEREJEIRAS,influenza_a,2026,11,0.0137,-4.2785,baixo,positividade=0.0; tendencia_pos=0.0; risco=0.0,Manter rotina de vigilância laboratorial.,sklearn_gb_v1,sklearn_v1
CEREJEIRAS,dengue,2025,30,0.0137,-4.2785,baixo,positividade=0.0; tendencia_pos=0.0; risco=0.0,Manter rotina de vigilância laboratorial.,sklearn_gb_v1,sklearn_v1
CENTRO DO GUILHERME,zika,2025,15,0.0137,-4.2785,baixo,positividade=0.0; tendencia_pos=0.0; risco=0.0,Manter rotina de vigilância laboratorial.,sklearn_gb_v1,sklearn_v1
CENTRO DO GUILHERME,dengue,2025,15,0.0137,-4.2785,baixo,positividade=0.0; tendencia_pos=0.0; risco=0.0,Manter rotina de vigilância laboratorial.,sklearn_gb_v1,sklearn_v1
CENTRO DO GUILHERME,chikungunya,2025,15,0.0137,-4.2785,baixo,positividade=0.0; tendencia_pos=0.0; risco=0.0,Manter rotina de vigilância laboratorial.,sklearn_gb_v1,sklearn_v1
CEDRAL,tuberculose_cultura,2025,3,0.0137,-4.2785,baixo,positividade=0.0; tendencia_pos=0.0; risco=0.0,Manter rotina de vigilância laboratorial.,sklearn_gb_v1,sklearn_v1
CEARA-MIRIM,zika,2025,7,0.0137,-4.2785,baixo,positividade=0.0; tendencia_pos=0.0; risco=0.0,Manter rotina de vigilância laboratorial.,sklearn_gb_v1,sklearn_v1
CEARA-MIRIM,dengue,2025,7,0.0137,-4.2785,baixo,positividade=0.0; tendencia_pos=0.0; risco=0.0,Manter rotina de vigilância laboratorial.,sklearn_gb_v1,sklearn_v1
SALVADOR,zika,2025,9,0.0137,-4.2785,baixo,positividade=0.0; tendencia_pos=0.0; risco=0.0,Manter rotina de vigilância laboratorial.,sklearn_gb_v1,sklearn_v1
SALTO DO CEU,sars_cov_2,2025,22,0.0137,-4.2785,baixo,positividade=0.0; tendencia_pos=0.0; risco=0.03,Manter rotina de vigilância laboratorial.,sklearn_gb_v1,sklearn_v1
SALTO DO CEU,influenza_b,2025,22,0.0137,-4.2785,baixo,positividade=0.0; tendencia_pos=0.0; risco=0.03,Manter rotina de vigilância laboratorial.,sklearn_gb_v1,sklearn_v1
SALTO DO CEU,influenza_a,2025,22,0.0137,-4.2785,baixo,positividade=0.0; tendencia_pos=0.0; risco=0.03,Manter rotina de vigilância laboratorial.,sklearn_gb_v1,sklearn_v1
CAXIAS,chagas_igg,2024,48,0.0137,-4.2785,baixo,positividade=0.0; tendencia_pos=0.0; risco=0.0,Manter rotina de vigilância laboratorial.,sklearn_gb_v1,sklearn_v1
CAXIAS,chagas,2024,48,0.0137,-4.2785,baixo,positividade=0.0; tendencia_pos=0.0; risco=0.0,Manter rotina de vigilância laboratorial.,sklearn_gb_v1,sklearn_v1
CAUCAIA,zika,2025,9,0.0137,-4.2785,baixo,positividade=0.0; tendencia_pos=0.0; risco=0.0,Manter rotina de vigilância laboratorial.,sklearn_gb_v1,sklearn_v1
CASTANHEIRAS,zika,2025,22,0.0137,-4.2785,baixo,positividade=0.0; tendencia_pos=0.0; risco=0.0,Manter rotina de vigilância laboratorial.,sklearn_gb_v1,sklearn_v1
CASTANHEIRAS,dengue,2025,22,0.0137,-4.2785,baixo,positividade=0.0; tendencia_pos=0.0; risco=0.0,Manter rotina de vigilância laboratorial.,sklearn_gb_v1,sklearn_v1
CASTANHEIRA,sars_cov_2,2024,24,0.0137,-4.2785,baixo,positividade=0.0; tendencia_pos=0.0; risco=0.0,Manter rotina de vigilância laboratorial.,sklearn_gb_v1,sklearn_v1
SANTA FE DO SUL,zika,2025,9,0.0137,-4.2785,baixo,positividade=0.0; tendencia_pos=0.0; risco=0.0,Manter rotina de vigilância laboratorial.,sklearn_gb_v1,sklearn_v1
SANTA FE DO SUL,dengue,2025,9,0.0137,-4.2785,baixo,positividade=0.0; tendencia_pos=0.0; risco=0.0,Manter rotina de vigilância laboratorial.,sklearn_gb_v1,sklearn_v1
SANTA CRUZ DO SUL,zika,2024,39,0.0137,-4.2785,baixo,positividade=0.0; tendencia_pos=0.0; risco=0.0,Manter rotina de vigilância laboratorial.,sklearn_gb_v1,sklearn_v1
SANTA CRUZ DO SUL,dengue,2024,39,0.0137,-4.2785,baixo,positividade=0.0; tendencia_pos=0.0; risco=0.0,Manter rotina de vigilância laboratorial.,sklearn_gb_v1,sklearn_v1
SANTA CRUZ DO SUL,chikungunya,2024,39,0.0137,-4.2785,baixo,positividade=0.0; tendencia_pos=0.0; risco=0.0,Manter rotina de vigilância laboratorial.,sklearn_gb_v1,sklearn_v1
SANTA CRUZ CABRALIA,dengue,2025,6,0.0137,-4.2785,baixo,positividade=0.0; tendencia_pos=0.0; risco=0.0,Manter rotina de vigilância laboratorial.,sklearn_gb_v1,sklearn_v1
ACU,dengue,2025,6,0.0137,-4.2785,baixo,positividade=0.0; tendencia_pos=0.0; risco=0.0,Manter rotina de vigilância laboratorial.,sklearn_gb_v1,sklearn_v1
SANTA LUZIA DO PARUA,chikungunya,2025,28,0.0137,-4.2785,baixo,positividade=0.0; tendencia_pos=0.0; risco=0.0,Manter rotina de vigilância laboratorial.,sklearn_gb_v1,sklearn_v1
SANTA LUZIA,zika,2025,20,0.0137,-4.2785,baixo,positividade=0.0; tendencia_pos=0.0; risco=0.0,Manter rotina de vigilância laboratorial.,sklearn_gb_v1,sklearn_v1
CASTANHEIRA,influenza_b,2024,24,0.0137,-4.2785,baixo,positividade=0.0; tendencia_pos=0.0; risco=0.0,Manter rotina de vigilância laboratorial.,sklearn_gb_v1,sklearn_v1
CASTANHEIRA,influenza_a,2024,24,0.0137,-4.2785,baixo,positividade=0.0; tendencia_pos=0.0; risco=0.0,Manter rotina de vigilância laboratorial.,sklearn_gb_v1,sklearn_v1
CASTANHEIRA,hepatite_c_hcv,2024,31,0.0137,-4.2785,baixo,positividade=0.0; tendencia_pos=0.0; risco=0.0,Manter rotina de vigilância laboratorial.,sklearn_gb_v1,sklearn_v1
CASTANHAL,zika,2024,22,0.0137,-4.2785,baixo,positividade=0.0; tendencia_pos=0.0; risco=0.0,Manter rotina de vigilância laboratorial.,sklearn_gb_v1,sklearn_v1
CASTANHAL,dengue,2025,8,0.0137,-4.2785,baixo,positividade=0.0; tendencia_pos=0.0; risco=0.0,Manter rotina de vigilância laboratorial.,sklearn_gb_v1,sklearn_v1
CASCAVEL,tuberculose,2025,2,0.0137,-4.2785,baixo,positividade=0.0; tendencia_pos=0.0; risco=0.0,Manter rotina de vigilância laboratorial.,sklearn_gb_v1,sklearn_v1
CASCAVEL,hepatite_c_hcv,2024,24,0.0137,-4.2785,baixo,positividade=0.0; tendencia_pos=0.0; risco=0.0,Manter rotina de vigilância laboratorial.,sklearn_gb_v1,sklearn_v1
SANTA INES,zika,2025,14,0.0137,-4.2785,baixo,positividade=0.0; tendencia_pos=0.0; risco=0.0,Manter rotina de vigilância laboratorial.,sklearn_gb_v1,sklearn_v1
SANTA INES,chikungunya,2025,14,0.0137,-4.2785,baixo,positividade=0.0; tendencia_pos=0.0; risco=0.0,Manter rotina de vigilância laboratorial.,sklearn_gb_v1,sklearn_v1
SANTA HELENA DE GOIAS,hepatite_c_hcv,2025,30,0.0137,-4.2785,baixo,positividade=0.0; tendencia_pos=0.0; risco=0.0,Manter rotina de vigilância laboratorial.,sklearn_gb_v1,sklearn_v1
SANTA HELENA,dengue,2024,26,0.0137,-4.2785,baixo,positividade=0.0; tendencia_pos=0.0; risco=0.0,Manter rotina de vigilância laboratorial.,sklearn_gb_v1,sklearn_v1
CEARA-MIRIM,chikungunya,2025,7,0.0137,-4.2785,baixo,positividade=0.0; tendencia_pos=0.0; risco=0.0,Manter rotina de vigilância laboratorial.,sklearn_gb_v1,sklearn_v1
CAXIAS DO SUL,dengue,2024,24,0.0137,-4.2785,baixo,positividade=0.0; tendencia_pos=0.0; risco=0.0,Manter rotina de vigilância laboratorial.,sklearn_gb_v1,sklearn_v1
CAXIAS,zika,2025,30,0.0137,-4.2785,baixo,positividade=0.0; tendencia_pos=0.0; risco=0.0,Manter rotina de vigilância laboratorial.,sklearn_gb_v1,sklearn_v1
CAPIXABA,influenza_a,2025,28,0.0137,-4.2785,baixo,positividade=0.0; tendencia_pos=0.0; risco=0.0,Manter rotina de vigilância laboratorial.,sklearn_gb_v1,sklearn_v1
CAROLINA,zika,2025,28,0.0137,-4.2785,baixo,positividade=0.0; tendencia_pos=0.0; risco=0.0,Manter rotina de vigilância laboratorial.,sklearn_gb_v1,sklearn_v1
CAROLINA,dengue,2025,28,0.0137,-4.2785,baixo,positividade=0.0; tendencia_pos=0.0; risco=0.0,Manter rotina de vigilância laboratorial.,sklearn_gb_v1,sklearn_v1
CARNAUBAIS,zika,2025,12,0.0137,-4.2785,baixo,positividade=0.0; tendencia_pos=0.0; risco=0.0,Manter rotina de vigilância laboratorial.,sklearn_gb_v1,sklearn_v1
CARNAUBAIS,dengue,2025,12,0.0137,-4.2785,baixo,positividade=0.0; tendencia_pos=0.0; risco=0.0,Manter rotina de vigilância laboratorial.,sklearn_gb_v1,sklearn_v1
CARNAUBAIS,chikungunya,2025,12,0.0137,-4.2785,baixo,positividade=0.0; tendencia_pos=0.0; risco=0.0,Manter rotina de vigilância laboratorial.,sklearn_gb_v1,sklearn_v1
CARLINDA,tuberculose,2025,21,0.0137,-4.2785,baixo,positividade=0.0; tendencia_pos=0.0; risco=0.02,Manter rotina de vigilância laboratorial.,sklearn_gb_v1,sklearn_v1
CARLINDA,sars_cov_2,2025,11,0.0137,-4.2785,baixo,positividade=0.0; tendencia_pos=0.0; risco=0.02,Manter rotina de vigilância laboratorial.,sklearn_gb_v1,sklearn_v1
CARLINDA,rifampicina,2026,15,0.0137,-4.2785,baixo,positividade=0.0; tendencia_pos=0.0; risco=0.02,Manter rotina de vigilância laboratorial.,sklearn_gb_v1,sklearn_v1
CARLINDA,influenza_b,2025,11,0.0137,-4.2785,baixo,positividade=0.0; tendencia_pos=0.0; risco=0.02,Manter rotina de vigilância laboratorial.,sklearn_gb_v1,sklearn_v1
CARLINDA,influenza_a,2025,11,0.0137,-4.2785,baixo,positividade=0.0; tendencia_pos=0.0; risco=0.02,Manter rotina de vigilância laboratorial.,sklearn_gb_v1,sklearn_v1
SANTA MARIA DO OESTE,dengue,2025,6,0.0137,-4.2785,baixo,positividade=0.0; tendencia_pos=0.0; risco=0.0,Manter rotina de vigilância laboratorial.,sklearn_gb_v1,sklearn_v1
SANTA MARIA DAS BARREIRAS,zika,2025,14,0.0137,-4.2785,baixo,positividade=0.0; tendencia_pos=0.0; risco=0.0,Manter rotina de vigilância laboratorial.,sklearn_gb_v1,sklearn_v1
SANTA MARIA DAS BARREIRAS,chikungunya,2025,14,0.0137,-4.2785,baixo,positividade=0.0; tendencia_pos=0.0; risco=0.0,Manter rotina de vigilância laboratorial.,sklearn_gb_v1,sklearn_v1
SANTA MARIA,zika,2025,10,0.0137,-4.2785,baixo,positividade=0.0; tendencia_pos=0.0; risco=0.0,Manter rotina de vigilância laboratorial.,sklearn_gb_v1,sklearn_v1
SANTA LUZIA DO PARUA,zika,2025,28,0.0137,-4.2785,baixo,positividade=0.0; tendencia_pos=0.0; risco=0.0,Manter rotina de vigilância laboratorial.,sklearn_gb_v1,sklearn_v1
CAPINZAL,zika,2025,12,0.0137,-4.2785,baixo,positividade=0.0; tendencia_pos=0.0; risco=0.0,Manter rotina de vigilância laboratorial.,sklearn_gb_v1,sklearn_v1
CAPINZAL,dengue,2025,12,0.0137,-4.2785,baixo,positividade=0.0; tendencia_pos=0.0; risco=0.0,Manter rotina de vigilância laboratorial.,sklearn_gb_v1,sklearn_v1
CANUTAMA,zika,2025,5,0.0137,-4.2785,baixo,positividade=0.0; tendencia_pos=0.0; risco=0.0,Manter rotina de vigilância laboratorial.,sklearn_gb_v1,sklearn_v1
CANUTAMA,chikungunya,2025,5,0.0137,-4.2785,baixo,positividade=0.0; tendencia_pos=0.0; risco=0.0,Manter rotina de vigilância laboratorial.,sklearn_gb_v1,sklearn_v1
CANTA,dengue,2025,14,0.0137,-4.2785,baixo,positividade=0.0; tendencia_pos=0.0; risco=0.0,Manter rotina de vigilância laboratorial.,sklearn_gb_v1,sklearn_v1
SANTA RITA DO TRIVELATO,toxoplasmose_igg,2024,32,0.0137,-4.2785,baixo,positividade=0.0; tendencia_pos=0.0; risco=0.0,Manter rotina de vigilância laboratorial.,sklearn_gb_v1,sklearn_v1
SANTA RITA DO TRIVELATO,influenza_b,2025,21,0.0137,-4.2785,baixo,positividade=0.0; tendencia_pos=0.0; risco=0.0,Manter rotina de vigilância laboratorial.,sklearn_gb_v1,sklearn_v1
SANTA RITA DO TRIVELATO,criptococos_teste_rapido,2025,42,0.0137,-4.2785,baixo,positividade=0.0; tendencia_pos=0.0; risco=0.0,Manter rotina de vigilância laboratorial.,sklearn_gb_v1,sklearn_v1
SANTA QUITERIA DO MARANHAO,zika,2025,21,0.0137,-4.2785,baixo,positividade=0.0; tendencia_pos=0.0; risco=0.0,Manter rotina de vigilância laboratorial.,sklearn_gb_v1,sklearn_v1
SANTA QUITERIA DO MARANHAO,dengue,2025,21,0.0137,-4.2785,baixo,positividade=0.0; tendencia_pos=0.0; risco=0.0,Manter rotina de vigilância laboratorial.,sklearn_gb_v1,sklearn_v1
SANTA MERCEDES,zika,2025,17,0.0137,-4.2785,baixo,positividade=0.0; tendencia_pos=0.0; risco=0.0,Manter rotina de vigilância laboratorial.,sklearn_gb_v1,sklearn_v1
SANTA MERCEDES,dengue,2025,17,0.0137,-4.2785,baixo,positividade=0.0; tendencia_pos=0.0; risco=0.0,Manter rotina de vigilância laboratorial.,sklearn_gb_v1,sklearn_v1
CARAPICUIBA,zika,2025,9,0.0137,-4.2785,baixo,positividade=0.0; tendencia_pos=0.0; risco=0.0,Manter rotina de vigilância laboratorial.,sklearn_gb_v1,sklearn_v1
CAPIXABA,zika,2025,20,0.0137,-4.2785,baixo,positividade=0.0; tendencia_pos=0.0; risco=0.0,Manter rotina de vigilância laboratorial.,sklearn_gb_v1,sklearn_v1
CAPIXABA,virus_respiratorios,2025,28,0.0137,-4.2785,baixo,positividade=0.0; tendencia_pos=0.0; risco=0.0,Manter rotina de vigilância laboratorial.,sklearn_gb_v1,sklearn_v1
CAPIXABA,influenza_b,2025,28,0.0137,-4.2785,baixo,positividade=0.0; tendencia_pos=0.0; risco=0.0,Manter rotina de vigilância laboratorial.,sklearn_gb_v1,sklearn_v1
SANTANA DO ARAGUAIA,hepatite_c_hcv,2024,35,0.0137,-4.2785,baixo,positividade=0.0; tendencia_pos=0.0; risco=0.0,Manter rotina de vigilância laboratorial.,sklearn_gb_v1,sklearn_v1
SANTANA DO ARAGUAIA,chikungunya,2025,20,0.0137,-4.2785,baixo,positividade=0.0; tendencia_pos=0.0; risco=0.0,Manter rotina de vigilância laboratorial.,sklearn_gb_v1,sklearn_v1
SANTANA,zika,2024,35,0.0137,-4.2785,baixo,positividade=0.0; tendencia_pos=0.0; risco=0.0,Manter rotina de vigilância laboratorial.,sklearn_gb_v1,sklearn_v1
SANTANA,dengue,2024,35,0.0137,-4.2785,baixo,positividade=0.0; tendencia_pos=0.0; risco=0.0,Manter rotina de vigilância laboratorial.,sklearn_gb_v1,sklearn_v1
ACU,chikungunya,2025,6,0.0137,-4.2785,baixo,positividade=0.0; tendencia_pos=0.0; risco=0.0,Manter rotina de vigilância laboratorial.,sklearn_gb_v1,sklearn_v1
SANTA RITA DO TRIVELATO,virus_respiratorios,2025,21,0.0137,-4.2785,baixo,positividade=0.0; tendencia_pos=0.0; risco=0.0,Manter rotina de vigilância laboratorial.,sklearn_gb_v1,sklearn_v1
SANTA RITA DO TRIVELATO,tuberculose_cultura,2025,24,0.0137,-4.2785,baixo,positividade=0.0; tendencia_pos=0.0; risco=0.0,Manter rotina de vigilância laboratorial.,sklearn_gb_v1,sklearn_v1
SANTA RITA DO TRIVELATO,toxoplasmose_igm,2024,32,0.0137,-4.2785,baixo,positividade=0.0; tendencia_pos=0.0; risco=0.0,Manter rotina de vigilância laboratorial.,sklearn_gb_v1,sklearn_v1
CAPITAO POCO,zika,2025,19,0.0137,-4.2785,baixo,positividade=0.0; tendencia_pos=0.0; risco=0.0,Manter rotina de vigilância laboratorial.,sklearn_gb_v1,sklearn_v1
CAPITAO POCO,chikungunya,2025,19,0.0137,-4.2785,baixo,positividade=0.0; tendencia_pos=0.0; risco=0.0,Manter rotina de vigilância laboratorial.,sklearn_gb_v1,sklearn_v1
CAPITAO LEONIDAS MARQUES,zika,2025,24,0.0137,-4.2785,baixo,positividade=0.0; tendencia_pos=0.0; risco=0.0,Manter rotina de vigilância laboratorial.,sklearn_gb_v1,sklearn_v1
CAPITAO LEONIDAS MARQUES,chikungunya,2025,24,0.0137,-4.2785,baixo,positividade=0.0; tendencia_pos=0.0; risco=0.0,Manter rotina de vigilância laboratorial.,sklearn_gb_v1,sklearn_v1
SANTO AFONSO,dengue,2025,17,0.0137,-4.2785,baixo,positividade=0.0; tendencia_pos=0.0; risco=0.0,Manter rotina de vigilância laboratorial.,sklearn_gb_v1,sklearn_v1
CANDIDO MOTA,zika,2025,5,0.0137,-4.2785,baixo,positividade=0.0; tendencia_pos=0.0; risco=0.0,Manter rotina de vigilância laboratorial.,sklearn_gb_v1,sklearn_v1
CANDIDO MOTA,dengue,2025,5,0.0137,-4.2785,baixo,positividade=0.0; tendencia_pos=0.0; risco=0.0,Manter rotina de vigilância laboratorial.,sklearn_gb_v1,sklearn_v1
CANDIDO MOTA,chikungunya,2025,5,0.0137,-4.2785,baixo,positividade=0.0; tendencia_pos=0.0; risco=0.0,Manter rotina de vigilância laboratorial.,sklearn_gb_v1,sklearn_v1
CANDEIAS DO JAMARI,zika,2025,15,0.0137,-4.2785,baixo,positividade=0.0; tendencia_pos=0.0; risco=0.0,Manter rotina de vigilância laboratorial.,sklearn_gb_v1,sklearn_v1
CANDEIAS,dengue,2025,7,0.0137,-4.2785,baixo,positividade=0.0; tendencia_pos=0.0; risco=0.0,Manter rotina de vigilância laboratorial.,sklearn_gb_v1,sklearn_v1
CANARANA,tuberculose_cultura,2025,18,0.0137,-4.2785,baixo,positividade=0.0; tendencia_pos=0.0; risco=0.0,Manter rotina de vigilância laboratorial.,sklearn_gb_v1,sklearn_v1
CANARANA,toxoplasmose_igm,2025,16,0.0137,-4.2785,baixo,positividade=0.0; tendencia_pos=0.0; risco=0.0,Manter rotina de vigilância laboratorial.,sklearn_gb_v1,sklearn_v1
CANARANA,sifilis,2025,34,0.0137,-4.2785,baixo,positividade=0.0; tendencia_pos=0.0; risco=0.0,Manter rotina de vigilância laboratorial.,sklearn_gb_v1,sklearn_v1
CANARANA,sarampo_igg,2025,34,0.0137,-4.2785,baixo,positividade=0.0; tendencia_pos=0.0; risco=0.0,Manter rotina de vigilância laboratorial.,sklearn_gb_v1,sklearn_v1
CANARANA,rubeola_igm,2025,34,0.0137,-4.2785,baixo,positividade=0.0; tendencia_pos=0.0; risco=0.0,Manter rotina de vigilância laboratorial.,sklearn_gb_v1,sklearn_v1
AGUA BOA,virus_respiratorios,2025,22,0.0137,-4.2785,baixo,positividade=0.0; tendencia_pos=0.0; risco=0.0,Manter rotina de vigilância laboratorial.,sklearn_gb_v1,sklearn_v1
SANTAREM,virus_respiratorios,2025,28,0.0137,-4.2785,baixo,positividade=0.0; tendencia_pos=0.0; risco=0.0,Manter rotina de vigilância laboratorial.,sklearn_gb_v1,sklearn_v1
SANTAREM,influenza_b,2025,28,0.0137,-4.2785,baixo,positividade=0.0; tendencia_pos=0.0; risco=0.0,Manter rotina de vigilância laboratorial.,sklearn_gb_v1,sklearn_v1
SANTAREM,influenza_a,2025,28,0.0137,-4.2785,baixo,positividade=0.0; tendencia_pos=0.0; risco=0.0,Manter rotina de vigilância laboratorial.,sklearn_gb_v1,sklearn_v1
SANTANA DO ARAGUAIA,zika,2025,20,0.0137,-4.2785,baixo,positividade=0.0; tendencia_pos=0.0; risco=0.0,Manter rotina de vigilância laboratorial.,sklearn_gb_v1,sklearn_v1
CANABRAVA DO NORTE,hepatite_c_hcv,2024,22,0.0137,-4.2785,baixo,positividade=0.0; tendencia_pos=0.0; risco=0.1,Manter rotina de vigilância laboratorial.,sklearn_gb_v1,sklearn_v1
CANABRAVA DO NORTE,chikungunya,2025,20,0.0137,-4.2785,baixo,positividade=0.0; tendencia_pos=0.0; risco=0.1,Manter rotina de vigilância laboratorial.,sklearn_gb_v1,sklearn_v1
CANAA DOS CARAJAS,zika,2025,21,0.0137,-4.2785,baixo,positividade=0.0; tendencia_pos=0.0; risco=0.0,Manter rotina de vigilância laboratorial.,sklearn_gb_v1,sklearn_v1
CANARANA,rubeola_igg,2025,34,0.0137,-4.2785,baixo,positividade=0.0; tendencia_pos=0.0; risco=0.0,Manter rotina de vigilância laboratorial.,sklearn_gb_v1,sklearn_v1
CANARANA,paracoccidioidomicose,2025,6,0.0137,-4.2785,baixo,positividade=0.0; tendencia_pos=0.0; risco=0.0,Manter rotina de vigilância laboratorial.,sklearn_gb_v1,sklearn_v1
CANARANA,leptospira,2025,18,0.0137,-4.2785,baixo,positividade=0.0; tendencia_pos=0.0; risco=0.0,Manter rotina de vigilância laboratorial.,sklearn_gb_v1,sklearn_v1
CANARANA,influenza_b,2025,28,0.0137,-4.2785,baixo,positividade=0.0; tendencia_pos=0.0; risco=0.0,Manter rotina de vigilância laboratorial.,sklearn_gb_v1,sklearn_v1
CANARANA,influenza_a,2025,28,0.0137,-4.2785,baixo,positividade=0.0; tendencia_pos=0.0; risco=0.0,Manter rotina de vigilância laboratorial.,sklearn_gb_v1,sklearn_v1
CANARANA,hepatite_c_hcv,2025,33,0.0137,-4.2785,baixo,positividade=0.0; tendencia_pos=0.0; risco=0.0,Manter rotina de vigilância laboratorial.,sklearn_gb_v1,sklearn_v1
SANTO ANTONIO DO LESTE,tuberculose_cultura,2025,17,0.0137,-4.2785,baixo,positividade=0.0; tendencia_pos=0.0; risco=0.01,Manter rotina de vigilância laboratorial.,sklearn_gb_v1,sklearn_v1
SANTO ANTONIO DO LESTE,leptospira,2024,26,0.0137,-4.2785,baixo,positividade=0.0; tendencia_pos=0.0; risco=0.01,Manter rotina de vigilância laboratorial.,sklearn_gb_v1,sklearn_v1
SANTO ANTONIO DO LESTE,dengue,2024,26,0.0137,-4.2785,baixo,positividade=0.0; tendencia_pos=0.0; risco=0.01,Manter rotina de vigilância laboratorial.,sklearn_gb_v1,sklearn_v1
SANTO ANTONIO DE POSSE,zika,2025,22,0.0137,-4.2785,baixo,positividade=0.0; tendencia_pos=0.0; risco=0.0,Manter rotina de vigilância laboratorial.,sklearn_gb_v1,sklearn_v1
SANTO ANTONIO DE POSSE,dengue,2025,22,0.0137,-4.2785,baixo,positividade=0.0; tendencia_pos=0.0; risco=0.0,Manter rotina de vigilância laboratorial.,sklearn_gb_v1,sklearn_v1
SANTO AFONSO,zika,2025,14,0.0137,-4.2785,baixo,positividade=0.0; tendencia_pos=0.0; risco=0.0,Manter rotina de vigilância laboratorial.,sklearn_gb_v1,sklearn_v1
SANTO AFONSO,hepatite_b_hbv,2025,11,0.0137,-4.2785,baixo,positividade=0.0; tendencia_pos=0.0; risco=0.0,Manter rotina de vigilância laboratorial.,sklearn_gb_v1,sklearn_v1
SANTO ANTONIO DO LEVERGER,tuberculose,2025,34,0.0137,-4.2785,baixo,positividade=0.0; tendencia_pos=0.0; risco=0.08,Manter rotina de vigilância laboratorial.,sklearn_gb_v1,sklearn_v1
AGUA BOA,toxoplasmose_igm,2025,20,0.0137,-4.2785,baixo,positividade=0.0; tendencia_pos=0.0; risco=0.0,Manter rotina de vigilância laboratorial.,sklearn_gb_v1,sklearn_v1
CANAA DOS CARAJAS,dengue,2025,21,0.0137,-4.2785,baixo,positividade=0.0; tendencia_pos=0.0; risco=0.0,Manter rotina de vigilância laboratorial.,sklearn_gb_v1,sklearn_v1
CAMPOS DE JULIO,virus_respiratorios,2025,22,0.0137,-4.2785,baixo,positividade=0.0; tendencia_pos=0.0; risco=0.0,Manter rotina de vigilância laboratorial.,sklearn_gb_v1,sklearn_v1
CAMPOS DE JULIO,tuberculose_cultura,2025,24,0.0137,-4.2785,baixo,positividade=0.0; tendencia_pos=0.0; risco=0.0,Manter rotina de vigilância laboratorial.,sklearn_gb_v1,sklearn_v1
CAMPOS DE JULIO,rifampicina,2024,31,0.0137,-4.2785,baixo,positividade=0.0; tendencia_pos=0.0; risco=0.0,Manter rotina de vigilância laboratorial.,sklearn_gb_v1,sklearn_v1
CAMPOS DE JULIO,influenza_b,2025,22,0.0137,-4.2785,baixo,positividade=0.0; tendencia_pos=0.0; risco=0.0,Manter rotina de vigilância laboratorial.,sklearn_gb_v1,sklearn_v1
CAMPOS DE JULIO,influenza_a,2025,22,0.0137,-4.2785,baixo,positividade=0.0; tendencia_pos=0.0; risco=0.0,Manter rotina de vigilância laboratorial.,sklearn_gb_v1,sklearn_v1
CAMPOS DE JULIO,fungos,2025,23,0.0137,-4.2785,baixo,positividade=0.0; tendencia_pos=0.0; risco=0.0,Manter rotina de vigilância laboratorial.,sklearn_gb_v1,sklearn_v1
SANTO ANTONIO DO LEVERGER,paracoccidioidomicose,2025,3,0.0137,-4.2785,baixo,positividade=0.0; tendencia_pos=0.0; risco=0.08,Manter rotina de vigilância laboratorial.,sklearn_gb_v1,sklearn_v1
SANTO ANTONIO DO LEVERGER,histoplasmose,2025,4,0.0137,-4.2785,baixo,positividade=0.0; tendencia_pos=0.0; risco=0.08,Manter rotina de vigilância laboratorial.,sklearn_gb_v1,sklearn_v1
SANTO ANTONIO DO LEVERGER,hepatite_c_hcv,2025,29,0.0137,-4.2785,baixo,positividade=0.0; tendencia_pos=0.0; risco=0.08,Manter rotina de vigilância laboratorial.,sklearn_gb_v1,sklearn_v1
SANTO ANTONIO DO LEVERGER,bacterias_teste_de_sensibilidade,2025,24,0.0137,-4.2785,baixo,positividade=0.0; tendencia_pos=0.0; risco=0.08,Manter rotina de vigilância laboratorial.,sklearn_gb_v1,sklearn_v1
SANTO ANTONIO DO LEVERGER,aspergilose,2025,4,0.0137,-4.2785,baixo,positividade=0.0; tendencia_pos=0.0; risco=0.08,Manter rotina de vigilância laboratorial.,sklearn_gb_v1,sklearn_v1
CANARANA,chagas,2025,33,0.0137,-4.2785,baixo,positividade=0.0; tendencia_pos=0.0; risco=0.0,Manter rotina de vigilância laboratorial.,sklearn_gb_v1,sklearn_v1
CANABRAVA DO NORTE,zika,2025,20,0.0137,-4.2785,baixo,positividade=0.0; tendencia_pos=0.0; risco=0.1,Manter rotina de vigilância laboratorial.,sklearn_gb_v1,sklearn_v1
AGUA BOA,neisseria_gonorrhoeae,2025,24,0.0137,-4.2785,baixo,positividade=0.0; tendencia_pos=0.0; risco=0.0,Manter rotina de vigilância laboratorial.,sklearn_gb_v1,sklearn_v1
AGUA BOA,leishmaniose_visceral_humana_teste_rapido,2025,31,0.0137,-4.2785,baixo,positividade=0.0; tendencia_pos=0.0; risco=0.0,Manter rotina de vigilância laboratorial.,sklearn_gb_v1,sklearn_v1
ACU,zika,2025,6,0.0137,-4.2785,baixo,positividade=0.0; tendencia_pos=0.0; risco=0.0,Manter rotina de vigilância laboratorial.,sklearn_gb_v1,sklearn_v1
CAMPOS DE JULIO,cultura_para_fungos,2025,23,0.0137,-4.2785,baixo,positividade=0.0; tendencia_pos=0.0; risco=0.0,Manter rotina de vigilância laboratorial.,sklearn_gb_v1,sklearn_v1
CAMPOS BORGES,zika,2024,38,0.0137,-4.2785,baixo,positividade=0.0; tendencia_pos=0.0; risco=0.0,Manter rotina de vigilância laboratorial.,sklearn_gb_v1,sklearn_v1
CAMPOS BORGES,dengue,2024,38,0.0137,-4.2785,baixo,positividade=0.0; tendencia_pos=0.0; risco=0.0,Manter rotina de vigilância laboratorial.,sklearn_gb_v1,sklearn_v1
CAMPOS BORGES,chikungunya,2024,38,0.0137,-4.2785,baixo,positividade=0.0; tendencia_pos=0.0; risco=0.0,Manter rotina de vigilância laboratorial.,sklearn_gb_v1,sklearn_v1
ACAILANDIA,zika,2025,27,0.0137,-4.2785,baixo,positividade=0.0; tendencia_pos=0.0; risco=0.0,Manter rotina de vigilância laboratorial.,sklearn_gb_v1,sklearn_v1
ACORIZAL,cultura_para_fungos,2024,29,0.0137,-4.2785,baixo,positividade=0.0; tendencia_pos=0.0; risco=0.04,Manter rotina de vigilância laboratorial.,sklearn_gb_v1,sklearn_v1
XEXEU,zika,2025,18,0.0137,-4.2785,baixo,positividade=0.0; tendencia_pos=0.0; risco=0.0,Manter rotina de vigilância laboratorial.,sklearn_gb_v1,sklearn_v1
XEXEU,dengue,2025,18,0.0137,-4.2785,baixo,positividade=0.0; tendencia_pos=0.0; risco=0.0,Manter rotina de vigilância laboratorial.,sklearn_gb_v1,sklearn_v1
SANTO AUGUSTO,zika,2025,24,0.0137,-4.2785,baixo,positividade=0.0; tendencia_pos=0.0; risco=0.0,Manter rotina de vigilância laboratorial.,sklearn_gb_v1,sklearn_v1
SANTO AUGUSTO,dengue,2025,24,0.0137,-4.2785,baixo,positividade=0.0; tendencia_pos=0.0; risco=0.0,Manter rotina de vigilância laboratorial.,sklearn_gb_v1,sklearn_v1
SANTO ANTONIO DOS LOPES,dengue,2025,16,0.0137,-4.2785,baixo,positividade=0.0; tendencia_pos=0.0; risco=0.0,Manter rotina de vigilância laboratorial.,sklearn_gb_v1,sklearn_v1
SANTO ANTONIO DO LEVERGER,virus_respiratorios,2025,30,0.0137,-4.2785,baixo,positividade=0.0; tendencia_pos=0.0; risco=0.08,Manter rotina de vigilância laboratorial.,sklearn_gb_v1,sklearn_v1
SANTO ANTONIO DO LEVERGER,tuberculose_cultura,2025,11,0.0137,-4.2785,baixo,positividade=0.0; tendencia_pos=0.0; risco=0.08,Manter rotina de vigilância laboratorial.,sklearn_gb_v1,sklearn_v1
VITORIA DA CONQUISTA,dengue,2024,31,0.0137,-4.2785,baixo,positividade=0.0; tendencia_pos=0.0; risco=0.0,Manter rotina de vigilância laboratorial.,sklearn_gb_v1,sklearn_v1
VILHENA,zika,2025,28,0.0137,-4.2785,baixo,positividade=0.0; tendencia_pos=0.0; risco=0.0,Manter rotina de vigilância laboratorial.,sklearn_gb_v1,sklearn_v1
VILHENA,tuberculose_cultura,2025,23,0.0137,-4.2785,baixo,positividade=0.0; tendencia_pos=0.0; risco=0.0,Manter rotina de vigilância laboratorial.,sklearn_gb_v1,sklearn_v1
VILHENA,tuberculose,2025,12,0.0137,-4.2785,baixo,positividade=0.0; tendencia_pos=0.0; risco=0.0,Manter rotina de vigilância laboratorial.,sklearn_gb_v1,sklearn_v1
VILHENA,hepatite_c_hcv,2025,19,0.0137,-4.2785,baixo,positividade=0.0; tendencia_pos=0.0; risco=0.0,Manter rotina de vigilância laboratorial.,sklearn_gb_v1,sklearn_v1
SAO DOMINGOS DO MARANHAO,zika,2025,14,0.0137,-4.2785,baixo,positividade=0.0; tendencia_pos=0.0; risco=0.0,Manter rotina de vigilância laboratorial.,sklearn_gb_v1,sklearn_v1
SAO DOMINGOS DO MARANHAO,dengue,2025,14,0.0137,-4.2785,baixo,positividade=0.0; tendencia_pos=0.0; risco=0.0,Manter rotina de vigilância laboratorial.,sklearn_gb_v1,sklearn_v1
SAO DOMINGOS DO ARAGUAIA,dengue,2025,20,0.0137,-4.2785,baixo,positividade=0.0; tendencia_pos=0.0; risco=0.0,Manter rotina de vigilância laboratorial.,sklearn_gb_v1,sklearn_v1
SAO CRISTOVAO,dengue,2025,7,0.0137,-4.2785,baixo,positividade=0.0; tendencia_pos=0.0; risco=0.0,Manter rotina de vigilância laboratorial.,sklearn_gb_v1,sklearn_v1
SAO BERNARDO DO CAMPO,zika,2025,29,0.0137,-4.2785,baixo,positividade=0.0; tendencia_pos=0.0; risco=0.0,Manter rotina de vigilância laboratorial.,sklearn_gb_v1,sklearn_v1
SANTOS,dengue,2024,27,0.0137,-4.2785,baixo,positividade=0.0; tendencia_pos=0.0; risco=0.0,Manter rotina de vigilância laboratorial.,sklearn_gb_v1,sklearn_v1
VILA RICA,virus_respiratorios,2024,46,0.0137,-4.2785,baixo,positividade=0.0; tendencia_pos=0.0; risco=0.05,Manter rotina de vigilância laboratorial.,sklearn_gb_v1,sklearn_v1
CAMPO NOVO DO PARECIS,tuberculose_cultura,2025,27,0.0137,-4.2747,baixo,positividade=0.0; tendencia_pos=0.0; risco=0.18,Manter rotina de vigilância laboratorial.,sklearn_gb_v1,sklearn_v1
AGUA BOA,htlv_i_ii_virus_linfotropico_humano_tipo_i_e_ii,2025,12,0.0137,-4.2785,baixo,positividade=0.0; tendencia_pos=0.0; risco=0.0,Manter rotina de vigilância laboratorial.,sklearn_gb_v1,sklearn_v1
AFONSO CUNHA,zika,2025,14,0.0137,-4.2785,baixo,positividade=0.0; tendencia_pos=0.0; risco=0.0,Manter rotina de vigilância laboratorial.,sklearn_gb_v1,sklearn_v1
AFONSO CUNHA,dengue,2025,14,0.0137,-4.2785,baixo,positividade=0.0; tendencia_pos=0.0; risco=0.0,Manter rotina de vigilância laboratorial.,sklearn_gb_v1,sklearn_v1
SAO GABRIEL DO OESTE,dengue,2025,24,0.0137,-4.2785,baixo,positividade=0.0; tendencia_pos=0.0; risco=0.0,Manter rotina de vigilância laboratorial.,sklearn_gb_v1,sklearn_v1
ACORIZAL,tuberculose,2025,9,0.0137,-4.2785,baixo,positividade=0.0; tendencia_pos=0.0; risco=0.04,Manter rotina de vigilância laboratorial.,sklearn_gb_v1,sklearn_v1
MEDIANEIRA,zika,2025,4,0.0137,-4.2785,baixo,positividade=0.0; tendencia_pos=0.0; risco=0.0,Manter rotina de vigilância laboratorial.,sklearn_gb_v1,sklearn_v1
MEDIANEIRA,dengue,2025,4,0.0137,-4.2785,baixo,positividade=0.0; tendencia_pos=0.0; risco=0.0,Manter rotina de vigilância laboratorial.,sklearn_gb_v1,sklearn_v1
CAMPO NOVO DE RONDONIA,dengue,2025,19,0.0137,-4.2785,baixo,positividade=0.0; tendencia_pos=0.0; risco=0.0,Manter rotina de vigilância laboratorial.,sklearn_gb_v1,sklearn_v1
SAO FRANCISCO DO MARANHAO,zika,2025,19,0.0137,-4.2785,baixo,positividade=0.0; tendencia_pos=0.0; risco=0.0,Manter rotina de vigilância laboratorial.,sklearn_gb_v1,sklearn_v1
SAO FRANCISCO DO MARANHAO,dengue,2025,19,0.0137,-4.2785,baixo,positividade=0.0; tendencia_pos=0.0; risco=0.0,Manter rotina de vigilância laboratorial.,sklearn_gb_v1,sklearn_v1
SAO FELIX DO XINGU,tuberculose_cultura,2025,10,0.0137,-4.2785,baixo,positividade=0.0; tendencia_pos=0.0; risco=0.0,Manter rotina de vigilância laboratorial.,sklearn_gb_v1,sklearn_v1
MEDIANEIRA,chikungunya,2025,4,0.0137,-4.2785,baixo,positividade=0.0; tendencia_pos=0.0; risco=0.0,Manter rotina de vigilância laboratorial.,sklearn_gb_v1,sklearn_v1
MATUPA,virus_respiratorios,2024,32,0.0137,-4.2785,baixo,positividade=0.0; tendencia_pos=0.0; risco=0.0,Manter rotina de vigilância laboratorial.,sklearn_gb_v1,sklearn_v1
MATUPA,tuberculose_cultura,2025,20,0.0137,-4.2785,baixo,positividade=0.0; tendencia_pos=0.0; risco=0.0,Manter rotina de vigilância laboratorial.,sklearn_gb_v1,sklearn_v1
SAO JOSE DA TAPERA,chikungunya,2025,15,0.0137,-4.2785,baixo,positividade=0.0; tendencia_pos=0.0; risco=0.0,Manter rotina de vigilância laboratorial.,sklearn_gb_v1,sklearn_v1
SAO JOAQUIM DA BARRA,zika,2025,9,0.0137,-4.2785,baixo,positividade=0.0; tendencia_pos=0.0; risco=0.0,Manter rotina de vigilância laboratorial.,sklearn_gb_v1,sklearn_v1
SAO JOAQUIM DA BARRA,dengue,2025,9,0.0137,-4.2785,baixo,positividade=0.0; tendencia_pos=0.0; risco=0.0,Manter rotina de vigilância laboratorial.,sklearn_gb_v1,sklearn_v1
SAO JOAO DO SOTER,zika,2025,18,0.0137,-4.2785,baixo,positividade=0.0; tendencia_pos=0.0; risco=0.0,Manter rotina de vigilância laboratorial.,sklearn_gb_v1,sklearn_v1
SAO JOAO DO SOTER,dengue,2025,18,0.0137,-4.2785,baixo,positividade=0.0; tendencia_pos=0.0; risco=0.0,Manter rotina de vigilância laboratorial.,sklearn_gb_v1,sklearn_v1
SAO JOAO DE PIRABAS,zika,2025,9,0.0137,-4.2785,baixo,positividade=0.0; tendencia_pos=0.0; risco=0.0,Manter rotina de vigilância laboratorial.,sklearn_gb_v1,sklearn_v1
SAO JOAO DE PIRABAS,dengue,2025,9,0.0137,-4.2785,baixo,positividade=0.0; tendencia_pos=0.0; risco=0.0,Manter rotina de vigilância laboratorial.,sklearn_gb_v1,sklearn_v1
SAO JOAO DE PIRABAS,chikungunya,2025,9,0.0137,-4.2785,baixo,positividade=0.0; tendencia_pos=0.0; risco=0.0,Manter rotina de vigilância laboratorial.,sklearn_gb_v1,sklearn_v1
SAO JOAO DE MERITI,dengue,2024,22,0.0137,-4.2785,baixo,positividade=0.0; tendencia_pos=0.0; risco=0.0,Manter rotina de vigilância laboratorial.,sklearn_gb_v1,sklearn_v1
SAO JOAO BATISTA,zika,2025,18,0.0137,-4.2785,baixo,positividade=0.0; tendencia_pos=0.0; risco=0.0,Manter rotina de vigilância laboratorial.,sklearn_gb_v1,sklearn_v1
SAO JOAO BATISTA,dengue,2025,18,0.0137,-4.2785,baixo,positividade=0.0; tendencia_pos=0.0; risco=0.0,Manter rotina de vigilância laboratorial.,sklearn_gb_v1,sklearn_v1
SAO GONCALO DO AMARANTE,rifampicina,2026,14,0.0137,-4.2785,baixo,positividade=0.0; tendencia_pos=0.0; risco=0.0,Manter rotina de vigilância laboratorial.,sklearn_gb_v1,sklearn_v1
SAO GABRIEL DO OESTE,zika,2025,24,0.0137,-4.2785,baixo,positividade=0.0; tendencia_pos=0.0; risco=0.0,Manter rotina de vigilância laboratorial.,sklearn_gb_v1,sklearn_v1
SAO GABRIEL DO OESTE,virus_respiratorios,2024,26,0.0137,-4.2785,baixo,positividade=0.0; tendencia_pos=0.0; risco=0.0,Manter rotina de vigilância laboratorial.,sklearn_gb_v1,sklearn_v1
SAO GABRIEL DO OESTE,influenza_b,2024,26,0.0137,-4.2785,baixo,positividade=0.0; tendencia_pos=0.0; risco=0.0,Manter rotina de vigilância laboratorial.,sklearn_gb_v1,sklearn_v1
SAO GABRIEL DO OESTE,influenza_a,2024,26,0.0137,-4.2785,baixo,positividade=0.0; tendencia_pos=0.0; risco=0.0,Manter rotina de vigilância laboratorial.,sklearn_gb_v1,sklearn_v1
SAO JOSE DO POVO,sarampo_igg,2025,41,0.0137,-4.2785,baixo,positividade=0.0; tendencia_pos=0.0; risco=0.02,Manter rotina de vigilância laboratorial.,sklearn_gb_v1,sklearn_v1
SAO JOSE DO POVO,rubeola_igm,2025,41,0.0137,-4.2785,baixo,positividade=0.0; tendencia_pos=0.0; risco=0.02,Manter rotina de vigilância laboratorial.,sklearn_gb_v1,sklearn_v1
SAO JOSE DO POVO,hepatite_c_hcv,2025,16,0.0137,-4.2785,baixo,positividade=0.0; tendencia_pos=0.0; risco=0.02,Manter rotina de vigilância laboratorial.,sklearn_gb_v1,sklearn_v1
CAMPO MOURAO,zika,2025,20,0.0137,-4.2785,baixo,positividade=0.0; tendencia_pos=0.0; risco=0.0,Manter rotina de vigilância laboratorial.,sklearn_gb_v1,sklearn_v1
CAMPO MOURAO,virus_respiratorios,2025,27,0.0137,-4.2785,baixo,positividade=0.0; tendencia_pos=0.0; risco=0.0,Manter rotina de vigilância laboratorial.,sklearn_gb_v1,sklearn_v1
CAMPO MOURAO,influenza_b,2025,27,0.0137,-4.2785,baixo,positividade=0.0; tendencia_pos=0.0; risco=0.0,Manter rotina de vigilância laboratorial.,sklearn_gb_v1,sklearn_v1
CAMPO MOURAO,dengue,2025,20,0.0137,-4.2785,baixo,positividade=0.0; tendencia_pos=0.0; risco=0.0,Manter rotina de vigilância laboratorial.,sklearn_gb_v1,sklearn_v1
CAMPO LIMPO PAULISTA,dengue,2025,18,0.0137,-4.2785,baixo,positividade=0.0; tendencia_pos=0.0; risco=0.0,Manter rotina de vigilância laboratorial.,sklearn_gb_v1,sklearn_v1
CAMPO LARGO DO PIAUI,zika,2025,19,0.0137,-4.2785,baixo,positividade=0.0; tendencia_pos=0.0; risco=0.0,Manter rotina de vigilância laboratorial.,sklearn_gb_v1,sklearn_v1
CAMPO LARGO DO PIAUI,chikungunya,2025,19,0.0137,-4.2785,baixo,positividade=0.0; tendencia_pos=0.0; risco=0.0,Manter rotina de vigilância laboratorial.,sklearn_gb_v1,sklearn_v1
CAMPO LARGO,dengue,2025,4,0.0137,-4.2785,baixo,positividade=0.0; tendencia_pos=0.0; risco=0.0,Manter rotina de vigilância laboratorial.,sklearn_gb_v1,sklearn_v1
SAO JOSE DO EGITO,zika,2025,14,0.0137,-4.2785,baixo,positividade=0.0; tendencia_pos=0.0; risco=0.0,Manter rotina de vigilância laboratorial.,sklearn_gb_v1,sklearn_v1
SAO JOSE DO EGITO,dengue,2025,14,0.0137,-4.2785,baixo,positividade=0.0; tendencia_pos=0.0; risco=0.0,Manter rotina de vigilância laboratorial.,sklearn_gb_v1,sklearn_v1
SAO JOSE DE RIBAMAR,zika,2025,26,0.0137,-4.2785,baixo,positividade=0.0; tendencia_pos=0.0; risco=0.0,Manter rotina de vigilância laboratorial.,sklearn_gb_v1,sklearn_v1
SAO JOSE DA TAPERA,zika,2025,15,0.0137,-4.2785,baixo,positividade=0.0; tendencia_pos=0.0; risco=0.0,Manter rotina de vigilância laboratorial.,sklearn_gb_v1,sklearn_v1
SAO JOSE DA TAPERA,dengue,2025,15,0.0137,-4.2785,baixo,positividade=0.0; tendencia_pos=0.0; risco=0.0,Manter rotina de vigilância laboratorial.,sklearn_gb_v1,sklearn_v1
CAMPO ALEGRE,dengue,2025,11,0.0137,-4.2785,baixo,positividade=0.0; tendencia_pos=0.0; risco=0.0,Manter rotina de vigilância laboratorial.,sklearn_gb_v1,sklearn_v1
CAMPINAS,zika,2025,15,0.0137,-4.2785,baixo,positividade=0.0; tendencia_pos=0.0; risco=0.0,Manter rotina de vigilância laboratorial.,sklearn_gb_v1,sklearn_v1
CAMPO GRANDE,tuberculose_lf_lam,2024,39,0.0137,-4.2785,baixo,positividade=0.0; tendencia_pos=0.0; risco=0.0,Manter rotina de vigilância laboratorial.,sklearn_gb_v1,sklearn_v1
CAMPO GRANDE,tuberculose_cultura,2025,26,0.0137,-4.2785,baixo,positividade=0.0; tendencia_pos=0.0; risco=0.0,Manter rotina de vigilância laboratorial.,sklearn_gb_v1,sklearn_v1
CAMPO GRANDE,tuberculose,2025,21,0.0137,-4.2785,baixo,positividade=0.0; tendencia_pos=0.0; risco=0.0,Manter rotina de vigilância laboratorial.,sklearn_gb_v1,sklearn_v1
CAMPO GRANDE,sars_cov_2,2024,51,0.0137,-4.2785,baixo,positividade=0.0; tendencia_pos=0.0; risco=0.0,Manter rotina de vigilância laboratorial.,sklearn_gb_v1,sklearn_v1
CAMPO GRANDE,rifampicina,2024,49,0.0137,-4.2785,baixo,positividade=0.0; tendencia_pos=0.0; risco=0.0,Manter rotina de vigilância laboratorial.,sklearn_gb_v1,sklearn_v1
CAMPO GRANDE,hepatite_c_hcv,2025,18,0.0137,-4.2785,baixo,positividade=0.0; tendencia_pos=0.0; risco=0.0,Manter rotina de vigilância laboratorial.,sklearn_gb_v1,sklearn_v1
CAMPO GRANDE,chagas_igg,2025,8,0.0137,-4.2785,baixo,positividade=0.0; tendencia_pos=0.0; risco=0.0,Manter rotina de vigilância laboratorial.,sklearn_gb_v1,sklearn_v1
CAMPO ALEGRE,zika,2025,11,0.0137,-4.2785,baixo,positividade=0.0; tendencia_pos=0.0; risco=0.0,Manter rotina de vigilância laboratorial.,sklearn_gb_v1,sklearn_v1
SAO JOSE DO RIO CLARO,criptococos_teste_rapido,2026,20,0.0137,-4.2785,baixo,positividade=0.0; tendencia_pos=0.0; risco=0.0,Manter rotina de vigilância laboratorial.,sklearn_gb_v1,sklearn_v1
SAO JOSE DO RIO CLARO,chagas_igg,2025,27,0.0137,-4.2785,baixo,positividade=0.0; tendencia_pos=0.0; risco=0.0,Manter rotina de vigilância laboratorial.,sklearn_gb_v1,sklearn_v1
SAO JOSE DO RIO CLARO,chagas,2025,27,0.0137,-4.2785,baixo,positividade=0.0; tendencia_pos=0.0; risco=0.0,Manter rotina de vigilância laboratorial.,sklearn_gb_v1,sklearn_v1
SAO JOSE DO POVO,zika,2024,21,0.0137,-4.2785,baixo,positividade=0.0; tendencia_pos=0.0; risco=0.02,Manter rotina de vigilância laboratorial.,sklearn_gb_v1,sklearn_v1
SAO JOSE DO POVO,tuberculose_cultura,2025,27,0.0137,-4.2785,baixo,positividade=0.0; tendencia_pos=0.0; risco=0.02,Manter rotina de vigilância laboratorial.,sklearn_gb_v1,sklearn_v1
SAO JOSE DO POVO,sarampo_igm,2025,41,0.0137,-4.2785,baixo,positividade=0.0; tendencia_pos=0.0; risco=0.02,Manter rotina de vigilância laboratorial.,sklearn_gb_v1,sklearn_v1
SAO JOSE DO XINGU,chagas,2025,25,0.0137,-4.2785,baixo,positividade=0.0; tendencia_pos=0.0; risco=0.1,Manter rotina de vigilância laboratorial.,sklearn_gb_v1,sklearn_v1
SAO JOSE DO XINGU,brucelose_igm,2024,21,0.0137,-4.2785,baixo,positividade=0.0; tendencia_pos=0.0; risco=0.1,Manter rotina de vigilância laboratorial.,sklearn_gb_v1,sklearn_v1
SAO JOSE DO XINGU,brucelose,2024,21,0.0137,-4.2785,baixo,positividade=0.0; tendencia_pos=0.0; risco=0.1,Manter rotina de vigilância laboratorial.,sklearn_gb_v1,sklearn_v1
SAO JOSE DO RIO PRETO,tuberculose_cultura,2025,11,0.0137,-4.2785,baixo,positividade=0.0; tendencia_pos=0.0; risco=0.0,Manter rotina de vigilância laboratorial.,sklearn_gb_v1,sklearn_v1
SAO JOSE DO RIO CLARO,tuberculose_lf_lam,2026,20,0.0137,-4.2785,baixo,positividade=0.0; tendencia_pos=0.0; risco=0.0,Manter rotina de vigilância laboratorial.,sklearn_gb_v1,sklearn_v1
SAO JOSE DO RIO CLARO,tuberculose,2025,4,0.0137,-4.2785,baixo,positividade=0.0; tendencia_pos=0.0; risco=0.0,Manter rotina de vigilância laboratorial.,sklearn_gb_v1,sklearn_v1
SAO JOSE DO RIO CLARO,rinovirus_enterovirus,2024,21,0.0137,-4.2785,baixo,positividade=0.0; tendencia_pos=0.0; risco=0.0,Manter rotina de vigilância laboratorial.,sklearn_gb_v1,sklearn_v1
CAMPO ALEGRE,sars_cov_2,2024,22,0.0137,-4.2785,baixo,positividade=0.0; tendencia_pos=0.0; risco=0.0,Manter rotina de vigilância laboratorial.,sklearn_gb_v1,sklearn_v1
CAMPO ALEGRE,influenza_b,2024,22,0.0137,-4.2785,baixo,positividade=0.0; tendencia_pos=0.0; risco=0.0,Manter rotina de vigilância laboratorial.,sklearn_gb_v1,sklearn_v1
CAMPO ALEGRE,influenza_a,2024,22,0.0137,-4.2785,baixo,positividade=0.0; tendencia_pos=0.0; risco=0.0,Manter rotina de vigilância laboratorial.,sklearn_gb_v1,sklearn_v1
ALTAMIRA,tuberculose_cultura,2025,5,0.0137,-4.2785,baixo,positividade=0.0; tendencia_pos=0.0; risco=0.0,Manter rotina de vigilância laboratorial.,sklearn_gb_v1,sklearn_v1
ALTAMIRA,dengue,2025,22,0.0137,-4.2785,baixo,positividade=0.0; tendencia_pos=0.0; risco=0.0,Manter rotina de vigilância laboratorial.,sklearn_gb_v1,sklearn_v1
ALTA FLORESTA,virus_respiratorios,2025,28,0.0137,-4.2785,baixo,positividade=0.0; tendencia_pos=0.0; risco=0.0,Manter rotina de vigilância laboratorial.,sklearn_gb_v1,sklearn_v1
ALTA FLORESTA,variola,2024,46,0.0137,-4.2785,baixo,positividade=0.0; tendencia_pos=0.0; risco=0.0,Manter rotina de vigilância laboratorial.,sklearn_gb_v1,sklearn_v1
ALTA FLORESTA,varicela_zoster_biologia_molecular,2024,46,0.0137,-4.2785,baixo,positividade=0.0; tendencia_pos=0.0; risco=0.0,Manter rotina de vigilância laboratorial.,sklearn_gb_v1,sklearn_v1
ALTA FLORESTA,sars_cov_2,2025,26,0.0137,-4.2785,baixo,positividade=0.0; tendencia_pos=0.0; risco=0.0,Manter rotina de vigilância laboratorial.,sklearn_gb_v1,sklearn_v1
ALTA FLORESTA,sarampo_igm,2024,46,0.0137,-4.2785,baixo,positividade=0.0; tendencia_pos=0.0; risco=0.0,Manter rotina de vigilância laboratorial.,sklearn_gb_v1,sklearn_v1
ALTA FLORESTA,sarampo_igg,2024,46,0.0137,-4.2785,baixo,positividade=0.0; tendencia_pos=0.0; risco=0.0,Manter rotina de vigilância laboratorial.,sklearn_gb_v1,sklearn_v1
ALTA FLORESTA,rubeola_igm,2024,46,0.0137,-4.2785,baixo,positividade=0.0; tendencia_pos=0.0; risco=0.0,Manter rotina de vigilância laboratorial.,sklearn_gb_v1,sklearn_v1
MATUPA,sars_cov_2,2025,30,0.0137,-4.2785,baixo,positividade=0.0; tendencia_pos=0.0; risco=0.0,Manter rotina de vigilância laboratorial.,sklearn_gb_v1,sklearn_v1
VERA,tuberculose_lf_lam,2024,41,0.0137,-4.2785,baixo,positividade=0.0; tendencia_pos=0.0; risco=0.0,Manter rotina de vigilância laboratorial.,sklearn_gb_v1,sklearn_v1
VERA,tuberculose,2025,21,0.0137,-4.2785,baixo,positividade=0.0; tendencia_pos=0.0; risco=0.0,Manter rotina de vigilância laboratorial.,sklearn_gb_v1,sklearn_v1
VERA,influenza_b,2025,24,0.0137,-4.2785,baixo,positividade=0.0; tendencia_pos=0.0; risco=0.0,Manter rotina de vigilância laboratorial.,sklearn_gb_v1,sklearn_v1
VERA,influenza_a,2025,24,0.0137,-4.2785,baixo,positividade=0.0; tendencia_pos=0.0; risco=0.0,Manter rotina de vigilância laboratorial.,sklearn_gb_v1,sklearn_v1
VERA,hepatite_c_hcv,2024,41,0.0137,-4.2785,baixo,positividade=0.0; tendencia_pos=0.0; risco=0.0,Manter rotina de vigilância laboratorial.,sklearn_gb_v1,sklearn_v1
VAZANTE,zika,2025,24,0.0137,-4.2785,baixo,positividade=0.0; tendencia_pos=0.0; risco=0.0,Manter rotina de vigilância laboratorial.,sklearn_gb_v1,sklearn_v1
CAMPINA DA LAGOA,zika,2025,13,0.0137,-4.2785,baixo,positividade=0.0; tendencia_pos=0.0; risco=0.0,Manter rotina de vigilância laboratorial.,sklearn_gb_v1,sklearn_v1
CAMPINA DA LAGOA,chikungunya,2025,13,0.0137,-4.2785,baixo,positividade=0.0; tendencia_pos=0.0; risco=0.0,Manter rotina de vigilância laboratorial.,sklearn_gb_v1,sklearn_v1
CAMOCIM,dengue,2025,22,0.0137,-4.2785,baixo,positividade=0.0; tendencia_pos=0.0; risco=0.0,Manter rotina de vigilância laboratorial.,sklearn_gb_v1,sklearn_v1
CAMBORIU,zika,2024,33,0.0137,-4.2785,baixo,positividade=0.0; tendencia_pos=0.0; risco=0.0,Manter rotina de vigilância laboratorial.,sklearn_gb_v1,sklearn_v1
CAMBORIU,dengue,2025,25,0.0137,-4.2785,baixo,positividade=0.0; tendencia_pos=0.0; risco=0.0,Manter rotina de vigilância laboratorial.,sklearn_gb_v1,sklearn_v1
CAMBE,virus_respiratorios,2025,26,0.0137,-4.2785,baixo,positividade=0.0; tendencia_pos=0.0; risco=0.0,Manter rotina de vigilância laboratorial.,sklearn_gb_v1,sklearn_v1
SAO JOSE DOS BASILIOS,zika,2025,19,0.0137,-4.2785,baixo,positividade=0.0; tendencia_pos=0.0; risco=0.0,Manter rotina de vigilância laboratorial.,sklearn_gb_v1,sklearn_v1
SAO JOSE DO XINGU,virus_respiratorios,2024,48,0.0137,-4.2785,baixo,positividade=0.0; tendencia_pos=0.0; risco=0.1,Manter rotina de vigilância laboratorial.,sklearn_gb_v1,sklearn_v1
SAO JOSE DO XINGU,sars_cov_2,2026,9,0.0137,-4.2785,baixo,positividade=0.0; tendencia_pos=0.0; risco=0.1,Manter rotina de vigilância laboratorial.,sklearn_gb_v1,sklearn_v1
SAO JOSE DO XINGU,leptospira,2024,21,0.0137,-4.2785,baixo,positividade=0.0; tendencia_pos=0.0; risco=0.1,Manter rotina de vigilância laboratorial.,sklearn_gb_v1,sklearn_v1
SAO JOSE DO XINGU,influenza_b,2026,9,0.0137,-4.2785,baixo,positividade=0.0; tendencia_pos=0.0; risco=0.1,Manter rotina de vigilância laboratorial.,sklearn_gb_v1,sklearn_v1
SAO JOSE DO XINGU,influenza_a,2026,9,0.0137,-4.2785,baixo,positividade=0.0; tendencia_pos=0.0; risco=0.1,Manter rotina de vigilância laboratorial.,sklearn_gb_v1,sklearn_v1
SAO JOSE DO XINGU,hepatite_c_hcv,2024,52,0.0137,-4.2785,baixo,positividade=0.0; tendencia_pos=0.0; risco=0.1,Manter rotina de vigilância laboratorial.,sklearn_gb_v1,sklearn_v1
SAO JOSE DO XINGU,chagas_igg,2025,25,0.0137,-4.2785,baixo,positividade=0.0; tendencia_pos=0.0; risco=0.1,Manter rotina de vigilância laboratorial.,sklearn_gb_v1,sklearn_v1
CAMBE,influenza_a,2025,26,0.0137,-4.2785,baixo,positividade=0.0; tendencia_pos=0.0; risco=0.0,Manter rotina de vigilância laboratorial.,sklearn_gb_v1,sklearn_v1
CAIEIRAS,zika,2024,45,0.0137,-4.2785,baixo,positividade=0.0; tendencia_pos=0.0; risco=0.0,Manter rotina de vigilância laboratorial.,sklearn_gb_v1,sklearn_v1
CAIEIRAS,dengue,2024,45,0.0137,-4.2785,baixo,positividade=0.0; tendencia_pos=0.0; risco=0.0,Manter rotina de vigilância laboratorial.,sklearn_gb_v1,sklearn_v1
CAIEIRAS,chikungunya,2024,45,0.0137,-4.2785,baixo,positividade=0.0; tendencia_pos=0.0; risco=0.0,Manter rotina de vigilância laboratorial.,sklearn_gb_v1,sklearn_v1
CAIBI,dengue,2025,1,0.0137,-4.2785,baixo,positividade=0.0; tendencia_pos=0.0; risco=0.0,Manter rotina de vigilância laboratorial.,sklearn_gb_v1,sklearn_v1
CACOAL,zika,2025,28,0.0137,-4.2785,baixo,positividade=0.0; tendencia_pos=0.0; risco=0.0,Manter rotina de vigilância laboratorial.,sklearn_gb_v1,sklearn_v1
CACOAL,sars_cov_2,2024,47,0.0137,-4.2785,baixo,positividade=0.0; tendencia_pos=0.0; risco=0.0,Manter rotina de vigilância laboratorial.,sklearn_gb_v1,sklearn_v1
SAO JOSE DOS QUATRO MARCOS,meningite_bacteriana_biologia_molecular,2025,7,0.0137,-4.2785,baixo,positividade=0.0; tendencia_pos=0.0; risco=0.0,Manter rotina de vigilância laboratorial.,sklearn_gb_v1,sklearn_v1
SAO JOSE DOS QUATRO MARCOS,leptospira,2024,25,0.0137,-4.2785,baixo,positividade=0.0; tendencia_pos=0.0; risco=0.0,Manter rotina de vigilância laboratorial.,sklearn_gb_v1,sklearn_v1
SAO JOSE DOS QUATRO MARCOS,leishmaniose_visceral_humana_teste_rapido,2025,16,0.0137,-4.2785,baixo,positividade=0.0; tendencia_pos=0.0; risco=0.0,Manter rotina de vigilância laboratorial.,sklearn_gb_v1,sklearn_v1
SAO JOSE DOS QUATRO MARCOS,influenza_b,2025,26,0.0137,-4.2785,baixo,positividade=0.0; tendencia_pos=0.0; risco=0.0,Manter rotina de vigilância laboratorial.,sklearn_gb_v1,sklearn_v1
SAO JOSE DOS QUATRO MARCOS,influenza_a,2025,26,0.0137,-4.2785,baixo,positividade=0.0; tendencia_pos=0.0; risco=0.0,Manter rotina de vigilância laboratorial.,sklearn_gb_v1,sklearn_v1
SAO JOSE DOS QUATRO MARCOS,hepatite_c_hcv,2024,31,0.0137,-4.2785,baixo,positividade=0.0; tendencia_pos=0.0; risco=0.0,Manter rotina de vigilância laboratorial.,sklearn_gb_v1,sklearn_v1
SAO JOSE DOS QUATRO MARCOS,fungos_teste_de_sensibilidade,2025,26,0.0137,-4.2785,baixo,positividade=0.0; tendencia_pos=0.0; risco=0.0,Manter rotina de vigilância laboratorial.,sklearn_gb_v1,sklearn_v1
SAO JOSE DOS CAMPOS,dengue,2024,32,0.0137,-4.2785,baixo,positividade=0.0; tendencia_pos=0.0; risco=0.0,Manter rotina de vigilância laboratorial.,sklearn_gb_v1,sklearn_v1
CAMPINA GRANDE,dengue,2025,7,0.0137,-4.2785,baixo,positividade=0.0; tendencia_pos=0.0; risco=0.0,Manter rotina de vigilância laboratorial.,sklearn_gb_v1,sklearn_v1
SAO LUIS,rifampicina,2024,45,0.0137,-4.2785,baixo,positividade=0.0; tendencia_pos=0.0; risco=0.0,Manter rotina de vigilância laboratorial.,sklearn_gb_v1,sklearn_v1
SAO LUIS,influenza_b,2025,6,0.0137,-4.2785,baixo,positividade=0.0; tendencia_pos=0.0; risco=0.0,Manter rotina de vigilância laboratorial.,sklearn_gb_v1,sklearn_v1
SAO LUIS,influenza_a,2025,6,0.0137,-4.2785,baixo,positividade=0.0; tendencia_pos=0.0; risco=0.0,Manter rotina de vigilância laboratorial.,sklearn_gb_v1,sklearn_v1
SAO LUIS,hepatite_b_hbv,2024,25,0.0137,-4.2785,baixo,positividade=0.0; tendencia_pos=0.0; risco=0.0,Manter rotina de vigilância laboratorial.,sklearn_gb_v1,sklearn_v1
MATUPA,oropouche_biologia_molecular,2025,15,0.0137,-4.2785,baixo,positividade=0.0; tendencia_pos=0.0; risco=0.0,Manter rotina de vigilância laboratorial.,sklearn_gb_v1,sklearn_v1
SAO LUDGERO,zika,2025,22,0.0137,-4.2785,baixo,positividade=0.0; tendencia_pos=0.0; risco=0.0,Manter rotina de vigilância laboratorial.,sklearn_gb_v1,sklearn_v1
SAO LUDGERO,chikungunya,2025,22,0.0137,-4.2785,baixo,positividade=0.0; tendencia_pos=0.0; risco=0.0,Manter rotina de vigilância laboratorial.,sklearn_gb_v1,sklearn_v1
SAO LOURENCO DO OESTE,zika,2025,6,0.0137,-4.2785,baixo,positividade=0.0; tendencia_pos=0.0; risco=0.0,Manter rotina de vigilância laboratorial.,sklearn_gb_v1,sklearn_v1
SAO LOURENCO DO OESTE,dengue,2025,6,0.0137,-4.2785,baixo,positividade=0.0; tendencia_pos=0.0; risco=0.0,Manter rotina de vigilância laboratorial.,sklearn_gb_v1,sklearn_v1
SAO LOURENCO DO OESTE,chikungunya,2025,6,0.0137,-4.2785,baixo,positividade=0.0; tendencia_pos=0.0; risco=0.0,Manter rotina de vigilância laboratorial.,sklearn_gb_v1,sklearn_v1
SAO JOSE DOS QUATRO MARCOS,virus_respiratorios,2025,26,0.0137,-4.2785,baixo,positividade=0.0; tendencia_pos=0.0; risco=0.0,Manter rotina de vigilância laboratorial.,sklearn_gb_v1,sklearn_v1
SAO JOSE DOS QUATRO MARCOS,tuberculose_lf_lam,2024,44,0.0137,-4.2785,baixo,positividade=0.0; tendencia_pos=0.0; risco=0.0,Manter rotina de vigilância laboratorial.,sklearn_gb_v1,sklearn_v1
SAO JOSE DOS QUATRO MARCOS,tuberculose,2025,28,0.0137,-4.2785,baixo,positividade=0.0; tendencia_pos=0.0; risco=0.0,Manter rotina de vigilância laboratorial.,sklearn_gb_v1,sklearn_v1
SAO JOSE DOS QUATRO MARCOS,toxoplasmose_igm,2025,21,0.0137,-4.2785,baixo,positividade=0.0; tendencia_pos=0.0; risco=0.0,Manter rotina de vigilância laboratorial.,sklearn_gb_v1,sklearn_v1
CAMBE,influenza_b,2025,26,0.0137,-4.2785,baixo,positividade=0.0; tendencia_pos=0.0; risco=0.0,Manter rotina de vigilância laboratorial.,sklearn_gb_v1,sklearn_v1
MATUPA,mayaro_biologia_molecular,2025,15,0.0137,-4.2785,baixo,positividade=0.0; tendencia_pos=0.0; risco=0.0,Manter rotina de vigilância laboratorial.,sklearn_gb_v1,sklearn_v1
CACERES,oropouche_biologia_molecular,2026,14,0.0137,-4.2785,baixo,positividade=0.0; tendencia_pos=0.0; risco=0.01,Manter rotina de vigilância laboratorial.,sklearn_gb_v1,sklearn_v1
CACERES,neisseria_gonorrhoeae,2025,31,0.0137,-4.2785,baixo,positividade=0.0; tendencia_pos=0.0; risco=0.01,Manter rotina de vigilância laboratorial.,sklearn_gb_v1,sklearn_v1
CACERES,mayaro_biologia_molecular,2026,14,0.0137,-4.2785,baixo,positividade=0.0; tendencia_pos=0.0; risco=0.01,Manter rotina de vigilância laboratorial.,sklearn_gb_v1,sklearn_v1
CACOAL,influenza_b,2024,47,0.0137,-4.2785,baixo,positividade=0.0; tendencia_pos=0.0; risco=0.0,Manter rotina de vigilância laboratorial.,sklearn_gb_v1,sklearn_v1
CACOAL,influenza_a,2024,47,0.0137,-4.2785,baixo,positividade=0.0; tendencia_pos=0.0; risco=0.0,Manter rotina de vigilância laboratorial.,sklearn_gb_v1,sklearn_v1
CACHOEIRA DO SUL,zika,2024,23,0.0137,-4.2785,baixo,positividade=0.0; tendencia_pos=0.0; risco=0.0,Manter rotina de vigilância laboratorial.,sklearn_gb_v1,sklearn_v1
CACHOEIRA DO SUL,dengue,2024,23,0.0137,-4.2785,baixo,positividade=0.0; tendencia_pos=0.0; risco=0.0,Manter rotina de vigilância laboratorial.,sklearn_gb_v1,sklearn_v1
CACHOEIRA DO ARARI,zika,2024,23,0.0137,-4.2785,baixo,positividade=0.0; tendencia_pos=0.0; risco=0.0,Manter rotina de vigilância laboratorial.,sklearn_gb_v1,sklearn_v1
CACHOEIRA DO ARARI,chikungunya,2024,23,0.0137,-4.2785,baixo,positividade=0.0; tendencia_pos=0.0; risco=0.0,Manter rotina de vigilância laboratorial.,sklearn_gb_v1,sklearn_v1
SAO LUIS GONZAGA DO MARANHAO,zika,2025,22,0.0137,-4.2785,baixo,positividade=0.0; tendencia_pos=0.0; risco=0.0,Manter rotina de vigilância laboratorial.,sklearn_gb_v1,sklearn_v1
SAO LUIS GONZAGA DO MARANHAO,dengue,2025,22,0.0137,-4.2785,baixo,positividade=0.0; tendencia_pos=0.0; risco=0.0,Manter rotina de vigilância laboratorial.,sklearn_gb_v1,sklearn_v1
SAO LUIS DO QUITUNDE,zika,2025,17,0.0137,-4.2785,baixo,positividade=0.0; tendencia_pos=0.0; risco=0.0,Manter rotina de vigilância laboratorial.,sklearn_gb_v1,sklearn_v1
SAO LUIS DO QUITUNDE,tuberculose_lf_lam,2024,36,0.0137,-4.2785,baixo,positividade=0.0; tendencia_pos=0.0; risco=0.0,Manter rotina de vigilância laboratorial.,sklearn_gb_v1,sklearn_v1
SAO LUIS DO QUITUNDE,dengue,2025,24,0.0137,-4.2785,baixo,positividade=0.0; tendencia_pos=0.0; risco=0.0,Manter rotina de vigilância laboratorial.,sklearn_gb_v1,sklearn_v1
SAO LUIS,sars_cov_2,2025,6,0.0137,-4.2785,baixo,positividade=0.0; tendencia_pos=0.0; risco=0.0,Manter rotina de vigilância laboratorial.,sklearn_gb_v1,sklearn_v1
MARCELANDIA,oropouche_biologia_molecular,2024,21,0.0137,-4.2785,baixo,positividade=0.0; tendencia_pos=0.0; risco=0.01,Manter rotina de vigilância laboratorial.,sklearn_gb_v1,sklearn_v1
CACERES,leishmaniose_visceral_humana_teste_rapido,2025,31,0.0137,-4.2785,baixo,positividade=0.0; tendencia_pos=0.0; risco=0.01,Manter rotina de vigilância laboratorial.,sklearn_gb_v1,sklearn_v1
CACERES,htlv_i_ii_virus_linfotropico_humano_tipo_i_e_ii,2024,46,0.0137,-4.2785,baixo,positividade=0.0; tendencia_pos=0.0; risco=0.01,Manter rotina de vigilância laboratorial.,sklearn_gb_v1,sklearn_v1
CACERES,fungos_teste_de_sensibilidade,2025,23,0.0137,-4.2785,baixo,positividade=0.0; tendencia_pos=0.0; risco=0.01,Manter rotina de vigilância laboratorial.,sklearn_gb_v1,sklearn_v1
CACERES,febre_amarela_biologia_molecular,2026,14,0.0137,-4.2785,baixo,positividade=0.0; tendencia_pos=0.0; risco=0.01,Manter rotina de vigilância laboratorial.,sklearn_gb_v1,sklearn_v1
CACERES,citomegalovirus_igm,2024,48,0.0137,-4.2785,baixo,positividade=0.0; tendencia_pos=0.0; risco=0.01,Manter rotina de vigilância laboratorial.,sklearn_gb_v1,sklearn_v1
SAO PAULO,virus_respiratorios,2024,28,0.0137,-4.2785,baixo,positividade=0.0; tendencia_pos=0.0; risco=0.0,Manter rotina de vigilância laboratorial.,sklearn_gb_v1,sklearn_v1
SAO PAULO,tuberculose_cultura,2025,16,0.0137,-4.2785,baixo,positividade=0.0; tendencia_pos=0.0; risco=0.0,Manter rotina de vigilância laboratorial.,sklearn_gb_v1,sklearn_v1
MARCELANDIA,mayaro_biologia_molecular,2024,21,0.0137,-4.2785,baixo,positividade=0.0; tendencia_pos=0.0; risco=0.01,Manter rotina de vigilância laboratorial.,sklearn_gb_v1,sklearn_v1
SAO PAULO,influenza_b,2024,34,0.0137,-4.2785,baixo,positividade=0.0; tendencia_pos=0.0; risco=0.0,Manter rotina de vigilância laboratorial.,sklearn_gb_v1,sklearn_v1
SAO PAULO,influenza_a,2024,34,0.0137,-4.2785,baixo,positividade=0.0; tendencia_pos=0.0; risco=0.0,Manter rotina de vigilância laboratorial.,sklearn_gb_v1,sklearn_v1
SAO MIGUEL DOS CAMPOS,zika,2025,17,0.0137,-4.2785,baixo,positividade=0.0; tendencia_pos=0.0; risco=0.0,Manter rotina de vigilância laboratorial.,sklearn_gb_v1,sklearn_v1
SAO MIGUEL DOS CAMPOS,chikungunya,2025,17,0.0137,-4.2785,baixo,positividade=0.0; tendencia_pos=0.0; risco=0.0,Manter rotina de vigilância laboratorial.,sklearn_gb_v1,sklearn_v1
SAO MIGUEL DO OESTE,virus_respiratorios,2024,25,0.0137,-4.2785,baixo,positividade=0.0; tendencia_pos=0.0; risco=0.0,Manter rotina de vigilância laboratorial.,sklearn_gb_v1,sklearn_v1
SAO MIGUEL DO OESTE,influenza_b,2024,25,0.0137,-4.2785,baixo,positividade=0.0; tendencia_pos=0.0; risco=0.0,Manter rotina de vigilância laboratorial.,sklearn_gb_v1,sklearn_v1
SAO MIGUEL DO OESTE,influenza_a,2024,25,0.0137,-4.2785,baixo,positividade=0.0; tendencia_pos=0.0; risco=0.0,Manter rotina de vigilância laboratorial.,sklearn_gb_v1,sklearn_v1
BURITICUPU,zika,2025,23,0.0137,-4.2785,baixo,positividade=0.0; tendencia_pos=0.0; risco=0.0,Manter rotina de vigilância laboratorial.,sklearn_gb_v1,sklearn_v1
BURITICUPU,dengue,2025,23,0.0137,-4.2785,baixo,positividade=0.0; tendencia_pos=0.0; risco=0.0,Manter rotina de vigilância laboratorial.,sklearn_gb_v1,sklearn_v1
BURITI,zika,2025,14,0.0137,-4.2785,baixo,positividade=0.0; tendencia_pos=0.0; risco=0.0,Manter rotina de vigilância laboratorial.,sklearn_gb_v1,sklearn_v1
CACERES,chagas_igg,2025,32,0.0137,-4.2785,baixo,positividade=0.0; tendencia_pos=0.0; risco=0.01,Manter rotina de vigilância laboratorial.,sklearn_gb_v1,sklearn_v1
CACERES,chagas,2025,32,0.0137,-4.2785,baixo,positividade=0.0; tendencia_pos=0.0; risco=0.01,Manter rotina de vigilância laboratorial.,sklearn_gb_v1,sklearn_v1
CABROBO,dengue,2024,21,0.0137,-4.2785,baixo,positividade=0.0; tendencia_pos=0.0; risco=0.0,Manter rotina de vigilância laboratorial.,sklearn_gb_v1,sklearn_v1
CABREUVA,tuberculose_cultura,2025,20,0.0137,-4.2785,baixo,positividade=0.0; tendencia_pos=0.0; risco=0.0,Manter rotina de vigilância laboratorial.,sklearn_gb_v1,sklearn_v1
CABIXI,virus_respiratorios,2025,29,0.0137,-4.2785,baixo,positividade=0.0; tendencia_pos=0.0; risco=0.0,Manter rotina de vigilância laboratorial.,sklearn_gb_v1,sklearn_v1
CABIXI,influenza_b,2025,29,0.0137,-4.2785,baixo,positividade=0.0; tendencia_pos=0.0; risco=0.0,Manter rotina de vigilância laboratorial.,sklearn_gb_v1,sklearn_v1
CABIXI,influenza_a,2025,29,0.0137,-4.2785,baixo,positividade=0.0; tendencia_pos=0.0; risco=0.0,Manter rotina de vigilância laboratorial.,sklearn_gb_v1,sklearn_v1
SAO VICENTE,dengue,2025,1,0.0137,-4.2785,baixo,positividade=0.0; tendencia_pos=0.0; risco=0.0,Manter rotina de vigilância laboratorial.,sklearn_gb_v1,sklearn_v1
SAO ROBERTO,zika,2025,19,0.0137,-4.2785,baixo,positividade=0.0; tendencia_pos=0.0; risco=0.0,Manter rotina de vigilância laboratorial.,sklearn_gb_v1,sklearn_v1
SAO ROBERTO,dengue,2025,19,0.0137,-4.2785,baixo,positividade=0.0; tendencia_pos=0.0; risco=0.0,Manter rotina de vigilância laboratorial.,sklearn_gb_v1,sklearn_v1
SAO PEDRO DA CIPA,hepatite_c_hcv,2025,27,0.0137,-4.2785,baixo,positividade=0.0; tendencia_pos=0.0; risco=0.03,Manter rotina de vigilância laboratorial.,sklearn_gb_v1,sklearn_v1
SAO PEDRO,zika,2025,14,0.0137,-4.2785,baixo,positividade=0.0; tendencia_pos=0.0; risco=0.0,Manter rotina de vigilância laboratorial.,sklearn_gb_v1,sklearn_v1
SAO PEDRO,chikungunya,2025,14,0.0137,-4.2785,baixo,positividade=0.0; tendencia_pos=0.0; risco=0.0,Manter rotina de vigilância laboratorial.,sklearn_gb_v1,sklearn_v1
BRASNORTE,influenza_b,2026,19,0.0137,-4.2785,baixo,positividade=0.0; tendencia_pos=0.0; risco=0.0,Manter rotina de vigilância laboratorial.,sklearn_gb_v1,sklearn_v1
BRASNORTE,influenza_a,2026,19,0.0137,-4.2785,baixo,positividade=0.0; tendencia_pos=0.0; risco=0.0,Manter rotina de vigilância laboratorial.,sklearn_gb_v1,sklearn_v1
BRASNORTE,hepatite_c_hcv,2025,30,0.0137,-4.2785,baixo,positividade=0.0; tendencia_pos=0.0; risco=0.0,Manter rotina de vigilância laboratorial.,sklearn_gb_v1,sklearn_v1
BRASNORTE,hanseniase_biologia_molecular,2025,32,0.0137,-4.2785,baixo,positividade=0.0; tendencia_pos=0.0; risco=0.0,Manter rotina de vigilância laboratorial.,sklearn_gb_v1,sklearn_v1
BRASNORTE,cultura_para_fungos,2024,27,0.0137,-4.2785,baixo,positividade=0.0; tendencia_pos=0.0; risco=0.0,Manter rotina de vigilância laboratorial.,sklearn_gb_v1,sklearn_v1
SAPEZAL,rifampicina,2025,8,0.0137,-4.2785,baixo,positividade=0.0; tendencia_pos=0.0; risco=0.0,Manter rotina de vigilância laboratorial.,sklearn_gb_v1,sklearn_v1
SAPEZAL,leptospira,2024,48,0.0137,-4.2785,baixo,positividade=0.0; tendencia_pos=0.0; risco=0.0,Manter rotina de vigilância laboratorial.,sklearn_gb_v1,sklearn_v1
SAPEZAL,htlv_i_ii_virus_linfotropico_humano_tipo_i_e_ii,2024,24,0.0137,-4.2785,baixo,positividade=0.0; tendencia_pos=0.0; risco=0.0,Manter rotina de vigilância laboratorial.,sklearn_gb_v1,sklearn_v1
SAPEZAL,criptococos_teste_rapido,2026,20,0.0137,-4.2785,baixo,positividade=0.0; tendencia_pos=0.0; risco=0.0,Manter rotina de vigilância laboratorial.,sklearn_gb_v1,sklearn_v1
BREU BRANCO,zika,2025,23,0.0137,-4.2785,baixo,positividade=0.0; tendencia_pos=0.0; risco=0.0,Manter rotina de vigilância laboratorial.,sklearn_gb_v1,sklearn_v1
BREU BRANCO,virus_respiratorios,2025,14,0.0137,-4.2785,baixo,positividade=0.0; tendencia_pos=0.0; risco=0.0,Manter rotina de vigilância laboratorial.,sklearn_gb_v1,sklearn_v1
BREU BRANCO,dengue,2025,23,0.0137,-4.2785,baixo,positividade=0.0; tendencia_pos=0.0; risco=0.0,Manter rotina de vigilância laboratorial.,sklearn_gb_v1,sklearn_v1
BRASNORTE,virus_respiratorios,2026,19,0.0137,-4.2785,baixo,positividade=0.0; tendencia_pos=0.0; risco=0.0,Manter rotina de vigilância laboratorial.,sklearn_gb_v1,sklearn_v1
BRASNORTE,sarampo_igm,2024,44,0.0137,-4.2785,baixo,positividade=0.0; tendencia_pos=0.0; risco=0.0,Manter rotina de vigilância laboratorial.,sklearn_gb_v1,sklearn_v1
BURITIS,tuberculose_cultura,2024,21,0.0137,-4.2785,baixo,positividade=0.0; tendencia_pos=0.0; risco=0.0,Manter rotina de vigilância laboratorial.,sklearn_gb_v1,sklearn_v1
BURITIS,dengue,2025,8,0.0137,-4.2785,baixo,positividade=0.0; tendencia_pos=0.0; risco=0.0,Manter rotina de vigilância laboratorial.,sklearn_gb_v1,sklearn_v1
BRASILIA,influenza_a,2025,33,0.0137,-4.2785,baixo,positividade=0.0; tendencia_pos=0.0; risco=0.0,Manter rotina de vigilância laboratorial.,sklearn_gb_v1,sklearn_v1
BRASILIA,chagas,2024,25,0.0137,-4.2785,baixo,positividade=0.0; tendencia_pos=0.0; risco=0.0,Manter rotina de vigilância laboratorial.,sklearn_gb_v1,sklearn_v1
BRANQUINHA,zika,2025,20,0.0137,-4.2785,baixo,positividade=0.0; tendencia_pos=0.0; risco=0.0,Manter rotina de vigilância laboratorial.,sklearn_gb_v1,sklearn_v1
BRANQUINHA,sars_cov_2,2025,20,0.0137,-4.2785,baixo,positividade=0.0; tendencia_pos=0.0; risco=0.0,Manter rotina de vigilância laboratorial.,sklearn_gb_v1,sklearn_v1
BRANQUINHA,influenza_b,2025,20,0.0137,-4.2785,baixo,positividade=0.0; tendencia_pos=0.0; risco=0.0,Manter rotina de vigilância laboratorial.,sklearn_gb_v1,sklearn_v1
BRANQUINHA,influenza_a,2025,20,0.0137,-4.2785,baixo,positividade=0.0; tendencia_pos=0.0; risco=0.0,Manter rotina de vigilância laboratorial.,sklearn_gb_v1,sklearn_v1
SAUDADES,zika,2025,25,0.0137,-4.2785,baixo,positividade=0.0; tendencia_pos=0.0; risco=0.0,Manter rotina de vigilância laboratorial.,sklearn_gb_v1,sklearn_v1
SAUDADES,dengue,2025,25,0.0137,-4.2785,baixo,positividade=0.0; tendencia_pos=0.0; risco=0.0,Manter rotina de vigilância laboratorial.,sklearn_gb_v1,sklearn_v1
SARANDI,zika,2025,6,0.0137,-4.2785,baixo,positividade=0.0; tendencia_pos=0.0; risco=0.0,Manter rotina de vigilância laboratorial.,sklearn_gb_v1,sklearn_v1
SARANDI,dengue,2025,6,0.0137,-4.2785,baixo,positividade=0.0; tendencia_pos=0.0; risco=0.0,Manter rotina de vigilância laboratorial.,sklearn_gb_v1,sklearn_v1
SAPEZAL,virus_respiratorios,2024,37,0.0137,-4.2785,baixo,positividade=0.0; tendencia_pos=0.0; risco=0.0,Manter rotina de vigilância laboratorial.,sklearn_gb_v1,sklearn_v1
SAPEZAL,tuberculose,2025,7,0.0137,-4.2785,baixo,positividade=0.0; tendencia_pos=0.0; risco=0.0,Manter rotina de vigilância laboratorial.,sklearn_gb_v1,sklearn_v1
SAPEZAL,toxoplasmose_igm,2025,32,0.0137,-4.2785,baixo,positividade=0.0; tendencia_pos=0.0; risco=0.0,Manter rotina de vigilância laboratorial.,sklearn_gb_v1,sklearn_v1
BRASNORTE,rifampicina,2024,34,0.0137,-4.2785,baixo,positividade=0.0; tendencia_pos=0.0; risco=0.0,Manter rotina de vigilância laboratorial.,sklearn_gb_v1,sklearn_v1
BRASNORTE,leptospira,2024,38,0.0137,-4.2785,baixo,positividade=0.0; tendencia_pos=0.0; risco=0.0,Manter rotina de vigilância laboratorial.,sklearn_gb_v1,sklearn_v1
BRASNORTE,leishmaniose_visceral_humana_teste_rapido,2025,12,0.0137,-4.2785,baixo,positividade=0.0; tendencia_pos=0.0; risco=0.0,Manter rotina de vigilância laboratorial.,sklearn_gb_v1,sklearn_v1
SERTANIA,zika,2025,20,0.0137,-4.2785,baixo,positividade=0.0; tendencia_pos=0.0; risco=0.0,Manter rotina de vigilância laboratorial.,sklearn_gb_v1,sklearn_v1
SERTANIA,dengue,2025,20,0.0137,-4.2785,baixo,positividade=0.0; tendencia_pos=0.0; risco=0.0,Manter rotina de vigilância laboratorial.,sklearn_gb_v1,sklearn_v1
SERRA NOVA DOURADA,hepatite_c_hcv,2024,27,0.0137,-4.2785,baixo,positividade=0.0; tendencia_pos=0.0; risco=0.08,Manter rotina de vigilância laboratorial.,sklearn_gb_v1,sklearn_v1
SERRA NOVA DOURADA,dengue,2025,7,0.0137,-4.2785,baixo,positividade=0.0; tendencia_pos=0.0; risco=0.08,Manter rotina de vigilância laboratorial.,sklearn_gb_v1,sklearn_v1
SERRA,zika,2025,29,0.0137,-4.2785,baixo,positividade=0.0; tendencia_pos=0.0; risco=0.0,Manter rotina de vigilância laboratorial.,sklearn_gb_v1,sklearn_v1
SERINGUEIRAS,zika,2025,5,0.0137,-4.2785,baixo,positividade=0.0; tendencia_pos=0.0; risco=0.0,Manter rotina de vigilância laboratorial.,sklearn_gb_v1,sklearn_v1
SERINGUEIRAS,dengue,2025,5,0.0137,-4.2785,baixo,positividade=0.0; tendencia_pos=0.0; risco=0.0,Manter rotina de vigilância laboratorial.,sklearn_gb_v1,sklearn_v1
SENADOR LA ROCQUE,dengue,2024,29,0.0137,-4.2785,baixo,positividade=0.0; tendencia_pos=0.0; risco=0.0,Manter rotina de vigilância laboratorial.,sklearn_gb_v1,sklearn_v1
SENADOR ALEXANDRE COSTA,zika,2025,23,0.0137,-4.2785,baixo,positividade=0.0; tendencia_pos=0.0; risco=0.0,Manter rotina de vigilância laboratorial.,sklearn_gb_v1,sklearn_v1
SENADOR ALEXANDRE COSTA,chikungunya,2025,23,0.0137,-4.2785,baixo,positividade=0.0; tendencia_pos=0.0; risco=0.0,Manter rotina de vigilância laboratorial.,sklearn_gb_v1,sklearn_v1
SENA MADUREIRA,rifampicina,2024,39,0.0137,-4.2785,baixo,positividade=0.0; tendencia_pos=0.0; risco=0.0,Manter rotina de vigilância laboratorial.,sklearn_gb_v1,sklearn_v1
SENA MADUREIRA,dengue,2024,22,0.0137,-4.2785,baixo,positividade=0.0; tendencia_pos=0.0; risco=0.0,Manter rotina de vigilância laboratorial.,sklearn_gb_v1,sklearn_v1
BRASILIA,virus_respiratorios,2025,33,0.0137,-4.2785,baixo,positividade=0.0; tendencia_pos=0.0; risco=0.0,Manter rotina de vigilância laboratorial.,sklearn_gb_v1,sklearn_v1
BRASILIA,sars_cov_2,2024,33,0.0137,-4.2785,baixo,positividade=0.0; tendencia_pos=0.0; risco=0.0,Manter rotina de vigilância laboratorial.,sklearn_gb_v1,sklearn_v1
BRASILIA,leptospira,2025,19,0.0137,-4.2785,baixo,positividade=0.0; tendencia_pos=0.0; risco=0.0,Manter rotina de vigilância laboratorial.,sklearn_gb_v1,sklearn_v1
BRASILIA,influenza_b,2025,33,0.0137,-4.2785,baixo,positividade=0.0; tendencia_pos=0.0; risco=0.0,Manter rotina de vigilância laboratorial.,sklearn_gb_v1,sklearn_v1
MATAO,zika,2025,21,0.0137,-4.2785,baixo,positividade=0.0; tendencia_pos=0.0; risco=0.0,Manter rotina de vigilância laboratorial.,sklearn_gb_v1,sklearn_v1
SIMOES FILHO,dengue,2024,21,0.0137,-4.2785,baixo,positividade=0.0; tendencia_pos=0.0; risco=0.0,Manter rotina de vigilância laboratorial.,sklearn_gb_v1,sklearn_v1
SIDROLANDIA,zika,2025,15,0.0137,-4.2785,baixo,positividade=0.0; tendencia_pos=0.0; risco=0.0,Manter rotina de vigilância laboratorial.,sklearn_gb_v1,sklearn_v1
SIDROLANDIA,dengue,2025,15,0.0137,-4.2785,baixo,positividade=0.0; tendencia_pos=0.0; risco=0.0,Manter rotina de vigilância laboratorial.,sklearn_gb_v1,sklearn_v1
BRANQUINHA,dengue,2025,20,0.0137,-4.2785,baixo,positividade=0.0; tendencia_pos=0.0; risco=0.0,Manter rotina de vigilância laboratorial.,sklearn_gb_v1,sklearn_v1
BRAGANCA,zika,2025,15,0.0137,-4.2785,baixo,positividade=0.0; tendencia_pos=0.0; risco=0.0,Manter rotina de vigilância laboratorial.,sklearn_gb_v1,sklearn_v1
BRAGANCA,virus_respiratorios,2025,33,0.0137,-4.2785,baixo,positividade=0.0; tendencia_pos=0.0; risco=0.0,Manter rotina de vigilância laboratorial.,sklearn_gb_v1,sklearn_v1
BRAGANCA,influenza_b,2025,33,0.0137,-4.2785,baixo,positividade=0.0; tendencia_pos=0.0; risco=0.0,Manter rotina de vigilância laboratorial.,sklearn_gb_v1,sklearn_v1
BRAGANCA,influenza_a,2025,33,0.0137,-4.2785,baixo,positividade=0.0; tendencia_pos=0.0; risco=0.0,Manter rotina de vigilância laboratorial.,sklearn_gb_v1,sklearn_v1
BRAGANCA,chikungunya,2025,15,0.0137,-4.2785,baixo,positividade=0.0; tendencia_pos=0.0; risco=0.0,Manter rotina de vigilância laboratorial.,sklearn_gb_v1,sklearn_v1
BONITO,hepatite_c_hcv,2025,13,0.0137,-4.2785,baixo,positividade=0.0; tendencia_pos=0.0; risco=0.0,Manter rotina de vigilância laboratorial.,sklearn_gb_v1,sklearn_v1
BOMBINHAS,zika,2024,24,0.0137,-4.2785,baixo,positividade=0.0; tendencia_pos=0.0; risco=0.0,Manter rotina de vigilância laboratorial.,sklearn_gb_v1,sklearn_v1
BOMBINHAS,dengue,2024,24,0.0137,-4.2785,baixo,positividade=0.0; tendencia_pos=0.0; risco=0.0,Manter rotina de vigilância laboratorial.,sklearn_gb_v1,sklearn_v1
SETE QUEDAS,dengue,2025,3,0.0137,-4.2785,baixo,positividade=0.0; tendencia_pos=0.0; risco=0.0,Manter rotina de vigilância laboratorial.,sklearn_gb_v1,sklearn_v1
SERTAOZINHO,zika,2024,23,0.0137,-4.2785,baixo,positividade=0.0; tendencia_pos=0.0; risco=0.0,Manter rotina de vigilância laboratorial.,sklearn_gb_v1,sklearn_v1
SERTAOZINHO,chikungunya,2024,23,0.0137,-4.2785,baixo,positividade=0.0; tendencia_pos=0.0; risco=0.0,Manter rotina de vigilância laboratorial.,sklearn_gb_v1,sklearn_v1
BOA VISTA DO CADEADO,chikungunya,2025,18,0.0137,-4.2785,baixo,positividade=0.0; tendencia_pos=0.0; risco=0.0,Manter rotina de vigilância laboratorial.,sklearn_gb_v1,sklearn_v1
BOA VISTA,tuberculose_lf_lam,2025,51,0.0137,-4.2785,baixo,positividade=0.0; tendencia_pos=0.0; risco=0.0,Manter rotina de vigilância laboratorial.,sklearn_gb_v1,sklearn_v1
BOA VISTA,leptospira,2025,15,0.0137,-4.2785,baixo,positividade=0.0; tendencia_pos=0.0; risco=0.0,Manter rotina de vigilância laboratorial.,sklearn_gb_v1,sklearn_v1
BOM LUGAR,zika,2025,21,0.0137,-4.2785,baixo,positividade=0.0; tendencia_pos=0.0; risco=0.0,Manter rotina de vigilância laboratorial.,sklearn_gb_v1,sklearn_v1
BOM JESUS DO TOCANTINS,zika,2024,28,0.0137,-4.2785,baixo,positividade=0.0; tendencia_pos=0.0; risco=0.0,Manter rotina de vigilância laboratorial.,sklearn_gb_v1,sklearn_v1
BOM JESUS DO TOCANTINS,dengue,2024,28,0.0137,-4.2785,baixo,positividade=0.0; tendencia_pos=0.0; risco=0.0,Manter rotina de vigilância laboratorial.,sklearn_gb_v1,sklearn_v1
BOM JESUS DO ARAGUAIA,influenza_b,2024,38,0.0137,-4.2785,baixo,positividade=0.0; tendencia_pos=0.0; risco=0.12,Manter rotina de vigilância laboratorial.,sklearn_gb_v1,sklearn_v1
BOM JESUS DO ARAGUAIA,influenza_a,2024,38,0.0137,-4.2785,baixo,positividade=0.0; tendencia_pos=0.0; risco=0.12,Manter rotina de vigilância laboratorial.,sklearn_gb_v1,sklearn_v1
BOM JESUS DO ARAGUAIA,hepatite_c_hcv,2024,38,0.0137,-4.2785,baixo,positividade=0.0; tendencia_pos=0.0; risco=0.12,Manter rotina de vigilância laboratorial.,sklearn_gb_v1,sklearn_v1
BOM JESUS DO ARAGUAIA,brucelose_igm,2024,24,0.0137,-4.2785,baixo,positividade=0.0; tendencia_pos=0.0; risco=0.12,Manter rotina de vigilância laboratorial.,sklearn_gb_v1,sklearn_v1
BOM JESUS DO ARAGUAIA,brucelose,2024,24,0.0137,-4.2785,baixo,positividade=0.0; tendencia_pos=0.0; risco=0.12,Manter rotina de vigilância laboratorial.,sklearn_gb_v1,sklearn_v1
BOM JESUS DAS SELVAS,zika,2025,25,0.0137,-4.2785,baixo,positividade=0.0; tendencia_pos=0.0; risco=0.0,Manter rotina de vigilância laboratorial.,sklearn_gb_v1,sklearn_v1
MATAO,dengue,2025,21,0.0137,-4.2785,baixo,positividade=0.0; tendencia_pos=0.0; risco=0.0,Manter rotina de vigilância laboratorial.,sklearn_gb_v1,sklearn_v1
MARINGA,sars_cov_2,2025,27,0.0137,-4.2785,baixo,positividade=0.0; tendencia_pos=0.0; risco=0.0,Manter rotina de vigilância laboratorial.,sklearn_gb_v1,sklearn_v1
MARINGA,influenza_b,2025,27,0.0137,-4.2785,baixo,positividade=0.0; tendencia_pos=0.0; risco=0.0,Manter rotina de vigilância laboratorial.,sklearn_gb_v1,sklearn_v1
MARINGA,influenza_a,2025,27,0.0137,-4.2785,baixo,positividade=0.0; tendencia_pos=0.0; risco=0.0,Manter rotina de vigilância laboratorial.,sklearn_gb_v1,sklearn_v1
MARINGA,hepatite_b_hbv,2024,25,0.0137,-4.2785,baixo,positividade=0.0; tendencia_pos=0.0; risco=0.0,Manter rotina de vigilância laboratorial.,sklearn_gb_v1,sklearn_v1
BOA VISTA,febre_amarela_biologia_molecular,2025,15,0.0137,-4.2785,baixo,positividade=0.0; tendencia_pos=0.0; risco=0.0,Manter rotina de vigilância laboratorial.,sklearn_gb_v1,sklearn_v1
BERNARDO DO MEARIM,zika,2025,5,0.0137,-4.2785,baixo,positividade=0.0; tendencia_pos=0.0; risco=0.0,Manter rotina de vigilância laboratorial.,sklearn_gb_v1,sklearn_v1
BERNARDO DO MEARIM,dengue,2025,5,0.0137,-4.2785,baixo,positividade=0.0; tendencia_pos=0.0; risco=0.0,Manter rotina de vigilância laboratorial.,sklearn_gb_v1,sklearn_v1
BELO ORIENTE,zika,2025,6,0.0137,-4.2785,baixo,positividade=0.0; tendencia_pos=0.0; risco=0.0,Manter rotina de vigilância laboratorial.,sklearn_gb_v1,sklearn_v1
BELO ORIENTE,dengue,2025,6,0.0137,-4.2785,baixo,positividade=0.0; tendencia_pos=0.0; risco=0.0,Manter rotina de vigilância laboratorial.,sklearn_gb_v1,sklearn_v1
BELO HORIZONTE,zika,2025,8,0.0137,-4.2785,baixo,positividade=0.0; tendencia_pos=0.0; risco=0.0,Manter rotina de vigilância laboratorial.,sklearn_gb_v1,sklearn_v1
MIRASSOL D''OESTE,brucelose_igm,2025,2,0.0137,-4.2785,baixo,positividade=0.0; tendencia_pos=0.0; risco=0.0,Manter rotina de vigilância laboratorial.,sklearn_gb_v1,sklearn_v1
MIRASSOL,dengue,2024,27,0.0137,-4.2785,baixo,positividade=0.0; tendencia_pos=0.0; risco=0.0,Manter rotina de vigilância laboratorial.,sklearn_gb_v1,sklearn_v1
MINISTRO ANDREAZZA,zika,2025,11,0.0137,-4.2785,baixo,positividade=0.0; tendencia_pos=0.0; risco=0.0,Manter rotina de vigilância laboratorial.,sklearn_gb_v1,sklearn_v1
MINISTRO ANDREAZZA,dengue,2025,11,0.0137,-4.2785,baixo,positividade=0.0; tendencia_pos=0.0; risco=0.0,Manter rotina de vigilância laboratorial.,sklearn_gb_v1,sklearn_v1
MATUPA,cultura_para_fungos,2025,20,0.0137,-4.2785,baixo,positividade=0.0; tendencia_pos=0.0; risco=0.0,Manter rotina de vigilância laboratorial.,sklearn_gb_v1,sklearn_v1
MATUPA,chagas_igg,2025,31,0.0137,-4.2785,baixo,positividade=0.0; tendencia_pos=0.0; risco=0.0,Manter rotina de vigilância laboratorial.,sklearn_gb_v1,sklearn_v1
BOM JARDIM,zika,2025,25,0.0137,-4.2785,baixo,positividade=0.0; tendencia_pos=0.0; risco=0.0,Manter rotina de vigilância laboratorial.,sklearn_gb_v1,sklearn_v1
BOA VISTA DO GURUPI,zika,2024,21,0.0137,-4.2785,baixo,positividade=0.0; tendencia_pos=0.0; risco=0.0,Manter rotina de vigilância laboratorial.,sklearn_gb_v1,sklearn_v1
BOA VISTA DO CADEADO,zika,2025,18,0.0137,-4.2785,baixo,positividade=0.0; tendencia_pos=0.0; risco=0.0,Manter rotina de vigilância laboratorial.,sklearn_gb_v1,sklearn_v1
SITIO DO MATO,chikungunya,2025,5,0.0137,-4.2785,baixo,positividade=0.0; tendencia_pos=0.0; risco=0.0,Manter rotina de vigilância laboratorial.,sklearn_gb_v1,sklearn_v1
BELO HORIZONTE,dengue,2024,43,0.0137,-4.2785,baixo,positividade=0.0; tendencia_pos=0.0; risco=0.0,Manter rotina de vigilância laboratorial.,sklearn_gb_v1,sklearn_v1
BELEM,tuberculose_cultura,2025,28,0.0137,-4.2785,baixo,positividade=0.0; tendencia_pos=0.0; risco=0.0,Manter rotina de vigilância laboratorial.,sklearn_gb_v1,sklearn_v1
BELEM,rifampicina,2025,28,0.0137,-4.2785,baixo,positividade=0.0; tendencia_pos=0.0; risco=0.0,Manter rotina de vigilância laboratorial.,sklearn_gb_v1,sklearn_v1
BELEM,fungos,2025,28,0.0137,-4.2785,baixo,positividade=0.0; tendencia_pos=0.0; risco=0.0,Manter rotina de vigilância laboratorial.,sklearn_gb_v1,sklearn_v1
BELEM,cultura_para_fungos,2025,28,0.0137,-4.2785,baixo,positividade=0.0; tendencia_pos=0.0; risco=0.0,Manter rotina de vigilância laboratorial.,sklearn_gb_v1,sklearn_v1
BEBERIBE,zika,2025,15,0.0137,-4.2785,baixo,positividade=0.0; tendencia_pos=0.0; risco=0.0,Manter rotina de vigilância laboratorial.,sklearn_gb_v1,sklearn_v1
BEBERIBE,dengue,2025,15,0.0137,-4.2785,baixo,positividade=0.0; tendencia_pos=0.0; risco=0.0,Manter rotina de vigilância laboratorial.,sklearn_gb_v1,sklearn_v1
BAURU,zika,2025,9,0.0137,-4.2785,baixo,positividade=0.0; tendencia_pos=0.0; risco=0.0,Manter rotina de vigilância laboratorial.,sklearn_gb_v1,sklearn_v1
MATUPA,chagas,2025,31,0.0137,-4.2785,baixo,positividade=0.0; tendencia_pos=0.0; risco=0.0,Manter rotina de vigilância laboratorial.,sklearn_gb_v1,sklearn_v1
MATRIZ DE CAMARAGIBE,zika,2025,22,0.0137,-4.2785,baixo,positividade=0.0; tendencia_pos=0.0; risco=0.0,Manter rotina de vigilância laboratorial.,sklearn_gb_v1,sklearn_v1
MIRASSOL D''OESTE,tuberculose_cultura,2025,13,0.0137,-4.2785,baixo,positividade=0.0; tendencia_pos=0.0; risco=0.0,Manter rotina de vigilância laboratorial.,sklearn_gb_v1,sklearn_v1
MARCELANDIA,leishmaniose_visceral_humana_teste_rapido,2024,29,0.0137,-4.2785,baixo,positividade=0.0; tendencia_pos=0.0; risco=0.01,Manter rotina de vigilância laboratorial.,sklearn_gb_v1,sklearn_v1
MARCELANDIA,fungos,2025,19,0.0137,-4.2785,baixo,positividade=0.0; tendencia_pos=0.0; risco=0.01,Manter rotina de vigilância laboratorial.,sklearn_gb_v1,sklearn_v1
MARCELANDIA,febre_do_nilo_ocidental_biologia_molecular,2024,21,0.0137,-4.2785,baixo,positividade=0.0; tendencia_pos=0.0; risco=0.01,Manter rotina de vigilância laboratorial.,sklearn_gb_v1,sklearn_v1
MARCELANDIA,encefalite_saint_louis_biologia_molecular,2024,21,0.0137,-4.2785,baixo,positividade=0.0; tendencia_pos=0.0; risco=0.01,Manter rotina de vigilância laboratorial.,sklearn_gb_v1,sklearn_v1
SOROCABA,dengue,2025,16,0.0137,-4.2785,baixo,positividade=0.0; tendencia_pos=0.0; risco=0.0,Manter rotina de vigilância laboratorial.,sklearn_gb_v1,sklearn_v1
SONORA,zika,2024,30,0.0137,-4.2785,baixo,positividade=0.0; tendencia_pos=0.0; risco=0.0,Manter rotina de vigilância laboratorial.,sklearn_gb_v1,sklearn_v1
BAURU,dengue,2025,9,0.0137,-4.2785,baixo,positividade=0.0; tendencia_pos=0.0; risco=0.0,Manter rotina de vigilância laboratorial.,sklearn_gb_v1,sklearn_v1
BATATAIS,zika,2025,26,0.0137,-4.2785,baixo,positividade=0.0; tendencia_pos=0.0; risco=0.0,Manter rotina de vigilância laboratorial.,sklearn_gb_v1,sklearn_v1
BATATAIS,chikungunya,2025,26,0.0137,-4.2785,baixo,positividade=0.0; tendencia_pos=0.0; risco=0.0,Manter rotina de vigilância laboratorial.,sklearn_gb_v1,sklearn_v1
BATALHA,zika,2025,29,0.0137,-4.2785,baixo,positividade=0.0; tendencia_pos=0.0; risco=0.0,Manter rotina de vigilância laboratorial.,sklearn_gb_v1,sklearn_v1
BATALHA,dengue,2025,29,0.0137,-4.2785,baixo,positividade=0.0; tendencia_pos=0.0; risco=0.0,Manter rotina de vigilância laboratorial.,sklearn_gb_v1,sklearn_v1
BARROLANDIA,zika,2025,14,0.0137,-4.2785,baixo,positividade=0.0; tendencia_pos=0.0; risco=0.0,Manter rotina de vigilância laboratorial.,sklearn_gb_v1,sklearn_v1
BARROLANDIA,chikungunya,2025,14,0.0137,-4.2785,baixo,positividade=0.0; tendencia_pos=0.0; risco=0.0,Manter rotina de vigilância laboratorial.,sklearn_gb_v1,sklearn_v1
BARREIRINHAS,zika,2024,22,0.0137,-4.2785,baixo,positividade=0.0; tendencia_pos=0.0; risco=0.0,Manter rotina de vigilância laboratorial.,sklearn_gb_v1,sklearn_v1
SONORA,dengue,2024,30,0.0137,-4.2785,baixo,positividade=0.0; tendencia_pos=0.0; risco=0.0,Manter rotina de vigilância laboratorial.,sklearn_gb_v1,sklearn_v1
SOBRADINHO,dengue,2025,23,0.0137,-4.2785,baixo,positividade=0.0; tendencia_pos=0.0; risco=0.0,Manter rotina de vigilância laboratorial.,sklearn_gb_v1,sklearn_v1
SITIO NOVO DO TOCANTINS,zika,2025,25,0.0137,-4.2785,baixo,positividade=0.0; tendencia_pos=0.0; risco=0.0,Manter rotina de vigilância laboratorial.,sklearn_gb_v1,sklearn_v1
SITIO NOVO DO TOCANTINS,dengue,2025,25,0.0137,-4.2785,baixo,positividade=0.0; tendencia_pos=0.0; risco=0.0,Manter rotina de vigilância laboratorial.,sklearn_gb_v1,sklearn_v1
SITIO DO MATO,zika,2025,5,0.0137,-4.2785,baixo,positividade=0.0; tendencia_pos=0.0; risco=0.0,Manter rotina de vigilância laboratorial.,sklearn_gb_v1,sklearn_v1
SITIO DO MATO,dengue,2025,5,0.0137,-4.2785,baixo,positividade=0.0; tendencia_pos=0.0; risco=0.0,Manter rotina de vigilância laboratorial.,sklearn_gb_v1,sklearn_v1
BARRA DO GARCAS,variola,2024,37,0.0137,-4.2785,baixo,positividade=0.0; tendencia_pos=0.0; risco=0.0,Manter rotina de vigilância laboratorial.,sklearn_gb_v1,sklearn_v1
BARRA DO GARCAS,rubeola_igm,2024,42,0.0137,-4.2785,baixo,positividade=0.0; tendencia_pos=0.0; risco=0.0,Manter rotina de vigilância laboratorial.,sklearn_gb_v1,sklearn_v1
BARRA DO GARCAS,rubeola_igg,2024,42,0.0137,-4.2785,baixo,positividade=0.0; tendencia_pos=0.0; risco=0.0,Manter rotina de vigilância laboratorial.,sklearn_gb_v1,sklearn_v1
BARRA DO GARCAS,meningite_bacteriana_biologia_molecular,2025,29,0.0137,-4.2785,baixo,positividade=0.0; tendencia_pos=0.0; risco=0.0,Manter rotina de vigilância laboratorial.,sklearn_gb_v1,sklearn_v1
BARREIRINHAS,chikungunya,2024,22,0.0137,-4.2785,baixo,positividade=0.0; tendencia_pos=0.0; risco=0.0,Manter rotina de vigilância laboratorial.,sklearn_gb_v1,sklearn_v1
BARREIRAS,zika,2025,7,0.0137,-4.2785,baixo,positividade=0.0; tendencia_pos=0.0; risco=0.0,Manter rotina de vigilância laboratorial.,sklearn_gb_v1,sklearn_v1
BARRAS,zika,2025,18,0.0137,-4.2785,baixo,positividade=0.0; tendencia_pos=0.0; risco=0.0,Manter rotina de vigilância laboratorial.,sklearn_gb_v1,sklearn_v1
BARRAS,chikungunya,2025,18,0.0137,-4.2785,baixo,positividade=0.0; tendencia_pos=0.0; risco=0.0,Manter rotina de vigilância laboratorial.,sklearn_gb_v1,sklearn_v1
BARRACAO,zika,2025,15,0.0137,-4.2785,baixo,positividade=0.0; tendencia_pos=0.0; risco=0.0,Manter rotina de vigilância laboratorial.,sklearn_gb_v1,sklearn_v1
BARRACAO,dengue,2025,15,0.0137,-4.2785,baixo,positividade=0.0; tendencia_pos=0.0; risco=0.0,Manter rotina de vigilância laboratorial.,sklearn_gb_v1,sklearn_v1
BARRA VELHA,zika,2025,11,0.0137,-4.2785,baixo,positividade=0.0; tendencia_pos=0.0; risco=0.0,Manter rotina de vigilância laboratorial.,sklearn_gb_v1,sklearn_v1
BARRA VELHA,dengue,2025,11,0.0137,-4.2785,baixo,positividade=0.0; tendencia_pos=0.0; risco=0.0,Manter rotina de vigilância laboratorial.,sklearn_gb_v1,sklearn_v1
BARRA DOS COQUEIROS,dengue,2025,4,0.0137,-4.2785,baixo,positividade=0.0; tendencia_pos=0.0; risco=0.0,Manter rotina de vigilância laboratorial.,sklearn_gb_v1,sklearn_v1
SORRISO,criptococos_teste_rapido,2025,41,0.0137,-4.2785,baixo,positividade=0.0; tendencia_pos=0.0; risco=0.0,Manter rotina de vigilância laboratorial.,sklearn_gb_v1,sklearn_v1
SORRISO,citomegalovirus_igm,2025,22,0.0137,-4.2785,baixo,positividade=0.0; tendencia_pos=0.0; risco=0.0,Manter rotina de vigilância laboratorial.,sklearn_gb_v1,sklearn_v1
SOROCABA,zika,2025,15,0.0137,-4.2785,baixo,positividade=0.0; tendencia_pos=0.0; risco=0.0,Manter rotina de vigilância laboratorial.,sklearn_gb_v1,sklearn_v1
SORRISO,oropouche_biologia_molecular,2025,26,0.0137,-4.2785,baixo,positividade=0.0; tendencia_pos=0.0; risco=0.0,Manter rotina de vigilância laboratorial.,sklearn_gb_v1,sklearn_v1
BARRA DO GARCAS,fungos,2025,33,0.0137,-4.2785,baixo,positividade=0.0; tendencia_pos=0.0; risco=0.0,Manter rotina de vigilância laboratorial.,sklearn_gb_v1,sklearn_v1
BARRA DO GARCAS,cultura_para_fungos,2025,29,0.0137,-4.2785,baixo,positividade=0.0; tendencia_pos=0.0; risco=0.0,Manter rotina de vigilância laboratorial.,sklearn_gb_v1,sklearn_v1
BARRA DO GARCAS,citomegalovirus_igm,2025,14,0.0137,-4.2785,baixo,positividade=0.0; tendencia_pos=0.0; risco=0.0,Manter rotina de vigilância laboratorial.,sklearn_gb_v1,sklearn_v1
BARRA DO GARCAS,chagas_igg,2025,18,0.0137,-4.2785,baixo,positividade=0.0; tendencia_pos=0.0; risco=0.0,Manter rotina de vigilância laboratorial.,sklearn_gb_v1,sklearn_v1
BARRA DO GARCAS,chagas,2025,18,0.0137,-4.2785,baixo,positividade=0.0; tendencia_pos=0.0; risco=0.0,Manter rotina de vigilância laboratorial.,sklearn_gb_v1,sklearn_v1
MARCELANDIA,cultura_para_fungos,2025,19,0.0137,-4.2785,baixo,positividade=0.0; tendencia_pos=0.0; risco=0.01,Manter rotina de vigilância laboratorial.,sklearn_gb_v1,sklearn_v1
BARRA DO BUGRES,zika,2025,25,0.0137,-4.2785,baixo,positividade=0.0; tendencia_pos=0.0; risco=0.0,Manter rotina de vigilância laboratorial.,sklearn_gb_v1,sklearn_v1
MARAU,zika,2025,18,0.0137,-4.2785,baixo,positividade=0.0; tendencia_pos=0.0; risco=0.0,Manter rotina de vigilância laboratorial.,sklearn_gb_v1,sklearn_v1
SORRISO,neisseria_gonorrhoeae,2025,21,0.0137,-4.2785,baixo,positividade=0.0; tendencia_pos=0.0; risco=0.0,Manter rotina de vigilância laboratorial.,sklearn_gb_v1,sklearn_v1
SORRISO,mayaro_biologia_molecular,2025,26,0.0137,-4.2785,baixo,positividade=0.0; tendencia_pos=0.0; risco=0.0,Manter rotina de vigilância laboratorial.,sklearn_gb_v1,sklearn_v1
SORRISO,leishmaniose_visceral_humana_teste_rapido,2025,17,0.0137,-4.2785,baixo,positividade=0.0; tendencia_pos=0.0; risco=0.0,Manter rotina de vigilância laboratorial.,sklearn_gb_v1,sklearn_v1
SORRISO,fungos,2025,28,0.0137,-4.2785,baixo,positividade=0.0; tendencia_pos=0.0; risco=0.0,Manter rotina de vigilância laboratorial.,sklearn_gb_v1,sklearn_v1
SORRISO,febre_amarela_biologia_molecular,2025,29,0.0137,-4.2785,baixo,positividade=0.0; tendencia_pos=0.0; risco=0.0,Manter rotina de vigilância laboratorial.,sklearn_gb_v1,sklearn_v1
SORRISO,cultura_para_fungos,2025,28,0.0137,-4.2785,baixo,positividade=0.0; tendencia_pos=0.0; risco=0.0,Manter rotina de vigilância laboratorial.,sklearn_gb_v1,sklearn_v1
BARRA,zika,2025,7,0.0137,-4.2785,baixo,positividade=0.0; tendencia_pos=0.0; risco=0.0,Manter rotina de vigilância laboratorial.,sklearn_gb_v1,sklearn_v1
BARRA,dengue,2025,7,0.0137,-4.2785,baixo,positividade=0.0; tendencia_pos=0.0; risco=0.0,Manter rotina de vigilância laboratorial.,sklearn_gb_v1,sklearn_v1
BARRA DO BUGRES,tuberculose,2025,35,0.0137,-4.2785,baixo,positividade=0.0; tendencia_pos=0.0; risco=0.1,Manter rotina de vigilância laboratorial.,sklearn_gb_v1,sklearn_v1
BARRA DO BUGRES,toxoplasmose_igm,2025,8,0.0137,-4.2785,baixo,positividade=0.0; tendencia_pos=0.0; risco=0.0,Manter rotina de vigilância laboratorial.,sklearn_gb_v1,sklearn_v1
BARRA DO BUGRES,sars_cov_2,2026,15,0.0137,-4.2785,baixo,positividade=0.0; tendencia_pos=0.0; risco=0.0,Manter rotina de vigilância laboratorial.,sklearn_gb_v1,sklearn_v1
BARRA DO BUGRES,rifampicina,2024,49,0.0137,-4.2785,baixo,positividade=0.0; tendencia_pos=0.0; risco=0.0,Manter rotina de vigilância laboratorial.,sklearn_gb_v1,sklearn_v1
BARRA DO BUGRES,influenza_b,2026,15,0.0137,-4.2785,baixo,positividade=0.0; tendencia_pos=0.0; risco=0.0,Manter rotina de vigilância laboratorial.,sklearn_gb_v1,sklearn_v1
BARRA DO BUGRES,influenza_a,2026,15,0.0137,-4.2785,baixo,positividade=0.0; tendencia_pos=0.0; risco=0.0,Manter rotina de vigilância laboratorial.,sklearn_gb_v1,sklearn_v1
BARRA DO BUGRES,fungos,2025,30,0.0137,-4.2785,baixo,positividade=0.0; tendencia_pos=0.0; risco=0.0,Manter rotina de vigilância laboratorial.,sklearn_gb_v1,sklearn_v1
MARAU,chikungunya,2025,18,0.0137,-4.2785,baixo,positividade=0.0; tendencia_pos=0.0; risco=0.0,Manter rotina de vigilância laboratorial.,sklearn_gb_v1,sklearn_v1
BARRA DO BUGRES,cultura_para_fungos,2025,6,0.0137,-4.2785,baixo,positividade=0.0; tendencia_pos=0.0; risco=0.0,Manter rotina de vigilância laboratorial.,sklearn_gb_v1,sklearn_v1
SORRISO,sarampo_igm,2025,32,0.0137,-4.2785,baixo,positividade=0.0; tendencia_pos=0.0; risco=0.0,Manter rotina de vigilância laboratorial.,sklearn_gb_v1,sklearn_v1
SORRISO,sarampo_igg,2025,32,0.0137,-4.2785,baixo,positividade=0.0; tendencia_pos=0.0; risco=0.0,Manter rotina de vigilância laboratorial.,sklearn_gb_v1,sklearn_v1
SORRISO,rubeola_igm,2025,32,0.0137,-4.2785,baixo,positividade=0.0; tendencia_pos=0.0; risco=0.0,Manter rotina de vigilância laboratorial.,sklearn_gb_v1,sklearn_v1
MIRASSOL D''OESTE,toxoplasmose_igm,2025,16,0.0137,-4.2785,baixo,positividade=0.0; tendencia_pos=0.0; risco=0.0,Manter rotina de vigilância laboratorial.,sklearn_gb_v1,sklearn_v1
SORRISO,paracoccidioidomicose,2024,25,0.0137,-4.2785,baixo,positividade=0.0; tendencia_pos=0.0; risco=0.0,Manter rotina de vigilância laboratorial.,sklearn_gb_v1,sklearn_v1
TABAPORA,neisseria_gonorrhoeae,2025,27,0.0137,-4.2785,baixo,positividade=0.0; tendencia_pos=0.0; risco=0.0,Manter rotina de vigilância laboratorial.,sklearn_gb_v1,sklearn_v1
BALNEARIO CAMBORIU,dengue,2025,12,0.0137,-4.2785,baixo,positividade=0.0; tendencia_pos=0.0; risco=0.0,Manter rotina de vigilância laboratorial.,sklearn_gb_v1,sklearn_v1
SUMARE,dengue,2025,15,0.0137,-4.2785,baixo,positividade=0.0; tendencia_pos=0.0; risco=0.0,Manter rotina de vigilância laboratorial.,sklearn_gb_v1,sklearn_v1
SULINA,dengue,2024,32,0.0137,-4.2785,baixo,positividade=0.0; tendencia_pos=0.0; risco=0.0,Manter rotina de vigilância laboratorial.,sklearn_gb_v1,sklearn_v1
SOUSA,zika,2025,21,0.0137,-4.2785,baixo,positividade=0.0; tendencia_pos=0.0; risco=0.0,Manter rotina de vigilância laboratorial.,sklearn_gb_v1,sklearn_v1
SOUSA,dengue,2025,21,0.0137,-4.2785,baixo,positividade=0.0; tendencia_pos=0.0; risco=0.0,Manter rotina de vigilância laboratorial.,sklearn_gb_v1,sklearn_v1
BARRA DO BUGRES,criptococos_teste_rapido,2026,15,0.0137,-4.2785,baixo,positividade=0.0; tendencia_pos=0.0; risco=0.0,Manter rotina de vigilância laboratorial.,sklearn_gb_v1,sklearn_v1
BARRA DO BUGRES,citomegalovirus_igm,2025,30,0.0137,-4.2785,baixo,positividade=0.0; tendencia_pos=0.0; risco=0.0,Manter rotina de vigilância laboratorial.,sklearn_gb_v1,sklearn_v1
BARRA DE SANTO ANTONIO,zika,2025,21,0.0137,-4.2785,baixo,positividade=0.0; tendencia_pos=0.0; risco=0.0,Manter rotina de vigilância laboratorial.,sklearn_gb_v1,sklearn_v1
BARRA DE SANTO ANTONIO,dengue,2025,21,0.0137,-4.2785,baixo,positividade=0.0; tendencia_pos=0.0; risco=0.0,Manter rotina de vigilância laboratorial.,sklearn_gb_v1,sklearn_v1
BAIAO,zika,2025,8,0.0137,-4.2785,baixo,positividade=0.0; tendencia_pos=0.0; risco=0.0,Manter rotina de vigilância laboratorial.,sklearn_gb_v1,sklearn_v1
BAIAO,dengue,2025,8,0.0137,-4.2785,baixo,positividade=0.0; tendencia_pos=0.0; risco=0.0,Manter rotina de vigilância laboratorial.,sklearn_gb_v1,sklearn_v1
BADY BASSITT,virus_respiratorios,2025,20,0.0137,-4.2785,baixo,positividade=0.0; tendencia_pos=0.0; risco=0.0,Manter rotina de vigilância laboratorial.,sklearn_gb_v1,sklearn_v1
BADY BASSITT,influenza_b,2025,20,0.0137,-4.2785,baixo,positividade=0.0; tendencia_pos=0.0; risco=0.0,Manter rotina de vigilância laboratorial.,sklearn_gb_v1,sklearn_v1
BADY BASSITT,influenza_a,2025,20,0.0137,-4.2785,baixo,positividade=0.0; tendencia_pos=0.0; risco=0.0,Manter rotina de vigilância laboratorial.,sklearn_gb_v1,sklearn_v1
BACABAL,zika,2025,15,0.0137,-4.2785,baixo,positividade=0.0; tendencia_pos=0.0; risco=0.0,Manter rotina de vigilância laboratorial.,sklearn_gb_v1,sklearn_v1
BACABAL,tuberculose_cultura,2025,27,0.0137,-4.2785,baixo,positividade=0.0; tendencia_pos=0.0; risco=0.0,Manter rotina de vigilância laboratorial.,sklearn_gb_v1,sklearn_v1
BACABAL,chikungunya,2025,15,0.0137,-4.2785,baixo,positividade=0.0; tendencia_pos=0.0; risco=0.0,Manter rotina de vigilância laboratorial.,sklearn_gb_v1,sklearn_v1
BACABAL,bacterias_teste_de_sensibilidade,2025,7,0.0137,-4.2785,baixo,positividade=0.0; tendencia_pos=0.0; risco=0.0,Manter rotina de vigilância laboratorial.,sklearn_gb_v1,sklearn_v1
AURORA,dengue,2024,52,0.0137,-4.2785,baixo,positividade=0.0; tendencia_pos=0.0; risco=0.0,Manter rotina de vigilância laboratorial.,sklearn_gb_v1,sklearn_v1
TAMANDARE,dengue,2025,8,0.0137,-4.2785,baixo,positividade=0.0; tendencia_pos=0.0; risco=0.0,Manter rotina de vigilância laboratorial.,sklearn_gb_v1,sklearn_v1
TACURU,dengue,2025,14,0.0137,-4.2785,baixo,positividade=0.0; tendencia_pos=0.0; risco=0.0,Manter rotina de vigilância laboratorial.,sklearn_gb_v1,sklearn_v1
TABULEIRO DO NORTE,dengue,2025,24,0.0137,-4.2785,baixo,positividade=0.0; tendencia_pos=0.0; risco=0.0,Manter rotina de vigilância laboratorial.,sklearn_gb_v1,sklearn_v1
TABOCAS DO BREJO VELHO,zika,2024,23,0.0137,-4.2785,baixo,positividade=0.0; tendencia_pos=0.0; risco=0.0,Manter rotina de vigilância laboratorial.,sklearn_gb_v1,sklearn_v1
TABOCAS DO BREJO VELHO,dengue,2024,23,0.0137,-4.2785,baixo,positividade=0.0; tendencia_pos=0.0; risco=0.0,Manter rotina de vigilância laboratorial.,sklearn_gb_v1,sklearn_v1
TABOAO DA SERRA,zika,2025,3,0.0137,-4.2785,baixo,positividade=0.0; tendencia_pos=0.0; risco=0.0,Manter rotina de vigilância laboratorial.,sklearn_gb_v1,sklearn_v1
TANGARA DA SERRA,rubeola_igm,2025,24,0.0137,-4.2785,baixo,positividade=0.0; tendencia_pos=0.0; risco=0.0,Manter rotina de vigilância laboratorial.,sklearn_gb_v1,sklearn_v1
MIRASSOL D''OESTE,sars_cov_2,2025,14,0.0137,-4.2785,baixo,positividade=0.0; tendencia_pos=0.0; risco=0.0,Manter rotina de vigilância laboratorial.,sklearn_gb_v1,sklearn_v1
TANGARA DA SERRA,oropouche_biologia_molecular,2025,34,0.0137,-4.2785,baixo,positividade=0.0; tendencia_pos=0.0; risco=0.0,Manter rotina de vigilância laboratorial.,sklearn_gb_v1,sklearn_v1
TANGARA DA SERRA,neisseria_gonorrhoeae,2024,35,0.0137,-4.2785,baixo,positividade=0.0; tendencia_pos=0.0; risco=0.0,Manter rotina de vigilância laboratorial.,sklearn_gb_v1,sklearn_v1
TANGARA DA SERRA,mayaro_biologia_molecular,2025,34,0.0137,-4.2785,baixo,positividade=0.0; tendencia_pos=0.0; risco=0.0,Manter rotina de vigilância laboratorial.,sklearn_gb_v1,sklearn_v1
TANGARA DA SERRA,fungos,2025,20,0.0137,-4.2785,baixo,positividade=0.0; tendencia_pos=0.0; risco=0.0,Manter rotina de vigilância laboratorial.,sklearn_gb_v1,sklearn_v1
TANGARA DA SERRA,febre_amarela_biologia_molecular,2024,27,0.0137,-4.2785,baixo,positividade=0.0; tendencia_pos=0.0; risco=0.0,Manter rotina de vigilância laboratorial.,sklearn_gb_v1,sklearn_v1
TANGARA DA SERRA,cultura_para_fungos,2025,20,0.0137,-4.2785,baixo,positividade=0.0; tendencia_pos=0.0; risco=0.0,Manter rotina de vigilância laboratorial.,sklearn_gb_v1,sklearn_v1
TANGARA DA SERRA,bacterias_teste_de_sensibilidade,2025,21,0.0137,-4.2785,baixo,positividade=0.0; tendencia_pos=0.0; risco=0.0,Manter rotina de vigilância laboratorial.,sklearn_gb_v1,sklearn_v1
AUGUSTO CORREA,zika,2025,13,0.0137,-4.2785,baixo,positividade=0.0; tendencia_pos=0.0; risco=0.0,Manter rotina de vigilância laboratorial.,sklearn_gb_v1,sklearn_v1
AUGUSTO CORREA,dengue,2025,13,0.0137,-4.2785,baixo,positividade=0.0; tendencia_pos=0.0; risco=0.0,Manter rotina de vigilância laboratorial.,sklearn_gb_v1,sklearn_v1
AUGUSTINOPOLIS,zika,2025,18,0.0137,-4.2785,baixo,positividade=0.0; tendencia_pos=0.0; risco=0.0,Manter rotina de vigilância laboratorial.,sklearn_gb_v1,sklearn_v1
AUGUSTINOPOLIS,chikungunya,2025,18,0.0137,-4.2785,baixo,positividade=0.0; tendencia_pos=0.0; risco=0.0,Manter rotina de vigilância laboratorial.,sklearn_gb_v1,sklearn_v1
ASSIS BRASIL,dengue,2025,8,0.0137,-4.2785,baixo,positividade=0.0; tendencia_pos=0.0; risco=0.0,Manter rotina de vigilância laboratorial.,sklearn_gb_v1,sklearn_v1
ASSIS,zika,2025,7,0.0137,-4.2785,baixo,positividade=0.0; tendencia_pos=0.0; risco=0.0,Manter rotina de vigilância laboratorial.,sklearn_gb_v1,sklearn_v1
ASSIS,dengue,2025,7,0.0137,-4.2785,baixo,positividade=0.0; tendencia_pos=0.0; risco=0.0,Manter rotina de vigilância laboratorial.,sklearn_gb_v1,sklearn_v1
ARENAPOLIS,variola,2025,33,0.0137,-4.2785,baixo,positividade=0.0; tendencia_pos=0.0; risco=0.0,Manter rotina de vigilância laboratorial.,sklearn_gb_v1,sklearn_v1
ARENAPOLIS,tuberculose_lf_lam,2024,46,0.0137,-4.2785,baixo,positividade=0.0; tendencia_pos=0.0; risco=0.0,Manter rotina de vigilância laboratorial.,sklearn_gb_v1,sklearn_v1
ARENAPOLIS,rubeola_igm,2024,30,0.0137,-4.2785,baixo,positividade=0.0; tendencia_pos=0.0; risco=0.0,Manter rotina de vigilância laboratorial.,sklearn_gb_v1,sklearn_v1
ARIQUEMES,zika,2025,19,0.0137,-4.274,baixo,positividade=0.0; tendencia_pos=-0.048; risco=0.0,Manter rotina de vigilância laboratorial.,sklearn_gb_v1,sklearn_v1
ARIQUEMES,sars_cov_2,2026,20,0.0137,-4.2785,baixo,positividade=0.0; tendencia_pos=0.0; risco=0.0,Manter rotina de vigilância laboratorial.,sklearn_gb_v1,sklearn_v1
ARIQUEMES,influenza_b,2026,20,0.0137,-4.2785,baixo,positividade=0.0; tendencia_pos=0.0; risco=0.0,Manter rotina de vigilância laboratorial.,sklearn_gb_v1,sklearn_v1
ARIQUEMES,influenza_a,2026,20,0.0137,-4.2785,baixo,positividade=0.0; tendencia_pos=0.0; risco=0.0,Manter rotina de vigilância laboratorial.,sklearn_gb_v1,sklearn_v1
MIRASSOL D''OESTE,meningite_bacteriana_biologia_molecular,2025,11,0.0137,-4.2785,baixo,positividade=0.0; tendencia_pos=0.0; risco=0.0,Manter rotina de vigilância laboratorial.,sklearn_gb_v1,sklearn_v1
ARIPUANA,virus_respiratorios,2024,43,0.0137,-4.2785,baixo,positividade=0.0; tendencia_pos=0.0; risco=0.05,Manter rotina de vigilância laboratorial.,sklearn_gb_v1,sklearn_v1
ARIPUANA,tuberculose_cultura,2025,6,0.0137,-4.2785,baixo,positividade=0.0; tendencia_pos=0.0; risco=0.05,Manter rotina de vigilância laboratorial.,sklearn_gb_v1,sklearn_v1
ARIPUANA,tuberculose,2025,12,0.0137,-4.2785,baixo,positividade=0.0; tendencia_pos=0.0; risco=0.05,Manter rotina de vigilância laboratorial.,sklearn_gb_v1,sklearn_v1
ARIPUANA,sars_cov_2,2025,35,0.0137,-4.2785,baixo,positividade=0.0; tendencia_pos=0.0; risco=0.05,Manter rotina de vigilância laboratorial.,sklearn_gb_v1,sklearn_v1
ARIPUANA,influenza_b,2025,35,0.0137,-4.2785,baixo,positividade=0.0; tendencia_pos=0.0; risco=0.05,Manter rotina de vigilância laboratorial.,sklearn_gb_v1,sklearn_v1
ARIPUANA,influenza_a,2025,35,0.0137,-4.2785,baixo,positividade=0.0; tendencia_pos=0.0; risco=0.05,Manter rotina de vigilância laboratorial.,sklearn_gb_v1,sklearn_v1
TANGARA DA SERRA,tuberculose,2025,12,0.0137,-4.2785,baixo,positividade=0.0; tendencia_pos=0.0; risco=0.0,Manter rotina de vigilância laboratorial.,sklearn_gb_v1,sklearn_v1
TANGARA DA SERRA,sifilis,2024,27,0.0137,-4.2785,baixo,positividade=0.0; tendencia_pos=0.0; risco=0.0,Manter rotina de vigilância laboratorial.,sklearn_gb_v1,sklearn_v1
TAPURAH,rifampicina,2024,38,0.0137,-4.2785,baixo,positividade=0.0; tendencia_pos=0.0; risco=0.1,Manter rotina de vigilância laboratorial.,sklearn_gb_v1,sklearn_v1
TAPURAH,influenza_b,2025,23,0.0137,-4.2785,baixo,positividade=0.0; tendencia_pos=0.0; risco=0.0,Manter rotina de vigilância laboratorial.,sklearn_gb_v1,sklearn_v1
TAPURAH,influenza_a,2025,23,0.0137,-4.2785,baixo,positividade=0.0; tendencia_pos=0.0; risco=0.0,Manter rotina de vigilância laboratorial.,sklearn_gb_v1,sklearn_v1
ARENAPOLIS,influenza_b,2025,8,0.0137,-4.2785,baixo,positividade=0.0; tendencia_pos=0.0; risco=0.0,Manter rotina de vigilância laboratorial.,sklearn_gb_v1,sklearn_v1
ARENAPOLIS,influenza_a,2025,8,0.0137,-4.2785,baixo,positividade=0.0; tendencia_pos=0.0; risco=0.0,Manter rotina de vigilância laboratorial.,sklearn_gb_v1,sklearn_v1
ARARAQUARA,zika,2025,13,0.0137,-4.2785,baixo,positividade=0.0; tendencia_pos=0.0; risco=0.0,Manter rotina de vigilância laboratorial.,sklearn_gb_v1,sklearn_v1
ARARAQUARA,dengue,2025,13,0.0137,-4.2785,baixo,positividade=0.0; tendencia_pos=0.0; risco=0.0,Manter rotina de vigilância laboratorial.,sklearn_gb_v1,sklearn_v1
ARAPUTANGA,virus_respiratorios,2025,28,0.0137,-4.2785,baixo,positividade=0.0; tendencia_pos=0.0; risco=0.0,Manter rotina de vigilância laboratorial.,sklearn_gb_v1,sklearn_v1
TAPURAH,hepatite_b_hbv,2025,27,0.0137,-4.2785,baixo,positividade=0.0; tendencia_pos=0.0; risco=0.0,Manter rotina de vigilância laboratorial.,sklearn_gb_v1,sklearn_v1
TAPURAH,chagas_igg,2025,30,0.0137,-4.2785,baixo,positividade=0.0; tendencia_pos=0.0; risco=0.0,Manter rotina de vigilância laboratorial.,sklearn_gb_v1,sklearn_v1
TAPURAH,chagas,2025,30,0.0137,-4.2785,baixo,positividade=0.0; tendencia_pos=0.0; risco=0.0,Manter rotina de vigilância laboratorial.,sklearn_gb_v1,sklearn_v1
ARIPUANA,hepatite_c_hcv,2025,15,0.0137,-4.2785,baixo,positividade=0.0; tendencia_pos=0.0; risco=0.05,Manter rotina de vigilância laboratorial.,sklearn_gb_v1,sklearn_v1
ARIPUANA,esquistossomose_sorologia,2025,7,0.0137,-4.2785,baixo,positividade=0.0; tendencia_pos=0.0; risco=0.05,Manter rotina de vigilância laboratorial.,sklearn_gb_v1,sklearn_v1
ARIPUANA,chagas_igg,2025,26,0.0137,-4.2785,baixo,positividade=0.0; tendencia_pos=0.0; risco=0.05,Manter rotina de vigilância laboratorial.,sklearn_gb_v1,sklearn_v1
ARIPUANA,chagas,2025,26,0.0137,-4.2785,baixo,positividade=0.0; tendencia_pos=0.0; risco=0.05,Manter rotina de vigilância laboratorial.,sklearn_gb_v1,sklearn_v1
ARENAPOLIS,virus_respiratorios,2025,8,0.0137,-4.2785,baixo,positividade=0.0; tendencia_pos=0.0; risco=0.0,Manter rotina de vigilância laboratorial.,sklearn_gb_v1,sklearn_v1
TELEMACO BORBA,zika,2025,34,0.0137,-4.2785,baixo,positividade=0.0; tendencia_pos=0.0; risco=0.0,Manter rotina de vigilância laboratorial.,sklearn_gb_v1,sklearn_v1
TELEMACO BORBA,dengue,2025,34,0.0137,-4.2785,baixo,positividade=0.0; tendencia_pos=0.0; risco=0.0,Manter rotina de vigilância laboratorial.,sklearn_gb_v1,sklearn_v1
ARAPUTANGA,variola,2025,21,0.0137,-4.2785,baixo,positividade=0.0; tendencia_pos=0.0; risco=0.0,Manter rotina de vigilância laboratorial.,sklearn_gb_v1,sklearn_v1
ARAPUTANGA,tuberculose_lf_lam,2026,9,0.0137,-4.2785,baixo,positividade=0.0; tendencia_pos=0.0; risco=0.0,Manter rotina de vigilância laboratorial.,sklearn_gb_v1,sklearn_v1
ARAPUTANGA,tuberculose,2025,12,0.0137,-4.2785,baixo,positividade=0.0; tendencia_pos=0.0; risco=0.0,Manter rotina de vigilância laboratorial.,sklearn_gb_v1,sklearn_v1
ARAPUTANGA,sars_cov_2,2025,35,0.0137,-4.2785,baixo,positividade=0.0; tendencia_pos=0.0; risco=0.0,Manter rotina de vigilância laboratorial.,sklearn_gb_v1,sklearn_v1
ARAPUTANGA,sarampo_igm,2025,34,0.0137,-4.2785,baixo,positividade=0.0; tendencia_pos=0.0; risco=0.0,Manter rotina de vigilância laboratorial.,sklearn_gb_v1,sklearn_v1
ARAPUTANGA,sarampo_igg,2025,34,0.0137,-4.2785,baixo,positividade=0.0; tendencia_pos=0.0; risco=0.0,Manter rotina de vigilância laboratorial.,sklearn_gb_v1,sklearn_v1
ARAPUTANGA,paracoccidioidomicose,2024,32,0.0137,-4.2785,baixo,positividade=0.0; tendencia_pos=0.0; risco=0.0,Manter rotina de vigilância laboratorial.,sklearn_gb_v1,sklearn_v1
ARAPUTANGA,influenza_b,2025,35,0.0137,-4.2785,baixo,positividade=0.0; tendencia_pos=0.0; risco=0.0,Manter rotina de vigilância laboratorial.,sklearn_gb_v1,sklearn_v1
ARAPUTANGA,influenza_a,2025,35,0.0137,-4.2785,baixo,positividade=0.0; tendencia_pos=0.0; risco=0.0,Manter rotina de vigilância laboratorial.,sklearn_gb_v1,sklearn_v1
ARAPUTANGA,histoplasmose,2024,32,0.0137,-4.2785,baixo,positividade=0.0; tendencia_pos=0.0; risco=0.0,Manter rotina de vigilância laboratorial.,sklearn_gb_v1,sklearn_v1
TAUA,zika,2024,36,0.0137,-4.2785,baixo,positividade=0.0; tendencia_pos=0.0; risco=0.0,Manter rotina de vigilância laboratorial.,sklearn_gb_v1,sklearn_v1
TAUA,dengue,2024,36,0.0137,-4.2785,baixo,positividade=0.0; tendencia_pos=0.0; risco=0.0,Manter rotina de vigilância laboratorial.,sklearn_gb_v1,sklearn_v1
TAUA,chikungunya,2024,36,0.0137,-4.2785,baixo,positividade=0.0; tendencia_pos=0.0; risco=0.0,Manter rotina de vigilância laboratorial.,sklearn_gb_v1,sklearn_v1
TAPURAH,virus_respiratorios,2025,17,0.0137,-4.2785,baixo,positividade=0.0; tendencia_pos=0.0; risco=0.0,Manter rotina de vigilância laboratorial.,sklearn_gb_v1,sklearn_v1
TERRA NOVA DO NORTE,leptospira,2024,31,0.0137,-4.2785,baixo,positividade=0.0; tendencia_pos=0.0; risco=0.0,Manter rotina de vigilância laboratorial.,sklearn_gb_v1,sklearn_v1
TERRA NOVA DO NORTE,influenza_b,2025,27,0.0137,-4.2785,baixo,positividade=0.0; tendencia_pos=0.0; risco=0.0,Manter rotina de vigilância laboratorial.,sklearn_gb_v1,sklearn_v1
TERRA NOVA DO NORTE,influenza_a,2025,27,0.0137,-4.2785,baixo,positividade=0.0; tendencia_pos=0.0; risco=0.0,Manter rotina de vigilância laboratorial.,sklearn_gb_v1,sklearn_v1
ARAPUTANGA,fungos_teste_de_sensibilidade,2025,31,0.0137,-4.2785,baixo,positividade=0.0; tendencia_pos=0.0; risco=0.0,Manter rotina de vigilância laboratorial.,sklearn_gb_v1,sklearn_v1
ARAPUTANGA,citomegalovirus_igm,2024,36,0.0137,-4.2785,baixo,positividade=0.0; tendencia_pos=0.0; risco=0.0,Manter rotina de vigilância laboratorial.,sklearn_gb_v1,sklearn_v1
ARAPUTANGA,bacterias_teste_de_sensibilidade,2025,6,0.0137,-4.2785,baixo,positividade=0.0; tendencia_pos=0.0; risco=0.0,Manter rotina de vigilância laboratorial.,sklearn_gb_v1,sklearn_v1
ARAPOTI,zika,2025,8,0.0137,-4.2785,baixo,positividade=0.0; tendencia_pos=0.0; risco=0.0,Manter rotina de vigilância laboratorial.,sklearn_gb_v1,sklearn_v1
ARAPOTI,dengue,2025,8,0.0137,-4.2785,baixo,positividade=0.0; tendencia_pos=0.0; risco=0.0,Manter rotina de vigilância laboratorial.,sklearn_gb_v1,sklearn_v1
ARAPOTI,chikungunya,2025,8,0.0137,-4.2785,baixo,positividade=0.0; tendencia_pos=0.0; risco=0.0,Manter rotina de vigilância laboratorial.,sklearn_gb_v1,sklearn_v1
ARAPIRACA,zika,2025,10,0.0137,-4.2785,baixo,positividade=0.0; tendencia_pos=0.0; risco=0.0,Manter rotina de vigilância laboratorial.,sklearn_gb_v1,sklearn_v1
TERRA NOVA DO NORTE,hepatite_d_hdv,2024,27,0.0137,-4.2785,baixo,positividade=0.0; tendencia_pos=0.0; risco=0.0,Manter rotina de vigilância laboratorial.,sklearn_gb_v1,sklearn_v1
TERRA NOVA DO NORTE,hepatite_c_hcv,2025,30,0.0137,-4.2785,baixo,positividade=0.0; tendencia_pos=0.0; risco=0.0,Manter rotina de vigilância laboratorial.,sklearn_gb_v1,sklearn_v1
TERESINA,zika,2025,6,0.0137,-4.2785,baixo,positividade=0.0; tendencia_pos=0.0; risco=0.0,Manter rotina de vigilância laboratorial.,sklearn_gb_v1,sklearn_v1
TERESINA,dengue,2025,6,0.0137,-4.2785,baixo,positividade=0.0; tendencia_pos=0.0; risco=0.0,Manter rotina de vigilância laboratorial.,sklearn_gb_v1,sklearn_v1
TEOTONIO VILELA,zika,2025,8,0.0137,-4.2785,baixo,positividade=0.0; tendencia_pos=0.0; risco=0.0,Manter rotina de vigilância laboratorial.,sklearn_gb_v1,sklearn_v1
TEOTONIO VILELA,dengue,2025,8,0.0137,-4.2785,baixo,positividade=0.0; tendencia_pos=0.0; risco=0.0,Manter rotina de vigilância laboratorial.,sklearn_gb_v1,sklearn_v1
ARAL MOREIRA,virus_respiratorios,2025,4,0.0137,-4.2785,baixo,positividade=0.0; tendencia_pos=0.0; risco=0.0,Manter rotina de vigilância laboratorial.,sklearn_gb_v1,sklearn_v1
ARAL MOREIRA,influenza_b,2025,4,0.0137,-4.2785,baixo,positividade=0.0; tendencia_pos=0.0; risco=0.0,Manter rotina de vigilância laboratorial.,sklearn_gb_v1,sklearn_v1
ARAL MOREIRA,influenza_a,2025,4,0.0137,-4.2785,baixo,positividade=0.0; tendencia_pos=0.0; risco=0.0,Manter rotina de vigilância laboratorial.,sklearn_gb_v1,sklearn_v1
ARAGUATINS,zika,2025,15,0.0137,-4.2785,baixo,positividade=0.0; tendencia_pos=0.0; risco=0.0,Manter rotina de vigilância laboratorial.,sklearn_gb_v1,sklearn_v1
ARAGUATINS,chikungunya,2025,15,0.0137,-4.2785,baixo,positividade=0.0; tendencia_pos=0.0; risco=0.0,Manter rotina de vigilância laboratorial.,sklearn_gb_v1,sklearn_v1
ARAGUAINA,zika,2025,6,0.0137,-4.2785,baixo,positividade=0.0; tendencia_pos=0.0; risco=0.0,Manter rotina de vigilância laboratorial.,sklearn_gb_v1,sklearn_v1
ARAGUAINA,tuberculose_cultura,2024,23,0.0137,-4.2785,baixo,positividade=0.0; tendencia_pos=0.0; risco=0.0,Manter rotina de vigilância laboratorial.,sklearn_gb_v1,sklearn_v1
ARAGUAINA,dengue,2025,6,0.0137,-4.2785,baixo,positividade=0.0; tendencia_pos=0.0; risco=0.0,Manter rotina de vigilância laboratorial.,sklearn_gb_v1,sklearn_v1
ARAGUAIANA,sars_cov_2,2025,12,0.0137,-4.2785,baixo,positividade=0.0; tendencia_pos=0.0; risco=0.0,Manter rotina de vigilância laboratorial.,sklearn_gb_v1,sklearn_v1
TERRA RICA,zika,2024,52,0.0137,-4.2785,baixo,positividade=0.0; tendencia_pos=0.0; risco=0.0,Manter rotina de vigilância laboratorial.,sklearn_gb_v1,sklearn_v1
TERRA NOVA DO NORTE,virus_respiratorios,2025,27,0.0137,-4.2785,baixo,positividade=0.0; tendencia_pos=0.0; risco=0.0,Manter rotina de vigilância laboratorial.,sklearn_gb_v1,sklearn_v1
TERRA NOVA DO NORTE,tuberculose_cultura,2025,28,0.0137,-4.2785,baixo,positividade=0.0; tendencia_pos=0.0; risco=0.0,Manter rotina de vigilância laboratorial.,sklearn_gb_v1,sklearn_v1
TERRA NOVA DO NORTE,sarampo_igm,2025,27,0.0137,-4.2785,baixo,positividade=0.0; tendencia_pos=0.0; risco=0.0,Manter rotina de vigilância laboratorial.,sklearn_gb_v1,sklearn_v1
TERRA NOVA DO NORTE,sarampo_igg,2025,27,0.0137,-4.2785,baixo,positividade=0.0; tendencia_pos=0.0; risco=0.0,Manter rotina de vigilância laboratorial.,sklearn_gb_v1,sklearn_v1
TERRA NOVA DO NORTE,rubeola_igm,2025,27,0.0137,-4.2785,baixo,positividade=0.0; tendencia_pos=0.0; risco=0.0,Manter rotina de vigilância laboratorial.,sklearn_gb_v1,sklearn_v1
TERRA NOVA DO NORTE,rubeola_igg,2025,27,0.0137,-4.2785,baixo,positividade=0.0; tendencia_pos=0.0; risco=0.0,Manter rotina de vigilância laboratorial.,sklearn_gb_v1,sklearn_v1
TRES CACHOEIRAS,dengue,2024,24,0.0137,-4.2785,baixo,positividade=0.0; tendencia_pos=0.0; risco=0.0,Manter rotina de vigilância laboratorial.,sklearn_gb_v1,sklearn_v1
TRAIRAO,zika,2025,22,0.0137,-4.2785,baixo,positividade=0.0; tendencia_pos=0.0; risco=0.0,Manter rotina de vigilância laboratorial.,sklearn_gb_v1,sklearn_v1
TRAIRAO,chikungunya,2025,22,0.0137,-4.2785,baixo,positividade=0.0; tendencia_pos=0.0; risco=0.0,Manter rotina de vigilância laboratorial.,sklearn_gb_v1,sklearn_v1
TRACUATEUA,zika,2025,16,0.0137,-4.2785,baixo,positividade=0.0; tendencia_pos=0.0; risco=0.0,Manter rotina de vigilância laboratorial.,sklearn_gb_v1,sklearn_v1
TRACUATEUA,dengue,2025,16,0.0137,-4.2785,baixo,positividade=0.0; tendencia_pos=0.0; risco=0.0,Manter rotina de vigilância laboratorial.,sklearn_gb_v1,sklearn_v1
TOME-ACU,zika,2024,21,0.0137,-4.2785,baixo,positividade=0.0; tendencia_pos=0.0; risco=0.0,Manter rotina de vigilância laboratorial.,sklearn_gb_v1,sklearn_v1
TOME-ACU,dengue,2024,21,0.0137,-4.2785,baixo,positividade=0.0; tendencia_pos=0.0; risco=0.0,Manter rotina de vigilância laboratorial.,sklearn_gb_v1,sklearn_v1
TOLEDO,zika,2025,11,0.0137,-4.2785,baixo,positividade=0.0; tendencia_pos=0.0; risco=0.0,Manter rotina de vigilância laboratorial.,sklearn_gb_v1,sklearn_v1
TOLEDO,dengue,2025,11,0.0137,-4.2785,baixo,positividade=0.0; tendencia_pos=0.0; risco=0.0,Manter rotina de vigilância laboratorial.,sklearn_gb_v1,sklearn_v1
TIMON,zika,2024,24,0.0137,-4.2785,baixo,positividade=0.0; tendencia_pos=0.0; risco=0.0,Manter rotina de vigilância laboratorial.,sklearn_gb_v1,sklearn_v1
TIMON,dengue,2024,24,0.0137,-4.2785,baixo,positividade=0.0; tendencia_pos=0.0; risco=0.0,Manter rotina de vigilância laboratorial.,sklearn_gb_v1,sklearn_v1
TIMBIRAS,dengue,2025,22,0.0137,-4.2785,baixo,positividade=0.0; tendencia_pos=0.0; risco=0.0,Manter rotina de vigilância laboratorial.,sklearn_gb_v1,sklearn_v1
TESOURO,hepatite_b_hbv,2025,29,0.0137,-4.2785,baixo,positividade=0.0; tendencia_pos=0.0; risco=0.08,Manter rotina de vigilância laboratorial.,sklearn_gb_v1,sklearn_v1
ARAPIRACA,dengue,2025,25,0.0137,-4.2785,baixo,positividade=0.0; tendencia_pos=0.0; risco=0.0,Manter rotina de vigilância laboratorial.,sklearn_gb_v1,sklearn_v1
ARAME,zika,2025,20,0.0137,-4.2785,baixo,positividade=0.0; tendencia_pos=0.0; risco=0.0,Manter rotina de vigilância laboratorial.,sklearn_gb_v1,sklearn_v1
ARAME,chikungunya,2025,20,0.0137,-4.2785,baixo,positividade=0.0; tendencia_pos=0.0; risco=0.0,Manter rotina de vigilância laboratorial.,sklearn_gb_v1,sklearn_v1
APARECIDA DE GOIANIA,sars_cov_2,2025,2,0.0137,-4.2785,baixo,positividade=0.0; tendencia_pos=0.0; risco=0.0,Manter rotina de vigilância laboratorial.,sklearn_gb_v1,sklearn_v1
APARECIDA DE GOIANIA,influenza_b,2025,2,0.0137,-4.2785,baixo,positividade=0.0; tendencia_pos=0.0; risco=0.0,Manter rotina de vigilância laboratorial.,sklearn_gb_v1,sklearn_v1
APARECIDA DE GOIANIA,influenza_a,2025,2,0.0137,-4.2785,baixo,positividade=0.0; tendencia_pos=0.0; risco=0.0,Manter rotina de vigilância laboratorial.,sklearn_gb_v1,sklearn_v1
ARAGUAIANA,influenza_b,2025,12,0.0137,-4.2785,baixo,positividade=0.0; tendencia_pos=0.0; risco=0.0,Manter rotina de vigilância laboratorial.,sklearn_gb_v1,sklearn_v1
ARAGUAIANA,influenza_a,2025,12,0.0137,-4.2785,baixo,positividade=0.0; tendencia_pos=0.0; risco=0.0,Manter rotina de vigilância laboratorial.,sklearn_gb_v1,sklearn_v1
ARAGUAIANA,hepatite_b_hbv,2025,29,0.0137,-4.2785,baixo,positividade=0.0; tendencia_pos=0.0; risco=0.0,Manter rotina de vigilância laboratorial.,sklearn_gb_v1,sklearn_v1
ARAGARCAS,zika,2025,14,0.0137,-4.2785,baixo,positividade=0.0; tendencia_pos=0.0; risco=0.0,Manter rotina de vigilância laboratorial.,sklearn_gb_v1,sklearn_v1
ARAGARCAS,dengue,2025,14,0.0137,-4.2785,baixo,positividade=0.0; tendencia_pos=0.0; risco=0.0,Manter rotina de vigilância laboratorial.,sklearn_gb_v1,sklearn_v1
ARAGARCAS,chikungunya,2025,14,0.0137,-4.2785,baixo,positividade=0.0; tendencia_pos=0.0; risco=0.0,Manter rotina de vigilância laboratorial.,sklearn_gb_v1,sklearn_v1
ARACATUBA,zika,2025,7,0.0137,-4.2785,baixo,positividade=0.0; tendencia_pos=0.0; risco=0.0,Manter rotina de vigilância laboratorial.,sklearn_gb_v1,sklearn_v1
ARACATUBA,dengue,2025,7,0.0137,-4.2785,baixo,positividade=0.0; tendencia_pos=0.0; risco=0.0,Manter rotina de vigilância laboratorial.,sklearn_gb_v1,sklearn_v1
ARACAJU,zika,2025,7,0.0137,-4.2785,baixo,positividade=0.0; tendencia_pos=0.0; risco=0.0,Manter rotina de vigilância laboratorial.,sklearn_gb_v1,sklearn_v1
ARACAJU,dengue,2025,7,0.0137,-4.2785,baixo,positividade=0.0; tendencia_pos=0.0; risco=0.0,Manter rotina de vigilância laboratorial.,sklearn_gb_v1,sklearn_v1
AQUIDAUANA,zika,2025,11,0.0137,-4.2785,baixo,positividade=0.0; tendencia_pos=0.0; risco=0.0,Manter rotina de vigilância laboratorial.,sklearn_gb_v1,sklearn_v1
AQUIDAUANA,dengue,2025,11,0.0137,-4.2785,baixo,positividade=0.0; tendencia_pos=0.0; risco=0.0,Manter rotina de vigilância laboratorial.,sklearn_gb_v1,sklearn_v1
AQUIDAUANA,chikungunya,2025,11,0.0137,-4.2785,baixo,positividade=0.0; tendencia_pos=0.0; risco=0.0,Manter rotina de vigilância laboratorial.,sklearn_gb_v1,sklearn_v1
TUPI PAULISTA,tuberculose_cultura,2025,28,0.0137,-4.2785,baixo,positividade=0.0; tendencia_pos=0.0; risco=0.0,Manter rotina de vigilância laboratorial.,sklearn_gb_v1,sklearn_v1
TUPI PAULISTA,rifampicina,2025,28,0.0137,-4.2785,baixo,positividade=0.0; tendencia_pos=0.0; risco=0.0,Manter rotina de vigilância laboratorial.,sklearn_gb_v1,sklearn_v1
TUPANCIRETA,zika,2025,11,0.0137,-4.2785,baixo,positividade=0.0; tendencia_pos=0.0; risco=0.0,Manter rotina de vigilância laboratorial.,sklearn_gb_v1,sklearn_v1
TUPANCIRETA,dengue,2025,11,0.0137,-4.2785,baixo,positividade=0.0; tendencia_pos=0.0; risco=0.0,Manter rotina de vigilância laboratorial.,sklearn_gb_v1,sklearn_v1
TUPANCIRETA,chikungunya,2025,11,0.0137,-4.2785,baixo,positividade=0.0; tendencia_pos=0.0; risco=0.0,Manter rotina de vigilância laboratorial.,sklearn_gb_v1,sklearn_v1
TUNTUM,chikungunya,2025,24,0.0137,-4.2785,baixo,positividade=0.0; tendencia_pos=0.0; risco=0.0,Manter rotina de vigilância laboratorial.,sklearn_gb_v1,sklearn_v1
TUFILANDIA,zika,2025,24,0.0137,-4.2785,baixo,positividade=0.0; tendencia_pos=0.0; risco=0.0,Manter rotina de vigilância laboratorial.,sklearn_gb_v1,sklearn_v1
TUFILANDIA,dengue,2025,24,0.0137,-4.2785,baixo,positividade=0.0; tendencia_pos=0.0; risco=0.0,Manter rotina de vigilância laboratorial.,sklearn_gb_v1,sklearn_v1
TUCURUI,zika,2025,28,0.0137,-4.2785,baixo,positividade=0.0; tendencia_pos=0.0; risco=0.0,Manter rotina de vigilância laboratorial.,sklearn_gb_v1,sklearn_v1
TRIZIDELA DO VALE,dengue,2025,6,0.0137,-4.2785,baixo,positividade=0.0; tendencia_pos=0.0; risco=0.0,Manter rotina de vigilância laboratorial.,sklearn_gb_v1,sklearn_v1
TRINDADE,variola,2024,37,0.0137,-4.2785,baixo,positividade=0.0; tendencia_pos=0.0; risco=0.0,Manter rotina de vigilância laboratorial.,sklearn_gb_v1,sklearn_v1
TRINDADE,varicela_zoster_biologia_molecular,2024,37,0.0137,-4.2785,baixo,positividade=0.0; tendencia_pos=0.0; risco=0.0,Manter rotina de vigilância laboratorial.,sklearn_gb_v1,sklearn_v1
TRES LAGOAS,hepatite_c_hcv,2025,31,0.0137,-4.2785,baixo,positividade=0.0; tendencia_pos=0.0; risco=0.0,Manter rotina de vigilância laboratorial.,sklearn_gb_v1,sklearn_v1
APIACAS,rifampicina,2026,2,0.0137,-4.2785,baixo,positividade=0.0; tendencia_pos=0.0; risco=0.01,Manter rotina de vigilância laboratorial.,sklearn_gb_v1,sklearn_v1
APARECIDA DE GOIANIA,zika,2025,22,0.0137,-4.2785,baixo,positividade=0.0; tendencia_pos=0.0; risco=0.0,Manter rotina de vigilância laboratorial.,sklearn_gb_v1,sklearn_v1
APARECIDA DE GOIANIA,tuberculose_cultura,2025,7,0.0137,-4.2785,baixo,positividade=0.0; tendencia_pos=0.0; risco=0.0,Manter rotina de vigilância laboratorial.,sklearn_gb_v1,sklearn_v1
UBERABA,sars_cov_2,2024,21,0.0137,-4.2785,baixo,positividade=0.0; tendencia_pos=0.0; risco=0.0,Manter rotina de vigilância laboratorial.,sklearn_gb_v1,sklearn_v1
UBERABA,influenza_b,2024,21,0.0137,-4.2785,baixo,positividade=0.0; tendencia_pos=0.0; risco=0.0,Manter rotina de vigilância laboratorial.,sklearn_gb_v1,sklearn_v1
UBERABA,influenza_a,2024,21,0.0137,-4.2785,baixo,positividade=0.0; tendencia_pos=0.0; risco=0.0,Manter rotina de vigilância laboratorial.,sklearn_gb_v1,sklearn_v1
APARECIDA DE GOIANIA,dengue,2025,22,0.0137,-4.2785,baixo,positividade=0.0; tendencia_pos=0.0; risco=0.0,Manter rotina de vigilância laboratorial.,sklearn_gb_v1,sklearn_v1
ANTA GORDA,hepatite_b_hbv,2025,17,0.0137,-4.2785,baixo,positividade=0.0; tendencia_pos=0.0; risco=0.0,Manter rotina de vigilância laboratorial.,sklearn_gb_v1,sklearn_v1
ANICUNS,zika,2025,17,0.0137,-4.2785,baixo,positividade=0.0; tendencia_pos=0.0; risco=0.0,Manter rotina de vigilância laboratorial.,sklearn_gb_v1,sklearn_v1
ANICUNS,chikungunya,2025,17,0.0137,-4.2785,baixo,positividade=0.0; tendencia_pos=0.0; risco=0.0,Manter rotina de vigilância laboratorial.,sklearn_gb_v1,sklearn_v1
ANAPOLIS,zika,2025,7,0.0137,-4.2785,baixo,positividade=0.0; tendencia_pos=0.0; risco=0.0,Manter rotina de vigilância laboratorial.,sklearn_gb_v1,sklearn_v1
ANAPOLIS,hepatite_c_hcv,2024,26,0.0137,-4.2785,baixo,positividade=0.0; tendencia_pos=0.0; risco=0.0,Manter rotina de vigilância laboratorial.,sklearn_gb_v1,sklearn_v1
ANAPOLIS,dengue,2025,7,0.0137,-4.2785,baixo,positividade=0.0; tendencia_pos=0.0; risco=0.0,Manter rotina de vigilância laboratorial.,sklearn_gb_v1,sklearn_v1
ANANINDEUA,zika,2025,26,0.0137,-4.2785,baixo,positividade=0.0; tendencia_pos=0.0; risco=0.0,Manter rotina de vigilância laboratorial.,sklearn_gb_v1,sklearn_v1
ANANINDEUA,virus_respiratorios,2025,21,0.0137,-4.2785,baixo,positividade=0.0; tendencia_pos=0.0; risco=0.0,Manter rotina de vigilância laboratorial.,sklearn_gb_v1,sklearn_v1
ANANINDEUA,sars_cov_2,2024,34,0.0137,-4.2785,baixo,positividade=0.0; tendencia_pos=0.0; risco=0.0,Manter rotina de vigilância laboratorial.,sklearn_gb_v1,sklearn_v1
ANANINDEUA,influenza_b,2025,21,0.0137,-4.2785,baixo,positividade=0.0; tendencia_pos=0.0; risco=0.0,Manter rotina de vigilância laboratorial.,sklearn_gb_v1,sklearn_v1
UBATUBA,dengue,2024,30,0.0137,-4.2785,baixo,positividade=0.0; tendencia_pos=0.0; risco=0.0,Manter rotina de vigilância laboratorial.,sklearn_gb_v1,sklearn_v1
TURILANDIA,dengue,2025,12,0.0137,-4.2785,baixo,positividade=0.0; tendencia_pos=0.0; risco=0.0,Manter rotina de vigilância laboratorial.,sklearn_gb_v1,sklearn_v1
ANANINDEUA,influenza_a,2025,21,0.0137,-4.2785,baixo,positividade=0.0; tendencia_pos=0.0; risco=0.0,Manter rotina de vigilância laboratorial.,sklearn_gb_v1,sklearn_v1
ANANINDEUA,dengue,2025,26,0.0137,-4.2785,baixo,positividade=0.0; tendencia_pos=0.0; risco=0.0,Manter rotina de vigilância laboratorial.,sklearn_gb_v1,sklearn_v1
AMELIA RODRIGUES,hepatite_c_hcv,2024,39,0.0137,-4.2785,baixo,positividade=0.0; tendencia_pos=0.0; risco=0.0,Manter rotina de vigilância laboratorial.,sklearn_gb_v1,sklearn_v1
AMARANTE DO MARANHAO,dengue,2025,21,0.0137,-4.2785,baixo,positividade=0.0; tendencia_pos=0.0; risco=0.0,Manter rotina de vigilância laboratorial.,sklearn_gb_v1,sklearn_v1
ALVORADA D''OESTE,virus_respiratorios,2025,30,0.0137,-4.2785,baixo,positividade=0.0; tendencia_pos=0.0; risco=0.0,Manter rotina de vigilância laboratorial.,sklearn_gb_v1,sklearn_v1
ALVORADA D''OESTE,influenza_b,2025,30,0.0137,-4.2785,baixo,positividade=0.0; tendencia_pos=0.0; risco=0.0,Manter rotina de vigilância laboratorial.,sklearn_gb_v1,sklearn_v1
ALVORADA D''OESTE,influenza_a,2025,30,0.0137,-4.2785,baixo,positividade=0.0; tendencia_pos=0.0; risco=0.0,Manter rotina de vigilância laboratorial.,sklearn_gb_v1,sklearn_v1
UMUARAMA,dengue,2025,18,0.0137,-4.2785,baixo,positividade=0.0; tendencia_pos=0.0; risco=0.0,Manter rotina de vigilância laboratorial.,sklearn_gb_v1,sklearn_v1
ULIANOPOLIS,zika,2025,23,0.0137,-4.2785,baixo,positividade=0.0; tendencia_pos=0.0; risco=0.0,Manter rotina de vigilância laboratorial.,sklearn_gb_v1,sklearn_v1
ULIANOPOLIS,chikungunya,2025,23,0.0137,-4.2785,baixo,positividade=0.0; tendencia_pos=0.0; risco=0.0,Manter rotina de vigilância laboratorial.,sklearn_gb_v1,sklearn_v1
UBERLANDIA,zika,2025,8,0.0137,-4.2785,baixo,positividade=0.0; tendencia_pos=0.0; risco=0.0,Manter rotina de vigilância laboratorial.,sklearn_gb_v1,sklearn_v1
UBERLANDIA,sars_cov_2,2025,24,0.0137,-4.2785,baixo,positividade=0.0; tendencia_pos=0.0; risco=0.0,Manter rotina de vigilância laboratorial.,sklearn_gb_v1,sklearn_v1
UBERLANDIA,influenza_b,2025,24,0.0137,-4.2785,baixo,positividade=0.0; tendencia_pos=0.0; risco=0.0,Manter rotina de vigilância laboratorial.,sklearn_gb_v1,sklearn_v1
UBERLANDIA,influenza_a,2025,24,0.0137,-4.2785,baixo,positividade=0.0; tendencia_pos=0.0; risco=0.0,Manter rotina de vigilância laboratorial.,sklearn_gb_v1,sklearn_v1
MIRASSOL D''OESTE,hepatite_c_hcv,2026,9,0.0137,-4.2785,baixo,positividade=0.0; tendencia_pos=0.0; risco=0.0,Manter rotina de vigilância laboratorial.,sklearn_gb_v1,sklearn_v1
UBERABA,zika,2025,9,0.0137,-4.2785,baixo,positividade=0.0; tendencia_pos=0.0; risco=0.0,Manter rotina de vigilância laboratorial.,sklearn_gb_v1,sklearn_v1
VALE DO PARAISO,dengue,2025,9,0.0137,-4.2785,baixo,positividade=0.0; tendencia_pos=0.0; risco=0.0,Manter rotina de vigilância laboratorial.,sklearn_gb_v1,sklearn_v1
VALE DO ANARI,zika,2025,14,0.0137,-4.2785,baixo,positividade=0.0; tendencia_pos=0.0; risco=0.0,Manter rotina de vigilância laboratorial.,sklearn_gb_v1,sklearn_v1
VALE DO ANARI,dengue,2025,14,0.0137,-4.2785,baixo,positividade=0.0; tendencia_pos=0.0; risco=0.0,Manter rotina de vigilância laboratorial.,sklearn_gb_v1,sklearn_v1
VALE DE SAO DOMINGOS,zika,2025,12,0.0137,-4.2785,baixo,positividade=0.0; tendencia_pos=0.0; risco=0.05,Manter rotina de vigilância laboratorial.,sklearn_gb_v1,sklearn_v1
VALE DE SAO DOMINGOS,tuberculose,2025,13,0.0137,-4.2785,baixo,positividade=0.0; tendencia_pos=0.0; risco=0.05,Manter rotina de vigilância laboratorial.,sklearn_gb_v1,sklearn_v1
VALE DE SAO DOMINGOS,leptospira,2024,48,0.0137,-4.2785,baixo,positividade=0.0; tendencia_pos=0.0; risco=0.05,Manter rotina de vigilância laboratorial.,sklearn_gb_v1,sklearn_v1
VALE DE SAO DOMINGOS,hepatite_c_hcv,2024,48,0.0137,-4.2785,baixo,positividade=0.0; tendencia_pos=0.0; risco=0.05,Manter rotina de vigilância laboratorial.,sklearn_gb_v1,sklearn_v1
VALE DE SAO DOMINGOS,dengue,2025,12,0.0137,-4.2785,baixo,positividade=0.0; tendencia_pos=0.0; risco=0.05,Manter rotina de vigilância laboratorial.,sklearn_gb_v1,sklearn_v1
URUCARA,zika,2025,20,0.0137,-4.2785,baixo,positividade=0.0; tendencia_pos=0.0; risco=0.0,Manter rotina de vigilância laboratorial.,sklearn_gb_v1,sklearn_v1
URUCARA,chikungunya,2025,20,0.0137,-4.2785,baixo,positividade=0.0; tendencia_pos=0.0; risco=0.0,Manter rotina de vigilância laboratorial.,sklearn_gb_v1,sklearn_v1
URBANO SANTOS,zika,2025,20,0.0137,-4.2785,baixo,positividade=0.0; tendencia_pos=0.0; risco=0.0,Manter rotina de vigilância laboratorial.,sklearn_gb_v1,sklearn_v1
URBANO SANTOS,chikungunya,2025,20,0.0137,-4.2785,baixo,positividade=0.0; tendencia_pos=0.0; risco=0.0,Manter rotina de vigilância laboratorial.,sklearn_gb_v1,sklearn_v1
UNIAO DOS PALMARES,zika,2025,33,0.0137,-4.2785,baixo,positividade=0.0; tendencia_pos=0.0; risco=0.0,Manter rotina de vigilância laboratorial.,sklearn_gb_v1,sklearn_v1
UNIAO DOS PALMARES,dengue,2025,33,0.0137,-4.2785,baixo,positividade=0.0; tendencia_pos=0.0; risco=0.0,Manter rotina de vigilância laboratorial.,sklearn_gb_v1,sklearn_v1
UNIAO DOS PALMARES,chikungunya,2025,33,0.0137,-4.2785,baixo,positividade=0.0; tendencia_pos=0.0; risco=0.0,Manter rotina de vigilância laboratorial.,sklearn_gb_v1,sklearn_v1
UMUARAMA,zika,2025,8,0.0137,-4.2785,baixo,positividade=0.0; tendencia_pos=0.0; risco=0.0,Manter rotina de vigilância laboratorial.,sklearn_gb_v1,sklearn_v1
VARZEA ALEGRE,chikungunya,2025,15,0.0137,-4.2785,baixo,positividade=0.0; tendencia_pos=0.0; risco=0.0,Manter rotina de vigilância laboratorial.,sklearn_gb_v1,sklearn_v1
VARJAO DE MINAS,dengue,2024,24,0.0137,-4.2785,baixo,positividade=0.0; tendencia_pos=0.0; risco=0.0,Manter rotina de vigilância laboratorial.,sklearn_gb_v1,sklearn_v1
VARGEM GRANDE,zika,2025,17,0.0137,-4.2785,baixo,positividade=0.0; tendencia_pos=0.0; risco=0.0,Manter rotina de vigilância laboratorial.,sklearn_gb_v1,sklearn_v1
ALTOS,zika,2025,7,0.0137,-4.2785,baixo,positividade=0.0; tendencia_pos=0.0; risco=0.0,Manter rotina de vigilância laboratorial.,sklearn_gb_v1,sklearn_v1
ALTOS,dengue,2025,7,0.0137,-4.2785,baixo,positividade=0.0; tendencia_pos=0.0; risco=0.0,Manter rotina de vigilância laboratorial.,sklearn_gb_v1,sklearn_v1
ALTONIA,dengue,2025,7,0.0137,-4.2785,baixo,positividade=0.0; tendencia_pos=0.0; risco=0.0,Manter rotina de vigilância laboratorial.,sklearn_gb_v1,sklearn_v1
ALTO TAQUARI,virus_respiratorios,2025,23,0.0137,-4.2785,baixo,positividade=0.0; tendencia_pos=0.0; risco=0.0,Manter rotina de vigilância laboratorial.,sklearn_gb_v1,sklearn_v1
ALTO TAQUARI,rotavirus,2024,32,0.0137,-4.2785,baixo,positividade=0.0; tendencia_pos=0.0; risco=0.0,Manter rotina de vigilância laboratorial.,sklearn_gb_v1,sklearn_v1
ALTO TAQUARI,neisseria_gonorrhoeae,2024,32,0.0137,-4.2785,baixo,positividade=0.0; tendencia_pos=0.0; risco=0.0,Manter rotina de vigilância laboratorial.,sklearn_gb_v1,sklearn_v1
ALTO TAQUARI,leptospira,2025,23,0.0137,-4.2785,baixo,positividade=0.0; tendencia_pos=0.0; risco=0.0,Manter rotina de vigilância laboratorial.,sklearn_gb_v1,sklearn_v1
ALTO TAQUARI,influenza_b,2025,23,0.0137,-4.2785,baixo,positividade=0.0; tendencia_pos=0.0; risco=0.0,Manter rotina de vigilância laboratorial.,sklearn_gb_v1,sklearn_v1
ALTO TAQUARI,influenza_a,2025,23,0.0137,-4.2785,baixo,positividade=0.0; tendencia_pos=0.0; risco=0.0,Manter rotina de vigilância laboratorial.,sklearn_gb_v1,sklearn_v1
ALTO TAQUARI,hepatite_c_hcv,2025,31,0.0137,-4.2785,baixo,positividade=0.0; tendencia_pos=0.0; risco=0.0,Manter rotina de vigilância laboratorial.,sklearn_gb_v1,sklearn_v1
VARGEM GRANDE,chikungunya,2025,17,0.0137,-4.2785,baixo,positividade=0.0; tendencia_pos=0.0; risco=0.0,Manter rotina de vigilância laboratorial.,sklearn_gb_v1,sklearn_v1
VALE DO PARAISO,zika,2025,9,0.0137,-4.2785,baixo,positividade=0.0; tendencia_pos=0.0; risco=0.0,Manter rotina de vigilância laboratorial.,sklearn_gb_v1,sklearn_v1
VARZEA GRANDE,febre_amarela_biologia_molecular,2025,30,0.0137,-4.2785,baixo,positividade=0.0; tendencia_pos=0.0; risco=0.0,Manter rotina de vigilância laboratorial.,sklearn_gb_v1,sklearn_v1
ALTO TAQUARI,fungos,2025,20,0.0137,-4.2785,baixo,positividade=0.0; tendencia_pos=0.0; risco=0.0,Manter rotina de vigilância laboratorial.,sklearn_gb_v1,sklearn_v1
ALTO TAQUARI,cultura_para_fungos,2025,20,0.0137,-4.2785,baixo,positividade=0.0; tendencia_pos=0.0; risco=0.0,Manter rotina de vigilância laboratorial.,sklearn_gb_v1,sklearn_v1
ALTO PARAGUAI,zika,2025,21,0.0137,-4.2785,baixo,positividade=0.0; tendencia_pos=0.0; risco=0.05,Manter rotina de vigilância laboratorial.,sklearn_gb_v1,sklearn_v1
ALTO PARAGUAI,virus_respiratorios,2025,17,0.0137,-4.2785,baixo,positividade=0.0; tendencia_pos=0.0; risco=0.05,Manter rotina de vigilância laboratorial.,sklearn_gb_v1,sklearn_v1
ALTO PARAGUAI,tuberculose_lf_lam,2026,18,0.0137,-4.2785,baixo,positividade=0.0; tendencia_pos=0.0; risco=0.05,Manter rotina de vigilância laboratorial.,sklearn_gb_v1,sklearn_v1
ALTO PARAGUAI,tuberculose_cultura,2025,24,0.0137,-4.2785,baixo,positividade=0.0; tendencia_pos=0.0; risco=0.05,Manter rotina de vigilância laboratorial.,sklearn_gb_v1,sklearn_v1
ALTO PARAGUAI,sars_cov_2,2025,25,0.0137,-4.2785,baixo,positividade=0.0; tendencia_pos=0.0; risco=0.05,Manter rotina de vigilância laboratorial.,sklearn_gb_v1,sklearn_v1
ALTO PARAGUAI,rifampicina,2026,11,0.0137,-4.2785,baixo,positividade=0.0; tendencia_pos=0.0; risco=0.05,Manter rotina de vigilância laboratorial.,sklearn_gb_v1,sklearn_v1
ALTO PARAGUAI,influenza_b,2025,25,0.0137,-4.2785,baixo,positividade=0.0; tendencia_pos=0.0; risco=0.05,Manter rotina de vigilância laboratorial.,sklearn_gb_v1,sklearn_v1
ALTO PARAGUAI,influenza_a,2025,25,0.0137,-4.2785,baixo,positividade=0.0; tendencia_pos=0.0; risco=0.05,Manter rotina de vigilância laboratorial.,sklearn_gb_v1,sklearn_v1
ALTO PARAGUAI,hepatite_b_hbv,2025,31,0.0137,-4.2785,baixo,positividade=0.0; tendencia_pos=0.0; risco=0.05,Manter rotina de vigilância laboratorial.,sklearn_gb_v1,sklearn_v1
ALTO PARAGUAI,fungos,2025,24,0.0137,-4.2785,baixo,positividade=0.0; tendencia_pos=0.0; risco=0.05,Manter rotina de vigilância laboratorial.,sklearn_gb_v1,sklearn_v1
VARZEA GRANDE,bacterias_teste_de_sensibilidade_ii,2024,38,0.0137,-4.2785,baixo,positividade=0.0; tendencia_pos=0.0; risco=0.0,Manter rotina de vigilância laboratorial.,sklearn_gb_v1,sklearn_v1
VARZEA ALEGRE,zika,2025,15,0.0137,-4.2785,baixo,positividade=0.0; tendencia_pos=0.0; risco=0.0,Manter rotina de vigilância laboratorial.,sklearn_gb_v1,sklearn_v1
VARZEA ALEGRE,dengue,2025,15,0.0137,-4.2785,baixo,positividade=0.0; tendencia_pos=0.0; risco=0.0,Manter rotina de vigilância laboratorial.,sklearn_gb_v1,sklearn_v1
VARZEA GRANDE,parvovirus_b19_igg,2025,30,0.0137,-4.2785,baixo,positividade=0.0; tendencia_pos=0.0; risco=0.0,Manter rotina de vigilância laboratorial.,sklearn_gb_v1,sklearn_v1
VARZEA GRANDE,paracoccidioidomicose,2025,3,0.0137,-4.2785,baixo,positividade=0.0; tendencia_pos=0.0; risco=0.0,Manter rotina de vigilância laboratorial.,sklearn_gb_v1,sklearn_v1
MARECHAL CANDIDO RONDON,zika,2024,26,0.0137,-4.2785,baixo,positividade=0.0; tendencia_pos=0.0; risco=0.0,Manter rotina de vigilância laboratorial.,sklearn_gb_v1,sklearn_v1
VARZEA GRANDE,leptospira,2025,32,0.0137,-4.2785,baixo,positividade=0.0; tendencia_pos=0.0; risco=0.0,Manter rotina de vigilância laboratorial.,sklearn_gb_v1,sklearn_v1
ALTO PARAGUAI,cultura_para_fungos,2025,24,0.0137,-4.2785,baixo,positividade=0.0; tendencia_pos=0.0; risco=0.05,Manter rotina de vigilância laboratorial.,sklearn_gb_v1,sklearn_v1
ALTO PARAGUAI,criptococos_teste_rapido,2026,18,0.0137,-4.2785,baixo,positividade=0.0; tendencia_pos=0.0; risco=0.05,Manter rotina de vigilância laboratorial.,sklearn_gb_v1,sklearn_v1
ALTO GARCAS,sars_cov_2,2025,32,0.0137,-4.2785,baixo,positividade=0.0; tendencia_pos=0.0; risco=0.0,Manter rotina de vigilância laboratorial.,sklearn_gb_v1,sklearn_v1
ALTO GARCAS,sarampo_igm,2025,40,0.0137,-4.2785,baixo,positividade=0.0; tendencia_pos=0.0; risco=0.0,Manter rotina de vigilância laboratorial.,sklearn_gb_v1,sklearn_v1
ALTO GARCAS,sarampo_biologia_molecular,2025,40,0.0137,-4.2785,baixo,positividade=0.0; tendencia_pos=0.0; risco=0.0,Manter rotina de vigilância laboratorial.,sklearn_gb_v1,sklearn_v1
ALTO GARCAS,influenza_b,2025,32,0.0137,-4.2785,baixo,positividade=0.0; tendencia_pos=0.0; risco=0.0,Manter rotina de vigilância laboratorial.,sklearn_gb_v1,sklearn_v1
ALTO GARCAS,influenza_a,2025,32,0.0137,-4.2785,baixo,positividade=0.0; tendencia_pos=0.0; risco=0.0,Manter rotina de vigilância laboratorial.,sklearn_gb_v1,sklearn_v1
ALTO GARCAS,hepatite_b_hbv,2025,27,0.0137,-4.2785,baixo,positividade=0.0; tendencia_pos=0.0; risco=0.0,Manter rotina de vigilância laboratorial.,sklearn_gb_v1,sklearn_v1
VARZEA GRANDE,histoplasmose,2025,6,0.0137,-4.2785,baixo,positividade=0.0; tendencia_pos=0.0; risco=0.0,Manter rotina de vigilância laboratorial.,sklearn_gb_v1,sklearn_v1
VARZEA GRANDE,herpes_virus_biologia_molecular,2025,4,0.0137,-4.2785,baixo,positividade=0.0; tendencia_pos=0.0; risco=0.0,Manter rotina de vigilância laboratorial.,sklearn_gb_v1,sklearn_v1
VARZEA GRANDE,filariose_parasitologico,2025,11,0.0137,-4.2785,baixo,positividade=0.0; tendencia_pos=0.0; risco=0.0,Manter rotina de vigilância laboratorial.,sklearn_gb_v1,sklearn_v1
VARZEA GRANDE,febre_amarela_igm,2024,25,0.0137,-4.2785,baixo,positividade=0.0; tendencia_pos=0.0; risco=0.0,Manter rotina de vigilância laboratorial.,sklearn_gb_v1,sklearn_v1
ALTO ARAGUAIA,zika,2025,8,0.0137,-4.2785,baixo,positividade=0.0; tendencia_pos=0.0; risco=0.0,Manter rotina de vigilância laboratorial.,sklearn_gb_v1,sklearn_v1
ALTO ARAGUAIA,virus_respiratorios,2025,22,0.0137,-4.2785,baixo,positividade=0.0; tendencia_pos=0.0; risco=0.0,Manter rotina de vigilância laboratorial.,sklearn_gb_v1,sklearn_v1
ALTO ARAGUAIA,tuberculose_cultura,2025,20,0.0137,-4.2785,baixo,positividade=0.0; tendencia_pos=0.0; risco=0.0,Manter rotina de vigilância laboratorial.,sklearn_gb_v1,sklearn_v1
ALTO ARAGUAIA,sars_cov_2,2025,22,0.0137,-4.2785,baixo,positividade=0.0; tendencia_pos=0.0; risco=0.0,Manter rotina de vigilância laboratorial.,sklearn_gb_v1,sklearn_v1
VARZEA GRANDE,rotavirus,2024,30,0.0137,-4.2785,baixo,positividade=0.0; tendencia_pos=0.0; risco=0.0,Manter rotina de vigilância laboratorial.,sklearn_gb_v1,sklearn_v1
VARZEA GRANDE,rifampicina,2026,20,0.0137,-4.2785,baixo,positividade=0.0; tendencia_pos=0.0; risco=0.0,Manter rotina de vigilância laboratorial.,sklearn_gb_v1,sklearn_v1
VARZEA GRANDE,poliomielite_paralisia_flacida_aguda,2025,2,0.0137,-4.2785,baixo,positividade=0.0; tendencia_pos=0.0; risco=0.0,Manter rotina de vigilância laboratorial.,sklearn_gb_v1,sklearn_v1
VARZEA GRANDE,parvovirus_b19_igm,2025,30,0.0137,-4.2785,baixo,positividade=0.0; tendencia_pos=0.0; risco=0.0,Manter rotina de vigilância laboratorial.,sklearn_gb_v1,sklearn_v1
VAZANTE,chikungunya,2025,24,0.0137,-4.2785,baixo,positividade=0.0; tendencia_pos=0.0; risco=0.0,Manter rotina de vigilância laboratorial.,sklearn_gb_v1,sklearn_v1
ALTO ARAGUAIA,hepatite_b_hbv,2025,13,0.0137,-4.2785,baixo,positividade=0.0; tendencia_pos=0.0; risco=0.0,Manter rotina de vigilância laboratorial.,sklearn_gb_v1,sklearn_v1
ALTO ARAGUAIA,fungos,2025,20,0.0137,-4.2785,baixo,positividade=0.0; tendencia_pos=0.0; risco=0.0,Manter rotina de vigilância laboratorial.,sklearn_gb_v1,sklearn_v1
ALTO ARAGUAIA,dengue,2025,8,0.0137,-4.2785,baixo,positividade=0.0; tendencia_pos=0.0; risco=0.0,Manter rotina de vigilância laboratorial.,sklearn_gb_v1,sklearn_v1
ALTO ARAGUAIA,cultura_para_fungos,2025,20,0.0137,-4.2785,baixo,positividade=0.0; tendencia_pos=0.0; risco=0.0,Manter rotina de vigilância laboratorial.,sklearn_gb_v1,sklearn_v1
ALTO ARAGUAIA,chikungunya,2025,8,0.0137,-4.2785,baixo,positividade=0.0; tendencia_pos=0.0; risco=0.0,Manter rotina de vigilância laboratorial.,sklearn_gb_v1,sklearn_v1
ALTO ALEGRE DO PINDARE,zika,2024,31,0.0137,-4.2785,baixo,positividade=0.0; tendencia_pos=0.0; risco=0.0,Manter rotina de vigilância laboratorial.,sklearn_gb_v1,sklearn_v1
ALTO ALEGRE DO PINDARE,sars_cov_2,2024,30,0.0137,-4.2785,baixo,positividade=0.0; tendencia_pos=0.0; risco=0.0,Manter rotina de vigilância laboratorial.,sklearn_gb_v1,sklearn_v1
ALTO ALEGRE DO PINDARE,influenza_b,2024,30,0.0137,-4.2785,baixo,positividade=0.0; tendencia_pos=0.0; risco=0.0,Manter rotina de vigilância laboratorial.,sklearn_gb_v1,sklearn_v1
ALTO ALEGRE DO PINDARE,influenza_a,2024,30,0.0137,-4.2785,baixo,positividade=0.0; tendencia_pos=0.0; risco=0.0,Manter rotina de vigilância laboratorial.,sklearn_gb_v1,sklearn_v1
ALTO ALEGRE DO MARANHAO,zika,2025,12,0.0137,-4.2785,baixo,positividade=0.0; tendencia_pos=0.0; risco=0.0,Manter rotina de vigilância laboratorial.,sklearn_gb_v1,sklearn_v1
ALTO ALEGRE DO MARANHAO,dengue,2025,12,0.0137,-4.2785,baixo,positividade=0.0; tendencia_pos=0.0; risco=0.0,Manter rotina de vigilância laboratorial.,sklearn_gb_v1,sklearn_v1
ALTO ALEGRE DO MARANHAO,chikungunya,2025,12,0.0137,-4.2785,baixo,positividade=0.0; tendencia_pos=0.0; risco=0.0,Manter rotina de vigilância laboratorial.,sklearn_gb_v1,sklearn_v1
MARECHAL CANDIDO RONDON,dengue,2024,26,0.0137,-4.2785,baixo,positividade=0.0; tendencia_pos=0.0; risco=0.0,Manter rotina de vigilância laboratorial.,sklearn_gb_v1,sklearn_v1
ALTAMIRA,tuberculose_lf_lam,2026,10,0.0137,-4.2785,baixo,positividade=0.0; tendencia_pos=0.0; risco=0.0,Manter rotina de vigilância laboratorial.,sklearn_gb_v1,sklearn_v1
VILA RICA,tuberculose_cultura,2025,22,0.0137,-4.2785,baixo,positividade=0.0; tendencia_pos=0.0; risco=0.05,Manter rotina de vigilância laboratorial.,sklearn_gb_v1,sklearn_v1
MATUPA,influenza_b,2025,30,0.0137,-4.2785,baixo,positividade=0.0; tendencia_pos=0.0; risco=0.0,Manter rotina de vigilância laboratorial.,sklearn_gb_v1,sklearn_v1
MATUPA,influenza_a,2025,30,0.0137,-4.2785,baixo,positividade=0.0; tendencia_pos=0.0; risco=0.0,Manter rotina de vigilância laboratorial.,sklearn_gb_v1,sklearn_v1
MATUPA,hiv,2025,24,0.0137,-4.2785,baixo,positividade=0.0; tendencia_pos=0.0; risco=0.0,Manter rotina de vigilância laboratorial.,sklearn_gb_v1,sklearn_v1
MATUPA,hepatite_c_hcv,2025,24,0.0137,-4.2785,baixo,positividade=0.0; tendencia_pos=0.0; risco=0.0,Manter rotina de vigilância laboratorial.,sklearn_gb_v1,sklearn_v1
MATUPA,fungos,2025,20,0.0137,-4.2785,baixo,positividade=0.0; tendencia_pos=0.0; risco=0.0,Manter rotina de vigilância laboratorial.,sklearn_gb_v1,sklearn_v1
XANXERE,zika,2025,6,0.0137,-4.2785,baixo,positividade=0.0; tendencia_pos=0.0; risco=0.0,Manter rotina de vigilância laboratorial.,sklearn_gb_v1,sklearn_v1
XANXERE,dengue,2025,6,0.0137,-4.2785,baixo,positividade=0.0; tendencia_pos=0.0; risco=0.0,Manter rotina de vigilância laboratorial.,sklearn_gb_v1,sklearn_v1
XANXERE,chikungunya,2025,6,0.0137,-4.2785,baixo,positividade=0.0; tendencia_pos=0.0; risco=0.0,Manter rotina de vigilância laboratorial.,sklearn_gb_v1,sklearn_v1
XAMBIOA,dengue,2024,28,0.0137,-4.2785,baixo,positividade=0.0; tendencia_pos=0.0; risco=0.0,Manter rotina de vigilância laboratorial.,sklearn_gb_v1,sklearn_v1
MARCELANDIA,tuberculose_cultura,2025,19,0.0137,-4.2785,baixo,positividade=0.0; tendencia_pos=0.0; risco=0.01,Manter rotina de vigilância laboratorial.,sklearn_gb_v1,sklearn_v1
VITORINO FREIRE,zika,2025,23,0.0137,-4.2785,baixo,positividade=0.0; tendencia_pos=0.0; risco=0.0,Manter rotina de vigilância laboratorial.,sklearn_gb_v1,sklearn_v1
VITORINO FREIRE,dengue,2025,23,0.0137,-4.2785,baixo,positividade=0.0; tendencia_pos=0.0; risco=0.0,Manter rotina de vigilância laboratorial.,sklearn_gb_v1,sklearn_v1
ACRELANDIA,zika,2024,28,0.0137,-4.2785,baixo,positividade=0.0; tendencia_pos=0.0; risco=0.0,Manter rotina de vigilância laboratorial.,sklearn_gb_v1,sklearn_v1
ACRELANDIA,dengue,2024,28,0.0137,-4.2785,baixo,positividade=0.0; tendencia_pos=0.0; risco=0.0,Manter rotina de vigilância laboratorial.,sklearn_gb_v1,sklearn_v1
MATUPA,leptospira,2024,24,0.0137,-4.2785,baixo,positividade=0.0; tendencia_pos=0.0; risco=0.0,Manter rotina de vigilância laboratorial.,sklearn_gb_v1,sklearn_v1
MINEIROS,dengue,2025,26,0.0137,-4.2785,baixo,positividade=0.0; tendencia_pos=0.0; risco=0.0,Manter rotina de vigilância laboratorial.,sklearn_gb_v1,sklearn_v1
VILA RICA,leishmaniose_visceral_humana_teste_rapido,2025,8,0.0137,-4.2785,baixo,positividade=0.0; tendencia_pos=0.0; risco=0.05,Manter rotina de vigilância laboratorial.,sklearn_gb_v1,sklearn_v1
VILA RICA,leishmaniose_tegumentar_americana_igg,2024,24,0.0137,-4.2785,baixo,positividade=0.0; tendencia_pos=0.0; risco=0.05,Manter rotina de vigilância laboratorial.,sklearn_gb_v1,sklearn_v1
VILA RICA,influenza_b,2025,27,0.0137,-4.2785,baixo,positividade=0.0; tendencia_pos=0.0; risco=0.05,Manter rotina de vigilância laboratorial.,sklearn_gb_v1,sklearn_v1
VILA RICA,citomegalovirus_igm,2024,32,0.0137,-4.2785,baixo,positividade=0.0; tendencia_pos=0.0; risco=0.05,Manter rotina de vigilância laboratorial.,sklearn_gb_v1,sklearn_v1
VILA RICA,chagas_igg,2025,26,0.0137,-4.2785,baixo,positividade=0.0; tendencia_pos=0.0; risco=0.05,Manter rotina de vigilância laboratorial.,sklearn_gb_v1,sklearn_v1
VILA RICA,chagas,2025,26,0.0137,-4.2785,baixo,positividade=0.0; tendencia_pos=0.0; risco=0.05,Manter rotina de vigilância laboratorial.,sklearn_gb_v1,sklearn_v1
ALMEIRIM,chikungunya,2025,28,0.0137,-4.2785,baixo,positividade=0.0; tendencia_pos=0.0; risco=0.0,Manter rotina de vigilância laboratorial.,sklearn_gb_v1,sklearn_v1
MATRIZ DE CAMARAGIBE,dengue,2025,22,0.0137,-4.2785,baixo,positividade=0.0; tendencia_pos=0.0; risco=0.0,Manter rotina de vigilância laboratorial.,sklearn_gb_v1,sklearn_v1
MATOES DO NORTE,zika,2025,11,0.0137,-4.2785,baixo,positividade=0.0; tendencia_pos=0.0; risco=0.0,Manter rotina de vigilância laboratorial.,sklearn_gb_v1,sklearn_v1
MATOES DO NORTE,dengue,2025,11,0.0137,-4.2785,baixo,positividade=0.0; tendencia_pos=0.0; risco=0.0,Manter rotina de vigilância laboratorial.,sklearn_gb_v1,sklearn_v1
MATINHA,zika,2025,21,0.0137,-4.2785,baixo,positividade=0.0; tendencia_pos=0.0; risco=0.0,Manter rotina de vigilância laboratorial.,sklearn_gb_v1,sklearn_v1
MATINHA,dengue,2025,23,0.0137,-4.2785,baixo,positividade=0.0; tendencia_pos=0.0; risco=0.0,Manter rotina de vigilância laboratorial.,sklearn_gb_v1,sklearn_v1
MATIAS OLIMPIO,zika,2025,8,0.0137,-4.2785,baixo,positividade=0.0; tendencia_pos=0.0; risco=0.0,Manter rotina de vigilância laboratorial.,sklearn_gb_v1,sklearn_v1
MATIAS OLIMPIO,dengue,2025,8,0.0137,-4.2785,baixo,positividade=0.0; tendencia_pos=0.0; risco=0.0,Manter rotina de vigilância laboratorial.,sklearn_gb_v1,sklearn_v1
VILA RICA,sars_cov_2,2025,27,0.0137,-4.2785,baixo,positividade=0.0; tendencia_pos=0.0; risco=0.05,Manter rotina de vigilância laboratorial.,sklearn_gb_v1,sklearn_v1
ALTO BOA VISTA,virus_respiratorios,2025,20,0.0134,-4.3026,baixo,positividade=0.0; tendencia_pos=0.0; risco=0.2,Manter rotina de vigilância laboratorial.,sklearn_gb_v1,sklearn_v1
ALTO BOA VISTA,brucelose_igg,2025,5,0.0134,-4.3026,baixo,positividade=0.0; tendencia_pos=0.0; risco=0.2,Manter rotina de vigilância laboratorial.,sklearn_gb_v1,sklearn_v1
ALTO BOA VISTA,brucelose_igm,2025,5,0.0134,-4.3026,baixo,positividade=0.0; tendencia_pos=0.0; risco=0.2,Manter rotina de vigilância laboratorial.,sklearn_gb_v1,sklearn_v1
ALTO BOA VISTA,hepatite_b_hbv,2025,11,0.0134,-4.3026,baixo,positividade=0.0; tendencia_pos=0.0; risco=0.2,Manter rotina de vigilância laboratorial.,sklearn_gb_v1,sklearn_v1
ALTO BOA VISTA,influenza_a,2025,20,0.0134,-4.3026,baixo,positividade=0.0; tendencia_pos=0.0; risco=0.2,Manter rotina de vigilância laboratorial.,sklearn_gb_v1,sklearn_v1
ALTO BOA VISTA,influenza_b,2025,20,0.0134,-4.3026,baixo,positividade=0.0; tendencia_pos=0.0; risco=0.2,Manter rotina de vigilância laboratorial.,sklearn_gb_v1,sklearn_v1
ALTO BOA VISTA,sars_cov_2,2025,18,0.0134,-4.3026,baixo,positividade=0.0; tendencia_pos=0.0; risco=0.2,Manter rotina de vigilância laboratorial.,sklearn_gb_v1,sklearn_v1
ALTO BOA VISTA,tuberculose,2025,3,0.0134,-4.3026,baixo,positividade=0.0; tendencia_pos=0.0; risco=0.2,Manter rotina de vigilância laboratorial.,sklearn_gb_v1,sklearn_v1
ALTO BOA VISTA,tuberculose_cultura,2025,7,0.0134,-4.3026,baixo,positividade=0.0; tendencia_pos=0.0; risco=0.2,Manter rotina de vigilância laboratorial.,sklearn_gb_v1,sklearn_v1
ALTO TAQUARI,zika,2025,17,0.0134,-4.3026,baixo,positividade=0.0; tendencia_pos=0.0; risco=0.26,Manter rotina de vigilância laboratorial.,sklearn_gb_v1,sklearn_v1
SORRISO,leptospira,2025,19,0.0134,-4.3026,baixo,positividade=0.0; tendencia_pos=0.0; risco=0.19,Manter rotina de vigilância laboratorial.,sklearn_gb_v1,sklearn_v1
CAMPINAPOLIS,febre_maculosa_igg,2024,31,0.0134,-4.3026,baixo,positividade=0.0; tendencia_pos=0.0; risco=0.28,Manter rotina de vigilância laboratorial.,sklearn_gb_v1,sklearn_v1
CAMPINAPOLIS,febre_do_nilo_ocidental_igm,2025,8,0.0134,-4.3026,baixo,positividade=0.0; tendencia_pos=0.0; risco=0.28,Manter rotina de vigilância laboratorial.,sklearn_gb_v1,sklearn_v1
CAMPINAPOLIS,bacterias_teste_de_sensibilidade_ii,2024,30,0.0134,-4.3026,baixo,positividade=0.0; tendencia_pos=0.0; risco=0.28,Manter rotina de vigilância laboratorial.,sklearn_gb_v1,sklearn_v1
SAO JOSE DO XINGU,rifampicina,2025,14,0.0134,-4.3026,baixo,positividade=0.0; tendencia_pos=0.0; risco=0.2,Manter rotina de vigilância laboratorial.,sklearn_gb_v1,sklearn_v1
CAMPINAPOLIS,oropouche_igm,2025,8,0.0134,-4.3026,baixo,positividade=0.0; tendencia_pos=0.0; risco=0.28,Manter rotina de vigilância laboratorial.,sklearn_gb_v1,sklearn_v1
SAO JOSE DOS QUATRO MARCOS,tuberculose_cultura,2025,28,0.0134,-4.3026,baixo,positividade=0.0; tendencia_pos=0.0; risco=0.3,Manter rotina de vigilância laboratorial.,sklearn_gb_v1,sklearn_v1
CAMPINAPOLIS,hepatite_b_hbv,2025,8,0.0134,-4.3026,baixo,positividade=0.0; tendencia_pos=0.0; risco=0.28,Manter rotina de vigilância laboratorial.,sklearn_gb_v1,sklearn_v1
CAMPINAPOLIS,hidatidose_igg,2025,3,0.0134,-4.3026,baixo,positividade=0.0; tendencia_pos=0.0; risco=0.28,Manter rotina de vigilância laboratorial.,sklearn_gb_v1,sklearn_v1
SAO FELIX DO ARAGUAIA,zika,2025,13,0.0134,-4.3026,baixo,positividade=0.0; tendencia_pos=0.0; risco=0.16,Manter rotina de vigilância laboratorial.,sklearn_gb_v1,sklearn_v1
SAO FELIX DO ARAGUAIA,virus_respiratorios,2025,11,0.0134,-4.3026,baixo,positividade=0.0; tendencia_pos=0.0; risco=0.16,Manter rotina de vigilância laboratorial.,sklearn_gb_v1,sklearn_v1
SAO FELIX DO ARAGUAIA,influenza_b,2025,11,0.0134,-4.3026,baixo,positividade=0.0; tendencia_pos=0.0; risco=0.16,Manter rotina de vigilância laboratorial.,sklearn_gb_v1,sklearn_v1
SAO FELIX DO ARAGUAIA,influenza_a,2025,11,0.0134,-4.3026,baixo,positividade=0.0; tendencia_pos=0.0; risco=0.16,Manter rotina de vigilância laboratorial.,sklearn_gb_v1,sklearn_v1
SAO FELIX DO ARAGUAIA,hepatite_c_hcv,2024,34,0.0134,-4.3026,baixo,positividade=0.0; tendencia_pos=0.0; risco=0.16,Manter rotina de vigilância laboratorial.,sklearn_gb_v1,sklearn_v1
CAMPINAPOLIS,mayaro_igm,2025,8,0.0134,-4.3026,baixo,positividade=0.0; tendencia_pos=0.0; risco=0.28,Manter rotina de vigilância laboratorial.,sklearn_gb_v1,sklearn_v1
SANTA TEREZINHA,tuberculose_cultura,2025,11,0.0134,-4.3026,baixo,positividade=0.0; tendencia_pos=0.0; risco=0.18,Manter rotina de vigilância laboratorial.,sklearn_gb_v1,sklearn_v1
SANTA TEREZINHA,virus_respiratorios,2025,12,0.0134,-4.3026,baixo,positividade=0.0; tendencia_pos=0.0; risco=0.18,Manter rotina de vigilância laboratorial.,sklearn_gb_v1,sklearn_v1
SANTA CRUZ DO XINGU,chikungunya,2025,12,0.0134,-4.3026,baixo,positividade=0.0; tendencia_pos=0.0; risco=0.14,Manter rotina de vigilância laboratorial.,sklearn_gb_v1,sklearn_v1
SANTA CRUZ DO XINGU,hepatite_b_hbv,2024,48,0.0134,-4.3026,baixo,positividade=0.0; tendencia_pos=0.0; risco=0.14,Manter rotina de vigilância laboratorial.,sklearn_gb_v1,sklearn_v1
SANTA CRUZ DO XINGU,zika,2025,12,0.0134,-4.3026,baixo,positividade=0.0; tendencia_pos=0.0; risco=0.14,Manter rotina de vigilância laboratorial.,sklearn_gb_v1,sklearn_v1
COCALINHO,dengue,2025,16,0.0134,-4.3026,baixo,positividade=0.0; tendencia_pos=0.0; risco=0.15,Manter rotina de vigilância laboratorial.,sklearn_gb_v1,sklearn_v1
SANTA TEREZINHA,hepatite_c_hcv,2025,10,0.0134,-4.3026,baixo,positividade=0.0; tendencia_pos=0.0; risco=0.18,Manter rotina de vigilância laboratorial.,sklearn_gb_v1,sklearn_v1
SANTA TEREZINHA,toxoplasmose_igm,2024,25,0.0134,-4.3026,baixo,positividade=0.0; tendencia_pos=0.0; risco=0.18,Manter rotina de vigilância laboratorial.,sklearn_gb_v1,sklearn_v1
COCALINHO,hepatite_c_hcv,2024,42,0.0134,-4.3026,baixo,positividade=0.0; tendencia_pos=0.0; risco=0.15,Manter rotina de vigilância laboratorial.,sklearn_gb_v1,sklearn_v1
COCALINHO,influenza_b,2024,35,0.0134,-4.3026,baixo,positividade=0.0; tendencia_pos=0.0; risco=0.15,Manter rotina de vigilância laboratorial.,sklearn_gb_v1,sklearn_v1
COLNIZA,hanseniase_biologia_molecular,2025,21,0.0134,-4.3026,baixo,positividade=0.0; tendencia_pos=0.0; risco=0.16,Manter rotina de vigilância laboratorial.,sklearn_gb_v1,sklearn_v1
COLIDER,rifampicina,2024,28,0.0134,-4.3026,baixo,positividade=0.0; tendencia_pos=0.0; risco=0.18,Manter rotina de vigilância laboratorial.,sklearn_gb_v1,sklearn_v1
COLIDER,leptospira,2025,13,0.0134,-4.3026,baixo,positividade=0.0; tendencia_pos=0.0; risco=0.18,Manter rotina de vigilância laboratorial.,sklearn_gb_v1,sklearn_v1
COCALINHO,zika,2025,16,0.0134,-4.3026,baixo,positividade=0.0; tendencia_pos=0.0; risco=0.15,Manter rotina de vigilância laboratorial.,sklearn_gb_v1,sklearn_v1
COCALINHO,virus_respiratorios,2024,35,0.0134,-4.3026,baixo,positividade=0.0; tendencia_pos=0.0; risco=0.15,Manter rotina de vigilância laboratorial.,sklearn_gb_v1,sklearn_v1
COCALINHO,neisseria_gonorrhoeae,2025,1,0.0134,-4.3026,baixo,positividade=0.0; tendencia_pos=0.0; risco=0.15,Manter rotina de vigilância laboratorial.,sklearn_gb_v1,sklearn_v1
POCONE,meningite_bacteriana_biologia_molecular,2025,28,0.0134,-4.3026,baixo,positividade=0.0; tendencia_pos=0.0; risco=0.17,Manter rotina de vigilância laboratorial.,sklearn_gb_v1,sklearn_v1
PEDRA PRETA,tuberculose_cultura,2024,25,0.0134,-4.3026,baixo,positividade=0.0; tendencia_pos=0.0; risco=0.3,Manter rotina de vigilância laboratorial.,sklearn_gb_v1,sklearn_v1
NOVO SANTO ANTONIO,sars_cov_2,2024,39,0.0134,-4.3026,baixo,positividade=0.0; tendencia_pos=0.0; risco=0.21,Manter rotina de vigilância laboratorial.,sklearn_gb_v1,sklearn_v1
NOVO SANTO ANTONIO,toxoplasmose_igm,2025,33,0.0134,-4.3026,baixo,positividade=0.0; tendencia_pos=0.0; risco=0.21,Manter rotina de vigilância laboratorial.,sklearn_gb_v1,sklearn_v1
NOVO SANTO ANTONIO,tuberculose_cultura,2025,9,0.0134,-4.3026,baixo,positividade=0.0; tendencia_pos=0.0; risco=0.21,Manter rotina de vigilância laboratorial.,sklearn_gb_v1,sklearn_v1
NOVO SANTO ANTONIO,zika,2025,26,0.0134,-4.3026,baixo,positividade=0.0; tendencia_pos=0.0; risco=0.21,Manter rotina de vigilância laboratorial.,sklearn_gb_v1,sklearn_v1
COLNIZA,hepatite_c_hcv,2025,6,0.0134,-4.3026,baixo,positividade=0.0; tendencia_pos=0.0; risco=0.16,Manter rotina de vigilância laboratorial.,sklearn_gb_v1,sklearn_v1
COLNIZA,leishmaniose_visceral_humana_teste_rapido,2025,30,0.0134,-4.3026,baixo,positividade=0.0; tendencia_pos=0.0; risco=0.16,Manter rotina de vigilância laboratorial.,sklearn_gb_v1,sklearn_v1
COLNIZA,leptospira,2025,23,0.0134,-4.3026,baixo,positividade=0.0; tendencia_pos=0.0; risco=0.16,Manter rotina de vigilância laboratorial.,sklearn_gb_v1,sklearn_v1
COLNIZA,neisseria_gonorrhoeae,2025,6,0.0134,-4.3026,baixo,positividade=0.0; tendencia_pos=0.0; risco=0.16,Manter rotina de vigilância laboratorial.,sklearn_gb_v1,sklearn_v1
COLNIZA,tuberculose,2025,31,0.0134,-4.3026,baixo,positividade=0.0; tendencia_pos=0.0; risco=0.16,Manter rotina de vigilância laboratorial.,sklearn_gb_v1,sklearn_v1
COLNIZA,tuberculose_cultura,2025,17,0.0134,-4.3026,baixo,positividade=0.0; tendencia_pos=0.0; risco=0.16,Manter rotina de vigilância laboratorial.,sklearn_gb_v1,sklearn_v1
COLNIZA,virus_respiratorios,2025,33,0.0134,-4.3026,baixo,positividade=0.0; tendencia_pos=0.0; risco=0.16,Manter rotina de vigilância laboratorial.,sklearn_gb_v1,sklearn_v1
CONFRESA,tuberculose,2025,23,0.0134,-4.3026,baixo,positividade=0.0; tendencia_pos=0.0; risco=0.15,Manter rotina de vigilância laboratorial.,sklearn_gb_v1,sklearn_v1
COTRIGUACU,tuberculose_cultura,2025,25,0.0134,-4.3026,baixo,positividade=0.0; tendencia_pos=0.0; risco=0.35,Manter rotina de vigilância laboratorial.,sklearn_gb_v1,sklearn_v1
PRIMAVERA DO LESTE,rifampicina,2025,32,0.0134,-4.3026,baixo,positividade=0.0; tendencia_pos=0.0; risco=0.16,Manter rotina de vigilância laboratorial.,sklearn_gb_v1,sklearn_v1
NOVO SANTO ANTONIO,influenza_a,2024,39,0.0134,-4.3026,baixo,positividade=0.0; tendencia_pos=0.0; risco=0.21,Manter rotina de vigilância laboratorial.,sklearn_gb_v1,sklearn_v1
NOVO SANTO ANTONIO,influenza_b,2024,39,0.0134,-4.3026,baixo,positividade=0.0; tendencia_pos=0.0; risco=0.21,Manter rotina de vigilância laboratorial.,sklearn_gb_v1,sklearn_v1
NOVO SANTO ANTONIO,rubeola_igm,2025,33,0.0134,-4.3026,baixo,positividade=0.0; tendencia_pos=0.0; risco=0.21,Manter rotina de vigilância laboratorial.,sklearn_gb_v1,sklearn_v1
NOVA OLIMPIA,leptospira,2025,9,0.0134,-4.3026,baixo,positividade=0.0; tendencia_pos=0.0; risco=0.21,Manter rotina de vigilância laboratorial.,sklearn_gb_v1,sklearn_v1
JAURU,tuberculose_cultura,2025,29,0.0134,-4.3026,baixo,positividade=0.0; tendencia_pos=0.0; risco=0.2,Manter rotina de vigilância laboratorial.,sklearn_gb_v1,sklearn_v1
JURUENA,tuberculose_cultura,2025,28,0.0134,-4.3026,baixo,positividade=0.0; tendencia_pos=0.0; risco=0.32,Manter rotina de vigilância laboratorial.,sklearn_gb_v1,sklearn_v1
NOVO SANTO ANTONIO,chikungunya,2025,26,0.0134,-4.3026,baixo,positividade=0.0; tendencia_pos=0.0; risco=0.21,Manter rotina de vigilância laboratorial.,sklearn_gb_v1,sklearn_v1
NOVO SANTO ANTONIO,hepatite_c_hcv,2024,27,0.0134,-4.3026,baixo,positividade=0.0; tendencia_pos=0.0; risco=0.21,Manter rotina de vigilância laboratorial.,sklearn_gb_v1,sklearn_v1
ACORIZAL,rifampicina,2025,19,0.0134,-4.3026,baixo,positividade=0.0; tendencia_pos=0.0; risco=0.15,Manter rotina de vigilância laboratorial.,sklearn_gb_v1,sklearn_v1
BARAO DE MELGACO,influenza_a,2025,29,0.013,-4.3313,baixo,positividade=0.0; tendencia_pos=0.0; risco=0.5,Manter rotina de vigilância laboratorial.,sklearn_gb_v1,sklearn_v1
BARAO DE MELGACO,hepatite_b_hbv,2025,13,0.013,-4.3313,baixo,positividade=0.0; tendencia_pos=0.0; risco=0.5,Manter rotina de vigilância laboratorial.,sklearn_gb_v1,sklearn_v1
BARAO DE MELGACO,tuberculose_cultura,2024,23,0.013,-4.3313,baixo,positividade=0.0; tendencia_pos=0.0; risco=0.5,Manter rotina de vigilância laboratorial.,sklearn_gb_v1,sklearn_v1
BARAO DE MELGACO,sars_cov_2,2025,29,0.013,-4.3313,baixo,positividade=0.0; tendencia_pos=0.0; risco=0.5,Manter rotina de vigilância laboratorial.,sklearn_gb_v1,sklearn_v1
BARAO DE MELGACO,influenza_b,2025,29,0.013,-4.3313,baixo,positividade=0.0; tendencia_pos=0.0; risco=0.5,Manter rotina de vigilância laboratorial.,sklearn_gb_v1,sklearn_v1
BARAO DE MELGACO,virus_respiratorios,2025,8,0.013,-4.3313,baixo,positividade=0.0; tendencia_pos=0.0; risco=0.5,Manter rotina de vigilância laboratorial.,sklearn_gb_v1,sklearn_v1
NOVA LACERDA,zika,2025,21,0.013,-4.3313,baixo,positividade=0.0; tendencia_pos=0.0; risco=0.49,Manter rotina de vigilância laboratorial.,sklearn_gb_v1,sklearn_v1
