municipio,target,epi_year,epi_week,prob_silencio_proxima_janela,tests_ultima_semana,tests_ma8,notificacoes_ultima_semana,semanas_sem_exame,faixa_silencio_predita,acao_sugerida,metodo,modelo_versao
POXOREO,rifampicina,2025,25,0.8078,1,0.0,1.0,4.0,silencio_critico,Busca ativa: verificar fluxo de coleta/envio e sensibilizar vigilância municipal.,sklearn_gb_v1,sklearn_v1
SENA MADUREIRA,rifampicina,2024,39,0.8078,1,0.0,1.0,4.0,silencio_critico,Busca ativa: verificar fluxo de coleta/envio e sensibilizar vigilância municipal.,sklearn_gb_v1,sklearn_v1
APIACAS,rifampicina,2026,2,0.7978,1,0.0,1.0,4.0,silencio_critico,Busca ativa: verificar fluxo de coleta/envio e sensibilizar vigilância municipal.,sklearn_gb_v1,sklearn_v1
GUIRATINGA,tuberculose_lf_lam,2026,9,0.7967,1,0.0,1.0,4.0,silencio_critico,Busca ativa: verificar fluxo de coleta/envio e sensibilizar vigilância municipal.,sklearn_gb_v1,sklearn_v1
ALTO PARAGUAI,rifampicina,2026,11,0.7967,1,0.0,1.0,4.0,silencio_critico,Busca ativa: verificar fluxo de coleta/envio e sensibilizar vigilância municipal.,sklearn_gb_v1,sklearn_v1
POXOREO,tuberculose_cultura,2025,25,0.7932,1,0.0,1.0,4.0,silencio_critico,Busca ativa: verificar fluxo de coleta/envio e sensibilizar vigilância municipal.,sklearn_gb_v1,sklearn_v1
NOVA MUTUM,tuberculose_lf_lam,2026,7,0.7867,1,0.0,1.0,4.0,silencio_critico,Busca ativa: verificar fluxo de coleta/envio e sensibilizar vigilância municipal.,sklearn_gb_v1,sklearn_v1
SENA MADUREIRA,baciloscopia,2024,39,0.785,2,0.0,1.0,4.0,silencio_critico,Busca ativa: verificar fluxo de coleta/envio e sensibilizar vigilância municipal.,sklearn_gb_v1,sklearn_v1
TESOURO,hepatite_b_hbv,2025,29,0.7362,1,0.0,0.0,4.0,silencio_provavel,Revisar cobertura de testagem e histórico de utilização do LACEN.,sklearn_gb_v1,sklearn_v1
SANTA CRUZ DO XINGU,chikungunya,2025,12,0.6723,1,0.0,0.0,4.0,silencio_provavel,Revisar cobertura de testagem e histórico de utilização do LACEN.,sklearn_gb_v1,sklearn_v1
LUCIARA,zika,2025,17,0.6723,1,0.0,0.0,4.0,silencio_provavel,Revisar cobertura de testagem e histórico de utilização do LACEN.,sklearn_gb_v1,sklearn_v1
LUCIARA,chikungunya,2025,17,0.6723,1,0.0,0.0,4.0,silencio_provavel,Revisar cobertura de testagem e histórico de utilização do LACEN.,sklearn_gb_v1,sklearn_v1
SANTA CRUZ DO XINGU,zika,2025,12,0.6723,1,0.0,0.0,4.0,silencio_provavel,Revisar cobertura de testagem e histórico de utilização do LACEN.,sklearn_gb_v1,sklearn_v1
SANTA CRUZ DO XINGU,hepatite_b_hbv,2024,48,0.6723,1,0.0,0.0,4.0,silencio_provavel,Revisar cobertura de testagem e histórico de utilização do LACEN.,sklearn_gb_v1,sklearn_v1
GENERAL CARNEIRO,sars_cov_2,2025,22,0.6657,5,0.0,0.0,4.0,silencio_provavel,Revisar cobertura de testagem e histórico de utilização do LACEN.,sklearn_gb_v1,sklearn_v1
SANTA CRUZ DO XINGU,dengue,2025,20,0.6611,1,0.0,0.0,4.0,silencio_provavel,Revisar cobertura de testagem e histórico de utilização do LACEN.,sklearn_gb_v1,sklearn_v1
GENERAL CARNEIRO,bordetella,2025,9,0.6502,5,0.0,0.0,4.0,silencio_provavel,Revisar cobertura de testagem e histórico de utilização do LACEN.,sklearn_gb_v1,sklearn_v1
ELDORADO,chikungunya,2025,2,0.6416,1,0.0,0.0,4.0,silencio_provavel,Revisar cobertura de testagem e histórico de utilização do LACEN.,sklearn_gb_v1,sklearn_v1
ELDORADO DO SUL,chikungunya,2025,9,0.6416,1,0.0,0.0,4.0,silencio_provavel,Revisar cobertura de testagem e histórico de utilização do LACEN.,sklearn_gb_v1,sklearn_v1
DOM ELISEU,dengue,2024,28,0.6416,1,0.0,0.0,4.0,silencio_provavel,Revisar cobertura de testagem e histórico de utilização do LACEN.,sklearn_gb_v1,sklearn_v1
ACAILANDIA,chikungunya,2025,27,0.6416,1,0.0,0.0,4.0,silencio_provavel,Revisar cobertura de testagem e histórico de utilização do LACEN.,sklearn_gb_v1,sklearn_v1
GASPAR,chikungunya,2025,23,0.6416,1,0.0,0.0,4.0,silencio_provavel,Revisar cobertura de testagem e histórico de utilização do LACEN.,sklearn_gb_v1,sklearn_v1
FRANCISCO MORATO,tuberculose,2025,12,0.6416,1,0.0,0.0,4.0,silencio_provavel,Revisar cobertura de testagem e histórico de utilização do LACEN.,sklearn_gb_v1,sklearn_v1
FOZ DO IGUACU,tuberculose_cultura,2025,28,0.6416,1,0.0,0.0,4.0,silencio_provavel,Revisar cobertura de testagem e histórico de utilização do LACEN.,sklearn_gb_v1,sklearn_v1
FATIMA DO SUL,baciloscopia,2024,43,0.6416,1,0.0,0.0,4.0,silencio_provavel,Revisar cobertura de testagem e histórico de utilização do LACEN.,sklearn_gb_v1,sklearn_v1
ESTREITO,baciloscopia,2025,33,0.6416,1,0.0,0.0,4.0,silencio_provavel,Revisar cobertura de testagem e histórico de utilização do LACEN.,sklearn_gb_v1,sklearn_v1
ESPIGAO D''OESTE,chikungunya,2025,14,0.6416,1,0.0,0.0,4.0,silencio_provavel,Revisar cobertura de testagem e histórico de utilização do LACEN.,sklearn_gb_v1,sklearn_v1
CURUA,chikungunya,2025,7,0.6416,1,0.0,0.0,4.0,silencio_provavel,Revisar cobertura de testagem e histórico de utilização do LACEN.,sklearn_gb_v1,sklearn_v1
CURITIBA,citomegalovirus_igg,2025,2,0.6416,1,0.0,0.0,4.0,silencio_provavel,Revisar cobertura de testagem e histórico de utilização do LACEN.,sklearn_gb_v1,sklearn_v1
CUNHA,dengue,2024,23,0.6416,1,0.0,0.0,4.0,silencio_provavel,Revisar cobertura de testagem e histórico de utilização do LACEN.,sklearn_gb_v1,sklearn_v1
VIDEIRA,chikungunya,2025,20,0.6416,1,0.0,0.0,4.0,silencio_provavel,Revisar cobertura de testagem e histórico de utilização do LACEN.,sklearn_gb_v1,sklearn_v1
SANTA FE DO SUL,chikungunya,2025,9,0.6416,1,0.0,0.0,4.0,silencio_provavel,Revisar cobertura de testagem e histórico de utilização do LACEN.,sklearn_gb_v1,sklearn_v1
ENTRE-IJUIS,chikungunya,2024,21,0.6416,1,0.0,0.0,4.0,silencio_provavel,Revisar cobertura de testagem e histórico de utilização do LACEN.,sklearn_gb_v1,sklearn_v1
AUGUSTO CORREA,chikungunya,2025,13,0.6416,1,0.0,0.0,4.0,silencio_provavel,Revisar cobertura de testagem e histórico de utilização do LACEN.,sklearn_gb_v1,sklearn_v1
VITORIA DO MEARIM,dengue,2024,24,0.6416,1,0.0,0.0,4.0,silencio_provavel,Revisar cobertura de testagem e histórico de utilização do LACEN.,sklearn_gb_v1,sklearn_v1
DOIS VIZINHOS,chikungunya,2025,32,0.6416,1,0.0,0.0,4.0,silencio_provavel,Revisar cobertura de testagem e histórico de utilização do LACEN.,sklearn_gb_v1,sklearn_v1
DIONISIO CERQUEIRA,dengue,2024,24,0.6416,1,0.0,0.0,4.0,silencio_provavel,Revisar cobertura de testagem e histórico de utilização do LACEN.,sklearn_gb_v1,sklearn_v1
XAXIM,hepatite_b_hbv,2025,6,0.6416,1,0.0,0.0,4.0,silencio_provavel,Revisar cobertura de testagem e histórico de utilização do LACEN.,sklearn_gb_v1,sklearn_v1
ARARAQUARA,chikungunya,2025,13,0.6416,1,0.0,0.0,4.0,silencio_provavel,Revisar cobertura de testagem e histórico de utilização do LACEN.,sklearn_gb_v1,sklearn_v1
SAO JOSE DO EGITO,chikungunya,2025,14,0.6416,1,0.0,0.0,4.0,silencio_provavel,Revisar cobertura de testagem e histórico de utilização do LACEN.,sklearn_gb_v1,sklearn_v1
SAO JOAQUIM DA BARRA,chikungunya,2025,9,0.6416,1,0.0,0.0,4.0,silencio_provavel,Revisar cobertura de testagem e histórico de utilização do LACEN.,sklearn_gb_v1,sklearn_v1
SAO JOAO DO SOTER,chikungunya,2025,18,0.6416,1,0.0,0.0,4.0,silencio_provavel,Revisar cobertura de testagem e histórico de utilização do LACEN.,sklearn_gb_v1,sklearn_v1
SAO JOAO BATISTA,chikungunya,2025,18,0.6416,1,0.0,0.0,4.0,silencio_provavel,Revisar cobertura de testagem e histórico de utilização do LACEN.,sklearn_gb_v1,sklearn_v1
SAO GABRIEL DO OESTE,chikungunya,2025,24,0.6416,1,0.0,0.0,4.0,silencio_provavel,Revisar cobertura de testagem e histórico de utilização do LACEN.,sklearn_gb_v1,sklearn_v1
SAO FRANCISCO DO MARANHAO,chikungunya,2025,19,0.6416,1,0.0,0.0,4.0,silencio_provavel,Revisar cobertura de testagem e histórico de utilização do LACEN.,sklearn_gb_v1,sklearn_v1
CRUZEIRO,chikungunya,2025,22,0.6416,1,0.0,0.0,4.0,silencio_provavel,Revisar cobertura de testagem e histórico de utilização do LACEN.,sklearn_gb_v1,sklearn_v1
GLORIA D''OESTE,hepatite_b_hbv,2025,46,0.6416,1,0.0,0.0,4.0,silencio_provavel,Revisar cobertura de testagem e histórico de utilização do LACEN.,sklearn_gb_v1,sklearn_v1
VALE DO ANARI,chikungunya,2025,14,0.6416,1,0.0,0.0,4.0,silencio_provavel,Revisar cobertura de testagem e histórico de utilização do LACEN.,sklearn_gb_v1,sklearn_v1
ALEGRETE DO PIAUI,chikungunya,2025,22,0.6416,1,0.0,0.0,4.0,silencio_provavel,Revisar cobertura de testagem e histórico de utilização do LACEN.,sklearn_gb_v1,sklearn_v1
ITAI,dengue,2025,23,0.6416,1,0.0,0.0,4.0,silencio_provavel,Revisar cobertura de testagem e histórico de utilização do LACEN.,sklearn_gb_v1,sklearn_v1
COLORADO DO OESTE,chikungunya,2025,8,0.6416,1,0.0,0.0,4.0,silencio_provavel,Revisar cobertura de testagem e histórico de utilização do LACEN.,sklearn_gb_v1,sklearn_v1
IRITUIA,chikungunya,2024,52,0.6416,1,0.0,0.0,4.0,silencio_provavel,Revisar cobertura de testagem e histórico de utilização do LACEN.,sklearn_gb_v1,sklearn_v1
CONCEICAO DO ARAGUAIA,chikungunya,2025,14,0.6416,1,0.0,0.0,4.0,silencio_provavel,Revisar cobertura de testagem e histórico de utilização do LACEN.,sklearn_gb_v1,sklearn_v1
IPOJUCA,chikungunya,2025,18,0.6416,1,0.0,0.0,4.0,silencio_provavel,Revisar cobertura de testagem e histórico de utilização do LACEN.,sklearn_gb_v1,sklearn_v1
IPAMERI,dengue,2024,22,0.6416,1,0.0,0.0,4.0,silencio_provavel,Revisar cobertura de testagem e histórico de utilização do LACEN.,sklearn_gb_v1,sklearn_v1
INDAIAL,sarampo_igg,2025,13,0.6416,1,0.0,0.0,4.0,silencio_provavel,Revisar cobertura de testagem e histórico de utilização do LACEN.,sklearn_gb_v1,sklearn_v1
INDAIAL,parvovirus_b19_igg,2025,13,0.6416,1,0.0,0.0,4.0,silencio_provavel,Revisar cobertura de testagem e histórico de utilização do LACEN.,sklearn_gb_v1,sklearn_v1
INDAIAL,chikungunya,2025,5,0.6416,1,0.0,0.0,4.0,silencio_provavel,Revisar cobertura de testagem e histórico de utilização do LACEN.,sklearn_gb_v1,sklearn_v1
CONCORDIA,chikungunya,2025,21,0.6416,1,0.0,0.0,4.0,silencio_provavel,Revisar cobertura de testagem e histórico de utilização do LACEN.,sklearn_gb_v1,sklearn_v1
CONCEICAO DO LAGO-ACU,chikungunya,2025,20,0.6416,1,0.0,0.0,4.0,silencio_provavel,Revisar cobertura de testagem e histórico de utilização do LACEN.,sklearn_gb_v1,sklearn_v1
CONCEICAO DO JACUIPE,virus_respiratorios,2025,35,0.6416,1,0.0,0.0,4.0,silencio_provavel,Revisar cobertura de testagem e histórico de utilização do LACEN.,sklearn_gb_v1,sklearn_v1
CONQUISTA D''OESTE,bacterias_teste_de_sensibilidade,2024,33,0.6416,1,0.0,0.0,4.0,silencio_provavel,Revisar cobertura de testagem e histórico de utilização do LACEN.,sklearn_gb_v1,sklearn_v1
IMBITUBA,chikungunya,2025,31,0.6416,1,0.0,0.0,4.0,silencio_provavel,Revisar cobertura de testagem e histórico de utilização do LACEN.,sklearn_gb_v1,sklearn_v1
IGUATEMI,dengue,2025,11,0.6416,1,0.0,0.0,4.0,silencio_provavel,Revisar cobertura de testagem e histórico de utilização do LACEN.,sklearn_gb_v1,sklearn_v1
ALCINOPOLIS,chikungunya,2025,18,0.6416,1,0.0,0.0,4.0,silencio_provavel,Revisar cobertura de testagem e histórico de utilização do LACEN.,sklearn_gb_v1,sklearn_v1
JAPURA,chikungunya,2024,21,0.6416,1,0.0,0.0,4.0,silencio_provavel,Revisar cobertura de testagem e histórico de utilização do LACEN.,sklearn_gb_v1,sklearn_v1
CHOPINZINHO,tuberculose_cultura,2025,20,0.6416,1,0.0,0.0,4.0,silencio_provavel,Revisar cobertura de testagem e histórico de utilização do LACEN.,sklearn_gb_v1,sklearn_v1
CHOPINZINHO,chikungunya,2025,28,0.6416,1,0.0,0.0,4.0,silencio_provavel,Revisar cobertura de testagem e histórico de utilização do LACEN.,sklearn_gb_v1,sklearn_v1
CHIAPETTA,chikungunya,2025,24,0.6416,1,0.0,0.0,4.0,silencio_provavel,Revisar cobertura de testagem e histórico de utilização do LACEN.,sklearn_gb_v1,sklearn_v1
CHARQUEADAS,dengue,2024,23,0.6416,1,0.0,0.0,4.0,silencio_provavel,Revisar cobertura de testagem e histórico de utilização do LACEN.,sklearn_gb_v1,sklearn_v1
JANDIRA,chikungunya,2024,30,0.6416,1,0.0,0.0,4.0,silencio_provavel,Revisar cobertura de testagem e histórico de utilização do LACEN.,sklearn_gb_v1,sklearn_v1
CHUPINGUAIA,dengue,2025,23,0.6416,1,0.0,0.0,4.0,silencio_provavel,Revisar cobertura de testagem e histórico de utilização do LACEN.,sklearn_gb_v1,sklearn_v1
JABOTICABAL,dengue,2025,8,0.6416,1,0.0,0.0,4.0,silencio_provavel,Revisar cobertura de testagem e histórico de utilização do LACEN.,sklearn_gb_v1,sklearn_v1
ITUPIRANGA,dengue,2025,13,0.6416,1,0.0,0.0,4.0,silencio_provavel,Revisar cobertura de testagem e histórico de utilização do LACEN.,sklearn_gb_v1,sklearn_v1
ITUMBIARA,sars_cov_2,2024,32,0.6416,1,0.0,0.0,4.0,silencio_provavel,Revisar cobertura de testagem e histórico de utilização do LACEN.,sklearn_gb_v1,sklearn_v1
ITUMBIARA,chikungunya,2025,12,0.6416,1,0.0,0.0,4.0,silencio_provavel,Revisar cobertura de testagem e histórico de utilização do LACEN.,sklearn_gb_v1,sklearn_v1
COLINAS,dengue,2025,19,0.6416,1,0.0,0.0,4.0,silencio_provavel,Revisar cobertura de testagem e histórico de utilização do LACEN.,sklearn_gb_v1,sklearn_v1
ITAITUBA,tuberculose_lf_lam,2024,48,0.6416,1,0.0,0.0,4.0,silencio_provavel,Revisar cobertura de testagem e histórico de utilização do LACEN.,sklearn_gb_v1,sklearn_v1
ITAIPAVA DO GRAJAU,dengue,2025,7,0.6416,1,0.0,0.0,4.0,silencio_provavel,Revisar cobertura de testagem e histórico de utilização do LACEN.,sklearn_gb_v1,sklearn_v1
UBERLANDIA,dengue,2025,21,0.6416,1,0.0,0.0,4.0,silencio_provavel,Revisar cobertura de testagem e histórico de utilização do LACEN.,sklearn_gb_v1,sklearn_v1
ALTAMIRA,hepatite_b_hbv,2025,25,0.6416,1,0.0,0.0,4.0,silencio_provavel,Revisar cobertura de testagem e histórico de utilização do LACEN.,sklearn_gb_v1,sklearn_v1
CASTANHEIRAS,chikungunya,2025,22,0.6416,1,0.0,0.0,4.0,silencio_provavel,Revisar cobertura de testagem e histórico de utilização do LACEN.,sklearn_gb_v1,sklearn_v1
CEREJEIRAS,chikungunya,2025,30,0.6416,1,0.0,0.0,4.0,silencio_provavel,Revisar cobertura de testagem e histórico de utilização do LACEN.,sklearn_gb_v1,sklearn_v1
CENTRO NOVO DO MARANHAO,dengue,2024,22,0.6416,1,0.0,0.0,4.0,silencio_provavel,Revisar cobertura de testagem e histórico de utilização do LACEN.,sklearn_gb_v1,sklearn_v1
JUNDIAI,chikungunya,2025,18,0.6416,1,0.0,0.0,4.0,silencio_provavel,Revisar cobertura de testagem e histórico de utilização do LACEN.,sklearn_gb_v1,sklearn_v1
JUNDIA,toxoplasmose_igg,2025,6,0.6416,1,0.0,0.0,4.0,silencio_provavel,Revisar cobertura de testagem e histórico de utilização do LACEN.,sklearn_gb_v1,sklearn_v1
JUNCO DO MARANHAO,chikungunya,2025,21,0.6416,1,0.0,0.0,4.0,silencio_provavel,Revisar cobertura de testagem e histórico de utilização do LACEN.,sklearn_gb_v1,sklearn_v1
JUAZEIRO,dengue,2025,26,0.6416,1,0.0,0.0,4.0,silencio_provavel,Revisar cobertura de testagem e histórico de utilização do LACEN.,sklearn_gb_v1,sklearn_v1
JENIPAPO DOS VIEIRAS,chikungunya,2025,30,0.6416,1,0.0,0.0,4.0,silencio_provavel,Revisar cobertura de testagem e histórico de utilização do LACEN.,sklearn_gb_v1,sklearn_v1
JAU,chikungunya,2025,8,0.6416,1,0.0,0.0,4.0,silencio_provavel,Revisar cobertura de testagem e histórico de utilização do LACEN.,sklearn_gb_v1,sklearn_v1
JARU,hepatite_b_hbv,2024,43,0.6416,1,0.0,0.0,4.0,silencio_provavel,Revisar cobertura de testagem e histórico de utilização do LACEN.,sklearn_gb_v1,sklearn_v1
CHAPADINHA,chikungunya,2025,19,0.6416,1,0.0,0.0,4.0,silencio_provavel,Revisar cobertura de testagem e histórico de utilização do LACEN.,sklearn_gb_v1,sklearn_v1
TUNTUM,dengue,2025,24,0.6416,1,0.0,0.0,4.0,silencio_provavel,Revisar cobertura de testagem e histórico de utilização do LACEN.,sklearn_gb_v1,sklearn_v1
TUFILANDIA,chikungunya,2025,24,0.6416,1,0.0,0.0,4.0,silencio_provavel,Revisar cobertura de testagem e histórico de utilização do LACEN.,sklearn_gb_v1,sklearn_v1
TUCURUI,hepatite_b_hbv,2024,25,0.6416,1,0.0,0.0,4.0,silencio_provavel,Revisar cobertura de testagem e histórico de utilização do LACEN.,sklearn_gb_v1,sklearn_v1
CHAPADAO DO CEU,chikungunya,2025,19,0.6416,1,0.0,0.0,4.0,silencio_provavel,Revisar cobertura de testagem e histórico de utilização do LACEN.,sklearn_gb_v1,sklearn_v1
JARDIM,chikungunya,2025,8,0.6416,1,0.0,0.0,4.0,silencio_provavel,Revisar cobertura de testagem e histórico de utilização do LACEN.,sklearn_gb_v1,sklearn_v1
CAPIXABA,chikungunya,2025,20,0.6416,1,0.0,0.0,4.0,silencio_provavel,Revisar cobertura de testagem e histórico de utilização do LACEN.,sklearn_gb_v1,sklearn_v1
CAROLINA,chikungunya,2025,28,0.6416,1,0.0,0.0,4.0,silencio_provavel,Revisar cobertura de testagem e histórico de utilização do LACEN.,sklearn_gb_v1,sklearn_v1
LOANDA,hepatite_b_hbv,2024,35,0.6416,1,0.0,0.0,4.0,silencio_provavel,Revisar cobertura de testagem e histórico de utilização do LACEN.,sklearn_gb_v1,sklearn_v1
LINS,chikungunya,2025,12,0.6416,1,0.0,0.0,4.0,silencio_provavel,Revisar cobertura de testagem e histórico de utilização do LACEN.,sklearn_gb_v1,sklearn_v1
LARANJAL DO JARI,dengue,2025,26,0.6416,1,0.0,0.0,4.0,silencio_provavel,Revisar cobertura de testagem e histórico de utilização do LACEN.,sklearn_gb_v1,sklearn_v1
LAMBARI D''OESTE,hepatite_b_hbv,2024,30,0.6416,1,0.0,0.0,4.0,silencio_provavel,Revisar cobertura de testagem e histórico de utilização do LACEN.,sklearn_gb_v1,sklearn_v1
CASSILANDIA,tuberculose_lf_lam,2026,20,0.6416,1,0.0,0.0,4.0,silencio_provavel,Revisar cobertura de testagem e histórico de utilização do LACEN.,sklearn_gb_v1,sklearn_v1
LAGOA GRANDE DO MARANHAO,chikungunya,2024,22,0.6416,1,0.0,0.0,4.0,silencio_provavel,Revisar cobertura de testagem e histórico de utilização do LACEN.,sklearn_gb_v1,sklearn_v1
LAGOA DO MATO,chikungunya,2025,8,0.6416,1,0.0,0.0,4.0,silencio_provavel,Revisar cobertura de testagem e histórico de utilização do LACEN.,sklearn_gb_v1,sklearn_v1
LAGO DO JUNCO,chikungunya,2025,19,0.6416,1,0.0,0.0,4.0,silencio_provavel,Revisar cobertura de testagem e histórico de utilização do LACEN.,sklearn_gb_v1,sklearn_v1
TRES LAGOAS,baciloscopia,2024,40,0.6416,1,0.0,0.0,4.0,silencio_provavel,Revisar cobertura de testagem e histórico de utilização do LACEN.,sklearn_gb_v1,sklearn_v1
TRACUATEUA,chikungunya,2025,16,0.6416,1,0.0,0.0,4.0,silencio_provavel,Revisar cobertura de testagem e histórico de utilização do LACEN.,sklearn_gb_v1,sklearn_v1
TOME-ACU,chikungunya,2024,21,0.6416,1,0.0,0.0,4.0,silencio_provavel,Revisar cobertura de testagem e histórico de utilização do LACEN.,sklearn_gb_v1,sklearn_v1
TOLEDO,tuberculose_cultura,2025,19,0.6416,1,0.0,0.0,4.0,silencio_provavel,Revisar cobertura de testagem e histórico de utilização do LACEN.,sklearn_gb_v1,sklearn_v1
TABOCAS DO BREJO VELHO,chikungunya,2024,23,0.6416,1,0.0,0.0,4.0,silencio_provavel,Revisar cobertura de testagem e histórico de utilização do LACEN.,sklearn_gb_v1,sklearn_v1
MANAUS,hepatite_b_hbv,2025,30,0.6416,1,0.0,0.0,4.0,silencio_provavel,Revisar cobertura de testagem e histórico de utilização do LACEN.,sklearn_gb_v1,sklearn_v1
MAIRI,chikungunya,2025,20,0.6416,1,0.0,0.0,4.0,silencio_provavel,Revisar cobertura de testagem e histórico de utilização do LACEN.,sklearn_gb_v1,sklearn_v1
MACAUBAS,sars_cov_2,2025,8,0.6416,1,0.0,0.0,4.0,silencio_provavel,Revisar cobertura de testagem e histórico de utilização do LACEN.,sklearn_gb_v1,sklearn_v1
CAPANEMA,hepatite_b_hbv,2026,13,0.6416,1,0.0,0.0,4.0,silencio_provavel,Revisar cobertura de testagem e histórico de utilização do LACEN.,sklearn_gb_v1,sklearn_v1
CANUTAMA,dengue,2025,5,0.6416,1,0.0,0.0,4.0,silencio_provavel,Revisar cobertura de testagem e histórico de utilização do LACEN.,sklearn_gb_v1,sklearn_v1
LUIZIANIA,sarampo_igg,2025,14,0.6416,1,0.0,0.0,4.0,silencio_provavel,Revisar cobertura de testagem e histórico de utilização do LACEN.,sklearn_gb_v1,sklearn_v1
CARAPICUIBA,dengue,2025,5,0.6416,1,0.0,0.0,4.0,silencio_provavel,Revisar cobertura de testagem e histórico de utilização do LACEN.,sklearn_gb_v1,sklearn_v1
TIMON,chikungunya,2024,24,0.6416,1,0.0,0.0,4.0,silencio_provavel,Revisar cobertura de testagem e histórico de utilização do LACEN.,sklearn_gb_v1,sklearn_v1
TIMBO GRANDE,tuberculose_lf_lam,2024,48,0.6416,1,0.0,0.0,4.0,silencio_provavel,Revisar cobertura de testagem e histórico de utilização do LACEN.,sklearn_gb_v1,sklearn_v1
TERRA RICA,chikungunya,2024,52,0.6416,1,0.0,0.0,4.0,silencio_provavel,Revisar cobertura de testagem e histórico de utilização do LACEN.,sklearn_gb_v1,sklearn_v1
TERRA BOA,dengue,2025,27,0.6416,1,0.0,0.0,4.0,silencio_provavel,Revisar cobertura de testagem e histórico de utilização do LACEN.,sklearn_gb_v1,sklearn_v1
TERESINA,chikungunya,2025,6,0.6416,1,0.0,0.0,4.0,silencio_provavel,Revisar cobertura de testagem e histórico de utilização do LACEN.,sklearn_gb_v1,sklearn_v1
TEOTONIO VILELA,chikungunya,2025,8,0.6416,1,0.0,0.0,4.0,silencio_provavel,Revisar cobertura de testagem e histórico de utilização do LACEN.,sklearn_gb_v1,sklearn_v1
CAPIXABA,dengue,2025,20,0.6416,1,0.0,0.0,4.0,silencio_provavel,Revisar cobertura de testagem e histórico de utilização do LACEN.,sklearn_gb_v1,sklearn_v1
SITIO NOVO DO TOCANTINS,chikungunya,2025,25,0.6416,1,0.0,0.0,4.0,silencio_provavel,Revisar cobertura de testagem e histórico de utilização do LACEN.,sklearn_gb_v1,sklearn_v1
MIRASSOL D''OESTE,brucelose,2025,2,0.6416,1,0.0,0.0,4.0,silencio_provavel,Revisar cobertura de testagem e histórico de utilização do LACEN.,sklearn_gb_v1,sklearn_v1
MATRIZ DE CAMARAGIBE,chikungunya,2025,22,0.6416,1,0.0,0.0,4.0,silencio_provavel,Revisar cobertura de testagem e histórico de utilização do LACEN.,sklearn_gb_v1,sklearn_v1
MATOES DO NORTE,chikungunya,2025,11,0.6416,1,0.0,0.0,4.0,silencio_provavel,Revisar cobertura de testagem e histórico de utilização do LACEN.,sklearn_gb_v1,sklearn_v1
MATIAS OLIMPIO,chikungunya,2025,8,0.6416,1,0.0,0.0,4.0,silencio_provavel,Revisar cobertura de testagem e histórico de utilização do LACEN.,sklearn_gb_v1,sklearn_v1
MATAO,chikungunya,2025,21,0.6416,1,0.0,0.0,4.0,silencio_provavel,Revisar cobertura de testagem e histórico de utilização do LACEN.,sklearn_gb_v1,sklearn_v1
CANAA DOS CARAJAS,tuberculose_lf_lam,2024,35,0.6416,1,0.0,0.0,4.0,silencio_provavel,Revisar cobertura de testagem e histórico de utilização do LACEN.,sklearn_gb_v1,sklearn_v1
CANAA DOS CARAJAS,chikungunya,2025,21,0.6416,1,0.0,0.0,4.0,silencio_provavel,Revisar cobertura de testagem e histórico de utilização do LACEN.,sklearn_gb_v1,sklearn_v1
MARECHAL CANDIDO RONDON,chikungunya,2024,26,0.6416,1,0.0,0.0,4.0,silencio_provavel,Revisar cobertura de testagem e histórico de utilização do LACEN.,sklearn_gb_v1,sklearn_v1
MARAGOGI,chikungunya,2025,19,0.6416,1,0.0,0.0,4.0,silencio_provavel,Revisar cobertura de testagem e histórico de utilização do LACEN.,sklearn_gb_v1,sklearn_v1
MARACAS,chikungunya,2025,22,0.6416,1,0.0,0.0,4.0,silencio_provavel,Revisar cobertura de testagem e histórico de utilização do LACEN.,sklearn_gb_v1,sklearn_v1
MARACANA,chikungunya,2025,14,0.6416,1,0.0,0.0,4.0,silencio_provavel,Revisar cobertura de testagem e histórico de utilização do LACEN.,sklearn_gb_v1,sklearn_v1
MARACAJU,chikungunya,2025,11,0.6416,1,0.0,0.0,4.0,silencio_provavel,Revisar cobertura de testagem e histórico de utilização do LACEN.,sklearn_gb_v1,sklearn_v1
TELEMACO BORBA,chikungunya,2025,34,0.6416,1,0.0,0.0,4.0,silencio_provavel,Revisar cobertura de testagem e histórico de utilização do LACEN.,sklearn_gb_v1,sklearn_v1
TAQUARITINGA,tuberculose_lf_lam,2025,44,0.6416,1,0.0,0.0,4.0,silencio_provavel,Revisar cobertura de testagem e histórico de utilização do LACEN.,sklearn_gb_v1,sklearn_v1
NOVA CANTU,chikungunya,2025,29,0.6416,1,0.0,0.0,4.0,silencio_provavel,Revisar cobertura de testagem e histórico de utilização do LACEN.,sklearn_gb_v1,sklearn_v1
NOVA BRASILANDIA D''OESTE,chikungunya,2025,18,0.6416,1,0.0,0.0,4.0,silencio_provavel,Revisar cobertura de testagem e histórico de utilização do LACEN.,sklearn_gb_v1,sklearn_v1
NOVA AURORA,dengue,2024,23,0.6416,1,0.0,0.0,4.0,silencio_provavel,Revisar cobertura de testagem e histórico de utilização do LACEN.,sklearn_gb_v1,sklearn_v1
NAVIRAI,dengue,2025,19,0.6416,1,0.0,0.0,4.0,silencio_provavel,Revisar cobertura de testagem e histórico de utilização do LACEN.,sklearn_gb_v1,sklearn_v1
MOSSORO,chikungunya,2025,29,0.6416,1,0.0,0.0,4.0,silencio_provavel,Revisar cobertura de testagem e histórico de utilização do LACEN.,sklearn_gb_v1,sklearn_v1
MORPARA,chikungunya,2025,5,0.6416,1,0.0,0.0,4.0,silencio_provavel,Revisar cobertura de testagem e histórico de utilização do LACEN.,sklearn_gb_v1,sklearn_v1
MONTES CLAROS,citomegalovirus_igg,2025,5,0.6416,1,0.0,0.0,4.0,silencio_provavel,Revisar cobertura de testagem e histórico de utilização do LACEN.,sklearn_gb_v1,sklearn_v1
MONTES CLAROS,chikungunya,2025,18,0.6416,1,0.0,0.0,4.0,silencio_provavel,Revisar cobertura de testagem e histórico de utilização do LACEN.,sklearn_gb_v1,sklearn_v1
MONTE ALEGRE,chikungunya,2025,20,0.6416,1,0.0,0.0,4.0,silencio_provavel,Revisar cobertura de testagem e histórico de utilização do LACEN.,sklearn_gb_v1,sklearn_v1
MIRASSOL D''OESTE,toxoplasmose_igg,2025,16,0.6416,1,0.0,0.0,4.0,silencio_provavel,Revisar cobertura de testagem e histórico de utilização do LACEN.,sklearn_gb_v1,sklearn_v1
MIRASSOL D''OESTE,fungos,2025,11,0.6416,1,0.0,0.0,4.0,silencio_provavel,Revisar cobertura de testagem e histórico de utilização do LACEN.,sklearn_gb_v1,sklearn_v1
MIRASSOL D''OESTE,cultura_para_fungos,2025,11,0.6416,1,0.0,0.0,4.0,silencio_provavel,Revisar cobertura de testagem e histórico de utilização do LACEN.,sklearn_gb_v1,sklearn_v1
MIRASSOL D''OESTE,brucelose_igg,2025,2,0.6416,1,0.0,0.0,4.0,silencio_provavel,Revisar cobertura de testagem e histórico de utilização do LACEN.,sklearn_gb_v1,sklearn_v1
SOUSA,chikungunya,2025,21,0.6416,1,0.0,0.0,4.0,silencio_provavel,Revisar cobertura de testagem e histórico de utilização do LACEN.,sklearn_gb_v1,sklearn_v1
ALTOS,chikungunya,2025,7,0.6416,1,0.0,0.0,4.0,silencio_provavel,Revisar cobertura de testagem e histórico de utilização do LACEN.,sklearn_gb_v1,sklearn_v1
SONORA,chikungunya,2024,30,0.6416,1,0.0,0.0,4.0,silencio_provavel,Revisar cobertura de testagem e histórico de utilização do LACEN.,sklearn_gb_v1,sklearn_v1
PACARAIMA,baciloscopia,2025,35,0.6416,1,0.0,0.0,4.0,silencio_provavel,Revisar cobertura de testagem e histórico de utilização do LACEN.,sklearn_gb_v1,sklearn_v1
OURO PRETO DO OESTE,chikungunya,2025,23,0.6416,1,0.0,0.0,4.0,silencio_provavel,Revisar cobertura de testagem e histórico de utilização do LACEN.,sklearn_gb_v1,sklearn_v1
OURILANDIA DO NORTE,tuberculose_cultura,2024,34,0.6416,1,0.0,0.0,4.0,silencio_provavel,Revisar cobertura de testagem e histórico de utilização do LACEN.,sklearn_gb_v1,sklearn_v1
CAMPO ALEGRE,chikungunya,2025,11,0.6416,1,0.0,0.0,4.0,silencio_provavel,Revisar cobertura de testagem e histórico de utilização do LACEN.,sklearn_gb_v1,sklearn_v1
ORLEANS,chikungunya,2025,26,0.6416,1,0.0,0.0,4.0,silencio_provavel,Revisar cobertura de testagem e histórico de utilização do LACEN.,sklearn_gb_v1,sklearn_v1
OLINDA,baciloscopia,2024,31,0.6416,1,0.0,0.0,4.0,silencio_provavel,Revisar cobertura de testagem e histórico de utilização do LACEN.,sklearn_gb_v1,sklearn_v1
OLIMPIA,dengue,2025,6,0.6416,1,0.0,0.0,4.0,silencio_provavel,Revisar cobertura de testagem e histórico de utilização do LACEN.,sklearn_gb_v1,sklearn_v1
NOVO PROGRESSO,tuberculose,2025,9,0.6416,1,0.0,0.0,4.0,silencio_provavel,Revisar cobertura de testagem e histórico de utilização do LACEN.,sklearn_gb_v1,sklearn_v1
CAMPO MOURAO,influenza_a,2025,27,0.6416,1,0.0,0.0,4.0,silencio_provavel,Revisar cobertura de testagem e histórico de utilização do LACEN.,sklearn_gb_v1,sklearn_v1
CAMPO MOURAO,chikungunya,2025,20,0.6416,1,0.0,0.0,4.0,silencio_provavel,Revisar cobertura de testagem e histórico de utilização do LACEN.,sklearn_gb_v1,sklearn_v1
NOVA PRATA,dengue,2025,5,0.6416,1,0.0,0.0,4.0,silencio_provavel,Revisar cobertura de testagem e histórico de utilização do LACEN.,sklearn_gb_v1,sklearn_v1
NOVA IPIXUNA,chikungunya,2025,5,0.6416,1,0.0,0.0,4.0,silencio_provavel,Revisar cobertura de testagem e histórico de utilização do LACEN.,sklearn_gb_v1,sklearn_v1
NOVA ESPERANCA,chikungunya,2024,33,0.6416,1,0.0,0.0,4.0,silencio_provavel,Revisar cobertura de testagem e histórico de utilização do LACEN.,sklearn_gb_v1,sklearn_v1
NOVA CRIXAS,hepatite_b_hbv,2025,22,0.6416,1,0.0,0.0,4.0,silencio_provavel,Revisar cobertura de testagem e histórico de utilização do LACEN.,sklearn_gb_v1,sklearn_v1
SIDROLANDIA,chikungunya,2025,15,0.6416,1,0.0,0.0,4.0,silencio_provavel,Revisar cobertura de testagem e histórico de utilização do LACEN.,sklearn_gb_v1,sklearn_v1
CABECEIRAS DO PIAUI,dengue,2025,11,0.6416,1,0.0,0.0,4.0,silencio_provavel,Revisar cobertura de testagem e histórico de utilização do LACEN.,sklearn_gb_v1,sklearn_v1
PETROLINA,influenza_a,2025,23,0.6416,1,0.0,0.0,4.0,silencio_provavel,Revisar cobertura de testagem e histórico de utilização do LACEN.,sklearn_gb_v1,sklearn_v1
PEROLA,chikungunya,2024,21,0.6416,1,0.0,0.0,4.0,silencio_provavel,Revisar cobertura de testagem e histórico de utilização do LACEN.,sklearn_gb_v1,sklearn_v1
PEDRO DO ROSARIO,chikungunya,2025,23,0.6416,1,0.0,0.0,4.0,silencio_provavel,Revisar cobertura de testagem e histórico de utilização do LACEN.,sklearn_gb_v1,sklearn_v1
CACHOEIRA DO ARARI,dengue,2024,23,0.6416,1,0.0,0.0,4.0,silencio_provavel,Revisar cobertura de testagem e histórico de utilização do LACEN.,sklearn_gb_v1,sklearn_v1
PARAISO,chikungunya,2025,16,0.6416,1,0.0,0.0,4.0,silencio_provavel,Revisar cobertura de testagem e histórico de utilização do LACEN.,sklearn_gb_v1,sklearn_v1
PAO DE ACUCAR,chikungunya,2025,18,0.6416,1,0.0,0.0,4.0,silencio_provavel,Revisar cobertura de testagem e histórico de utilização do LACEN.,sklearn_gb_v1,sklearn_v1
PALMITAL,dengue,2024,21,0.6416,1,0.0,0.0,4.0,silencio_provavel,Revisar cobertura de testagem e histórico de utilização do LACEN.,sklearn_gb_v1,sklearn_v1
CAMPINA DA LAGOA,dengue,2025,13,0.6416,1,0.0,0.0,4.0,silencio_provavel,Revisar cobertura de testagem e histórico de utilização do LACEN.,sklearn_gb_v1,sklearn_v1
PACARAIMA,varicela_zoster_biologia_molecular,2025,13,0.6416,1,0.0,0.0,4.0,silencio_provavel,Revisar cobertura de testagem e histórico de utilização do LACEN.,sklearn_gb_v1,sklearn_v1
SERTANIA,chikungunya,2025,20,0.6416,1,0.0,0.0,4.0,silencio_provavel,Revisar cobertura de testagem e histórico de utilização do LACEN.,sklearn_gb_v1,sklearn_v1
SERRA NEGRA DO NORTE,baciloscopia,2025,29,0.6416,1,0.0,0.0,4.0,silencio_provavel,Revisar cobertura de testagem e histórico de utilização do LACEN.,sklearn_gb_v1,sklearn_v1
SERRA,hepatite_c_hcv,2025,2,0.6416,1,0.0,0.0,4.0,silencio_provavel,Revisar cobertura de testagem e histórico de utilização do LACEN.,sklearn_gb_v1,sklearn_v1
SERINGUEIRAS,chikungunya,2025,5,0.6416,1,0.0,0.0,4.0,silencio_provavel,Revisar cobertura de testagem e histórico de utilização do LACEN.,sklearn_gb_v1,sklearn_v1
ARACAJU,chikungunya,2025,7,0.6416,1,0.0,0.0,4.0,silencio_provavel,Revisar cobertura de testagem e histórico de utilização do LACEN.,sklearn_gb_v1,sklearn_v1
PORTO FRANCO,chikungunya,2025,18,0.6416,1,0.0,0.0,4.0,silencio_provavel,Revisar cobertura de testagem e histórico de utilização do LACEN.,sklearn_gb_v1,sklearn_v1
PORTO DE PEDRAS,chikungunya,2025,17,0.6416,1,0.0,0.0,4.0,silencio_provavel,Revisar cobertura de testagem e histórico de utilização do LACEN.,sklearn_gb_v1,sklearn_v1
PORTO CALVO,chikungunya,2025,23,0.6416,1,0.0,0.0,4.0,silencio_provavel,Revisar cobertura de testagem e histórico de utilização do LACEN.,sklearn_gb_v1,sklearn_v1
PORTO AMAZONAS,dengue,2024,21,0.6416,1,0.0,0.0,4.0,silencio_provavel,Revisar cobertura de testagem e histórico de utilização do LACEN.,sklearn_gb_v1,sklearn_v1
BRASILIA,chagas_igg,2024,25,0.6416,1,0.0,0.0,4.0,silencio_provavel,Revisar cobertura de testagem e histórico de utilização do LACEN.,sklearn_gb_v1,sklearn_v1
PONTA PORA,hepatite_b_hbv,2025,11,0.6416,1,0.0,0.0,4.0,silencio_provavel,Revisar cobertura de testagem e histórico de utilização do LACEN.,sklearn_gb_v1,sklearn_v1
PLANALTINA,chikungunya,2025,5,0.6416,1,0.0,0.0,4.0,silencio_provavel,Revisar cobertura de testagem e histórico de utilização do LACEN.,sklearn_gb_v1,sklearn_v1
BREU BRANCO,chikungunya,2025,23,0.6416,1,0.0,0.0,4.0,silencio_provavel,Revisar cobertura de testagem e histórico de utilização do LACEN.,sklearn_gb_v1,sklearn_v1
PINHEIRO,dengue,2025,14,0.6416,1,0.0,0.0,4.0,silencio_provavel,Revisar cobertura de testagem e histórico de utilização do LACEN.,sklearn_gb_v1,sklearn_v1
PINDARE-MIRIM,dengue,2024,24,0.6416,1,0.0,0.0,4.0,silencio_provavel,Revisar cobertura de testagem e histórico de utilização do LACEN.,sklearn_gb_v1,sklearn_v1
BURITICUPU,chikungunya,2025,23,0.6416,1,0.0,0.0,4.0,silencio_provavel,Revisar cobertura de testagem e histórico de utilização do LACEN.,sklearn_gb_v1,sklearn_v1
BURITI,dengue,2025,14,0.6416,1,0.0,0.0,4.0,silencio_provavel,Revisar cobertura de testagem e histórico de utilização do LACEN.,sklearn_gb_v1,sklearn_v1
APARECIDA DE GOIANIA,hepatite_b_hbv,2025,4,0.6416,1,0.0,0.0,4.0,silencio_provavel,Revisar cobertura de testagem e histórico de utilização do LACEN.,sklearn_gb_v1,sklearn_v1
CABEDELO,hepatite_b_hbv,2024,34,0.6416,1,0.0,0.0,4.0,silencio_provavel,Revisar cobertura de testagem e histórico de utilização do LACEN.,sklearn_gb_v1,sklearn_v1
SAO PEDRO,dengue,2025,14,0.6416,1,0.0,0.0,4.0,silencio_provavel,Revisar cobertura de testagem e histórico de utilização do LACEN.,sklearn_gb_v1,sklearn_v1
PRESIDENTE MEDICI,chikungunya,2025,9,0.6416,1,0.0,0.0,4.0,silencio_provavel,Revisar cobertura de testagem e histórico de utilização do LACEN.,sklearn_gb_v1,sklearn_v1
BERNARDO DO MEARIM,chikungunya,2025,5,0.6416,1,0.0,0.0,4.0,silencio_provavel,Revisar cobertura de testagem e histórico de utilização do LACEN.,sklearn_gb_v1,sklearn_v1
BELO ORIENTE,chikungunya,2025,6,0.6416,1,0.0,0.0,4.0,silencio_provavel,Revisar cobertura de testagem e histórico de utilização do LACEN.,sklearn_gb_v1,sklearn_v1
PRESIDENTE FIGUEIREDO,chikungunya,2025,7,0.6416,1,0.0,0.0,4.0,silencio_provavel,Revisar cobertura de testagem e histórico de utilização do LACEN.,sklearn_gb_v1,sklearn_v1
POXOREO,hepatite_c_hcv,2025,7,0.6416,1,0.0,0.0,4.0,silencio_provavel,Revisar cobertura de testagem e histórico de utilização do LACEN.,sklearn_gb_v1,sklearn_v1
POUSO ALEGRE,dengue,2025,17,0.6416,1,0.0,0.0,4.0,silencio_provavel,Revisar cobertura de testagem e histórico de utilização do LACEN.,sklearn_gb_v1,sklearn_v1
BOM JESUS DO TOCANTINS,chikungunya,2024,28,0.6416,1,0.0,0.0,4.0,silencio_provavel,Revisar cobertura de testagem e histórico de utilização do LACEN.,sklearn_gb_v1,sklearn_v1
PORTO VELHO,baciloscopia,2025,12,0.6416,1,0.0,0.0,4.0,silencio_provavel,Revisar cobertura de testagem e histórico de utilização do LACEN.,sklearn_gb_v1,sklearn_v1
PORTO LUCENA,dengue,2025,20,0.6416,1,0.0,0.0,4.0,silencio_provavel,Revisar cobertura de testagem e histórico de utilização do LACEN.,sklearn_gb_v1,sklearn_v1
BOMBINHAS,hepatite_b_hbv,2024,41,0.6416,1,0.0,0.0,4.0,silencio_provavel,Revisar cobertura de testagem e histórico de utilização do LACEN.,sklearn_gb_v1,sklearn_v1
SAUDADES,chikungunya,2025,25,0.6416,1,0.0,0.0,4.0,silencio_provavel,Revisar cobertura de testagem e histórico de utilização do LACEN.,sklearn_gb_v1,sklearn_v1
SARANDI,chikungunya,2025,6,0.6416,1,0.0,0.0,4.0,silencio_provavel,Revisar cobertura de testagem e histórico de utilização do LACEN.,sklearn_gb_v1,sklearn_v1
ARACATUBA,chikungunya,2025,7,0.6416,1,0.0,0.0,4.0,silencio_provavel,Revisar cobertura de testagem e histórico de utilização do LACEN.,sklearn_gb_v1,sklearn_v1
RUROPOLIS,dengue,2025,17,0.6416,1,0.0,0.0,4.0,silencio_provavel,Revisar cobertura de testagem e histórico de utilização do LACEN.,sklearn_gb_v1,sklearn_v1
RONDA ALTA,dengue,2025,26,0.6416,1,0.0,0.0,4.0,silencio_provavel,Revisar cobertura de testagem e histórico de utilização do LACEN.,sklearn_gb_v1,sklearn_v1
BARRA DO CORDA,dengue,2025,12,0.6416,1,0.0,0.0,4.0,silencio_provavel,Revisar cobertura de testagem e histórico de utilização do LACEN.,sklearn_gb_v1,sklearn_v1
RIO MARIA,chikungunya,2024,21,0.6416,1,0.0,0.0,4.0,silencio_provavel,Revisar cobertura de testagem e histórico de utilização do LACEN.,sklearn_gb_v1,sklearn_v1
BARREIRAS,chikungunya,2025,7,0.6416,1,0.0,0.0,4.0,silencio_provavel,Revisar cobertura de testagem e histórico de utilização do LACEN.,sklearn_gb_v1,sklearn_v1
BARRACAO,chikungunya,2025,15,0.6416,1,0.0,0.0,4.0,silencio_provavel,Revisar cobertura de testagem e histórico de utilização do LACEN.,sklearn_gb_v1,sklearn_v1
BARRA VELHA,chikungunya,2025,11,0.6416,1,0.0,0.0,4.0,silencio_provavel,Revisar cobertura de testagem e histórico de utilização do LACEN.,sklearn_gb_v1,sklearn_v1
RECIFE,sifilis,2024,48,0.6416,1,0.0,0.0,4.0,silencio_provavel,Revisar cobertura de testagem e histórico de utilização do LACEN.,sklearn_gb_v1,sklearn_v1
QUIXERAMOBIM,chikungunya,2025,20,0.6416,1,0.0,0.0,4.0,silencio_provavel,Revisar cobertura de testagem e histórico de utilização do LACEN.,sklearn_gb_v1,sklearn_v1
BAURU,chikungunya,2025,9,0.6416,1,0.0,0.0,4.0,silencio_provavel,Revisar cobertura de testagem e histórico de utilização do LACEN.,sklearn_gb_v1,sklearn_v1
BATALHA,chikungunya,2025,29,0.6416,1,0.0,0.0,4.0,silencio_provavel,Revisar cobertura de testagem e histórico de utilização do LACEN.,sklearn_gb_v1,sklearn_v1
VIANA,chikungunya,2025,16,0.6416,1,0.0,0.0,4.0,silencio_provavel,Revisar cobertura de testagem e histórico de utilização do LACEN.,sklearn_gb_v1,sklearn_v1
XINGUARA,hepatite_b_hbv,2025,18,0.6416,1,0.0,0.0,4.0,silencio_provavel,Revisar cobertura de testagem e histórico de utilização do LACEN.,sklearn_gb_v1,sklearn_v1
AGUA CLARA,chikungunya,2024,29,0.6416,1,0.0,0.0,4.0,silencio_provavel,Revisar cobertura de testagem e histórico de utilização do LACEN.,sklearn_gb_v1,sklearn_v1
SANTO AUGUSTO,chikungunya,2025,24,0.6416,1,0.0,0.0,4.0,silencio_provavel,Revisar cobertura de testagem e histórico de utilização do LACEN.,sklearn_gb_v1,sklearn_v1
CORACAO DE JESUS,chikungunya,2025,6,0.6416,1,0.0,0.0,4.0,silencio_provavel,Revisar cobertura de testagem e histórico de utilização do LACEN.,sklearn_gb_v1,sklearn_v1
HUMAITA,dengue,2025,19,0.6416,1,0.0,0.0,4.0,silencio_provavel,Revisar cobertura de testagem e histórico de utilização do LACEN.,sklearn_gb_v1,sklearn_v1
GUARUJA DO SUL,chikungunya,2025,9,0.6416,1,0.0,0.0,4.0,silencio_provavel,Revisar cobertura de testagem e histórico de utilização do LACEN.,sklearn_gb_v1,sklearn_v1
GUARAI,chikungunya,2025,26,0.6416,1,0.0,0.0,4.0,silencio_provavel,Revisar cobertura de testagem e histórico de utilização do LACEN.,sklearn_gb_v1,sklearn_v1
GUAIRA,hepatite_b_hbv,2026,20,0.6416,1,0.0,0.0,4.0,silencio_provavel,Revisar cobertura de testagem e histórico de utilização do LACEN.,sklearn_gb_v1,sklearn_v1
GRANJEIRO,chikungunya,2025,14,0.6416,1,0.0,0.0,4.0,silencio_provavel,Revisar cobertura de testagem e histórico de utilização do LACEN.,sklearn_gb_v1,sklearn_v1
GRAJAU,influenza_a,2025,21,0.6416,1,0.0,0.0,4.0,silencio_provavel,Revisar cobertura de testagem e histórico de utilização do LACEN.,sklearn_gb_v1,sklearn_v1
GOVERNADOR NEWTON BELLO,chikungunya,2025,7,0.6416,1,0.0,0.0,4.0,silencio_provavel,Revisar cobertura de testagem e histórico de utilização do LACEN.,sklearn_gb_v1,sklearn_v1
GOIANIRA,chikungunya,2025,9,0.6416,1,0.0,0.0,4.0,silencio_provavel,Revisar cobertura de testagem e histórico de utilização do LACEN.,sklearn_gb_v1,sklearn_v1
GOIANIA,baciloscopia,2025,18,0.6416,1,0.0,0.0,4.0,silencio_provavel,Revisar cobertura de testagem e histórico de utilização do LACEN.,sklearn_gb_v1,sklearn_v1
GOIANAPOLIS,dengue,2025,13,0.6416,1,0.0,0.0,4.0,silencio_provavel,Revisar cobertura de testagem e histórico de utilização do LACEN.,sklearn_gb_v1,sklearn_v1
QUEBRANGULO,chikungunya,2025,4,0.6416,1,0.0,0.0,4.0,silencio_provavel,Revisar cobertura de testagem e histórico de utilização do LACEN.,sklearn_gb_v1,sklearn_v1
QUATRO PONTES,dengue,2025,23,0.6416,1,0.0,0.0,4.0,silencio_provavel,Revisar cobertura de testagem e histórico de utilização do LACEN.,sklearn_gb_v1,sklearn_v1
SAO ROBERTO,chikungunya,2025,19,0.6416,1,0.0,0.0,4.0,silencio_provavel,Revisar cobertura de testagem e histórico de utilização do LACEN.,sklearn_gb_v1,sklearn_v1
SAO PEDRO DO IGUACU,dengue,2025,8,0.6416,1,0.0,0.0,4.0,silencio_provavel,Revisar cobertura de testagem e histórico de utilização do LACEN.,sklearn_gb_v1,sklearn_v1
ASSIS,tuberculose_cultura,2025,2,0.6416,1,0.0,0.0,4.0,silencio_provavel,Revisar cobertura de testagem e histórico de utilização do LACEN.,sklearn_gb_v1,sklearn_v1
SANTANA,chikungunya,2024,35,0.6416,1,0.0,0.0,4.0,silencio_provavel,Revisar cobertura de testagem e histórico de utilização do LACEN.,sklearn_gb_v1,sklearn_v1
BAIAO,chikungunya,2025,8,0.6416,1,0.0,0.0,4.0,silencio_provavel,Revisar cobertura de testagem e histórico de utilização do LACEN.,sklearn_gb_v1,sklearn_v1
BARCELOS,dengue,2025,2,0.6416,1,0.0,0.0,4.0,silencio_provavel,Revisar cobertura de testagem e histórico de utilização do LACEN.,sklearn_gb_v1,sklearn_v1
SANTA QUITERIA DO MARANHAO,chikungunya,2025,21,0.6416,1,0.0,0.0,4.0,silencio_provavel,Revisar cobertura de testagem e histórico de utilização do LACEN.,sklearn_gb_v1,sklearn_v1
SANTA MERCEDES,chikungunya,2025,17,0.6416,1,0.0,0.0,4.0,silencio_provavel,Revisar cobertura de testagem e histórico de utilização do LACEN.,sklearn_gb_v1,sklearn_v1
SANTA HELENA DE GOIAS,dengue,2025,20,0.6416,1,0.0,0.0,4.0,silencio_provavel,Revisar cobertura de testagem e histórico de utilização do LACEN.,sklearn_gb_v1,sklearn_v1
BARRA,chikungunya,2025,7,0.6416,1,0.0,0.0,4.0,silencio_provavel,Revisar cobertura de testagem e histórico de utilização do LACEN.,sklearn_gb_v1,sklearn_v1
ARAGUAINA,chikungunya,2025,6,0.6416,1,0.0,0.0,4.0,silencio_provavel,Revisar cobertura de testagem e histórico de utilização do LACEN.,sklearn_gb_v1,sklearn_v1
SAO PAULO,sars_cov_2,2024,34,0.6416,1,0.0,0.0,4.0,silencio_provavel,Revisar cobertura de testagem e histórico de utilização do LACEN.,sklearn_gb_v1,sklearn_v1
SAO MIGUEL DOS CAMPOS,dengue,2025,17,0.6416,1,0.0,0.0,4.0,silencio_provavel,Revisar cobertura de testagem e histórico de utilização do LACEN.,sklearn_gb_v1,sklearn_v1
ASSIS,chikungunya,2025,7,0.6416,1,0.0,0.0,4.0,silencio_provavel,Revisar cobertura de testagem e histórico de utilização do LACEN.,sklearn_gb_v1,sklearn_v1
SAO DOMINGOS DO MARANHAO,chikungunya,2025,14,0.6416,1,0.0,0.0,4.0,silencio_provavel,Revisar cobertura de testagem e histórico de utilização do LACEN.,sklearn_gb_v1,sklearn_v1
SAO MIGUEL DO OESTE,dengue,2024,29,0.6416,1,0.0,0.0,4.0,silencio_provavel,Revisar cobertura de testagem e histórico de utilização do LACEN.,sklearn_gb_v1,sklearn_v1
VOTUPORANGA,dengue,2025,23,0.6416,1,0.0,0.0,4.0,silencio_provavel,Revisar cobertura de testagem e histórico de utilização do LACEN.,sklearn_gb_v1,sklearn_v1
VITORIA DA CONQUISTA,dengue,2024,31,0.6405,1,0.0,0.0,4.0,silencio_provavel,Revisar cobertura de testagem e histórico de utilização do LACEN.,sklearn_gb_v1,sklearn_v1
DIORAMA,chikungunya,2024,25,0.6405,1,0.0,0.0,4.0,silencio_provavel,Revisar cobertura de testagem e histórico de utilização do LACEN.,sklearn_gb_v1,sklearn_v1
DIORAMA,zika,2024,25,0.6405,1,0.0,0.0,4.0,silencio_provavel,Revisar cobertura de testagem e histórico de utilização do LACEN.,sklearn_gb_v1,sklearn_v1
VILHENA,tuberculose_cultura,2025,23,0.6405,1,0.0,0.0,4.0,silencio_provavel,Revisar cobertura de testagem e histórico de utilização do LACEN.,sklearn_gb_v1,sklearn_v1
ACRELANDIA,dengue,2024,28,0.6405,1,0.0,0.0,4.0,silencio_provavel,Revisar cobertura de testagem e histórico de utilização do LACEN.,sklearn_gb_v1,sklearn_v1
ELDORADO,zika,2025,2,0.6405,1,0.0,0.0,4.0,silencio_provavel,Revisar cobertura de testagem e histórico de utilização do LACEN.,sklearn_gb_v1,sklearn_v1
ELDORADO DO SUL,dengue,2025,9,0.6405,1,0.0,0.0,4.0,silencio_provavel,Revisar cobertura de testagem e histórico de utilização do LACEN.,sklearn_gb_v1,sklearn_v1
ELDORADO DO SUL,zika,2025,9,0.6405,1,0.0,0.0,4.0,silencio_provavel,Revisar cobertura de testagem e histórico de utilização do LACEN.,sklearn_gb_v1,sklearn_v1
ENTRE-IJUIS,dengue,2024,21,0.6405,1,0.0,0.0,4.0,silencio_provavel,Revisar cobertura de testagem e histórico de utilização do LACEN.,sklearn_gb_v1,sklearn_v1
VARJAO DE MINAS,dengue,2024,24,0.6405,1,0.0,0.0,4.0,silencio_provavel,Revisar cobertura de testagem e histórico de utilização do LACEN.,sklearn_gb_v1,sklearn_v1
VARZEA ALEGRE,chikungunya,2025,15,0.6405,1,0.0,0.0,4.0,silencio_provavel,Revisar cobertura de testagem e histórico de utilização do LACEN.,sklearn_gb_v1,sklearn_v1
VARZEA ALEGRE,dengue,2025,15,0.6405,1,0.0,0.0,4.0,silencio_provavel,Revisar cobertura de testagem e histórico de utilização do LACEN.,sklearn_gb_v1,sklearn_v1
VARZEA ALEGRE,zika,2025,15,0.6405,1,0.0,0.0,4.0,silencio_provavel,Revisar cobertura de testagem e histórico de utilização do LACEN.,sklearn_gb_v1,sklearn_v1
VAZANTE,chikungunya,2025,24,0.6405,1,0.0,0.0,4.0,silencio_provavel,Revisar cobertura de testagem e histórico de utilização do LACEN.,sklearn_gb_v1,sklearn_v1
VAZANTE,zika,2025,24,0.6405,1,0.0,0.0,4.0,silencio_provavel,Revisar cobertura de testagem e histórico de utilização do LACEN.,sklearn_gb_v1,sklearn_v1
VERE,influenza_a,2024,26,0.6405,1,0.0,0.0,4.0,silencio_provavel,Revisar cobertura de testagem e histórico de utilização do LACEN.,sklearn_gb_v1,sklearn_v1
VERE,influenza_b,2024,26,0.6405,1,0.0,0.0,4.0,silencio_provavel,Revisar cobertura de testagem e histórico de utilização do LACEN.,sklearn_gb_v1,sklearn_v1
VIANA,dengue,2025,16,0.6405,1,0.0,0.0,4.0,silencio_provavel,Revisar cobertura de testagem e histórico de utilização do LACEN.,sklearn_gb_v1,sklearn_v1
VIANA,zika,2025,16,0.6405,1,0.0,0.0,4.0,silencio_provavel,Revisar cobertura de testagem e histórico de utilização do LACEN.,sklearn_gb_v1,sklearn_v1
VIDEIRA,dengue,2025,20,0.6405,1,0.0,0.0,4.0,silencio_provavel,Revisar cobertura de testagem e histórico de utilização do LACEN.,sklearn_gb_v1,sklearn_v1
VIDEIRA,zika,2025,20,0.6405,1,0.0,0.0,4.0,silencio_provavel,Revisar cobertura de testagem e histórico de utilização do LACEN.,sklearn_gb_v1,sklearn_v1
SAO JOSE DO EGITO,dengue,2025,14,0.6405,1,0.0,0.0,4.0,silencio_provavel,Revisar cobertura de testagem e histórico de utilização do LACEN.,sklearn_gb_v1,sklearn_v1
SAO JOSE DO EGITO,zika,2025,14,0.6405,1,0.0,0.0,4.0,silencio_provavel,Revisar cobertura de testagem e histórico de utilização do LACEN.,sklearn_gb_v1,sklearn_v1
ARARAQUARA,dengue,2025,13,0.6405,1,0.0,0.0,4.0,silencio_provavel,Revisar cobertura de testagem e histórico de utilização do LACEN.,sklearn_gb_v1,sklearn_v1
ARARAQUARA,zika,2025,13,0.6405,1,0.0,0.0,4.0,silencio_provavel,Revisar cobertura de testagem e histórico de utilização do LACEN.,sklearn_gb_v1,sklearn_v1
SAO JOSE DO RIO PRETO,tuberculose_cultura,2025,11,0.6405,1,0.0,0.0,4.0,silencio_provavel,Revisar cobertura de testagem e histórico de utilização do LACEN.,sklearn_gb_v1,sklearn_v1
SAO JOSE DOS BASILIOS,zika,2025,19,0.6405,1,0.0,0.0,4.0,silencio_provavel,Revisar cobertura de testagem e histórico de utilização do LACEN.,sklearn_gb_v1,sklearn_v1
SAO JOSE DOS CAMPOS,dengue,2024,32,0.6405,1,0.0,0.0,4.0,silencio_provavel,Revisar cobertura de testagem e histórico de utilização do LACEN.,sklearn_gb_v1,sklearn_v1
SAO LOURENCO DO OESTE,chikungunya,2025,6,0.6405,1,0.0,0.0,4.0,silencio_provavel,Revisar cobertura de testagem e histórico de utilização do LACEN.,sklearn_gb_v1,sklearn_v1
SAO LOURENCO DO OESTE,dengue,2025,6,0.6405,1,0.0,0.0,4.0,silencio_provavel,Revisar cobertura de testagem e histórico de utilização do LACEN.,sklearn_gb_v1,sklearn_v1
SAO LOURENCO DO OESTE,zika,2025,6,0.6405,1,0.0,0.0,4.0,silencio_provavel,Revisar cobertura de testagem e histórico de utilização do LACEN.,sklearn_gb_v1,sklearn_v1
XANXERE,dengue,2025,6,0.6405,1,0.0,0.0,4.0,silencio_provavel,Revisar cobertura de testagem e histórico de utilização do LACEN.,sklearn_gb_v1,sklearn_v1
XANXERE,zika,2025,6,0.6405,1,0.0,0.0,4.0,silencio_provavel,Revisar cobertura de testagem e histórico de utilização do LACEN.,sklearn_gb_v1,sklearn_v1
DIONISIO CERQUEIRA,chikungunya,2024,24,0.6405,1,0.0,0.0,4.0,silencio_provavel,Revisar cobertura de testagem e histórico de utilização do LACEN.,sklearn_gb_v1,sklearn_v1
DIADEMA,dengue,2025,9,0.6405,1,0.0,0.0,4.0,silencio_provavel,Revisar cobertura de testagem e histórico de utilização do LACEN.,sklearn_gb_v1,sklearn_v1
DIADEMA,zika,2025,9,0.6405,1,0.0,0.0,4.0,silencio_provavel,Revisar cobertura de testagem e histórico de utilização do LACEN.,sklearn_gb_v1,sklearn_v1
DIONISIO CERQUEIRA,zika,2024,24,0.6405,1,0.0,0.0,4.0,silencio_provavel,Revisar cobertura de testagem e histórico de utilização do LACEN.,sklearn_gb_v1,sklearn_v1
SAO GABRIEL DO OESTE,zika,2025,24,0.6405,1,0.0,0.0,4.0,silencio_provavel,Revisar cobertura de testagem e histórico de utilização do LACEN.,sklearn_gb_v1,sklearn_v1
SAO GONCALO DO AMARANTE,rifampicina,2026,14,0.6405,1,0.0,0.0,4.0,silencio_provavel,Revisar cobertura de testagem e histórico de utilização do LACEN.,sklearn_gb_v1,sklearn_v1
SAO JOAO BATISTA,dengue,2025,18,0.6405,1,0.0,0.0,4.0,silencio_provavel,Revisar cobertura de testagem e histórico de utilização do LACEN.,sklearn_gb_v1,sklearn_v1
SAO JOAO BATISTA,zika,2025,18,0.6405,1,0.0,0.0,4.0,silencio_provavel,Revisar cobertura de testagem e histórico de utilização do LACEN.,sklearn_gb_v1,sklearn_v1
SAO JOAO DE MERITI,dengue,2024,22,0.6405,1,0.0,0.0,4.0,silencio_provavel,Revisar cobertura de testagem e histórico de utilização do LACEN.,sklearn_gb_v1,sklearn_v1
SAO JOAO DE PIRABAS,chikungunya,2025,9,0.6405,1,0.0,0.0,4.0,silencio_provavel,Revisar cobertura de testagem e histórico de utilização do LACEN.,sklearn_gb_v1,sklearn_v1
SAO JOAO DE PIRABAS,dengue,2025,9,0.6405,1,0.0,0.0,4.0,silencio_provavel,Revisar cobertura de testagem e histórico de utilização do LACEN.,sklearn_gb_v1,sklearn_v1
SAO JOAO DE PIRABAS,zika,2025,9,0.6405,1,0.0,0.0,4.0,silencio_provavel,Revisar cobertura de testagem e histórico de utilização do LACEN.,sklearn_gb_v1,sklearn_v1
SAO JOAO DO SOTER,dengue,2025,18,0.6405,1,0.0,0.0,4.0,silencio_provavel,Revisar cobertura de testagem e histórico de utilização do LACEN.,sklearn_gb_v1,sklearn_v1
SAO JOAO DO SOTER,zika,2025,18,0.6405,1,0.0,0.0,4.0,silencio_provavel,Revisar cobertura de testagem e histórico de utilização do LACEN.,sklearn_gb_v1,sklearn_v1
SAO JOAQUIM DA BARRA,dengue,2025,9,0.6405,1,0.0,0.0,4.0,silencio_provavel,Revisar cobertura de testagem e histórico de utilização do LACEN.,sklearn_gb_v1,sklearn_v1
SAO JOAQUIM DA BARRA,zika,2025,9,0.6405,1,0.0,0.0,4.0,silencio_provavel,Revisar cobertura de testagem e histórico de utilização do LACEN.,sklearn_gb_v1,sklearn_v1
SAO JOSE DA TAPERA,chikungunya,2025,15,0.6405,1,0.0,0.0,4.0,silencio_provavel,Revisar cobertura de testagem e histórico de utilização do LACEN.,sklearn_gb_v1,sklearn_v1
SAO JOSE DA TAPERA,dengue,2025,15,0.6405,1,0.0,0.0,4.0,silencio_provavel,Revisar cobertura de testagem e histórico de utilização do LACEN.,sklearn_gb_v1,sklearn_v1
SAO JOSE DA TAPERA,zika,2025,15,0.6405,1,0.0,0.0,4.0,silencio_provavel,Revisar cobertura de testagem e histórico de utilização do LACEN.,sklearn_gb_v1,sklearn_v1
SAO JOSE DE RIBAMAR,zika,2025,26,0.6405,1,0.0,0.0,4.0,silencio_provavel,Revisar cobertura de testagem e histórico de utilização do LACEN.,sklearn_gb_v1,sklearn_v1
ARAPOTI,chikungunya,2025,8,0.6405,1,0.0,0.0,4.0,silencio_provavel,Revisar cobertura de testagem e histórico de utilização do LACEN.,sklearn_gb_v1,sklearn_v1
ARAPOTI,dengue,2025,8,0.6405,1,0.0,0.0,4.0,silencio_provavel,Revisar cobertura de testagem e histórico de utilização do LACEN.,sklearn_gb_v1,sklearn_v1
ARAPOTI,zika,2025,8,0.6405,1,0.0,0.0,4.0,silencio_provavel,Revisar cobertura de testagem e histórico de utilização do LACEN.,sklearn_gb_v1,sklearn_v1
SAO DOMINGOS DO ARAGUAIA,dengue,2025,20,0.6405,1,0.0,0.0,4.0,silencio_provavel,Revisar cobertura de testagem e histórico de utilização do LACEN.,sklearn_gb_v1,sklearn_v1
SAO DOMINGOS DO MARANHAO,dengue,2025,14,0.6405,1,0.0,0.0,4.0,silencio_provavel,Revisar cobertura de testagem e histórico de utilização do LACEN.,sklearn_gb_v1,sklearn_v1
SAO DOMINGOS DO MARANHAO,zika,2025,14,0.6405,1,0.0,0.0,4.0,silencio_provavel,Revisar cobertura de testagem e histórico de utilização do LACEN.,sklearn_gb_v1,sklearn_v1
ARIQUEMES,influenza_a,2026,20,0.6405,1,0.0,0.0,4.0,silencio_provavel,Revisar cobertura de testagem e histórico de utilização do LACEN.,sklearn_gb_v1,sklearn_v1
ARIQUEMES,influenza_b,2026,20,0.6405,1,0.0,0.0,4.0,silencio_provavel,Revisar cobertura de testagem e histórico de utilização do LACEN.,sklearn_gb_v1,sklearn_v1
ARIQUEMES,sars_cov_2,2026,20,0.6405,1,0.0,0.0,4.0,silencio_provavel,Revisar cobertura de testagem e histórico de utilização do LACEN.,sklearn_gb_v1,sklearn_v1
SAO FELIX DO XINGU,tuberculose_cultura,2025,10,0.6405,1,0.0,0.0,4.0,silencio_provavel,Revisar cobertura de testagem e histórico de utilização do LACEN.,sklearn_gb_v1,sklearn_v1
SAO FRANCISCO DO MARANHAO,dengue,2025,19,0.6405,1,0.0,0.0,4.0,silencio_provavel,Revisar cobertura de testagem e histórico de utilização do LACEN.,sklearn_gb_v1,sklearn_v1
SAO FRANCISCO DO MARANHAO,zika,2025,19,0.6405,1,0.0,0.0,4.0,silencio_provavel,Revisar cobertura de testagem e histórico de utilização do LACEN.,sklearn_gb_v1,sklearn_v1
SAO GABRIEL DO OESTE,dengue,2025,24,0.6405,1,0.0,0.0,4.0,silencio_provavel,Revisar cobertura de testagem e histórico de utilização do LACEN.,sklearn_gb_v1,sklearn_v1
SAO GABRIEL DO OESTE,influenza_a,2024,26,0.6405,1,0.0,0.0,4.0,silencio_provavel,Revisar cobertura de testagem e histórico de utilização do LACEN.,sklearn_gb_v1,sklearn_v1
SAO GABRIEL DO OESTE,influenza_b,2024,26,0.6405,1,0.0,0.0,4.0,silencio_provavel,Revisar cobertura de testagem e histórico de utilização do LACEN.,sklearn_gb_v1,sklearn_v1
SAO GABRIEL DO OESTE,virus_respiratorios,2024,26,0.6405,1,0.0,0.0,4.0,silencio_provavel,Revisar cobertura de testagem e histórico de utilização do LACEN.,sklearn_gb_v1,sklearn_v1
SANTO AUGUSTO,zika,2025,24,0.6405,1,0.0,0.0,4.0,silencio_provavel,Revisar cobertura de testagem e histórico de utilização do LACEN.,sklearn_gb_v1,sklearn_v1
SANTOS,dengue,2024,27,0.6405,1,0.0,0.0,4.0,silencio_provavel,Revisar cobertura de testagem e histórico de utilização do LACEN.,sklearn_gb_v1,sklearn_v1
SAO BERNARDO DO CAMPO,zika,2025,29,0.6405,1,0.0,0.0,4.0,silencio_provavel,Revisar cobertura de testagem e histórico de utilização do LACEN.,sklearn_gb_v1,sklearn_v1
SAO CRISTOVAO,dengue,2025,7,0.6405,1,0.0,0.0,4.0,silencio_provavel,Revisar cobertura de testagem e histórico de utilização do LACEN.,sklearn_gb_v1,sklearn_v1
SAO LUDGERO,chikungunya,2025,22,0.6405,1,0.0,0.0,4.0,silencio_provavel,Revisar cobertura de testagem e histórico de utilização do LACEN.,sklearn_gb_v1,sklearn_v1
SAO LUDGERO,zika,2025,22,0.6405,1,0.0,0.0,4.0,silencio_provavel,Revisar cobertura de testagem e histórico de utilização do LACEN.,sklearn_gb_v1,sklearn_v1
SAO LUIS,hepatite_b_hbv,2024,25,0.6405,1,0.0,0.0,4.0,silencio_provavel,Revisar cobertura de testagem e histórico de utilização do LACEN.,sklearn_gb_v1,sklearn_v1
SAO LUIS,influenza_a,2025,6,0.6405,1,0.0,0.0,4.0,silencio_provavel,Revisar cobertura de testagem e histórico de utilização do LACEN.,sklearn_gb_v1,sklearn_v1
SAO LUIS,influenza_b,2025,6,0.6405,1,0.0,0.0,4.0,silencio_provavel,Revisar cobertura de testagem e histórico de utilização do LACEN.,sklearn_gb_v1,sklearn_v1
SAO LUIS,rifampicina,2024,45,0.6405,1,0.0,0.0,4.0,silencio_provavel,Revisar cobertura de testagem e histórico de utilização do LACEN.,sklearn_gb_v1,sklearn_v1
SAO LUIS,sars_cov_2,2025,6,0.6405,1,0.0,0.0,4.0,silencio_provavel,Revisar cobertura de testagem e histórico de utilização do LACEN.,sklearn_gb_v1,sklearn_v1
SAO LUIS DO QUITUNDE,tuberculose_lf_lam,2024,36,0.6405,1,0.0,0.0,4.0,silencio_provavel,Revisar cobertura de testagem e histórico de utilização do LACEN.,sklearn_gb_v1,sklearn_v1
SAO LUIS DO QUITUNDE,zika,2025,17,0.6405,1,0.0,0.0,4.0,silencio_provavel,Revisar cobertura de testagem e histórico de utilização do LACEN.,sklearn_gb_v1,sklearn_v1
SAO LUIS GONZAGA DO MARANHAO,dengue,2025,22,0.6405,1,0.0,0.0,4.0,silencio_provavel,Revisar cobertura de testagem e histórico de utilização do LACEN.,sklearn_gb_v1,sklearn_v1
SAO LUIS GONZAGA DO MARANHAO,zika,2025,22,0.6405,1,0.0,0.0,4.0,silencio_provavel,Revisar cobertura de testagem e histórico de utilização do LACEN.,sklearn_gb_v1,sklearn_v1
ARAPIRACA,zika,2025,10,0.6405,1,0.0,0.0,4.0,silencio_provavel,Revisar cobertura de testagem e histórico de utilização do LACEN.,sklearn_gb_v1,sklearn_v1
SANTANA DO ARAGUAIA,hepatite_c_hcv,2024,35,0.6405,1,0.0,0.0,4.0,silencio_provavel,Revisar cobertura de testagem e histórico de utilização do LACEN.,sklearn_gb_v1,sklearn_v1
SANTANA DO ARAGUAIA,zika,2025,20,0.6405,1,0.0,0.0,4.0,silencio_provavel,Revisar cobertura de testagem e histórico de utilização do LACEN.,sklearn_gb_v1,sklearn_v1
SANTAREM,influenza_a,2025,28,0.6405,1,0.0,0.0,4.0,silencio_provavel,Revisar cobertura de testagem e histórico de utilização do LACEN.,sklearn_gb_v1,sklearn_v1
SANTAREM,influenza_b,2025,28,0.6405,1,0.0,0.0,4.0,silencio_provavel,Revisar cobertura de testagem e histórico de utilização do LACEN.,sklearn_gb_v1,sklearn_v1
SANTAREM,virus_respiratorios,2025,28,0.6405,1,0.0,0.0,4.0,silencio_provavel,Revisar cobertura de testagem e histórico de utilização do LACEN.,sklearn_gb_v1,sklearn_v1
SANTO ANTONIO DE POSSE,dengue,2025,22,0.6405,1,0.0,0.0,4.0,silencio_provavel,Revisar cobertura de testagem e histórico de utilização do LACEN.,sklearn_gb_v1,sklearn_v1
SANTO ANTONIO DE POSSE,zika,2025,22,0.6405,1,0.0,0.0,4.0,silencio_provavel,Revisar cobertura de testagem e histórico de utilização do LACEN.,sklearn_gb_v1,sklearn_v1
ASSIS,dengue,2025,7,0.6405,1,0.0,0.0,4.0,silencio_provavel,Revisar cobertura de testagem e histórico de utilização do LACEN.,sklearn_gb_v1,sklearn_v1
ASSIS,zika,2025,7,0.6405,1,0.0,0.0,4.0,silencio_provavel,Revisar cobertura de testagem e histórico de utilização do LACEN.,sklearn_gb_v1,sklearn_v1
ASSIS BRASIL,dengue,2025,8,0.6405,1,0.0,0.0,4.0,silencio_provavel,Revisar cobertura de testagem e histórico de utilização do LACEN.,sklearn_gb_v1,sklearn_v1
AUGUSTINOPOLIS,chikungunya,2025,18,0.6405,1,0.0,0.0,4.0,silencio_provavel,Revisar cobertura de testagem e histórico de utilização do LACEN.,sklearn_gb_v1,sklearn_v1
AUGUSTINOPOLIS,zika,2025,18,0.6405,1,0.0,0.0,4.0,silencio_provavel,Revisar cobertura de testagem e histórico de utilização do LACEN.,sklearn_gb_v1,sklearn_v1
AUGUSTO CORREA,dengue,2025,13,0.6405,1,0.0,0.0,4.0,silencio_provavel,Revisar cobertura de testagem e histórico de utilização do LACEN.,sklearn_gb_v1,sklearn_v1
AUGUSTO CORREA,zika,2025,13,0.6405,1,0.0,0.0,4.0,silencio_provavel,Revisar cobertura de testagem e histórico de utilização do LACEN.,sklearn_gb_v1,sklearn_v1
SANTO ANTONIO DOS LOPES,dengue,2025,16,0.6405,1,0.0,0.0,4.0,silencio_provavel,Revisar cobertura de testagem e histórico de utilização do LACEN.,sklearn_gb_v1,sklearn_v1
SANTO AUGUSTO,dengue,2025,24,0.6405,1,0.0,0.0,4.0,silencio_provavel,Revisar cobertura de testagem e histórico de utilização do LACEN.,sklearn_gb_v1,sklearn_v1
SANTA QUITERIA DO MARANHAO,dengue,2025,21,0.6405,1,0.0,0.0,4.0,silencio_provavel,Revisar cobertura de testagem e histórico de utilização do LACEN.,sklearn_gb_v1,sklearn_v1
SANTA QUITERIA DO MARANHAO,zika,2025,21,0.6405,1,0.0,0.0,4.0,silencio_provavel,Revisar cobertura de testagem e histórico de utilização do LACEN.,sklearn_gb_v1,sklearn_v1
BALNEARIO CAMBORIU,dengue,2025,12,0.6405,1,0.0,0.0,4.0,silencio_provavel,Revisar cobertura de testagem e histórico de utilização do LACEN.,sklearn_gb_v1,sklearn_v1
AURORA,dengue,2024,52,0.6405,1,0.0,0.0,4.0,silencio_provavel,Revisar cobertura de testagem e histórico de utilização do LACEN.,sklearn_gb_v1,sklearn_v1
BACABAL,bacterias_teste_de_sensibilidade,2025,7,0.6405,1,0.0,0.0,4.0,silencio_provavel,Revisar cobertura de testagem e histórico de utilização do LACEN.,sklearn_gb_v1,sklearn_v1
BACABAL,chikungunya,2025,15,0.6405,1,0.0,0.0,4.0,silencio_provavel,Revisar cobertura de testagem e histórico de utilização do LACEN.,sklearn_gb_v1,sklearn_v1
BACABAL,tuberculose_cultura,2025,27,0.6405,1,0.0,0.0,4.0,silencio_provavel,Revisar cobertura de testagem e histórico de utilização do LACEN.,sklearn_gb_v1,sklearn_v1
BACABAL,zika,2025,15,0.6405,1,0.0,0.0,4.0,silencio_provavel,Revisar cobertura de testagem e histórico de utilização do LACEN.,sklearn_gb_v1,sklearn_v1
BADY BASSITT,influenza_a,2025,20,0.6405,1,0.0,0.0,4.0,silencio_provavel,Revisar cobertura de testagem e histórico de utilização do LACEN.,sklearn_gb_v1,sklearn_v1
BADY BASSITT,influenza_b,2025,20,0.6405,1,0.0,0.0,4.0,silencio_provavel,Revisar cobertura de testagem e histórico de utilização do LACEN.,sklearn_gb_v1,sklearn_v1
BADY BASSITT,virus_respiratorios,2025,20,0.6405,1,0.0,0.0,4.0,silencio_provavel,Revisar cobertura de testagem e histórico de utilização do LACEN.,sklearn_gb_v1,sklearn_v1
BAIAO,dengue,2025,8,0.6405,1,0.0,0.0,4.0,silencio_provavel,Revisar cobertura de testagem e histórico de utilização do LACEN.,sklearn_gb_v1,sklearn_v1
BAIAO,zika,2025,8,0.6405,1,0.0,0.0,4.0,silencio_provavel,Revisar cobertura de testagem e histórico de utilização do LACEN.,sklearn_gb_v1,sklearn_v1
SANTANA,dengue,2024,35,0.6405,1,0.0,0.0,4.0,silencio_provavel,Revisar cobertura de testagem e histórico de utilização do LACEN.,sklearn_gb_v1,sklearn_v1
SANTANA,zika,2024,35,0.6405,1,0.0,0.0,4.0,silencio_provavel,Revisar cobertura de testagem e histórico de utilização do LACEN.,sklearn_gb_v1,sklearn_v1
SANTANA DO ARAGUAIA,chikungunya,2025,20,0.6405,1,0.0,0.0,4.0,silencio_provavel,Revisar cobertura de testagem e histórico de utilização do LACEN.,sklearn_gb_v1,sklearn_v1
BARRA,zika,2025,7,0.6405,1,0.0,0.0,4.0,silencio_provavel,Revisar cobertura de testagem e histórico de utilização do LACEN.,sklearn_gb_v1,sklearn_v1
BARRA DE SANTO ANTONIO,dengue,2025,21,0.6405,1,0.0,0.0,4.0,silencio_provavel,Revisar cobertura de testagem e histórico de utilização do LACEN.,sklearn_gb_v1,sklearn_v1
BARRA DE SANTO ANTONIO,zika,2025,21,0.6405,1,0.0,0.0,4.0,silencio_provavel,Revisar cobertura de testagem e histórico de utilização do LACEN.,sklearn_gb_v1,sklearn_v1
SANTA HELENA,dengue,2024,26,0.6405,1,0.0,0.0,4.0,silencio_provavel,Revisar cobertura de testagem e histórico de utilização do LACEN.,sklearn_gb_v1,sklearn_v1
SANTA HELENA DE GOIAS,hepatite_c_hcv,2025,30,0.6405,1,0.0,0.0,4.0,silencio_provavel,Revisar cobertura de testagem e histórico de utilização do LACEN.,sklearn_gb_v1,sklearn_v1
SANTA INES,chikungunya,2025,14,0.6405,1,0.0,0.0,4.0,silencio_provavel,Revisar cobertura de testagem e histórico de utilização do LACEN.,sklearn_gb_v1,sklearn_v1
SANTA INES,zika,2025,14,0.6405,1,0.0,0.0,4.0,silencio_provavel,Revisar cobertura de testagem e histórico de utilização do LACEN.,sklearn_gb_v1,sklearn_v1
SANTA LUZIA,zika,2025,20,0.6405,1,0.0,0.0,4.0,silencio_provavel,Revisar cobertura de testagem e histórico de utilização do LACEN.,sklearn_gb_v1,sklearn_v1
SANTA LUZIA DO PARUA,chikungunya,2025,28,0.6405,1,0.0,0.0,4.0,silencio_provavel,Revisar cobertura de testagem e histórico de utilização do LACEN.,sklearn_gb_v1,sklearn_v1
SANTA LUZIA DO PARUA,zika,2025,28,0.6405,1,0.0,0.0,4.0,silencio_provavel,Revisar cobertura de testagem e histórico de utilização do LACEN.,sklearn_gb_v1,sklearn_v1
SANTA MARIA,zika,2025,10,0.6405,1,0.0,0.0,4.0,silencio_provavel,Revisar cobertura de testagem e histórico de utilização do LACEN.,sklearn_gb_v1,sklearn_v1
SANTA MARIA DAS BARREIRAS,chikungunya,2025,14,0.6405,1,0.0,0.0,4.0,silencio_provavel,Revisar cobertura de testagem e histórico de utilização do LACEN.,sklearn_gb_v1,sklearn_v1
SANTA MARIA DAS BARREIRAS,zika,2025,14,0.6405,1,0.0,0.0,4.0,silencio_provavel,Revisar cobertura de testagem e histórico de utilização do LACEN.,sklearn_gb_v1,sklearn_v1
SANTA MARIA DO OESTE,dengue,2025,6,0.6405,1,0.0,0.0,4.0,silencio_provavel,Revisar cobertura de testagem e histórico de utilização do LACEN.,sklearn_gb_v1,sklearn_v1
SANTA MERCEDES,dengue,2025,17,0.6405,1,0.0,0.0,4.0,silencio_provavel,Revisar cobertura de testagem e histórico de utilização do LACEN.,sklearn_gb_v1,sklearn_v1
SANTA MERCEDES,zika,2025,17,0.6405,1,0.0,0.0,4.0,silencio_provavel,Revisar cobertura de testagem e histórico de utilização do LACEN.,sklearn_gb_v1,sklearn_v1
SANTA FE DO SUL,dengue,2025,9,0.6405,1,0.0,0.0,4.0,silencio_provavel,Revisar cobertura de testagem e histórico de utilização do LACEN.,sklearn_gb_v1,sklearn_v1
SAO MIGUEL DO OESTE,influenza_a,2024,25,0.6405,1,0.0,0.0,4.0,silencio_provavel,Revisar cobertura de testagem e histórico de utilização do LACEN.,sklearn_gb_v1,sklearn_v1
SAO MIGUEL DO OESTE,influenza_b,2024,25,0.6405,1,0.0,0.0,4.0,silencio_provavel,Revisar cobertura de testagem e histórico de utilização do LACEN.,sklearn_gb_v1,sklearn_v1
SAO MIGUEL DO OESTE,virus_respiratorios,2024,25,0.6405,1,0.0,0.0,4.0,silencio_provavel,Revisar cobertura de testagem e histórico de utilização do LACEN.,sklearn_gb_v1,sklearn_v1
SAO MIGUEL DOS CAMPOS,chikungunya,2025,17,0.6405,1,0.0,0.0,4.0,silencio_provavel,Revisar cobertura de testagem e histórico de utilização do LACEN.,sklearn_gb_v1,sklearn_v1
SAO MIGUEL DOS CAMPOS,zika,2025,17,0.6405,1,0.0,0.0,4.0,silencio_provavel,Revisar cobertura de testagem e histórico de utilização do LACEN.,sklearn_gb_v1,sklearn_v1
SAO PAULO,influenza_a,2024,34,0.6405,1,0.0,0.0,4.0,silencio_provavel,Revisar cobertura de testagem e histórico de utilização do LACEN.,sklearn_gb_v1,sklearn_v1
SAO PAULO,influenza_b,2024,34,0.6405,1,0.0,0.0,4.0,silencio_provavel,Revisar cobertura de testagem e histórico de utilização do LACEN.,sklearn_gb_v1,sklearn_v1
SAO PAULO,tuberculose_cultura,2025,16,0.6405,1,0.0,0.0,4.0,silencio_provavel,Revisar cobertura de testagem e histórico de utilização do LACEN.,sklearn_gb_v1,sklearn_v1
SAO PAULO,virus_respiratorios,2024,28,0.6405,1,0.0,0.0,4.0,silencio_provavel,Revisar cobertura de testagem e histórico de utilização do LACEN.,sklearn_gb_v1,sklearn_v1
ARAGUAINA,dengue,2025,6,0.6405,1,0.0,0.0,4.0,silencio_provavel,Revisar cobertura de testagem e histórico de utilização do LACEN.,sklearn_gb_v1,sklearn_v1
ARAGUAINA,tuberculose_cultura,2024,23,0.6405,1,0.0,0.0,4.0,silencio_provavel,Revisar cobertura de testagem e histórico de utilização do LACEN.,sklearn_gb_v1,sklearn_v1
ARAGUAINA,zika,2025,6,0.6405,1,0.0,0.0,4.0,silencio_provavel,Revisar cobertura de testagem e histórico de utilização do LACEN.,sklearn_gb_v1,sklearn_v1
ARAGUATINS,chikungunya,2025,15,0.6405,1,0.0,0.0,4.0,silencio_provavel,Revisar cobertura de testagem e histórico de utilização do LACEN.,sklearn_gb_v1,sklearn_v1
SANTA FE DO SUL,zika,2025,9,0.6405,1,0.0,0.0,4.0,silencio_provavel,Revisar cobertura de testagem e histórico de utilização do LACEN.,sklearn_gb_v1,sklearn_v1
BARRA,dengue,2025,7,0.6405,1,0.0,0.0,4.0,silencio_provavel,Revisar cobertura de testagem e histórico de utilização do LACEN.,sklearn_gb_v1,sklearn_v1
RODRIGUES ALVES,dengue,2024,27,0.6405,1,0.0,0.0,4.0,silencio_provavel,Revisar cobertura de testagem e histórico de utilização do LACEN.,sklearn_gb_v1,sklearn_v1
RODRIGUES ALVES,zika,2024,27,0.6405,1,0.0,0.0,4.0,silencio_provavel,Revisar cobertura de testagem e histórico de utilização do LACEN.,sklearn_gb_v1,sklearn_v1
RONDA ALTA,chikungunya,2025,26,0.6405,1,0.0,0.0,4.0,silencio_provavel,Revisar cobertura de testagem e histórico de utilização do LACEN.,sklearn_gb_v1,sklearn_v1
RONDA ALTA,zika,2025,26,0.6405,1,0.0,0.0,4.0,silencio_provavel,Revisar cobertura de testagem e histórico de utilização do LACEN.,sklearn_gb_v1,sklearn_v1
RORAINOPOLIS,influenza_a,2025,30,0.6405,1,0.0,0.0,4.0,silencio_provavel,Revisar cobertura de testagem e histórico de utilização do LACEN.,sklearn_gb_v1,sklearn_v1
RORAINOPOLIS,influenza_b,2025,30,0.6405,1,0.0,0.0,4.0,silencio_provavel,Revisar cobertura de testagem e histórico de utilização do LACEN.,sklearn_gb_v1,sklearn_v1
RORAINOPOLIS,virus_respiratorios,2025,30,0.6405,1,0.0,0.0,4.0,silencio_provavel,Revisar cobertura de testagem e histórico de utilização do LACEN.,sklearn_gb_v1,sklearn_v1
ROSANA,dengue,2025,6,0.6405,1,0.0,0.0,4.0,silencio_provavel,Revisar cobertura de testagem e histórico de utilização do LACEN.,sklearn_gb_v1,sklearn_v1
ROSANA,zika,2025,7,0.6405,1,0.0,0.0,4.0,silencio_provavel,Revisar cobertura de testagem e histórico de utilização do LACEN.,sklearn_gb_v1,sklearn_v1
ROSARIO,tuberculose_lf_lam,2024,39,0.6405,1,0.0,0.0,4.0,silencio_provavel,Revisar cobertura de testagem e histórico de utilização do LACEN.,sklearn_gb_v1,sklearn_v1
RUROPOLIS,zika,2024,23,0.6405,1,0.0,0.0,4.0,silencio_provavel,Revisar cobertura de testagem e histórico de utilização do LACEN.,sklearn_gb_v1,sklearn_v1
SALVADOR,zika,2025,9,0.6405,1,0.0,0.0,4.0,silencio_provavel,Revisar cobertura de testagem e histórico de utilização do LACEN.,sklearn_gb_v1,sklearn_v1
SANTA CRUZ CABRALIA,dengue,2025,6,0.6405,1,0.0,0.0,4.0,silencio_provavel,Revisar cobertura de testagem e histórico de utilização do LACEN.,sklearn_gb_v1,sklearn_v1
SANTA CRUZ DO SUL,chikungunya,2024,39,0.6405,1,0.0,0.0,4.0,silencio_provavel,Revisar cobertura de testagem e histórico de utilização do LACEN.,sklearn_gb_v1,sklearn_v1
SANTA CRUZ DO SUL,dengue,2024,39,0.6405,1,0.0,0.0,4.0,silencio_provavel,Revisar cobertura de testagem e histórico de utilização do LACEN.,sklearn_gb_v1,sklearn_v1
SANTA CRUZ DO SUL,zika,2024,39,0.6405,1,0.0,0.0,4.0,silencio_provavel,Revisar cobertura de testagem e histórico de utilização do LACEN.,sklearn_gb_v1,sklearn_v1
RIO MARIA,zika,2024,21,0.6405,1,0.0,0.0,4.0,silencio_provavel,Revisar cobertura de testagem e histórico de utilização do LACEN.,sklearn_gb_v1,sklearn_v1
RIO PRETO DA EVA,chikungunya,2025,8,0.6405,1,0.0,0.0,4.0,silencio_provavel,Revisar cobertura de testagem e histórico de utilização do LACEN.,sklearn_gb_v1,sklearn_v1
RIO PRETO DA EVA,dengue,2025,8,0.6405,1,0.0,0.0,4.0,silencio_provavel,Revisar cobertura de testagem e histórico de utilização do LACEN.,sklearn_gb_v1,sklearn_v1
RIO PRETO DA EVA,zika,2025,8,0.6405,1,0.0,0.0,4.0,silencio_provavel,Revisar cobertura de testagem e histórico de utilização do LACEN.,sklearn_gb_v1,sklearn_v1
RIO VERDE,tuberculose_cultura,2025,22,0.6405,1,0.0,0.0,4.0,silencio_provavel,Revisar cobertura de testagem e histórico de utilização do LACEN.,sklearn_gb_v1,sklearn_v1
RIO VERDE DE MATO GROSSO,chagas,2024,31,0.6405,1,0.0,0.0,4.0,silencio_provavel,Revisar cobertura de testagem e histórico de utilização do LACEN.,sklearn_gb_v1,sklearn_v1
RIO VERDE DE MATO GROSSO,chagas_igg,2024,31,0.6405,1,0.0,0.0,4.0,silencio_provavel,Revisar cobertura de testagem e histórico de utilização do LACEN.,sklearn_gb_v1,sklearn_v1
RIO VERDE DE MATO GROSSO,chikungunya,2025,9,0.6405,1,0.0,0.0,4.0,silencio_provavel,Revisar cobertura de testagem e histórico de utilização do LACEN.,sklearn_gb_v1,sklearn_v1
RIO VERDE DE MATO GROSSO,dengue,2025,9,0.6405,1,0.0,0.0,4.0,silencio_provavel,Revisar cobertura de testagem e histórico de utilização do LACEN.,sklearn_gb_v1,sklearn_v1
RIO VERDE DE MATO GROSSO,influenza_a,2024,34,0.6405,1,0.0,0.0,4.0,silencio_provavel,Revisar cobertura de testagem e histórico de utilização do LACEN.,sklearn_gb_v1,sklearn_v1
RIO VERDE DE MATO GROSSO,influenza_b,2024,34,0.6405,1,0.0,0.0,4.0,silencio_provavel,Revisar cobertura de testagem e histórico de utilização do LACEN.,sklearn_gb_v1,sklearn_v1
RIO VERDE DE MATO GROSSO,sars_cov_2,2024,34,0.6405,1,0.0,0.0,4.0,silencio_provavel,Revisar cobertura de testagem e histórico de utilização do LACEN.,sklearn_gb_v1,sklearn_v1
RIO VERDE DE MATO GROSSO,zika,2025,9,0.6405,1,0.0,0.0,4.0,silencio_provavel,Revisar cobertura de testagem e histórico de utilização do LACEN.,sklearn_gb_v1,sklearn_v1
RODEIO BONITO,dengue,2025,28,0.6405,1,0.0,0.0,4.0,silencio_provavel,Revisar cobertura de testagem e histórico de utilização do LACEN.,sklearn_gb_v1,sklearn_v1
RODEIO BONITO,zika,2025,28,0.6405,1,0.0,0.0,4.0,silencio_provavel,Revisar cobertura de testagem e histórico de utilização do LACEN.,sklearn_gb_v1,sklearn_v1
RODRIGUES ALVES,chikungunya,2024,27,0.6405,1,0.0,0.0,4.0,silencio_provavel,Revisar cobertura de testagem e histórico de utilização do LACEN.,sklearn_gb_v1,sklearn_v1
BARRAS,chikungunya,2025,18,0.6405,1,0.0,0.0,4.0,silencio_provavel,Revisar cobertura de testagem e histórico de utilização do LACEN.,sklearn_gb_v1,sklearn_v1
BARRAS,zika,2025,18,0.6405,1,0.0,0.0,4.0,silencio_provavel,Revisar cobertura de testagem e histórico de utilização do LACEN.,sklearn_gb_v1,sklearn_v1
BARREIRAS,zika,2025,7,0.6405,1,0.0,0.0,4.0,silencio_provavel,Revisar cobertura de testagem e histórico de utilização do LACEN.,sklearn_gb_v1,sklearn_v1
BARREIRINHAS,chikungunya,2024,22,0.6405,1,0.0,0.0,4.0,silencio_provavel,Revisar cobertura de testagem e histórico de utilização do LACEN.,sklearn_gb_v1,sklearn_v1
RENASCENCA,dengue,2025,21,0.6405,1,0.0,0.0,4.0,silencio_provavel,Revisar cobertura de testagem e histórico de utilização do LACEN.,sklearn_gb_v1,sklearn_v1
RIBEIRAO PRETO,chikungunya,2025,16,0.6405,1,0.0,0.0,4.0,silencio_provavel,Revisar cobertura de testagem e histórico de utilização do LACEN.,sklearn_gb_v1,sklearn_v1
RIBEIRAO PRETO,zika,2025,16,0.6405,1,0.0,0.0,4.0,silencio_provavel,Revisar cobertura de testagem e histórico de utilização do LACEN.,sklearn_gb_v1,sklearn_v1
RINOPOLIS,dengue,2025,4,0.6405,1,0.0,0.0,4.0,silencio_provavel,Revisar cobertura de testagem e histórico de utilização do LACEN.,sklearn_gb_v1,sklearn_v1
RIO BRILHANTE,rifampicina,2024,43,0.6405,1,0.0,0.0,4.0,silencio_provavel,Revisar cobertura de testagem e histórico de utilização do LACEN.,sklearn_gb_v1,sklearn_v1
RIO BRILHANTE,varicela_zoster_biologia_molecular,2025,27,0.6405,1,0.0,0.0,4.0,silencio_provavel,Revisar cobertura de testagem e histórico de utilização do LACEN.,sklearn_gb_v1,sklearn_v1
RIO BRILHANTE,variola,2025,27,0.6405,1,0.0,0.0,4.0,silencio_provavel,Revisar cobertura de testagem e histórico de utilização do LACEN.,sklearn_gb_v1,sklearn_v1
RIO CLARO,dengue,2025,12,0.6405,1,0.0,0.0,4.0,silencio_provavel,Revisar cobertura de testagem e histórico de utilização do LACEN.,sklearn_gb_v1,sklearn_v1
RIO DE JANEIRO,toxoplasmose_igg,2024,29,0.6405,1,0.0,0.0,4.0,silencio_provavel,Revisar cobertura de testagem e histórico de utilização do LACEN.,sklearn_gb_v1,sklearn_v1
RIO DE JANEIRO,toxoplasmose_igm,2024,29,0.6405,1,0.0,0.0,4.0,silencio_provavel,Revisar cobertura de testagem e histórico de utilização do LACEN.,sklearn_gb_v1,sklearn_v1
RIO LARGO,dengue,2025,19,0.6405,1,0.0,0.0,4.0,silencio_provavel,Revisar cobertura de testagem e histórico de utilização do LACEN.,sklearn_gb_v1,sklearn_v1
RIO MARIA,dengue,2024,21,0.6405,1,0.0,0.0,4.0,silencio_provavel,Revisar cobertura de testagem e histórico de utilização do LACEN.,sklearn_gb_v1,sklearn_v1
BATALHA,dengue,2025,29,0.6405,1,0.0,0.0,4.0,silencio_provavel,Revisar cobertura de testagem e histórico de utilização do LACEN.,sklearn_gb_v1,sklearn_v1
BATALHA,zika,2025,29,0.6405,1,0.0,0.0,4.0,silencio_provavel,Revisar cobertura de testagem e histórico de utilização do LACEN.,sklearn_gb_v1,sklearn_v1
BATATAIS,chikungunya,2025,26,0.6405,1,0.0,0.0,4.0,silencio_provavel,Revisar cobertura de testagem e histórico de utilização do LACEN.,sklearn_gb_v1,sklearn_v1
BATATAIS,zika,2025,26,0.6405,1,0.0,0.0,4.0,silencio_provavel,Revisar cobertura de testagem e histórico de utilização do LACEN.,sklearn_gb_v1,sklearn_v1
BAURU,dengue,2025,9,0.6405,1,0.0,0.0,4.0,silencio_provavel,Revisar cobertura de testagem e histórico de utilização do LACEN.,sklearn_gb_v1,sklearn_v1
QUIRINOPOLIS,dengue,2025,8,0.6405,1,0.0,0.0,4.0,silencio_provavel,Revisar cobertura de testagem e histórico de utilização do LACEN.,sklearn_gb_v1,sklearn_v1
QUIXERAMOBIM,dengue,2025,20,0.6405,1,0.0,0.0,4.0,silencio_provavel,Revisar cobertura de testagem e histórico de utilização do LACEN.,sklearn_gb_v1,sklearn_v1
QUIXERAMOBIM,zika,2025,20,0.6405,1,0.0,0.0,4.0,silencio_provavel,Revisar cobertura de testagem e histórico de utilização do LACEN.,sklearn_gb_v1,sklearn_v1
RANCHO ALEGRE,dengue,2024,29,0.6405,1,0.0,0.0,4.0,silencio_provavel,Revisar cobertura de testagem e histórico de utilização do LACEN.,sklearn_gb_v1,sklearn_v1
RECIFE,chikungunya,2025,24,0.6405,1,0.0,0.0,4.0,silencio_provavel,Revisar cobertura de testagem e histórico de utilização do LACEN.,sklearn_gb_v1,sklearn_v1
RECIFE,zika,2025,24,0.6405,1,0.0,0.0,4.0,silencio_provavel,Revisar cobertura de testagem e histórico de utilização do LACEN.,sklearn_gb_v1,sklearn_v1
BARRA DOS COQUEIROS,dengue,2025,4,0.6405,1,0.0,0.0,4.0,silencio_provavel,Revisar cobertura de testagem e histórico de utilização do LACEN.,sklearn_gb_v1,sklearn_v1
BARRA VELHA,dengue,2025,11,0.6405,1,0.0,0.0,4.0,silencio_provavel,Revisar cobertura de testagem e histórico de utilização do LACEN.,sklearn_gb_v1,sklearn_v1
BARRA VELHA,zika,2025,11,0.6405,1,0.0,0.0,4.0,silencio_provavel,Revisar cobertura de testagem e histórico de utilização do LACEN.,sklearn_gb_v1,sklearn_v1
BARRACAO,dengue,2025,15,0.6405,1,0.0,0.0,4.0,silencio_provavel,Revisar cobertura de testagem e histórico de utilização do LACEN.,sklearn_gb_v1,sklearn_v1
BARRACAO,zika,2025,15,0.6405,1,0.0,0.0,4.0,silencio_provavel,Revisar cobertura de testagem e histórico de utilização do LACEN.,sklearn_gb_v1,sklearn_v1
SAO VICENTE,dengue,2025,1,0.6405,1,0.0,0.0,4.0,silencio_provavel,Revisar cobertura de testagem e histórico de utilização do LACEN.,sklearn_gb_v1,sklearn_v1
AQUIDAUANA,chikungunya,2025,11,0.6405,1,0.0,0.0,4.0,silencio_provavel,Revisar cobertura de testagem e histórico de utilização do LACEN.,sklearn_gb_v1,sklearn_v1
AQUIDAUANA,dengue,2025,11,0.6405,1,0.0,0.0,4.0,silencio_provavel,Revisar cobertura de testagem e histórico de utilização do LACEN.,sklearn_gb_v1,sklearn_v1
BAURU,zika,2025,9,0.6405,1,0.0,0.0,4.0,silencio_provavel,Revisar cobertura de testagem e histórico de utilização do LACEN.,sklearn_gb_v1,sklearn_v1
BEBERIBE,dengue,2025,15,0.6405,1,0.0,0.0,4.0,silencio_provavel,Revisar cobertura de testagem e histórico de utilização do LACEN.,sklearn_gb_v1,sklearn_v1
BEBERIBE,zika,2025,15,0.6405,1,0.0,0.0,4.0,silencio_provavel,Revisar cobertura de testagem e histórico de utilização do LACEN.,sklearn_gb_v1,sklearn_v1
BELEM,cultura_para_fungos,2025,28,0.6405,1,0.0,0.0,4.0,silencio_provavel,Revisar cobertura de testagem e histórico de utilização do LACEN.,sklearn_gb_v1,sklearn_v1
BELEM,fungos,2025,28,0.6405,1,0.0,0.0,4.0,silencio_provavel,Revisar cobertura de testagem e histórico de utilização do LACEN.,sklearn_gb_v1,sklearn_v1
BELEM,rifampicina,2025,28,0.6405,1,0.0,0.0,4.0,silencio_provavel,Revisar cobertura de testagem e histórico de utilização do LACEN.,sklearn_gb_v1,sklearn_v1
BELEM,tuberculose_cultura,2025,28,0.6405,1,0.0,0.0,4.0,silencio_provavel,Revisar cobertura de testagem e histórico de utilização do LACEN.,sklearn_gb_v1,sklearn_v1
BELO HORIZONTE,dengue,2024,43,0.6405,1,0.0,0.0,4.0,silencio_provavel,Revisar cobertura de testagem e histórico de utilização do LACEN.,sklearn_gb_v1,sklearn_v1
QUEBRANGULO,dengue,2025,4,0.6405,1,0.0,0.0,4.0,silencio_provavel,Revisar cobertura de testagem e histórico de utilização do LACEN.,sklearn_gb_v1,sklearn_v1
QUEBRANGULO,zika,2025,4,0.6405,1,0.0,0.0,4.0,silencio_provavel,Revisar cobertura de testagem e histórico de utilização do LACEN.,sklearn_gb_v1,sklearn_v1
BARREIRINHAS,zika,2024,22,0.6405,1,0.0,0.0,4.0,silencio_provavel,Revisar cobertura de testagem e histórico de utilização do LACEN.,sklearn_gb_v1,sklearn_v1
BARROLANDIA,chikungunya,2025,14,0.6405,1,0.0,0.0,4.0,silencio_provavel,Revisar cobertura de testagem e histórico de utilização do LACEN.,sklearn_gb_v1,sklearn_v1
BARROLANDIA,zika,2025,14,0.6405,1,0.0,0.0,4.0,silencio_provavel,Revisar cobertura de testagem e histórico de utilização do LACEN.,sklearn_gb_v1,sklearn_v1
BOA VISTA,febre_amarela_biologia_molecular,2025,15,0.6405,1,0.0,0.0,4.0,silencio_provavel,Revisar cobertura de testagem e histórico de utilização do LACEN.,sklearn_gb_v1,sklearn_v1
PRESIDENTE FIGUEIREDO,virus_respiratorios,2025,26,0.6405,1,0.0,0.0,4.0,silencio_provavel,Revisar cobertura de testagem e histórico de utilização do LACEN.,sklearn_gb_v1,sklearn_v1
PRESIDENTE FIGUEIREDO,zika,2025,7,0.6405,1,0.0,0.0,4.0,silencio_provavel,Revisar cobertura de testagem e histórico de utilização do LACEN.,sklearn_gb_v1,sklearn_v1
PRESIDENTE MEDICI,dengue,2025,9,0.6405,1,0.0,0.0,4.0,silencio_provavel,Revisar cobertura de testagem e histórico de utilização do LACEN.,sklearn_gb_v1,sklearn_v1
PRESIDENTE MEDICI,zika,2025,9,0.6405,1,0.0,0.0,4.0,silencio_provavel,Revisar cobertura de testagem e histórico de utilização do LACEN.,sklearn_gb_v1,sklearn_v1
PRESIDENTE PRUDENTE,dengue,2025,1,0.6405,1,0.0,0.0,4.0,silencio_provavel,Revisar cobertura de testagem e histórico de utilização do LACEN.,sklearn_gb_v1,sklearn_v1
ARAGUATINS,zika,2025,15,0.6405,1,0.0,0.0,4.0,silencio_provavel,Revisar cobertura de testagem e histórico de utilização do LACEN.,sklearn_gb_v1,sklearn_v1
ARAL MOREIRA,influenza_a,2025,4,0.6405,1,0.0,0.0,4.0,silencio_provavel,Revisar cobertura de testagem e histórico de utilização do LACEN.,sklearn_gb_v1,sklearn_v1
ARAL MOREIRA,influenza_b,2025,4,0.6405,1,0.0,0.0,4.0,silencio_provavel,Revisar cobertura de testagem e histórico de utilização do LACEN.,sklearn_gb_v1,sklearn_v1
ARAL MOREIRA,virus_respiratorios,2025,4,0.6405,1,0.0,0.0,4.0,silencio_provavel,Revisar cobertura de testagem e histórico de utilização do LACEN.,sklearn_gb_v1,sklearn_v1
ARAME,chikungunya,2025,20,0.6405,1,0.0,0.0,4.0,silencio_provavel,Revisar cobertura de testagem e histórico de utilização do LACEN.,sklearn_gb_v1,sklearn_v1
ARAME,zika,2025,20,0.6405,1,0.0,0.0,4.0,silencio_provavel,Revisar cobertura de testagem e histórico de utilização do LACEN.,sklearn_gb_v1,sklearn_v1
SAO PEDRO,chikungunya,2025,14,0.6405,1,0.0,0.0,4.0,silencio_provavel,Revisar cobertura de testagem e histórico de utilização do LACEN.,sklearn_gb_v1,sklearn_v1
SAO PEDRO,zika,2025,14,0.6405,1,0.0,0.0,4.0,silencio_provavel,Revisar cobertura de testagem e histórico de utilização do LACEN.,sklearn_gb_v1,sklearn_v1
SAO ROBERTO,dengue,2025,19,0.6405,1,0.0,0.0,4.0,silencio_provavel,Revisar cobertura de testagem e histórico de utilização do LACEN.,sklearn_gb_v1,sklearn_v1
SAO ROBERTO,zika,2025,19,0.6405,1,0.0,0.0,4.0,silencio_provavel,Revisar cobertura de testagem e histórico de utilização do LACEN.,sklearn_gb_v1,sklearn_v1
BOA VISTA DO CADEADO,zika,2025,18,0.6405,1,0.0,0.0,4.0,silencio_provavel,Revisar cobertura de testagem e histórico de utilização do LACEN.,sklearn_gb_v1,sklearn_v1
BOA VISTA DO GURUPI,zika,2024,21,0.6405,1,0.0,0.0,4.0,silencio_provavel,Revisar cobertura de testagem e histórico de utilização do LACEN.,sklearn_gb_v1,sklearn_v1
BOM JARDIM,zika,2025,25,0.6405,1,0.0,0.0,4.0,silencio_provavel,Revisar cobertura de testagem e histórico de utilização do LACEN.,sklearn_gb_v1,sklearn_v1
POXOREO,meningite_bacteriana_biologia_molecular,2025,33,0.6405,1,0.0,0.0,4.0,silencio_provavel,Revisar cobertura de testagem e histórico de utilização do LACEN.,sklearn_gb_v1,sklearn_v1
POXOREO,tuberculose_lf_lam,2024,31,0.6405,1,0.0,0.0,4.0,silencio_provavel,Revisar cobertura de testagem e histórico de utilização do LACEN.,sklearn_gb_v1,sklearn_v1
PRAIA GRANDE,dengue,2025,6,0.6405,1,0.0,0.0,4.0,silencio_provavel,Revisar cobertura de testagem e histórico de utilização do LACEN.,sklearn_gb_v1,sklearn_v1
PRAINHA,chikungunya,2025,25,0.6405,1,0.0,0.0,4.0,silencio_provavel,Revisar cobertura de testagem e histórico de utilização do LACEN.,sklearn_gb_v1,sklearn_v1
PRAINHA,zika,2025,25,0.6405,1,0.0,0.0,4.0,silencio_provavel,Revisar cobertura de testagem e histórico de utilização do LACEN.,sklearn_gb_v1,sklearn_v1
PRESIDENTE FIGUEIREDO,dengue,2025,7,0.6405,1,0.0,0.0,4.0,silencio_provavel,Revisar cobertura de testagem e histórico de utilização do LACEN.,sklearn_gb_v1,sklearn_v1
PRESIDENTE FIGUEIREDO,influenza_a,2025,26,0.6405,1,0.0,0.0,4.0,silencio_provavel,Revisar cobertura de testagem e histórico de utilização do LACEN.,sklearn_gb_v1,sklearn_v1
PRESIDENTE FIGUEIREDO,influenza_b,2025,26,0.6405,1,0.0,0.0,4.0,silencio_provavel,Revisar cobertura de testagem e histórico de utilização do LACEN.,sklearn_gb_v1,sklearn_v1
BELO HORIZONTE,zika,2025,8,0.6405,1,0.0,0.0,4.0,silencio_provavel,Revisar cobertura de testagem e histórico de utilização do LACEN.,sklearn_gb_v1,sklearn_v1
BELO ORIENTE,dengue,2025,6,0.6405,1,0.0,0.0,4.0,silencio_provavel,Revisar cobertura de testagem e histórico de utilização do LACEN.,sklearn_gb_v1,sklearn_v1
BELO ORIENTE,zika,2025,6,0.6405,1,0.0,0.0,4.0,silencio_provavel,Revisar cobertura de testagem e histórico de utilização do LACEN.,sklearn_gb_v1,sklearn_v1
BERNARDO DO MEARIM,dengue,2025,5,0.6405,1,0.0,0.0,4.0,silencio_provavel,Revisar cobertura de testagem e histórico de utilização do LACEN.,sklearn_gb_v1,sklearn_v1
BERNARDO DO MEARIM,zika,2025,5,0.6405,1,0.0,0.0,4.0,silencio_provavel,Revisar cobertura de testagem e histórico de utilização do LACEN.,sklearn_gb_v1,sklearn_v1
PORTO VELHO,influenza_a,2024,35,0.6405,1,0.0,0.0,4.0,silencio_provavel,Revisar cobertura de testagem e histórico de utilização do LACEN.,sklearn_gb_v1,sklearn_v1
PORTO VELHO,influenza_b,2024,35,0.6405,1,0.0,0.0,4.0,silencio_provavel,Revisar cobertura de testagem e histórico de utilização do LACEN.,sklearn_gb_v1,sklearn_v1
PORTO VELHO,rifampicina,2026,11,0.6405,1,0.0,0.0,4.0,silencio_provavel,Revisar cobertura de testagem e histórico de utilização do LACEN.,sklearn_gb_v1,sklearn_v1
PORTO VELHO,sars_cov_2,2024,35,0.6405,1,0.0,0.0,4.0,silencio_provavel,Revisar cobertura de testagem e histórico de utilização do LACEN.,sklearn_gb_v1,sklearn_v1
BOM JESUS DAS SELVAS,zika,2025,25,0.6405,1,0.0,0.0,4.0,silencio_provavel,Revisar cobertura de testagem e histórico de utilização do LACEN.,sklearn_gb_v1,sklearn_v1
BOM JESUS DO TOCANTINS,dengue,2024,28,0.6405,1,0.0,0.0,4.0,silencio_provavel,Revisar cobertura de testagem e histórico de utilização do LACEN.,sklearn_gb_v1,sklearn_v1
BOM JESUS DO TOCANTINS,zika,2024,28,0.6405,1,0.0,0.0,4.0,silencio_provavel,Revisar cobertura de testagem e histórico de utilização do LACEN.,sklearn_gb_v1,sklearn_v1
BOM LUGAR,zika,2025,21,0.6405,1,0.0,0.0,4.0,silencio_provavel,Revisar cobertura de testagem e histórico de utilização do LACEN.,sklearn_gb_v1,sklearn_v1
PORTO VELHO,tuberculose_cultura,2024,24,0.6405,1,0.0,0.0,4.0,silencio_provavel,Revisar cobertura de testagem e histórico de utilização do LACEN.,sklearn_gb_v1,sklearn_v1
POSSE,dengue,2025,21,0.6405,1,0.0,0.0,4.0,silencio_provavel,Revisar cobertura de testagem e histórico de utilização do LACEN.,sklearn_gb_v1,sklearn_v1
POSSE,zika,2025,21,0.6405,1,0.0,0.0,4.0,silencio_provavel,Revisar cobertura de testagem e histórico de utilização do LACEN.,sklearn_gb_v1,sklearn_v1
POUSO ALEGRE,chikungunya,2025,17,0.6405,1,0.0,0.0,4.0,silencio_provavel,Revisar cobertura de testagem e histórico de utilização do LACEN.,sklearn_gb_v1,sklearn_v1
POUSO ALEGRE,zika,2025,17,0.6405,1,0.0,0.0,4.0,silencio_provavel,Revisar cobertura de testagem e histórico de utilização do LACEN.,sklearn_gb_v1,sklearn_v1
BOA VISTA,leptospira,2025,15,0.6405,1,0.0,0.0,4.0,silencio_provavel,Revisar cobertura de testagem e histórico de utilização do LACEN.,sklearn_gb_v1,sklearn_v1
BOA VISTA,tuberculose_lf_lam,2025,51,0.6405,1,0.0,0.0,4.0,silencio_provavel,Revisar cobertura de testagem e histórico de utilização do LACEN.,sklearn_gb_v1,sklearn_v1
BOA VISTA DO CADEADO,chikungunya,2025,18,0.6405,1,0.0,0.0,4.0,silencio_provavel,Revisar cobertura de testagem e histórico de utilização do LACEN.,sklearn_gb_v1,sklearn_v1
SAUDADES,dengue,2025,25,0.6405,1,0.0,0.0,4.0,silencio_provavel,Revisar cobertura de testagem e histórico de utilização do LACEN.,sklearn_gb_v1,sklearn_v1
SAUDADES,zika,2025,25,0.6405,1,0.0,0.0,4.0,silencio_provavel,Revisar cobertura de testagem e histórico de utilização do LACEN.,sklearn_gb_v1,sklearn_v1
BOMBINHAS,zika,2024,24,0.6405,1,0.0,0.0,4.0,silencio_provavel,Revisar cobertura de testagem e histórico de utilização do LACEN.,sklearn_gb_v1,sklearn_v1
BONITO,hepatite_c_hcv,2025,13,0.6405,1,0.0,0.0,4.0,silencio_provavel,Revisar cobertura de testagem e histórico de utilização do LACEN.,sklearn_gb_v1,sklearn_v1
BRAGANCA,chikungunya,2025,15,0.6405,1,0.0,0.0,4.0,silencio_provavel,Revisar cobertura de testagem e histórico de utilização do LACEN.,sklearn_gb_v1,sklearn_v1
BRAGANCA,influenza_a,2025,33,0.6405,1,0.0,0.0,4.0,silencio_provavel,Revisar cobertura de testagem e histórico de utilização do LACEN.,sklearn_gb_v1,sklearn_v1
BRAGANCA,influenza_b,2025,33,0.6405,1,0.0,0.0,4.0,silencio_provavel,Revisar cobertura de testagem e histórico de utilização do LACEN.,sklearn_gb_v1,sklearn_v1
BRAGANCA,virus_respiratorios,2025,33,0.6405,1,0.0,0.0,4.0,silencio_provavel,Revisar cobertura de testagem e histórico de utilização do LACEN.,sklearn_gb_v1,sklearn_v1
BRAGANCA,zika,2025,15,0.6405,1,0.0,0.0,4.0,silencio_provavel,Revisar cobertura de testagem e histórico de utilização do LACEN.,sklearn_gb_v1,sklearn_v1
BRANQUINHA,dengue,2025,20,0.6405,1,0.0,0.0,4.0,silencio_provavel,Revisar cobertura de testagem e histórico de utilização do LACEN.,sklearn_gb_v1,sklearn_v1
PORTO FRANCO,virus_respiratorios,2025,25,0.6405,1,0.0,0.0,4.0,silencio_provavel,Revisar cobertura de testagem e histórico de utilização do LACEN.,sklearn_gb_v1,sklearn_v1
PORTO FRANCO,zika,2025,18,0.6405,1,0.0,0.0,4.0,silencio_provavel,Revisar cobertura de testagem e histórico de utilização do LACEN.,sklearn_gb_v1,sklearn_v1
PORTO LUCENA,chikungunya,2025,20,0.6405,1,0.0,0.0,4.0,silencio_provavel,Revisar cobertura de testagem e histórico de utilização do LACEN.,sklearn_gb_v1,sklearn_v1
PORTO LUCENA,zika,2025,20,0.6405,1,0.0,0.0,4.0,silencio_provavel,Revisar cobertura de testagem e histórico de utilização do LACEN.,sklearn_gb_v1,sklearn_v1
PORTO NACIONAL,zika,2025,8,0.6405,1,0.0,0.0,4.0,silencio_provavel,Revisar cobertura de testagem e histórico de utilização do LACEN.,sklearn_gb_v1,sklearn_v1
PORTO VELHO,hepatite_b_hbv,2025,26,0.6405,1,0.0,0.0,4.0,silencio_provavel,Revisar cobertura de testagem e histórico de utilização do LACEN.,sklearn_gb_v1,sklearn_v1
PORTO DE PEDRAS,dengue,2025,17,0.6405,1,0.0,0.0,4.0,silencio_provavel,Revisar cobertura de testagem e histórico de utilização do LACEN.,sklearn_gb_v1,sklearn_v1
PORTO DE PEDRAS,zika,2025,17,0.6405,1,0.0,0.0,4.0,silencio_provavel,Revisar cobertura de testagem e histórico de utilização do LACEN.,sklearn_gb_v1,sklearn_v1
PORTO FRANCO,dengue,2025,18,0.6405,1,0.0,0.0,4.0,silencio_provavel,Revisar cobertura de testagem e histórico de utilização do LACEN.,sklearn_gb_v1,sklearn_v1
PORTO FRANCO,influenza_a,2025,25,0.6405,1,0.0,0.0,4.0,silencio_provavel,Revisar cobertura de testagem e histórico de utilização do LACEN.,sklearn_gb_v1,sklearn_v1
PORTO FRANCO,influenza_b,2025,25,0.6405,1,0.0,0.0,4.0,silencio_provavel,Revisar cobertura de testagem e histórico de utilização do LACEN.,sklearn_gb_v1,sklearn_v1
BOMBINHAS,dengue,2024,24,0.6405,1,0.0,0.0,4.0,silencio_provavel,Revisar cobertura de testagem e histórico de utilização do LACEN.,sklearn_gb_v1,sklearn_v1
AQUIDAUANA,zika,2025,11,0.6405,1,0.0,0.0,4.0,silencio_provavel,Revisar cobertura de testagem e histórico de utilização do LACEN.,sklearn_gb_v1,sklearn_v1
ARACAJU,dengue,2025,7,0.6405,1,0.0,0.0,4.0,silencio_provavel,Revisar cobertura de testagem e histórico de utilização do LACEN.,sklearn_gb_v1,sklearn_v1
ARACAJU,zika,2025,7,0.6405,1,0.0,0.0,4.0,silencio_provavel,Revisar cobertura de testagem e histórico de utilização do LACEN.,sklearn_gb_v1,sklearn_v1
ARACATUBA,dengue,2025,7,0.6405,1,0.0,0.0,4.0,silencio_provavel,Revisar cobertura de testagem e histórico de utilização do LACEN.,sklearn_gb_v1,sklearn_v1
ARACATUBA,zika,2025,7,0.6405,1,0.0,0.0,4.0,silencio_provavel,Revisar cobertura de testagem e histórico de utilização do LACEN.,sklearn_gb_v1,sklearn_v1
ARAGARCAS,chikungunya,2025,14,0.6405,1,0.0,0.0,4.0,silencio_provavel,Revisar cobertura de testagem e histórico de utilização do LACEN.,sklearn_gb_v1,sklearn_v1
ARAGARCAS,dengue,2025,14,0.6405,1,0.0,0.0,4.0,silencio_provavel,Revisar cobertura de testagem e histórico de utilização do LACEN.,sklearn_gb_v1,sklearn_v1
ARAGARCAS,zika,2025,14,0.6405,1,0.0,0.0,4.0,silencio_provavel,Revisar cobertura de testagem e histórico de utilização do LACEN.,sklearn_gb_v1,sklearn_v1
SARANDI,dengue,2025,6,0.6405,1,0.0,0.0,4.0,silencio_provavel,Revisar cobertura de testagem e histórico de utilização do LACEN.,sklearn_gb_v1,sklearn_v1
SARANDI,zika,2025,6,0.6405,1,0.0,0.0,4.0,silencio_provavel,Revisar cobertura de testagem e histórico de utilização do LACEN.,sklearn_gb_v1,sklearn_v1
PORTO ALEGRE,dengue,2025,21,0.6405,1,0.0,0.0,4.0,silencio_provavel,Revisar cobertura de testagem e histórico de utilização do LACEN.,sklearn_gb_v1,sklearn_v1
PORTO ALEGRE,zika,2025,21,0.6405,1,0.0,0.0,4.0,silencio_provavel,Revisar cobertura de testagem e histórico de utilização do LACEN.,sklearn_gb_v1,sklearn_v1
BRANQUINHA,influenza_a,2025,20,0.6405,1,0.0,0.0,4.0,silencio_provavel,Revisar cobertura de testagem e histórico de utilização do LACEN.,sklearn_gb_v1,sklearn_v1
BRANQUINHA,influenza_b,2025,20,0.6405,1,0.0,0.0,4.0,silencio_provavel,Revisar cobertura de testagem e histórico de utilização do LACEN.,sklearn_gb_v1,sklearn_v1
BRANQUINHA,sars_cov_2,2025,20,0.6405,1,0.0,0.0,4.0,silencio_provavel,Revisar cobertura de testagem e histórico de utilização do LACEN.,sklearn_gb_v1,sklearn_v1
BRANQUINHA,zika,2025,20,0.6405,1,0.0,0.0,4.0,silencio_provavel,Revisar cobertura de testagem e histórico de utilização do LACEN.,sklearn_gb_v1,sklearn_v1
BRASILIA,chagas,2024,25,0.6405,1,0.0,0.0,4.0,silencio_provavel,Revisar cobertura de testagem e histórico de utilização do LACEN.,sklearn_gb_v1,sklearn_v1
BRASILIA,influenza_a,2025,33,0.6405,1,0.0,0.0,4.0,silencio_provavel,Revisar cobertura de testagem e histórico de utilização do LACEN.,sklearn_gb_v1,sklearn_v1
BRASILIA,influenza_b,2025,33,0.6405,1,0.0,0.0,4.0,silencio_provavel,Revisar cobertura de testagem e histórico de utilização do LACEN.,sklearn_gb_v1,sklearn_v1
BRASILIA,leptospira,2025,19,0.6405,1,0.0,0.0,4.0,silencio_provavel,Revisar cobertura de testagem e histórico de utilização do LACEN.,sklearn_gb_v1,sklearn_v1
BRASILIA,sars_cov_2,2024,33,0.6405,1,0.0,0.0,4.0,silencio_provavel,Revisar cobertura de testagem e histórico de utilização do LACEN.,sklearn_gb_v1,sklearn_v1
BRASILIA,virus_respiratorios,2025,33,0.6405,1,0.0,0.0,4.0,silencio_provavel,Revisar cobertura de testagem e histórico de utilização do LACEN.,sklearn_gb_v1,sklearn_v1
PORTO AMAZONAS,chikungunya,2024,21,0.6405,1,0.0,0.0,4.0,silencio_provavel,Revisar cobertura de testagem e histórico de utilização do LACEN.,sklearn_gb_v1,sklearn_v1
PORTO AMAZONAS,zika,2024,21,0.6405,1,0.0,0.0,4.0,silencio_provavel,Revisar cobertura de testagem e histórico de utilização do LACEN.,sklearn_gb_v1,sklearn_v1
PORTO CALVO,dengue,2025,23,0.6405,1,0.0,0.0,4.0,silencio_provavel,Revisar cobertura de testagem e histórico de utilização do LACEN.,sklearn_gb_v1,sklearn_v1
PORTO CALVO,zika,2025,23,0.6405,1,0.0,0.0,4.0,silencio_provavel,Revisar cobertura de testagem e histórico de utilização do LACEN.,sklearn_gb_v1,sklearn_v1
BREU BRANCO,virus_respiratorios,2025,14,0.6405,1,0.0,0.0,4.0,silencio_provavel,Revisar cobertura de testagem e histórico de utilização do LACEN.,sklearn_gb_v1,sklearn_v1
BREU BRANCO,zika,2025,23,0.6405,1,0.0,0.0,4.0,silencio_provavel,Revisar cobertura de testagem e histórico de utilização do LACEN.,sklearn_gb_v1,sklearn_v1
PLANALTINA,dengue,2025,5,0.6405,1,0.0,0.0,4.0,silencio_provavel,Revisar cobertura de testagem e histórico de utilização do LACEN.,sklearn_gb_v1,sklearn_v1
PLANALTINA,zika,2025,5,0.6405,1,0.0,0.0,4.0,silencio_provavel,Revisar cobertura de testagem e histórico de utilização do LACEN.,sklearn_gb_v1,sklearn_v1
PLANALTO,chikungunya,2025,30,0.6405,1,0.0,0.0,4.0,silencio_provavel,Revisar cobertura de testagem e histórico de utilização do LACEN.,sklearn_gb_v1,sklearn_v1
PLANALTO,zika,2025,30,0.6405,1,0.0,0.0,4.0,silencio_provavel,Revisar cobertura de testagem e histórico de utilização do LACEN.,sklearn_gb_v1,sklearn_v1
POCAO DE PEDRAS,dengue,2025,23,0.6405,1,0.0,0.0,4.0,silencio_provavel,Revisar cobertura de testagem e histórico de utilização do LACEN.,sklearn_gb_v1,sklearn_v1
POCO DAS TRINCHEIRAS,chikungunya,2025,4,0.6405,1,0.0,0.0,4.0,silencio_provavel,Revisar cobertura de testagem e histórico de utilização do LACEN.,sklearn_gb_v1,sklearn_v1
POCO DAS TRINCHEIRAS,dengue,2025,4,0.6405,1,0.0,0.0,4.0,silencio_provavel,Revisar cobertura de testagem e histórico de utilização do LACEN.,sklearn_gb_v1,sklearn_v1
POCO DAS TRINCHEIRAS,zika,2025,4,0.6405,1,0.0,0.0,4.0,silencio_provavel,Revisar cobertura de testagem e histórico de utilização do LACEN.,sklearn_gb_v1,sklearn_v1
POMERODE,chikungunya,2025,24,0.6405,1,0.0,0.0,4.0,silencio_provavel,Revisar cobertura de testagem e histórico de utilização do LACEN.,sklearn_gb_v1,sklearn_v1
POMERODE,zika,2025,24,0.6405,1,0.0,0.0,4.0,silencio_provavel,Revisar cobertura de testagem e histórico de utilização do LACEN.,sklearn_gb_v1,sklearn_v1
PORTO,dengue,2024,21,0.6405,1,0.0,0.0,4.0,silencio_provavel,Revisar cobertura de testagem e histórico de utilização do LACEN.,sklearn_gb_v1,sklearn_v1
PORTO ACRE,chikungunya,2025,9,0.6405,1,0.0,0.0,4.0,silencio_provavel,Revisar cobertura de testagem e histórico de utilização do LACEN.,sklearn_gb_v1,sklearn_v1
PORTO ACRE,dengue,2025,9,0.6405,1,0.0,0.0,4.0,silencio_provavel,Revisar cobertura de testagem e histórico de utilização do LACEN.,sklearn_gb_v1,sklearn_v1
PORTO ACRE,zika,2025,9,0.6405,1,0.0,0.0,4.0,silencio_provavel,Revisar cobertura de testagem e histórico de utilização do LACEN.,sklearn_gb_v1,sklearn_v1
BURITICUPU,zika,2025,23,0.6405,1,0.0,0.0,4.0,silencio_provavel,Revisar cobertura de testagem e histórico de utilização do LACEN.,sklearn_gb_v1,sklearn_v1
BURITIS,dengue,2025,8,0.6405,1,0.0,0.0,4.0,silencio_provavel,Revisar cobertura de testagem e histórico de utilização do LACEN.,sklearn_gb_v1,sklearn_v1
BURITIS,tuberculose_cultura,2024,21,0.6405,1,0.0,0.0,4.0,silencio_provavel,Revisar cobertura de testagem e histórico de utilização do LACEN.,sklearn_gb_v1,sklearn_v1
PIMENTEIRAS DO OESTE,dengue,2024,23,0.6405,1,0.0,0.0,4.0,silencio_provavel,Revisar cobertura de testagem e histórico de utilização do LACEN.,sklearn_gb_v1,sklearn_v1
PINDARE-MIRIM,chikungunya,2024,24,0.6405,1,0.0,0.0,4.0,silencio_provavel,Revisar cobertura de testagem e histórico de utilização do LACEN.,sklearn_gb_v1,sklearn_v1
PINDARE-MIRIM,zika,2024,24,0.6405,1,0.0,0.0,4.0,silencio_provavel,Revisar cobertura de testagem e histórico de utilização do LACEN.,sklearn_gb_v1,sklearn_v1
PINHAIS,dengue,2024,25,0.6405,1,0.0,0.0,4.0,silencio_provavel,Revisar cobertura de testagem e histórico de utilização do LACEN.,sklearn_gb_v1,sklearn_v1
PINHALZINHO,dengue,2024,23,0.6405,1,0.0,0.0,4.0,silencio_provavel,Revisar cobertura de testagem e histórico de utilização do LACEN.,sklearn_gb_v1,sklearn_v1
PINHEIRINHO DO VALE,chikungunya,2025,7,0.6405,1,0.0,0.0,4.0,silencio_provavel,Revisar cobertura de testagem e histórico de utilização do LACEN.,sklearn_gb_v1,sklearn_v1
PINHEIRINHO DO VALE,dengue,2025,7,0.6405,1,0.0,0.0,4.0,silencio_provavel,Revisar cobertura de testagem e histórico de utilização do LACEN.,sklearn_gb_v1,sklearn_v1
PINHEIRINHO DO VALE,zika,2025,7,0.6405,1,0.0,0.0,4.0,silencio_provavel,Revisar cobertura de testagem e histórico de utilização do LACEN.,sklearn_gb_v1,sklearn_v1
PINHEIRO,chikungunya,2025,14,0.6405,1,0.0,0.0,4.0,silencio_provavel,Revisar cobertura de testagem e histórico de utilização do LACEN.,sklearn_gb_v1,sklearn_v1
PINHEIRO,zika,2025,14,0.6405,1,0.0,0.0,4.0,silencio_provavel,Revisar cobertura de testagem e histórico de utilização do LACEN.,sklearn_gb_v1,sklearn_v1
PIRAMBU,dengue,2025,19,0.6405,1,0.0,0.0,4.0,silencio_provavel,Revisar cobertura de testagem e histórico de utilização do LACEN.,sklearn_gb_v1,sklearn_v1
PITANGA,dengue,2025,21,0.6405,1,0.0,0.0,4.0,silencio_provavel,Revisar cobertura de testagem e histórico de utilização do LACEN.,sklearn_gb_v1,sklearn_v1
BREU BRANCO,dengue,2025,23,0.6405,1,0.0,0.0,4.0,silencio_provavel,Revisar cobertura de testagem e histórico de utilização do LACEN.,sklearn_gb_v1,sklearn_v1
ANICUNS,chikungunya,2025,17,0.6405,1,0.0,0.0,4.0,silencio_provavel,Revisar cobertura de testagem e histórico de utilização do LACEN.,sklearn_gb_v1,sklearn_v1
ANICUNS,zika,2025,17,0.6405,1,0.0,0.0,4.0,silencio_provavel,Revisar cobertura de testagem e histórico de utilização do LACEN.,sklearn_gb_v1,sklearn_v1
CABROBO,dengue,2024,21,0.6405,1,0.0,0.0,4.0,silencio_provavel,Revisar cobertura de testagem e histórico de utilização do LACEN.,sklearn_gb_v1,sklearn_v1
PETROLINA,zika,2025,20,0.6405,1,0.0,0.0,4.0,silencio_provavel,Revisar cobertura de testagem e histórico de utilização do LACEN.,sklearn_gb_v1,sklearn_v1
PETROPOLIS,dengue,2024,22,0.6405,1,0.0,0.0,4.0,silencio_provavel,Revisar cobertura de testagem e histórico de utilização do LACEN.,sklearn_gb_v1,sklearn_v1
PIATA,chikungunya,2024,38,0.6405,1,0.0,0.0,4.0,silencio_provavel,Revisar cobertura de testagem e histórico de utilização do LACEN.,sklearn_gb_v1,sklearn_v1
PIATA,dengue,2024,38,0.6405,1,0.0,0.0,4.0,silencio_provavel,Revisar cobertura de testagem e histórico de utilização do LACEN.,sklearn_gb_v1,sklearn_v1
PIATA,zika,2024,38,0.6405,1,0.0,0.0,4.0,silencio_provavel,Revisar cobertura de testagem e histórico de utilização do LACEN.,sklearn_gb_v1,sklearn_v1
PILAR,chikungunya,2025,9,0.6405,1,0.0,0.0,4.0,silencio_provavel,Revisar cobertura de testagem e histórico de utilização do LACEN.,sklearn_gb_v1,sklearn_v1
PILAR,dengue,2025,9,0.6405,1,0.0,0.0,4.0,silencio_provavel,Revisar cobertura de testagem e histórico de utilização do LACEN.,sklearn_gb_v1,sklearn_v1
PILAR,zika,2025,9,0.6405,1,0.0,0.0,4.0,silencio_provavel,Revisar cobertura de testagem e histórico de utilização do LACEN.,sklearn_gb_v1,sklearn_v1
PILOEZINHOS,dengue,2024,29,0.6405,1,0.0,0.0,4.0,silencio_provavel,Revisar cobertura de testagem e histórico de utilização do LACEN.,sklearn_gb_v1,sklearn_v1
PIMENTA BUENO,criptococos_teste_rapido,2025,44,0.6405,1,0.0,0.0,4.0,silencio_provavel,Revisar cobertura de testagem e histórico de utilização do LACEN.,sklearn_gb_v1,sklearn_v1
PIMENTA BUENO,zika,2025,33,0.6405,1,0.0,0.0,4.0,silencio_provavel,Revisar cobertura de testagem e histórico de utilização do LACEN.,sklearn_gb_v1,sklearn_v1
BURITI,zika,2025,14,0.6405,1,0.0,0.0,4.0,silencio_provavel,Revisar cobertura de testagem e histórico de utilização do LACEN.,sklearn_gb_v1,sklearn_v1
BURITICUPU,dengue,2025,23,0.6405,1,0.0,0.0,4.0,silencio_provavel,Revisar cobertura de testagem e histórico de utilização do LACEN.,sklearn_gb_v1,sklearn_v1
CABIXI,influenza_a,2025,29,0.6405,1,0.0,0.0,4.0,silencio_provavel,Revisar cobertura de testagem e histórico de utilização do LACEN.,sklearn_gb_v1,sklearn_v1
CABIXI,influenza_b,2025,29,0.6405,1,0.0,0.0,4.0,silencio_provavel,Revisar cobertura de testagem e histórico de utilização do LACEN.,sklearn_gb_v1,sklearn_v1
CABIXI,virus_respiratorios,2025,29,0.6405,1,0.0,0.0,4.0,silencio_provavel,Revisar cobertura de testagem e histórico de utilização do LACEN.,sklearn_gb_v1,sklearn_v1
CABREUVA,tuberculose_cultura,2025,20,0.6405,1,0.0,0.0,4.0,silencio_provavel,Revisar cobertura de testagem e histórico de utilização do LACEN.,sklearn_gb_v1,sklearn_v1
APARECIDA DE GOIANIA,influenza_a,2025,2,0.6405,1,0.0,0.0,4.0,silencio_provavel,Revisar cobertura de testagem e histórico de utilização do LACEN.,sklearn_gb_v1,sklearn_v1
APARECIDA DE GOIANIA,influenza_b,2025,2,0.6405,1,0.0,0.0,4.0,silencio_provavel,Revisar cobertura de testagem e histórico de utilização do LACEN.,sklearn_gb_v1,sklearn_v1
APARECIDA DE GOIANIA,sars_cov_2,2025,2,0.6405,1,0.0,0.0,4.0,silencio_provavel,Revisar cobertura de testagem e histórico de utilização do LACEN.,sklearn_gb_v1,sklearn_v1
APARECIDA DE GOIANIA,tuberculose_cultura,2025,7,0.6405,1,0.0,0.0,4.0,silencio_provavel,Revisar cobertura de testagem e histórico de utilização do LACEN.,sklearn_gb_v1,sklearn_v1
APARECIDA DE GOIANIA,zika,2025,22,0.6405,1,0.0,0.0,4.0,silencio_provavel,Revisar cobertura de testagem e histórico de utilização do LACEN.,sklearn_gb_v1,sklearn_v1
ANANINDEUA,influenza_b,2025,21,0.6405,1,0.0,0.0,4.0,silencio_provavel,Revisar cobertura de testagem e histórico de utilização do LACEN.,sklearn_gb_v1,sklearn_v1
ANANINDEUA,sars_cov_2,2024,34,0.6405,1,0.0,0.0,4.0,silencio_provavel,Revisar cobertura de testagem e histórico de utilização do LACEN.,sklearn_gb_v1,sklearn_v1
ANANINDEUA,virus_respiratorios,2025,21,0.6405,1,0.0,0.0,4.0,silencio_provavel,Revisar cobertura de testagem e histórico de utilização do LACEN.,sklearn_gb_v1,sklearn_v1
ANANINDEUA,zika,2025,26,0.6405,1,0.0,0.0,4.0,silencio_provavel,Revisar cobertura de testagem e histórico de utilização do LACEN.,sklearn_gb_v1,sklearn_v1
ANAPOLIS,dengue,2025,7,0.6405,1,0.0,0.0,4.0,silencio_provavel,Revisar cobertura de testagem e histórico de utilização do LACEN.,sklearn_gb_v1,sklearn_v1
ANAPOLIS,hepatite_c_hcv,2024,26,0.6405,1,0.0,0.0,4.0,silencio_provavel,Revisar cobertura de testagem e histórico de utilização do LACEN.,sklearn_gb_v1,sklearn_v1
ANAPOLIS,zika,2025,7,0.6405,1,0.0,0.0,4.0,silencio_provavel,Revisar cobertura de testagem e histórico de utilização do LACEN.,sklearn_gb_v1,sklearn_v1
PEIXE,influenza_b,2025,21,0.6405,1,0.0,0.0,4.0,silencio_provavel,Revisar cobertura de testagem e histórico de utilização do LACEN.,sklearn_gb_v1,sklearn_v1
PEIXE,sars_cov_2,2025,21,0.6405,1,0.0,0.0,4.0,silencio_provavel,Revisar cobertura de testagem e histórico de utilização do LACEN.,sklearn_gb_v1,sklearn_v1
PELOTAS,chikungunya,2025,12,0.6405,1,0.0,0.0,4.0,silencio_provavel,Revisar cobertura de testagem e histórico de utilização do LACEN.,sklearn_gb_v1,sklearn_v1
PELOTAS,dengue,2025,12,0.6405,1,0.0,0.0,4.0,silencio_provavel,Revisar cobertura de testagem e histórico de utilização do LACEN.,sklearn_gb_v1,sklearn_v1
PELOTAS,zika,2025,12,0.6405,1,0.0,0.0,4.0,silencio_provavel,Revisar cobertura de testagem e histórico de utilização do LACEN.,sklearn_gb_v1,sklearn_v1
PERI MIRIM,chikungunya,2024,25,0.6405,1,0.0,0.0,4.0,silencio_provavel,Revisar cobertura de testagem e histórico de utilização do LACEN.,sklearn_gb_v1,sklearn_v1
PERI MIRIM,zika,2024,25,0.6405,1,0.0,0.0,4.0,silencio_provavel,Revisar cobertura de testagem e histórico de utilização do LACEN.,sklearn_gb_v1,sklearn_v1
PERITORO,hepatite_b_hbv,2025,12,0.6405,1,0.0,0.0,4.0,silencio_provavel,Revisar cobertura de testagem e histórico de utilização do LACEN.,sklearn_gb_v1,sklearn_v1
PEROBAL,chikungunya,2024,37,0.6405,1,0.0,0.0,4.0,silencio_provavel,Revisar cobertura de testagem e histórico de utilização do LACEN.,sklearn_gb_v1,sklearn_v1
PEROBAL,dengue,2024,37,0.6405,1,0.0,0.0,4.0,silencio_provavel,Revisar cobertura de testagem e histórico de utilização do LACEN.,sklearn_gb_v1,sklearn_v1
PEROBAL,zika,2024,37,0.6405,1,0.0,0.0,4.0,silencio_provavel,Revisar cobertura de testagem e histórico de utilização do LACEN.,sklearn_gb_v1,sklearn_v1
PEROLA,dengue,2024,21,0.6405,1,0.0,0.0,4.0,silencio_provavel,Revisar cobertura de testagem e histórico de utilização do LACEN.,sklearn_gb_v1,sklearn_v1
PEROLA,zika,2024,21,0.6405,1,0.0,0.0,4.0,silencio_provavel,Revisar cobertura de testagem e histórico de utilização do LACEN.,sklearn_gb_v1,sklearn_v1
PETROLINA,chikungunya,2025,20,0.6405,1,0.0,0.0,4.0,silencio_provavel,Revisar cobertura de testagem e histórico de utilização do LACEN.,sklearn_gb_v1,sklearn_v1
PETROLINA,influenza_b,2025,23,0.6405,1,0.0,0.0,4.0,silencio_provavel,Revisar cobertura de testagem e histórico de utilização do LACEN.,sklearn_gb_v1,sklearn_v1
PETROLINA,virus_respiratorios,2025,23,0.6405,1,0.0,0.0,4.0,silencio_provavel,Revisar cobertura de testagem e histórico de utilização do LACEN.,sklearn_gb_v1,sklearn_v1
CACHOEIRA DO SUL,zika,2024,23,0.6405,1,0.0,0.0,4.0,silencio_provavel,Revisar cobertura de testagem e histórico de utilização do LACEN.,sklearn_gb_v1,sklearn_v1
CACOAL,influenza_a,2024,47,0.6405,1,0.0,0.0,4.0,silencio_provavel,Revisar cobertura de testagem e histórico de utilização do LACEN.,sklearn_gb_v1,sklearn_v1
CACOAL,influenza_b,2024,47,0.6405,1,0.0,0.0,4.0,silencio_provavel,Revisar cobertura de testagem e histórico de utilização do LACEN.,sklearn_gb_v1,sklearn_v1
PASSAGEM FRANCA DO PIAUI,dengue,2025,12,0.6405,1,0.0,0.0,4.0,silencio_provavel,Revisar cobertura de testagem e histórico de utilização do LACEN.,sklearn_gb_v1,sklearn_v1
PASSAGEM FRANCA DO PIAUI,zika,2025,12,0.6405,1,0.0,0.0,4.0,silencio_provavel,Revisar cobertura de testagem e histórico de utilização do LACEN.,sklearn_gb_v1,sklearn_v1
PATO BRANCO,hepatite_b_hbv,2025,8,0.6405,1,0.0,0.0,4.0,silencio_provavel,Revisar cobertura de testagem e histórico de utilização do LACEN.,sklearn_gb_v1,sklearn_v1
PATOS,dengue,2025,18,0.6405,1,0.0,0.0,4.0,silencio_provavel,Revisar cobertura de testagem e histórico de utilização do LACEN.,sklearn_gb_v1,sklearn_v1
PAULICEIA,dengue,2025,3,0.6405,1,0.0,0.0,4.0,silencio_provavel,Revisar cobertura de testagem e histórico de utilização do LACEN.,sklearn_gb_v1,sklearn_v1
PEDRA AZUL,dengue,2025,1,0.6405,1,0.0,0.0,4.0,silencio_provavel,Revisar cobertura de testagem e histórico de utilização do LACEN.,sklearn_gb_v1,sklearn_v1
PEDRA BRANCA DO AMAPARI,dengue,2025,18,0.6405,1,0.0,0.0,4.0,silencio_provavel,Revisar cobertura de testagem e histórico de utilização do LACEN.,sklearn_gb_v1,sklearn_v1
PEDREIRAS,chikungunya,2025,5,0.6405,1,0.0,0.0,4.0,silencio_provavel,Revisar cobertura de testagem e histórico de utilização do LACEN.,sklearn_gb_v1,sklearn_v1
PEDREIRAS,dengue,2025,5,0.6405,1,0.0,0.0,4.0,silencio_provavel,Revisar cobertura de testagem e histórico de utilização do LACEN.,sklearn_gb_v1,sklearn_v1
PEDREIRAS,zika,2025,5,0.6405,1,0.0,0.0,4.0,silencio_provavel,Revisar cobertura de testagem e histórico de utilização do LACEN.,sklearn_gb_v1,sklearn_v1
PEDRO DO ROSARIO,dengue,2025,23,0.6405,1,0.0,0.0,4.0,silencio_provavel,Revisar cobertura de testagem e histórico de utilização do LACEN.,sklearn_gb_v1,sklearn_v1
PEDRO DO ROSARIO,zika,2025,23,0.6405,1,0.0,0.0,4.0,silencio_provavel,Revisar cobertura de testagem e histórico de utilização do LACEN.,sklearn_gb_v1,sklearn_v1
PEIXE,influenza_a,2025,21,0.6405,1,0.0,0.0,4.0,silencio_provavel,Revisar cobertura de testagem e histórico de utilização do LACEN.,sklearn_gb_v1,sklearn_v1
PARAGOMINAS,influenza_a,2026,17,0.6405,1,0.0,0.0,4.0,silencio_provavel,Revisar cobertura de testagem e histórico de utilização do LACEN.,sklearn_gb_v1,sklearn_v1
PARAGOMINAS,influenza_b,2026,17,0.6405,1,0.0,0.0,4.0,silencio_provavel,Revisar cobertura de testagem e histórico de utilização do LACEN.,sklearn_gb_v1,sklearn_v1
PARAGOMINAS,sars_cov_2,2026,17,0.6405,1,0.0,0.0,4.0,silencio_provavel,Revisar cobertura de testagem e histórico de utilização do LACEN.,sklearn_gb_v1,sklearn_v1
PARAGOMINAS,virus_respiratorios,2024,27,0.6405,1,0.0,0.0,4.0,silencio_provavel,Revisar cobertura de testagem e histórico de utilização do LACEN.,sklearn_gb_v1,sklearn_v1
PARAGOMINAS,zika,2025,6,0.6405,1,0.0,0.0,4.0,silencio_provavel,Revisar cobertura de testagem e histórico de utilização do LACEN.,sklearn_gb_v1,sklearn_v1
PARAGUACU PAULISTA,dengue,2024,33,0.6405,1,0.0,0.0,4.0,silencio_provavel,Revisar cobertura de testagem e histórico de utilização do LACEN.,sklearn_gb_v1,sklearn_v1
PARAISO,dengue,2025,16,0.6405,1,0.0,0.0,4.0,silencio_provavel,Revisar cobertura de testagem e histórico de utilização do LACEN.,sklearn_gb_v1,sklearn_v1
PARAISO,zika,2025,16,0.6405,1,0.0,0.0,4.0,silencio_provavel,Revisar cobertura de testagem e histórico de utilização do LACEN.,sklearn_gb_v1,sklearn_v1
PARAISO DO NORTE,rifampicina,2025,28,0.6405,1,0.0,0.0,4.0,silencio_provavel,Revisar cobertura de testagem e histórico de utilização do LACEN.,sklearn_gb_v1,sklearn_v1
PARAUAPEBAS,febre_amarela_biologia_molecular,2025,25,0.6405,1,0.0,0.0,4.0,silencio_provavel,Revisar cobertura de testagem e histórico de utilização do LACEN.,sklearn_gb_v1,sklearn_v1
PARECIS,dengue,2025,16,0.6405,1,0.0,0.0,4.0,silencio_provavel,Revisar cobertura de testagem e histórico de utilização do LACEN.,sklearn_gb_v1,sklearn_v1
PAROBE,dengue,2025,8,0.6405,1,0.0,0.0,4.0,silencio_provavel,Revisar cobertura de testagem e histórico de utilização do LACEN.,sklearn_gb_v1,sklearn_v1
PASSAGEM FRANCA DO PIAUI,chikungunya,2025,12,0.6405,1,0.0,0.0,4.0,silencio_provavel,Revisar cobertura de testagem e histórico de utilização do LACEN.,sklearn_gb_v1,sklearn_v1
CACHOEIRA DO ARARI,chikungunya,2024,23,0.6405,1,0.0,0.0,4.0,silencio_provavel,Revisar cobertura de testagem e histórico de utilização do LACEN.,sklearn_gb_v1,sklearn_v1
CACHOEIRA DO ARARI,zika,2024,23,0.6405,1,0.0,0.0,4.0,silencio_provavel,Revisar cobertura de testagem e histórico de utilização do LACEN.,sklearn_gb_v1,sklearn_v1
CACHOEIRA DO SUL,dengue,2024,23,0.6405,1,0.0,0.0,4.0,silencio_provavel,Revisar cobertura de testagem e histórico de utilização do LACEN.,sklearn_gb_v1,sklearn_v1
PALMITOS,influenza_b,2024,33,0.6405,1,0.0,0.0,4.0,silencio_provavel,Revisar cobertura de testagem e histórico de utilização do LACEN.,sklearn_gb_v1,sklearn_v1
PALMITOS,sars_cov_2,2024,33,0.6405,1,0.0,0.0,4.0,silencio_provavel,Revisar cobertura de testagem e histórico de utilização do LACEN.,sklearn_gb_v1,sklearn_v1
PANAMBI,influenza_a,2025,12,0.6405,1,0.0,0.0,4.0,silencio_provavel,Revisar cobertura de testagem e histórico de utilização do LACEN.,sklearn_gb_v1,sklearn_v1
PANAMBI,influenza_b,2025,12,0.6405,1,0.0,0.0,4.0,silencio_provavel,Revisar cobertura de testagem e histórico de utilização do LACEN.,sklearn_gb_v1,sklearn_v1
PANAMBI,sars_cov_2,2025,12,0.6405,1,0.0,0.0,4.0,silencio_provavel,Revisar cobertura de testagem e histórico de utilização do LACEN.,sklearn_gb_v1,sklearn_v1
PAO DE ACUCAR,dengue,2025,18,0.6405,1,0.0,0.0,4.0,silencio_provavel,Revisar cobertura de testagem e histórico de utilização do LACEN.,sklearn_gb_v1,sklearn_v1
PAO DE ACUCAR,zika,2025,18,0.6405,1,0.0,0.0,4.0,silencio_provavel,Revisar cobertura de testagem e histórico de utilização do LACEN.,sklearn_gb_v1,sklearn_v1
PARAGOMINAS,dengue,2025,6,0.6405,1,0.0,0.0,4.0,silencio_provavel,Revisar cobertura de testagem e histórico de utilização do LACEN.,sklearn_gb_v1,sklearn_v1
CACOAL,sars_cov_2,2024,47,0.6405,1,0.0,0.0,4.0,silencio_provavel,Revisar cobertura de testagem e histórico de utilização do LACEN.,sklearn_gb_v1,sklearn_v1
CACOAL,zika,2025,28,0.6405,1,0.0,0.0,4.0,silencio_provavel,Revisar cobertura de testagem e histórico de utilização do LACEN.,sklearn_gb_v1,sklearn_v1
CAIBI,dengue,2025,1,0.6405,1,0.0,0.0,4.0,silencio_provavel,Revisar cobertura de testagem e histórico de utilização do LACEN.,sklearn_gb_v1,sklearn_v1
CAIEIRAS,chikungunya,2024,45,0.6405,1,0.0,0.0,4.0,silencio_provavel,Revisar cobertura de testagem e histórico de utilização do LACEN.,sklearn_gb_v1,sklearn_v1
CAIEIRAS,dengue,2024,45,0.6405,1,0.0,0.0,4.0,silencio_provavel,Revisar cobertura de testagem e histórico de utilização do LACEN.,sklearn_gb_v1,sklearn_v1
CAIEIRAS,zika,2024,45,0.6405,1,0.0,0.0,4.0,silencio_provavel,Revisar cobertura de testagem e histórico de utilização do LACEN.,sklearn_gb_v1,sklearn_v1
CAMBE,influenza_a,2025,26,0.6405,1,0.0,0.0,4.0,silencio_provavel,Revisar cobertura de testagem e histórico de utilização do LACEN.,sklearn_gb_v1,sklearn_v1
CAMBE,influenza_b,2025,26,0.6405,1,0.0,0.0,4.0,silencio_provavel,Revisar cobertura de testagem e histórico de utilização do LACEN.,sklearn_gb_v1,sklearn_v1
PALHOCA,tuberculose_lf_lam,2024,30,0.6405,1,0.0,0.0,4.0,silencio_provavel,Revisar cobertura de testagem e histórico de utilização do LACEN.,sklearn_gb_v1,sklearn_v1
PALMAS,leptospira,2025,11,0.6405,1,0.0,0.0,4.0,silencio_provavel,Revisar cobertura de testagem e histórico de utilização do LACEN.,sklearn_gb_v1,sklearn_v1
PALMEIRA D''OESTE,chikungunya,2025,21,0.6405,1,0.0,0.0,4.0,silencio_provavel,Revisar cobertura de testagem e histórico de utilização do LACEN.,sklearn_gb_v1,sklearn_v1
PALMEIRA D''OESTE,zika,2025,21,0.6405,1,0.0,0.0,4.0,silencio_provavel,Revisar cobertura de testagem e histórico de utilização do LACEN.,sklearn_gb_v1,sklearn_v1
PALMEIRAS DE GOIAS,chikungunya,2026,13,0.6405,1,0.0,0.0,4.0,silencio_provavel,Revisar cobertura de testagem e histórico de utilização do LACEN.,sklearn_gb_v1,sklearn_v1
PALMEIRAS DE GOIAS,dengue,2026,13,0.6405,1,0.0,0.0,4.0,silencio_provavel,Revisar cobertura de testagem e histórico de utilização do LACEN.,sklearn_gb_v1,sklearn_v1
CAMBE,virus_respiratorios,2025,26,0.6405,1,0.0,0.0,4.0,silencio_provavel,Revisar cobertura de testagem e histórico de utilização do LACEN.,sklearn_gb_v1,sklearn_v1
CAMBORIU,dengue,2025,25,0.6405,1,0.0,0.0,4.0,silencio_provavel,Revisar cobertura de testagem e histórico de utilização do LACEN.,sklearn_gb_v1,sklearn_v1
CAMBORIU,zika,2024,33,0.6405,1,0.0,0.0,4.0,silencio_provavel,Revisar cobertura de testagem e histórico de utilização do LACEN.,sklearn_gb_v1,sklearn_v1
CAMOCIM,dengue,2025,22,0.6405,1,0.0,0.0,4.0,silencio_provavel,Revisar cobertura de testagem e histórico de utilização do LACEN.,sklearn_gb_v1,sklearn_v1
CAMPINA DA LAGOA,chikungunya,2025,13,0.6405,1,0.0,0.0,4.0,silencio_provavel,Revisar cobertura de testagem e histórico de utilização do LACEN.,sklearn_gb_v1,sklearn_v1
CAMPINA DA LAGOA,zika,2025,13,0.6405,1,0.0,0.0,4.0,silencio_provavel,Revisar cobertura de testagem e histórico de utilização do LACEN.,sklearn_gb_v1,sklearn_v1
CAMPINA GRANDE,dengue,2025,7,0.6405,1,0.0,0.0,4.0,silencio_provavel,Revisar cobertura de testagem e histórico de utilização do LACEN.,sklearn_gb_v1,sklearn_v1
PALMEIRAS DE GOIAS,rifampicina,2025,21,0.6405,1,0.0,0.0,4.0,silencio_provavel,Revisar cobertura de testagem e histórico de utilização do LACEN.,sklearn_gb_v1,sklearn_v1
PALMEIRAS DE GOIAS,zika,2026,13,0.6405,1,0.0,0.0,4.0,silencio_provavel,Revisar cobertura de testagem e histórico de utilização do LACEN.,sklearn_gb_v1,sklearn_v1
PALMITOS,influenza_a,2024,33,0.6405,1,0.0,0.0,4.0,silencio_provavel,Revisar cobertura de testagem e histórico de utilização do LACEN.,sklearn_gb_v1,sklearn_v1
OURINHOS,dengue,2025,19,0.6405,1,0.0,0.0,4.0,silencio_provavel,Revisar cobertura de testagem e histórico de utilização do LACEN.,sklearn_gb_v1,sklearn_v1
OURO PRETO DO OESTE,dengue,2025,23,0.6405,1,0.0,0.0,4.0,silencio_provavel,Revisar cobertura de testagem e histórico de utilização do LACEN.,sklearn_gb_v1,sklearn_v1
OURO PRETO DO OESTE,zika,2025,23,0.6405,1,0.0,0.0,4.0,silencio_provavel,Revisar cobertura de testagem e histórico de utilização do LACEN.,sklearn_gb_v1,sklearn_v1
PACAJA,chikungunya,2025,18,0.6405,1,0.0,0.0,4.0,silencio_provavel,Revisar cobertura de testagem e histórico de utilização do LACEN.,sklearn_gb_v1,sklearn_v1
PACAJA,zika,2025,18,0.6405,1,0.0,0.0,4.0,silencio_provavel,Revisar cobertura de testagem e histórico de utilização do LACEN.,sklearn_gb_v1,sklearn_v1
ANTA GORDA,hepatite_b_hbv,2025,17,0.6405,1,0.0,0.0,4.0,silencio_provavel,Revisar cobertura de testagem e histórico de utilização do LACEN.,sklearn_gb_v1,sklearn_v1
SENA MADUREIRA,dengue,2024,22,0.6405,1,0.0,0.0,4.0,silencio_provavel,Revisar cobertura de testagem e histórico de utilização do LACEN.,sklearn_gb_v1,sklearn_v1
SENADOR ALEXANDRE COSTA,chikungunya,2025,23,0.6405,1,0.0,0.0,4.0,silencio_provavel,Revisar cobertura de testagem e histórico de utilização do LACEN.,sklearn_gb_v1,sklearn_v1
SENADOR ALEXANDRE COSTA,zika,2025,23,0.6405,1,0.0,0.0,4.0,silencio_provavel,Revisar cobertura de testagem e histórico de utilização do LACEN.,sklearn_gb_v1,sklearn_v1
SENADOR LA ROCQUE,dengue,2024,29,0.6405,1,0.0,0.0,4.0,silencio_provavel,Revisar cobertura de testagem e histórico de utilização do LACEN.,sklearn_gb_v1,sklearn_v1
SERINGUEIRAS,dengue,2025,5,0.6405,1,0.0,0.0,4.0,silencio_provavel,Revisar cobertura de testagem e histórico de utilização do LACEN.,sklearn_gb_v1,sklearn_v1
SERINGUEIRAS,zika,2025,5,0.6405,1,0.0,0.0,4.0,silencio_provavel,Revisar cobertura de testagem e histórico de utilização do LACEN.,sklearn_gb_v1,sklearn_v1
SERTANIA,dengue,2025,20,0.6405,1,0.0,0.0,4.0,silencio_provavel,Revisar cobertura de testagem e histórico de utilização do LACEN.,sklearn_gb_v1,sklearn_v1
SERTANIA,zika,2025,20,0.6405,1,0.0,0.0,4.0,silencio_provavel,Revisar cobertura de testagem e histórico de utilização do LACEN.,sklearn_gb_v1,sklearn_v1
SERTAOZINHO,chikungunya,2024,23,0.6405,1,0.0,0.0,4.0,silencio_provavel,Revisar cobertura de testagem e histórico de utilização do LACEN.,sklearn_gb_v1,sklearn_v1
PACARAIMA,rifampicina,2026,11,0.6405,1,0.0,0.0,4.0,silencio_provavel,Revisar cobertura de testagem e histórico de utilização do LACEN.,sklearn_gb_v1,sklearn_v1
CAMPO GRANDE,tuberculose,2025,21,0.6405,1,0.0,0.0,4.0,silencio_provavel,Revisar cobertura de testagem e histórico de utilização do LACEN.,sklearn_gb_v1,sklearn_v1
CAMPO GRANDE,tuberculose_cultura,2025,26,0.6405,1,0.0,0.0,4.0,silencio_provavel,Revisar cobertura de testagem e histórico de utilização do LACEN.,sklearn_gb_v1,sklearn_v1
CAMPO GRANDE,tuberculose_lf_lam,2024,39,0.6405,1,0.0,0.0,4.0,silencio_provavel,Revisar cobertura de testagem e histórico de utilização do LACEN.,sklearn_gb_v1,sklearn_v1
OLINDA,rifampicina,2024,25,0.6405,1,0.0,0.0,4.0,silencio_provavel,Revisar cobertura de testagem e histórico de utilização do LACEN.,sklearn_gb_v1,sklearn_v1
ORIXIMINA,dengue,2025,22,0.6405,1,0.0,0.0,4.0,silencio_provavel,Revisar cobertura de testagem e histórico de utilização do LACEN.,sklearn_gb_v1,sklearn_v1
ORLEANS,dengue,2025,26,0.6405,1,0.0,0.0,4.0,silencio_provavel,Revisar cobertura de testagem e histórico de utilização do LACEN.,sklearn_gb_v1,sklearn_v1
ORLEANS,zika,2025,26,0.6405,1,0.0,0.0,4.0,silencio_provavel,Revisar cobertura de testagem e histórico de utilização do LACEN.,sklearn_gb_v1,sklearn_v1
OSASCO,dengue,2025,4,0.6405,1,0.0,0.0,4.0,silencio_provavel,Revisar cobertura de testagem e histórico de utilização do LACEN.,sklearn_gb_v1,sklearn_v1
OSORIO,dengue,2025,4,0.6405,1,0.0,0.0,4.0,silencio_provavel,Revisar cobertura de testagem e histórico de utilização do LACEN.,sklearn_gb_v1,sklearn_v1
CAMPO ALEGRE,dengue,2025,11,0.6405,1,0.0,0.0,4.0,silencio_provavel,Revisar cobertura de testagem e histórico de utilização do LACEN.,sklearn_gb_v1,sklearn_v1
CAMPO ALEGRE,influenza_a,2024,22,0.6405,1,0.0,0.0,4.0,silencio_provavel,Revisar cobertura de testagem e histórico de utilização do LACEN.,sklearn_gb_v1,sklearn_v1
CAMPO ALEGRE,influenza_b,2024,22,0.6405,1,0.0,0.0,4.0,silencio_provavel,Revisar cobertura de testagem e histórico de utilização do LACEN.,sklearn_gb_v1,sklearn_v1
CAMPO ALEGRE,sars_cov_2,2024,22,0.6405,1,0.0,0.0,4.0,silencio_provavel,Revisar cobertura de testagem e histórico de utilização do LACEN.,sklearn_gb_v1,sklearn_v1
OURICURI,dengue,2025,23,0.6405,1,0.0,0.0,4.0,silencio_provavel,Revisar cobertura de testagem e histórico de utilização do LACEN.,sklearn_gb_v1,sklearn_v1
OURILANDIA DO NORTE,chikungunya,2025,19,0.6405,1,0.0,0.0,4.0,silencio_provavel,Revisar cobertura de testagem e histórico de utilização do LACEN.,sklearn_gb_v1,sklearn_v1
OURILANDIA DO NORTE,zika,2025,19,0.6405,1,0.0,0.0,4.0,silencio_provavel,Revisar cobertura de testagem e histórico de utilização do LACEN.,sklearn_gb_v1,sklearn_v1
CAMPO LARGO DO PIAUI,zika,2025,19,0.6405,1,0.0,0.0,4.0,silencio_provavel,Revisar cobertura de testagem e histórico de utilização do LACEN.,sklearn_gb_v1,sklearn_v1
CAMPO LIMPO PAULISTA,dengue,2025,18,0.6405,1,0.0,0.0,4.0,silencio_provavel,Revisar cobertura de testagem e histórico de utilização do LACEN.,sklearn_gb_v1,sklearn_v1
CAMPO MOURAO,dengue,2025,20,0.6405,1,0.0,0.0,4.0,silencio_provavel,Revisar cobertura de testagem e histórico de utilização do LACEN.,sklearn_gb_v1,sklearn_v1
CAMPO MOURAO,influenza_b,2025,27,0.6405,1,0.0,0.0,4.0,silencio_provavel,Revisar cobertura de testagem e histórico de utilização do LACEN.,sklearn_gb_v1,sklearn_v1
CAMPO MOURAO,virus_respiratorios,2025,27,0.6405,1,0.0,0.0,4.0,silencio_provavel,Revisar cobertura de testagem e histórico de utilização do LACEN.,sklearn_gb_v1,sklearn_v1
CAMPO MOURAO,zika,2025,20,0.6405,1,0.0,0.0,4.0,silencio_provavel,Revisar cobertura de testagem e histórico de utilização do LACEN.,sklearn_gb_v1,sklearn_v1
NOVO PROGRESSO,leishmaniose_visceral_humana_teste_rapido,2025,29,0.6405,1,0.0,0.0,4.0,silencio_provavel,Revisar cobertura de testagem e histórico de utilização do LACEN.,sklearn_gb_v1,sklearn_v1
NOVO PROGRESSO,rifampicina,2025,25,0.6405,1,0.0,0.0,4.0,silencio_provavel,Revisar cobertura de testagem e histórico de utilização do LACEN.,sklearn_gb_v1,sklearn_v1
NOVO PROGRESSO,tuberculose_cultura,2025,27,0.6405,1,0.0,0.0,4.0,silencio_provavel,Revisar cobertura de testagem e histórico de utilização do LACEN.,sklearn_gb_v1,sklearn_v1
NOVO PROGRESSO,virus_respiratorios,2025,18,0.6405,1,0.0,0.0,4.0,silencio_provavel,Revisar cobertura de testagem e histórico de utilização do LACEN.,sklearn_gb_v1,sklearn_v1
OCARA,rifampicina,2024,45,0.6405,1,0.0,0.0,4.0,silencio_provavel,Revisar cobertura de testagem e histórico de utilização do LACEN.,sklearn_gb_v1,sklearn_v1
CAMPO ALEGRE,zika,2025,11,0.6405,1,0.0,0.0,4.0,silencio_provavel,Revisar cobertura de testagem e histórico de utilização do LACEN.,sklearn_gb_v1,sklearn_v1
CAMPO GRANDE,chagas_igg,2025,8,0.6405,1,0.0,0.0,4.0,silencio_provavel,Revisar cobertura de testagem e histórico de utilização do LACEN.,sklearn_gb_v1,sklearn_v1
CAMPO GRANDE,hepatite_c_hcv,2025,18,0.6405,1,0.0,0.0,4.0,silencio_provavel,Revisar cobertura de testagem e histórico de utilização do LACEN.,sklearn_gb_v1,sklearn_v1
CAMPO GRANDE,rifampicina,2024,49,0.6405,1,0.0,0.0,4.0,silencio_provavel,Revisar cobertura de testagem e histórico de utilização do LACEN.,sklearn_gb_v1,sklearn_v1
CAMPO GRANDE,sars_cov_2,2024,51,0.6405,1,0.0,0.0,4.0,silencio_provavel,Revisar cobertura de testagem e histórico de utilização do LACEN.,sklearn_gb_v1,sklearn_v1
SIMOES FILHO,dengue,2024,21,0.6405,1,0.0,0.0,4.0,silencio_provavel,Revisar cobertura de testagem e histórico de utilização do LACEN.,sklearn_gb_v1,sklearn_v1
SITIO DO MATO,chikungunya,2025,5,0.6405,1,0.0,0.0,4.0,silencio_provavel,Revisar cobertura de testagem e histórico de utilização do LACEN.,sklearn_gb_v1,sklearn_v1
SITIO DO MATO,dengue,2025,5,0.6405,1,0.0,0.0,4.0,silencio_provavel,Revisar cobertura de testagem e histórico de utilização do LACEN.,sklearn_gb_v1,sklearn_v1
SITIO DO MATO,zika,2025,5,0.6405,1,0.0,0.0,4.0,silencio_provavel,Revisar cobertura de testagem e histórico de utilização do LACEN.,sklearn_gb_v1,sklearn_v1
NOVA CANTU,dengue,2025,29,0.6405,1,0.0,0.0,4.0,silencio_provavel,Revisar cobertura de testagem e histórico de utilização do LACEN.,sklearn_gb_v1,sklearn_v1
NOVA CRIXAS,dengue,2025,7,0.6405,1,0.0,0.0,4.0,silencio_provavel,Revisar cobertura de testagem e histórico de utilização do LACEN.,sklearn_gb_v1,sklearn_v1
NOVA ESPERANCA,dengue,2024,33,0.6405,1,0.0,0.0,4.0,silencio_provavel,Revisar cobertura de testagem e histórico de utilização do LACEN.,sklearn_gb_v1,sklearn_v1
NOVA ESPERANCA,zika,2024,33,0.6405,1,0.0,0.0,4.0,silencio_provavel,Revisar cobertura de testagem e histórico de utilização do LACEN.,sklearn_gb_v1,sklearn_v1
NOVA FATIMA,dengue,2025,7,0.6405,1,0.0,0.0,4.0,silencio_provavel,Revisar cobertura de testagem e histórico de utilização do LACEN.,sklearn_gb_v1,sklearn_v1
CAMPO NOVO DE RONDONIA,dengue,2025,19,0.6405,1,0.0,0.0,4.0,silencio_provavel,Revisar cobertura de testagem e histórico de utilização do LACEN.,sklearn_gb_v1,sklearn_v1
NOVA IPIXUNA,dengue,2025,5,0.6405,1,0.0,0.0,4.0,silencio_provavel,Revisar cobertura de testagem e histórico de utilização do LACEN.,sklearn_gb_v1,sklearn_v1
NOVA IPIXUNA,zika,2025,5,0.6405,1,0.0,0.0,4.0,silencio_provavel,Revisar cobertura de testagem e histórico de utilização do LACEN.,sklearn_gb_v1,sklearn_v1
NOVA OLINDA DO MARANHAO,dengue,2025,6,0.6405,1,0.0,0.0,4.0,silencio_provavel,Revisar cobertura de testagem e histórico de utilização do LACEN.,sklearn_gb_v1,sklearn_v1
NOVA TEBAS,tuberculose_cultura,2024,21,0.6405,1,0.0,0.0,4.0,silencio_provavel,Revisar cobertura de testagem e histórico de utilização do LACEN.,sklearn_gb_v1,sklearn_v1
CAMPO LARGO,dengue,2025,4,0.6405,1,0.0,0.0,4.0,silencio_provavel,Revisar cobertura de testagem e histórico de utilização do LACEN.,sklearn_gb_v1,sklearn_v1
CAMPO LARGO DO PIAUI,chikungunya,2025,19,0.6405,1,0.0,0.0,4.0,silencio_provavel,Revisar cobertura de testagem e histórico de utilização do LACEN.,sklearn_gb_v1,sklearn_v1
NOSSA SENHORA DE NAZARE,dengue,2025,14,0.6405,1,0.0,0.0,4.0,silencio_provavel,Revisar cobertura de testagem e histórico de utilização do LACEN.,sklearn_gb_v1,sklearn_v1
NOSSA SENHORA DE NAZARE,zika,2025,14,0.6405,1,0.0,0.0,4.0,silencio_provavel,Revisar cobertura de testagem e histórico de utilização do LACEN.,sklearn_gb_v1,sklearn_v1
NOVA BRASILANDIA D''OESTE,dengue,2025,18,0.6405,1,0.0,0.0,4.0,silencio_provavel,Revisar cobertura de testagem e histórico de utilização do LACEN.,sklearn_gb_v1,sklearn_v1
NOVA BRASILANDIA D''OESTE,zika,2025,18,0.6405,1,0.0,0.0,4.0,silencio_provavel,Revisar cobertura de testagem e histórico de utilização do LACEN.,sklearn_gb_v1,sklearn_v1
NOVA CANAA PAULISTA,zika,2025,8,0.6405,1,0.0,0.0,4.0,silencio_provavel,Revisar cobertura de testagem e histórico de utilização do LACEN.,sklearn_gb_v1,sklearn_v1
SERTAOZINHO,zika,2024,23,0.6405,1,0.0,0.0,4.0,silencio_provavel,Revisar cobertura de testagem e histórico de utilização do LACEN.,sklearn_gb_v1,sklearn_v1
SETE QUEDAS,dengue,2025,3,0.6405,1,0.0,0.0,4.0,silencio_provavel,Revisar cobertura de testagem e histórico de utilização do LACEN.,sklearn_gb_v1,sklearn_v1
ALVORADA D''OESTE,influenza_a,2025,30,0.6405,1,0.0,0.0,4.0,silencio_provavel,Revisar cobertura de testagem e histórico de utilização do LACEN.,sklearn_gb_v1,sklearn_v1
ALVORADA D''OESTE,influenza_b,2025,30,0.6405,1,0.0,0.0,4.0,silencio_provavel,Revisar cobertura de testagem e histórico de utilização do LACEN.,sklearn_gb_v1,sklearn_v1
ALVORADA D''OESTE,virus_respiratorios,2025,30,0.6405,1,0.0,0.0,4.0,silencio_provavel,Revisar cobertura de testagem e histórico de utilização do LACEN.,sklearn_gb_v1,sklearn_v1
AMARANTE DO MARANHAO,dengue,2025,21,0.6405,1,0.0,0.0,4.0,silencio_provavel,Revisar cobertura de testagem e histórico de utilização do LACEN.,sklearn_gb_v1,sklearn_v1
AMELIA RODRIGUES,hepatite_c_hcv,2024,39,0.6405,1,0.0,0.0,4.0,silencio_provavel,Revisar cobertura de testagem e histórico de utilização do LACEN.,sklearn_gb_v1,sklearn_v1
ANANINDEUA,dengue,2025,26,0.6405,1,0.0,0.0,4.0,silencio_provavel,Revisar cobertura de testagem e histórico de utilização do LACEN.,sklearn_gb_v1,sklearn_v1
ANANINDEUA,influenza_a,2025,21,0.6405,1,0.0,0.0,4.0,silencio_provavel,Revisar cobertura de testagem e histórico de utilização do LACEN.,sklearn_gb_v1,sklearn_v1
SIDROLANDIA,dengue,2025,15,0.6405,1,0.0,0.0,4.0,silencio_provavel,Revisar cobertura de testagem e histórico de utilização do LACEN.,sklearn_gb_v1,sklearn_v1
SIDROLANDIA,zika,2025,15,0.6405,1,0.0,0.0,4.0,silencio_provavel,Revisar cobertura de testagem e histórico de utilização do LACEN.,sklearn_gb_v1,sklearn_v1
MONTIVIDIU,dengue,2025,29,0.6405,1,0.0,0.0,4.0,silencio_provavel,Revisar cobertura de testagem e histórico de utilização do LACEN.,sklearn_gb_v1,sklearn_v1
MORPARA,dengue,2025,5,0.6405,1,0.0,0.0,4.0,silencio_provavel,Revisar cobertura de testagem e histórico de utilização do LACEN.,sklearn_gb_v1,sklearn_v1
MORPARA,zika,2025,5,0.6405,1,0.0,0.0,4.0,silencio_provavel,Revisar cobertura de testagem e histórico de utilização do LACEN.,sklearn_gb_v1,sklearn_v1
MORRINHOS,dengue,2025,3,0.6405,1,0.0,0.0,4.0,silencio_provavel,Revisar cobertura de testagem e histórico de utilização do LACEN.,sklearn_gb_v1,sklearn_v1
MOSSORO,dengue,2025,29,0.6405,1,0.0,0.0,4.0,silencio_provavel,Revisar cobertura de testagem e histórico de utilização do LACEN.,sklearn_gb_v1,sklearn_v1
MOSSORO,zika,2025,29,0.6405,1,0.0,0.0,4.0,silencio_provavel,Revisar cobertura de testagem e histórico de utilização do LACEN.,sklearn_gb_v1,sklearn_v1
MUNDO NOVO,chikungunya,2025,24,0.6405,1,0.0,0.0,4.0,silencio_provavel,Revisar cobertura de testagem e histórico de utilização do LACEN.,sklearn_gb_v1,sklearn_v1
MUNDO NOVO,zika,2025,24,0.6405,1,0.0,0.0,4.0,silencio_provavel,Revisar cobertura de testagem e histórico de utilização do LACEN.,sklearn_gb_v1,sklearn_v1
MURICI,dengue,2025,20,0.6405,1,0.0,0.0,4.0,silencio_provavel,Revisar cobertura de testagem e histórico de utilização do LACEN.,sklearn_gb_v1,sklearn_v1
MURICI,zika,2024,21,0.6405,1,0.0,0.0,4.0,silencio_provavel,Revisar cobertura de testagem e histórico de utilização do LACEN.,sklearn_gb_v1,sklearn_v1
NATAL,hepatite_c_hcv,2024,26,0.6405,1,0.0,0.0,4.0,silencio_provavel,Revisar cobertura de testagem e histórico de utilização do LACEN.,sklearn_gb_v1,sklearn_v1
NAVIRAI,chikungunya,2025,19,0.6405,1,0.0,0.0,4.0,silencio_provavel,Revisar cobertura de testagem e histórico de utilização do LACEN.,sklearn_gb_v1,sklearn_v1
NAVIRAI,rifampicina,2024,21,0.6405,1,0.0,0.0,4.0,silencio_provavel,Revisar cobertura de testagem e histórico de utilização do LACEN.,sklearn_gb_v1,sklearn_v1
NAVIRAI,zika,2025,19,0.6405,1,0.0,0.0,4.0,silencio_provavel,Revisar cobertura de testagem e histórico de utilização do LACEN.,sklearn_gb_v1,sklearn_v1
NISIA FLORESTA,dengue,2025,7,0.6405,1,0.0,0.0,4.0,silencio_provavel,Revisar cobertura de testagem e histórico de utilização do LACEN.,sklearn_gb_v1,sklearn_v1
NISIA FLORESTA,hepatite_c_hcv,2025,7,0.6405,1,0.0,0.0,4.0,silencio_provavel,Revisar cobertura de testagem e histórico de utilização do LACEN.,sklearn_gb_v1,sklearn_v1
SOUSA,zika,2025,21,0.6405,1,0.0,0.0,4.0,silencio_provavel,Revisar cobertura de testagem e histórico de utilização do LACEN.,sklearn_gb_v1,sklearn_v1
SULINA,dengue,2024,32,0.6405,1,0.0,0.0,4.0,silencio_provavel,Revisar cobertura de testagem e histórico de utilização do LACEN.,sklearn_gb_v1,sklearn_v1
MIRASSOL D''OESTE,brucelose_igm,2025,2,0.6405,1,0.0,0.0,4.0,silencio_provavel,Revisar cobertura de testagem e histórico de utilização do LACEN.,sklearn_gb_v1,sklearn_v1
MIRASSOL D''OESTE,hepatite_c_hcv,2026,9,0.6405,1,0.0,0.0,4.0,silencio_provavel,Revisar cobertura de testagem e histórico de utilização do LACEN.,sklearn_gb_v1,sklearn_v1
MIRASSOL D''OESTE,meningite_bacteriana_biologia_molecular,2025,11,0.6405,1,0.0,0.0,4.0,silencio_provavel,Revisar cobertura de testagem e histórico de utilização do LACEN.,sklearn_gb_v1,sklearn_v1
MIRASSOL D''OESTE,toxoplasmose_igm,2025,16,0.6405,1,0.0,0.0,4.0,silencio_provavel,Revisar cobertura de testagem e histórico de utilização do LACEN.,sklearn_gb_v1,sklearn_v1
MIRASSOL D''OESTE,tuberculose_cultura,2025,13,0.6405,1,0.0,0.0,4.0,silencio_provavel,Revisar cobertura de testagem e histórico de utilização do LACEN.,sklearn_gb_v1,sklearn_v1
MISSAL,dengue,2024,27,0.6405,1,0.0,0.0,4.0,silencio_provavel,Revisar cobertura de testagem e histórico de utilização do LACEN.,sklearn_gb_v1,sklearn_v1
MISSAL,influenza_a,2025,34,0.6405,1,0.0,0.0,4.0,silencio_provavel,Revisar cobertura de testagem e histórico de utilização do LACEN.,sklearn_gb_v1,sklearn_v1
MISSAL,influenza_b,2025,34,0.6405,1,0.0,0.0,4.0,silencio_provavel,Revisar cobertura de testagem e histórico de utilização do LACEN.,sklearn_gb_v1,sklearn_v1
MISSAL,sars_cov_2,2025,34,0.6405,1,0.0,0.0,4.0,silencio_provavel,Revisar cobertura de testagem e histórico de utilização do LACEN.,sklearn_gb_v1,sklearn_v1
MOGI GUACU,tuberculose_cultura,2025,14,0.6405,1,0.0,0.0,4.0,silencio_provavel,Revisar cobertura de testagem e histórico de utilização do LACEN.,sklearn_gb_v1,sklearn_v1
MONTE ALEGRE,zika,2025,20,0.6405,1,0.0,0.0,4.0,silencio_provavel,Revisar cobertura de testagem e histórico de utilização do LACEN.,sklearn_gb_v1,sklearn_v1
MONTES CLAROS,citomegalovirus_igm,2025,5,0.6405,1,0.0,0.0,4.0,silencio_provavel,Revisar cobertura de testagem e histórico de utilização do LACEN.,sklearn_gb_v1,sklearn_v1
MONTES CLAROS,dengue,2025,18,0.6405,1,0.0,0.0,4.0,silencio_provavel,Revisar cobertura de testagem e histórico de utilização do LACEN.,sklearn_gb_v1,sklearn_v1
MONTES CLAROS,zika,2025,18,0.6405,1,0.0,0.0,4.0,silencio_provavel,Revisar cobertura de testagem e histórico de utilização do LACEN.,sklearn_gb_v1,sklearn_v1
MEDIANEIRA,chikungunya,2025,4,0.6405,1,0.0,0.0,4.0,silencio_provavel,Revisar cobertura de testagem e histórico de utilização do LACEN.,sklearn_gb_v1,sklearn_v1
MEDIANEIRA,dengue,2025,4,0.6405,1,0.0,0.0,4.0,silencio_provavel,Revisar cobertura de testagem e histórico de utilização do LACEN.,sklearn_gb_v1,sklearn_v1
MEDIANEIRA,zika,2025,4,0.6405,1,0.0,0.0,4.0,silencio_provavel,Revisar cobertura de testagem e histórico de utilização do LACEN.,sklearn_gb_v1,sklearn_v1
MINISTRO ANDREAZZA,dengue,2025,11,0.6405,1,0.0,0.0,4.0,silencio_provavel,Revisar cobertura de testagem e histórico de utilização do LACEN.,sklearn_gb_v1,sklearn_v1
MINISTRO ANDREAZZA,zika,2025,11,0.6405,1,0.0,0.0,4.0,silencio_provavel,Revisar cobertura de testagem e histórico de utilização do LACEN.,sklearn_gb_v1,sklearn_v1
MIRASSOL,dengue,2024,27,0.6405,1,0.0,0.0,4.0,silencio_provavel,Revisar cobertura de testagem e histórico de utilização do LACEN.,sklearn_gb_v1,sklearn_v1
SITIO NOVO DO TOCANTINS,dengue,2025,25,0.6405,1,0.0,0.0,4.0,silencio_provavel,Revisar cobertura de testagem e histórico de utilização do LACEN.,sklearn_gb_v1,sklearn_v1
SITIO NOVO DO TOCANTINS,zika,2025,25,0.6405,1,0.0,0.0,4.0,silencio_provavel,Revisar cobertura de testagem e histórico de utilização do LACEN.,sklearn_gb_v1,sklearn_v1
SOBRADINHO,dengue,2025,23,0.6405,1,0.0,0.0,4.0,silencio_provavel,Revisar cobertura de testagem e histórico de utilização do LACEN.,sklearn_gb_v1,sklearn_v1
SONORA,dengue,2024,30,0.6405,1,0.0,0.0,4.0,silencio_provavel,Revisar cobertura de testagem e histórico de utilização do LACEN.,sklearn_gb_v1,sklearn_v1
ALTONIA,dengue,2025,7,0.6405,1,0.0,0.0,4.0,silencio_provavel,Revisar cobertura de testagem e histórico de utilização do LACEN.,sklearn_gb_v1,sklearn_v1
ALTOS,dengue,2025,7,0.6405,1,0.0,0.0,4.0,silencio_provavel,Revisar cobertura de testagem e histórico de utilização do LACEN.,sklearn_gb_v1,sklearn_v1
ALTOS,zika,2025,7,0.6405,1,0.0,0.0,4.0,silencio_provavel,Revisar cobertura de testagem e histórico de utilização do LACEN.,sklearn_gb_v1,sklearn_v1
SONORA,zika,2024,30,0.6405,1,0.0,0.0,4.0,silencio_provavel,Revisar cobertura de testagem e histórico de utilização do LACEN.,sklearn_gb_v1,sklearn_v1
SOROCABA,zika,2025,15,0.6405,1,0.0,0.0,4.0,silencio_provavel,Revisar cobertura de testagem e histórico de utilização do LACEN.,sklearn_gb_v1,sklearn_v1
SOUSA,dengue,2025,21,0.6405,1,0.0,0.0,4.0,silencio_provavel,Revisar cobertura de testagem e histórico de utilização do LACEN.,sklearn_gb_v1,sklearn_v1
MARINGA,influenza_a,2025,27,0.6405,1,0.0,0.0,4.0,silencio_provavel,Revisar cobertura de testagem e histórico de utilização do LACEN.,sklearn_gb_v1,sklearn_v1
MARINGA,influenza_b,2025,27,0.6405,1,0.0,0.0,4.0,silencio_provavel,Revisar cobertura de testagem e histórico de utilização do LACEN.,sklearn_gb_v1,sklearn_v1
MARINGA,sars_cov_2,2025,27,0.6405,1,0.0,0.0,4.0,silencio_provavel,Revisar cobertura de testagem e histórico de utilização do LACEN.,sklearn_gb_v1,sklearn_v1
MATAO,dengue,2025,21,0.6405,1,0.0,0.0,4.0,silencio_provavel,Revisar cobertura de testagem e histórico de utilização do LACEN.,sklearn_gb_v1,sklearn_v1
MATAO,zika,2025,21,0.6405,1,0.0,0.0,4.0,silencio_provavel,Revisar cobertura de testagem e histórico de utilização do LACEN.,sklearn_gb_v1,sklearn_v1
MATIAS OLIMPIO,dengue,2025,8,0.6405,1,0.0,0.0,4.0,silencio_provavel,Revisar cobertura de testagem e histórico de utilização do LACEN.,sklearn_gb_v1,sklearn_v1
MATIAS OLIMPIO,zika,2025,8,0.6405,1,0.0,0.0,4.0,silencio_provavel,Revisar cobertura de testagem e histórico de utilização do LACEN.,sklearn_gb_v1,sklearn_v1
MATINHA,dengue,2025,23,0.6405,1,0.0,0.0,4.0,silencio_provavel,Revisar cobertura de testagem e histórico de utilização do LACEN.,sklearn_gb_v1,sklearn_v1
MATINHA,zika,2025,21,0.6405,1,0.0,0.0,4.0,silencio_provavel,Revisar cobertura de testagem e histórico de utilização do LACEN.,sklearn_gb_v1,sklearn_v1
MATOES DO NORTE,dengue,2025,11,0.6405,1,0.0,0.0,4.0,silencio_provavel,Revisar cobertura de testagem e histórico de utilização do LACEN.,sklearn_gb_v1,sklearn_v1
MATOES DO NORTE,zika,2025,11,0.6405,1,0.0,0.0,4.0,silencio_provavel,Revisar cobertura de testagem e histórico de utilização do LACEN.,sklearn_gb_v1,sklearn_v1
MATRIZ DE CAMARAGIBE,dengue,2025,22,0.6405,1,0.0,0.0,4.0,silencio_provavel,Revisar cobertura de testagem e histórico de utilização do LACEN.,sklearn_gb_v1,sklearn_v1
MATRIZ DE CAMARAGIBE,zika,2025,22,0.6405,1,0.0,0.0,4.0,silencio_provavel,Revisar cobertura de testagem e histórico de utilização do LACEN.,sklearn_gb_v1,sklearn_v1
CAMPOS BORGES,chikungunya,2024,38,0.6405,1,0.0,0.0,4.0,silencio_provavel,Revisar cobertura de testagem e histórico de utilização do LACEN.,sklearn_gb_v1,sklearn_v1
CAMPOS BORGES,dengue,2024,38,0.6405,1,0.0,0.0,4.0,silencio_provavel,Revisar cobertura de testagem e histórico de utilização do LACEN.,sklearn_gb_v1,sklearn_v1
CAMPOS BORGES,zika,2024,38,0.6405,1,0.0,0.0,4.0,silencio_provavel,Revisar cobertura de testagem e histórico de utilização do LACEN.,sklearn_gb_v1,sklearn_v1
MARACAJU,dengue,2025,11,0.6405,1,0.0,0.0,4.0,silencio_provavel,Revisar cobertura de testagem e histórico de utilização do LACEN.,sklearn_gb_v1,sklearn_v1
MARACAJU,zika,2025,11,0.6405,1,0.0,0.0,4.0,silencio_provavel,Revisar cobertura de testagem e histórico de utilização do LACEN.,sklearn_gb_v1,sklearn_v1
MARACANA,dengue,2025,14,0.6405,1,0.0,0.0,4.0,silencio_provavel,Revisar cobertura de testagem e histórico de utilização do LACEN.,sklearn_gb_v1,sklearn_v1
MARACANA,zika,2025,14,0.6405,1,0.0,0.0,4.0,silencio_provavel,Revisar cobertura de testagem e histórico de utilização do LACEN.,sklearn_gb_v1,sklearn_v1
MARACAS,dengue,2025,22,0.6405,1,0.0,0.0,4.0,silencio_provavel,Revisar cobertura de testagem e histórico de utilização do LACEN.,sklearn_gb_v1,sklearn_v1
MARACAS,zika,2025,22,0.6405,1,0.0,0.0,4.0,silencio_provavel,Revisar cobertura de testagem e histórico de utilização do LACEN.,sklearn_gb_v1,sklearn_v1
MARAGOGI,dengue,2025,19,0.6405,1,0.0,0.0,4.0,silencio_provavel,Revisar cobertura de testagem e histórico de utilização do LACEN.,sklearn_gb_v1,sklearn_v1
MARAGOGI,zika,2025,19,0.6405,1,0.0,0.0,4.0,silencio_provavel,Revisar cobertura de testagem e histórico de utilização do LACEN.,sklearn_gb_v1,sklearn_v1
MARANHAOZINHO,chikungunya,2024,23,0.6405,1,0.0,0.0,4.0,silencio_provavel,Revisar cobertura de testagem e histórico de utilização do LACEN.,sklearn_gb_v1,sklearn_v1
MARANHAOZINHO,zika,2024,23,0.6405,1,0.0,0.0,4.0,silencio_provavel,Revisar cobertura de testagem e histórico de utilização do LACEN.,sklearn_gb_v1,sklearn_v1
MARAU,chikungunya,2025,18,0.6405,1,0.0,0.0,4.0,silencio_provavel,Revisar cobertura de testagem e histórico de utilização do LACEN.,sklearn_gb_v1,sklearn_v1
MARAU,zika,2025,18,0.6405,1,0.0,0.0,4.0,silencio_provavel,Revisar cobertura de testagem e histórico de utilização do LACEN.,sklearn_gb_v1,sklearn_v1
MARECHAL CANDIDO RONDON,dengue,2024,26,0.6405,1,0.0,0.0,4.0,silencio_provavel,Revisar cobertura de testagem e histórico de utilização do LACEN.,sklearn_gb_v1,sklearn_v1
MARECHAL CANDIDO RONDON,zika,2024,26,0.6405,1,0.0,0.0,4.0,silencio_provavel,Revisar cobertura de testagem e histórico de utilização do LACEN.,sklearn_gb_v1,sklearn_v1
CANAA DOS CARAJAS,dengue,2025,21,0.6405,1,0.0,0.0,4.0,silencio_provavel,Revisar cobertura de testagem e histórico de utilização do LACEN.,sklearn_gb_v1,sklearn_v1
MARINGA,hepatite_b_hbv,2024,25,0.6405,1,0.0,0.0,4.0,silencio_provavel,Revisar cobertura de testagem e histórico de utilização do LACEN.,sklearn_gb_v1,sklearn_v1
TELEMACO BORBA,dengue,2025,34,0.6405,1,0.0,0.0,4.0,silencio_provavel,Revisar cobertura de testagem e histórico de utilização do LACEN.,sklearn_gb_v1,sklearn_v1
TELEMACO BORBA,zika,2025,34,0.6405,1,0.0,0.0,4.0,silencio_provavel,Revisar cobertura de testagem e histórico de utilização do LACEN.,sklearn_gb_v1,sklearn_v1
MANAUS,toxoplasmose_igg,2025,34,0.6405,1,0.0,0.0,4.0,silencio_provavel,Revisar cobertura de testagem e histórico de utilização do LACEN.,sklearn_gb_v1,sklearn_v1
MANAUS,toxoplasmose_igm,2025,34,0.6405,1,0.0,0.0,4.0,silencio_provavel,Revisar cobertura de testagem e histórico de utilização do LACEN.,sklearn_gb_v1,sklearn_v1
MANAUS,tuberculose,2025,10,0.6405,1,0.0,0.0,4.0,silencio_provavel,Revisar cobertura de testagem e histórico de utilização do LACEN.,sklearn_gb_v1,sklearn_v1
MANAUS,tuberculose_cultura,2025,25,0.6405,1,0.0,0.0,4.0,silencio_provavel,Revisar cobertura de testagem e histórico de utilização do LACEN.,sklearn_gb_v1,sklearn_v1
MANAUS,tuberculose_lf_lam,2026,9,0.6405,1,0.0,0.0,4.0,silencio_provavel,Revisar cobertura de testagem e histórico de utilização do LACEN.,sklearn_gb_v1,sklearn_v1
MANDAGUACU,zika,2025,22,0.6405,1,0.0,0.0,4.0,silencio_provavel,Revisar cobertura de testagem e histórico de utilização do LACEN.,sklearn_gb_v1,sklearn_v1
MANGUEIRINHA,dengue,2025,3,0.6405,1,0.0,0.0,4.0,silencio_provavel,Revisar cobertura de testagem e histórico de utilização do LACEN.,sklearn_gb_v1,sklearn_v1
MANOEL RIBAS,dengue,2025,12,0.6405,1,0.0,0.0,4.0,silencio_provavel,Revisar cobertura de testagem e histórico de utilização do LACEN.,sklearn_gb_v1,sklearn_v1
MARABA,dengue,2025,5,0.6405,1,0.0,0.0,4.0,silencio_provavel,Revisar cobertura de testagem e histórico de utilização do LACEN.,sklearn_gb_v1,sklearn_v1
MARABA,zika,2025,5,0.6405,1,0.0,0.0,4.0,silencio_provavel,Revisar cobertura de testagem e histórico de utilização do LACEN.,sklearn_gb_v1,sklearn_v1
MARACACUME,chikungunya,2024,25,0.6405,1,0.0,0.0,4.0,silencio_provavel,Revisar cobertura de testagem e histórico de utilização do LACEN.,sklearn_gb_v1,sklearn_v1
MARACACUME,dengue,2024,25,0.6405,1,0.0,0.0,4.0,silencio_provavel,Revisar cobertura de testagem e histórico de utilização do LACEN.,sklearn_gb_v1,sklearn_v1
MARACACUME,zika,2024,25,0.6405,1,0.0,0.0,4.0,silencio_provavel,Revisar cobertura de testagem e histórico de utilização do LACEN.,sklearn_gb_v1,sklearn_v1
CANAA DOS CARAJAS,zika,2025,21,0.6405,1,0.0,0.0,4.0,silencio_provavel,Revisar cobertura de testagem e histórico de utilização do LACEN.,sklearn_gb_v1,sklearn_v1
MAMANGUAPE,zika,2025,15,0.6405,1,0.0,0.0,4.0,silencio_provavel,Revisar cobertura de testagem e histórico de utilização do LACEN.,sklearn_gb_v1,sklearn_v1
MANAUS,hepatite_c_hcv,2025,19,0.6405,1,0.0,0.0,4.0,silencio_provavel,Revisar cobertura de testagem e histórico de utilização do LACEN.,sklearn_gb_v1,sklearn_v1
MANAUS,influenza_a,2025,12,0.6405,1,0.0,0.0,4.0,silencio_provavel,Revisar cobertura de testagem e histórico de utilização do LACEN.,sklearn_gb_v1,sklearn_v1
MANAUS,influenza_b,2025,12,0.6405,1,0.0,0.0,4.0,silencio_provavel,Revisar cobertura de testagem e histórico de utilização do LACEN.,sklearn_gb_v1,sklearn_v1
MANAUS,rifampicina,2024,29,0.6405,1,0.0,0.0,4.0,silencio_provavel,Revisar cobertura de testagem e histórico de utilização do LACEN.,sklearn_gb_v1,sklearn_v1
MANAUS,sars_cov_2,2025,12,0.6405,1,0.0,0.0,4.0,silencio_provavel,Revisar cobertura de testagem e histórico de utilização do LACEN.,sklearn_gb_v1,sklearn_v1
SUMARE,dengue,2025,15,0.6405,1,0.0,0.0,4.0,silencio_provavel,Revisar cobertura de testagem e histórico de utilização do LACEN.,sklearn_gb_v1,sklearn_v1
TABOAO DA SERRA,zika,2025,3,0.6405,1,0.0,0.0,4.0,silencio_provavel,Revisar cobertura de testagem e histórico de utilização do LACEN.,sklearn_gb_v1,sklearn_v1
TABOCAS DO BREJO VELHO,dengue,2024,23,0.6405,1,0.0,0.0,4.0,silencio_provavel,Revisar cobertura de testagem e histórico de utilização do LACEN.,sklearn_gb_v1,sklearn_v1
TABOCAS DO BREJO VELHO,zika,2024,23,0.6405,1,0.0,0.0,4.0,silencio_provavel,Revisar cobertura de testagem e histórico de utilização do LACEN.,sklearn_gb_v1,sklearn_v1
TABULEIRO DO NORTE,dengue,2025,24,0.6405,1,0.0,0.0,4.0,silencio_provavel,Revisar cobertura de testagem e histórico de utilização do LACEN.,sklearn_gb_v1,sklearn_v1
TACURU,dengue,2025,14,0.6405,1,0.0,0.0,4.0,silencio_provavel,Revisar cobertura de testagem e histórico de utilização do LACEN.,sklearn_gb_v1,sklearn_v1
TAMANDARE,dengue,2025,8,0.6405,1,0.0,0.0,4.0,silencio_provavel,Revisar cobertura de testagem e histórico de utilização do LACEN.,sklearn_gb_v1,sklearn_v1
TAUA,chikungunya,2024,36,0.6405,1,0.0,0.0,4.0,silencio_provavel,Revisar cobertura de testagem e histórico de utilização do LACEN.,sklearn_gb_v1,sklearn_v1
TAUA,dengue,2024,36,0.6405,1,0.0,0.0,4.0,silencio_provavel,Revisar cobertura de testagem e histórico de utilização do LACEN.,sklearn_gb_v1,sklearn_v1
TAUA,zika,2024,36,0.6405,1,0.0,0.0,4.0,silencio_provavel,Revisar cobertura de testagem e histórico de utilização do LACEN.,sklearn_gb_v1,sklearn_v1
CAPITAO POCO,chikungunya,2025,19,0.6405,1,0.0,0.0,4.0,silencio_provavel,Revisar cobertura de testagem e histórico de utilização do LACEN.,sklearn_gb_v1,sklearn_v1
CAPITAO POCO,zika,2025,19,0.6405,1,0.0,0.0,4.0,silencio_provavel,Revisar cobertura de testagem e histórico de utilização do LACEN.,sklearn_gb_v1,sklearn_v1
MACAUBAS,influenza_b,2025,8,0.6405,1,0.0,0.0,4.0,silencio_provavel,Revisar cobertura de testagem e histórico de utilização do LACEN.,sklearn_gb_v1,sklearn_v1
MACAUBAS,zika,2025,8,0.6405,1,0.0,0.0,4.0,silencio_provavel,Revisar cobertura de testagem e histórico de utilização do LACEN.,sklearn_gb_v1,sklearn_v1
MACHADINHO D''OESTE,zika,2025,5,0.6405,1,0.0,0.0,4.0,silencio_provavel,Revisar cobertura de testagem e histórico de utilização do LACEN.,sklearn_gb_v1,sklearn_v1
MAIRI,dengue,2025,20,0.6405,1,0.0,0.0,4.0,silencio_provavel,Revisar cobertura de testagem e histórico de utilização do LACEN.,sklearn_gb_v1,sklearn_v1
MAIRI,zika,2025,20,0.6405,1,0.0,0.0,4.0,silencio_provavel,Revisar cobertura de testagem e histórico de utilização do LACEN.,sklearn_gb_v1,sklearn_v1
MAMANGUAPE,chikungunya,2025,15,0.6405,1,0.0,0.0,4.0,silencio_provavel,Revisar cobertura de testagem e histórico de utilização do LACEN.,sklearn_gb_v1,sklearn_v1
MAMANGUAPE,dengue,2025,15,0.6405,1,0.0,0.0,4.0,silencio_provavel,Revisar cobertura de testagem e histórico de utilização do LACEN.,sklearn_gb_v1,sklearn_v1
MAMANGUAPE,influenza_a,2025,15,0.6405,1,0.0,0.0,4.0,silencio_provavel,Revisar cobertura de testagem e histórico de utilização do LACEN.,sklearn_gb_v1,sklearn_v1
MAMANGUAPE,influenza_b,2025,15,0.6405,1,0.0,0.0,4.0,silencio_provavel,Revisar cobertura de testagem e histórico de utilização do LACEN.,sklearn_gb_v1,sklearn_v1
CANDEIAS,dengue,2025,7,0.6405,1,0.0,0.0,4.0,silencio_provavel,Revisar cobertura de testagem e histórico de utilização do LACEN.,sklearn_gb_v1,sklearn_v1
CANDEIAS DO JAMARI,zika,2025,15,0.6405,1,0.0,0.0,4.0,silencio_provavel,Revisar cobertura de testagem e histórico de utilização do LACEN.,sklearn_gb_v1,sklearn_v1
CANDIDO MOTA,chikungunya,2025,5,0.6405,1,0.0,0.0,4.0,silencio_provavel,Revisar cobertura de testagem e histórico de utilização do LACEN.,sklearn_gb_v1,sklearn_v1
CANDIDO MOTA,dengue,2025,5,0.6405,1,0.0,0.0,4.0,silencio_provavel,Revisar cobertura de testagem e histórico de utilização do LACEN.,sklearn_gb_v1,sklearn_v1
CANDIDO MOTA,zika,2025,5,0.6405,1,0.0,0.0,4.0,silencio_provavel,Revisar cobertura de testagem e histórico de utilização do LACEN.,sklearn_gb_v1,sklearn_v1
CARAPICUIBA,zika,2025,9,0.6405,1,0.0,0.0,4.0,silencio_provavel,Revisar cobertura de testagem e histórico de utilização do LACEN.,sklearn_gb_v1,sklearn_v1
LUIZIANIA,oropouche_biologia_molecular,2025,14,0.6405,1,0.0,0.0,4.0,silencio_provavel,Revisar cobertura de testagem e histórico de utilização do LACEN.,sklearn_gb_v1,sklearn_v1
LUIZIANIA,sarampo_igm,2025,14,0.6405,1,0.0,0.0,4.0,silencio_provavel,Revisar cobertura de testagem e histórico de utilização do LACEN.,sklearn_gb_v1,sklearn_v1
LUZIANIA,chikungunya,2025,24,0.6405,1,0.0,0.0,4.0,silencio_provavel,Revisar cobertura de testagem e histórico de utilização do LACEN.,sklearn_gb_v1,sklearn_v1
MACAPA,dengue,2025,21,0.6405,1,0.0,0.0,4.0,silencio_provavel,Revisar cobertura de testagem e histórico de utilização do LACEN.,sklearn_gb_v1,sklearn_v1
MACAPA,zika,2025,21,0.6405,1,0.0,0.0,4.0,silencio_provavel,Revisar cobertura de testagem e histórico de utilização do LACEN.,sklearn_gb_v1,sklearn_v1
MACAUBAS,chikungunya,2025,8,0.6405,1,0.0,0.0,4.0,silencio_provavel,Revisar cobertura de testagem e histórico de utilização do LACEN.,sklearn_gb_v1,sklearn_v1
MACAUBAS,dengue,2025,8,0.6405,1,0.0,0.0,4.0,silencio_provavel,Revisar cobertura de testagem e histórico de utilização do LACEN.,sklearn_gb_v1,sklearn_v1
MACAUBAS,influenza_a,2025,8,0.6405,1,0.0,0.0,4.0,silencio_provavel,Revisar cobertura de testagem e histórico de utilização do LACEN.,sklearn_gb_v1,sklearn_v1
CANTA,dengue,2025,14,0.6405,1,0.0,0.0,4.0,silencio_provavel,Revisar cobertura de testagem e histórico de utilização do LACEN.,sklearn_gb_v1,sklearn_v1
CANUTAMA,chikungunya,2025,5,0.6405,1,0.0,0.0,4.0,silencio_provavel,Revisar cobertura de testagem e histórico de utilização do LACEN.,sklearn_gb_v1,sklearn_v1
CANUTAMA,zika,2025,5,0.6405,1,0.0,0.0,4.0,silencio_provavel,Revisar cobertura de testagem e histórico de utilização do LACEN.,sklearn_gb_v1,sklearn_v1
CAPINZAL,dengue,2025,12,0.6405,1,0.0,0.0,4.0,silencio_provavel,Revisar cobertura de testagem e histórico de utilização do LACEN.,sklearn_gb_v1,sklearn_v1
CAPINZAL,zika,2025,12,0.6405,1,0.0,0.0,4.0,silencio_provavel,Revisar cobertura de testagem e histórico de utilização do LACEN.,sklearn_gb_v1,sklearn_v1
CAPITAO LEONIDAS MARQUES,chikungunya,2025,24,0.6405,1,0.0,0.0,4.0,silencio_provavel,Revisar cobertura de testagem e histórico de utilização do LACEN.,sklearn_gb_v1,sklearn_v1
CAPITAO LEONIDAS MARQUES,zika,2025,24,0.6405,1,0.0,0.0,4.0,silencio_provavel,Revisar cobertura de testagem e histórico de utilização do LACEN.,sklearn_gb_v1,sklearn_v1
LUIS EDUARDO MAGALHAES,dengue,2025,21,0.6405,1,0.0,0.0,4.0,silencio_provavel,Revisar cobertura de testagem e histórico de utilização do LACEN.,sklearn_gb_v1,sklearn_v1
LUIS EDUARDO MAGALHAES,zika,2025,21,0.6405,1,0.0,0.0,4.0,silencio_provavel,Revisar cobertura de testagem e histórico de utilização do LACEN.,sklearn_gb_v1,sklearn_v1
LUIZIANIA,mayaro_biologia_molecular,2025,14,0.6405,1,0.0,0.0,4.0,silencio_provavel,Revisar cobertura de testagem e histórico de utilização do LACEN.,sklearn_gb_v1,sklearn_v1
CAPIXABA,influenza_a,2025,28,0.6405,1,0.0,0.0,4.0,silencio_provavel,Revisar cobertura de testagem e histórico de utilização do LACEN.,sklearn_gb_v1,sklearn_v1
TEOTONIO VILELA,dengue,2025,8,0.6405,1,0.0,0.0,4.0,silencio_provavel,Revisar cobertura de testagem e histórico de utilização do LACEN.,sklearn_gb_v1,sklearn_v1
TEOTONIO VILELA,zika,2025,8,0.6405,1,0.0,0.0,4.0,silencio_provavel,Revisar cobertura de testagem e histórico de utilização do LACEN.,sklearn_gb_v1,sklearn_v1
TERESINA,dengue,2025,6,0.6405,1,0.0,0.0,4.0,silencio_provavel,Revisar cobertura de testagem e histórico de utilização do LACEN.,sklearn_gb_v1,sklearn_v1
TERESINA,zika,2025,6,0.6405,1,0.0,0.0,4.0,silencio_provavel,Revisar cobertura de testagem e histórico de utilização do LACEN.,sklearn_gb_v1,sklearn_v1
TERRA RICA,zika,2024,52,0.6405,1,0.0,0.0,4.0,silencio_provavel,Revisar cobertura de testagem e histórico de utilização do LACEN.,sklearn_gb_v1,sklearn_v1
TIMBIRAS,dengue,2025,22,0.6405,1,0.0,0.0,4.0,silencio_provavel,Revisar cobertura de testagem e histórico de utilização do LACEN.,sklearn_gb_v1,sklearn_v1
TIMON,dengue,2024,24,0.6405,1,0.0,0.0,4.0,silencio_provavel,Revisar cobertura de testagem e histórico de utilização do LACEN.,sklearn_gb_v1,sklearn_v1
TIMON,zika,2024,24,0.6405,1,0.0,0.0,4.0,silencio_provavel,Revisar cobertura de testagem e histórico de utilização do LACEN.,sklearn_gb_v1,sklearn_v1
TOLEDO,dengue,2025,11,0.6405,1,0.0,0.0,4.0,silencio_provavel,Revisar cobertura de testagem e histórico de utilização do LACEN.,sklearn_gb_v1,sklearn_v1
CAPIXABA,influenza_b,2025,28,0.6405,1,0.0,0.0,4.0,silencio_provavel,Revisar cobertura de testagem e histórico de utilização do LACEN.,sklearn_gb_v1,sklearn_v1
CAPIXABA,virus_respiratorios,2025,28,0.6405,1,0.0,0.0,4.0,silencio_provavel,Revisar cobertura de testagem e histórico de utilização do LACEN.,sklearn_gb_v1,sklearn_v1
CAPIXABA,zika,2025,20,0.6405,1,0.0,0.0,4.0,silencio_provavel,Revisar cobertura de testagem e histórico de utilização do LACEN.,sklearn_gb_v1,sklearn_v1
CASTANHAL,zika,2024,22,0.6405,1,0.0,0.0,4.0,silencio_provavel,Revisar cobertura de testagem e histórico de utilização do LACEN.,sklearn_gb_v1,sklearn_v1
LAMBARI D''OESTE,tuberculose_lf_lam,2024,37,0.6405,1,0.0,0.0,4.0,silencio_provavel,Revisar cobertura de testagem e histórico de utilização do LACEN.,sklearn_gb_v1,sklearn_v1
LANDRI SALES,chikungunya,2025,33,0.6405,1,0.0,0.0,4.0,silencio_provavel,Revisar cobertura de testagem e histórico de utilização do LACEN.,sklearn_gb_v1,sklearn_v1
LANDRI SALES,zika,2025,33,0.6405,1,0.0,0.0,4.0,silencio_provavel,Revisar cobertura de testagem e histórico de utilização do LACEN.,sklearn_gb_v1,sklearn_v1
LARANJAL DO JARI,chikungunya,2025,26,0.6405,1,0.0,0.0,4.0,silencio_provavel,Revisar cobertura de testagem e histórico de utilização do LACEN.,sklearn_gb_v1,sklearn_v1
LARANJAL DO JARI,criptococos_teste_rapido,2025,45,0.6405,1,0.0,0.0,4.0,silencio_provavel,Revisar cobertura de testagem e histórico de utilização do LACEN.,sklearn_gb_v1,sklearn_v1
LARANJAL DO JARI,tuberculose_lf_lam,2025,45,0.6405,1,0.0,0.0,4.0,silencio_provavel,Revisar cobertura de testagem e histórico de utilização do LACEN.,sklearn_gb_v1,sklearn_v1
LARANJAL DO JARI,zika,2025,26,0.6405,1,0.0,0.0,4.0,silencio_provavel,Revisar cobertura de testagem e histórico de utilização do LACEN.,sklearn_gb_v1,sklearn_v1
LINS,dengue,2025,12,0.6405,1,0.0,0.0,4.0,silencio_provavel,Revisar cobertura de testagem e histórico de utilização do LACEN.,sklearn_gb_v1,sklearn_v1
LINS,zika,2025,12,0.6405,1,0.0,0.0,4.0,silencio_provavel,Revisar cobertura de testagem e histórico de utilização do LACEN.,sklearn_gb_v1,sklearn_v1
LONDRINA,dengue,2025,4,0.6405,1,0.0,0.0,4.0,silencio_provavel,Revisar cobertura de testagem e histórico de utilização do LACEN.,sklearn_gb_v1,sklearn_v1
CARNAUBAIS,chikungunya,2025,12,0.6405,1,0.0,0.0,4.0,silencio_provavel,Revisar cobertura de testagem e histórico de utilização do LACEN.,sklearn_gb_v1,sklearn_v1
CARNAUBAIS,dengue,2025,12,0.6405,1,0.0,0.0,4.0,silencio_provavel,Revisar cobertura de testagem e histórico de utilização do LACEN.,sklearn_gb_v1,sklearn_v1
CARNAUBAIS,zika,2025,12,0.6405,1,0.0,0.0,4.0,silencio_provavel,Revisar cobertura de testagem e histórico de utilização do LACEN.,sklearn_gb_v1,sklearn_v1
CAROLINA,dengue,2025,28,0.6405,1,0.0,0.0,4.0,silencio_provavel,Revisar cobertura de testagem e histórico de utilização do LACEN.,sklearn_gb_v1,sklearn_v1
CAROLINA,zika,2025,28,0.6405,1,0.0,0.0,4.0,silencio_provavel,Revisar cobertura de testagem e histórico de utilização do LACEN.,sklearn_gb_v1,sklearn_v1
TRIZIDELA DO VALE,dengue,2025,6,0.6405,1,0.0,0.0,4.0,silencio_provavel,Revisar cobertura de testagem e histórico de utilização do LACEN.,sklearn_gb_v1,sklearn_v1
CEARA-MIRIM,chikungunya,2025,7,0.6405,1,0.0,0.0,4.0,silencio_provavel,Revisar cobertura de testagem e histórico de utilização do LACEN.,sklearn_gb_v1,sklearn_v1
LADARIO,influenza_a,2025,13,0.6405,1,0.0,0.0,4.0,silencio_provavel,Revisar cobertura de testagem e histórico de utilização do LACEN.,sklearn_gb_v1,sklearn_v1
LADARIO,influenza_b,2025,13,0.6405,1,0.0,0.0,4.0,silencio_provavel,Revisar cobertura de testagem e histórico de utilização do LACEN.,sklearn_gb_v1,sklearn_v1
LAGO DA PEDRA,dengue,2024,33,0.6405,1,0.0,0.0,4.0,silencio_provavel,Revisar cobertura de testagem e histórico de utilização do LACEN.,sklearn_gb_v1,sklearn_v1
LAGO DO JUNCO,dengue,2025,19,0.6405,1,0.0,0.0,4.0,silencio_provavel,Revisar cobertura de testagem e histórico de utilização do LACEN.,sklearn_gb_v1,sklearn_v1
LAGO DO JUNCO,zika,2025,19,0.6405,1,0.0,0.0,4.0,silencio_provavel,Revisar cobertura de testagem e histórico de utilização do LACEN.,sklearn_gb_v1,sklearn_v1
LAGOA DO MATO,dengue,2025,8,0.6405,1,0.0,0.0,4.0,silencio_provavel,Revisar cobertura de testagem e histórico de utilização do LACEN.,sklearn_gb_v1,sklearn_v1
LAGOA DO MATO,zika,2025,8,0.6405,1,0.0,0.0,4.0,silencio_provavel,Revisar cobertura de testagem e histórico de utilização do LACEN.,sklearn_gb_v1,sklearn_v1
LAGOA GRANDE DO MARANHAO,dengue,2024,22,0.6405,1,0.0,0.0,4.0,silencio_provavel,Revisar cobertura de testagem e histórico de utilização do LACEN.,sklearn_gb_v1,sklearn_v1
LAGOA GRANDE DO MARANHAO,zika,2024,22,0.6405,1,0.0,0.0,4.0,silencio_provavel,Revisar cobertura de testagem e histórico de utilização do LACEN.,sklearn_gb_v1,sklearn_v1
LAMBARI D''OESTE,chagas,2025,33,0.6405,1,0.0,0.0,4.0,silencio_provavel,Revisar cobertura de testagem e histórico de utilização do LACEN.,sklearn_gb_v1,sklearn_v1
LAMBARI D''OESTE,chagas_igg,2025,33,0.6405,1,0.0,0.0,4.0,silencio_provavel,Revisar cobertura de testagem e histórico de utilização do LACEN.,sklearn_gb_v1,sklearn_v1
CASCAVEL,hepatite_c_hcv,2024,24,0.6405,1,0.0,0.0,4.0,silencio_provavel,Revisar cobertura de testagem e histórico de utilização do LACEN.,sklearn_gb_v1,sklearn_v1
CASCAVEL,tuberculose,2025,2,0.6405,1,0.0,0.0,4.0,silencio_provavel,Revisar cobertura de testagem e histórico de utilização do LACEN.,sklearn_gb_v1,sklearn_v1
CASTANHAL,dengue,2025,8,0.6405,1,0.0,0.0,4.0,silencio_provavel,Revisar cobertura de testagem e histórico de utilização do LACEN.,sklearn_gb_v1,sklearn_v1
CASTANHEIRAS,zika,2025,22,0.6405,1,0.0,0.0,4.0,silencio_provavel,Revisar cobertura de testagem e histórico de utilização do LACEN.,sklearn_gb_v1,sklearn_v1
CAUCAIA,zika,2025,9,0.6405,1,0.0,0.0,4.0,silencio_provavel,Revisar cobertura de testagem e histórico de utilização do LACEN.,sklearn_gb_v1,sklearn_v1
CAXIAS,chagas,2024,48,0.6405,1,0.0,0.0,4.0,silencio_provavel,Revisar cobertura de testagem e histórico de utilização do LACEN.,sklearn_gb_v1,sklearn_v1
CAXIAS,chagas_igg,2024,48,0.6405,1,0.0,0.0,4.0,silencio_provavel,Revisar cobertura de testagem e histórico de utilização do LACEN.,sklearn_gb_v1,sklearn_v1
CAXIAS DO SUL,dengue,2024,24,0.6405,1,0.0,0.0,4.0,silencio_provavel,Revisar cobertura de testagem e histórico de utilização do LACEN.,sklearn_gb_v1,sklearn_v1
TOLEDO,zika,2025,11,0.6405,1,0.0,0.0,4.0,silencio_provavel,Revisar cobertura de testagem e histórico de utilização do LACEN.,sklearn_gb_v1,sklearn_v1
TOME-ACU,dengue,2024,21,0.6405,1,0.0,0.0,4.0,silencio_provavel,Revisar cobertura de testagem e histórico de utilização do LACEN.,sklearn_gb_v1,sklearn_v1
TOME-ACU,zika,2024,21,0.6405,1,0.0,0.0,4.0,silencio_provavel,Revisar cobertura de testagem e histórico de utilização do LACEN.,sklearn_gb_v1,sklearn_v1
TRACUATEUA,dengue,2025,16,0.6405,1,0.0,0.0,4.0,silencio_provavel,Revisar cobertura de testagem e histórico de utilização do LACEN.,sklearn_gb_v1,sklearn_v1
TRACUATEUA,zika,2025,16,0.6405,1,0.0,0.0,4.0,silencio_provavel,Revisar cobertura de testagem e histórico de utilização do LACEN.,sklearn_gb_v1,sklearn_v1
TRAIRAO,chikungunya,2025,22,0.6405,1,0.0,0.0,4.0,silencio_provavel,Revisar cobertura de testagem e histórico de utilização do LACEN.,sklearn_gb_v1,sklearn_v1
TRAIRAO,zika,2025,22,0.6405,1,0.0,0.0,4.0,silencio_provavel,Revisar cobertura de testagem e histórico de utilização do LACEN.,sklearn_gb_v1,sklearn_v1
TRES CACHOEIRAS,dengue,2024,24,0.6405,1,0.0,0.0,4.0,silencio_provavel,Revisar cobertura de testagem e histórico de utilização do LACEN.,sklearn_gb_v1,sklearn_v1
TRES LAGOAS,hepatite_c_hcv,2025,31,0.6405,1,0.0,0.0,4.0,silencio_provavel,Revisar cobertura de testagem e histórico de utilização do LACEN.,sklearn_gb_v1,sklearn_v1
TRINDADE,varicela_zoster_biologia_molecular,2024,37,0.6405,1,0.0,0.0,4.0,silencio_provavel,Revisar cobertura de testagem e histórico de utilização do LACEN.,sklearn_gb_v1,sklearn_v1
TRINDADE,variola,2024,37,0.6405,1,0.0,0.0,4.0,silencio_provavel,Revisar cobertura de testagem e histórico de utilização do LACEN.,sklearn_gb_v1,sklearn_v1
JUTI,tuberculose,2024,50,0.6405,1,0.0,0.0,4.0,silencio_provavel,Revisar cobertura de testagem e histórico de utilização do LACEN.,sklearn_gb_v1,sklearn_v1
LABREA,chikungunya,2025,9,0.6405,1,0.0,0.0,4.0,silencio_provavel,Revisar cobertura de testagem e histórico de utilização do LACEN.,sklearn_gb_v1,sklearn_v1
LABREA,dengue,2025,9,0.6405,1,0.0,0.0,4.0,silencio_provavel,Revisar cobertura de testagem e histórico de utilização do LACEN.,sklearn_gb_v1,sklearn_v1
LABREA,zika,2025,9,0.6405,1,0.0,0.0,4.0,silencio_provavel,Revisar cobertura de testagem e histórico de utilização do LACEN.,sklearn_gb_v1,sklearn_v1
CEARA-MIRIM,dengue,2025,7,0.6405,1,0.0,0.0,4.0,silencio_provavel,Revisar cobertura de testagem e histórico de utilização do LACEN.,sklearn_gb_v1,sklearn_v1
CEARA-MIRIM,zika,2025,7,0.6405,1,0.0,0.0,4.0,silencio_provavel,Revisar cobertura de testagem e histórico de utilização do LACEN.,sklearn_gb_v1,sklearn_v1
CEDRAL,tuberculose_cultura,2025,3,0.6405,1,0.0,0.0,4.0,silencio_provavel,Revisar cobertura de testagem e histórico de utilização do LACEN.,sklearn_gb_v1,sklearn_v1
CENTRO DO GUILHERME,chikungunya,2025,15,0.6405,1,0.0,0.0,4.0,silencio_provavel,Revisar cobertura de testagem e histórico de utilização do LACEN.,sklearn_gb_v1,sklearn_v1
CENTRO DO GUILHERME,dengue,2025,15,0.6405,1,0.0,0.0,4.0,silencio_provavel,Revisar cobertura de testagem e histórico de utilização do LACEN.,sklearn_gb_v1,sklearn_v1
CENTRO DO GUILHERME,zika,2025,15,0.6405,1,0.0,0.0,4.0,silencio_provavel,Revisar cobertura de testagem e histórico de utilização do LACEN.,sklearn_gb_v1,sklearn_v1
CEREJEIRAS,dengue,2025,30,0.6405,1,0.0,0.0,4.0,silencio_provavel,Revisar cobertura de testagem e histórico de utilização do LACEN.,sklearn_gb_v1,sklearn_v1
CEREJEIRAS,influenza_a,2026,11,0.6405,1,0.0,0.0,4.0,silencio_provavel,Revisar cobertura de testagem e histórico de utilização do LACEN.,sklearn_gb_v1,sklearn_v1
CEREJEIRAS,influenza_b,2026,11,0.6405,1,0.0,0.0,4.0,silencio_provavel,Revisar cobertura de testagem e histórico de utilização do LACEN.,sklearn_gb_v1,sklearn_v1
CEREJEIRAS,sars_cov_2,2026,11,0.6405,1,0.0,0.0,4.0,silencio_provavel,Revisar cobertura de testagem e histórico de utilização do LACEN.,sklearn_gb_v1,sklearn_v1
CEREJEIRAS,zika,2025,30,0.6405,1,0.0,0.0,4.0,silencio_provavel,Revisar cobertura de testagem e histórico de utilização do LACEN.,sklearn_gb_v1,sklearn_v1
CASTANHEIRAS,dengue,2025,22,0.6405,1,0.0,0.0,4.0,silencio_provavel,Revisar cobertura de testagem e histórico de utilização do LACEN.,sklearn_gb_v1,sklearn_v1
JOAQUIM GOMES,dengue,2025,12,0.6405,1,0.0,0.0,4.0,silencio_provavel,Revisar cobertura de testagem e histórico de utilização do LACEN.,sklearn_gb_v1,sklearn_v1
JOAQUIM GOMES,zika,2025,12,0.6405,1,0.0,0.0,4.0,silencio_provavel,Revisar cobertura de testagem e histórico de utilização do LACEN.,sklearn_gb_v1,sklearn_v1
JOAQUIM PIRES,dengue,2025,6,0.6405,1,0.0,0.0,4.0,silencio_provavel,Revisar cobertura de testagem e histórico de utilização do LACEN.,sklearn_gb_v1,sklearn_v1
JOINVILLE,dengue,2025,15,0.6405,1,0.0,0.0,4.0,silencio_provavel,Revisar cobertura de testagem e histórico de utilização do LACEN.,sklearn_gb_v1,sklearn_v1
JOINVILLE,zika,2025,15,0.6405,1,0.0,0.0,4.0,silencio_provavel,Revisar cobertura de testagem e histórico de utilização do LACEN.,sklearn_gb_v1,sklearn_v1
JORDAO,dengue,2025,4,0.6405,1,0.0,0.0,4.0,silencio_provavel,Revisar cobertura de testagem e histórico de utilização do LACEN.,sklearn_gb_v1,sklearn_v1
JOSELANDIA,chikungunya,2025,28,0.6405,1,0.0,0.0,4.0,silencio_provavel,Revisar cobertura de testagem e histórico de utilização do LACEN.,sklearn_gb_v1,sklearn_v1
JOSELANDIA,zika,2025,28,0.6405,1,0.0,0.0,4.0,silencio_provavel,Revisar cobertura de testagem e histórico de utilização do LACEN.,sklearn_gb_v1,sklearn_v1
JUAZEIRO,chagas,2025,15,0.6405,1,0.0,0.0,4.0,silencio_provavel,Revisar cobertura de testagem e histórico de utilização do LACEN.,sklearn_gb_v1,sklearn_v1
JUAZEIRO,chagas_igg,2025,15,0.6405,1,0.0,0.0,4.0,silencio_provavel,Revisar cobertura de testagem e histórico de utilização do LACEN.,sklearn_gb_v1,sklearn_v1
JUNCO DO MARANHAO,dengue,2025,21,0.6405,1,0.0,0.0,4.0,silencio_provavel,Revisar cobertura de testagem e histórico de utilização do LACEN.,sklearn_gb_v1,sklearn_v1
JUNCO DO MARANHAO,zika,2025,21,0.6405,1,0.0,0.0,4.0,silencio_provavel,Revisar cobertura de testagem e histórico de utilização do LACEN.,sklearn_gb_v1,sklearn_v1
JUNDIA,toxoplasmose_igm,2025,6,0.6405,1,0.0,0.0,4.0,silencio_provavel,Revisar cobertura de testagem e histórico de utilização do LACEN.,sklearn_gb_v1,sklearn_v1
JUNDIAI,dengue,2025,18,0.6405,1,0.0,0.0,4.0,silencio_provavel,Revisar cobertura de testagem e histórico de utilização do LACEN.,sklearn_gb_v1,sklearn_v1
JUNDIAI,zika,2025,18,0.6405,1,0.0,0.0,4.0,silencio_provavel,Revisar cobertura de testagem e histórico de utilização do LACEN.,sklearn_gb_v1,sklearn_v1
CERRO LARGO,dengue,2025,22,0.6405,1,0.0,0.0,4.0,silencio_provavel,Revisar cobertura de testagem e histórico de utilização do LACEN.,sklearn_gb_v1,sklearn_v1
CHAPADAO DO CEU,dengue,2025,19,0.6405,1,0.0,0.0,4.0,silencio_provavel,Revisar cobertura de testagem e histórico de utilização do LACEN.,sklearn_gb_v1,sklearn_v1
CHAPADAO DO CEU,zika,2025,19,0.6405,1,0.0,0.0,4.0,silencio_provavel,Revisar cobertura de testagem e histórico de utilização do LACEN.,sklearn_gb_v1,sklearn_v1
CHAPADINHA,dengue,2025,19,0.6405,1,0.0,0.0,4.0,silencio_provavel,Revisar cobertura de testagem e histórico de utilização do LACEN.,sklearn_gb_v1,sklearn_v1
JARU,influenza_a,2025,21,0.6405,1,0.0,0.0,4.0,silencio_provavel,Revisar cobertura de testagem e histórico de utilização do LACEN.,sklearn_gb_v1,sklearn_v1
JARU,influenza_b,2025,21,0.6405,1,0.0,0.0,4.0,silencio_provavel,Revisar cobertura de testagem e histórico de utilização do LACEN.,sklearn_gb_v1,sklearn_v1
JARU,sars_cov_2,2025,21,0.6405,1,0.0,0.0,4.0,silencio_provavel,Revisar cobertura de testagem e histórico de utilização do LACEN.,sklearn_gb_v1,sklearn_v1
JARU,zika,2025,24,0.6405,1,0.0,0.0,4.0,silencio_provavel,Revisar cobertura de testagem e histórico de utilização do LACEN.,sklearn_gb_v1,sklearn_v1
JAU,dengue,2025,8,0.6405,1,0.0,0.0,4.0,silencio_provavel,Revisar cobertura de testagem e histórico de utilização do LACEN.,sklearn_gb_v1,sklearn_v1
JAU,zika,2025,8,0.6405,1,0.0,0.0,4.0,silencio_provavel,Revisar cobertura de testagem e histórico de utilização do LACEN.,sklearn_gb_v1,sklearn_v1
JENIPAPO DOS VIEIRAS,dengue,2025,30,0.6405,1,0.0,0.0,4.0,silencio_provavel,Revisar cobertura de testagem e histórico de utilização do LACEN.,sklearn_gb_v1,sklearn_v1
JENIPAPO DOS VIEIRAS,zika,2025,30,0.6405,1,0.0,0.0,4.0,silencio_provavel,Revisar cobertura de testagem e histórico de utilização do LACEN.,sklearn_gb_v1,sklearn_v1
JI-PARANA,tuberculose_lf_lam,2024,39,0.6405,1,0.0,0.0,4.0,silencio_provavel,Revisar cobertura de testagem e histórico de utilização do LACEN.,sklearn_gb_v1,sklearn_v1
JOAO LISBOA,dengue,2025,23,0.6405,1,0.0,0.0,4.0,silencio_provavel,Revisar cobertura de testagem e histórico de utilização do LACEN.,sklearn_gb_v1,sklearn_v1
JOAO PESSOA,dengue,2025,24,0.6405,1,0.0,0.0,4.0,silencio_provavel,Revisar cobertura de testagem e histórico de utilização do LACEN.,sklearn_gb_v1,sklearn_v1
JOAO PESSOA,zika,2024,23,0.6405,1,0.0,0.0,4.0,silencio_provavel,Revisar cobertura de testagem e histórico de utilização do LACEN.,sklearn_gb_v1,sklearn_v1
JOAQUIM GOMES,chikungunya,2025,12,0.6405,1,0.0,0.0,4.0,silencio_provavel,Revisar cobertura de testagem e histórico de utilização do LACEN.,sklearn_gb_v1,sklearn_v1
JAPURA,zika,2024,21,0.6405,1,0.0,0.0,4.0,silencio_provavel,Revisar cobertura de testagem e histórico de utilização do LACEN.,sklearn_gb_v1,sklearn_v1
JARDIM,dengue,2025,8,0.6405,1,0.0,0.0,4.0,silencio_provavel,Revisar cobertura de testagem e histórico de utilização do LACEN.,sklearn_gb_v1,sklearn_v1
JARDIM,zika,2025,8,0.6405,1,0.0,0.0,4.0,silencio_provavel,Revisar cobertura de testagem e histórico de utilização do LACEN.,sklearn_gb_v1,sklearn_v1
TUCURUI,zika,2025,28,0.6405,1,0.0,0.0,4.0,silencio_provavel,Revisar cobertura de testagem e histórico de utilização do LACEN.,sklearn_gb_v1,sklearn_v1
ALTAMIRA,tuberculose_lf_lam,2026,10,0.6405,1,0.0,0.0,4.0,silencio_provavel,Revisar cobertura de testagem e histórico de utilização do LACEN.,sklearn_gb_v1,sklearn_v1
ALTO ALEGRE DO MARANHAO,chikungunya,2025,12,0.6405,1,0.0,0.0,4.0,silencio_provavel,Revisar cobertura de testagem e histórico de utilização do LACEN.,sklearn_gb_v1,sklearn_v1
ALTO ALEGRE DO MARANHAO,dengue,2025,12,0.6405,1,0.0,0.0,4.0,silencio_provavel,Revisar cobertura de testagem e histórico de utilização do LACEN.,sklearn_gb_v1,sklearn_v1
ALTO ALEGRE DO MARANHAO,zika,2025,12,0.6405,1,0.0,0.0,4.0,silencio_provavel,Revisar cobertura de testagem e histórico de utilização do LACEN.,sklearn_gb_v1,sklearn_v1
ALTO ALEGRE DO PINDARE,influenza_a,2024,30,0.6405,1,0.0,0.0,4.0,silencio_provavel,Revisar cobertura de testagem e histórico de utilização do LACEN.,sklearn_gb_v1,sklearn_v1
ALTO ALEGRE DO PINDARE,influenza_b,2024,30,0.6405,1,0.0,0.0,4.0,silencio_provavel,Revisar cobertura de testagem e histórico de utilização do LACEN.,sklearn_gb_v1,sklearn_v1
ALTO ALEGRE DO PINDARE,sars_cov_2,2024,30,0.6405,1,0.0,0.0,4.0,silencio_provavel,Revisar cobertura de testagem e histórico de utilização do LACEN.,sklearn_gb_v1,sklearn_v1
TUFILANDIA,dengue,2025,24,0.6405,1,0.0,0.0,4.0,silencio_provavel,Revisar cobertura de testagem e histórico de utilização do LACEN.,sklearn_gb_v1,sklearn_v1
TUFILANDIA,zika,2025,24,0.6405,1,0.0,0.0,4.0,silencio_provavel,Revisar cobertura de testagem e histórico de utilização do LACEN.,sklearn_gb_v1,sklearn_v1
TUNTUM,chikungunya,2025,24,0.6405,1,0.0,0.0,4.0,silencio_provavel,Revisar cobertura de testagem e histórico de utilização do LACEN.,sklearn_gb_v1,sklearn_v1
TUPANCIRETA,chikungunya,2025,11,0.6405,1,0.0,0.0,4.0,silencio_provavel,Revisar cobertura de testagem e histórico de utilização do LACEN.,sklearn_gb_v1,sklearn_v1
TUPANCIRETA,dengue,2025,11,0.6405,1,0.0,0.0,4.0,silencio_provavel,Revisar cobertura de testagem e histórico de utilização do LACEN.,sklearn_gb_v1,sklearn_v1
CIDADE OCIDENTAL,zika,2024,33,0.6405,1,0.0,0.0,4.0,silencio_provavel,Revisar cobertura de testagem e histórico de utilização do LACEN.,sklearn_gb_v1,sklearn_v1
JACOBINA,neisseria_gonorrhoeae,2026,20,0.6405,1,0.0,0.0,4.0,silencio_provavel,Revisar cobertura de testagem e histórico de utilização do LACEN.,sklearn_gb_v1,sklearn_v1
JACUIPE,chikungunya,2025,12,0.6405,1,0.0,0.0,4.0,silencio_provavel,Revisar cobertura de testagem e histórico de utilização do LACEN.,sklearn_gb_v1,sklearn_v1
JACUIPE,dengue,2025,12,0.6405,1,0.0,0.0,4.0,silencio_provavel,Revisar cobertura de testagem e histórico de utilização do LACEN.,sklearn_gb_v1,sklearn_v1
JACUIPE,zika,2025,12,0.6405,1,0.0,0.0,4.0,silencio_provavel,Revisar cobertura de testagem e histórico de utilização do LACEN.,sklearn_gb_v1,sklearn_v1
JANDIRA,dengue,2024,30,0.6405,1,0.0,0.0,4.0,silencio_provavel,Revisar cobertura de testagem e histórico de utilização do LACEN.,sklearn_gb_v1,sklearn_v1
JANDIRA,zika,2024,30,0.6405,1,0.0,0.0,4.0,silencio_provavel,Revisar cobertura de testagem e histórico de utilização do LACEN.,sklearn_gb_v1,sklearn_v1
CHAPADINHA,zika,2025,19,0.6405,1,0.0,0.0,4.0,silencio_provavel,Revisar cobertura de testagem e histórico de utilização do LACEN.,sklearn_gb_v1,sklearn_v1
CHAPECO,dengue,2025,19,0.6405,1,0.0,0.0,4.0,silencio_provavel,Revisar cobertura de testagem e histórico de utilização do LACEN.,sklearn_gb_v1,sklearn_v1
CHAPECO,tuberculose_cultura,2025,12,0.6405,1,0.0,0.0,4.0,silencio_provavel,Revisar cobertura de testagem e histórico de utilização do LACEN.,sklearn_gb_v1,sklearn_v1
CHIAPETTA,dengue,2025,24,0.6405,1,0.0,0.0,4.0,silencio_provavel,Revisar cobertura de testagem e histórico de utilização do LACEN.,sklearn_gb_v1,sklearn_v1
CHIAPETTA,zika,2025,24,0.6405,1,0.0,0.0,4.0,silencio_provavel,Revisar cobertura de testagem e histórico de utilização do LACEN.,sklearn_gb_v1,sklearn_v1
CHOPINZINHO,dengue,2025,28,0.6405,1,0.0,0.0,4.0,silencio_provavel,Revisar cobertura de testagem e histórico de utilização do LACEN.,sklearn_gb_v1,sklearn_v1
JANUARIA,leishmaniose_visceral_humana_teste_rapido,2024,48,0.6405,1,0.0,0.0,4.0,silencio_provavel,Revisar cobertura de testagem e histórico de utilização do LACEN.,sklearn_gb_v1,sklearn_v1
JAPARATUBA,dengue,2025,26,0.6405,1,0.0,0.0,4.0,silencio_provavel,Revisar cobertura de testagem e histórico de utilização do LACEN.,sklearn_gb_v1,sklearn_v1
JAPURA,dengue,2024,21,0.6405,1,0.0,0.0,4.0,silencio_provavel,Revisar cobertura de testagem e histórico de utilização do LACEN.,sklearn_gb_v1,sklearn_v1
ITUPIRANGA,zika,2025,13,0.6405,1,0.0,0.0,4.0,silencio_provavel,Revisar cobertura de testagem e histórico de utilização do LACEN.,sklearn_gb_v1,sklearn_v1
IVAIPORA,dengue,2025,11,0.6405,1,0.0,0.0,4.0,silencio_provavel,Revisar cobertura de testagem e histórico de utilização do LACEN.,sklearn_gb_v1,sklearn_v1
IVAIPORA,zika,2025,11,0.6405,1,0.0,0.0,4.0,silencio_provavel,Revisar cobertura de testagem e histórico de utilização do LACEN.,sklearn_gb_v1,sklearn_v1
CODO,dengue,2025,26,0.6405,1,0.0,0.0,4.0,silencio_provavel,Revisar cobertura de testagem e histórico de utilização do LACEN.,sklearn_gb_v1,sklearn_v1
CODO,zika,2025,26,0.6405,1,0.0,0.0,4.0,silencio_provavel,Revisar cobertura de testagem e histórico de utilização do LACEN.,sklearn_gb_v1,sklearn_v1
JABOTICABAL,chikungunya,2025,8,0.6405,1,0.0,0.0,4.0,silencio_provavel,Revisar cobertura de testagem e histórico de utilização do LACEN.,sklearn_gb_v1,sklearn_v1
JABOTICABAL,zika,2025,8,0.6405,1,0.0,0.0,4.0,silencio_provavel,Revisar cobertura de testagem e histórico de utilização do LACEN.,sklearn_gb_v1,sklearn_v1
JACAREACANGA,chikungunya,2025,34,0.6405,1,0.0,0.0,4.0,silencio_provavel,Revisar cobertura de testagem e histórico de utilização do LACEN.,sklearn_gb_v1,sklearn_v1
JACAREACANGA,dengue,2025,34,0.6405,1,0.0,0.0,4.0,silencio_provavel,Revisar cobertura de testagem e histórico de utilização do LACEN.,sklearn_gb_v1,sklearn_v1
JACAREACANGA,influenza_a,2024,31,0.6405,1,0.0,0.0,4.0,silencio_provavel,Revisar cobertura de testagem e histórico de utilização do LACEN.,sklearn_gb_v1,sklearn_v1
JACAREACANGA,influenza_b,2024,31,0.6405,1,0.0,0.0,4.0,silencio_provavel,Revisar cobertura de testagem e histórico de utilização do LACEN.,sklearn_gb_v1,sklearn_v1
JACAREACANGA,virus_respiratorios,2024,31,0.6405,1,0.0,0.0,4.0,silencio_provavel,Revisar cobertura de testagem e histórico de utilização do LACEN.,sklearn_gb_v1,sklearn_v1
JACAREACANGA,zika,2025,34,0.6405,1,0.0,0.0,4.0,silencio_provavel,Revisar cobertura de testagem e histórico de utilização do LACEN.,sklearn_gb_v1,sklearn_v1
CHOPINZINHO,zika,2025,28,0.6405,1,0.0,0.0,4.0,silencio_provavel,Revisar cobertura de testagem e histórico de utilização do LACEN.,sklearn_gb_v1,sklearn_v1
CIDADE OCIDENTAL,chikungunya,2024,33,0.6405,1,0.0,0.0,4.0,silencio_provavel,Revisar cobertura de testagem e histórico de utilização do LACEN.,sklearn_gb_v1,sklearn_v1
CIDADE OCIDENTAL,dengue,2024,33,0.6405,1,0.0,0.0,4.0,silencio_provavel,Revisar cobertura de testagem e histórico de utilização do LACEN.,sklearn_gb_v1,sklearn_v1
ITAPOA,zika,2025,7,0.6405,1,0.0,0.0,4.0,silencio_provavel,Revisar cobertura de testagem e histórico de utilização do LACEN.,sklearn_gb_v1,sklearn_v1
ITARUMA,chikungunya,2025,3,0.6405,1,0.0,0.0,4.0,silencio_provavel,Revisar cobertura de testagem e histórico de utilização do LACEN.,sklearn_gb_v1,sklearn_v1
ITARUMA,dengue,2025,3,0.6405,1,0.0,0.0,4.0,silencio_provavel,Revisar cobertura de testagem e histórico de utilização do LACEN.,sklearn_gb_v1,sklearn_v1
ITARUMA,zika,2025,3,0.6405,1,0.0,0.0,4.0,silencio_provavel,Revisar cobertura de testagem e histórico de utilização do LACEN.,sklearn_gb_v1,sklearn_v1
ITATIAIUCU,influenza_a,2025,29,0.6405,1,0.0,0.0,4.0,silencio_provavel,Revisar cobertura de testagem e histórico de utilização do LACEN.,sklearn_gb_v1,sklearn_v1
ITATIAIUCU,influenza_b,2025,29,0.6405,1,0.0,0.0,4.0,silencio_provavel,Revisar cobertura de testagem e histórico de utilização do LACEN.,sklearn_gb_v1,sklearn_v1
ITATIAIUCU,sars_cov_2,2025,29,0.6405,1,0.0,0.0,4.0,silencio_provavel,Revisar cobertura de testagem e histórico de utilização do LACEN.,sklearn_gb_v1,sklearn_v1
COLATINA,leishmaniose_visceral_humana_teste_rapido,2025,15,0.6405,1,0.0,0.0,4.0,silencio_provavel,Revisar cobertura de testagem e histórico de utilização do LACEN.,sklearn_gb_v1,sklearn_v1
ITUMBIARA,dengue,2025,12,0.6405,1,0.0,0.0,4.0,silencio_provavel,Revisar cobertura de testagem e histórico de utilização do LACEN.,sklearn_gb_v1,sklearn_v1
ITUMBIARA,influenza_a,2024,32,0.6405,1,0.0,0.0,4.0,silencio_provavel,Revisar cobertura de testagem e histórico de utilização do LACEN.,sklearn_gb_v1,sklearn_v1
ITUMBIARA,influenza_b,2024,32,0.6405,1,0.0,0.0,4.0,silencio_provavel,Revisar cobertura de testagem e histórico de utilização do LACEN.,sklearn_gb_v1,sklearn_v1
ITUMBIARA,zika,2025,12,0.6405,1,0.0,0.0,4.0,silencio_provavel,Revisar cobertura de testagem e histórico de utilização do LACEN.,sklearn_gb_v1,sklearn_v1
ITUPEVA,chikungunya,2025,13,0.6405,1,0.0,0.0,4.0,silencio_provavel,Revisar cobertura de testagem e histórico de utilização do LACEN.,sklearn_gb_v1,sklearn_v1
ITUPEVA,dengue,2025,13,0.6405,1,0.0,0.0,4.0,silencio_provavel,Revisar cobertura de testagem e histórico de utilização do LACEN.,sklearn_gb_v1,sklearn_v1
ITUPEVA,zika,2025,13,0.6405,1,0.0,0.0,4.0,silencio_provavel,Revisar cobertura de testagem e histórico de utilização do LACEN.,sklearn_gb_v1,sklearn_v1
ITUPIRANGA,chikungunya,2025,13,0.6405,1,0.0,0.0,4.0,silencio_provavel,Revisar cobertura de testagem e histórico de utilização do LACEN.,sklearn_gb_v1,sklearn_v1
UBERLANDIA,influenza_b,2025,24,0.6405,1,0.0,0.0,4.0,silencio_provavel,Revisar cobertura de testagem e histórico de utilização do LACEN.,sklearn_gb_v1,sklearn_v1
UBERLANDIA,sars_cov_2,2025,24,0.6405,1,0.0,0.0,4.0,silencio_provavel,Revisar cobertura de testagem e histórico de utilização do LACEN.,sklearn_gb_v1,sklearn_v1
UBERLANDIA,zika,2025,8,0.6405,1,0.0,0.0,4.0,silencio_provavel,Revisar cobertura de testagem e histórico de utilização do LACEN.,sklearn_gb_v1,sklearn_v1
ITAIPAVA DO GRAJAU,influenza_a,2025,14,0.6405,1,0.0,0.0,4.0,silencio_provavel,Revisar cobertura de testagem e histórico de utilização do LACEN.,sklearn_gb_v1,sklearn_v1
ITAIPAVA DO GRAJAU,influenza_b,2025,14,0.6405,1,0.0,0.0,4.0,silencio_provavel,Revisar cobertura de testagem e histórico de utilização do LACEN.,sklearn_gb_v1,sklearn_v1
ITAIPAVA DO GRAJAU,virus_respiratorios,2025,14,0.6405,1,0.0,0.0,4.0,silencio_provavel,Revisar cobertura de testagem e histórico de utilização do LACEN.,sklearn_gb_v1,sklearn_v1
ITAITUBA,influenza_a,2025,30,0.6405,1,0.0,0.0,4.0,silencio_provavel,Revisar cobertura de testagem e histórico de utilização do LACEN.,sklearn_gb_v1,sklearn_v1
ITAITUBA,influenza_b,2025,30,0.6405,1,0.0,0.0,4.0,silencio_provavel,Revisar cobertura de testagem e histórico de utilização do LACEN.,sklearn_gb_v1,sklearn_v1
ITAITUBA,sars_cov_2,2025,30,0.6405,1,0.0,0.0,4.0,silencio_provavel,Revisar cobertura de testagem e histórico de utilização do LACEN.,sklearn_gb_v1,sklearn_v1
ITAJAI,dengue,2025,2,0.6405,1,0.0,0.0,4.0,silencio_provavel,Revisar cobertura de testagem e histórico de utilização do LACEN.,sklearn_gb_v1,sklearn_v1
ITAPECURU MIRIM,chikungunya,2025,11,0.6405,1,0.0,0.0,4.0,silencio_provavel,Revisar cobertura de testagem e histórico de utilização do LACEN.,sklearn_gb_v1,sklearn_v1
ITAPIRA,chikungunya,2024,34,0.6405,1,0.0,0.0,4.0,silencio_provavel,Revisar cobertura de testagem e histórico de utilização do LACEN.,sklearn_gb_v1,sklearn_v1
ITAPIRA,dengue,2024,34,0.6405,1,0.0,0.0,4.0,silencio_provavel,Revisar cobertura de testagem e histórico de utilização do LACEN.,sklearn_gb_v1,sklearn_v1
ITAPIRA,zika,2024,34,0.6405,1,0.0,0.0,4.0,silencio_provavel,Revisar cobertura de testagem e histórico de utilização do LACEN.,sklearn_gb_v1,sklearn_v1
ITAPOA,chikungunya,2025,7,0.6405,1,0.0,0.0,4.0,silencio_provavel,Revisar cobertura de testagem e histórico de utilização do LACEN.,sklearn_gb_v1,sklearn_v1
ITAPOA,dengue,2025,7,0.6405,1,0.0,0.0,4.0,silencio_provavel,Revisar cobertura de testagem e histórico de utilização do LACEN.,sklearn_gb_v1,sklearn_v1
ITAGUATINS,chikungunya,2025,7,0.6405,1,0.0,0.0,4.0,silencio_provavel,Revisar cobertura de testagem e histórico de utilização do LACEN.,sklearn_gb_v1,sklearn_v1
ITAGUATINS,dengue,2025,7,0.6405,1,0.0,0.0,4.0,silencio_provavel,Revisar cobertura de testagem e histórico de utilização do LACEN.,sklearn_gb_v1,sklearn_v1
ITAGUATINS,zika,2025,7,0.6405,1,0.0,0.0,4.0,silencio_provavel,Revisar cobertura de testagem e histórico de utilização do LACEN.,sklearn_gb_v1,sklearn_v1
ITAI,chikungunya,2025,23,0.6405,1,0.0,0.0,4.0,silencio_provavel,Revisar cobertura de testagem e histórico de utilização do LACEN.,sklearn_gb_v1,sklearn_v1
ITAI,zika,2025,23,0.6405,1,0.0,0.0,4.0,silencio_provavel,Revisar cobertura de testagem e histórico de utilização do LACEN.,sklearn_gb_v1,sklearn_v1
TUPANCIRETA,zika,2025,11,0.6405,1,0.0,0.0,4.0,silencio_provavel,Revisar cobertura de testagem e histórico de utilização do LACEN.,sklearn_gb_v1,sklearn_v1
TUPI PAULISTA,rifampicina,2025,28,0.6405,1,0.0,0.0,4.0,silencio_provavel,Revisar cobertura de testagem e histórico de utilização do LACEN.,sklearn_gb_v1,sklearn_v1
TUPI PAULISTA,tuberculose_cultura,2025,28,0.6405,1,0.0,0.0,4.0,silencio_provavel,Revisar cobertura de testagem e histórico de utilização do LACEN.,sklearn_gb_v1,sklearn_v1
TURILANDIA,dengue,2025,12,0.6405,1,0.0,0.0,4.0,silencio_provavel,Revisar cobertura de testagem e histórico de utilização do LACEN.,sklearn_gb_v1,sklearn_v1
UBATUBA,dengue,2024,30,0.6405,1,0.0,0.0,4.0,silencio_provavel,Revisar cobertura de testagem e histórico de utilização do LACEN.,sklearn_gb_v1,sklearn_v1
ALTAMIRA,tuberculose_cultura,2025,5,0.6405,1,0.0,0.0,4.0,silencio_provavel,Revisar cobertura de testagem e histórico de utilização do LACEN.,sklearn_gb_v1,sklearn_v1
UBERABA,influenza_a,2024,21,0.6405,1,0.0,0.0,4.0,silencio_provavel,Revisar cobertura de testagem e histórico de utilização do LACEN.,sklearn_gb_v1,sklearn_v1
UBERABA,influenza_b,2024,21,0.6405,1,0.0,0.0,4.0,silencio_provavel,Revisar cobertura de testagem e histórico de utilização do LACEN.,sklearn_gb_v1,sklearn_v1
UBERABA,sars_cov_2,2024,21,0.6405,1,0.0,0.0,4.0,silencio_provavel,Revisar cobertura de testagem e histórico de utilização do LACEN.,sklearn_gb_v1,sklearn_v1
UBERABA,zika,2025,9,0.6405,1,0.0,0.0,4.0,silencio_provavel,Revisar cobertura de testagem e histórico de utilização do LACEN.,sklearn_gb_v1,sklearn_v1
UBERLANDIA,influenza_a,2025,24,0.6405,1,0.0,0.0,4.0,silencio_provavel,Revisar cobertura de testagem e histórico de utilização do LACEN.,sklearn_gb_v1,sklearn_v1
IPOJUCA,dengue,2025,18,0.6405,1,0.0,0.0,4.0,silencio_provavel,Revisar cobertura de testagem e histórico de utilização do LACEN.,sklearn_gb_v1,sklearn_v1
IPOJUCA,zika,2025,18,0.6405,1,0.0,0.0,4.0,silencio_provavel,Revisar cobertura de testagem e histórico de utilização do LACEN.,sklearn_gb_v1,sklearn_v1
IPORA,influenza_a,2025,35,0.6405,1,0.0,0.0,4.0,silencio_provavel,Revisar cobertura de testagem e histórico de utilização do LACEN.,sklearn_gb_v1,sklearn_v1
IPORA,influenza_b,2025,35,0.6405,1,0.0,0.0,4.0,silencio_provavel,Revisar cobertura de testagem e histórico de utilização do LACEN.,sklearn_gb_v1,sklearn_v1
IPORA,tuberculose_lf_lam,2026,15,0.6405,1,0.0,0.0,4.0,silencio_provavel,Revisar cobertura de testagem e histórico de utilização do LACEN.,sklearn_gb_v1,sklearn_v1
IPORA,virus_respiratorios,2025,35,0.6405,1,0.0,0.0,4.0,silencio_provavel,Revisar cobertura de testagem e histórico de utilização do LACEN.,sklearn_gb_v1,sklearn_v1
IRITUIA,dengue,2024,52,0.6405,1,0.0,0.0,4.0,silencio_provavel,Revisar cobertura de testagem e histórico de utilização do LACEN.,sklearn_gb_v1,sklearn_v1
IRITUIA,zika,2024,52,0.6405,1,0.0,0.0,4.0,silencio_provavel,Revisar cobertura de testagem e histórico de utilização do LACEN.,sklearn_gb_v1,sklearn_v1
ITABERA,dengue,2025,12,0.6405,1,0.0,0.0,4.0,silencio_provavel,Revisar cobertura de testagem e histórico de utilização do LACEN.,sklearn_gb_v1,sklearn_v1
ITABUNA,chikungunya,2025,21,0.6405,1,0.0,0.0,4.0,silencio_provavel,Revisar cobertura de testagem e histórico de utilização do LACEN.,sklearn_gb_v1,sklearn_v1
ITABUNA,zika,2025,21,0.6405,1,0.0,0.0,4.0,silencio_provavel,Revisar cobertura de testagem e histórico de utilização do LACEN.,sklearn_gb_v1,sklearn_v1
COLORADO DO OESTE,dengue,2025,8,0.6405,1,0.0,0.0,4.0,silencio_provavel,Revisar cobertura de testagem e histórico de utilização do LACEN.,sklearn_gb_v1,sklearn_v1
ITACOATIARA,zika,2025,20,0.6405,1,0.0,0.0,4.0,silencio_provavel,Revisar cobertura de testagem e histórico de utilização do LACEN.,sklearn_gb_v1,sklearn_v1
ITAGUAI,tuberculose_lf_lam,2024,42,0.6405,1,0.0,0.0,4.0,silencio_provavel,Revisar cobertura de testagem e histórico de utilização do LACEN.,sklearn_gb_v1,sklearn_v1
ITAGUATINS,chagas,2025,29,0.6405,1,0.0,0.0,4.0,silencio_provavel,Revisar cobertura de testagem e histórico de utilização do LACEN.,sklearn_gb_v1,sklearn_v1
ITAGUATINS,chagas_igg,2025,29,0.6405,1,0.0,0.0,4.0,silencio_provavel,Revisar cobertura de testagem e histórico de utilização do LACEN.,sklearn_gb_v1,sklearn_v1
IMPERATRIZ,sars_cov_2,2025,11,0.6405,1,0.0,0.0,4.0,silencio_provavel,Revisar cobertura de testagem e histórico de utilização do LACEN.,sklearn_gb_v1,sklearn_v1
INDAIAL,dengue,2025,5,0.6405,1,0.0,0.0,4.0,silencio_provavel,Revisar cobertura de testagem e histórico de utilização do LACEN.,sklearn_gb_v1,sklearn_v1
INDAIAL,parvovirus_b19_igm,2025,13,0.6405,1,0.0,0.0,4.0,silencio_provavel,Revisar cobertura de testagem e histórico de utilização do LACEN.,sklearn_gb_v1,sklearn_v1
INDAIAL,sarampo_igm,2025,13,0.6405,1,0.0,0.0,4.0,silencio_provavel,Revisar cobertura de testagem e histórico de utilização do LACEN.,sklearn_gb_v1,sklearn_v1
INDAIAL,sifilis,2025,13,0.6405,1,0.0,0.0,4.0,silencio_provavel,Revisar cobertura de testagem e histórico de utilização do LACEN.,sklearn_gb_v1,sklearn_v1
INDAIAL,varicela_zoster_biologia_molecular,2025,13,0.6405,1,0.0,0.0,4.0,silencio_provavel,Revisar cobertura de testagem e histórico de utilização do LACEN.,sklearn_gb_v1,sklearn_v1
INDAIAL,variola,2025,13,0.6405,1,0.0,0.0,4.0,silencio_provavel,Revisar cobertura de testagem e histórico de utilização do LACEN.,sklearn_gb_v1,sklearn_v1
INHANGAPI,chagas,2025,30,0.6405,1,0.0,0.0,4.0,silencio_provavel,Revisar cobertura de testagem e histórico de utilização do LACEN.,sklearn_gb_v1,sklearn_v1
INHANGAPI,chagas_igg,2025,30,0.6405,1,0.0,0.0,4.0,silencio_provavel,Revisar cobertura de testagem e histórico de utilização do LACEN.,sklearn_gb_v1,sklearn_v1
INHUMAS,influenza_a,2024,31,0.6405,1,0.0,0.0,4.0,silencio_provavel,Revisar cobertura de testagem e histórico de utilização do LACEN.,sklearn_gb_v1,sklearn_v1
INHUMAS,influenza_b,2024,31,0.6405,1,0.0,0.0,4.0,silencio_provavel,Revisar cobertura de testagem e histórico de utilização do LACEN.,sklearn_gb_v1,sklearn_v1
INHUMAS,sars_cov_2,2024,31,0.6405,1,0.0,0.0,4.0,silencio_provavel,Revisar cobertura de testagem e histórico de utilização do LACEN.,sklearn_gb_v1,sklearn_v1
IPAMERI,chikungunya,2025,6,0.6405,1,0.0,0.0,4.0,silencio_provavel,Revisar cobertura de testagem e histórico de utilização do LACEN.,sklearn_gb_v1,sklearn_v1
IPAMERI,zika,2024,22,0.6405,1,0.0,0.0,4.0,silencio_provavel,Revisar cobertura de testagem e histórico de utilização do LACEN.,sklearn_gb_v1,sklearn_v1
IPIXUNA DO PARA,dengue,2025,18,0.6405,1,0.0,0.0,4.0,silencio_provavel,Revisar cobertura de testagem e histórico de utilização do LACEN.,sklearn_gb_v1,sklearn_v1
COLORADO DO OESTE,zika,2025,8,0.6405,1,0.0,0.0,4.0,silencio_provavel,Revisar cobertura de testagem e histórico de utilização do LACEN.,sklearn_gb_v1,sklearn_v1
CONCEICAO DO ARAGUAIA,dengue,2025,14,0.6405,1,0.0,0.0,4.0,silencio_provavel,Revisar cobertura de testagem e histórico de utilização do LACEN.,sklearn_gb_v1,sklearn_v1
CONCEICAO DO ARAGUAIA,zika,2025,14,0.6405,1,0.0,0.0,4.0,silencio_provavel,Revisar cobertura de testagem e histórico de utilização do LACEN.,sklearn_gb_v1,sklearn_v1
CONCEICAO DO JACUIPE,influenza_a,2025,35,0.6405,1,0.0,0.0,4.0,silencio_provavel,Revisar cobertura de testagem e histórico de utilização do LACEN.,sklearn_gb_v1,sklearn_v1
CONCEICAO DO JACUIPE,influenza_b,2025,35,0.6405,1,0.0,0.0,4.0,silencio_provavel,Revisar cobertura de testagem e histórico de utilização do LACEN.,sklearn_gb_v1,sklearn_v1
CONCEICAO DO LAGO-ACU,dengue,2025,20,0.6405,1,0.0,0.0,4.0,silencio_provavel,Revisar cobertura de testagem e histórico de utilização do LACEN.,sklearn_gb_v1,sklearn_v1
CONCEICAO DO LAGO-ACU,zika,2025,20,0.6405,1,0.0,0.0,4.0,silencio_provavel,Revisar cobertura de testagem e histórico de utilização do LACEN.,sklearn_gb_v1,sklearn_v1
CONCEICAO DO MATO DENTRO,chikungunya,2025,15,0.6405,1,0.0,0.0,4.0,silencio_provavel,Revisar cobertura de testagem e histórico de utilização do LACEN.,sklearn_gb_v1,sklearn_v1
CONCEICAO DO MATO DENTRO,zika,2025,15,0.6405,1,0.0,0.0,4.0,silencio_provavel,Revisar cobertura de testagem e histórico de utilização do LACEN.,sklearn_gb_v1,sklearn_v1
CONCORDIA,dengue,2025,21,0.6405,1,0.0,0.0,4.0,silencio_provavel,Revisar cobertura de testagem e histórico de utilização do LACEN.,sklearn_gb_v1,sklearn_v1
CONCORDIA,hepatite_b_hbv,2025,10,0.6405,1,0.0,0.0,4.0,silencio_provavel,Revisar cobertura de testagem e histórico de utilização do LACEN.,sklearn_gb_v1,sklearn_v1
CONCORDIA,zika,2025,21,0.6405,1,0.0,0.0,4.0,silencio_provavel,Revisar cobertura de testagem e histórico de utilização do LACEN.,sklearn_gb_v1,sklearn_v1
IMBITUBA,dengue,2025,31,0.6405,1,0.0,0.0,4.0,silencio_provavel,Revisar cobertura de testagem e histórico de utilização do LACEN.,sklearn_gb_v1,sklearn_v1
IMBITUBA,zika,2025,31,0.6405,1,0.0,0.0,4.0,silencio_provavel,Revisar cobertura de testagem e histórico de utilização do LACEN.,sklearn_gb_v1,sklearn_v1
IMPERATRIZ,dengue,2025,26,0.6405,1,0.0,0.0,4.0,silencio_provavel,Revisar cobertura de testagem e histórico de utilização do LACEN.,sklearn_gb_v1,sklearn_v1
IMPERATRIZ,influenza_a,2025,11,0.6405,1,0.0,0.0,4.0,silencio_provavel,Revisar cobertura de testagem e histórico de utilização do LACEN.,sklearn_gb_v1,sklearn_v1
IMPERATRIZ,influenza_b,2025,11,0.6405,1,0.0,0.0,4.0,silencio_provavel,Revisar cobertura de testagem e histórico de utilização do LACEN.,sklearn_gb_v1,sklearn_v1
AGUA CLARA,dengue,2024,29,0.6405,1,0.0,0.0,4.0,silencio_provavel,Revisar cobertura de testagem e histórico de utilização do LACEN.,sklearn_gb_v1,sklearn_v1
AGUA CLARA,zika,2024,29,0.6405,1,0.0,0.0,4.0,silencio_provavel,Revisar cobertura de testagem e histórico de utilização do LACEN.,sklearn_gb_v1,sklearn_v1
ALCINOPOLIS,dengue,2025,18,0.6405,1,0.0,0.0,4.0,silencio_provavel,Revisar cobertura de testagem e histórico de utilização do LACEN.,sklearn_gb_v1,sklearn_v1
ALCINOPOLIS,zika,2025,18,0.6405,1,0.0,0.0,4.0,silencio_provavel,Revisar cobertura de testagem e histórico de utilização do LACEN.,sklearn_gb_v1,sklearn_v1
CORACAO DE JESUS,zika,2025,6,0.6405,1,0.0,0.0,4.0,silencio_provavel,Revisar cobertura de testagem e histórico de utilização do LACEN.,sklearn_gb_v1,sklearn_v1
COROATA,dengue,2025,22,0.6405,1,0.0,0.0,4.0,silencio_provavel,Revisar cobertura de testagem e histórico de utilização do LACEN.,sklearn_gb_v1,sklearn_v1
COROATA,zika,2025,22,0.6405,1,0.0,0.0,4.0,silencio_provavel,Revisar cobertura de testagem e histórico de utilização do LACEN.,sklearn_gb_v1,sklearn_v1
CORONEL VIVIDA,dengue,2025,25,0.6405,1,0.0,0.0,4.0,silencio_provavel,Revisar cobertura de testagem e histórico de utilização do LACEN.,sklearn_gb_v1,sklearn_v1
CORONEL VIVIDA,zika,2025,25,0.6405,1,0.0,0.0,4.0,silencio_provavel,Revisar cobertura de testagem e histórico de utilização do LACEN.,sklearn_gb_v1,sklearn_v1
IGACI,influenza_a,2024,45,0.6405,1,0.0,0.0,4.0,silencio_provavel,Revisar cobertura de testagem e histórico de utilização do LACEN.,sklearn_gb_v1,sklearn_v1
IGACI,influenza_b,2024,45,0.6405,1,0.0,0.0,4.0,silencio_provavel,Revisar cobertura de testagem e histórico de utilização do LACEN.,sklearn_gb_v1,sklearn_v1
IGACI,virus_respiratorios,2024,45,0.6405,1,0.0,0.0,4.0,silencio_provavel,Revisar cobertura de testagem e histórico de utilização do LACEN.,sklearn_gb_v1,sklearn_v1
IGUATEMI,zika,2025,11,0.6405,1,0.0,0.0,4.0,silencio_provavel,Revisar cobertura de testagem e histórico de utilização do LACEN.,sklearn_gb_v1,sklearn_v1
ILHEUS,chikungunya,2025,7,0.6405,1,0.0,0.0,4.0,silencio_provavel,Revisar cobertura de testagem e histórico de utilização do LACEN.,sklearn_gb_v1,sklearn_v1
ILHEUS,dengue,2025,7,0.6405,1,0.0,0.0,4.0,silencio_provavel,Revisar cobertura de testagem e histórico de utilização do LACEN.,sklearn_gb_v1,sklearn_v1
ILHEUS,zika,2025,7,0.6405,1,0.0,0.0,4.0,silencio_provavel,Revisar cobertura de testagem e histórico de utilização do LACEN.,sklearn_gb_v1,sklearn_v1
GUARUJA DO SUL,zika,2025,9,0.6405,1,0.0,0.0,4.0,silencio_provavel,Revisar cobertura de testagem e histórico de utilização do LACEN.,sklearn_gb_v1,sklearn_v1
GUARULHOS,dengue,2025,14,0.6405,1,0.0,0.0,4.0,silencio_provavel,Revisar cobertura de testagem e histórico de utilização do LACEN.,sklearn_gb_v1,sklearn_v1
GUARULHOS,zika,2025,14,0.6405,1,0.0,0.0,4.0,silencio_provavel,Revisar cobertura de testagem e histórico de utilização do LACEN.,sklearn_gb_v1,sklearn_v1
ICARA,dengue,2025,21,0.6405,1,0.0,0.0,4.0,silencio_provavel,Revisar cobertura de testagem e histórico de utilização do LACEN.,sklearn_gb_v1,sklearn_v1
CORACAO DE JESUS,dengue,2025,6,0.6405,1,0.0,0.0,4.0,silencio_provavel,Revisar cobertura de testagem e histórico de utilização do LACEN.,sklearn_gb_v1,sklearn_v1
ULIANOPOLIS,chikungunya,2025,23,0.6405,1,0.0,0.0,4.0,silencio_provavel,Revisar cobertura de testagem e histórico de utilização do LACEN.,sklearn_gb_v1,sklearn_v1
ULIANOPOLIS,zika,2025,23,0.6405,1,0.0,0.0,4.0,silencio_provavel,Revisar cobertura de testagem e histórico de utilização do LACEN.,sklearn_gb_v1,sklearn_v1
UMUARAMA,dengue,2025,18,0.6405,1,0.0,0.0,4.0,silencio_provavel,Revisar cobertura de testagem e histórico de utilização do LACEN.,sklearn_gb_v1,sklearn_v1
ALMEIRIM,zika,2025,28,0.6405,1,0.0,0.0,4.0,silencio_provavel,Revisar cobertura de testagem e histórico de utilização do LACEN.,sklearn_gb_v1,sklearn_v1
UMUARAMA,zika,2025,8,0.6405,1,0.0,0.0,4.0,silencio_provavel,Revisar cobertura de testagem e histórico de utilização do LACEN.,sklearn_gb_v1,sklearn_v1
UNIAO DOS PALMARES,chikungunya,2025,33,0.6405,1,0.0,0.0,4.0,silencio_provavel,Revisar cobertura de testagem e histórico de utilização do LACEN.,sklearn_gb_v1,sklearn_v1
UNIAO DOS PALMARES,dengue,2025,33,0.6405,1,0.0,0.0,4.0,silencio_provavel,Revisar cobertura de testagem e histórico de utilização do LACEN.,sklearn_gb_v1,sklearn_v1
UNIAO DOS PALMARES,zika,2025,33,0.6405,1,0.0,0.0,4.0,silencio_provavel,Revisar cobertura de testagem e histórico de utilização do LACEN.,sklearn_gb_v1,sklearn_v1
URBANO SANTOS,chikungunya,2025,20,0.6405,1,0.0,0.0,4.0,silencio_provavel,Revisar cobertura de testagem e histórico de utilização do LACEN.,sklearn_gb_v1,sklearn_v1
URBANO SANTOS,zika,2025,20,0.6405,1,0.0,0.0,4.0,silencio_provavel,Revisar cobertura de testagem e histórico de utilização do LACEN.,sklearn_gb_v1,sklearn_v1
URUCARA,chikungunya,2025,20,0.6405,1,0.0,0.0,4.0,silencio_provavel,Revisar cobertura de testagem e histórico de utilização do LACEN.,sklearn_gb_v1,sklearn_v1
GUAIRA,dengue,2025,20,0.6405,1,0.0,0.0,4.0,silencio_provavel,Revisar cobertura de testagem e histórico de utilização do LACEN.,sklearn_gb_v1,sklearn_v1
GUAIRA,zika,2025,20,0.6405,1,0.0,0.0,4.0,silencio_provavel,Revisar cobertura de testagem e histórico de utilização do LACEN.,sklearn_gb_v1,sklearn_v1
GUARAI,dengue,2025,26,0.6405,1,0.0,0.0,4.0,silencio_provavel,Revisar cobertura de testagem e histórico de utilização do LACEN.,sklearn_gb_v1,sklearn_v1
GUARAI,zika,2025,26,0.6405,1,0.0,0.0,4.0,silencio_provavel,Revisar cobertura de testagem e histórico de utilização do LACEN.,sklearn_gb_v1,sklearn_v1
GUARANTA,chikungunya,2025,26,0.6405,1,0.0,0.0,4.0,silencio_provavel,Revisar cobertura de testagem e histórico de utilização do LACEN.,sklearn_gb_v1,sklearn_v1
GUARANTA,zika,2025,26,0.6405,1,0.0,0.0,4.0,silencio_provavel,Revisar cobertura de testagem e histórico de utilização do LACEN.,sklearn_gb_v1,sklearn_v1
CORUMBIARA,influenza_a,2024,22,0.6405,1,0.0,0.0,4.0,silencio_provavel,Revisar cobertura de testagem e histórico de utilização do LACEN.,sklearn_gb_v1,sklearn_v1
CORUMBIARA,influenza_b,2024,22,0.6405,1,0.0,0.0,4.0,silencio_provavel,Revisar cobertura de testagem e histórico de utilização do LACEN.,sklearn_gb_v1,sklearn_v1
COSTA MARQUES,influenza_a,2024,39,0.6405,1,0.0,0.0,4.0,silencio_provavel,Revisar cobertura de testagem e histórico de utilização do LACEN.,sklearn_gb_v1,sklearn_v1
COSTA MARQUES,influenza_b,2024,39,0.6405,1,0.0,0.0,4.0,silencio_provavel,Revisar cobertura de testagem e histórico de utilização do LACEN.,sklearn_gb_v1,sklearn_v1
COSTA MARQUES,sars_cov_2,2024,39,0.6405,1,0.0,0.0,4.0,silencio_provavel,Revisar cobertura de testagem e histórico de utilização do LACEN.,sklearn_gb_v1,sklearn_v1
COTIA,chikungunya,2025,20,0.6405,1,0.0,0.0,4.0,silencio_provavel,Revisar cobertura de testagem e histórico de utilização do LACEN.,sklearn_gb_v1,sklearn_v1
COTIA,zika,2025,20,0.6405,1,0.0,0.0,4.0,silencio_provavel,Revisar cobertura de testagem e histórico de utilização do LACEN.,sklearn_gb_v1,sklearn_v1
GUARAPUAVA,dengue,2025,4,0.6405,1,0.0,0.0,4.0,silencio_provavel,Revisar cobertura de testagem e histórico de utilização do LACEN.,sklearn_gb_v1,sklearn_v1
GUARAPUAVA,zika,2025,4,0.6405,1,0.0,0.0,4.0,silencio_provavel,Revisar cobertura de testagem e histórico de utilização do LACEN.,sklearn_gb_v1,sklearn_v1
GUARUJA DO SUL,dengue,2025,9,0.6405,1,0.0,0.0,4.0,silencio_provavel,Revisar cobertura de testagem e histórico de utilização do LACEN.,sklearn_gb_v1,sklearn_v1
COXIM,virus_respiratorios,2025,26,0.6405,1,0.0,0.0,4.0,silencio_provavel,Revisar cobertura de testagem e histórico de utilização do LACEN.,sklearn_gb_v1,sklearn_v1
COXIM,zika,2025,14,0.6405,1,0.0,0.0,4.0,silencio_provavel,Revisar cobertura de testagem e histórico de utilização do LACEN.,sklearn_gb_v1,sklearn_v1
CRAIBAS,chikungunya,2025,8,0.6405,1,0.0,0.0,4.0,silencio_provavel,Revisar cobertura de testagem e histórico de utilização do LACEN.,sklearn_gb_v1,sklearn_v1
CRAIBAS,dengue,2025,8,0.6405,1,0.0,0.0,4.0,silencio_provavel,Revisar cobertura de testagem e histórico de utilização do LACEN.,sklearn_gb_v1,sklearn_v1
CRAIBAS,zika,2025,8,0.6405,1,0.0,0.0,4.0,silencio_provavel,Revisar cobertura de testagem e histórico de utilização do LACEN.,sklearn_gb_v1,sklearn_v1
CRATEUS,chagas,2025,8,0.6405,1,0.0,0.0,4.0,silencio_provavel,Revisar cobertura de testagem e histórico de utilização do LACEN.,sklearn_gb_v1,sklearn_v1
GRAJAU,influenza_b,2025,21,0.6405,1,0.0,0.0,4.0,silencio_provavel,Revisar cobertura de testagem e histórico de utilização do LACEN.,sklearn_gb_v1,sklearn_v1
GRAJAU,sars_cov_2,2025,21,0.6405,1,0.0,0.0,4.0,silencio_provavel,Revisar cobertura de testagem e histórico de utilização do LACEN.,sklearn_gb_v1,sklearn_v1
GRAJAU,zika,2025,9,0.6405,1,0.0,0.0,4.0,silencio_provavel,Revisar cobertura de testagem e histórico de utilização do LACEN.,sklearn_gb_v1,sklearn_v1
GRAMADO,dengue,2024,26,0.6405,1,0.0,0.0,4.0,silencio_provavel,Revisar cobertura de testagem e histórico de utilização do LACEN.,sklearn_gb_v1,sklearn_v1
GRAMADO,zika,2024,26,0.6405,1,0.0,0.0,4.0,silencio_provavel,Revisar cobertura de testagem e histórico de utilização do LACEN.,sklearn_gb_v1,sklearn_v1
GRANJA,chikungunya,2025,3,0.6405,1,0.0,0.0,4.0,silencio_provavel,Revisar cobertura de testagem e histórico de utilização do LACEN.,sklearn_gb_v1,sklearn_v1
GRANJA,dengue,2025,3,0.6405,1,0.0,0.0,4.0,silencio_provavel,Revisar cobertura de testagem e histórico de utilização do LACEN.,sklearn_gb_v1,sklearn_v1
GRANJA,zika,2025,3,0.6405,1,0.0,0.0,4.0,silencio_provavel,Revisar cobertura de testagem e histórico de utilização do LACEN.,sklearn_gb_v1,sklearn_v1
GRANJEIRO,dengue,2025,14,0.6405,1,0.0,0.0,4.0,silencio_provavel,Revisar cobertura de testagem e histórico de utilização do LACEN.,sklearn_gb_v1,sklearn_v1
GRANJEIRO,zika,2025,14,0.6405,1,0.0,0.0,4.0,silencio_provavel,Revisar cobertura de testagem e histórico de utilização do LACEN.,sklearn_gb_v1,sklearn_v1
CRUZEIRO DO OESTE,dengue,2024,35,0.6405,1,0.0,0.0,4.0,silencio_provavel,Revisar cobertura de testagem e histórico de utilização do LACEN.,sklearn_gb_v1,sklearn_v1
CRUZEIRO DO OESTE,hepatite_c_hcv,2024,23,0.6405,1,0.0,0.0,4.0,silencio_provavel,Revisar cobertura de testagem e histórico de utilização do LACEN.,sklearn_gb_v1,sklearn_v1
CRUZEIRO DO OESTE,zika,2024,35,0.6405,1,0.0,0.0,4.0,silencio_provavel,Revisar cobertura de testagem e histórico de utilização do LACEN.,sklearn_gb_v1,sklearn_v1
GLORIA D''OESTE,zika,2025,13,0.6405,1,0.0,0.0,4.0,silencio_provavel,Revisar cobertura de testagem e histórico de utilização do LACEN.,sklearn_gb_v1,sklearn_v1
GOIANAPOLIS,chikungunya,2025,13,0.6405,1,0.0,0.0,4.0,silencio_provavel,Revisar cobertura de testagem e histórico de utilização do LACEN.,sklearn_gb_v1,sklearn_v1
GOIANAPOLIS,zika,2025,13,0.6405,1,0.0,0.0,4.0,silencio_provavel,Revisar cobertura de testagem e histórico de utilização do LACEN.,sklearn_gb_v1,sklearn_v1
GOIANIRA,dengue,2025,9,0.6405,1,0.0,0.0,4.0,silencio_provavel,Revisar cobertura de testagem e histórico de utilização do LACEN.,sklearn_gb_v1,sklearn_v1
GOIANIRA,zika,2025,9,0.6405,1,0.0,0.0,4.0,silencio_provavel,Revisar cobertura de testagem e histórico de utilização do LACEN.,sklearn_gb_v1,sklearn_v1
GOIATINS,tuberculose_cultura,2024,24,0.6405,1,0.0,0.0,4.0,silencio_provavel,Revisar cobertura de testagem e histórico de utilização do LACEN.,sklearn_gb_v1,sklearn_v1
GOVERNADOR EUGENIO BARROS,chikungunya,2025,21,0.6405,1,0.0,0.0,4.0,silencio_provavel,Revisar cobertura de testagem e histórico de utilização do LACEN.,sklearn_gb_v1,sklearn_v1
GOVERNADOR EUGENIO BARROS,zika,2025,21,0.6405,1,0.0,0.0,4.0,silencio_provavel,Revisar cobertura de testagem e histórico de utilização do LACEN.,sklearn_gb_v1,sklearn_v1
GOVERNADOR NEWTON BELLO,dengue,2025,7,0.6405,1,0.0,0.0,4.0,silencio_provavel,Revisar cobertura de testagem e histórico de utilização do LACEN.,sklearn_gb_v1,sklearn_v1
GOVERNADOR NEWTON BELLO,zika,2025,7,0.6405,1,0.0,0.0,4.0,silencio_provavel,Revisar cobertura de testagem e histórico de utilização do LACEN.,sklearn_gb_v1,sklearn_v1
COXIM,dengue,2025,14,0.6405,1,0.0,0.0,4.0,silencio_provavel,Revisar cobertura de testagem e histórico de utilização do LACEN.,sklearn_gb_v1,sklearn_v1
COXIM,influenza_a,2025,26,0.6405,1,0.0,0.0,4.0,silencio_provavel,Revisar cobertura de testagem e histórico de utilização do LACEN.,sklearn_gb_v1,sklearn_v1
COXIM,influenza_b,2025,26,0.6405,1,0.0,0.0,4.0,silencio_provavel,Revisar cobertura de testagem e histórico de utilização do LACEN.,sklearn_gb_v1,sklearn_v1
VALE DO PARAISO,zika,2025,9,0.6405,1,0.0,0.0,4.0,silencio_provavel,Revisar cobertura de testagem e histórico de utilização do LACEN.,sklearn_gb_v1,sklearn_v1
VARGEM GRANDE,chikungunya,2025,17,0.6405,1,0.0,0.0,4.0,silencio_provavel,Revisar cobertura de testagem e histórico de utilização do LACEN.,sklearn_gb_v1,sklearn_v1
VARGEM GRANDE,zika,2025,17,0.6405,1,0.0,0.0,4.0,silencio_provavel,Revisar cobertura de testagem e histórico de utilização do LACEN.,sklearn_gb_v1,sklearn_v1
GIRAU DO PONCIANO,dengue,2025,9,0.6405,1,0.0,0.0,4.0,silencio_provavel,Revisar cobertura de testagem e histórico de utilização do LACEN.,sklearn_gb_v1,sklearn_v1
GIRAU DO PONCIANO,zika,2025,9,0.6405,1,0.0,0.0,4.0,silencio_provavel,Revisar cobertura de testagem e histórico de utilização do LACEN.,sklearn_gb_v1,sklearn_v1
GIRUA,chikungunya,2025,28,0.6405,1,0.0,0.0,4.0,silencio_provavel,Revisar cobertura de testagem e histórico de utilização do LACEN.,sklearn_gb_v1,sklearn_v1
GIRUA,zika,2025,28,0.6405,1,0.0,0.0,4.0,silencio_provavel,Revisar cobertura de testagem e histórico de utilização do LACEN.,sklearn_gb_v1,sklearn_v1
GLORIA D''OESTE,febre_maculosa_igg,2025,7,0.6405,1,0.0,0.0,4.0,silencio_provavel,Revisar cobertura de testagem e histórico de utilização do LACEN.,sklearn_gb_v1,sklearn_v1
GLORIA D''OESTE,hepatite_c_hcv,2026,10,0.6405,1,0.0,0.0,4.0,silencio_provavel,Revisar cobertura de testagem e histórico de utilização do LACEN.,sklearn_gb_v1,sklearn_v1
GLORIA D''OESTE,influenza_a,2025,29,0.6405,1,0.0,0.0,4.0,silencio_provavel,Revisar cobertura de testagem e histórico de utilização do LACEN.,sklearn_gb_v1,sklearn_v1
GLORIA D''OESTE,influenza_b,2025,29,0.6405,1,0.0,0.0,4.0,silencio_provavel,Revisar cobertura de testagem e histórico de utilização do LACEN.,sklearn_gb_v1,sklearn_v1
GLORIA D''OESTE,tuberculose_cultura,2025,13,0.6405,1,0.0,0.0,4.0,silencio_provavel,Revisar cobertura de testagem e histórico de utilização do LACEN.,sklearn_gb_v1,sklearn_v1
GLORIA D''OESTE,virus_respiratorios,2025,29,0.6405,1,0.0,0.0,4.0,silencio_provavel,Revisar cobertura de testagem e histórico de utilização do LACEN.,sklearn_gb_v1,sklearn_v1
CRUZEIRO,dengue,2025,22,0.6405,1,0.0,0.0,4.0,silencio_provavel,Revisar cobertura de testagem e histórico de utilização do LACEN.,sklearn_gb_v1,sklearn_v1
CRUZEIRO,zika,2025,22,0.6405,1,0.0,0.0,4.0,silencio_provavel,Revisar cobertura de testagem e histórico de utilização do LACEN.,sklearn_gb_v1,sklearn_v1
CRUZEIRO DO OESTE,chikungunya,2024,35,0.6405,1,0.0,0.0,4.0,silencio_provavel,Revisar cobertura de testagem e histórico de utilização do LACEN.,sklearn_gb_v1,sklearn_v1
FRANCISCO BELTRAO,influenza_a,2025,15,0.6405,1,0.0,0.0,4.0,silencio_provavel,Revisar cobertura de testagem e histórico de utilização do LACEN.,sklearn_gb_v1,sklearn_v1
FRANCISCO BELTRAO,influenza_b,2025,15,0.6405,1,0.0,0.0,4.0,silencio_provavel,Revisar cobertura de testagem e histórico de utilização do LACEN.,sklearn_gb_v1,sklearn_v1
FRANCISCO BELTRAO,virus_respiratorios,2025,15,0.6405,1,0.0,0.0,4.0,silencio_provavel,Revisar cobertura de testagem e histórico de utilização do LACEN.,sklearn_gb_v1,sklearn_v1
GASPAR,dengue,2025,23,0.6405,1,0.0,0.0,4.0,silencio_provavel,Revisar cobertura de testagem e histórico de utilização do LACEN.,sklearn_gb_v1,sklearn_v1
GASPAR,zika,2025,23,0.6405,1,0.0,0.0,4.0,silencio_provavel,Revisar cobertura de testagem e histórico de utilização do LACEN.,sklearn_gb_v1,sklearn_v1
ALEGRETE,dengue,2024,52,0.6405,1,0.0,0.0,4.0,silencio_provavel,Revisar cobertura de testagem e histórico de utilização do LACEN.,sklearn_gb_v1,sklearn_v1
ALEGRETE DO PIAUI,dengue,2025,22,0.6405,1,0.0,0.0,4.0,silencio_provavel,Revisar cobertura de testagem e histórico de utilização do LACEN.,sklearn_gb_v1,sklearn_v1
ALEGRETE DO PIAUI,zika,2025,22,0.6405,1,0.0,0.0,4.0,silencio_provavel,Revisar cobertura de testagem e histórico de utilização do LACEN.,sklearn_gb_v1,sklearn_v1
ALEXANIA,chikungunya,2025,7,0.6405,1,0.0,0.0,4.0,silencio_provavel,Revisar cobertura de testagem e histórico de utilização do LACEN.,sklearn_gb_v1,sklearn_v1
ALEXANIA,dengue,2025,7,0.6405,1,0.0,0.0,4.0,silencio_provavel,Revisar cobertura de testagem e histórico de utilização do LACEN.,sklearn_gb_v1,sklearn_v1
ALEXANIA,zika,2025,7,0.6405,1,0.0,0.0,4.0,silencio_provavel,Revisar cobertura de testagem e histórico de utilização do LACEN.,sklearn_gb_v1,sklearn_v1
ALMEIRIM,chikungunya,2025,28,0.6405,1,0.0,0.0,4.0,silencio_provavel,Revisar cobertura de testagem e histórico de utilização do LACEN.,sklearn_gb_v1,sklearn_v1
URUCARA,zika,2025,20,0.6405,1,0.0,0.0,4.0,silencio_provavel,Revisar cobertura de testagem e histórico de utilização do LACEN.,sklearn_gb_v1,sklearn_v1
VALE DO ANARI,dengue,2025,14,0.6405,1,0.0,0.0,4.0,silencio_provavel,Revisar cobertura de testagem e histórico de utilização do LACEN.,sklearn_gb_v1,sklearn_v1
VALE DO ANARI,zika,2025,14,0.6405,1,0.0,0.0,4.0,silencio_provavel,Revisar cobertura de testagem e histórico de utilização do LACEN.,sklearn_gb_v1,sklearn_v1
VALE DO PARAISO,dengue,2025,9,0.6405,1,0.0,0.0,4.0,silencio_provavel,Revisar cobertura de testagem e histórico de utilização do LACEN.,sklearn_gb_v1,sklearn_v1
FLORIANOPOLIS,zika,2025,15,0.6405,1,0.0,0.0,4.0,silencio_provavel,Revisar cobertura de testagem e histórico de utilização do LACEN.,sklearn_gb_v1,sklearn_v1
FORTALEZA,influenza_a,2025,29,0.6405,1,0.0,0.0,4.0,silencio_provavel,Revisar cobertura de testagem e histórico de utilização do LACEN.,sklearn_gb_v1,sklearn_v1
FORTALEZA,influenza_b,2025,29,0.6405,1,0.0,0.0,4.0,silencio_provavel,Revisar cobertura de testagem e histórico de utilização do LACEN.,sklearn_gb_v1,sklearn_v1
FORTALEZA,virus_respiratorios,2025,29,0.6405,1,0.0,0.0,4.0,silencio_provavel,Revisar cobertura de testagem e histórico de utilização do LACEN.,sklearn_gb_v1,sklearn_v1
FORTUNA,chikungunya,2025,21,0.6405,1,0.0,0.0,4.0,silencio_provavel,Revisar cobertura de testagem e histórico de utilização do LACEN.,sklearn_gb_v1,sklearn_v1
FORTUNA,influenza_a,2024,23,0.6405,1,0.0,0.0,4.0,silencio_provavel,Revisar cobertura de testagem e histórico de utilização do LACEN.,sklearn_gb_v1,sklearn_v1
FORTUNA,influenza_b,2024,23,0.6405,1,0.0,0.0,4.0,silencio_provavel,Revisar cobertura de testagem e histórico de utilização do LACEN.,sklearn_gb_v1,sklearn_v1
FORTUNA,sars_cov_2,2024,23,0.6405,1,0.0,0.0,4.0,silencio_provavel,Revisar cobertura de testagem e histórico de utilização do LACEN.,sklearn_gb_v1,sklearn_v1
FORTUNA,zika,2025,21,0.6405,1,0.0,0.0,4.0,silencio_provavel,Revisar cobertura de testagem e histórico de utilização do LACEN.,sklearn_gb_v1,sklearn_v1
FOZ DO IGUACU,hepatite_b_hbv,2024,50,0.6405,1,0.0,0.0,4.0,silencio_provavel,Revisar cobertura de testagem e histórico de utilização do LACEN.,sklearn_gb_v1,sklearn_v1
FOZ DO IGUACU,rifampicina,2025,28,0.6405,1,0.0,0.0,4.0,silencio_provavel,Revisar cobertura de testagem e histórico de utilização do LACEN.,sklearn_gb_v1,sklearn_v1
FRANCA,dengue,2025,3,0.6405,1,0.0,0.0,4.0,silencio_provavel,Revisar cobertura de testagem e histórico de utilização do LACEN.,sklearn_gb_v1,sklearn_v1
FRANCA,influenza_a,2024,31,0.6405,1,0.0,0.0,4.0,silencio_provavel,Revisar cobertura de testagem e histórico de utilização do LACEN.,sklearn_gb_v1,sklearn_v1
FRANCA,influenza_b,2024,31,0.6405,1,0.0,0.0,4.0,silencio_provavel,Revisar cobertura de testagem e histórico de utilização do LACEN.,sklearn_gb_v1,sklearn_v1
FRANCA,virus_respiratorios,2024,31,0.6405,1,0.0,0.0,4.0,silencio_provavel,Revisar cobertura de testagem e histórico de utilização do LACEN.,sklearn_gb_v1,sklearn_v1
FRANCISCO BELTRAO,dengue,2025,23,0.6405,1,0.0,0.0,4.0,silencio_provavel,Revisar cobertura de testagem e histórico de utilização do LACEN.,sklearn_gb_v1,sklearn_v1
FATIMA DO SUL,criptococos_teste_rapido,2025,49,0.6405,1,0.0,0.0,4.0,silencio_provavel,Revisar cobertura de testagem e histórico de utilização do LACEN.,sklearn_gb_v1,sklearn_v1
FATIMA DO SUL,tuberculose_lf_lam,2025,49,0.6405,1,0.0,0.0,4.0,silencio_provavel,Revisar cobertura de testagem e histórico de utilização do LACEN.,sklearn_gb_v1,sklearn_v1
FEIJO,chikungunya,2025,22,0.6405,1,0.0,0.0,4.0,silencio_provavel,Revisar cobertura de testagem e histórico de utilização do LACEN.,sklearn_gb_v1,sklearn_v1
FEIJO,zika,2025,22,0.6405,1,0.0,0.0,4.0,silencio_provavel,Revisar cobertura de testagem e histórico de utilização do LACEN.,sklearn_gb_v1,sklearn_v1
FEIRA DE SANTANA,dengue,2025,12,0.6405,1,0.0,0.0,4.0,silencio_provavel,Revisar cobertura de testagem e histórico de utilização do LACEN.,sklearn_gb_v1,sklearn_v1
FEIRA DE SANTANA,tuberculose_cultura,2025,9,0.6405,1,0.0,0.0,4.0,silencio_provavel,Revisar cobertura de testagem e histórico de utilização do LACEN.,sklearn_gb_v1,sklearn_v1
FEIRA DE SANTANA,zika,2025,8,0.6405,1,0.0,0.0,4.0,silencio_provavel,Revisar cobertura de testagem e histórico de utilização do LACEN.,sklearn_gb_v1,sklearn_v1
FIGUEIROPOLIS D''OESTE,influenza_a,2025,29,0.6405,1,0.0,0.0,4.0,silencio_provavel,Revisar cobertura de testagem e histórico de utilização do LACEN.,sklearn_gb_v1,sklearn_v1
FIGUEIROPOLIS D''OESTE,influenza_b,2025,29,0.6405,1,0.0,0.0,4.0,silencio_provavel,Revisar cobertura de testagem e histórico de utilização do LACEN.,sklearn_gb_v1,sklearn_v1
FIGUEIROPOLIS D''OESTE,paracoccidioidomicose,2025,6,0.6405,1,0.0,0.0,4.0,silencio_provavel,Revisar cobertura de testagem e histórico de utilização do LACEN.,sklearn_gb_v1,sklearn_v1
FIGUEIROPOLIS D''OESTE,sars_cov_2,2025,29,0.6405,1,0.0,0.0,4.0,silencio_provavel,Revisar cobertura de testagem e histórico de utilização do LACEN.,sklearn_gb_v1,sklearn_v1
FIGUEIROPOLIS D''OESTE,zika,2025,13,0.6405,1,0.0,0.0,4.0,silencio_provavel,Revisar cobertura de testagem e histórico de utilização do LACEN.,sklearn_gb_v1,sklearn_v1
FIRMINOPOLIS,rifampicina,2026,13,0.6405,1,0.0,0.0,4.0,silencio_provavel,Revisar cobertura de testagem e histórico de utilização do LACEN.,sklearn_gb_v1,sklearn_v1
FLORES DA CUNHA,chikungunya,2025,15,0.6405,1,0.0,0.0,4.0,silencio_provavel,Revisar cobertura de testagem e histórico de utilização do LACEN.,sklearn_gb_v1,sklearn_v1
FLORES DA CUNHA,dengue,2025,15,0.6405,1,0.0,0.0,4.0,silencio_provavel,Revisar cobertura de testagem e histórico de utilização do LACEN.,sklearn_gb_v1,sklearn_v1
FLORES DA CUNHA,zika,2025,15,0.6405,1,0.0,0.0,4.0,silencio_provavel,Revisar cobertura de testagem e histórico de utilização do LACEN.,sklearn_gb_v1,sklearn_v1
ESPERANTINOPOLIS,hepatite_c_hcv,2024,43,0.6405,1,0.0,0.0,4.0,silencio_provavel,Revisar cobertura de testagem e histórico de utilização do LACEN.,sklearn_gb_v1,sklearn_v1
ESPERANTINOPOLIS,zika,2024,29,0.6405,1,0.0,0.0,4.0,silencio_provavel,Revisar cobertura de testagem e histórico de utilização do LACEN.,sklearn_gb_v1,sklearn_v1
ESPIGAO D''OESTE,dengue,2025,14,0.6405,1,0.0,0.0,4.0,silencio_provavel,Revisar cobertura de testagem e histórico de utilização do LACEN.,sklearn_gb_v1,sklearn_v1
ESPIGAO D''OESTE,zika,2025,14,0.6405,1,0.0,0.0,4.0,silencio_provavel,Revisar cobertura de testagem e histórico de utilização do LACEN.,sklearn_gb_v1,sklearn_v1
ESTANCIA,chikungunya,2025,18,0.6405,1,0.0,0.0,4.0,silencio_provavel,Revisar cobertura de testagem e histórico de utilização do LACEN.,sklearn_gb_v1,sklearn_v1
ESTANCIA,zika,2025,18,0.6405,1,0.0,0.0,4.0,silencio_provavel,Revisar cobertura de testagem e histórico de utilização do LACEN.,sklearn_gb_v1,sklearn_v1
CUJUBIM,chikungunya,2025,12,0.6405,1,0.0,0.0,4.0,silencio_provavel,Revisar cobertura de testagem e histórico de utilização do LACEN.,sklearn_gb_v1,sklearn_v1
CUJUBIM,dengue,2025,12,0.6405,1,0.0,0.0,4.0,silencio_provavel,Revisar cobertura de testagem e histórico de utilização do LACEN.,sklearn_gb_v1,sklearn_v1
CUJUBIM,zika,2025,12,0.6405,1,0.0,0.0,4.0,silencio_provavel,Revisar cobertura de testagem e histórico de utilização do LACEN.,sklearn_gb_v1,sklearn_v1
CUMARU DO NORTE,hepatite_b_hbv,2024,28,0.6405,1,0.0,0.0,4.0,silencio_provavel,Revisar cobertura de testagem e histórico de utilização do LACEN.,sklearn_gb_v1,sklearn_v1
CUMARU DO NORTE,tuberculose_cultura,2024,27,0.6405,1,0.0,0.0,4.0,silencio_provavel,Revisar cobertura de testagem e histórico de utilização do LACEN.,sklearn_gb_v1,sklearn_v1
CUNHA,chikungunya,2024,23,0.6405,1,0.0,0.0,4.0,silencio_provavel,Revisar cobertura de testagem e histórico de utilização do LACEN.,sklearn_gb_v1,sklearn_v1
EUCLIDES DA CUNHA PAULISTA,dengue,2025,18,0.6405,1,0.0,0.0,4.0,silencio_provavel,Revisar cobertura de testagem e histórico de utilização do LACEN.,sklearn_gb_v1,sklearn_v1
EUNAPOLIS,influenza_a,2025,9,0.6405,1,0.0,0.0,4.0,silencio_provavel,Revisar cobertura de testagem e histórico de utilização do LACEN.,sklearn_gb_v1,sklearn_v1
EUNAPOLIS,influenza_b,2025,9,0.6405,1,0.0,0.0,4.0,silencio_provavel,Revisar cobertura de testagem e histórico de utilização do LACEN.,sklearn_gb_v1,sklearn_v1
EUNAPOLIS,sars_cov_2,2025,9,0.6405,1,0.0,0.0,4.0,silencio_provavel,Revisar cobertura de testagem e histórico de utilização do LACEN.,sklearn_gb_v1,sklearn_v1
ENTRE-IJUIS,zika,2024,21,0.6405,1,0.0,0.0,4.0,silencio_provavel,Revisar cobertura de testagem e histórico de utilização do LACEN.,sklearn_gb_v1,sklearn_v1
EPITACIOLANDIA,chikungunya,2025,3,0.6405,1,0.0,0.0,4.0,silencio_provavel,Revisar cobertura de testagem e histórico de utilização do LACEN.,sklearn_gb_v1,sklearn_v1
EPITACIOLANDIA,dengue,2025,3,0.6405,1,0.0,0.0,4.0,silencio_provavel,Revisar cobertura de testagem e histórico de utilização do LACEN.,sklearn_gb_v1,sklearn_v1
EPITACIOLANDIA,zika,2025,3,0.6405,1,0.0,0.0,4.0,silencio_provavel,Revisar cobertura de testagem e histórico de utilização do LACEN.,sklearn_gb_v1,sklearn_v1
ERECHIM,zika,2025,8,0.6405,1,0.0,0.0,4.0,silencio_provavel,Revisar cobertura de testagem e histórico de utilização do LACEN.,sklearn_gb_v1,sklearn_v1
CUNHA,zika,2024,23,0.6405,1,0.0,0.0,4.0,silencio_provavel,Revisar cobertura de testagem e histórico de utilização do LACEN.,sklearn_gb_v1,sklearn_v1
CURITIBA,citomegalovirus_igm,2025,2,0.6405,1,0.0,0.0,4.0,silencio_provavel,Revisar cobertura de testagem e histórico de utilização do LACEN.,sklearn_gb_v1,sklearn_v1
CURITIBA,hepatite_b_hbv,2024,27,0.6405,1,0.0,0.0,4.0,silencio_provavel,Revisar cobertura de testagem e histórico de utilização do LACEN.,sklearn_gb_v1,sklearn_v1
CURITIBA,htlv_i_ii_virus_linfotropico_humano_tipo_i_e_ii,2025,2,0.6405,1,0.0,0.0,4.0,silencio_provavel,Revisar cobertura de testagem e histórico de utilização do LACEN.,sklearn_gb_v1,sklearn_v1
CURITIBA,influenza_a,2024,32,0.6405,1,0.0,0.0,4.0,silencio_provavel,Revisar cobertura de testagem e histórico de utilização do LACEN.,sklearn_gb_v1,sklearn_v1
CURITIBA,influenza_b,2024,32,0.6405,1,0.0,0.0,4.0,silencio_provavel,Revisar cobertura de testagem e histórico de utilização do LACEN.,sklearn_gb_v1,sklearn_v1
CURITIBA,sars_cov_2,2024,32,0.6405,1,0.0,0.0,4.0,silencio_provavel,Revisar cobertura de testagem e histórico de utilização do LACEN.,sklearn_gb_v1,sklearn_v1
CURUA,dengue,2025,7,0.6405,1,0.0,0.0,4.0,silencio_provavel,Revisar cobertura de testagem e histórico de utilização do LACEN.,sklearn_gb_v1,sklearn_v1
CURUA,zika,2025,7,0.6405,1,0.0,0.0,4.0,silencio_provavel,Revisar cobertura de testagem e histórico de utilização do LACEN.,sklearn_gb_v1,sklearn_v1
ERERE,dengue,2025,10,0.6405,1,0.0,0.0,4.0,silencio_provavel,Revisar cobertura de testagem e histórico de utilização do LACEN.,sklearn_gb_v1,sklearn_v1
ESPERANTINOPOLIS,dengue,2024,31,0.6405,1,0.0,0.0,4.0,silencio_provavel,Revisar cobertura de testagem e histórico de utilização do LACEN.,sklearn_gb_v1,sklearn_v1
ZE DOCA,zika,2025,20,0.6405,1,0.0,0.0,4.0,silencio_provavel,Revisar cobertura de testagem e histórico de utilização do LACEN.,sklearn_gb_v1,sklearn_v1
ACRELANDIA,zika,2024,28,0.6405,1,0.0,0.0,4.0,silencio_provavel,Revisar cobertura de testagem e histórico de utilização do LACEN.,sklearn_gb_v1,sklearn_v1
VITORINO FREIRE,dengue,2025,23,0.6405,1,0.0,0.0,4.0,silencio_provavel,Revisar cobertura de testagem e histórico de utilização do LACEN.,sklearn_gb_v1,sklearn_v1
VITORINO FREIRE,zika,2025,23,0.6405,1,0.0,0.0,4.0,silencio_provavel,Revisar cobertura de testagem e histórico de utilização do LACEN.,sklearn_gb_v1,sklearn_v1
VERE,sars_cov_2,2024,26,0.6405,1,0.0,0.0,4.0,silencio_provavel,Revisar cobertura de testagem e histórico de utilização do LACEN.,sklearn_gb_v1,sklearn_v1
XAMBIOA,dengue,2024,28,0.6405,1,0.0,0.0,4.0,silencio_provavel,Revisar cobertura de testagem e histórico de utilização do LACEN.,sklearn_gb_v1,sklearn_v1
XANXERE,chikungunya,2025,6,0.6405,1,0.0,0.0,4.0,silencio_provavel,Revisar cobertura de testagem e histórico de utilização do LACEN.,sklearn_gb_v1,sklearn_v1
DOIS VIZINHOS,zika,2025,32,0.6405,1,0.0,0.0,4.0,silencio_provavel,Revisar cobertura de testagem e histórico de utilização do LACEN.,sklearn_gb_v1,sklearn_v1
DOM PEDRO,dengue,2025,27,0.6405,1,0.0,0.0,4.0,silencio_provavel,Revisar cobertura de testagem e histórico de utilização do LACEN.,sklearn_gb_v1,sklearn_v1
DOM PEDRO,zika,2025,27,0.6405,1,0.0,0.0,4.0,silencio_provavel,Revisar cobertura de testagem e histórico de utilização do LACEN.,sklearn_gb_v1,sklearn_v1
DOURADOS,tuberculose_cultura,2024,23,0.6405,1,0.0,0.0,4.0,silencio_provavel,Revisar cobertura de testagem e histórico de utilização do LACEN.,sklearn_gb_v1,sklearn_v1
DIADEMA,chikungunya,2025,9,0.6405,1,0.0,0.0,4.0,silencio_provavel,Revisar cobertura de testagem e histórico de utilização do LACEN.,sklearn_gb_v1,sklearn_v1
DRACENA,dengue,2025,13,0.6405,1,0.0,0.0,4.0,silencio_provavel,Revisar cobertura de testagem e histórico de utilização do LACEN.,sklearn_gb_v1,sklearn_v1
DRACENA,zika,2025,13,0.6405,1,0.0,0.0,4.0,silencio_provavel,Revisar cobertura de testagem e histórico de utilização do LACEN.,sklearn_gb_v1,sklearn_v1
ACAILANDIA,zika,2025,27,0.6405,1,0.0,0.0,4.0,silencio_provavel,Revisar cobertura de testagem e histórico de utilização do LACEN.,sklearn_gb_v1,sklearn_v1
ELDORADO,dengue,2025,2,0.6405,1,0.0,0.0,4.0,silencio_provavel,Revisar cobertura de testagem e histórico de utilização do LACEN.,sklearn_gb_v1,sklearn_v1
XEXEU,zika,2025,18,0.6405,1,0.0,0.0,4.0,silencio_provavel,Revisar cobertura de testagem e histórico de utilização do LACEN.,sklearn_gb_v1,sklearn_v1
XEXEU,dengue,2025,18,0.6405,1,0.0,0.0,4.0,silencio_provavel,Revisar cobertura de testagem e histórico de utilização do LACEN.,sklearn_gb_v1,sklearn_v1
DOIS IRMAOS DO TOCANTINS,chikungunya,2025,9,0.6405,1,0.0,0.0,4.0,silencio_provavel,Revisar cobertura de testagem e histórico de utilização do LACEN.,sklearn_gb_v1,sklearn_v1
DOIS IRMAOS DO TOCANTINS,dengue,2025,9,0.6405,1,0.0,0.0,4.0,silencio_provavel,Revisar cobertura de testagem e histórico de utilização do LACEN.,sklearn_gb_v1,sklearn_v1
DOIS IRMAOS DO TOCANTINS,zika,2025,9,0.6405,1,0.0,0.0,4.0,silencio_provavel,Revisar cobertura de testagem e histórico de utilização do LACEN.,sklearn_gb_v1,sklearn_v1
DOIS RIACHOS,dengue,2025,15,0.6405,1,0.0,0.0,4.0,silencio_provavel,Revisar cobertura de testagem e histórico de utilização do LACEN.,sklearn_gb_v1,sklearn_v1
DOIS VIZINHOS,dengue,2025,32,0.6405,1,0.0,0.0,4.0,silencio_provavel,Revisar cobertura de testagem e histórico de utilização do LACEN.,sklearn_gb_v1,sklearn_v1
VILA NOVA DOS MARTIRIOS,dengue,2024,28,0.6405,1,0.0,0.0,4.0,silencio_provavel,Revisar cobertura de testagem e histórico de utilização do LACEN.,sklearn_gb_v1,sklearn_v1
ACU,chikungunya,2025,6,0.6405,1,0.0,0.0,4.0,silencio_provavel,Revisar cobertura de testagem e histórico de utilização do LACEN.,sklearn_gb_v1,sklearn_v1
ACU,dengue,2025,6,0.6405,1,0.0,0.0,4.0,silencio_provavel,Revisar cobertura de testagem e histórico de utilização do LACEN.,sklearn_gb_v1,sklearn_v1
ACU,zika,2025,6,0.6405,1,0.0,0.0,4.0,silencio_provavel,Revisar cobertura de testagem e histórico de utilização do LACEN.,sklearn_gb_v1,sklearn_v1
AFONSO CUNHA,dengue,2025,14,0.6405,1,0.0,0.0,4.0,silencio_provavel,Revisar cobertura de testagem e histórico de utilização do LACEN.,sklearn_gb_v1,sklearn_v1
AFONSO CUNHA,zika,2025,14,0.6405,1,0.0,0.0,4.0,silencio_provavel,Revisar cobertura de testagem e histórico de utilização do LACEN.,sklearn_gb_v1,sklearn_v1
VILHENA,hepatite_c_hcv,2025,19,0.6405,1,0.0,0.0,4.0,silencio_provavel,Revisar cobertura de testagem e histórico de utilização do LACEN.,sklearn_gb_v1,sklearn_v1
VILHENA,tuberculose,2025,12,0.6405,1,0.0,0.0,4.0,silencio_provavel,Revisar cobertura de testagem e histórico de utilização do LACEN.,sklearn_gb_v1,sklearn_v1
ACAILANDIA,dengue,2025,27,0.6405,1,0.0,0.0,4.0,silencio_provavel,Revisar cobertura de testagem e histórico de utilização do LACEN.,sklearn_gb_v1,sklearn_v1
LUCIARA,virus_respiratorios,2024,23,0.6401,1,0.0,0.0,4.0,silencio_provavel,Revisar cobertura de testagem e histórico de utilização do LACEN.,sklearn_gb_v1,sklearn_v1
LUCIARA,influenza_b,2024,27,0.6401,1,0.0,0.0,4.0,silencio_provavel,Revisar cobertura de testagem e histórico de utilização do LACEN.,sklearn_gb_v1,sklearn_v1
LUCIARA,sars_cov_2,2024,27,0.6401,1,0.0,0.0,4.0,silencio_provavel,Revisar cobertura de testagem e histórico de utilização do LACEN.,sklearn_gb_v1,sklearn_v1
NOVO SANTO ANTONIO,sars_cov_2,2024,39,0.6401,1,0.0,0.0,4.0,silencio_provavel,Revisar cobertura de testagem e histórico de utilização do LACEN.,sklearn_gb_v1,sklearn_v1
NOVO SANTO ANTONIO,tuberculose_cultura,2025,9,0.6401,1,0.0,0.0,4.0,silencio_provavel,Revisar cobertura de testagem e histórico de utilização do LACEN.,sklearn_gb_v1,sklearn_v1
NOVO SANTO ANTONIO,rubeola_igm,2025,33,0.6401,1,0.0,0.0,4.0,silencio_provavel,Revisar cobertura de testagem e histórico de utilização do LACEN.,sklearn_gb_v1,sklearn_v1
LUCIARA,tuberculose_cultura,2024,22,0.6401,1,0.0,0.0,4.0,silencio_provavel,Revisar cobertura de testagem e histórico de utilização do LACEN.,sklearn_gb_v1,sklearn_v1
LUCIARA,influenza_a,2024,27,0.6401,1,0.0,0.0,4.0,silencio_provavel,Revisar cobertura de testagem e histórico de utilização do LACEN.,sklearn_gb_v1,sklearn_v1
LUCIARA,hepatite_c_hcv,2024,51,0.6401,1,0.0,0.0,4.0,silencio_provavel,Revisar cobertura de testagem e histórico de utilização do LACEN.,sklearn_gb_v1,sklearn_v1
NOVO SANTO ANTONIO,hepatite_c_hcv,2024,27,0.6401,1,0.0,0.0,4.0,silencio_provavel,Revisar cobertura de testagem e histórico de utilização do LACEN.,sklearn_gb_v1,sklearn_v1
NOVO SANTO ANTONIO,chikungunya,2025,26,0.6401,1,0.0,0.0,4.0,silencio_provavel,Revisar cobertura de testagem e histórico de utilização do LACEN.,sklearn_gb_v1,sklearn_v1
NOVO SANTO ANTONIO,influenza_b,2024,39,0.6401,1,0.0,0.0,4.0,silencio_provavel,Revisar cobertura de testagem e histórico de utilização do LACEN.,sklearn_gb_v1,sklearn_v1
NOVO SANTO ANTONIO,influenza_a,2024,39,0.6401,1,0.0,0.0,4.0,silencio_provavel,Revisar cobertura de testagem e histórico de utilização do LACEN.,sklearn_gb_v1,sklearn_v1
NOVO SANTO ANTONIO,zika,2025,26,0.6401,1,0.0,0.0,4.0,silencio_provavel,Revisar cobertura de testagem e histórico de utilização do LACEN.,sklearn_gb_v1,sklearn_v1
NOVO SANTO ANTONIO,toxoplasmose_igm,2025,33,0.6401,1,0.0,0.0,4.0,silencio_provavel,Revisar cobertura de testagem e histórico de utilização do LACEN.,sklearn_gb_v1,sklearn_v1
PORTO ALEGRE DO NORTE,tuberculose_lf_lam,2026,2,0.6349,1,0.0,0.0,4.0,silencio_provavel,Revisar cobertura de testagem e histórico de utilização do LACEN.,sklearn_gb_v1,sklearn_v1
NOSSA SENHORA DO LIVRAMENTO,rifampicina,2026,9,0.6345,1,0.0,0.0,4.0,silencio_provavel,Revisar cobertura de testagem e histórico de utilização do LACEN.,sklearn_gb_v1,sklearn_v1
SAO JOSE DO XINGU,sars_cov_2,2026,9,0.6345,1,0.0,0.0,4.0,silencio_provavel,Revisar cobertura de testagem e histórico de utilização do LACEN.,sklearn_gb_v1,sklearn_v1
BARRA DO BUGRES,tuberculose_lf_lam,2026,15,0.63,1,0.0,0.0,4.0,silencio_provavel,Revisar cobertura de testagem e histórico de utilização do LACEN.,sklearn_gb_v1,sklearn_v1
VERE,chikungunya,2025,3,0.6296,2,0.0,0.0,4.0,silencio_provavel,Revisar cobertura de testagem e histórico de utilização do LACEN.,sklearn_gb_v1,sklearn_v1
TURILANDIA,chikungunya,2025,12,0.6296,2,0.0,0.0,4.0,silencio_provavel,Revisar cobertura de testagem e histórico de utilização do LACEN.,sklearn_gb_v1,sklearn_v1
VOTUPORANGA,chikungunya,2025,23,0.6296,2,0.0,0.0,4.0,silencio_provavel,Revisar cobertura de testagem e histórico de utilização do LACEN.,sklearn_gb_v1,sklearn_v1
ITAGUAI,chikungunya,2025,9,0.6296,2,0.0,0.0,4.0,silencio_provavel,Revisar cobertura de testagem e histórico de utilização do LACEN.,sklearn_gb_v1,sklearn_v1
MANACAPURU,chikungunya,2024,49,0.6296,2,0.0,0.0,4.0,silencio_provavel,Revisar cobertura de testagem e histórico de utilização do LACEN.,sklearn_gb_v1,sklearn_v1
SENADOR LA ROCQUE,chikungunya,2024,29,0.6296,2,0.0,0.0,4.0,silencio_provavel,Revisar cobertura de testagem e histórico de utilização do LACEN.,sklearn_gb_v1,sklearn_v1
DRACENA,chikungunya,2025,13,0.6296,2,0.0,0.0,4.0,silencio_provavel,Revisar cobertura de testagem e histórico de utilização do LACEN.,sklearn_gb_v1,sklearn_v1
JARDIM DE PIRANHAS,chikungunya,2024,23,0.6296,2,0.0,0.0,4.0,silencio_provavel,Revisar cobertura de testagem e histórico de utilização do LACEN.,sklearn_gb_v1,sklearn_v1
LOANDA,chikungunya,2025,16,0.6296,2,0.0,0.0,4.0,silencio_provavel,Revisar cobertura de testagem e histórico de utilização do LACEN.,sklearn_gb_v1,sklearn_v1
CERES,sars_cov_2,2025,5,0.6296,2,0.0,0.0,4.0,silencio_provavel,Revisar cobertura de testagem e histórico de utilização do LACEN.,sklearn_gb_v1,sklearn_v1
JOIA,chikungunya,2025,23,0.6296,2,0.0,0.0,4.0,silencio_provavel,Revisar cobertura de testagem e histórico de utilização do LACEN.,sklearn_gb_v1,sklearn_v1
TABULEIRO DO NORTE,chikungunya,2025,24,0.6296,2,0.0,0.0,4.0,silencio_provavel,Revisar cobertura de testagem e histórico de utilização do LACEN.,sklearn_gb_v1,sklearn_v1
JATAI,hepatite_b_hbv,2024,52,0.6296,2,0.0,0.0,4.0,silencio_provavel,Revisar cobertura de testagem e histórico de utilização do LACEN.,sklearn_gb_v1,sklearn_v1
MARANGUAPE,chikungunya,2025,8,0.6296,2,0.0,0.0,4.0,silencio_provavel,Revisar cobertura de testagem e histórico de utilização do LACEN.,sklearn_gb_v1,sklearn_v1
TIMBO,chikungunya,2025,10,0.6296,2,0.0,0.0,4.0,silencio_provavel,Revisar cobertura de testagem e histórico de utilização do LACEN.,sklearn_gb_v1,sklearn_v1
TRINDADE,chikungunya,2025,6,0.6296,2,0.0,0.0,4.0,silencio_provavel,Revisar cobertura de testagem e histórico de utilização do LACEN.,sklearn_gb_v1,sklearn_v1
INOCENCIA,baciloscopia,2025,32,0.6296,2,0.0,0.0,4.0,silencio_provavel,Revisar cobertura de testagem e histórico de utilização do LACEN.,sklearn_gb_v1,sklearn_v1
INHAPI,chikungunya,2025,6,0.6296,2,0.0,0.0,4.0,silencio_provavel,Revisar cobertura de testagem e histórico de utilização do LACEN.,sklearn_gb_v1,sklearn_v1
MIRASSOL,chikungunya,2024,27,0.6296,2,0.0,0.0,4.0,silencio_provavel,Revisar cobertura de testagem e histórico de utilização do LACEN.,sklearn_gb_v1,sklearn_v1
MINISTRO ANDREAZZA,chikungunya,2025,11,0.6296,2,0.0,0.0,4.0,silencio_provavel,Revisar cobertura de testagem e histórico de utilização do LACEN.,sklearn_gb_v1,sklearn_v1
MIGUELOPOLIS,chikungunya,2025,4,0.6296,2,0.0,0.0,4.0,silencio_provavel,Revisar cobertura de testagem e histórico de utilização do LACEN.,sklearn_gb_v1,sklearn_v1
IPIXUNA DO PARA,chikungunya,2025,18,0.6296,2,0.0,0.0,4.0,silencio_provavel,Revisar cobertura de testagem e histórico de utilização do LACEN.,sklearn_gb_v1,sklearn_v1
MATINHA,chikungunya,2025,23,0.6296,2,0.0,0.0,4.0,silencio_provavel,Revisar cobertura de testagem e histórico de utilização do LACEN.,sklearn_gb_v1,sklearn_v1
MATA ROMA,chikungunya,2025,7,0.6296,2,0.0,0.0,4.0,silencio_provavel,Revisar cobertura de testagem e histórico de utilização do LACEN.,sklearn_gb_v1,sklearn_v1
MARITUBA,chikungunya,2025,11,0.6296,2,0.0,0.0,4.0,silencio_provavel,Revisar cobertura de testagem e histórico de utilização do LACEN.,sklearn_gb_v1,sklearn_v1
MARIALVA,chikungunya,2025,14,0.6296,2,0.0,0.0,4.0,silencio_provavel,Revisar cobertura de testagem e histórico de utilização do LACEN.,sklearn_gb_v1,sklearn_v1
MIRASSOL D''OESTE,rubeola_igg,2025,34,0.6296,2,0.0,0.0,4.0,silencio_provavel,Revisar cobertura de testagem e histórico de utilização do LACEN.,sklearn_gb_v1,sklearn_v1
MIRASSOL D''OESTE,criptococos_teste_rapido,2025,23,0.6296,2,0.0,0.0,4.0,silencio_provavel,Revisar cobertura de testagem e histórico de utilização do LACEN.,sklearn_gb_v1,sklearn_v1
MONTALVANIA,chikungunya,2025,16,0.6296,2,0.0,0.0,4.0,silencio_provavel,Revisar cobertura de testagem e histórico de utilização do LACEN.,sklearn_gb_v1,sklearn_v1
MONTE SIAO,chikungunya,2025,2,0.6296,2,0.0,0.0,4.0,silencio_provavel,Revisar cobertura de testagem e histórico de utilização do LACEN.,sklearn_gb_v1,sklearn_v1
AMAMBAI,chikungunya,2025,18,0.6296,2,0.0,0.0,4.0,silencio_provavel,Revisar cobertura de testagem e histórico de utilização do LACEN.,sklearn_gb_v1,sklearn_v1
MIRASSOL D''OESTE,pesquisa_de_genes_de_resistencia,2025,16,0.6296,2,0.0,0.0,4.0,silencio_provavel,Revisar cobertura de testagem e histórico de utilização do LACEN.,sklearn_gb_v1,sklearn_v1
NISIA FLORESTA,chikungunya,2025,7,0.6296,2,0.0,0.0,4.0,silencio_provavel,Revisar cobertura de testagem e histórico de utilização do LACEN.,sklearn_gb_v1,sklearn_v1
MORRINHOS,chikungunya,2025,3,0.6296,2,0.0,0.0,4.0,silencio_provavel,Revisar cobertura de testagem e histórico de utilização do LACEN.,sklearn_gb_v1,sklearn_v1
MONTIVIDIU,chikungunya,2025,5,0.6296,2,0.0,0.0,4.0,silencio_provavel,Revisar cobertura de testagem e histórico de utilização do LACEN.,sklearn_gb_v1,sklearn_v1
MONTES CLAROS,baciloscopia,2025,35,0.6296,2,0.0,0.0,4.0,silencio_provavel,Revisar cobertura de testagem e histórico de utilização do LACEN.,sklearn_gb_v1,sklearn_v1
ARAXA,chikungunya,2025,10,0.6296,2,0.0,0.0,4.0,silencio_provavel,Revisar cobertura de testagem e histórico de utilização do LACEN.,sklearn_gb_v1,sklearn_v1
SAO JOAO DE MERITI,chikungunya,2024,22,0.6296,2,0.0,0.0,4.0,silencio_provavel,Revisar cobertura de testagem e histórico de utilização do LACEN.,sklearn_gb_v1,sklearn_v1
SAO FELIPE D''OESTE,chikungunya,2025,6,0.6296,2,0.0,0.0,4.0,silencio_provavel,Revisar cobertura de testagem e histórico de utilização do LACEN.,sklearn_gb_v1,sklearn_v1
ALVARAES,chikungunya,2025,6,0.6296,2,0.0,0.0,4.0,silencio_provavel,Revisar cobertura de testagem e histórico de utilização do LACEN.,sklearn_gb_v1,sklearn_v1
MOJUI DOS CAMPOS,chikungunya,2025,19,0.6296,2,0.0,0.0,4.0,silencio_provavel,Revisar cobertura de testagem e histórico de utilização do LACEN.,sklearn_gb_v1,sklearn_v1
ILHA SOLTEIRA,chikungunya,2025,5,0.6296,2,0.0,0.0,4.0,silencio_provavel,Revisar cobertura de testagem e histórico de utilização do LACEN.,sklearn_gb_v1,sklearn_v1
NOVO HORIZONTE DO OESTE,chikungunya,2025,9,0.6296,2,0.0,0.0,4.0,silencio_provavel,Revisar cobertura de testagem e histórico de utilização do LACEN.,sklearn_gb_v1,sklearn_v1
ESPERANTINOPOLIS,chikungunya,2024,31,0.6296,2,0.0,0.0,4.0,silencio_provavel,Revisar cobertura de testagem e histórico de utilização do LACEN.,sklearn_gb_v1,sklearn_v1
SANTO ANDRE,chikungunya,2025,14,0.6296,2,0.0,0.0,4.0,silencio_provavel,Revisar cobertura de testagem e histórico de utilização do LACEN.,sklearn_gb_v1,sklearn_v1
TUCUMA,chikungunya,2025,11,0.6296,2,0.0,0.0,4.0,silencio_provavel,Revisar cobertura de testagem e histórico de utilização do LACEN.,sklearn_gb_v1,sklearn_v1
CARAPICUIBA,chikungunya,2025,9,0.6296,2,0.0,0.0,4.0,silencio_provavel,Revisar cobertura de testagem e histórico de utilização do LACEN.,sklearn_gb_v1,sklearn_v1
CARIACICA,chikungunya,2025,5,0.6296,2,0.0,0.0,4.0,silencio_provavel,Revisar cobertura de testagem e histórico de utilização do LACEN.,sklearn_gb_v1,sklearn_v1
OSASCO,chikungunya,2025,4,0.6296,2,0.0,0.0,4.0,silencio_provavel,Revisar cobertura de testagem e histórico de utilização do LACEN.,sklearn_gb_v1,sklearn_v1
NOVA CANAA PAULISTA,chikungunya,2025,8,0.6296,2,0.0,0.0,4.0,silencio_provavel,Revisar cobertura de testagem e histórico de utilização do LACEN.,sklearn_gb_v1,sklearn_v1
SAO LOURENCO DA MATA,chikungunya,2025,4,0.6296,2,0.0,0.0,4.0,silencio_provavel,Revisar cobertura de testagem e histórico de utilização do LACEN.,sklearn_gb_v1,sklearn_v1
CAMPO GRANDE,baciloscopia,2025,35,0.6296,2,0.0,0.0,4.0,silencio_provavel,Revisar cobertura de testagem e histórico de utilização do LACEN.,sklearn_gb_v1,sklearn_v1
CAMBORIU,chikungunya,2025,25,0.6296,2,0.0,0.0,4.0,silencio_provavel,Revisar cobertura de testagem e histórico de utilização do LACEN.,sklearn_gb_v1,sklearn_v1
OURICURI,chikungunya,2025,23,0.6296,2,0.0,0.0,4.0,silencio_provavel,Revisar cobertura de testagem e histórico de utilização do LACEN.,sklearn_gb_v1,sklearn_v1
SANTO ANTONIO DOS LOPES,chikungunya,2025,17,0.6296,2,0.0,0.0,4.0,silencio_provavel,Revisar cobertura de testagem e histórico de utilização do LACEN.,sklearn_gb_v1,sklearn_v1
SANTA MARIANA,chikungunya,2025,5,0.6296,2,0.0,0.0,4.0,silencio_provavel,Revisar cobertura de testagem e histórico de utilização do LACEN.,sklearn_gb_v1,sklearn_v1
COSTA RICA,chikungunya,2025,16,0.6296,2,0.0,0.0,4.0,silencio_provavel,Revisar cobertura de testagem e histórico de utilização do LACEN.,sklearn_gb_v1,sklearn_v1
PACO DO LUMIAR,influenza_a,2025,20,0.6296,2,0.0,0.0,4.0,silencio_provavel,Revisar cobertura de testagem e histórico de utilização do LACEN.,sklearn_gb_v1,sklearn_v1
CALDAS NOVAS,hepatite_b_hbv,2025,3,0.6296,2,0.0,0.0,4.0,silencio_provavel,Revisar cobertura de testagem e histórico de utilização do LACEN.,sklearn_gb_v1,sklearn_v1
PALHOCA,chikungunya,2025,6,0.6296,2,0.0,0.0,4.0,silencio_provavel,Revisar cobertura de testagem e histórico de utilização do LACEN.,sklearn_gb_v1,sklearn_v1
GUANAMBI,chikungunya,2025,5,0.6296,2,0.0,0.0,4.0,silencio_provavel,Revisar cobertura de testagem e histórico de utilização do LACEN.,sklearn_gb_v1,sklearn_v1
GOVERNADOR LUIZ ROCHA,chikungunya,2025,24,0.6296,2,0.0,0.0,4.0,silencio_provavel,Revisar cobertura de testagem e histórico de utilização do LACEN.,sklearn_gb_v1,sklearn_v1
PACO DO LUMIAR,chikungunya,2025,8,0.6296,2,0.0,0.0,4.0,silencio_provavel,Revisar cobertura de testagem e histórico de utilização do LACEN.,sklearn_gb_v1,sklearn_v1
PACO DO LUMIAR,influenza,2025,20,0.6296,2,0.0,0.0,4.0,silencio_provavel,Revisar cobertura de testagem e histórico de utilização do LACEN.,sklearn_gb_v1,sklearn_v1
PALMITINHO,chikungunya,2024,22,0.6296,2,0.0,0.0,4.0,silencio_provavel,Revisar cobertura de testagem e histórico de utilização do LACEN.,sklearn_gb_v1,sklearn_v1
CAIBI,chikungunya,2025,1,0.6296,2,0.0,0.0,4.0,silencio_provavel,Revisar cobertura de testagem e histórico de utilização do LACEN.,sklearn_gb_v1,sklearn_v1
BALNEARIO ARROIO DO SILVA,chikungunya,2025,10,0.6296,2,0.0,0.0,4.0,silencio_provavel,Revisar cobertura de testagem e histórico de utilização do LACEN.,sklearn_gb_v1,sklearn_v1
SALVATERRA,chikungunya,2025,10,0.6296,2,0.0,0.0,4.0,silencio_provavel,Revisar cobertura de testagem e histórico de utilização do LACEN.,sklearn_gb_v1,sklearn_v1
FERNANDOPOLIS,chikungunya,2025,13,0.6296,2,0.0,0.0,4.0,silencio_provavel,Revisar cobertura de testagem e histórico de utilização do LACEN.,sklearn_gb_v1,sklearn_v1
FLOR DO SERTAO,chikungunya,2025,20,0.6296,2,0.0,0.0,4.0,silencio_provavel,Revisar cobertura de testagem e histórico de utilização do LACEN.,sklearn_gb_v1,sklearn_v1
BARRA DA ESTIVA,chikungunya,2025,9,0.6296,2,0.0,0.0,4.0,silencio_provavel,Revisar cobertura de testagem e histórico de utilização do LACEN.,sklearn_gb_v1,sklearn_v1
PARANAPANEMA,varicela_zoster_biologia_molecular,2025,17,0.6296,2,0.0,0.0,4.0,silencio_provavel,Revisar cobertura de testagem e histórico de utilização do LACEN.,sklearn_gb_v1,sklearn_v1
PARAZINHO,chikungunya,2025,21,0.6296,2,0.0,0.0,4.0,silencio_provavel,Revisar cobertura de testagem e histórico de utilização do LACEN.,sklearn_gb_v1,sklearn_v1
PERITORO,chikungunya,2025,4,0.6296,2,0.0,0.0,4.0,silencio_provavel,Revisar cobertura de testagem e histórico de utilização do LACEN.,sklearn_gb_v1,sklearn_v1
GOVERNADOR NUNES FREIRE,chikungunya,2025,1,0.6296,2,0.0,0.0,4.0,silencio_provavel,Revisar cobertura de testagem e histórico de utilização do LACEN.,sklearn_gb_v1,sklearn_v1
CRUZ,dengue,2025,12,0.6296,2,0.0,0.0,4.0,silencio_provavel,Revisar cobertura de testagem e histórico de utilização do LACEN.,sklearn_gb_v1,sklearn_v1
PARECIS,chikungunya,2025,16,0.6296,2,0.0,0.0,4.0,silencio_provavel,Revisar cobertura de testagem e histórico de utilização do LACEN.,sklearn_gb_v1,sklearn_v1
PAROBE,chikungunya,2025,8,0.6296,2,0.0,0.0,4.0,silencio_provavel,Revisar cobertura de testagem e histórico de utilização do LACEN.,sklearn_gb_v1,sklearn_v1
CAMOCIM,chikungunya,2025,22,0.6296,2,0.0,0.0,4.0,silencio_provavel,Revisar cobertura de testagem e histórico de utilização do LACEN.,sklearn_gb_v1,sklearn_v1
CAMPINA GRANDE,chikungunya,2025,7,0.6296,2,0.0,0.0,4.0,silencio_provavel,Revisar cobertura de testagem e histórico de utilização do LACEN.,sklearn_gb_v1,sklearn_v1
PERITORO,baciloscopia,2025,30,0.6296,2,0.0,0.0,4.0,silencio_provavel,Revisar cobertura de testagem e histórico de utilização do LACEN.,sklearn_gb_v1,sklearn_v1
PINDORAMA,chikungunya,2025,14,0.6296,2,0.0,0.0,4.0,silencio_provavel,Revisar cobertura de testagem e histórico de utilização do LACEN.,sklearn_gb_v1,sklearn_v1
SANTA IZABEL DO OESTE,chikungunya,2025,4,0.6296,2,0.0,0.0,4.0,silencio_provavel,Revisar cobertura de testagem e histórico de utilização do LACEN.,sklearn_gb_v1,sklearn_v1
PLACIDO DE CASTRO,chikungunya,2025,6,0.6296,2,0.0,0.0,4.0,silencio_provavel,Revisar cobertura de testagem e histórico de utilização do LACEN.,sklearn_gb_v1,sklearn_v1
RIO DE JANEIRO,influenza_a,2025,16,0.6296,2,0.0,0.0,4.0,silencio_provavel,Revisar cobertura de testagem e histórico de utilização do LACEN.,sklearn_gb_v1,sklearn_v1
RIO VERDE,influenza_a,2025,19,0.6296,2,0.0,0.0,4.0,silencio_provavel,Revisar cobertura de testagem e histórico de utilização do LACEN.,sklearn_gb_v1,sklearn_v1
BRUSQUE,chikungunya,2025,19,0.6296,2,0.0,0.0,4.0,silencio_provavel,Revisar cobertura de testagem e histórico de utilização do LACEN.,sklearn_gb_v1,sklearn_v1
BREJOLANDIA,chikungunya,2025,1,0.6296,2,0.0,0.0,4.0,silencio_provavel,Revisar cobertura de testagem e histórico de utilização do LACEN.,sklearn_gb_v1,sklearn_v1
PIMENTEIRAS DO OESTE,chikungunya,2024,23,0.6296,2,0.0,0.0,4.0,silencio_provavel,Revisar cobertura de testagem e histórico de utilização do LACEN.,sklearn_gb_v1,sklearn_v1
PIO XII,chikungunya,2025,9,0.6296,2,0.0,0.0,4.0,silencio_provavel,Revisar cobertura de testagem e histórico de utilização do LACEN.,sklearn_gb_v1,sklearn_v1
PIRAMBU,chikungunya,2025,19,0.6296,2,0.0,0.0,4.0,silencio_provavel,Revisar cobertura de testagem e histórico de utilização do LACEN.,sklearn_gb_v1,sklearn_v1
PIRACICABA,chikungunya,2025,4,0.6296,2,0.0,0.0,4.0,silencio_provavel,Revisar cobertura de testagem e histórico de utilização do LACEN.,sklearn_gb_v1,sklearn_v1
PIRATININGA,chikungunya,2025,3,0.6296,2,0.0,0.0,4.0,silencio_provavel,Revisar cobertura de testagem e histórico de utilização do LACEN.,sklearn_gb_v1,sklearn_v1
BENEVIDES,chikungunya,2025,6,0.6296,2,0.0,0.0,4.0,silencio_provavel,Revisar cobertura de testagem e histórico de utilização do LACEN.,sklearn_gb_v1,sklearn_v1
POCAO DE PEDRAS,chikungunya,2025,23,0.6296,2,0.0,0.0,4.0,silencio_provavel,Revisar cobertura de testagem e histórico de utilização do LACEN.,sklearn_gb_v1,sklearn_v1
RIO DE JANEIRO,hepatite_b_hbv,2025,19,0.6296,2,0.0,0.0,4.0,silencio_provavel,Revisar cobertura de testagem e histórico de utilização do LACEN.,sklearn_gb_v1,sklearn_v1
BRASILANDIA DE MINAS,chikungunya,2025,5,0.6296,2,0.0,0.0,4.0,silencio_provavel,Revisar cobertura de testagem e histórico de utilização do LACEN.,sklearn_gb_v1,sklearn_v1
BORDA DA MATA,chikungunya,2025,7,0.6296,2,0.0,0.0,4.0,silencio_provavel,Revisar cobertura de testagem e histórico de utilização do LACEN.,sklearn_gb_v1,sklearn_v1
BOA VISTA DO GURUPI,chikungunya,2025,15,0.6296,2,0.0,0.0,4.0,silencio_provavel,Revisar cobertura de testagem e histórico de utilização do LACEN.,sklearn_gb_v1,sklearn_v1
BARRA DO CORDA,chikungunya,2025,12,0.6296,2,0.0,0.0,4.0,silencio_provavel,Revisar cobertura de testagem e histórico de utilização do LACEN.,sklearn_gb_v1,sklearn_v1
RUROPOLIS,chikungunya,2025,17,0.6296,2,0.0,0.0,4.0,silencio_provavel,Revisar cobertura de testagem e histórico de utilização do LACEN.,sklearn_gb_v1,sklearn_v1
BEBEDOURO,chikungunya,2025,5,0.6296,2,0.0,0.0,4.0,silencio_provavel,Revisar cobertura de testagem e histórico de utilização do LACEN.,sklearn_gb_v1,sklearn_v1
BEBERIBE,chikungunya,2025,15,0.6296,2,0.0,0.0,4.0,silencio_provavel,Revisar cobertura de testagem e histórico de utilização do LACEN.,sklearn_gb_v1,sklearn_v1
RANCHO ALEGRE,chikungunya,2024,29,0.6296,2,0.0,0.0,4.0,silencio_provavel,Revisar cobertura de testagem e histórico de utilização do LACEN.,sklearn_gb_v1,sklearn_v1
REALEZA,chikungunya,2025,4,0.6296,2,0.0,0.0,4.0,silencio_provavel,Revisar cobertura de testagem e histórico de utilização do LACEN.,sklearn_gb_v1,sklearn_v1
CHUPINGUAIA,chikungunya,2025,23,0.6296,2,0.0,0.0,4.0,silencio_provavel,Revisar cobertura de testagem e histórico de utilização do LACEN.,sklearn_gb_v1,sklearn_v1
JARAGUA DO SUL,chikungunya,2025,7,0.6296,2,0.0,0.0,4.0,silencio_provavel,Revisar cobertura de testagem e histórico de utilização do LACEN.,sklearn_gb_v1,sklearn_v1
TIJUCAS,chikungunya,2025,8,0.6296,2,0.0,0.0,4.0,silencio_provavel,Revisar cobertura de testagem e histórico de utilização do LACEN.,sklearn_gb_v1,sklearn_v1
IUNA,chikungunya,2025,5,0.6296,2,0.0,0.0,4.0,silencio_provavel,Revisar cobertura de testagem e histórico de utilização do LACEN.,sklearn_gb_v1,sklearn_v1
IVAIPORA,chikungunya,2025,11,0.6296,2,0.0,0.0,4.0,silencio_provavel,Revisar cobertura de testagem e histórico de utilização do LACEN.,sklearn_gb_v1,sklearn_v1
IVINHEMA,chikungunya,2025,6,0.6296,2,0.0,0.0,4.0,silencio_provavel,Revisar cobertura de testagem e histórico de utilização do LACEN.,sklearn_gb_v1,sklearn_v1
JABOATAO DOS GUARARAPES,pesquisa_de_multipatogenos_ist,2026,1,0.6296,2,0.0,0.0,4.0,silencio_provavel,Revisar cobertura de testagem e histórico de utilização do LACEN.,sklearn_gb_v1,sklearn_v1
VOTUPORANGA,zika,2025,6,0.6286,2,0.0,0.0,4.0,silencio_provavel,Revisar cobertura de testagem e histórico de utilização do LACEN.,sklearn_gb_v1,sklearn_v1
VERE,zika,2025,3,0.6286,2,0.0,0.0,4.0,silencio_provavel,Revisar cobertura de testagem e histórico de utilização do LACEN.,sklearn_gb_v1,sklearn_v1
JOACABA,chikungunya,2025,15,0.6286,2,0.0,0.0,4.0,silencio_provavel,Revisar cobertura de testagem e histórico de utilização do LACEN.,sklearn_gb_v1,sklearn_v1
JOAO DOURADO,chikungunya,2025,13,0.6286,2,0.0,0.0,4.0,silencio_provavel,Revisar cobertura de testagem e histórico de utilização do LACEN.,sklearn_gb_v1,sklearn_v1
SONORA,influenza_a,2025,22,0.6286,2,0.0,0.0,4.0,silencio_provavel,Revisar cobertura de testagem e histórico de utilização do LACEN.,sklearn_gb_v1,sklearn_v1
SONORA,influenza_b,2025,22,0.6286,2,0.0,0.0,4.0,silencio_provavel,Revisar cobertura de testagem e histórico de utilização do LACEN.,sklearn_gb_v1,sklearn_v1
SONORA,virus_respiratorios,2025,22,0.6286,2,0.0,0.0,4.0,silencio_provavel,Revisar cobertura de testagem e histórico de utilização do LACEN.,sklearn_gb_v1,sklearn_v1
SULINA,chikungunya,2024,32,0.6286,2,0.0,0.0,4.0,silencio_provavel,Revisar cobertura de testagem e histórico de utilização do LACEN.,sklearn_gb_v1,sklearn_v1
SUMARE,chikungunya,2025,15,0.6286,2,0.0,0.0,4.0,silencio_provavel,Revisar cobertura de testagem e histórico de utilização do LACEN.,sklearn_gb_v1,sklearn_v1
SUMARE,zika,2025,4,0.6286,2,0.0,0.0,4.0,silencio_provavel,Revisar cobertura de testagem e histórico de utilização do LACEN.,sklearn_gb_v1,sklearn_v1
TABOAO DA SERRA,dengue,2025,3,0.6286,2,0.0,0.0,4.0,silencio_provavel,Revisar cobertura de testagem e histórico de utilização do LACEN.,sklearn_gb_v1,sklearn_v1
TANABI,chikungunya,2025,3,0.6286,2,0.0,0.0,4.0,silencio_provavel,Revisar cobertura de testagem e histórico de utilização do LACEN.,sklearn_gb_v1,sklearn_v1
DOIS RIACHOS,chikungunya,2025,15,0.6286,2,0.0,0.0,4.0,silencio_provavel,Revisar cobertura de testagem e histórico de utilização do LACEN.,sklearn_gb_v1,sklearn_v1
UBERABA,dengue,2025,9,0.6286,2,0.0,0.0,4.0,silencio_provavel,Revisar cobertura de testagem e histórico de utilização do LACEN.,sklearn_gb_v1,sklearn_v1
VILHENA,influenza_a,2025,5,0.6286,2,0.0,0.0,4.0,silencio_provavel,Revisar cobertura de testagem e histórico de utilização do LACEN.,sklearn_gb_v1,sklearn_v1
JOAO LISBOA,zika,2025,4,0.6286,2,0.0,0.0,4.0,silencio_provavel,Revisar cobertura de testagem e histórico de utilização do LACEN.,sklearn_gb_v1,sklearn_v1
JOAO PESSOA,chikungunya,2025,24,0.6286,2,0.0,0.0,4.0,silencio_provavel,Revisar cobertura de testagem e histórico de utilização do LACEN.,sklearn_gb_v1,sklearn_v1
JOAO PESSOA,pesquisa_de_multipatogenos_ist,2025,15,0.6286,2,0.0,0.0,4.0,silencio_provavel,Revisar cobertura de testagem e histórico de utilização do LACEN.,sklearn_gb_v1,sklearn_v1
BOA VISTA,influenza_b,2025,21,0.6286,2,0.0,0.0,4.0,silencio_provavel,Revisar cobertura de testagem e histórico de utilização do LACEN.,sklearn_gb_v1,sklearn_v1
PRESIDENTE PRUDENTE,chikungunya,2025,1,0.6286,2,0.0,0.0,4.0,silencio_provavel,Revisar cobertura de testagem e histórico de utilização do LACEN.,sklearn_gb_v1,sklearn_v1
BAYEUX,pesquisa_de_multipatogenos_ist,2024,32,0.6286,2,0.0,0.0,4.0,silencio_provavel,Revisar cobertura de testagem e histórico de utilização do LACEN.,sklearn_gb_v1,sklearn_v1
QUATRO PONTES,zika,2025,23,0.6286,2,0.0,0.0,4.0,silencio_provavel,Revisar cobertura de testagem e histórico de utilização do LACEN.,sklearn_gb_v1,sklearn_v1
BARRETOS,dengue,2025,5,0.6286,2,0.0,0.0,4.0,silencio_provavel,Revisar cobertura de testagem e histórico de utilização do LACEN.,sklearn_gb_v1,sklearn_v1
QUIRINOPOLIS,chikungunya,2025,8,0.6286,2,0.0,0.0,4.0,silencio_provavel,Revisar cobertura de testagem e histórico de utilização do LACEN.,sklearn_gb_v1,sklearn_v1
REALEZA,dengue,2025,4,0.6286,2,0.0,0.0,4.0,silencio_provavel,Revisar cobertura de testagem e histórico de utilização do LACEN.,sklearn_gb_v1,sklearn_v1
SANTA HELENA DE GOIAS,chikungunya,2025,20,0.6286,2,0.0,0.0,4.0,silencio_provavel,Revisar cobertura de testagem e histórico de utilização do LACEN.,sklearn_gb_v1,sklearn_v1
SANTA HELENA DE GOIAS,zika,2025,7,0.6286,2,0.0,0.0,4.0,silencio_provavel,Revisar cobertura de testagem e histórico de utilização do LACEN.,sklearn_gb_v1,sklearn_v1
VIDEIRA,pesquisa_de_multipatogenos_ist,2025,40,0.6286,2,0.0,0.0,4.0,silencio_provavel,Revisar cobertura de testagem e histórico de utilização do LACEN.,sklearn_gb_v1,sklearn_v1
VALE DO PARAISO,chikungunya,2025,9,0.6286,2,0.0,0.0,4.0,silencio_provavel,Revisar cobertura de testagem e histórico de utilização do LACEN.,sklearn_gb_v1,sklearn_v1
ALEGRETE,chikungunya,2024,52,0.6286,2,0.0,0.0,4.0,silencio_provavel,Revisar cobertura de testagem e histórico de utilização do LACEN.,sklearn_gb_v1,sklearn_v1
UBERLANDIA,chikungunya,2025,21,0.6286,2,0.0,0.0,4.0,silencio_provavel,Revisar cobertura de testagem e histórico de utilização do LACEN.,sklearn_gb_v1,sklearn_v1
JABOATAO DOS GUARARAPES,sars_cov_2,2025,21,0.6286,2,0.0,0.0,4.0,silencio_provavel,Revisar cobertura de testagem e histórico de utilização do LACEN.,sklearn_gb_v1,sklearn_v1
CHUPINGUAIA,zika,2025,23,0.6286,2,0.0,0.0,4.0,silencio_provavel,Revisar cobertura de testagem e histórico de utilização do LACEN.,sklearn_gb_v1,sklearn_v1
CHAPECO,rifampicina,2025,12,0.6286,2,0.0,0.0,4.0,silencio_provavel,Revisar cobertura de testagem e histórico de utilização do LACEN.,sklearn_gb_v1,sklearn_v1
PORECATU,zika,2025,4,0.6286,2,0.0,0.0,4.0,silencio_provavel,Revisar cobertura de testagem e histórico de utilização do LACEN.,sklearn_gb_v1,sklearn_v1
PORTEIRAO,chikungunya,2025,11,0.6286,2,0.0,0.0,4.0,silencio_provavel,Revisar cobertura de testagem e histórico de utilização do LACEN.,sklearn_gb_v1,sklearn_v1
REALEZA,zika,2025,4,0.6286,2,0.0,0.0,4.0,silencio_provavel,Revisar cobertura de testagem e histórico de utilização do LACEN.,sklearn_gb_v1,sklearn_v1
REDENCAO,chikungunya,2025,19,0.6286,2,0.0,0.0,4.0,silencio_provavel,Revisar cobertura de testagem e histórico de utilização do LACEN.,sklearn_gb_v1,sklearn_v1
REDENCAO,zika,2025,19,0.6286,2,0.0,0.0,4.0,silencio_provavel,Revisar cobertura de testagem e histórico de utilização do LACEN.,sklearn_gb_v1,sklearn_v1
RENASCENCA,zika,2025,21,0.6286,2,0.0,0.0,4.0,silencio_provavel,Revisar cobertura de testagem e histórico de utilização do LACEN.,sklearn_gb_v1,sklearn_v1
PORTELANDIA,zika,2025,4,0.6286,2,0.0,0.0,4.0,silencio_provavel,Revisar cobertura de testagem e histórico de utilização do LACEN.,sklearn_gb_v1,sklearn_v1
BORDA DA MATA,dengue,2025,7,0.6286,2,0.0,0.0,4.0,silencio_provavel,Revisar cobertura de testagem e histórico de utilização do LACEN.,sklearn_gb_v1,sklearn_v1
BORDA DA MATA,zika,2025,7,0.6286,2,0.0,0.0,4.0,silencio_provavel,Revisar cobertura de testagem e histórico de utilização do LACEN.,sklearn_gb_v1,sklearn_v1
PORTO VELHO,hiv,2025,17,0.6286,2,0.0,0.0,4.0,silencio_provavel,Revisar cobertura de testagem e histórico de utilização do LACEN.,sklearn_gb_v1,sklearn_v1
GARUVA,influenza_a,2025,9,0.6286,2,0.0,0.0,4.0,silencio_provavel,Revisar cobertura de testagem e histórico de utilização do LACEN.,sklearn_gb_v1,sklearn_v1
GARUVA,influenza_b,2025,9,0.6286,2,0.0,0.0,4.0,silencio_provavel,Revisar cobertura de testagem e histórico de utilização do LACEN.,sklearn_gb_v1,sklearn_v1
BOA VISTA,sars_cov_2,2025,21,0.6286,2,0.0,0.0,4.0,silencio_provavel,Revisar cobertura de testagem e histórico de utilização do LACEN.,sklearn_gb_v1,sklearn_v1
POXOREO,neisseria_gonorrhoeae,2025,1,0.6286,2,0.0,0.0,4.0,silencio_provavel,Revisar cobertura de testagem e histórico de utilização do LACEN.,sklearn_gb_v1,sklearn_v1
SALVADOR,tuberculose_lf_lam,2025,10,0.6286,2,0.0,0.0,4.0,silencio_provavel,Revisar cobertura de testagem e histórico de utilização do LACEN.,sklearn_gb_v1,sklearn_v1
BOA VISTA,influenza_a,2025,21,0.6286,2,0.0,0.0,4.0,silencio_provavel,Revisar cobertura de testagem e histórico de utilização do LACEN.,sklearn_gb_v1,sklearn_v1
PIRACICABA,zika,2025,4,0.6286,2,0.0,0.0,4.0,silencio_provavel,Revisar cobertura de testagem e histórico de utilização do LACEN.,sklearn_gb_v1,sklearn_v1
PIRAPEMAS,chikungunya,2025,6,0.6286,2,0.0,0.0,4.0,silencio_provavel,Revisar cobertura de testagem e histórico de utilização do LACEN.,sklearn_gb_v1,sklearn_v1
PIRATININGA,dengue,2025,3,0.6286,2,0.0,0.0,4.0,silencio_provavel,Revisar cobertura de testagem e histórico de utilização do LACEN.,sklearn_gb_v1,sklearn_v1
PIRATININGA,zika,2025,3,0.6286,2,0.0,0.0,4.0,silencio_provavel,Revisar cobertura de testagem e histórico de utilização do LACEN.,sklearn_gb_v1,sklearn_v1
BENEVIDES,dengue,2025,6,0.6286,2,0.0,0.0,4.0,silencio_provavel,Revisar cobertura de testagem e histórico de utilização do LACEN.,sklearn_gb_v1,sklearn_v1
BENEVIDES,zika,2025,6,0.6286,2,0.0,0.0,4.0,silencio_provavel,Revisar cobertura de testagem e histórico de utilização do LACEN.,sklearn_gb_v1,sklearn_v1
BIGUACU,chikungunya,2025,18,0.6286,2,0.0,0.0,4.0,silencio_provavel,Revisar cobertura de testagem e histórico de utilização do LACEN.,sklearn_gb_v1,sklearn_v1
BREU BRANCO,influenza_b,2025,22,0.6286,2,0.0,0.0,4.0,silencio_provavel,Revisar cobertura de testagem e histórico de utilização do LACEN.,sklearn_gb_v1,sklearn_v1
BREU BRANCO,sars_cov_2,2025,22,0.6286,2,0.0,0.0,4.0,silencio_provavel,Revisar cobertura de testagem e histórico de utilização do LACEN.,sklearn_gb_v1,sklearn_v1
POCAO DE PEDRAS,zika,2025,23,0.6286,2,0.0,0.0,4.0,silencio_provavel,Revisar cobertura de testagem e histórico de utilização do LACEN.,sklearn_gb_v1,sklearn_v1
PONTA GROSSA,dengue,2024,25,0.6286,2,0.0,0.0,4.0,silencio_provavel,Revisar cobertura de testagem e histórico de utilização do LACEN.,sklearn_gb_v1,sklearn_v1
PONTA GROSSA,zika,2024,25,0.6286,2,0.0,0.0,4.0,silencio_provavel,Revisar cobertura de testagem e histórico de utilização do LACEN.,sklearn_gb_v1,sklearn_v1
GARUVA,virus_respiratorios,2025,9,0.6286,2,0.0,0.0,4.0,silencio_provavel,Revisar cobertura de testagem e histórico de utilização do LACEN.,sklearn_gb_v1,sklearn_v1
GAURAMA,chikungunya,2024,34,0.6286,2,0.0,0.0,4.0,silencio_provavel,Revisar cobertura de testagem e histórico de utilização do LACEN.,sklearn_gb_v1,sklearn_v1
PORECATU,chikungunya,2025,4,0.6286,2,0.0,0.0,4.0,silencio_provavel,Revisar cobertura de testagem e histórico de utilização do LACEN.,sklearn_gb_v1,sklearn_v1
PORECATU,dengue,2025,4,0.6286,2,0.0,0.0,4.0,silencio_provavel,Revisar cobertura de testagem e histórico de utilização do LACEN.,sklearn_gb_v1,sklearn_v1
BRUSQUE,dengue,2025,19,0.6286,2,0.0,0.0,4.0,silencio_provavel,Revisar cobertura de testagem e histórico de utilização do LACEN.,sklearn_gb_v1,sklearn_v1
BRUSQUE,zika,2025,19,0.6286,2,0.0,0.0,4.0,silencio_provavel,Revisar cobertura de testagem e histórico de utilização do LACEN.,sklearn_gb_v1,sklearn_v1
GLORIA D''OESTE,pesquisa_de_multipatogenos_ist,2024,32,0.6286,2,0.0,0.0,4.0,silencio_provavel,Revisar cobertura de testagem e histórico de utilização do LACEN.,sklearn_gb_v1,sklearn_v1
CRUZ,zika,2025,12,0.6286,2,0.0,0.0,4.0,silencio_provavel,Revisar cobertura de testagem e histórico de utilização do LACEN.,sklearn_gb_v1,sklearn_v1
BURITI,chikungunya,2025,14,0.6286,2,0.0,0.0,4.0,silencio_provavel,Revisar cobertura de testagem e histórico de utilização do LACEN.,sklearn_gb_v1,sklearn_v1
BURITIS,influenza_a,2025,5,0.6286,2,0.0,0.0,4.0,silencio_provavel,Revisar cobertura de testagem e histórico de utilização do LACEN.,sklearn_gb_v1,sklearn_v1
BURITIS,influenza_b,2025,5,0.6286,2,0.0,0.0,4.0,silencio_provavel,Revisar cobertura de testagem e histórico de utilização do LACEN.,sklearn_gb_v1,sklearn_v1
BURITIS,virus_respiratorios,2025,5,0.6286,2,0.0,0.0,4.0,silencio_provavel,Revisar cobertura de testagem e histórico de utilização do LACEN.,sklearn_gb_v1,sklearn_v1
PORTEIRAO,dengue,2025,11,0.6286,2,0.0,0.0,4.0,silencio_provavel,Revisar cobertura de testagem e histórico de utilização do LACEN.,sklearn_gb_v1,sklearn_v1
PORTEIRAO,zika,2025,11,0.6286,2,0.0,0.0,4.0,silencio_provavel,Revisar cobertura de testagem e histórico de utilização do LACEN.,sklearn_gb_v1,sklearn_v1
PORTELANDIA,chikungunya,2025,4,0.6286,2,0.0,0.0,4.0,silencio_provavel,Revisar cobertura de testagem e histórico de utilização do LACEN.,sklearn_gb_v1,sklearn_v1
PORTELANDIA,dengue,2025,4,0.6286,2,0.0,0.0,4.0,silencio_provavel,Revisar cobertura de testagem e histórico de utilização do LACEN.,sklearn_gb_v1,sklearn_v1
PIO XII,dengue,2025,9,0.6286,2,0.0,0.0,4.0,silencio_provavel,Revisar cobertura de testagem e histórico de utilização do LACEN.,sklearn_gb_v1,sklearn_v1
PIO XII,zika,2025,9,0.6286,2,0.0,0.0,4.0,silencio_provavel,Revisar cobertura de testagem e histórico de utilização do LACEN.,sklearn_gb_v1,sklearn_v1
GIRAU DO PONCIANO,chikungunya,2025,9,0.6286,2,0.0,0.0,4.0,silencio_provavel,Revisar cobertura de testagem e histórico de utilização do LACEN.,sklearn_gb_v1,sklearn_v1
PIRACICABA,dengue,2025,4,0.6286,2,0.0,0.0,4.0,silencio_provavel,Revisar cobertura de testagem e histórico de utilização do LACEN.,sklearn_gb_v1,sklearn_v1
SANTA IZABEL DO OESTE,dengue,2025,4,0.6286,2,0.0,0.0,4.0,silencio_provavel,Revisar cobertura de testagem e histórico de utilização do LACEN.,sklearn_gb_v1,sklearn_v1
RIO BRILHANTE,chikungunya,2025,16,0.6286,2,0.0,0.0,4.0,silencio_provavel,Revisar cobertura de testagem e histórico de utilização do LACEN.,sklearn_gb_v1,sklearn_v1
RIO BRILHANTE,zika,2025,16,0.6286,2,0.0,0.0,4.0,silencio_provavel,Revisar cobertura de testagem e histórico de utilização do LACEN.,sklearn_gb_v1,sklearn_v1
RIO DE JANEIRO,influenza_b,2025,16,0.6286,2,0.0,0.0,4.0,silencio_provavel,Revisar cobertura de testagem e histórico de utilização do LACEN.,sklearn_gb_v1,sklearn_v1
RIO LARGO,chikungunya,2025,19,0.6286,2,0.0,0.0,4.0,silencio_provavel,Revisar cobertura de testagem e histórico de utilização do LACEN.,sklearn_gb_v1,sklearn_v1
RIO LARGO,zika,2025,19,0.6286,2,0.0,0.0,4.0,silencio_provavel,Revisar cobertura de testagem e histórico de utilização do LACEN.,sklearn_gb_v1,sklearn_v1
FLOR DO SERTAO,dengue,2025,20,0.6286,2,0.0,0.0,4.0,silencio_provavel,Revisar cobertura de testagem e histórico de utilização do LACEN.,sklearn_gb_v1,sklearn_v1
FLOR DO SERTAO,zika,2025,20,0.6286,2,0.0,0.0,4.0,silencio_provavel,Revisar cobertura de testagem e histórico de utilização do LACEN.,sklearn_gb_v1,sklearn_v1
RIO VERDE,influenza_b,2025,19,0.6286,2,0.0,0.0,4.0,silencio_provavel,Revisar cobertura de testagem e histórico de utilização do LACEN.,sklearn_gb_v1,sklearn_v1
RIO VERDE,zika,2025,5,0.6286,2,0.0,0.0,4.0,silencio_provavel,Revisar cobertura de testagem e histórico de utilização do LACEN.,sklearn_gb_v1,sklearn_v1
SANTA RITA,dengue,2025,9,0.6286,2,0.0,0.0,4.0,silencio_provavel,Revisar cobertura de testagem e histórico de utilização do LACEN.,sklearn_gb_v1,sklearn_v1
SANTA RITA,zika,2025,9,0.6286,2,0.0,0.0,4.0,silencio_provavel,Revisar cobertura de testagem e histórico de utilização do LACEN.,sklearn_gb_v1,sklearn_v1
BREJOLANDIA,zika,2025,1,0.6286,2,0.0,0.0,4.0,silencio_provavel,Revisar cobertura de testagem e histórico de utilização do LACEN.,sklearn_gb_v1,sklearn_v1
BREU BRANCO,influenza_a,2025,22,0.6286,2,0.0,0.0,4.0,silencio_provavel,Revisar cobertura de testagem e histórico de utilização do LACEN.,sklearn_gb_v1,sklearn_v1
CABROBO,chikungunya,2024,21,0.6286,2,0.0,0.0,4.0,silencio_provavel,Revisar cobertura de testagem e histórico de utilização do LACEN.,sklearn_gb_v1,sklearn_v1
PIMENTA BUENO,pesquisa_de_multipatogenos_ist,2026,19,0.6286,2,0.0,0.0,4.0,silencio_provavel,Revisar cobertura de testagem e histórico de utilização do LACEN.,sklearn_gb_v1,sklearn_v1
PARNAIBA,dengue,2025,20,0.6286,2,0.0,0.0,4.0,silencio_provavel,Revisar cobertura de testagem e histórico de utilização do LACEN.,sklearn_gb_v1,sklearn_v1
PARNAIBA,zika,2025,20,0.6286,2,0.0,0.0,4.0,silencio_provavel,Revisar cobertura de testagem e histórico de utilização do LACEN.,sklearn_gb_v1,sklearn_v1
PINDORAMA,dengue,2025,14,0.6286,2,0.0,0.0,4.0,silencio_provavel,Revisar cobertura de testagem e histórico de utilização do LACEN.,sklearn_gb_v1,sklearn_v1
PINDORAMA,zika,2025,14,0.6286,2,0.0,0.0,4.0,silencio_provavel,Revisar cobertura de testagem e histórico de utilização do LACEN.,sklearn_gb_v1,sklearn_v1
PINHALZINHO,chikungunya,2024,23,0.6286,2,0.0,0.0,4.0,silencio_provavel,Revisar cobertura de testagem e histórico de utilização do LACEN.,sklearn_gb_v1,sklearn_v1
PEDRA BRANCA DO AMAPARI,chikungunya,2025,18,0.6286,2,0.0,0.0,4.0,silencio_provavel,Revisar cobertura de testagem e histórico de utilização do LACEN.,sklearn_gb_v1,sklearn_v1
PEDRA BRANCA DO AMAPARI,zika,2025,18,0.6286,2,0.0,0.0,4.0,silencio_provavel,Revisar cobertura de testagem e histórico de utilização do LACEN.,sklearn_gb_v1,sklearn_v1
PEDREIRAS,rifampicina,2025,7,0.6286,2,0.0,0.0,4.0,silencio_provavel,Revisar cobertura de testagem e histórico de utilização do LACEN.,sklearn_gb_v1,sklearn_v1
CRUZEIRO DO SUL,dengue,2025,7,0.6286,2,0.0,0.0,4.0,silencio_provavel,Revisar cobertura de testagem e histórico de utilização do LACEN.,sklearn_gb_v1,sklearn_v1
GOIANIA,tuberculose_lf_lam,2025,12,0.6286,2,0.0,0.0,4.0,silencio_provavel,Revisar cobertura de testagem e histórico de utilização do LACEN.,sklearn_gb_v1,sklearn_v1
GOVERNADOR EDISON LOBAO,influenza_a,2025,15,0.6286,2,0.0,0.0,4.0,silencio_provavel,Revisar cobertura de testagem e histórico de utilização do LACEN.,sklearn_gb_v1,sklearn_v1
GOVERNADOR EDISON LOBAO,influenza_b,2025,15,0.6286,2,0.0,0.0,4.0,silencio_provavel,Revisar cobertura de testagem e histórico de utilização do LACEN.,sklearn_gb_v1,sklearn_v1
PENDENCIAS,chikungunya,2025,4,0.6286,2,0.0,0.0,4.0,silencio_provavel,Revisar cobertura de testagem e histórico de utilização do LACEN.,sklearn_gb_v1,sklearn_v1
PENDENCIAS,dengue,2025,4,0.6286,2,0.0,0.0,4.0,silencio_provavel,Revisar cobertura de testagem e histórico de utilização do LACEN.,sklearn_gb_v1,sklearn_v1
PENDENCIAS,zika,2025,4,0.6286,2,0.0,0.0,4.0,silencio_provavel,Revisar cobertura de testagem e histórico de utilização do LACEN.,sklearn_gb_v1,sklearn_v1
PEREIRA BARRETO,dengue,2025,6,0.6286,2,0.0,0.0,4.0,silencio_provavel,Revisar cobertura de testagem e histórico de utilização do LACEN.,sklearn_gb_v1,sklearn_v1
GRAJAU,dengue,2025,9,0.6286,2,0.0,0.0,4.0,silencio_provavel,Revisar cobertura de testagem e histórico de utilização do LACEN.,sklearn_gb_v1,sklearn_v1
PARANAVAI,chikungunya,2025,13,0.6286,2,0.0,0.0,4.0,silencio_provavel,Revisar cobertura de testagem e histórico de utilização do LACEN.,sklearn_gb_v1,sklearn_v1
PARANAVAI,dengue,2025,13,0.6286,2,0.0,0.0,4.0,silencio_provavel,Revisar cobertura de testagem e histórico de utilização do LACEN.,sklearn_gb_v1,sklearn_v1
PARANAVAI,zika,2025,13,0.6286,2,0.0,0.0,4.0,silencio_provavel,Revisar cobertura de testagem e histórico de utilização do LACEN.,sklearn_gb_v1,sklearn_v1
PARAUAPEBAS,influenza_a,2025,5,0.6286,2,0.0,0.0,4.0,silencio_provavel,Revisar cobertura de testagem e histórico de utilização do LACEN.,sklearn_gb_v1,sklearn_v1
PARAUAPEBAS,influenza_b,2025,5,0.6286,2,0.0,0.0,4.0,silencio_provavel,Revisar cobertura de testagem e histórico de utilização do LACEN.,sklearn_gb_v1,sklearn_v1
PARAUAPEBAS,sars_cov_2,2025,5,0.6286,2,0.0,0.0,4.0,silencio_provavel,Revisar cobertura de testagem e histórico de utilização do LACEN.,sklearn_gb_v1,sklearn_v1
PERITORO,dengue,2025,4,0.6286,2,0.0,0.0,4.0,silencio_provavel,Revisar cobertura de testagem e histórico de utilização do LACEN.,sklearn_gb_v1,sklearn_v1
PERITORO,zika,2025,4,0.6286,2,0.0,0.0,4.0,silencio_provavel,Revisar cobertura de testagem e histórico de utilização do LACEN.,sklearn_gb_v1,sklearn_v1
CABEDELO,chikungunya,2025,9,0.6286,2,0.0,0.0,4.0,silencio_provavel,Revisar cobertura de testagem e histórico de utilização do LACEN.,sklearn_gb_v1,sklearn_v1
GOVERNADOR NUNES FREIRE,dengue,2025,1,0.6286,2,0.0,0.0,4.0,silencio_provavel,Revisar cobertura de testagem e histórico de utilização do LACEN.,sklearn_gb_v1,sklearn_v1
GOVERNADOR NUNES FREIRE,zika,2025,1,0.6286,2,0.0,0.0,4.0,silencio_provavel,Revisar cobertura de testagem e histórico de utilização do LACEN.,sklearn_gb_v1,sklearn_v1
CRISTIANOPOLIS,chikungunya,2025,9,0.6286,2,0.0,0.0,4.0,silencio_provavel,Revisar cobertura de testagem e histórico de utilização do LACEN.,sklearn_gb_v1,sklearn_v1
CRISTIANOPOLIS,dengue,2025,9,0.6286,2,0.0,0.0,4.0,silencio_provavel,Revisar cobertura de testagem e histórico de utilização do LACEN.,sklearn_gb_v1,sklearn_v1
CRISTIANOPOLIS,zika,2025,9,0.6286,2,0.0,0.0,4.0,silencio_provavel,Revisar cobertura de testagem e histórico de utilização do LACEN.,sklearn_gb_v1,sklearn_v1
CRUZ,chikungunya,2025,12,0.6286,2,0.0,0.0,4.0,silencio_provavel,Revisar cobertura de testagem e histórico de utilização do LACEN.,sklearn_gb_v1,sklearn_v1
BALNEARIO ARROIO DO SILVA,dengue,2025,10,0.6286,2,0.0,0.0,4.0,silencio_provavel,Revisar cobertura de testagem e histórico de utilização do LACEN.,sklearn_gb_v1,sklearn_v1
BALNEARIO ARROIO DO SILVA,zika,2025,10,0.6286,2,0.0,0.0,4.0,silencio_provavel,Revisar cobertura de testagem e histórico de utilização do LACEN.,sklearn_gb_v1,sklearn_v1
SALVATERRA,dengue,2025,10,0.6286,2,0.0,0.0,4.0,silencio_provavel,Revisar cobertura de testagem e histórico de utilização do LACEN.,sklearn_gb_v1,sklearn_v1
SALVATERRA,zika,2025,10,0.6286,2,0.0,0.0,4.0,silencio_provavel,Revisar cobertura de testagem e histórico de utilização do LACEN.,sklearn_gb_v1,sklearn_v1
FERNANDOPOLIS,dengue,2025,13,0.6286,2,0.0,0.0,4.0,silencio_provavel,Revisar cobertura de testagem e histórico de utilização do LACEN.,sklearn_gb_v1,sklearn_v1
FERNANDOPOLIS,zika,2025,13,0.6286,2,0.0,0.0,4.0,silencio_provavel,Revisar cobertura de testagem e histórico de utilização do LACEN.,sklearn_gb_v1,sklearn_v1
SANTA CRUZ DE MONTE CASTELO,pesquisa_de_multipatogenos_ist,2025,14,0.6286,2,0.0,0.0,4.0,silencio_provavel,Revisar cobertura de testagem e histórico de utilização do LACEN.,sklearn_gb_v1,sklearn_v1
BARRA DA ESTIVA,dengue,2025,9,0.6286,2,0.0,0.0,4.0,silencio_provavel,Revisar cobertura de testagem e histórico de utilização do LACEN.,sklearn_gb_v1,sklearn_v1
BARRA DA ESTIVA,zika,2025,9,0.6286,2,0.0,0.0,4.0,silencio_provavel,Revisar cobertura de testagem e histórico de utilização do LACEN.,sklearn_gb_v1,sklearn_v1
ASSIS,influenza_b,2025,18,0.6286,2,0.0,0.0,4.0,silencio_provavel,Revisar cobertura de testagem e histórico de utilização do LACEN.,sklearn_gb_v1,sklearn_v1
ASSIS,sars_cov_2,2025,18,0.6286,2,0.0,0.0,4.0,silencio_provavel,Revisar cobertura de testagem e histórico de utilização do LACEN.,sklearn_gb_v1,sklearn_v1
PATROCINIO,dengue,2025,10,0.6286,2,0.0,0.0,4.0,silencio_provavel,Revisar cobertura de testagem e histórico de utilização do LACEN.,sklearn_gb_v1,sklearn_v1
PATROCINIO,zika,2025,10,0.6286,2,0.0,0.0,4.0,silencio_provavel,Revisar cobertura de testagem e histórico de utilização do LACEN.,sklearn_gb_v1,sklearn_v1
PARAGUACU PAULISTA,chikungunya,2024,33,0.6286,2,0.0,0.0,4.0,silencio_provavel,Revisar cobertura de testagem e histórico de utilização do LACEN.,sklearn_gb_v1,sklearn_v1
PARANAGUA,pesquisa_de_multipatogenos_ist,2024,31,0.6286,2,0.0,0.0,4.0,silencio_provavel,Revisar cobertura de testagem e histórico de utilização do LACEN.,sklearn_gb_v1,sklearn_v1
PARANAPANEMA,variola,2025,17,0.6286,2,0.0,0.0,4.0,silencio_provavel,Revisar cobertura de testagem e histórico de utilização do LACEN.,sklearn_gb_v1,sklearn_v1
GUAJARA-MIRIM,chikungunya,2025,9,0.6286,2,0.0,0.0,4.0,silencio_provavel,Revisar cobertura de testagem e histórico de utilização do LACEN.,sklearn_gb_v1,sklearn_v1
GUANAMBI,dengue,2025,5,0.6286,2,0.0,0.0,4.0,silencio_provavel,Revisar cobertura de testagem e histórico de utilização do LACEN.,sklearn_gb_v1,sklearn_v1
GUANAMBI,zika,2025,5,0.6286,2,0.0,0.0,4.0,silencio_provavel,Revisar cobertura de testagem e histórico de utilização do LACEN.,sklearn_gb_v1,sklearn_v1
GOVERNADOR EDISON LOBAO,sars_cov_2,2025,15,0.6286,2,0.0,0.0,4.0,silencio_provavel,Revisar cobertura de testagem e histórico de utilização do LACEN.,sklearn_gb_v1,sklearn_v1
GOVERNADOR LUIZ ROCHA,dengue,2025,24,0.6286,2,0.0,0.0,4.0,silencio_provavel,Revisar cobertura de testagem e histórico de utilização do LACEN.,sklearn_gb_v1,sklearn_v1
GOVERNADOR LUIZ ROCHA,zika,2025,24,0.6286,2,0.0,0.0,4.0,silencio_provavel,Revisar cobertura de testagem e histórico de utilização do LACEN.,sklearn_gb_v1,sklearn_v1
CAMPESTRE,chikungunya,2025,13,0.6286,2,0.0,0.0,4.0,silencio_provavel,Revisar cobertura de testagem e histórico de utilização do LACEN.,sklearn_gb_v1,sklearn_v1
CAMPESTRE,dengue,2025,13,0.6286,2,0.0,0.0,4.0,silencio_provavel,Revisar cobertura de testagem e histórico de utilização do LACEN.,sklearn_gb_v1,sklearn_v1
CAMPESTRE,zika,2025,13,0.6286,2,0.0,0.0,4.0,silencio_provavel,Revisar cobertura de testagem e histórico de utilização do LACEN.,sklearn_gb_v1,sklearn_v1
CAMPINACU,chikungunya,2025,4,0.6286,2,0.0,0.0,4.0,silencio_provavel,Revisar cobertura de testagem e histórico de utilização do LACEN.,sklearn_gb_v1,sklearn_v1
CAMPINACU,dengue,2025,4,0.6286,2,0.0,0.0,4.0,silencio_provavel,Revisar cobertura de testagem e histórico de utilização do LACEN.,sklearn_gb_v1,sklearn_v1
PANORAMA,chikungunya,2024,21,0.6286,2,0.0,0.0,4.0,silencio_provavel,Revisar cobertura de testagem e histórico de utilização do LACEN.,sklearn_gb_v1,sklearn_v1
CACU,chikungunya,2024,24,0.6286,2,0.0,0.0,4.0,silencio_provavel,Revisar cobertura de testagem e histórico de utilização do LACEN.,sklearn_gb_v1,sklearn_v1
CALDAS NOVAS,chikungunya,2025,4,0.6286,2,0.0,0.0,4.0,silencio_provavel,Revisar cobertura de testagem e histórico de utilização do LACEN.,sklearn_gb_v1,sklearn_v1
PAROBE,zika,2025,5,0.6286,2,0.0,0.0,4.0,silencio_provavel,Revisar cobertura de testagem e histórico de utilização do LACEN.,sklearn_gb_v1,sklearn_v1
PATROCINIO,chikungunya,2025,10,0.6286,2,0.0,0.0,4.0,silencio_provavel,Revisar cobertura de testagem e histórico de utilização do LACEN.,sklearn_gb_v1,sklearn_v1
OURINHOS,chikungunya,2025,19,0.6286,2,0.0,0.0,4.0,silencio_provavel,Revisar cobertura de testagem e histórico de utilização do LACEN.,sklearn_gb_v1,sklearn_v1
OURINHOS,zika,2025,1,0.6286,2,0.0,0.0,4.0,silencio_provavel,Revisar cobertura de testagem e histórico de utilização do LACEN.,sklearn_gb_v1,sklearn_v1
PACARAIMA,variola,2025,13,0.6286,2,0.0,0.0,4.0,silencio_provavel,Revisar cobertura de testagem e histórico de utilização do LACEN.,sklearn_gb_v1,sklearn_v1
PACO DO LUMIAR,dengue,2025,8,0.6286,2,0.0,0.0,4.0,silencio_provavel,Revisar cobertura de testagem e histórico de utilização do LACEN.,sklearn_gb_v1,sklearn_v1
CORUMBIARA,zika,2025,3,0.6286,2,0.0,0.0,4.0,silencio_provavel,Revisar cobertura de testagem e histórico de utilização do LACEN.,sklearn_gb_v1,sklearn_v1
PACO DO LUMIAR,influenza_b,2025,20,0.6286,2,0.0,0.0,4.0,silencio_provavel,Revisar cobertura de testagem e histórico de utilização do LACEN.,sklearn_gb_v1,sklearn_v1
CALDAS NOVAS,dengue,2025,4,0.6286,2,0.0,0.0,4.0,silencio_provavel,Revisar cobertura de testagem e histórico de utilização do LACEN.,sklearn_gb_v1,sklearn_v1
CALDAS NOVAS,zika,2025,4,0.6286,2,0.0,0.0,4.0,silencio_provavel,Revisar cobertura de testagem e histórico de utilização do LACEN.,sklearn_gb_v1,sklearn_v1
CAMBE,chikungunya,2025,13,0.6286,2,0.0,0.0,4.0,silencio_provavel,Revisar cobertura de testagem e histórico de utilização do LACEN.,sklearn_gb_v1,sklearn_v1
PADRE PARAISO,zika,2025,9,0.6286,2,0.0,0.0,4.0,silencio_provavel,Revisar cobertura de testagem e histórico de utilização do LACEN.,sklearn_gb_v1,sklearn_v1
PALHOCA,dengue,2025,6,0.6286,2,0.0,0.0,4.0,silencio_provavel,Revisar cobertura de testagem e histórico de utilização do LACEN.,sklearn_gb_v1,sklearn_v1
PALHOCA,zika,2025,6,0.6286,2,0.0,0.0,4.0,silencio_provavel,Revisar cobertura de testagem e histórico de utilização do LACEN.,sklearn_gb_v1,sklearn_v1
PALMARES,chikungunya,2025,7,0.6286,2,0.0,0.0,4.0,silencio_provavel,Revisar cobertura de testagem e histórico de utilização do LACEN.,sklearn_gb_v1,sklearn_v1
PALMARES,dengue,2025,7,0.6286,2,0.0,0.0,4.0,silencio_provavel,Revisar cobertura de testagem e histórico de utilização do LACEN.,sklearn_gb_v1,sklearn_v1
PALMARES,zika,2025,7,0.6286,2,0.0,0.0,4.0,silencio_provavel,Revisar cobertura de testagem e histórico de utilização do LACEN.,sklearn_gb_v1,sklearn_v1
CAMPINACU,zika,2025,4,0.6286,2,0.0,0.0,4.0,silencio_provavel,Revisar cobertura de testagem e histórico de utilização do LACEN.,sklearn_gb_v1,sklearn_v1
ASSIS,tuberculose_teste_de_sensibilidade,2025,2,0.6286,2,0.0,0.0,4.0,silencio_provavel,Revisar cobertura de testagem e histórico de utilização do LACEN.,sklearn_gb_v1,sklearn_v1
SANTO ANTONIO DO TAUA,leptospira,2025,15,0.6286,2,0.0,0.0,4.0,silencio_provavel,Revisar cobertura de testagem e histórico de utilização do LACEN.,sklearn_gb_v1,sklearn_v1
SANTA IZABEL DO OESTE,zika,2025,4,0.6286,2,0.0,0.0,4.0,silencio_provavel,Revisar cobertura de testagem e histórico de utilização do LACEN.,sklearn_gb_v1,sklearn_v1
SANTA LUZIA,influenza_a,2025,17,0.6286,2,0.0,0.0,4.0,silencio_provavel,Revisar cobertura de testagem e histórico de utilização do LACEN.,sklearn_gb_v1,sklearn_v1
SANTA LUZIA,influenza_b,2025,17,0.6286,2,0.0,0.0,4.0,silencio_provavel,Revisar cobertura de testagem e histórico de utilização do LACEN.,sklearn_gb_v1,sklearn_v1
SANTA LUZIA,sars_cov_2,2025,17,0.6286,2,0.0,0.0,4.0,silencio_provavel,Revisar cobertura de testagem e histórico de utilização do LACEN.,sklearn_gb_v1,sklearn_v1
FARIAS BRITO,dengue,2025,15,0.6286,2,0.0,0.0,4.0,silencio_provavel,Revisar cobertura de testagem e histórico de utilização do LACEN.,sklearn_gb_v1,sklearn_v1
FARIAS BRITO,zika,2025,15,0.6286,2,0.0,0.0,4.0,silencio_provavel,Revisar cobertura de testagem e histórico de utilização do LACEN.,sklearn_gb_v1,sklearn_v1
FEIRA DE SANTANA,chikungunya,2025,12,0.6286,2,0.0,0.0,4.0,silencio_provavel,Revisar cobertura de testagem e histórico de utilização do LACEN.,sklearn_gb_v1,sklearn_v1
SANTA MARIA,dengue,2025,10,0.6286,2,0.0,0.0,4.0,silencio_provavel,Revisar cobertura de testagem e histórico de utilização do LACEN.,sklearn_gb_v1,sklearn_v1
SANTA MARIA DO OESTE,chikungunya,2025,6,0.6286,2,0.0,0.0,4.0,silencio_provavel,Revisar cobertura de testagem e histórico de utilização do LACEN.,sklearn_gb_v1,sklearn_v1
SANTA RITA,chikungunya,2025,9,0.6286,2,0.0,0.0,4.0,silencio_provavel,Revisar cobertura de testagem e histórico de utilização do LACEN.,sklearn_gb_v1,sklearn_v1
SAO JOSE DOS BASILIOS,chikungunya,2025,19,0.6286,2,0.0,0.0,4.0,silencio_provavel,Revisar cobertura de testagem e histórico de utilização do LACEN.,sklearn_gb_v1,sklearn_v1
SAO JOSE DOS CAMPOS,chikungunya,2024,32,0.6286,2,0.0,0.0,4.0,silencio_provavel,Revisar cobertura de testagem e histórico de utilização do LACEN.,sklearn_gb_v1,sklearn_v1
GUARANI DAS MISSOES,zika,2025,9,0.6286,2,0.0,0.0,4.0,silencio_provavel,Revisar cobertura de testagem e histórico de utilização do LACEN.,sklearn_gb_v1,sklearn_v1
OSORIO,chikungunya,2025,4,0.6286,2,0.0,0.0,4.0,silencio_provavel,Revisar cobertura de testagem e histórico de utilização do LACEN.,sklearn_gb_v1,sklearn_v1
ICARA,chikungunya,2025,21,0.6286,2,0.0,0.0,4.0,silencio_provavel,Revisar cobertura de testagem e histórico de utilização do LACEN.,sklearn_gb_v1,sklearn_v1
NOVO REPARTIMENTO,zika,2025,13,0.6286,2,0.0,0.0,4.0,silencio_provavel,Revisar cobertura de testagem e histórico de utilização do LACEN.,sklearn_gb_v1,sklearn_v1
PACO DO LUMIAR,virus_respiratorios,2025,20,0.6286,2,0.0,0.0,4.0,silencio_provavel,Revisar cobertura de testagem e histórico de utilização do LACEN.,sklearn_gb_v1,sklearn_v1
PACO DO LUMIAR,zika,2025,8,0.6286,2,0.0,0.0,4.0,silencio_provavel,Revisar cobertura de testagem e histórico de utilização do LACEN.,sklearn_gb_v1,sklearn_v1
PADRE PARAISO,chikungunya,2025,9,0.6286,2,0.0,0.0,4.0,silencio_provavel,Revisar cobertura de testagem e histórico de utilização do LACEN.,sklearn_gb_v1,sklearn_v1
PADRE PARAISO,dengue,2025,9,0.6286,2,0.0,0.0,4.0,silencio_provavel,Revisar cobertura de testagem e histórico de utilização do LACEN.,sklearn_gb_v1,sklearn_v1
COSTA RICA,dengue,2025,16,0.6286,2,0.0,0.0,4.0,silencio_provavel,Revisar cobertura de testagem e histórico de utilização do LACEN.,sklearn_gb_v1,sklearn_v1
COSTA RICA,zika,2025,16,0.6286,2,0.0,0.0,4.0,silencio_provavel,Revisar cobertura de testagem e histórico de utilização do LACEN.,sklearn_gb_v1,sklearn_v1
GUARAPUAVA,chikungunya,2025,6,0.6286,2,0.0,0.0,4.0,silencio_provavel,Revisar cobertura de testagem e histórico de utilização do LACEN.,sklearn_gb_v1,sklearn_v1
CAMPO FORMOSO,chikungunya,2024,44,0.6286,2,0.0,0.0,4.0,silencio_provavel,Revisar cobertura de testagem e histórico de utilização do LACEN.,sklearn_gb_v1,sklearn_v1
CAMPO GRANDE,influenza_a,2025,18,0.6286,2,0.0,0.0,4.0,silencio_provavel,Revisar cobertura de testagem e histórico de utilização do LACEN.,sklearn_gb_v1,sklearn_v1
CAMPO GRANDE,influenza_b,2025,18,0.6286,2,0.0,0.0,4.0,silencio_provavel,Revisar cobertura de testagem e histórico de utilização do LACEN.,sklearn_gb_v1,sklearn_v1
CAMPO GRANDE,virus_respiratorios,2025,18,0.6286,2,0.0,0.0,4.0,silencio_provavel,Revisar cobertura de testagem e histórico de utilização do LACEN.,sklearn_gb_v1,sklearn_v1
ORIENTE,chikungunya,2025,10,0.6286,2,0.0,0.0,4.0,silencio_provavel,Revisar cobertura de testagem e histórico de utilização do LACEN.,sklearn_gb_v1,sklearn_v1
GUARANI DAS MISSOES,chikungunya,2025,9,0.6286,2,0.0,0.0,4.0,silencio_provavel,Revisar cobertura de testagem e histórico de utilização do LACEN.,sklearn_gb_v1,sklearn_v1
GUARANI DAS MISSOES,dengue,2025,9,0.6286,2,0.0,0.0,4.0,silencio_provavel,Revisar cobertura de testagem e histórico de utilização do LACEN.,sklearn_gb_v1,sklearn_v1
ICARA,zika,2025,21,0.6286,2,0.0,0.0,4.0,silencio_provavel,Revisar cobertura de testagem e histórico de utilização do LACEN.,sklearn_gb_v1,sklearn_v1
IGARAPE DO MEIO,chikungunya,2025,18,0.6286,2,0.0,0.0,4.0,silencio_provavel,Revisar cobertura de testagem e histórico de utilização do LACEN.,sklearn_gb_v1,sklearn_v1
IGARAPE DO MEIO,zika,2025,18,0.6286,2,0.0,0.0,4.0,silencio_provavel,Revisar cobertura de testagem e histórico de utilização do LACEN.,sklearn_gb_v1,sklearn_v1
NOVO ARIPUANA,pesquisa_de_multipatogenos_ist,2025,29,0.6286,2,0.0,0.0,4.0,silencio_provavel,Revisar cobertura de testagem e histórico de utilização do LACEN.,sklearn_gb_v1,sklearn_v1
NOVO HORIZONTE DO OESTE,dengue,2025,9,0.6286,2,0.0,0.0,4.0,silencio_provavel,Revisar cobertura de testagem e histórico de utilização do LACEN.,sklearn_gb_v1,sklearn_v1
NOVO HORIZONTE DO OESTE,zika,2025,9,0.6286,2,0.0,0.0,4.0,silencio_provavel,Revisar cobertura de testagem e histórico de utilização do LACEN.,sklearn_gb_v1,sklearn_v1
CAMPO LIMPO PAULISTA,zika,2025,18,0.6286,2,0.0,0.0,4.0,silencio_provavel,Revisar cobertura de testagem e histórico de utilização do LACEN.,sklearn_gb_v1,sklearn_v1
CAMPO MOURAO,hepatite_c_hcv,2025,9,0.6286,2,0.0,0.0,4.0,silencio_provavel,Revisar cobertura de testagem e histórico de utilização do LACEN.,sklearn_gb_v1,sklearn_v1
ORIENTE,dengue,2025,10,0.6286,2,0.0,0.0,4.0,silencio_provavel,Revisar cobertura de testagem e histórico de utilização do LACEN.,sklearn_gb_v1,sklearn_v1
ORIXIMINA,zika,2025,22,0.6286,2,0.0,0.0,4.0,silencio_provavel,Revisar cobertura de testagem e histórico de utilização do LACEN.,sklearn_gb_v1,sklearn_v1
NOVO PROGRESSO,sars_cov_2,2025,11,0.6286,2,0.0,0.0,4.0,silencio_provavel,Revisar cobertura de testagem e histórico de utilização do LACEN.,sklearn_gb_v1,sklearn_v1
HORIZONTE,chikungunya,2025,9,0.6286,2,0.0,0.0,4.0,silencio_provavel,Revisar cobertura de testagem e histórico de utilização do LACEN.,sklearn_gb_v1,sklearn_v1
HORIZONTE,dengue,2025,9,0.6286,2,0.0,0.0,4.0,silencio_provavel,Revisar cobertura de testagem e histórico de utilização do LACEN.,sklearn_gb_v1,sklearn_v1
HORIZONTE,zika,2025,9,0.6286,2,0.0,0.0,4.0,silencio_provavel,Revisar cobertura de testagem e histórico de utilização do LACEN.,sklearn_gb_v1,sklearn_v1
HUMAITA,chikungunya,2025,19,0.6286,2,0.0,0.0,4.0,silencio_provavel,Revisar cobertura de testagem e histórico de utilização do LACEN.,sklearn_gb_v1,sklearn_v1
HUMAITA,zika,2025,19,0.6286,2,0.0,0.0,4.0,silencio_provavel,Revisar cobertura de testagem e histórico de utilização do LACEN.,sklearn_gb_v1,sklearn_v1
SAO LOURENCO DA MATA,dengue,2025,4,0.6286,2,0.0,0.0,4.0,silencio_provavel,Revisar cobertura de testagem e histórico de utilização do LACEN.,sklearn_gb_v1,sklearn_v1
SAO LOURENCO DA MATA,zika,2025,4,0.6286,2,0.0,0.0,4.0,silencio_provavel,Revisar cobertura de testagem e histórico de utilização do LACEN.,sklearn_gb_v1,sklearn_v1
SAO MIGUEL DO OESTE,chikungunya,2024,29,0.6286,2,0.0,0.0,4.0,silencio_provavel,Revisar cobertura de testagem e histórico de utilização do LACEN.,sklearn_gb_v1,sklearn_v1
SANTO ANDRE,dengue,2025,14,0.6286,2,0.0,0.0,4.0,silencio_provavel,Revisar cobertura de testagem e histórico de utilização do LACEN.,sklearn_gb_v1,sklearn_v1
SANTO ANDRE,zika,2025,14,0.6286,2,0.0,0.0,4.0,silencio_provavel,Revisar cobertura de testagem e histórico de utilização do LACEN.,sklearn_gb_v1,sklearn_v1
CURITIBANOS,chikungunya,2025,6,0.6286,2,0.0,0.0,4.0,silencio_provavel,Revisar cobertura de testagem e histórico de utilização do LACEN.,sklearn_gb_v1,sklearn_v1
EUCLIDES DA CUNHA,influenza_a,2025,19,0.6286,2,0.0,0.0,4.0,silencio_provavel,Revisar cobertura de testagem e histórico de utilização do LACEN.,sklearn_gb_v1,sklearn_v1
EUCLIDES DA CUNHA,influenza_b,2025,19,0.6286,2,0.0,0.0,4.0,silencio_provavel,Revisar cobertura de testagem e histórico de utilização do LACEN.,sklearn_gb_v1,sklearn_v1
EUCLIDES DA CUNHA,virus_respiratorios,2025,19,0.6286,2,0.0,0.0,4.0,silencio_provavel,Revisar cobertura de testagem e histórico de utilização do LACEN.,sklearn_gb_v1,sklearn_v1
EUCLIDES DA CUNHA PAULISTA,chikungunya,2025,18,0.6286,2,0.0,0.0,4.0,silencio_provavel,Revisar cobertura de testagem e histórico de utilização do LACEN.,sklearn_gb_v1,sklearn_v1
ASSIS,influenza_a,2025,18,0.6286,2,0.0,0.0,4.0,silencio_provavel,Revisar cobertura de testagem e histórico de utilização do LACEN.,sklearn_gb_v1,sklearn_v1
ALVORADA D''OESTE,dengue,2025,9,0.6286,2,0.0,0.0,4.0,silencio_provavel,Revisar cobertura de testagem e histórico de utilização do LACEN.,sklearn_gb_v1,sklearn_v1
ALVORADA D''OESTE,zika,2025,9,0.6286,2,0.0,0.0,4.0,silencio_provavel,Revisar cobertura de testagem e histórico de utilização do LACEN.,sklearn_gb_v1,sklearn_v1
NOVA ANDRADINA,zika,2025,7,0.6286,2,0.0,0.0,4.0,silencio_provavel,Revisar cobertura de testagem e histórico de utilização do LACEN.,sklearn_gb_v1,sklearn_v1
NOVA CRIXAS,chikungunya,2025,7,0.6286,2,0.0,0.0,4.0,silencio_provavel,Revisar cobertura de testagem e histórico de utilização do LACEN.,sklearn_gb_v1,sklearn_v1
CORUMBIARA,chikungunya,2025,3,0.6286,2,0.0,0.0,4.0,silencio_provavel,Revisar cobertura de testagem e histórico de utilização do LACEN.,sklearn_gb_v1,sklearn_v1
SAO CARLOS,pesquisa_de_multipatogenos_ist,2025,32,0.6286,2,0.0,0.0,4.0,silencio_provavel,Revisar cobertura de testagem e histórico de utilização do LACEN.,sklearn_gb_v1,sklearn_v1
SAO FELIPE D''OESTE,dengue,2025,6,0.6286,2,0.0,0.0,4.0,silencio_provavel,Revisar cobertura de testagem e histórico de utilização do LACEN.,sklearn_gb_v1,sklearn_v1
SAO FELIPE D''OESTE,zika,2025,6,0.6286,2,0.0,0.0,4.0,silencio_provavel,Revisar cobertura de testagem e histórico de utilização do LACEN.,sklearn_gb_v1,sklearn_v1
ARIQUEMES,pesquisa_de_multipatogenos_ist,2026,2,0.6286,2,0.0,0.0,4.0,silencio_provavel,Revisar cobertura de testagem e histórico de utilização do LACEN.,sklearn_gb_v1,sklearn_v1
TAQUARANA,influenza_a,2025,9,0.6286,2,0.0,0.0,4.0,silencio_provavel,Revisar cobertura de testagem e histórico de utilização do LACEN.,sklearn_gb_v1,sklearn_v1
TAQUARANA,influenza_b,2025,9,0.6286,2,0.0,0.0,4.0,silencio_provavel,Revisar cobertura de testagem e histórico de utilização do LACEN.,sklearn_gb_v1,sklearn_v1
MONTES CLAROS,rubeola_igm,2025,5,0.6286,2,0.0,0.0,4.0,silencio_provavel,Revisar cobertura de testagem e histórico de utilização do LACEN.,sklearn_gb_v1,sklearn_v1
MONTES CLAROS,toxoplasmose_igm,2025,5,0.6286,2,0.0,0.0,4.0,silencio_provavel,Revisar cobertura de testagem e histórico de utilização do LACEN.,sklearn_gb_v1,sklearn_v1
MONTIVIDIU,zika,2025,5,0.6286,2,0.0,0.0,4.0,silencio_provavel,Revisar cobertura de testagem e histórico de utilização do LACEN.,sklearn_gb_v1,sklearn_v1
MOZARLANDIA,chikungunya,2025,10,0.6286,2,0.0,0.0,4.0,silencio_provavel,Revisar cobertura de testagem e histórico de utilização do LACEN.,sklearn_gb_v1,sklearn_v1
MOZARLANDIA,dengue,2025,10,0.6286,2,0.0,0.0,4.0,silencio_provavel,Revisar cobertura de testagem e histórico de utilização do LACEN.,sklearn_gb_v1,sklearn_v1
MOZARLANDIA,zika,2025,10,0.6286,2,0.0,0.0,4.0,silencio_provavel,Revisar cobertura de testagem e histórico de utilização do LACEN.,sklearn_gb_v1,sklearn_v1
MURICI,chikungunya,2025,20,0.6286,2,0.0,0.0,4.0,silencio_provavel,Revisar cobertura de testagem e histórico de utilização do LACEN.,sklearn_gb_v1,sklearn_v1
NATAL,tuberculose_cultura,2025,21,0.6286,2,0.0,0.0,4.0,silencio_provavel,Revisar cobertura de testagem e histórico de utilização do LACEN.,sklearn_gb_v1,sklearn_v1
NITEROI,chikungunya,2025,7,0.6286,2,0.0,0.0,4.0,silencio_provavel,Revisar cobertura de testagem e histórico de utilização do LACEN.,sklearn_gb_v1,sklearn_v1
NOVA ANDRADINA,dengue,2025,7,0.6286,2,0.0,0.0,4.0,silencio_provavel,Revisar cobertura de testagem e histórico de utilização do LACEN.,sklearn_gb_v1,sklearn_v1
MEDICILANDIA,hantavirus,2024,24,0.6286,2,0.0,0.0,4.0,silencio_provavel,Revisar cobertura de testagem e histórico de utilização do LACEN.,sklearn_gb_v1,sklearn_v1
MIGUELOPOLIS,dengue,2025,4,0.6286,2,0.0,0.0,4.0,silencio_provavel,Revisar cobertura de testagem e histórico de utilização do LACEN.,sklearn_gb_v1,sklearn_v1
MIGUELOPOLIS,zika,2025,4,0.6286,2,0.0,0.0,4.0,silencio_provavel,Revisar cobertura de testagem e histórico de utilização do LACEN.,sklearn_gb_v1,sklearn_v1
MINEIROS,zika,2025,26,0.6286,2,0.0,0.0,4.0,silencio_provavel,Revisar cobertura de testagem e histórico de utilização do LACEN.,sklearn_gb_v1,sklearn_v1
IPAUMIRIM,chikungunya,2025,9,0.6286,2,0.0,0.0,4.0,silencio_provavel,Revisar cobertura de testagem e histórico de utilização do LACEN.,sklearn_gb_v1,sklearn_v1
IPAUMIRIM,dengue,2025,9,0.6286,2,0.0,0.0,4.0,silencio_provavel,Revisar cobertura de testagem e histórico de utilização do LACEN.,sklearn_gb_v1,sklearn_v1
IPAUMIRIM,zika,2025,9,0.6286,2,0.0,0.0,4.0,silencio_provavel,Revisar cobertura de testagem e histórico de utilização do LACEN.,sklearn_gb_v1,sklearn_v1
MIRASSOL D''OESTE,rubeola_igm,2025,34,0.6286,2,0.0,0.0,4.0,silencio_provavel,Revisar cobertura de testagem e histórico de utilização do LACEN.,sklearn_gb_v1,sklearn_v1
MIRASSOL D''OESTE,sarampo_biologia_molecular,2025,40,0.6286,2,0.0,0.0,4.0,silencio_provavel,Revisar cobertura de testagem e histórico de utilização do LACEN.,sklearn_gb_v1,sklearn_v1
MIRASSOL D''OESTE,tuberculose_lf_lam,2025,2,0.6286,2,0.0,0.0,4.0,silencio_provavel,Revisar cobertura de testagem e histórico de utilização do LACEN.,sklearn_gb_v1,sklearn_v1
MONTE SIAO,dengue,2025,2,0.6286,2,0.0,0.0,4.0,silencio_provavel,Revisar cobertura de testagem e histórico de utilização do LACEN.,sklearn_gb_v1,sklearn_v1
MONTE SIAO,zika,2025,2,0.6286,2,0.0,0.0,4.0,silencio_provavel,Revisar cobertura de testagem e histórico de utilização do LACEN.,sklearn_gb_v1,sklearn_v1
SIMOES FILHO,chikungunya,2024,21,0.6286,2,0.0,0.0,4.0,silencio_provavel,Revisar cobertura de testagem e histórico de utilização do LACEN.,sklearn_gb_v1,sklearn_v1
SOBRAL,dengue,2024,21,0.6286,2,0.0,0.0,4.0,silencio_provavel,Revisar cobertura de testagem e histórico de utilização do LACEN.,sklearn_gb_v1,sklearn_v1
SANTO ANTONIO DOS LOPES,zika,2025,17,0.6286,2,0.0,0.0,4.0,silencio_provavel,Revisar cobertura de testagem e histórico de utilização do LACEN.,sklearn_gb_v1,sklearn_v1
SANTOS,chikungunya,2024,27,0.6286,2,0.0,0.0,4.0,silencio_provavel,Revisar cobertura de testagem e histórico de utilização do LACEN.,sklearn_gb_v1,sklearn_v1
MANACAPURU,zika,2024,49,0.6286,2,0.0,0.0,4.0,silencio_provavel,Revisar cobertura de testagem e histórico de utilização do LACEN.,sklearn_gb_v1,sklearn_v1
MANDAGUACU,chikungunya,2025,22,0.6286,2,0.0,0.0,4.0,silencio_provavel,Revisar cobertura de testagem e histórico de utilização do LACEN.,sklearn_gb_v1,sklearn_v1
IPORA,sars_cov_2,2025,5,0.6286,2,0.0,0.0,4.0,silencio_provavel,Revisar cobertura de testagem e histórico de utilização do LACEN.,sklearn_gb_v1,sklearn_v1
ITABERA,chikungunya,2025,12,0.6286,2,0.0,0.0,4.0,silencio_provavel,Revisar cobertura de testagem e histórico de utilização do LACEN.,sklearn_gb_v1,sklearn_v1
MARAVILHA,chikungunya,2025,5,0.6286,2,0.0,0.0,4.0,silencio_provavel,Revisar cobertura de testagem e histórico de utilização do LACEN.,sklearn_gb_v1,sklearn_v1
MARIALVA,dengue,2025,14,0.6286,2,0.0,0.0,4.0,silencio_provavel,Revisar cobertura de testagem e histórico de utilização do LACEN.,sklearn_gb_v1,sklearn_v1
MARIALVA,zika,2025,14,0.6286,2,0.0,0.0,4.0,silencio_provavel,Revisar cobertura de testagem e histórico de utilização do LACEN.,sklearn_gb_v1,sklearn_v1
MARITUBA,dengue,2025,11,0.6286,2,0.0,0.0,4.0,silencio_provavel,Revisar cobertura de testagem e histórico de utilização do LACEN.,sklearn_gb_v1,sklearn_v1
MARITUBA,zika,2025,11,0.6286,2,0.0,0.0,4.0,silencio_provavel,Revisar cobertura de testagem e histórico de utilização do LACEN.,sklearn_gb_v1,sklearn_v1
MATA ROMA,dengue,2025,7,0.6286,2,0.0,0.0,4.0,silencio_provavel,Revisar cobertura de testagem e histórico de utilização do LACEN.,sklearn_gb_v1,sklearn_v1
MATA ROMA,zika,2025,7,0.6286,2,0.0,0.0,4.0,silencio_provavel,Revisar cobertura de testagem e histórico de utilização do LACEN.,sklearn_gb_v1,sklearn_v1
IPIXUNA DO PARA,rifampicina,2025,7,0.6286,2,0.0,0.0,4.0,silencio_provavel,Revisar cobertura de testagem e histórico de utilização do LACEN.,sklearn_gb_v1,sklearn_v1
IPIXUNA DO PARA,zika,2025,18,0.6286,2,0.0,0.0,4.0,silencio_provavel,Revisar cobertura de testagem e histórico de utilização do LACEN.,sklearn_gb_v1,sklearn_v1
MAUA,chikungunya,2025,2,0.6286,2,0.0,0.0,4.0,silencio_provavel,Revisar cobertura de testagem e histórico de utilização do LACEN.,sklearn_gb_v1,sklearn_v1
MAUA,dengue,2025,2,0.6286,2,0.0,0.0,4.0,silencio_provavel,Revisar cobertura de testagem e histórico de utilização do LACEN.,sklearn_gb_v1,sklearn_v1
MAUA,zika,2025,2,0.6286,2,0.0,0.0,4.0,silencio_provavel,Revisar cobertura de testagem e histórico de utilização do LACEN.,sklearn_gb_v1,sklearn_v1
CAPINZAL,chikungunya,2025,12,0.6286,2,0.0,0.0,4.0,silencio_provavel,Revisar cobertura de testagem e histórico de utilização do LACEN.,sklearn_gb_v1,sklearn_v1
TAQUARANA,sars_cov_2,2025,9,0.6286,2,0.0,0.0,4.0,silencio_provavel,Revisar cobertura de testagem e histórico de utilização do LACEN.,sklearn_gb_v1,sklearn_v1
TERRA BOA,chikungunya,2025,27,0.6286,2,0.0,0.0,4.0,silencio_provavel,Revisar cobertura de testagem e histórico de utilização do LACEN.,sklearn_gb_v1,sklearn_v1
TERRA SANTA,chikungunya,2025,3,0.6286,2,0.0,0.0,4.0,silencio_provavel,Revisar cobertura de testagem e histórico de utilização do LACEN.,sklearn_gb_v1,sklearn_v1
TERRA SANTA,dengue,2025,3,0.6286,2,0.0,0.0,4.0,silencio_provavel,Revisar cobertura de testagem e histórico de utilização do LACEN.,sklearn_gb_v1,sklearn_v1
APARECIDA DE GOIANIA,rifampicina,2025,22,0.6286,2,0.0,0.0,4.0,silencio_provavel,Revisar cobertura de testagem e histórico de utilização do LACEN.,sklearn_gb_v1,sklearn_v1
ANDIRA,chikungunya,2025,3,0.6286,2,0.0,0.0,4.0,silencio_provavel,Revisar cobertura de testagem e histórico de utilização do LACEN.,sklearn_gb_v1,sklearn_v1
SENA MADUREIRA,chikungunya,2024,22,0.6286,2,0.0,0.0,4.0,silencio_provavel,Revisar cobertura de testagem e histórico de utilização do LACEN.,sklearn_gb_v1,sklearn_v1
SENADOR CANEDO,chikungunya,2025,8,0.6286,2,0.0,0.0,4.0,silencio_provavel,Revisar cobertura de testagem e histórico de utilização do LACEN.,sklearn_gb_v1,sklearn_v1
SETE QUEDAS,zika,2025,3,0.6286,2,0.0,0.0,4.0,silencio_provavel,Revisar cobertura de testagem e histórico de utilização do LACEN.,sklearn_gb_v1,sklearn_v1
ALVARAES,dengue,2025,6,0.6286,2,0.0,0.0,4.0,silencio_provavel,Revisar cobertura de testagem e histórico de utilização do LACEN.,sklearn_gb_v1,sklearn_v1
ALVARAES,zika,2025,6,0.6286,2,0.0,0.0,4.0,silencio_provavel,Revisar cobertura de testagem e histórico de utilização do LACEN.,sklearn_gb_v1,sklearn_v1
ALVORADA D''OESTE,chikungunya,2025,9,0.6286,2,0.0,0.0,4.0,silencio_provavel,Revisar cobertura de testagem e histórico de utilização do LACEN.,sklearn_gb_v1,sklearn_v1
JARU,varicela_biologia_molecular,2024,39,0.6286,2,0.0,0.0,4.0,silencio_provavel,Revisar cobertura de testagem e histórico de utilização do LACEN.,sklearn_gb_v1,sklearn_v1
MACHADINHO D''OESTE,chikungunya,2025,13,0.6286,2,0.0,0.0,4.0,silencio_provavel,Revisar cobertura de testagem e histórico de utilização do LACEN.,sklearn_gb_v1,sklearn_v1
MANACAPURU,dengue,2024,49,0.6286,2,0.0,0.0,4.0,silencio_provavel,Revisar cobertura de testagem e histórico de utilização do LACEN.,sklearn_gb_v1,sklearn_v1
COLINAS,chikungunya,2025,19,0.6286,2,0.0,0.0,4.0,silencio_provavel,Revisar cobertura de testagem e histórico de utilização do LACEN.,sklearn_gb_v1,sklearn_v1
COLINAS,zika,2025,19,0.6286,2,0.0,0.0,4.0,silencio_provavel,Revisar cobertura de testagem e histórico de utilização do LACEN.,sklearn_gb_v1,sklearn_v1
LUIZIANIA,dengue,2025,14,0.6286,2,0.0,0.0,4.0,silencio_provavel,Revisar cobertura de testagem e histórico de utilização do LACEN.,sklearn_gb_v1,sklearn_v1
CARIACICA,dengue,2025,5,0.6286,2,0.0,0.0,4.0,silencio_provavel,Revisar cobertura de testagem e histórico de utilização do LACEN.,sklearn_gb_v1,sklearn_v1
CARIACICA,zika,2025,5,0.6286,2,0.0,0.0,4.0,silencio_provavel,Revisar cobertura de testagem e histórico de utilização do LACEN.,sklearn_gb_v1,sklearn_v1
ITAGUAI,dengue,2025,9,0.6286,2,0.0,0.0,4.0,silencio_provavel,Revisar cobertura de testagem e histórico de utilização do LACEN.,sklearn_gb_v1,sklearn_v1
ITAGUAI,zika,2025,9,0.6286,2,0.0,0.0,4.0,silencio_provavel,Revisar cobertura de testagem e histórico de utilização do LACEN.,sklearn_gb_v1,sklearn_v1
ITAJAI,hepatite_c_hcv,2025,16,0.6286,2,0.0,0.0,4.0,silencio_provavel,Revisar cobertura de testagem e histórico de utilização do LACEN.,sklearn_gb_v1,sklearn_v1
ITAJAI,zika,2025,2,0.6286,2,0.0,0.0,4.0,silencio_provavel,Revisar cobertura de testagem e histórico de utilização do LACEN.,sklearn_gb_v1,sklearn_v1
CARIRIACU,dengue,2025,19,0.6286,2,0.0,0.0,4.0,silencio_provavel,Revisar cobertura de testagem e histórico de utilização do LACEN.,sklearn_gb_v1,sklearn_v1
CARIRIACU,zika,2025,19,0.6286,2,0.0,0.0,4.0,silencio_provavel,Revisar cobertura de testagem e histórico de utilização do LACEN.,sklearn_gb_v1,sklearn_v1
LUZIANIA,influenza_a,2025,16,0.6286,2,0.0,0.0,4.0,silencio_provavel,Revisar cobertura de testagem e histórico de utilização do LACEN.,sklearn_gb_v1,sklearn_v1
LUZIANIA,influenza_b,2025,16,0.6286,2,0.0,0.0,4.0,silencio_provavel,Revisar cobertura de testagem e histórico de utilização do LACEN.,sklearn_gb_v1,sklearn_v1
LUZIANIA,virus_respiratorios,2025,16,0.6286,2,0.0,0.0,4.0,silencio_provavel,Revisar cobertura de testagem e histórico de utilização do LACEN.,sklearn_gb_v1,sklearn_v1
CANTA,chikungunya,2025,14,0.6286,2,0.0,0.0,4.0,silencio_provavel,Revisar cobertura de testagem e histórico de utilização do LACEN.,sklearn_gb_v1,sklearn_v1
CANTA,zika,2025,14,0.6286,2,0.0,0.0,4.0,silencio_provavel,Revisar cobertura de testagem e histórico de utilização do LACEN.,sklearn_gb_v1,sklearn_v1
ITAPAGE,chikungunya,2025,11,0.6286,2,0.0,0.0,4.0,silencio_provavel,Revisar cobertura de testagem e histórico de utilização do LACEN.,sklearn_gb_v1,sklearn_v1
ITAPAGE,dengue,2025,11,0.6286,2,0.0,0.0,4.0,silencio_provavel,Revisar cobertura de testagem e histórico de utilização do LACEN.,sklearn_gb_v1,sklearn_v1
ITAPAGE,zika,2025,11,0.6286,2,0.0,0.0,4.0,silencio_provavel,Revisar cobertura de testagem e histórico de utilização do LACEN.,sklearn_gb_v1,sklearn_v1
ITAPECURU MIRIM,zika,2025,21,0.6286,2,0.0,0.0,4.0,silencio_provavel,Revisar cobertura de testagem e histórico de utilização do LACEN.,sklearn_gb_v1,sklearn_v1
JUAZEIRO,zika,2025,5,0.6286,2,0.0,0.0,4.0,silencio_provavel,Revisar cobertura de testagem e histórico de utilização do LACEN.,sklearn_gb_v1,sklearn_v1
CERRO LARGO,chikungunya,2024,23,0.6286,2,0.0,0.0,4.0,silencio_provavel,Revisar cobertura de testagem e histórico de utilização do LACEN.,sklearn_gb_v1,sklearn_v1
CERES,influenza_a,2025,5,0.6286,2,0.0,0.0,4.0,silencio_provavel,Revisar cobertura de testagem e histórico de utilização do LACEN.,sklearn_gb_v1,sklearn_v1
CERES,influenza_b,2025,5,0.6286,2,0.0,0.0,4.0,silencio_provavel,Revisar cobertura de testagem e histórico de utilização do LACEN.,sklearn_gb_v1,sklearn_v1
LAGO DA PEDRA,chikungunya,2024,33,0.6286,2,0.0,0.0,4.0,silencio_provavel,Revisar cobertura de testagem e histórico de utilização do LACEN.,sklearn_gb_v1,sklearn_v1
CASTANHAL,chikungunya,2025,8,0.6286,2,0.0,0.0,4.0,silencio_provavel,Revisar cobertura de testagem e histórico de utilização do LACEN.,sklearn_gb_v1,sklearn_v1
LAMBARI D''OESTE,pesquisa_de_multipatogenos_ist,2026,11,0.6286,2,0.0,0.0,4.0,silencio_provavel,Revisar cobertura de testagem e histórico de utilização do LACEN.,sklearn_gb_v1,sklearn_v1
LAMBARI D''OESTE,sars_cov_2,2025,19,0.6286,2,0.0,0.0,4.0,silencio_provavel,Revisar cobertura de testagem e histórico de utilização do LACEN.,sklearn_gb_v1,sklearn_v1
LAMBARI D''OESTE,virus_respiratorios,2025,23,0.6286,2,0.0,0.0,4.0,silencio_provavel,Revisar cobertura de testagem e histórico de utilização do LACEN.,sklearn_gb_v1,sklearn_v1
LOANDA,dengue,2025,16,0.6286,2,0.0,0.0,4.0,silencio_provavel,Revisar cobertura de testagem e histórico de utilização do LACEN.,sklearn_gb_v1,sklearn_v1
LOANDA,zika,2025,16,0.6286,2,0.0,0.0,4.0,silencio_provavel,Revisar cobertura de testagem e histórico de utilização do LACEN.,sklearn_gb_v1,sklearn_v1
LONDRINA,chikungunya,2025,10,0.6286,2,0.0,0.0,4.0,silencio_provavel,Revisar cobertura de testagem e histórico de utilização do LACEN.,sklearn_gb_v1,sklearn_v1
VERE,dengue,2025,3,0.6286,2,0.0,0.0,4.0,silencio_provavel,Revisar cobertura de testagem e histórico de utilização do LACEN.,sklearn_gb_v1,sklearn_v1
ACRELANDIA,chikungunya,2025,3,0.6286,2,0.0,0.0,4.0,silencio_provavel,Revisar cobertura de testagem e histórico de utilização do LACEN.,sklearn_gb_v1,sklearn_v1
TIJUCAS,dengue,2025,8,0.6286,2,0.0,0.0,4.0,silencio_provavel,Revisar cobertura de testagem e histórico de utilização do LACEN.,sklearn_gb_v1,sklearn_v1
TIJUCAS,zika,2025,8,0.6286,2,0.0,0.0,4.0,silencio_provavel,Revisar cobertura de testagem e histórico de utilização do LACEN.,sklearn_gb_v1,sklearn_v1
TOLEDO,rifampicina,2025,19,0.6286,2,0.0,0.0,4.0,silencio_provavel,Revisar cobertura de testagem e histórico de utilização do LACEN.,sklearn_gb_v1,sklearn_v1
TOLEDO,tuberculose_teste_de_sensibilidade,2025,19,0.6286,2,0.0,0.0,4.0,silencio_provavel,Revisar cobertura de testagem e histórico de utilização do LACEN.,sklearn_gb_v1,sklearn_v1
TRAIRAO,tuberculose_lf_lam,2025,13,0.6286,2,0.0,0.0,4.0,silencio_provavel,Revisar cobertura de testagem e histórico de utilização do LACEN.,sklearn_gb_v1,sklearn_v1
TRINDADE,dengue,2025,6,0.6286,2,0.0,0.0,4.0,silencio_provavel,Revisar cobertura de testagem e histórico de utilização do LACEN.,sklearn_gb_v1,sklearn_v1
TRINDADE,zika,2025,6,0.6286,2,0.0,0.0,4.0,silencio_provavel,Revisar cobertura de testagem e histórico de utilização do LACEN.,sklearn_gb_v1,sklearn_v1
TUCUMA,dengue,2025,11,0.6286,2,0.0,0.0,4.0,silencio_provavel,Revisar cobertura de testagem e histórico de utilização do LACEN.,sklearn_gb_v1,sklearn_v1
TUCUMA,zika,2025,11,0.6286,2,0.0,0.0,4.0,silencio_provavel,Revisar cobertura de testagem e histórico de utilização do LACEN.,sklearn_gb_v1,sklearn_v1
TUPARENDI,chikungunya,2024,48,0.6286,2,0.0,0.0,4.0,silencio_provavel,Revisar cobertura de testagem e histórico de utilização do LACEN.,sklearn_gb_v1,sklearn_v1
XAMBIOA,chikungunya,2024,28,0.6286,2,0.0,0.0,4.0,silencio_provavel,Revisar cobertura de testagem e histórico de utilização do LACEN.,sklearn_gb_v1,sklearn_v1
JOAO DOURADO,dengue,2025,13,0.6286,2,0.0,0.0,4.0,silencio_provavel,Revisar cobertura de testagem e histórico de utilização do LACEN.,sklearn_gb_v1,sklearn_v1
JOAO DOURADO,zika,2025,13,0.6286,2,0.0,0.0,4.0,silencio_provavel,Revisar cobertura de testagem e histórico de utilização do LACEN.,sklearn_gb_v1,sklearn_v1
JATAI,zika,2025,15,0.6286,2,0.0,0.0,4.0,silencio_provavel,Revisar cobertura de testagem e histórico de utilização do LACEN.,sklearn_gb_v1,sklearn_v1
CHAPECO,zika,2025,19,0.6286,2,0.0,0.0,4.0,silencio_provavel,Revisar cobertura de testagem e histórico de utilização do LACEN.,sklearn_gb_v1,sklearn_v1
CHAVAL,pesquisa_de_multipatogenos_ist,2025,51,0.6286,2,0.0,0.0,4.0,silencio_provavel,Revisar cobertura de testagem e histórico de utilização do LACEN.,sklearn_gb_v1,sklearn_v1
CHOPINZINHO,rifampicina,2025,20,0.6286,2,0.0,0.0,4.0,silencio_provavel,Revisar cobertura de testagem e histórico de utilização do LACEN.,sklearn_gb_v1,sklearn_v1
JARAGUA DO SUL,dengue,2025,7,0.6286,2,0.0,0.0,4.0,silencio_provavel,Revisar cobertura de testagem e histórico de utilização do LACEN.,sklearn_gb_v1,sklearn_v1
JARAGUA DO SUL,zika,2025,7,0.6286,2,0.0,0.0,4.0,silencio_provavel,Revisar cobertura de testagem e histórico de utilização do LACEN.,sklearn_gb_v1,sklearn_v1
TERRA SANTA,zika,2025,3,0.6286,2,0.0,0.0,4.0,silencio_provavel,Revisar cobertura de testagem e histórico de utilização do LACEN.,sklearn_gb_v1,sklearn_v1
VILHENA,influenza_b,2025,5,0.6286,2,0.0,0.0,4.0,silencio_provavel,Revisar cobertura de testagem e histórico de utilização do LACEN.,sklearn_gb_v1,sklearn_v1
VILHENA,sars_cov_2,2025,5,0.6286,2,0.0,0.0,4.0,silencio_provavel,Revisar cobertura de testagem e histórico de utilização do LACEN.,sklearn_gb_v1,sklearn_v1
VITORIA DA CONQUISTA,chikungunya,2024,31,0.6286,2,0.0,0.0,4.0,silencio_provavel,Revisar cobertura de testagem e histórico de utilização do LACEN.,sklearn_gb_v1,sklearn_v1
VITORIA DO MEARIM,chikungunya,2024,24,0.6286,2,0.0,0.0,4.0,silencio_provavel,Revisar cobertura de testagem e histórico de utilização do LACEN.,sklearn_gb_v1,sklearn_v1
IUNA,dengue,2025,5,0.6286,2,0.0,0.0,4.0,silencio_provavel,Revisar cobertura de testagem e histórico de utilização do LACEN.,sklearn_gb_v1,sklearn_v1
IUNA,zika,2025,5,0.6286,2,0.0,0.0,4.0,silencio_provavel,Revisar cobertura de testagem e histórico de utilização do LACEN.,sklearn_gb_v1,sklearn_v1
COCALZINHO DE GOIAS,chikungunya,2025,1,0.6286,2,0.0,0.0,4.0,silencio_provavel,Revisar cobertura de testagem e histórico de utilização do LACEN.,sklearn_gb_v1,sklearn_v1
COCALZINHO DE GOIAS,zika,2025,1,0.6286,2,0.0,0.0,4.0,silencio_provavel,Revisar cobertura de testagem e histórico de utilização do LACEN.,sklearn_gb_v1,sklearn_v1
JABOATAO DOS GUARARAPES,influenza_a,2025,21,0.6286,2,0.0,0.0,4.0,silencio_provavel,Revisar cobertura de testagem e histórico de utilização do LACEN.,sklearn_gb_v1,sklearn_v1
JABOATAO DOS GUARARAPES,influenza_b,2025,21,0.6286,2,0.0,0.0,4.0,silencio_provavel,Revisar cobertura de testagem e histórico de utilização do LACEN.,sklearn_gb_v1,sklearn_v1
NOVA LACERDA,hepatite_c_hcv,2026,19,0.6285,1,0.0,0.0,4.0,silencio_provavel,Revisar cobertura de testagem e histórico de utilização do LACEN.,sklearn_gb_v1,sklearn_v1
NOVO SANTO ANTONIO,rubeola_igg,2025,33,0.6284,1,0.0,0.0,4.0,silencio_provavel,Revisar cobertura de testagem e histórico de utilização do LACEN.,sklearn_gb_v1,sklearn_v1
NOVO SANTO ANTONIO,dengue,2025,26,0.6284,1,0.0,0.0,4.0,silencio_provavel,Revisar cobertura de testagem e histórico de utilização do LACEN.,sklearn_gb_v1,sklearn_v1
NOVO SANTO ANTONIO,toxoplasmose_igg,2025,33,0.6284,1,0.0,0.0,4.0,silencio_provavel,Revisar cobertura de testagem e histórico de utilização do LACEN.,sklearn_gb_v1,sklearn_v1
BARRA DO BUGRES,criptococos_teste_rapido,2026,15,0.6257,1,0.0,0.0,4.0,silencio_provavel,Revisar cobertura de testagem e histórico de utilização do LACEN.,sklearn_gb_v1,sklearn_v1
SANTO ANTONIO DO LEVERGER,baciloscopia,2026,11,0.6257,1,0.0,0.0,4.0,silencio_provavel,Revisar cobertura de testagem e histórico de utilização do LACEN.,sklearn_gb_v1,sklearn_v1
ZE DOCA,dengue,2025,20,0.6253,2,0.0,0.0,4.0,silencio_provavel,Revisar cobertura de testagem e histórico de utilização do LACEN.,sklearn_gb_v1,sklearn_v1
VILA NOVA DOS MARTIRIOS,zika,2025,3,0.6253,2,0.0,0.0,4.0,silencio_provavel,Revisar cobertura de testagem e histórico de utilização do LACEN.,sklearn_gb_v1,sklearn_v1
VILA NOVA DOS MARTIRIOS,chikungunya,2025,3,0.6253,2,0.0,0.0,4.0,silencio_provavel,Revisar cobertura de testagem e histórico de utilização do LACEN.,sklearn_gb_v1,sklearn_v1
NOVA AURORA,chikungunya,2024,23,0.6253,2,0.0,0.0,4.0,silencio_provavel,Revisar cobertura de testagem e histórico de utilização do LACEN.,sklearn_gb_v1,sklearn_v1
ITAUNA,chikungunya,2024,24,0.6253,2,0.0,0.0,4.0,silencio_provavel,Revisar cobertura de testagem e histórico de utilização do LACEN.,sklearn_gb_v1,sklearn_v1
NOVA ANDRADINA,chikungunya,2025,7,0.6253,2,0.0,0.0,4.0,silencio_provavel,Revisar cobertura de testagem e histórico de utilização do LACEN.,sklearn_gb_v1,sklearn_v1
SANTA CRUZ CABRALIA,chikungunya,2025,6,0.6253,2,0.0,0.0,4.0,silencio_provavel,Revisar cobertura de testagem e histórico de utilização do LACEN.,sklearn_gb_v1,sklearn_v1
ROSANA,chikungunya,2025,7,0.6253,2,0.0,0.0,4.0,silencio_provavel,Revisar cobertura de testagem e histórico de utilização do LACEN.,sklearn_gb_v1,sklearn_v1
FARROUPILHA,chikungunya,2025,6,0.6253,2,0.0,0.0,4.0,silencio_provavel,Revisar cobertura de testagem e histórico de utilização do LACEN.,sklearn_gb_v1,sklearn_v1
UMUARAMA,chikungunya,2025,21,0.6253,2,0.0,0.0,4.0,silencio_provavel,Revisar cobertura de testagem e histórico de utilização do LACEN.,sklearn_gb_v1,sklearn_v1
UBATUBA,chikungunya,2024,30,0.6253,2,0.0,0.0,4.0,silencio_provavel,Revisar cobertura de testagem e histórico de utilização do LACEN.,sklearn_gb_v1,sklearn_v1
ALFENAS,chikungunya,2025,1,0.6253,2,0.0,0.0,4.0,silencio_provavel,Revisar cobertura de testagem e histórico de utilização do LACEN.,sklearn_gb_v1,sklearn_v1
SANTA HELENA,chikungunya,2024,26,0.6253,2,0.0,0.0,4.0,silencio_provavel,Revisar cobertura de testagem e histórico de utilização do LACEN.,sklearn_gb_v1,sklearn_v1
VARJAO DE MINAS,chikungunya,2024,24,0.6253,2,0.0,0.0,4.0,silencio_provavel,Revisar cobertura de testagem e histórico de utilização do LACEN.,sklearn_gb_v1,sklearn_v1
DIAS D''AVILA,chikungunya,2025,6,0.6253,2,0.0,0.0,4.0,silencio_provavel,Revisar cobertura de testagem e histórico de utilização do LACEN.,sklearn_gb_v1,sklearn_v1
BARRA DOS COQUEIROS,chikungunya,2025,4,0.6253,2,0.0,0.0,4.0,silencio_provavel,Revisar cobertura de testagem e histórico de utilização do LACEN.,sklearn_gb_v1,sklearn_v1
BARRA DO CORDA,zika,2025,12,0.6253,2,0.0,0.0,4.0,silencio_provavel,Revisar cobertura de testagem e histórico de utilização do LACEN.,sklearn_gb_v1,sklearn_v1
JACAREZINHO,chikungunya,2025,13,0.6253,2,0.0,0.0,4.0,silencio_provavel,Revisar cobertura de testagem e histórico de utilização do LACEN.,sklearn_gb_v1,sklearn_v1
OSORIO,zika,2025,4,0.6253,2,0.0,0.0,4.0,silencio_provavel,Revisar cobertura de testagem e histórico de utilização do LACEN.,sklearn_gb_v1,sklearn_v1
ORIXIMINA,chikungunya,2025,22,0.6253,2,0.0,0.0,4.0,silencio_provavel,Revisar cobertura de testagem e histórico de utilização do LACEN.,sklearn_gb_v1,sklearn_v1
OLIMPIA,chikungunya,2025,6,0.6253,2,0.0,0.0,4.0,silencio_provavel,Revisar cobertura de testagem e histórico de utilização do LACEN.,sklearn_gb_v1,sklearn_v1
MIRASSOL D''OESTE,sarampo_igg,2025,34,0.6253,2,0.0,0.0,4.0,silencio_provavel,Revisar cobertura de testagem e histórico de utilização do LACEN.,sklearn_gb_v1,sklearn_v1
MIRASSOL D''OESTE,sarampo_igm,2025,34,0.6253,2,0.0,0.0,4.0,silencio_provavel,Revisar cobertura de testagem e histórico de utilização do LACEN.,sklearn_gb_v1,sklearn_v1
CAMPO LIMPO PAULISTA,chikungunya,2025,18,0.6253,2,0.0,0.0,4.0,silencio_provavel,Revisar cobertura de testagem e histórico de utilização do LACEN.,sklearn_gb_v1,sklearn_v1
CONQUISTA D''OESTE,pesquisa_de_genes_de_resistencia,2024,33,0.6253,2,0.0,0.0,4.0,silencio_provavel,Revisar cobertura de testagem e histórico de utilização do LACEN.,sklearn_gb_v1,sklearn_v1
CAXIAS DO SUL,chikungunya,2024,24,0.6253,2,0.0,0.0,4.0,silencio_provavel,Revisar cobertura de testagem e histórico de utilização do LACEN.,sklearn_gb_v1,sklearn_v1
IGUATEMI,chikungunya,2025,11,0.6253,2,0.0,0.0,4.0,silencio_provavel,Revisar cobertura de testagem e histórico de utilização do LACEN.,sklearn_gb_v1,sklearn_v1
NOVA PRATA,chikungunya,2025,5,0.6253,2,0.0,0.0,4.0,silencio_provavel,Revisar cobertura de testagem e histórico de utilização do LACEN.,sklearn_gb_v1,sklearn_v1
NOVA OLINDA DO MARANHAO,chikungunya,2025,6,0.6253,2,0.0,0.0,4.0,silencio_provavel,Revisar cobertura de testagem e histórico de utilização do LACEN.,sklearn_gb_v1,sklearn_v1
TOLEDO,chikungunya,2025,11,0.6253,2,0.0,0.0,4.0,silencio_provavel,Revisar cobertura de testagem e histórico de utilização do LACEN.,sklearn_gb_v1,sklearn_v1
JAPARATUBA,zika,2025,26,0.6253,2,0.0,0.0,4.0,silencio_provavel,Revisar cobertura de testagem e histórico de utilização do LACEN.,sklearn_gb_v1,sklearn_v1
DOM ELISEU,chikungunya,2024,28,0.6253,2,0.0,0.0,4.0,silencio_provavel,Revisar cobertura de testagem e histórico de utilização do LACEN.,sklearn_gb_v1,sklearn_v1
JAPARATUBA,chikungunya,2025,26,0.6253,2,0.0,0.0,4.0,silencio_provavel,Revisar cobertura de testagem e histórico de utilização do LACEN.,sklearn_gb_v1,sklearn_v1
PRAIA GRANDE,chikungunya,2025,6,0.6253,2,0.0,0.0,4.0,silencio_provavel,Revisar cobertura de testagem e histórico de utilização do LACEN.,sklearn_gb_v1,sklearn_v1
LUZIANIA,zika,2025,29,0.6253,2,0.0,0.0,4.0,silencio_provavel,Revisar cobertura de testagem e histórico de utilização do LACEN.,sklearn_gb_v1,sklearn_v1
MACAPA,chikungunya,2025,22,0.6253,2,0.0,0.0,4.0,silencio_provavel,Revisar cobertura de testagem e histórico de utilização do LACEN.,sklearn_gb_v1,sklearn_v1
BALNEARIO CAMBORIU,zika,2025,12,0.6253,2,0.0,0.0,4.0,silencio_provavel,Revisar cobertura de testagem e histórico de utilização do LACEN.,sklearn_gb_v1,sklearn_v1
QUATRO PONTES,chikungunya,2025,23,0.6253,2,0.0,0.0,4.0,silencio_provavel,Revisar cobertura de testagem e histórico de utilização do LACEN.,sklearn_gb_v1,sklearn_v1
TRES CACHOEIRAS,chikungunya,2024,24,0.6253,2,0.0,0.0,4.0,silencio_provavel,Revisar cobertura de testagem e histórico de utilização do LACEN.,sklearn_gb_v1,sklearn_v1
SANTA MARIANA,zika,2025,5,0.6253,2,0.0,0.0,4.0,silencio_provavel,Revisar cobertura de testagem e histórico de utilização do LACEN.,sklearn_gb_v1,sklearn_v1
ITAJAI,chikungunya,2025,7,0.6253,2,0.0,0.0,4.0,silencio_provavel,Revisar cobertura de testagem e histórico de utilização do LACEN.,sklearn_gb_v1,sklearn_v1
TIMBIRAS,chikungunya,2025,22,0.6253,2,0.0,0.0,4.0,silencio_provavel,Revisar cobertura de testagem e histórico de utilização do LACEN.,sklearn_gb_v1,sklearn_v1
GUARULHOS,chikungunya,2025,14,0.6253,2,0.0,0.0,4.0,silencio_provavel,Revisar cobertura de testagem e histórico de utilização do LACEN.,sklearn_gb_v1,sklearn_v1
CHARQUEADAS,chikungunya,2024,23,0.6253,2,0.0,0.0,4.0,silencio_provavel,Revisar cobertura de testagem e histórico de utilização do LACEN.,sklearn_gb_v1,sklearn_v1
MISSAL,chikungunya,2024,27,0.6253,2,0.0,0.0,4.0,silencio_provavel,Revisar cobertura de testagem e histórico de utilização do LACEN.,sklearn_gb_v1,sklearn_v1
OUROESTE,chikungunya,2025,21,0.6253,2,0.0,0.0,4.0,silencio_provavel,Revisar cobertura de testagem e histórico de utilização do LACEN.,sklearn_gb_v1,sklearn_v1
ITABERABA,chikungunya,2025,10,0.6253,2,0.0,0.0,4.0,silencio_provavel,Revisar cobertura de testagem e histórico de utilização do LACEN.,sklearn_gb_v1,sklearn_v1
SAO JOAO DA BOA VISTA,chikungunya,2025,5,0.6253,2,0.0,0.0,4.0,silencio_provavel,Revisar cobertura de testagem e histórico de utilização do LACEN.,sklearn_gb_v1,sklearn_v1
PEREIRA BARRETO,chikungunya,2025,10,0.6253,2,0.0,0.0,4.0,silencio_provavel,Revisar cobertura de testagem e histórico de utilização do LACEN.,sklearn_gb_v1,sklearn_v1
MANOEL RIBAS,chikungunya,2025,12,0.6253,2,0.0,0.0,4.0,silencio_provavel,Revisar cobertura de testagem e histórico de utilização do LACEN.,sklearn_gb_v1,sklearn_v1
PORTO NACIONAL,chikungunya,2025,8,0.6253,2,0.0,0.0,4.0,silencio_provavel,Revisar cobertura de testagem e histórico de utilização do LACEN.,sklearn_gb_v1,sklearn_v1
ASSIS BRASIL,chikungunya,2025,8,0.6253,2,0.0,0.0,4.0,silencio_provavel,Revisar cobertura de testagem e histórico de utilização do LACEN.,sklearn_gb_v1,sklearn_v1
MANGUEIRINHA,chikungunya,2025,3,0.6253,2,0.0,0.0,4.0,silencio_provavel,Revisar cobertura de testagem e histórico de utilização do LACEN.,sklearn_gb_v1,sklearn_v1
SAO CRISTOVAO,chikungunya,2025,7,0.6253,2,0.0,0.0,4.0,silencio_provavel,Revisar cobertura de testagem e histórico de utilização do LACEN.,sklearn_gb_v1,sklearn_v1
PONTA GROSSA,chikungunya,2025,21,0.6253,2,0.0,0.0,4.0,silencio_provavel,Revisar cobertura de testagem e histórico de utilização do LACEN.,sklearn_gb_v1,sklearn_v1
BARCELOS,chikungunya,2025,2,0.6253,2,0.0,0.0,4.0,silencio_provavel,Revisar cobertura de testagem e histórico de utilização do LACEN.,sklearn_gb_v1,sklearn_v1
BADY BASSITT,chikungunya,2025,5,0.6253,2,0.0,0.0,4.0,silencio_provavel,Revisar cobertura de testagem e histórico de utilização do LACEN.,sklearn_gb_v1,sklearn_v1
NOSSA SENHORA DO SOCORRO,chikungunya,2024,26,0.6253,2,0.0,0.0,4.0,silencio_provavel,Revisar cobertura de testagem e histórico de utilização do LACEN.,sklearn_gb_v1,sklearn_v1
RENASCENCA,chikungunya,2025,21,0.6253,2,0.0,0.0,4.0,silencio_provavel,Revisar cobertura de testagem e histórico de utilização do LACEN.,sklearn_gb_v1,sklearn_v1
RIO CLARO,chikungunya,2025,12,0.6253,2,0.0,0.0,4.0,silencio_provavel,Revisar cobertura de testagem e histórico de utilização do LACEN.,sklearn_gb_v1,sklearn_v1
BARREIRAS,dengue,2025,7,0.6253,2,0.0,0.0,4.0,silencio_provavel,Revisar cobertura de testagem e histórico de utilização do LACEN.,sklearn_gb_v1,sklearn_v1
VIDEIRA,hiv,2025,40,0.6253,2,0.0,0.0,4.0,silencio_provavel,Revisar cobertura de testagem e histórico de utilização do LACEN.,sklearn_gb_v1,sklearn_v1
NOVA FATIMA,chikungunya,2025,7,0.6253,2,0.0,0.0,4.0,silencio_provavel,Revisar cobertura de testagem e histórico de utilização do LACEN.,sklearn_gb_v1,sklearn_v1
IMPERATRIZ,chikungunya,2025,26,0.6253,2,0.0,0.0,4.0,silencio_provavel,Revisar cobertura de testagem e histórico de utilização do LACEN.,sklearn_gb_v1,sklearn_v1
INDAIAL,zika,2025,13,0.6253,2,0.0,0.0,4.0,silencio_provavel,Revisar cobertura de testagem e histórico de utilização do LACEN.,sklearn_gb_v1,sklearn_v1
XAPURI,pesquisa_de_multipatogenos_ist,2025,34,0.6253,2,0.0,0.0,4.0,silencio_provavel,Revisar cobertura de testagem e histórico de utilização do LACEN.,sklearn_gb_v1,sklearn_v1
JURUAIA,chikungunya,2025,22,0.6253,2,0.0,0.0,4.0,silencio_provavel,Revisar cobertura de testagem e histórico de utilização do LACEN.,sklearn_gb_v1,sklearn_v1
SAO DOMINGOS DO ARAGUAIA,zika,2025,20,0.6253,2,0.0,0.0,4.0,silencio_provavel,Revisar cobertura de testagem e histórico de utilização do LACEN.,sklearn_gb_v1,sklearn_v1
SAO DOMINGOS DO ARAGUAIA,chikungunya,2025,20,0.6253,2,0.0,0.0,4.0,silencio_provavel,Revisar cobertura de testagem e histórico de utilização do LACEN.,sklearn_gb_v1,sklearn_v1
ARAUCARIA,chikungunya,2025,11,0.6253,2,0.0,0.0,4.0,silencio_provavel,Revisar cobertura de testagem e histórico de utilização do LACEN.,sklearn_gb_v1,sklearn_v1
SAO FRANCISCO,chikungunya,2025,6,0.6253,2,0.0,0.0,4.0,silencio_provavel,Revisar cobertura de testagem e histórico de utilização do LACEN.,sklearn_gb_v1,sklearn_v1
JURUTI,pesquisa_de_multipatogenos_ist,2026,19,0.6253,2,0.0,0.0,4.0,silencio_provavel,Revisar cobertura de testagem e histórico de utilização do LACEN.,sklearn_gb_v1,sklearn_v1
VOLTA REDONDA,dengue,2025,11,0.6253,2,0.0,0.0,4.0,silencio_provavel,Revisar cobertura de testagem e histórico de utilização do LACEN.,sklearn_gb_v1,sklearn_v1
PETROPOLIS,chikungunya,2024,22,0.6253,2,0.0,0.0,4.0,silencio_provavel,Revisar cobertura de testagem e histórico de utilização do LACEN.,sklearn_gb_v1,sklearn_v1
CAIBI,zika,2025,1,0.6253,2,0.0,0.0,4.0,silencio_provavel,Revisar cobertura de testagem e histórico de utilização do LACEN.,sklearn_gb_v1,sklearn_v1
JUAZEIRO,chikungunya,2025,26,0.6253,2,0.0,0.0,4.0,silencio_provavel,Revisar cobertura de testagem e histórico de utilização do LACEN.,sklearn_gb_v1,sklearn_v1
ERECHIM,chikungunya,2025,8,0.6253,2,0.0,0.0,4.0,silencio_provavel,Revisar cobertura de testagem e histórico de utilização do LACEN.,sklearn_gb_v1,sklearn_v1
PINHAIS,chikungunya,2024,25,0.6253,2,0.0,0.0,4.0,silencio_provavel,Revisar cobertura de testagem e histórico de utilização do LACEN.,sklearn_gb_v1,sklearn_v1
SAO PAULO,pesquisa_de_multipatogenos_ist,2025,7,0.6253,2,0.0,0.0,4.0,silencio_provavel,Revisar cobertura de testagem e histórico de utilização do LACEN.,sklearn_gb_v1,sklearn_v1
CRUZ MACHADO,chikungunya,2025,19,0.6253,2,0.0,0.0,4.0,silencio_provavel,Revisar cobertura de testagem e histórico de utilização do LACEN.,sklearn_gb_v1,sklearn_v1
PILOEZINHOS,chikungunya,2024,29,0.6253,2,0.0,0.0,4.0,silencio_provavel,Revisar cobertura de testagem e histórico de utilização do LACEN.,sklearn_gb_v1,sklearn_v1
CABECEIRAS DO PIAUI,chikungunya,2025,11,0.6253,2,0.0,0.0,4.0,silencio_provavel,Revisar cobertura de testagem e histórico de utilização do LACEN.,sklearn_gb_v1,sklearn_v1
BURITIS,chikungunya,2025,14,0.6253,2,0.0,0.0,4.0,silencio_provavel,Revisar cobertura de testagem e histórico de utilização do LACEN.,sklearn_gb_v1,sklearn_v1
CURUCA,chikungunya,2025,7,0.6253,2,0.0,0.0,4.0,silencio_provavel,Revisar cobertura de testagem e histórico de utilização do LACEN.,sklearn_gb_v1,sklearn_v1
SAO VICENTE,chikungunya,2025,1,0.6253,2,0.0,0.0,4.0,silencio_provavel,Revisar cobertura de testagem e histórico de utilização do LACEN.,sklearn_gb_v1,sklearn_v1
SAO PEDRO DO IGUACU,chikungunya,2025,8,0.6253,2,0.0,0.0,4.0,silencio_provavel,Revisar cobertura de testagem e histórico de utilização do LACEN.,sklearn_gb_v1,sklearn_v1
ITAPEMA,chikungunya,2025,7,0.6253,2,0.0,0.0,4.0,silencio_provavel,Revisar cobertura de testagem e histórico de utilização do LACEN.,sklearn_gb_v1,sklearn_v1
PATOS,chikungunya,2025,18,0.6253,2,0.0,0.0,4.0,silencio_provavel,Revisar cobertura de testagem e histórico de utilização do LACEN.,sklearn_gb_v1,sklearn_v1
GRAJAU,chikungunya,2025,9,0.6253,2,0.0,0.0,4.0,silencio_provavel,Revisar cobertura de testagem e histórico de utilização do LACEN.,sklearn_gb_v1,sklearn_v1
JOAO LISBOA,chikungunya,2025,23,0.6253,2,0.0,0.0,4.0,silencio_provavel,Revisar cobertura de testagem e histórico de utilização do LACEN.,sklearn_gb_v1,sklearn_v1
SOBRADINHO,chikungunya,2025,23,0.6253,2,0.0,0.0,4.0,silencio_provavel,Revisar cobertura de testagem e histórico de utilização do LACEN.,sklearn_gb_v1,sklearn_v1
AMARANTE DO MARANHAO,chikungunya,2025,21,0.6253,2,0.0,0.0,4.0,silencio_provavel,Revisar cobertura de testagem e histórico de utilização do LACEN.,sklearn_gb_v1,sklearn_v1
AMARANTE DO MARANHAO,zika,2025,21,0.6253,2,0.0,0.0,4.0,silencio_provavel,Revisar cobertura de testagem e histórico de utilização do LACEN.,sklearn_gb_v1,sklearn_v1
SETE QUEDAS,chikungunya,2025,3,0.6253,2,0.0,0.0,4.0,silencio_provavel,Revisar cobertura de testagem e histórico de utilização do LACEN.,sklearn_gb_v1,sklearn_v1
PAULICEIA,chikungunya,2025,3,0.6253,2,0.0,0.0,4.0,silencio_provavel,Revisar cobertura de testagem e histórico de utilização do LACEN.,sklearn_gb_v1,sklearn_v1
PEDRA AZUL,chikungunya,2025,1,0.6253,2,0.0,0.0,4.0,silencio_provavel,Revisar cobertura de testagem e histórico de utilização do LACEN.,sklearn_gb_v1,sklearn_v1
PEDRA AZUL,zika,2025,1,0.6253,2,0.0,0.0,4.0,silencio_provavel,Revisar cobertura de testagem e histórico de utilização do LACEN.,sklearn_gb_v1,sklearn_v1
BOM LUGAR,dengue,2025,21,0.6253,2,0.0,0.0,4.0,silencio_provavel,Revisar cobertura de testagem e histórico de utilização do LACEN.,sklearn_gb_v1,sklearn_v1
CAUCAIA,chikungunya,2025,9,0.6253,2,0.0,0.0,4.0,silencio_provavel,Revisar cobertura de testagem e histórico de utilização do LACEN.,sklearn_gb_v1,sklearn_v1
JOAQUIM PIRES,chikungunya,2025,6,0.6253,2,0.0,0.0,4.0,silencio_provavel,Revisar cobertura de testagem e histórico de utilização do LACEN.,sklearn_gb_v1,sklearn_v1
JORDAO,chikungunya,2025,4,0.6253,2,0.0,0.0,4.0,silencio_provavel,Revisar cobertura de testagem e histórico de utilização do LACEN.,sklearn_gb_v1,sklearn_v1
FRANCISCO BELTRAO,pesquisa_de_multipatogenos_ist,2024,31,0.6253,2,0.0,0.0,4.0,silencio_provavel,Revisar cobertura de testagem e histórico de utilização do LACEN.,sklearn_gb_v1,sklearn_v1
FRANCISCO BELTRAO,chikungunya,2025,23,0.6253,2,0.0,0.0,4.0,silencio_provavel,Revisar cobertura de testagem e histórico de utilização do LACEN.,sklearn_gb_v1,sklearn_v1
FRANCA,chikungunya,2025,3,0.6253,2,0.0,0.0,4.0,silencio_provavel,Revisar cobertura de testagem e histórico de utilização do LACEN.,sklearn_gb_v1,sklearn_v1
BALNEARIO CAMBORIU,chikungunya,2025,12,0.6253,2,0.0,0.0,4.0,silencio_provavel,Revisar cobertura de testagem e histórico de utilização do LACEN.,sklearn_gb_v1,sklearn_v1
CENTRO NOVO DO MARANHAO,chikungunya,2024,22,0.6253,2,0.0,0.0,4.0,silencio_provavel,Revisar cobertura de testagem e histórico de utilização do LACEN.,sklearn_gb_v1,sklearn_v1
CARLINDA,rifampicina,2026,15,0.6242,1,0.0,0.0,4.0,silencio_provavel,Revisar cobertura de testagem e histórico de utilização do LACEN.,sklearn_gb_v1,sklearn_v1
NOVA MARINGA,tuberculose_lf_lam,2026,16,0.6242,1,0.0,0.0,4.0,silencio_provavel,Revisar cobertura de testagem e histórico de utilização do LACEN.,sklearn_gb_v1,sklearn_v1
NOVA MARINGA,criptococos_teste_rapido,2026,16,0.6242,1,0.0,0.0,4.0,silencio_provavel,Revisar cobertura de testagem e histórico de utilização do LACEN.,sklearn_gb_v1,sklearn_v1
CACERES,febre_amarela_biologia_molecular,2026,14,0.6242,1,0.0,0.0,4.0,silencio_provavel,Revisar cobertura de testagem e histórico de utilização do LACEN.,sklearn_gb_v1,sklearn_v1
CONFRESA,neisseria_gonorrhoeae,2026,11,0.6242,1,0.0,0.0,4.0,silencio_provavel,Revisar cobertura de testagem e histórico de utilização do LACEN.,sklearn_gb_v1,sklearn_v1
ALTO PARAGUAI,tuberculose_lf_lam,2026,18,0.6242,1,0.0,0.0,4.0,silencio_provavel,Revisar cobertura de testagem e histórico de utilização do LACEN.,sklearn_gb_v1,sklearn_v1
ALTO PARAGUAI,criptococos_teste_rapido,2026,18,0.6242,1,0.0,0.0,4.0,silencio_provavel,Revisar cobertura de testagem e histórico de utilização do LACEN.,sklearn_gb_v1,sklearn_v1
PARANATINGA,tuberculose_lf_lam,2026,11,0.6242,1,0.0,0.0,4.0,silencio_provavel,Revisar cobertura de testagem e histórico de utilização do LACEN.,sklearn_gb_v1,sklearn_v1
CACERES,hiv,2026,14,0.6241,2,0.0,0.0,4.0,silencio_provavel,Revisar cobertura de testagem e histórico de utilização do LACEN.,sklearn_gb_v1,sklearn_v1
CHAPADA DOS GUIMARAES,pesquisa_de_multipatogenos_ist,2026,3,0.6199,2,0.0,0.0,4.0,silencio_provavel,Revisar cobertura de testagem e histórico de utilização do LACEN.,sklearn_gb_v1,sklearn_v1
VALE DE SAO DOMINGOS,leptospira,2024,48,0.6151,1,0.0,1.0,4.0,silencio_provavel,Revisar cobertura de testagem e histórico de utilização do LACEN.,sklearn_gb_v1,sklearn_v1
PORTO ESTRELA,tuberculose_cultura,2025,26,0.6137,1,0.0,0.0,4.0,silencio_provavel,Revisar cobertura de testagem e histórico de utilização do LACEN.,sklearn_gb_v1,sklearn_v1
PORTO ESTRELA,cultura_para_fungos,2025,26,0.6137,1,0.0,0.0,4.0,silencio_provavel,Revisar cobertura de testagem e histórico de utilização do LACEN.,sklearn_gb_v1,sklearn_v1
PORTO ESTRELA,influenza_a,2024,39,0.6137,1,0.0,0.0,4.0,silencio_provavel,Revisar cobertura de testagem e histórico de utilização do LACEN.,sklearn_gb_v1,sklearn_v1
PORTO ESTRELA,influenza_b,2024,39,0.6137,1,0.0,0.0,4.0,silencio_provavel,Revisar cobertura de testagem e histórico de utilização do LACEN.,sklearn_gb_v1,sklearn_v1
PORTO ESTRELA,zika,2025,15,0.6137,1,0.0,0.0,4.0,silencio_provavel,Revisar cobertura de testagem e histórico de utilização do LACEN.,sklearn_gb_v1,sklearn_v1
PORTO ESTRELA,dengue,2025,15,0.6137,1,0.0,0.0,4.0,silencio_provavel,Revisar cobertura de testagem e histórico de utilização do LACEN.,sklearn_gb_v1,sklearn_v1
PORTO ESTRELA,hepatite_c_hcv,2024,39,0.6137,1,0.0,0.0,4.0,silencio_provavel,Revisar cobertura de testagem e histórico de utilização do LACEN.,sklearn_gb_v1,sklearn_v1
PORTO ESTRELA,fungos,2025,26,0.6137,1,0.0,0.0,4.0,silencio_provavel,Revisar cobertura de testagem e histórico de utilização do LACEN.,sklearn_gb_v1,sklearn_v1
PORTO ESTRELA,sars_cov_2,2024,39,0.6137,1,0.0,0.0,4.0,silencio_provavel,Revisar cobertura de testagem e histórico de utilização do LACEN.,sklearn_gb_v1,sklearn_v1
TABAPORA,tuberculose_lf_lam,2026,16,0.611,1,0.0,0.0,4.0,silencio_provavel,Revisar cobertura de testagem e histórico de utilização do LACEN.,sklearn_gb_v1,sklearn_v1
SORRISO,tuberculose_lf_lam,2026,19,0.611,1,0.0,0.0,4.0,silencio_provavel,Revisar cobertura de testagem e histórico de utilização do LACEN.,sklearn_gb_v1,sklearn_v1
PRIMAVERA DO LESTE,tuberculose_lf_lam,2026,17,0.611,1,0.0,0.0,4.0,silencio_provavel,Revisar cobertura de testagem e histórico de utilização do LACEN.,sklearn_gb_v1,sklearn_v1
CURVELANDIA,hepatite_b_hbv,2026,12,0.611,1,0.0,0.0,4.0,silencio_provavel,Revisar cobertura de testagem e histórico de utilização do LACEN.,sklearn_gb_v1,sklearn_v1
SAPEZAL,criptococos_teste_rapido,2026,20,0.6099,1,0.0,0.0,4.0,silencio_provavel,Revisar cobertura de testagem e histórico de utilização do LACEN.,sklearn_gb_v1,sklearn_v1
PRIMAVERA DO LESTE,criptococos_teste_rapido,2026,17,0.6099,1,0.0,0.0,4.0,silencio_provavel,Revisar cobertura de testagem e histórico de utilização do LACEN.,sklearn_gb_v1,sklearn_v1
CAMPO VERDE,tuberculose_lf_lam,2026,14,0.6099,1,0.0,0.0,4.0,silencio_provavel,Revisar cobertura de testagem e histórico de utilização do LACEN.,sklearn_gb_v1,sklearn_v1
BRASNORTE,virus_respiratorios,2026,19,0.6099,1,0.0,0.0,4.0,silencio_provavel,Revisar cobertura de testagem e histórico de utilização do LACEN.,sklearn_gb_v1,sklearn_v1
SAO JOSE DO RIO CLARO,tuberculose_lf_lam,2026,20,0.6099,1,0.0,0.0,4.0,silencio_provavel,Revisar cobertura de testagem e histórico de utilização do LACEN.,sklearn_gb_v1,sklearn_v1
SAO JOSE DO RIO CLARO,criptococos_teste_rapido,2026,20,0.6099,1,0.0,0.0,4.0,silencio_provavel,Revisar cobertura de testagem e histórico de utilização do LACEN.,sklearn_gb_v1,sklearn_v1
ARAPUTANGA,tuberculose_lf_lam,2026,9,0.6099,1,0.0,0.0,4.0,silencio_provavel,Revisar cobertura de testagem e histórico de utilização do LACEN.,sklearn_gb_v1,sklearn_v1
DIAMANTINO,tuberculose_lf_lam,2026,15,0.6099,1,0.0,0.0,4.0,silencio_provavel,Revisar cobertura de testagem e histórico de utilização do LACEN.,sklearn_gb_v1,sklearn_v1
DIAMANTINO,criptococos_teste_rapido,2026,15,0.6099,1,0.0,0.0,4.0,silencio_provavel,Revisar cobertura de testagem e histórico de utilização do LACEN.,sklearn_gb_v1,sklearn_v1
JACIARA,tuberculose_lf_lam,2026,6,0.6099,1,0.0,0.0,4.0,silencio_provavel,Revisar cobertura de testagem e histórico de utilização do LACEN.,sklearn_gb_v1,sklearn_v1
SERRA NOVA DOURADA,hepatite_a,2024,27,0.6067,2,0.0,0.0,4.0,silencio_provavel,Revisar cobertura de testagem e histórico de utilização do LACEN.,sklearn_gb_v1,sklearn_v1
SERRA NOVA DOURADA,chikungunya,2025,7,0.6067,2,0.0,0.0,4.0,silencio_provavel,Revisar cobertura de testagem e histórico de utilização do LACEN.,sklearn_gb_v1,sklearn_v1
CAMPO LARGO,chikungunya,2025,4,0.6046,3,0.0,0.0,4.0,silencio_provavel,Revisar cobertura de testagem e histórico de utilização do LACEN.,sklearn_gb_v1,sklearn_v1
SANTA INES,dengue,2025,14,0.6035,3,0.0,0.0,4.0,silencio_provavel,Revisar cobertura de testagem e histórico de utilização do LACEN.,sklearn_gb_v1,sklearn_v1
FEIJO,dengue,2025,22,0.6035,3,0.0,0.0,4.0,silencio_provavel,Revisar cobertura de testagem e histórico de utilização do LACEN.,sklearn_gb_v1,sklearn_v1
MUNDO NOVO,dengue,2025,24,0.6035,3,0.0,0.0,4.0,silencio_provavel,Revisar cobertura de testagem e histórico de utilização do LACEN.,sklearn_gb_v1,sklearn_v1
ALMEIRIM,dengue,2025,28,0.6035,3,0.0,0.0,4.0,silencio_provavel,Revisar cobertura de testagem e histórico de utilização do LACEN.,sklearn_gb_v1,sklearn_v1
VARGEM GRANDE,dengue,2025,17,0.6035,3,0.0,0.0,4.0,silencio_provavel,Revisar cobertura de testagem e histórico de utilização do LACEN.,sklearn_gb_v1,sklearn_v1
URBANO SANTOS,dengue,2025,20,0.6035,3,0.0,0.0,4.0,silencio_provavel,Revisar cobertura de testagem e histórico de utilização do LACEN.,sklearn_gb_v1,sklearn_v1
JACOBINA,meningite_bacteriana_biologia_molecular,2026,20,0.6035,3,0.0,0.0,4.0,silencio_provavel,Revisar cobertura de testagem e histórico de utilização do LACEN.,sklearn_gb_v1,sklearn_v1
NOSSA SENHORA DE NAZARE,chikungunya,2025,14,0.6035,3,0.0,0.0,4.0,silencio_provavel,Revisar cobertura de testagem e histórico de utilização do LACEN.,sklearn_gb_v1,sklearn_v1
SANTA LUZIA DO PARUA,dengue,2025,28,0.6035,3,0.0,0.0,4.0,silencio_provavel,Revisar cobertura de testagem e histórico de utilização do LACEN.,sklearn_gb_v1,sklearn_v1
BARRA DE SANTO ANTONIO,chikungunya,2025,21,0.6035,3,0.0,0.0,4.0,silencio_provavel,Revisar cobertura de testagem e histórico de utilização do LACEN.,sklearn_gb_v1,sklearn_v1
VITORINO FREIRE,chikungunya,2025,23,0.6035,3,0.0,0.0,4.0,silencio_provavel,Revisar cobertura de testagem e histórico de utilização do LACEN.,sklearn_gb_v1,sklearn_v1
RECIFE,dengue,2025,24,0.6035,3,0.0,0.0,4.0,silencio_provavel,Revisar cobertura de testagem e histórico de utilização do LACEN.,sklearn_gb_v1,sklearn_v1
RODEIO BONITO,chikungunya,2025,28,0.6035,3,0.0,0.0,4.0,silencio_provavel,Revisar cobertura de testagem e histórico de utilização do LACEN.,sklearn_gb_v1,sklearn_v1
BARRAS,dengue,2025,18,0.6035,3,0.0,0.0,4.0,silencio_provavel,Revisar cobertura de testagem e histórico de utilização do LACEN.,sklearn_gb_v1,sklearn_v1
LUIZIANIA,chikungunya,2025,14,0.6035,3,0.0,0.0,4.0,silencio_provavel,Revisar cobertura de testagem e histórico de utilização do LACEN.,sklearn_gb_v1,sklearn_v1
LUIS EDUARDO MAGALHAES,chikungunya,2025,21,0.6035,3,0.0,0.0,4.0,silencio_provavel,Revisar cobertura de testagem e histórico de utilização do LACEN.,sklearn_gb_v1,sklearn_v1
BARREIRINHAS,dengue,2024,22,0.6035,3,0.0,0.0,4.0,silencio_provavel,Revisar cobertura de testagem e histórico de utilização do LACEN.,sklearn_gb_v1,sklearn_v1
LANDRI SALES,dengue,2025,33,0.6035,3,0.0,0.0,4.0,silencio_provavel,Revisar cobertura de testagem e histórico de utilização do LACEN.,sklearn_gb_v1,sklearn_v1
CAPITAO POCO,dengue,2025,19,0.6035,3,0.0,0.0,4.0,silencio_provavel,Revisar cobertura de testagem e histórico de utilização do LACEN.,sklearn_gb_v1,sklearn_v1
CAPITAO LEONIDAS MARQUES,dengue,2025,24,0.6035,3,0.0,0.0,4.0,silencio_provavel,Revisar cobertura de testagem e histórico de utilização do LACEN.,sklearn_gb_v1,sklearn_v1
PRAINHA,dengue,2025,25,0.6035,3,0.0,0.0,4.0,silencio_provavel,Revisar cobertura de testagem e histórico de utilização do LACEN.,sklearn_gb_v1,sklearn_v1
BOM JESUS DAS SELVAS,dengue,2025,25,0.6035,3,0.0,0.0,4.0,silencio_provavel,Revisar cobertura de testagem e histórico de utilização do LACEN.,sklearn_gb_v1,sklearn_v1
DIORAMA,dengue,2024,25,0.6035,3,0.0,0.0,4.0,silencio_provavel,Revisar cobertura de testagem e histórico de utilização do LACEN.,sklearn_gb_v1,sklearn_v1
ULIANOPOLIS,dengue,2025,23,0.6035,3,0.0,0.0,4.0,silencio_provavel,Revisar cobertura de testagem e histórico de utilização do LACEN.,sklearn_gb_v1,sklearn_v1
TURILANDIA,zika,2024,30,0.6035,3,0.0,0.0,4.0,silencio_provavel,Revisar cobertura de testagem e histórico de utilização do LACEN.,sklearn_gb_v1,sklearn_v1
BATATAIS,dengue,2025,26,0.6035,3,0.0,0.0,4.0,silencio_provavel,Revisar cobertura de testagem e histórico de utilização do LACEN.,sklearn_gb_v1,sklearn_v1
OURILANDIA DO NORTE,dengue,2025,19,0.6035,3,0.0,0.0,4.0,silencio_provavel,Revisar cobertura de testagem e histórico de utilização do LACEN.,sklearn_gb_v1,sklearn_v1
DOM PEDRO,chikungunya,2025,27,0.6035,3,0.0,0.0,4.0,silencio_provavel,Revisar cobertura de testagem e histórico de utilização do LACEN.,sklearn_gb_v1,sklearn_v1
CORUMBIARA,sars_cov_2,2024,22,0.6035,3,0.0,0.0,4.0,silencio_provavel,Revisar cobertura de testagem e histórico de utilização do LACEN.,sklearn_gb_v1,sklearn_v1
CAMPO LARGO DO PIAUI,dengue,2025,19,0.6035,3,0.0,0.0,4.0,silencio_provavel,Revisar cobertura de testagem e histórico de utilização do LACEN.,sklearn_gb_v1,sklearn_v1
TERRA RICA,dengue,2024,52,0.6035,3,0.0,0.0,4.0,silencio_provavel,Revisar cobertura de testagem e histórico de utilização do LACEN.,sklearn_gb_v1,sklearn_v1
PACAJA,dengue,2025,18,0.6035,3,0.0,0.0,4.0,silencio_provavel,Revisar cobertura de testagem e histórico de utilização do LACEN.,sklearn_gb_v1,sklearn_v1
CORONEL VIVIDA,chikungunya,2025,25,0.6035,3,0.0,0.0,4.0,silencio_provavel,Revisar cobertura de testagem e histórico de utilização do LACEN.,sklearn_gb_v1,sklearn_v1
COROATA,chikungunya,2025,22,0.6035,3,0.0,0.0,4.0,silencio_provavel,Revisar cobertura de testagem e histórico de utilização do LACEN.,sklearn_gb_v1,sklearn_v1
JARU,varicela_zoster_biologia_molecular,2024,39,0.6035,3,0.0,0.0,4.0,silencio_provavel,Revisar cobertura de testagem e histórico de utilização do LACEN.,sklearn_gb_v1,sklearn_v1
COTIA,dengue,2025,20,0.6035,3,0.0,0.0,4.0,silencio_provavel,Revisar cobertura de testagem e histórico de utilização do LACEN.,sklearn_gb_v1,sklearn_v1
COELHO NETO,zika,2025,15,0.6035,3,0.0,0.0,4.0,silencio_provavel,Revisar cobertura de testagem e histórico de utilização do LACEN.,sklearn_gb_v1,sklearn_v1
JARU,variola,2024,39,0.6035,3,0.0,0.0,4.0,silencio_provavel,Revisar cobertura de testagem e histórico de utilização do LACEN.,sklearn_gb_v1,sklearn_v1
LADARIO,zika,2025,13,0.6035,3,0.0,0.0,4.0,silencio_provavel,Revisar cobertura de testagem e histórico de utilização do LACEN.,sklearn_gb_v1,sklearn_v1
LUIZIANIA,zika,2025,14,0.6035,3,0.0,0.0,4.0,silencio_provavel,Revisar cobertura de testagem e histórico de utilização do LACEN.,sklearn_gb_v1,sklearn_v1
LUZIANIA,dengue,2025,24,0.6035,3,0.0,0.0,4.0,silencio_provavel,Revisar cobertura de testagem e histórico de utilização do LACEN.,sklearn_gb_v1,sklearn_v1
ITACOATIARA,dengue,2025,20,0.6035,3,0.0,0.0,4.0,silencio_provavel,Revisar cobertura de testagem e histórico de utilização do LACEN.,sklearn_gb_v1,sklearn_v1
TRAIRAO,dengue,2025,22,0.6035,3,0.0,0.0,4.0,silencio_provavel,Revisar cobertura de testagem e histórico de utilização do LACEN.,sklearn_gb_v1,sklearn_v1
CONCEICAO DO MATO DENTRO,dengue,2025,15,0.6035,3,0.0,0.0,4.0,silencio_provavel,Revisar cobertura de testagem e histórico de utilização do LACEN.,sklearn_gb_v1,sklearn_v1
SANTA MARIA DAS BARREIRAS,dengue,2025,14,0.6035,3,0.0,0.0,4.0,silencio_provavel,Revisar cobertura de testagem e histórico de utilização do LACEN.,sklearn_gb_v1,sklearn_v1
BARROLANDIA,dengue,2025,14,0.6035,3,0.0,0.0,4.0,silencio_provavel,Revisar cobertura de testagem e histórico de utilização do LACEN.,sklearn_gb_v1,sklearn_v1
BOA VISTA DO GURUPI,dengue,2024,21,0.6035,3,0.0,0.0,4.0,silencio_provavel,Revisar cobertura de testagem e histórico de utilização do LACEN.,sklearn_gb_v1,sklearn_v1
POSSE,chikungunya,2025,21,0.6035,3,0.0,0.0,4.0,silencio_provavel,Revisar cobertura de testagem e histórico de utilização do LACEN.,sklearn_gb_v1,sklearn_v1
BOA VISTA DO CADEADO,dengue,2025,18,0.6035,3,0.0,0.0,4.0,silencio_provavel,Revisar cobertura de testagem e histórico de utilização do LACEN.,sklearn_gb_v1,sklearn_v1
MAMANGUAPE,sars_cov_2,2025,15,0.6035,3,0.0,0.0,4.0,silencio_provavel,Revisar cobertura de testagem e histórico de utilização do LACEN.,sklearn_gb_v1,sklearn_v1
JOINVILLE,chikungunya,2025,15,0.6035,3,0.0,0.0,4.0,silencio_provavel,Revisar cobertura de testagem e histórico de utilização do LACEN.,sklearn_gb_v1,sklearn_v1
JOSELANDIA,dengue,2025,28,0.6035,3,0.0,0.0,4.0,silencio_provavel,Revisar cobertura de testagem e histórico de utilização do LACEN.,sklearn_gb_v1,sklearn_v1
SANTANA DO ARAGUAIA,dengue,2025,20,0.6035,3,0.0,0.0,4.0,silencio_provavel,Revisar cobertura de testagem e histórico de utilização do LACEN.,sklearn_gb_v1,sklearn_v1
GUAIRA,chikungunya,2025,20,0.6035,3,0.0,0.0,4.0,silencio_provavel,Revisar cobertura de testagem e histórico de utilização do LACEN.,sklearn_gb_v1,sklearn_v1
SERTAOZINHO,dengue,2024,23,0.6035,3,0.0,0.0,4.0,silencio_provavel,Revisar cobertura de testagem e histórico de utilização do LACEN.,sklearn_gb_v1,sklearn_v1
PALMEIRA D''OESTE,dengue,2025,21,0.6035,3,0.0,0.0,4.0,silencio_provavel,Revisar cobertura de testagem e histórico de utilização do LACEN.,sklearn_gb_v1,sklearn_v1
CACHOEIRA DO SUL,chikungunya,2024,23,0.6035,3,0.0,0.0,4.0,silencio_provavel,Revisar cobertura de testagem e histórico de utilização do LACEN.,sklearn_gb_v1,sklearn_v1
COXIM,chikungunya,2025,14,0.6035,3,0.0,0.0,4.0,silencio_provavel,Revisar cobertura de testagem e histórico de utilização do LACEN.,sklearn_gb_v1,sklearn_v1
GIRUA,dengue,2025,28,0.6035,3,0.0,0.0,4.0,silencio_provavel,Revisar cobertura de testagem e histórico de utilização do LACEN.,sklearn_gb_v1,sklearn_v1
ITAPECURU MIRIM,dengue,2025,11,0.6035,3,0.0,0.0,4.0,silencio_provavel,Revisar cobertura de testagem e histórico de utilização do LACEN.,sklearn_gb_v1,sklearn_v1
ARAME,dengue,2025,20,0.6035,3,0.0,0.0,4.0,silencio_provavel,Revisar cobertura de testagem e histórico de utilização do LACEN.,sklearn_gb_v1,sklearn_v1
ARAGUATINS,dengue,2025,15,0.6035,3,0.0,0.0,4.0,silencio_provavel,Revisar cobertura de testagem e histórico de utilização do LACEN.,sklearn_gb_v1,sklearn_v1
SAO LUIS GONZAGA DO MARANHAO,chikungunya,2025,22,0.6035,3,0.0,0.0,4.0,silencio_provavel,Revisar cobertura de testagem e histórico de utilização do LACEN.,sklearn_gb_v1,sklearn_v1
SAO LUDGERO,dengue,2025,22,0.6035,3,0.0,0.0,4.0,silencio_provavel,Revisar cobertura de testagem e histórico de utilização do LACEN.,sklearn_gb_v1,sklearn_v1
SENADOR ALEXANDRE COSTA,dengue,2025,23,0.6035,3,0.0,0.0,4.0,silencio_provavel,Revisar cobertura de testagem e histórico de utilização do LACEN.,sklearn_gb_v1,sklearn_v1
ANICUNS,dengue,2025,17,0.6035,3,0.0,0.0,4.0,silencio_provavel,Revisar cobertura de testagem e histórico de utilização do LACEN.,sklearn_gb_v1,sklearn_v1
GUARANTA,dengue,2025,26,0.6035,3,0.0,0.0,4.0,silencio_provavel,Revisar cobertura de testagem e histórico de utilização do LACEN.,sklearn_gb_v1,sklearn_v1
GRAMADO,chikungunya,2024,26,0.6035,3,0.0,0.0,4.0,silencio_provavel,Revisar cobertura de testagem e histórico de utilização do LACEN.,sklearn_gb_v1,sklearn_v1
GOVERNADOR EUGENIO BARROS,dengue,2025,21,0.6035,3,0.0,0.0,4.0,silencio_provavel,Revisar cobertura de testagem e histórico de utilização do LACEN.,sklearn_gb_v1,sklearn_v1
MARAU,dengue,2025,18,0.6035,3,0.0,0.0,4.0,silencio_provavel,Revisar cobertura de testagem e histórico de utilização do LACEN.,sklearn_gb_v1,sklearn_v1
PORTO ALEGRE,chikungunya,2025,21,0.6035,3,0.0,0.0,4.0,silencio_provavel,Revisar cobertura de testagem e histórico de utilização do LACEN.,sklearn_gb_v1,sklearn_v1
PETROLINA,dengue,2025,20,0.6035,3,0.0,0.0,4.0,silencio_provavel,Revisar cobertura de testagem e histórico de utilização do LACEN.,sklearn_gb_v1,sklearn_v1
PERI MIRIM,dengue,2024,25,0.6035,3,0.0,0.0,4.0,silencio_provavel,Revisar cobertura de testagem e histórico de utilização do LACEN.,sklearn_gb_v1,sklearn_v1
POMERODE,dengue,2025,24,0.6035,3,0.0,0.0,4.0,silencio_provavel,Revisar cobertura de testagem e histórico de utilização do LACEN.,sklearn_gb_v1,sklearn_v1
AUGUSTINOPOLIS,dengue,2025,18,0.6035,3,0.0,0.0,4.0,silencio_provavel,Revisar cobertura de testagem e histórico de utilização do LACEN.,sklearn_gb_v1,sklearn_v1
LADARIO,chikungunya,2025,13,0.6035,3,0.0,0.0,4.0,silencio_provavel,Revisar cobertura de testagem e histórico de utilização do LACEN.,sklearn_gb_v1,sklearn_v1
BRANQUINHA,chikungunya,2025,20,0.6035,3,0.0,0.0,4.0,silencio_provavel,Revisar cobertura de testagem e histórico de utilização do LACEN.,sklearn_gb_v1,sklearn_v1
BRAGANCA,dengue,2025,15,0.6035,3,0.0,0.0,4.0,silencio_provavel,Revisar cobertura de testagem e histórico de utilização do LACEN.,sklearn_gb_v1,sklearn_v1
BACABAL,dengue,2025,15,0.6035,3,0.0,0.0,4.0,silencio_provavel,Revisar cobertura de testagem e histórico de utilização do LACEN.,sklearn_gb_v1,sklearn_v1
MARANHAOZINHO,dengue,2024,23,0.6035,3,0.0,0.0,4.0,silencio_provavel,Revisar cobertura de testagem e histórico de utilização do LACEN.,sklearn_gb_v1,sklearn_v1
PLANALTO,dengue,2025,30,0.6035,3,0.0,0.0,4.0,silencio_provavel,Revisar cobertura de testagem e histórico de utilização do LACEN.,sklearn_gb_v1,sklearn_v1
SANTO ANTONIO DE POSSE,chikungunya,2025,22,0.6035,3,0.0,0.0,4.0,silencio_provavel,Revisar cobertura de testagem e histórico de utilização do LACEN.,sklearn_gb_v1,sklearn_v1
SAO BERNARDO DO CAMPO,dengue,2025,29,0.6035,3,0.0,0.0,4.0,silencio_provavel,Revisar cobertura de testagem e histórico de utilização do LACEN.,sklearn_gb_v1,sklearn_v1
ITABUNA,dengue,2025,21,0.6035,3,0.0,0.0,4.0,silencio_provavel,Revisar cobertura de testagem e histórico de utilização do LACEN.,sklearn_gb_v1,sklearn_v1
ESTANCIA,dengue,2025,18,0.6035,3,0.0,0.0,4.0,silencio_provavel,Revisar cobertura de testagem e histórico de utilização do LACEN.,sklearn_gb_v1,sklearn_v1
AFONSO CUNHA,chikungunya,2025,14,0.6035,3,0.0,0.0,4.0,silencio_provavel,Revisar cobertura de testagem e histórico de utilização do LACEN.,sklearn_gb_v1,sklearn_v1
URUCARA,dengue,2025,20,0.6035,3,0.0,0.0,4.0,silencio_provavel,Revisar cobertura de testagem e histórico de utilização do LACEN.,sklearn_gb_v1,sklearn_v1
RIBEIRAO PRETO,dengue,2025,16,0.6035,3,0.0,0.0,4.0,silencio_provavel,Revisar cobertura de testagem e histórico de utilização do LACEN.,sklearn_gb_v1,sklearn_v1
XEXEU,chikungunya,2025,18,0.6035,3,0.0,0.0,4.0,silencio_provavel,Revisar cobertura de testagem e histórico de utilização do LACEN.,sklearn_gb_v1,sklearn_v1
CODO,chikungunya,2025,26,0.6035,3,0.0,0.0,4.0,silencio_provavel,Revisar cobertura de testagem e histórico de utilização do LACEN.,sklearn_gb_v1,sklearn_v1
PORTO ESTRELA,baciloscopia,2025,30,0.6016,1,0.0,0.0,4.0,silencio_provavel,Revisar cobertura de testagem e histórico de utilização do LACEN.,sklearn_gb_v1,sklearn_v1
JUNQUEIROPOLIS,chikungunya,2025,4,0.6001,3,0.0,0.0,4.0,silencio_provavel,Revisar cobertura de testagem e histórico de utilização do LACEN.,sklearn_gb_v1,sklearn_v1
BOM LUGAR,chikungunya,2025,21,0.6001,3,0.0,0.0,4.0,silencio_provavel,Revisar cobertura de testagem e histórico de utilização do LACEN.,sklearn_gb_v1,sklearn_v1
RINOPOLIS,chikungunya,2025,4,0.6001,3,0.0,0.0,4.0,silencio_provavel,Revisar cobertura de testagem e histórico de utilização do LACEN.,sklearn_gb_v1,sklearn_v1
COELHO NETO,chikungunya,2025,15,0.6001,3,0.0,0.0,4.0,silencio_provavel,Revisar cobertura de testagem e histórico de utilização do LACEN.,sklearn_gb_v1,sklearn_v1
TABOAO DA SERRA,chikungunya,2025,3,0.6001,3,0.0,0.0,4.0,silencio_provavel,Revisar cobertura de testagem e histórico de utilização do LACEN.,sklearn_gb_v1,sklearn_v1
BARRETOS,chikungunya,2025,5,0.6001,3,0.0,0.0,4.0,silencio_provavel,Revisar cobertura de testagem e histórico de utilização do LACEN.,sklearn_gb_v1,sklearn_v1
VAZANTE,dengue,2025,24,0.6001,3,0.0,0.0,4.0,silencio_provavel,Revisar cobertura de testagem e histórico de utilização do LACEN.,sklearn_gb_v1,sklearn_v1
BARRETOS,zika,2025,5,0.6001,3,0.0,0.0,4.0,silencio_provavel,Revisar cobertura de testagem e histórico de utilização do LACEN.,sklearn_gb_v1,sklearn_v1
BOMBINHAS,chikungunya,2024,24,0.6001,3,0.0,0.0,4.0,silencio_provavel,Revisar cobertura de testagem e histórico de utilização do LACEN.,sklearn_gb_v1,sklearn_v1
POXOREO,hantavirus,2024,21,0.6001,3,0.0,0.0,4.0,silencio_provavel,Revisar cobertura de testagem e histórico de utilização do LACEN.,sklearn_gb_v1,sklearn_v1
GLORIA D''OESTE,bacterias_teste_de_sensibilidade,2025,33,0.6001,3,0.0,0.0,4.0,silencio_provavel,Revisar cobertura de testagem e histórico de utilização do LACEN.,sklearn_gb_v1,sklearn_v1
VALE DE SAO DOMINGOS,dengue,2025,12,0.5982,1,0.0,0.0,4.0,silencio_provavel,Revisar cobertura de testagem e histórico de utilização do LACEN.,sklearn_gb_v1,sklearn_v1
VALE DE SAO DOMINGOS,zika,2025,12,0.5982,1,0.0,0.0,4.0,silencio_provavel,Revisar cobertura de testagem e histórico de utilização do LACEN.,sklearn_gb_v1,sklearn_v1
VALE DE SAO DOMINGOS,hepatite_c_hcv,2024,48,0.5982,1,0.0,0.0,4.0,silencio_provavel,Revisar cobertura de testagem e histórico de utilização do LACEN.,sklearn_gb_v1,sklearn_v1
VALE DE SAO DOMINGOS,tuberculose,2025,13,0.5982,1,0.0,0.0,4.0,silencio_provavel,Revisar cobertura de testagem e histórico de utilização do LACEN.,sklearn_gb_v1,sklearn_v1
CONFRESA,meningite_bacteriana_biologia_molecular,2026,11,0.5946,3,0.0,0.0,4.0,silencio_provavel,Revisar cobertura de testagem e histórico de utilização do LACEN.,sklearn_gb_v1,sklearn_v1
NOVO SANTO ANTONIO,hepatite_a,2024,27,0.5898,2,0.0,0.0,4.0,silencio_provavel,Revisar cobertura de testagem e histórico de utilização do LACEN.,sklearn_gb_v1,sklearn_v1
VALE DE SAO DOMINGOS,chikungunya,2025,12,0.5859,1,0.0,0.0,4.0,silencio_provavel,Revisar cobertura de testagem e histórico de utilização do LACEN.,sklearn_gb_v1,sklearn_v1
LUCIARA,hepatite_a,2024,51,0.5797,2,0.0,0.0,4.0,silencio_provavel,Revisar cobertura de testagem e histórico de utilização do LACEN.,sklearn_gb_v1,sklearn_v1
ARENAPOLIS,pesquisa_de_multipatogenos_ist,2026,1,0.5755,2,0.0,0.0,4.0,silencio_provavel,Revisar cobertura de testagem e histórico de utilização do LACEN.,sklearn_gb_v1,sklearn_v1
PRIMAVERA DO LESTE,pesquisa_de_multipatogenos_ist,2026,17,0.5755,2,0.0,0.0,4.0,silencio_provavel,Revisar cobertura de testagem e histórico de utilização do LACEN.,sklearn_gb_v1,sklearn_v1
ARAPUTANGA,pesquisa_de_multipatogenos_ist,2026,9,0.5755,2,0.0,0.0,4.0,silencio_provavel,Revisar cobertura de testagem e histórico de utilização do LACEN.,sklearn_gb_v1,sklearn_v1
NOVA MARILANDIA,pesquisa_de_multipatogenos_ist,2026,12,0.5755,2,0.0,0.0,4.0,silencio_provavel,Revisar cobertura de testagem e histórico de utilização do LACEN.,sklearn_gb_v1,sklearn_v1
SINOP,pesquisa_de_multipatogenos_ist,2026,17,0.5755,2,0.0,0.0,4.0,silencio_provavel,Revisar cobertura de testagem e histórico de utilização do LACEN.,sklearn_gb_v1,sklearn_v1
PORTO ESTRELA,rifampicina,2025,9,0.5749,2,0.0,0.0,4.0,silencio_provavel,Revisar cobertura de testagem e histórico de utilização do LACEN.,sklearn_gb_v1,sklearn_v1
PORTO ESTRELA,chikungunya,2025,15,0.5749,2,0.0,0.0,4.0,silencio_provavel,Revisar cobertura de testagem e histórico de utilização do LACEN.,sklearn_gb_v1,sklearn_v1
SERRA NOVA DOURADA,dengue,2025,7,0.5737,1,0.0,0.0,4.0,silencio_provavel,Revisar cobertura de testagem e histórico de utilização do LACEN.,sklearn_gb_v1,sklearn_v1
SERRA NOVA DOURADA,hepatite_c_hcv,2024,27,0.5737,1,0.0,0.0,4.0,silencio_provavel,Revisar cobertura de testagem e histórico de utilização do LACEN.,sklearn_gb_v1,sklearn_v1
BRASNORTE,pesquisa_de_multipatogenos_ist,2026,6,0.5721,2,0.0,0.0,4.0,silencio_provavel,Revisar cobertura de testagem e histórico de utilização do LACEN.,sklearn_gb_v1,sklearn_v1
PONTES E LACERDA,pesquisa_de_multipatogenos_ist,2026,9,0.5721,2,0.0,0.0,4.0,silencio_provavel,Revisar cobertura de testagem e histórico de utilização do LACEN.,sklearn_gb_v1,sklearn_v1
LUCIARA,dengue,2025,17,0.5651,3,0.0,0.0,4.0,silencio_provavel,Revisar cobertura de testagem e histórico de utilização do LACEN.,sklearn_gb_v1,sklearn_v1
SAO JOSE DO POVO,sarampo_igm,2025,41,0.552,1,0.0,0.0,4.0,silencio_provavel,Revisar cobertura de testagem e histórico de utilização do LACEN.,sklearn_gb_v1,sklearn_v1
SAO JOSE DO POVO,tuberculose_cultura,2025,27,0.552,1,0.0,0.0,4.0,silencio_provavel,Revisar cobertura de testagem e histórico de utilização do LACEN.,sklearn_gb_v1,sklearn_v1
SAO JOSE DO POVO,sarampo_igg,2025,41,0.552,1,0.0,0.0,4.0,silencio_provavel,Revisar cobertura de testagem e histórico de utilização do LACEN.,sklearn_gb_v1,sklearn_v1
SAO JOSE DO POVO,zika,2024,21,0.552,1,0.0,0.0,4.0,silencio_provavel,Revisar cobertura de testagem e histórico de utilização do LACEN.,sklearn_gb_v1,sklearn_v1
SAO JOSE DO POVO,rubeola_igm,2025,41,0.552,1,0.0,0.0,4.0,silencio_provavel,Revisar cobertura de testagem e histórico de utilização do LACEN.,sklearn_gb_v1,sklearn_v1
SAO JOSE DO POVO,hepatite_c_hcv,2025,16,0.552,1,0.0,0.0,4.0,silencio_provavel,Revisar cobertura de testagem e histórico de utilização do LACEN.,sklearn_gb_v1,sklearn_v1
ALTO BOA VISTA,tuberculose,2025,3,0.5473,1,0.0,1.0,4.0,silencio_moderado,Manter acompanhamento de rotina.,sklearn_gb_v1,sklearn_v1
SAO JOSE DO POVO,rubeola_igg,2025,41,0.5395,1,0.0,0.0,4.0,silencio_moderado,Manter acompanhamento de rotina.,sklearn_gb_v1,sklearn_v1
SAO JOSE DO POVO,dengue,2024,21,0.5395,1,0.0,0.0,4.0,silencio_moderado,Manter acompanhamento de rotina.,sklearn_gb_v1,sklearn_v1
SAO JOSE DO POVO,hepatite_b_hbv,2025,11,0.5395,1,0.0,0.0,4.0,silencio_moderado,Manter acompanhamento de rotina.,sklearn_gb_v1,sklearn_v1
SANTA TEREZINHA,leishmaniose_visceral_humana_total,2025,8,0.5342,5,0.0,0.0,4.0,silencio_moderado,Manter acompanhamento de rotina.,sklearn_gb_v1,sklearn_v1
CANABRAVA DO NORTE,dengue,2025,20,0.5328,3,0.0,0.0,4.0,silencio_moderado,Manter acompanhamento de rotina.,sklearn_gb_v1,sklearn_v1
PONTE BRANCA,dengue,2024,32,0.5307,1,0.0,0.0,4.0,silencio_moderado,Manter acompanhamento de rotina.,sklearn_gb_v1,sklearn_v1
TESOURO,zika,2025,9,0.5307,2,0.0,1.0,4.0,silencio_moderado,Manter acompanhamento de rotina.,sklearn_gb_v1,sklearn_v1
COCALINHO,hepatite_c_hcv,2024,42,0.5296,1,0.0,0.0,4.0,silencio_moderado,Manter acompanhamento de rotina.,sklearn_gb_v1,sklearn_v1
ALTO BOA VISTA,virus_respiratorios,2025,20,0.5296,1,0.0,0.0,4.0,silencio_moderado,Manter acompanhamento de rotina.,sklearn_gb_v1,sklearn_v1
ALTO BOA VISTA,sars_cov_2,2025,18,0.5296,1,0.0,0.0,4.0,silencio_moderado,Manter acompanhamento de rotina.,sklearn_gb_v1,sklearn_v1
ALTO BOA VISTA,tuberculose_cultura,2025,7,0.5296,1,0.0,0.0,4.0,silencio_moderado,Manter acompanhamento de rotina.,sklearn_gb_v1,sklearn_v1
NOVA NAZARE,virus_respiratorios,2025,27,0.5296,1,0.0,0.0,4.0,silencio_moderado,Manter acompanhamento de rotina.,sklearn_gb_v1,sklearn_v1
ALTO BOA VISTA,influenza_b,2025,20,0.5296,1,0.0,0.0,4.0,silencio_moderado,Manter acompanhamento de rotina.,sklearn_gb_v1,sklearn_v1
COCALINHO,zika,2025,16,0.5296,1,0.0,0.0,4.0,silencio_moderado,Manter acompanhamento de rotina.,sklearn_gb_v1,sklearn_v1
COCALINHO,virus_respiratorios,2024,35,0.5296,1,0.0,0.0,4.0,silencio_moderado,Manter acompanhamento de rotina.,sklearn_gb_v1,sklearn_v1
COCALINHO,neisseria_gonorrhoeae,2025,1,0.5296,1,0.0,0.0,4.0,silencio_moderado,Manter acompanhamento de rotina.,sklearn_gb_v1,sklearn_v1
COCALINHO,dengue,2025,16,0.5296,1,0.0,0.0,4.0,silencio_moderado,Manter acompanhamento de rotina.,sklearn_gb_v1,sklearn_v1
COCALINHO,influenza_b,2024,35,0.5296,1,0.0,0.0,4.0,silencio_moderado,Manter acompanhamento de rotina.,sklearn_gb_v1,sklearn_v1
ALTO BOA VISTA,brucelose_igg,2025,5,0.5296,1,0.0,0.0,4.0,silencio_moderado,Manter acompanhamento de rotina.,sklearn_gb_v1,sklearn_v1
NOVA NAZARE,hepatite_c_hcv,2025,16,0.5296,1,0.0,0.0,4.0,silencio_moderado,Manter acompanhamento de rotina.,sklearn_gb_v1,sklearn_v1
ALTO BOA VISTA,hepatite_b_hbv,2025,11,0.5296,1,0.0,0.0,4.0,silencio_moderado,Manter acompanhamento de rotina.,sklearn_gb_v1,sklearn_v1
NOVA NAZARE,dengue,2025,7,0.5296,1,0.0,0.0,4.0,silencio_moderado,Manter acompanhamento de rotina.,sklearn_gb_v1,sklearn_v1
ALTO BOA VISTA,brucelose_igm,2025,5,0.5296,1,0.0,0.0,4.0,silencio_moderado,Manter acompanhamento de rotina.,sklearn_gb_v1,sklearn_v1
ALTO BOA VISTA,influenza_a,2025,20,0.5296,1,0.0,0.0,4.0,silencio_moderado,Manter acompanhamento de rotina.,sklearn_gb_v1,sklearn_v1
ALTO BOA VISTA,brucelose,2025,5,0.5263,1,0.0,0.0,4.0,silencio_moderado,Manter acompanhamento de rotina.,sklearn_gb_v1,sklearn_v1
COCALINHO,influenza,2024,35,0.5263,1,0.0,0.0,4.0,silencio_moderado,Manter acompanhamento de rotina.,sklearn_gb_v1,sklearn_v1
COCALINHO,influenza_a,2024,35,0.5263,1,0.0,0.0,4.0,silencio_moderado,Manter acompanhamento de rotina.,sklearn_gb_v1,sklearn_v1
COCALINHO,chikungunya,2025,16,0.5263,1,0.0,0.0,4.0,silencio_moderado,Manter acompanhamento de rotina.,sklearn_gb_v1,sklearn_v1
INDIAVAI,influenza_a,2024,50,0.5165,1,0.0,0.0,4.0,silencio_moderado,Manter acompanhamento de rotina.,sklearn_gb_v1,sklearn_v1
INDIAVAI,tuberculose,2025,8,0.5165,1,0.0,0.0,4.0,silencio_moderado,Manter acompanhamento de rotina.,sklearn_gb_v1,sklearn_v1
INDIAVAI,sars_cov_2,2024,23,0.5165,1,0.0,0.0,4.0,silencio_moderado,Manter acompanhamento de rotina.,sklearn_gb_v1,sklearn_v1
INDIAVAI,rifampicina,2024,39,0.5165,1,0.0,0.0,4.0,silencio_moderado,Manter acompanhamento de rotina.,sklearn_gb_v1,sklearn_v1
INDIAVAI,virus_respiratorios,2024,50,0.5165,1,0.0,0.0,4.0,silencio_moderado,Manter acompanhamento de rotina.,sklearn_gb_v1,sklearn_v1
INDIAVAI,influenza_b,2024,50,0.5165,1,0.0,0.0,4.0,silencio_moderado,Manter acompanhamento de rotina.,sklearn_gb_v1,sklearn_v1
TESOURO,dengue,2025,9,0.513,2,0.0,0.0,4.0,silencio_moderado,Manter acompanhamento de rotina.,sklearn_gb_v1,sklearn_v1
TESOURO,chikungunya,2025,9,0.513,2,0.0,0.0,4.0,silencio_moderado,Manter acompanhamento de rotina.,sklearn_gb_v1,sklearn_v1
NOVA NAZARE,bordetella,2025,6,0.5114,5,0.0,0.0,4.0,silencio_moderado,Manter acompanhamento de rotina.,sklearn_gb_v1,sklearn_v1
NORTELANDIA,tuberculose_teste_de_sensibilidade,2025,16,0.5032,2,0.0,0.0,4.0,silencio_moderado,Manter acompanhamento de rotina.,sklearn_gb_v1,sklearn_v1
NORTELANDIA,sars_cov_2,2025,10,0.5032,2,0.0,0.0,4.0,silencio_moderado,Manter acompanhamento de rotina.,sklearn_gb_v1,sklearn_v1
NORTELANDIA,influenza_b,2025,10,0.5032,2,0.0,0.0,4.0,silencio_moderado,Manter acompanhamento de rotina.,sklearn_gb_v1,sklearn_v1
NORTELANDIA,influenza_a,2025,10,0.5032,2,0.0,0.0,4.0,silencio_moderado,Manter acompanhamento de rotina.,sklearn_gb_v1,sklearn_v1
NOVA NAZARE,sars_cov_2,2025,17,0.4929,2,0.0,0.0,4.0,silencio_moderado,Manter acompanhamento de rotina.,sklearn_gb_v1,sklearn_v1
NORTELANDIA,baciloscopia,2025,26,0.4905,2,0.0,0.0,4.0,silencio_moderado,Manter acompanhamento de rotina.,sklearn_gb_v1,sklearn_v1
RESERVA DO CABACAL,influenza_b,2025,22,0.4897,2,0.0,0.0,4.0,silencio_moderado,Manter acompanhamento de rotina.,sklearn_gb_v1,sklearn_v1
RESERVA DO CABACAL,virus_respiratorios,2025,22,0.4897,2,0.0,0.0,4.0,silencio_moderado,Manter acompanhamento de rotina.,sklearn_gb_v1,sklearn_v1
RESERVA DO CABACAL,influenza_a,2025,22,0.4897,2,0.0,0.0,4.0,silencio_moderado,Manter acompanhamento de rotina.,sklearn_gb_v1,sklearn_v1
BARAO DE MELGACO,influenza_a,2025,29,0.4836,1,1.0,0.0,0.0,silencio_moderado,Manter acompanhamento de rotina.,sklearn_gb_v1,sklearn_v1
BARAO DE MELGACO,influenza_b,2025,29,0.4836,1,1.0,0.0,0.0,silencio_moderado,Manter acompanhamento de rotina.,sklearn_gb_v1,sklearn_v1
SANTO AFONSO,dengue,2025,17,0.4832,1,0.0,0.0,4.0,silencio_moderado,Manter acompanhamento de rotina.,sklearn_gb_v1,sklearn_v1
SANTO AFONSO,hepatite_b_hbv,2025,11,0.4832,1,0.0,0.0,4.0,silencio_moderado,Manter acompanhamento de rotina.,sklearn_gb_v1,sklearn_v1
SANTO AFONSO,zika,2025,14,0.4832,1,0.0,0.0,4.0,silencio_moderado,Manter acompanhamento de rotina.,sklearn_gb_v1,sklearn_v1
RESERVA DO CABACAL,hepatite_c_hcv,2025,15,0.4832,1,0.0,0.0,4.0,silencio_moderado,Manter acompanhamento de rotina.,sklearn_gb_v1,sklearn_v1
RESERVA DO CABACAL,zika,2025,21,0.4832,1,0.0,0.0,4.0,silencio_moderado,Manter acompanhamento de rotina.,sklearn_gb_v1,sklearn_v1
VALE DE SAO DOMINGOS,rubeola_igm,2024,31,0.4827,2,0.0,0.0,4.0,silencio_moderado,Manter acompanhamento de rotina.,sklearn_gb_v1,sklearn_v1
AURIFLAMA,chikungunya,2025,14,0.4768,4,0.0,0.0,4.0,silencio_moderado,Manter acompanhamento de rotina.,sklearn_gb_v1,sklearn_v1
CAMPO GRANDE,pesquisa_de_multipatogenos_ist,2025,46,0.4768,4,0.0,0.0,4.0,silencio_moderado,Manter acompanhamento de rotina.,sklearn_gb_v1,sklearn_v1
SANTA MARIA,chikungunya,2025,10,0.4768,4,0.0,0.0,4.0,silencio_moderado,Manter acompanhamento de rotina.,sklearn_gb_v1,sklearn_v1
RIBEIRAO CASCALHEIRA,influenza_a,2025,5,0.4759,2,0.0,0.0,4.0,silencio_moderado,Manter acompanhamento de rotina.,sklearn_gb_v1,sklearn_v1
RIBEIRAO CASCALHEIRA,zika,2025,19,0.4759,2,0.0,0.0,4.0,silencio_moderado,Manter acompanhamento de rotina.,sklearn_gb_v1,sklearn_v1
RIBEIRAO CASCALHEIRA,influenza_b,2025,5,0.4759,2,0.0,0.0,4.0,silencio_moderado,Manter acompanhamento de rotina.,sklearn_gb_v1,sklearn_v1
RIBEIRAO CASCALHEIRA,chikungunya,2025,19,0.4759,2,0.0,0.0,4.0,silencio_moderado,Manter acompanhamento de rotina.,sklearn_gb_v1,sklearn_v1
RIBEIRAO CASCALHEIRA,sars_cov_2,2025,5,0.4759,2,0.0,0.0,4.0,silencio_moderado,Manter acompanhamento de rotina.,sklearn_gb_v1,sklearn_v1
VOLTA REDONDA,chikungunya,2025,11,0.4757,4,0.0,0.0,4.0,silencio_moderado,Manter acompanhamento de rotina.,sklearn_gb_v1,sklearn_v1
PARNAIBA,chikungunya,2025,20,0.4757,4,0.0,0.0,4.0,silencio_moderado,Manter acompanhamento de rotina.,sklearn_gb_v1,sklearn_v1
MIRASSOL D''OESTE,rifampicina,2025,3,0.4757,4,0.0,0.0,4.0,silencio_moderado,Manter acompanhamento de rotina.,sklearn_gb_v1,sklearn_v1
CORUMBA,sars_cov_2,2025,14,0.4757,4,0.0,0.0,4.0,silencio_moderado,Manter acompanhamento de rotina.,sklearn_gb_v1,sklearn_v1
COELHO NETO,dengue,2025,15,0.4757,5,0.0,0.0,4.0,silencio_moderado,Manter acompanhamento de rotina.,sklearn_gb_v1,sklearn_v1
CARIRIACU,chikungunya,2025,19,0.4757,4,0.0,0.0,4.0,silencio_moderado,Manter acompanhamento de rotina.,sklearn_gb_v1,sklearn_v1
BELO HORIZONTE,coqueluche_deteccao_de_bordetella_pertussis,2025,30,0.4757,5,0.0,0.0,4.0,silencio_moderado,Manter acompanhamento de rotina.,sklearn_gb_v1,sklearn_v1
JACAREACANGA,tuberculose_cultura,2025,18,0.4757,4,0.0,0.0,4.0,silencio_moderado,Manter acompanhamento de rotina.,sklearn_gb_v1,sklearn_v1
RIO BRILHANTE,dengue,2025,16,0.4757,4,0.0,0.0,4.0,silencio_moderado,Manter acompanhamento de rotina.,sklearn_gb_v1,sklearn_v1
BRAGANCA PAULISTA,rifampicina,2025,3,0.4757,4,0.0,0.0,4.0,silencio_moderado,Manter acompanhamento de rotina.,sklearn_gb_v1,sklearn_v1
FARIAS BRITO,chikungunya,2025,15,0.4757,4,0.0,0.0,4.0,silencio_moderado,Manter acompanhamento de rotina.,sklearn_gb_v1,sklearn_v1
AURIFLAMA,zika,2025,14,0.4757,4,0.0,0.0,4.0,silencio_moderado,Manter acompanhamento de rotina.,sklearn_gb_v1,sklearn_v1
AURIFLAMA,dengue,2025,14,0.4757,4,0.0,0.0,4.0,silencio_moderado,Manter acompanhamento de rotina.,sklearn_gb_v1,sklearn_v1
SANTA LUZIA D''OESTE,hepatite_b_hbv,2024,29,0.4757,5,0.0,0.0,4.0,silencio_moderado,Manter acompanhamento de rotina.,sklearn_gb_v1,sklearn_v1
BOCA DO ACRE,chikungunya,2025,9,0.4721,4,0.0,0.0,4.0,silencio_moderado,Manter acompanhamento de rotina.,sklearn_gb_v1,sklearn_v1
RIO DE JANEIRO,sars_cov_2,2025,16,0.4721,4,0.0,0.0,4.0,silencio_moderado,Manter acompanhamento de rotina.,sklearn_gb_v1,sklearn_v1
RIO VERDE,sars_cov_2,2025,19,0.4721,4,0.0,0.0,4.0,silencio_moderado,Manter acompanhamento de rotina.,sklearn_gb_v1,sklearn_v1
ZE DOCA,chikungunya,2025,20,0.4721,5,0.0,0.0,4.0,silencio_moderado,Manter acompanhamento de rotina.,sklearn_gb_v1,sklearn_v1
SOBRAL,chikungunya,2024,21,0.4721,4,0.0,0.0,4.0,silencio_moderado,Manter acompanhamento de rotina.,sklearn_gb_v1,sklearn_v1
SAO JOSE DOS BASILIOS,dengue,2025,19,0.4721,5,0.0,0.0,4.0,silencio_moderado,Manter acompanhamento de rotina.,sklearn_gb_v1,sklearn_v1
CRUZEIRO DO SUL,chikungunya,2025,7,0.4721,4,0.0,0.0,4.0,silencio_moderado,Manter acompanhamento de rotina.,sklearn_gb_v1,sklearn_v1
POXOREO,bordetella,2025,3,0.4721,5,0.0,0.0,4.0,silencio_moderado,Manter acompanhamento de rotina.,sklearn_gb_v1,sklearn_v1
MANDAGUACU,dengue,2025,22,0.4721,5,0.0,0.0,4.0,silencio_moderado,Manter acompanhamento de rotina.,sklearn_gb_v1,sklearn_v1
NOVA NAZARE,zika,2024,32,0.4711,1,0.0,0.0,4.0,silencio_moderado,Manter acompanhamento de rotina.,sklearn_gb_v1,sklearn_v1
RESERVA DO CABACAL,hepatite_b_hbv,2025,25,0.4706,1,0.0,0.0,4.0,silencio_moderado,Manter acompanhamento de rotina.,sklearn_gb_v1,sklearn_v1
VALE DE SAO DOMINGOS,rubeola_igg,2024,31,0.4701,2,0.0,0.0,4.0,silencio_moderado,Manter acompanhamento de rotina.,sklearn_gb_v1,sklearn_v1
CHAPADA DOS GUIMARAES,rifampicina,2026,12,0.4682,1,1.5714285714285714,1.0,0.0,silencio_moderado,Manter acompanhamento de rotina.,sklearn_gb_v1,sklearn_v1
SAO JOSE DO XINGU,rifampicina,2025,14,0.4667,1,0.0,1.0,4.0,silencio_moderado,Manter acompanhamento de rotina.,sklearn_gb_v1,sklearn_v1
BOM JESUS DO ARAGUAIA,brucelose,2024,24,0.4648,1,0.0,0.0,4.0,silencio_moderado,Manter acompanhamento de rotina.,sklearn_gb_v1,sklearn_v1
BOM JESUS DO ARAGUAIA,influenza_a,2024,38,0.4648,1,0.0,0.0,4.0,silencio_moderado,Manter acompanhamento de rotina.,sklearn_gb_v1,sklearn_v1
BOM JESUS DO ARAGUAIA,hepatite_c_hcv,2024,38,0.4648,1,0.0,0.0,4.0,silencio_moderado,Manter acompanhamento de rotina.,sklearn_gb_v1,sklearn_v1
BOM JESUS DO ARAGUAIA,brucelose_igm,2024,24,0.4648,1,0.0,0.0,4.0,silencio_moderado,Manter acompanhamento de rotina.,sklearn_gb_v1,sklearn_v1
SANTA TEREZINHA,virus_respiratorios,2025,12,0.4648,1,0.0,0.0,4.0,silencio_moderado,Manter acompanhamento de rotina.,sklearn_gb_v1,sklearn_v1
BOM JESUS DO ARAGUAIA,influenza_b,2024,38,0.4648,1,0.0,0.0,4.0,silencio_moderado,Manter acompanhamento de rotina.,sklearn_gb_v1,sklearn_v1
SANTA TEREZINHA,toxoplasmose_igm,2024,25,0.4648,1,0.0,0.0,4.0,silencio_moderado,Manter acompanhamento de rotina.,sklearn_gb_v1,sklearn_v1
SANTA TEREZINHA,tuberculose_cultura,2025,11,0.4648,1,0.0,0.0,4.0,silencio_moderado,Manter acompanhamento de rotina.,sklearn_gb_v1,sklearn_v1
SANTA TEREZINHA,hepatite_c_hcv,2025,10,0.4648,1,0.0,0.0,4.0,silencio_moderado,Manter acompanhamento de rotina.,sklearn_gb_v1,sklearn_v1
SANTA TEREZINHA,toxoplasmose_igg,2024,25,0.4615,1,0.0,0.0,4.0,silencio_moderado,Manter acompanhamento de rotina.,sklearn_gb_v1,sklearn_v1
BOM JESUS DO ARAGUAIA,sars_cov_2,2024,38,0.4615,1,0.0,0.0,4.0,silencio_moderado,Manter acompanhamento de rotina.,sklearn_gb_v1,sklearn_v1
BARAO DE MELGACO,virus_respiratorios,2025,8,0.4607,1,0.0,0.0,4.0,silencio_moderado,Manter acompanhamento de rotina.,sklearn_gb_v1,sklearn_v1
BARAO DE MELGACO,sars_cov_2,2025,29,0.4607,1,0.0,0.0,4.0,silencio_moderado,Manter acompanhamento de rotina.,sklearn_gb_v1,sklearn_v1
BARAO DE MELGACO,hepatite_b_hbv,2025,13,0.4607,1,0.0,0.0,4.0,silencio_moderado,Manter acompanhamento de rotina.,sklearn_gb_v1,sklearn_v1
NOVA NAZARE,chikungunya,2024,32,0.4586,1,0.0,0.0,4.0,silencio_moderado,Manter acompanhamento de rotina.,sklearn_gb_v1,sklearn_v1
RIBEIRAO CASCALHEIRA,neisseria_gonorrhoeae,2025,33,0.4525,1,0.0,0.0,4.0,silencio_moderado,Manter acompanhamento de rotina.,sklearn_gb_v1,sklearn_v1
RIBEIRAO CASCALHEIRA,dengue,2025,19,0.4525,1,0.0,0.0,4.0,silencio_moderado,Manter acompanhamento de rotina.,sklearn_gb_v1,sklearn_v1
SAO JOSE DO POVO,sarampo_biologia_molecular,2025,41,0.4498,2,0.0,0.0,4.0,silencio_moderado,Manter acompanhamento de rotina.,sklearn_gb_v1,sklearn_v1
JAURU,tuberculose_cultura,2025,29,0.4493,1,0.0,1.0,4.0,silencio_moderado,Manter acompanhamento de rotina.,sklearn_gb_v1,sklearn_v1
SAO JOSE DO XINGU,leptospira,2024,21,0.449,1,0.0,0.0,4.0,silencio_moderado,Manter acompanhamento de rotina.,sklearn_gb_v1,sklearn_v1
SAO JOSE DO XINGU,chagas,2025,25,0.449,1,0.0,0.0,4.0,silencio_moderado,Manter acompanhamento de rotina.,sklearn_gb_v1,sklearn_v1
SAO JOSE DO XINGU,brucelose_igm,2024,21,0.449,1,0.0,0.0,4.0,silencio_moderado,Manter acompanhamento de rotina.,sklearn_gb_v1,sklearn_v1
SAO JOSE DO XINGU,virus_respiratorios,2024,48,0.449,1,0.0,0.0,4.0,silencio_moderado,Manter acompanhamento de rotina.,sklearn_gb_v1,sklearn_v1
SAO JOSE DO XINGU,hepatite_c_hcv,2024,52,0.449,1,0.0,0.0,4.0,silencio_moderado,Manter acompanhamento de rotina.,sklearn_gb_v1,sklearn_v1
SAO JOSE DO XINGU,brucelose,2024,21,0.449,1,0.0,0.0,4.0,silencio_moderado,Manter acompanhamento de rotina.,sklearn_gb_v1,sklearn_v1
SAO JOSE DO XINGU,chagas_igg,2025,25,0.449,1,0.0,0.0,4.0,silencio_moderado,Manter acompanhamento de rotina.,sklearn_gb_v1,sklearn_v1
SAO JOSE DO XINGU,hepatite_b_hbv,2024,35,0.4458,1,0.0,0.0,4.0,silencio_moderado,Manter acompanhamento de rotina.,sklearn_gb_v1,sklearn_v1
SAO JOSE DO XINGU,cultura_para_fungos,2025,25,0.4458,1,0.0,0.0,4.0,silencio_moderado,Manter acompanhamento de rotina.,sklearn_gb_v1,sklearn_v1
SAO JOSE DO XINGU,hantavirus,2024,21,0.4452,2,0.0,0.0,4.0,silencio_moderado,Manter acompanhamento de rotina.,sklearn_gb_v1,sklearn_v1
CANABRAVA DO NORTE,zika,2025,20,0.445,1,0.0,0.0,4.0,silencio_moderado,Manter acompanhamento de rotina.,sklearn_gb_v1,sklearn_v1
CANABRAVA DO NORTE,chikungunya,2025,20,0.445,1,0.0,0.0,4.0,silencio_moderado,Manter acompanhamento de rotina.,sklearn_gb_v1,sklearn_v1
CANABRAVA DO NORTE,hepatite_c_hcv,2024,22,0.445,1,0.0,0.0,4.0,silencio_moderado,Manter acompanhamento de rotina.,sklearn_gb_v1,sklearn_v1
SAO JOSE DO POVO,chikungunya,2025,3,0.4373,2,0.0,0.0,4.0,silencio_moderado,Manter acompanhamento de rotina.,sklearn_gb_v1,sklearn_v1
NOVA BRASILANDIA,meningite_bacteriana_biologia_molecular,2025,27,0.435,3,0.0,1.0,4.0,silencio_moderado,Manter acompanhamento de rotina.,sklearn_gb_v1,sklearn_v1
JAURU,influenza_b,2025,22,0.4318,1,0.0,0.0,4.0,silencio_moderado,Manter acompanhamento de rotina.,sklearn_gb_v1,sklearn_v1
DOM AQUINO,hepatite_b_hbv,2025,12,0.4318,1,0.0,0.0,4.0,silencio_moderado,Manter acompanhamento de rotina.,sklearn_gb_v1,sklearn_v1
JAURU,virus_respiratorios,2025,22,0.4318,1,0.0,0.0,4.0,silencio_moderado,Manter acompanhamento de rotina.,sklearn_gb_v1,sklearn_v1
DOM AQUINO,influenza_a,2025,28,0.4318,1,0.0,0.0,4.0,silencio_moderado,Manter acompanhamento de rotina.,sklearn_gb_v1,sklearn_v1
DOM AQUINO,influenza_b,2025,28,0.4318,1,0.0,0.0,4.0,silencio_moderado,Manter acompanhamento de rotina.,sklearn_gb_v1,sklearn_v1
DOM AQUINO,sars_cov_2,2025,22,0.4318,1,0.0,0.0,4.0,silencio_moderado,Manter acompanhamento de rotina.,sklearn_gb_v1,sklearn_v1
DOM AQUINO,virus_respiratorios,2025,28,0.4318,1,0.0,0.0,4.0,silencio_moderado,Manter acompanhamento de rotina.,sklearn_gb_v1,sklearn_v1
JAURU,fungos_teste_de_sensibilidade,2025,29,0.4318,1,0.0,0.0,4.0,silencio_moderado,Manter acompanhamento de rotina.,sklearn_gb_v1,sklearn_v1
JAURU,influenza_a,2025,22,0.4318,1,0.0,0.0,4.0,silencio_moderado,Manter acompanhamento de rotina.,sklearn_gb_v1,sklearn_v1
COCALINHO,meningite_bacteriana_biologia_molecular,2025,1,0.4309,3,0.0,1.0,4.0,silencio_moderado,Manter acompanhamento de rotina.,sklearn_gb_v1,sklearn_v1
NOVA OLIMPIA,zika,2026,13,0.4275,1,1.75,1.0,0.0,silencio_moderado,Manter acompanhamento de rotina.,sklearn_gb_v1,sklearn_v1
CAMPINAPOLIS,rubeola_igm,2024,27,0.427,3,0.0,0.0,4.0,silencio_moderado,Manter acompanhamento de rotina.,sklearn_gb_v1,sklearn_v1
POXOREO,hepatite_b_hbv,2025,19,0.4262,1,1.0,0.0,0.0,silencio_moderado,Manter acompanhamento de rotina.,sklearn_gb_v1,sklearn_v1
ALTO ALEGRE DO PINDARE,dengue,2025,20,0.4262,1,1.0,0.0,0.0,silencio_moderado,Manter acompanhamento de rotina.,sklearn_gb_v1,sklearn_v1
MIRASSOL D''OESTE,chagas,2025,24,0.4262,1,1.0,0.0,0.0,silencio_moderado,Manter acompanhamento de rotina.,sklearn_gb_v1,sklearn_v1
MIRASSOL D''OESTE,chagas_igg,2025,24,0.4262,1,1.0,0.0,0.0,silencio_moderado,Manter acompanhamento de rotina.,sklearn_gb_v1,sklearn_v1
POXOREO,influenza_a,2025,32,0.4251,1,1.0,0.0,0.0,silencio_moderado,Manter acompanhamento de rotina.,sklearn_gb_v1,sklearn_v1
HORTOLANDIA,dengue,2025,25,0.4251,1,1.0,0.0,0.0,silencio_moderado,Manter acompanhamento de rotina.,sklearn_gb_v1,sklearn_v1
POXOREO,influenza_b,2025,32,0.4251,1,1.0,0.0,0.0,silencio_moderado,Manter acompanhamento de rotina.,sklearn_gb_v1,sklearn_v1
JARU,dengue,2025,24,0.4251,1,1.0,0.0,0.0,silencio_moderado,Manter acompanhamento de rotina.,sklearn_gb_v1,sklearn_v1
HORTOLANDIA,zika,2025,20,0.4251,1,1.0,0.0,0.0,silencio_moderado,Manter acompanhamento de rotina.,sklearn_gb_v1,sklearn_v1
MACHADINHO D''OESTE,dengue,2025,13,0.4251,1,1.0,0.0,0.0,silencio_moderado,Manter acompanhamento de rotina.,sklearn_gb_v1,sklearn_v1
CAMPINAS,chikungunya,2025,15,0.4251,1,1.0,0.0,0.0,silencio_moderado,Manter acompanhamento de rotina.,sklearn_gb_v1,sklearn_v1
CAMPINAS,zika,2025,15,0.4251,1,1.0,0.0,0.0,silencio_moderado,Manter acompanhamento de rotina.,sklearn_gb_v1,sklearn_v1
SOROCABA,dengue,2025,16,0.4251,1,1.0,0.0,0.0,silencio_moderado,Manter acompanhamento de rotina.,sklearn_gb_v1,sklearn_v1
ARAPIRACA,dengue,2025,25,0.4251,1,1.0,0.0,0.0,silencio_moderado,Manter acompanhamento de rotina.,sklearn_gb_v1,sklearn_v1
MIRASSOL D''OESTE,sars_cov_2,2025,14,0.4251,1,1.0,0.0,0.0,silencio_moderado,Manter acompanhamento de rotina.,sklearn_gb_v1,sklearn_v1
GOIANESIA DO PARA,dengue,2025,11,0.4251,1,1.0,0.0,0.0,silencio_moderado,Manter acompanhamento de rotina.,sklearn_gb_v1,sklearn_v1
GOIANESIA DO PARA,zika,2025,11,0.4251,1,1.0,0.0,0.0,silencio_moderado,Manter acompanhamento de rotina.,sklearn_gb_v1,sklearn_v1
ALTO ALEGRE DO PINDARE,zika,2024,31,0.4251,1,1.0,0.0,0.0,silencio_moderado,Manter acompanhamento de rotina.,sklearn_gb_v1,sklearn_v1
GOIANIA,zika,2025,24,0.4251,1,1.0,0.0,0.0,silencio_moderado,Manter acompanhamento de rotina.,sklearn_gb_v1,sklearn_v1
GOIANIA,dengue,2025,24,0.4251,1,1.0,0.0,0.0,silencio_moderado,Manter acompanhamento de rotina.,sklearn_gb_v1,sklearn_v1
SAO LUIS DO QUITUNDE,dengue,2025,24,0.4251,1,1.0,0.0,0.0,silencio_moderado,Manter acompanhamento de rotina.,sklearn_gb_v1,sklearn_v1
SANTO AFONSO,chikungunya,2025,17,0.4228,2,0.0,0.0,4.0,silencio_moderado,Manter acompanhamento de rotina.,sklearn_gb_v1,sklearn_v1
CAMPO NOVO DO PARECIS,hiv,2026,2,0.4209,4,0.0,0.0,4.0,silencio_moderado,Manter acompanhamento de rotina.,sklearn_gb_v1,sklearn_v1
NOVA NAZARE,influenza_b,2025,27,0.42,1,1.5,0.0,0.0,silencio_moderado,Manter acompanhamento de rotina.,sklearn_gb_v1,sklearn_v1
NOVA NAZARE,influenza_a,2025,27,0.42,1,1.5,0.0,0.0,silencio_moderado,Manter acompanhamento de rotina.,sklearn_gb_v1,sklearn_v1
SAO JOSE DO XINGU,influenza_a,2026,9,0.4188,1,1.0,0.0,0.0,silencio_moderado,Manter acompanhamento de rotina.,sklearn_gb_v1,sklearn_v1
SAO JOSE DO XINGU,influenza_b,2026,9,0.4188,1,1.0,0.0,0.0,silencio_moderado,Manter acompanhamento de rotina.,sklearn_gb_v1,sklearn_v1
RIBEIRAO CASCALHEIRA,coqueluche_deteccao_de_bordetella_pertussis,2025,35,0.4176,5,0.0,0.0,4.0,silencio_moderado,Manter acompanhamento de rotina.,sklearn_gb_v1,sklearn_v1
COTRIGUACU,fungos,2025,25,0.4168,1,0.0,0.0,4.0,silencio_moderado,Manter acompanhamento de rotina.,sklearn_gb_v1,sklearn_v1
CUIABA,baciloscopia,2026,15,0.4143,2,1.5,1.0,0.0,silencio_moderado,Manter acompanhamento de rotina.,sklearn_gb_v1,sklearn_v1
COTRIGUACU,virus_respiratorios,2024,24,0.4124,1,0.0,0.0,4.0,silencio_moderado,Manter acompanhamento de rotina.,sklearn_gb_v1,sklearn_v1
COTRIGUACU,oropouche_biologia_molecular,2024,23,0.4124,1,0.0,0.0,4.0,silencio_moderado,Manter acompanhamento de rotina.,sklearn_gb_v1,sklearn_v1
COTRIGUACU,hepatite_c_hcv,2024,29,0.4124,1,0.0,0.0,4.0,silencio_moderado,Manter acompanhamento de rotina.,sklearn_gb_v1,sklearn_v1
COTRIGUACU,leishmaniose_visceral_humana_teste_rapido,2025,30,0.4124,1,0.0,0.0,4.0,silencio_moderado,Manter acompanhamento de rotina.,sklearn_gb_v1,sklearn_v1
COTRIGUACU,bacterias_teste_de_sensibilidade,2024,30,0.4124,1,0.0,0.0,4.0,silencio_moderado,Manter acompanhamento de rotina.,sklearn_gb_v1,sklearn_v1
COTRIGUACU,sifilis,2024,29,0.4124,1,0.0,0.0,4.0,silencio_moderado,Manter acompanhamento de rotina.,sklearn_gb_v1,sklearn_v1
COTRIGUACU,leptospira,2025,30,0.4124,1,0.0,0.0,4.0,silencio_moderado,Manter acompanhamento de rotina.,sklearn_gb_v1,sklearn_v1
COTRIGUACU,cultura_para_fungos,2024,27,0.4124,1,0.0,0.0,4.0,silencio_moderado,Manter acompanhamento de rotina.,sklearn_gb_v1,sklearn_v1
COTRIGUACU,mayaro_biologia_molecular,2024,23,0.4124,1,0.0,0.0,4.0,silencio_moderado,Manter acompanhamento de rotina.,sklearn_gb_v1,sklearn_v1
COTRIGUACU,sars_cov_2,2025,12,0.4124,1,0.0,0.0,4.0,silencio_moderado,Manter acompanhamento de rotina.,sklearn_gb_v1,sklearn_v1
CAMPINAPOLIS,sarampo_igm,2024,27,0.4102,3,0.0,0.0,4.0,silencio_moderado,Manter acompanhamento de rotina.,sklearn_gb_v1,sklearn_v1
VILA BELA DA SANTISSIMA TRINDADE,tuberculose,2025,23,0.4097,1,0.0,0.0,4.0,silencio_moderado,Manter acompanhamento de rotina.,sklearn_gb_v1,sklearn_v1
ACORIZAL,rifampicina,2025,19,0.4097,1,0.0,1.0,4.0,silencio_moderado,Manter acompanhamento de rotina.,sklearn_gb_v1,sklearn_v1
RIBEIRAO CASCALHEIRA,meningite_bacteriana_biologia_molecular,2025,33,0.4096,3,0.0,1.0,4.0,silencio_moderado,Manter acompanhamento de rotina.,sklearn_gb_v1,sklearn_v1
SAO FELIX DO ARAGUAIA,sars_cov_2,2025,7,0.4081,1,0.0,0.0,4.0,silencio_moderado,Manter acompanhamento de rotina.,sklearn_gb_v1,sklearn_v1
RIO BRANCO,hepatite_c_hcv,2026,10,0.4081,1,1.0,0.0,0.0,silencio_moderado,Manter acompanhamento de rotina.,sklearn_gb_v1,sklearn_v1
VILA BELA DA SANTISSIMA TRINDADE,chagas_igg,2025,29,0.4053,1,0.0,0.0,4.0,silencio_moderado,Manter acompanhamento de rotina.,sklearn_gb_v1,sklearn_v1
VILA BELA DA SANTISSIMA TRINDADE,sars_cov_2,2025,24,0.4053,1,0.0,0.0,4.0,silencio_moderado,Manter acompanhamento de rotina.,sklearn_gb_v1,sklearn_v1
VILA BELA DA SANTISSIMA TRINDADE,chagas,2025,29,0.4053,1,0.0,0.0,4.0,silencio_moderado,Manter acompanhamento de rotina.,sklearn_gb_v1,sklearn_v1
VILA BELA DA SANTISSIMA TRINDADE,influenza_b,2025,24,0.4053,1,0.0,0.0,4.0,silencio_moderado,Manter acompanhamento de rotina.,sklearn_gb_v1,sklearn_v1
VILA BELA DA SANTISSIMA TRINDADE,hepatite_b_hbv,2024,33,0.4053,1,0.0,0.0,4.0,silencio_moderado,Manter acompanhamento de rotina.,sklearn_gb_v1,sklearn_v1
VILA BELA DA SANTISSIMA TRINDADE,influenza_a,2025,24,0.4053,1,0.0,0.0,4.0,silencio_moderado,Manter acompanhamento de rotina.,sklearn_gb_v1,sklearn_v1
SAO FELIX DO ARAGUAIA,tuberculose_lf_lam,2025,22,0.4049,2,0.0,1.0,4.0,silencio_moderado,Manter acompanhamento de rotina.,sklearn_gb_v1,sklearn_v1
SAO FELIX DO ARAGUAIA,influenza_a,2025,11,0.4038,1,0.0,0.0,4.0,silencio_moderado,Manter acompanhamento de rotina.,sklearn_gb_v1,sklearn_v1
SAO FELIX DO ARAGUAIA,virus_respiratorios,2025,11,0.4038,1,0.0,0.0,4.0,silencio_moderado,Manter acompanhamento de rotina.,sklearn_gb_v1,sklearn_v1
SAO FELIX DO ARAGUAIA,zika,2025,13,0.4038,1,0.0,0.0,4.0,silencio_moderado,Manter acompanhamento de rotina.,sklearn_gb_v1,sklearn_v1
SAO FELIX DO ARAGUAIA,hepatite_c_hcv,2024,34,0.4038,1,0.0,0.0,4.0,silencio_moderado,Manter acompanhamento de rotina.,sklearn_gb_v1,sklearn_v1
SAO FELIX DO ARAGUAIA,influenza_b,2025,11,0.4038,1,0.0,0.0,4.0,silencio_moderado,Manter acompanhamento de rotina.,sklearn_gb_v1,sklearn_v1
VILA BELA DA SANTISSIMA TRINDADE,hepatite_c_hcv,2024,35,0.4009,1,0.0,0.0,4.0,silencio_moderado,Manter acompanhamento de rotina.,sklearn_gb_v1,sklearn_v1
RESERVA DO CABACAL,sars_cov_2,2024,23,0.4006,2,0.0,0.0,4.0,silencio_moderado,Manter acompanhamento de rotina.,sklearn_gb_v1,sklearn_v1
INDIAVAI,dengue,2025,7,0.4001,1,1.0,0.0,0.0,silencio_moderado,Manter acompanhamento de rotina.,sklearn_gb_v1,sklearn_v1
SALTO DO CEU,sars_cov_2,2025,22,0.3987,1,0.0,0.0,4.0,silencio_moderado,Manter acompanhamento de rotina.,sklearn_gb_v1,sklearn_v1
SALTO DO CEU,influenza_b,2025,22,0.3987,1,0.0,0.0,4.0,silencio_moderado,Manter acompanhamento de rotina.,sklearn_gb_v1,sklearn_v1
SALTO DO CEU,influenza_a,2025,22,0.3987,1,0.0,0.0,4.0,silencio_moderado,Manter acompanhamento de rotina.,sklearn_gb_v1,sklearn_v1
SAO JOSE DO RIO CLARO,rifampicina,2026,10,0.3982,2,1.4,2.0,0.0,silencio_moderado,Manter acompanhamento de rotina.,sklearn_gb_v1,sklearn_v1
GENERAL CARNEIRO,variola,2025,4,0.397,2,0.0,0.0,4.0,silencio_moderado,Manter acompanhamento de rotina.,sklearn_gb_v1,sklearn_v1
GENERAL CARNEIRO,varicela_zoster_biologia_molecular,2025,4,0.397,2,0.0,0.0,4.0,silencio_moderado,Manter acompanhamento de rotina.,sklearn_gb_v1,sklearn_v1
GENERAL CARNEIRO,virus_respiratorios,2025,20,0.397,2,0.0,0.0,4.0,silencio_moderado,Manter acompanhamento de rotina.,sklearn_gb_v1,sklearn_v1
GENERAL CARNEIRO,hepatite_c_hcv,2025,20,0.3968,1,0.0,0.0,4.0,silencio_moderado,Manter acompanhamento de rotina.,sklearn_gb_v1,sklearn_v1
NOVA MARINGA,sars_cov_2,2025,17,0.3957,2,0.0,0.0,4.0,silencio_moderado,Manter acompanhamento de rotina.,sklearn_gb_v1,sklearn_v1
NOVA MARINGA,influenza_b,2025,17,0.3957,2,0.0,0.0,4.0,silencio_moderado,Manter acompanhamento de rotina.,sklearn_gb_v1,sklearn_v1
NOVA MARINGA,influenza_a,2025,17,0.3957,2,0.0,0.0,4.0,silencio_moderado,Manter acompanhamento de rotina.,sklearn_gb_v1,sklearn_v1
PLANALTO DA SERRA,hepatite_b_hbv,2025,2,0.3942,1,0.0,0.0,4.0,silencio_moderado,Manter acompanhamento de rotina.,sklearn_gb_v1,sklearn_v1
PLANALTO DA SERRA,hepatite_c_hcv,2025,14,0.3942,1,0.0,0.0,4.0,silencio_moderado,Manter acompanhamento de rotina.,sklearn_gb_v1,sklearn_v1
SANTA TEREZINHA,zika,2025,17,0.394,2,0.0,0.0,4.0,silencio_moderado,Manter acompanhamento de rotina.,sklearn_gb_v1,sklearn_v1
SANTA TEREZINHA,influenza_b,2025,15,0.394,2,0.0,0.0,4.0,silencio_moderado,Manter acompanhamento de rotina.,sklearn_gb_v1,sklearn_v1
SANTA TEREZINHA,influenza_a,2025,15,0.394,2,0.0,0.0,4.0,silencio_moderado,Manter acompanhamento de rotina.,sklearn_gb_v1,sklearn_v1
NOSSA SENHORA DO LIVRAMENTO,rubeola_igg,2024,36,0.3929,1,0.0,0.0,4.0,silencio_moderado,Manter acompanhamento de rotina.,sklearn_gb_v1,sklearn_v1
NOVA BRASILANDIA,varicela_zoster_biologia_molecular,2025,27,0.3926,1,0.0,0.0,4.0,silencio_moderado,Manter acompanhamento de rotina.,sklearn_gb_v1,sklearn_v1
NOVA BRASILANDIA,sars_cov_2,2024,44,0.3926,1,0.0,0.0,4.0,silencio_moderado,Manter acompanhamento de rotina.,sklearn_gb_v1,sklearn_v1
NOVA BRASILANDIA,neisseria_gonorrhoeae,2025,27,0.3926,1,0.0,0.0,4.0,silencio_moderado,Manter acompanhamento de rotina.,sklearn_gb_v1,sklearn_v1
NOVA BRASILANDIA,influenza_b,2025,27,0.3926,1,0.0,0.0,4.0,silencio_moderado,Manter acompanhamento de rotina.,sklearn_gb_v1,sklearn_v1
ALTO PARAGUAI,cultura_para_fungos,2025,24,0.3926,1,0.0,0.0,4.0,silencio_moderado,Manter acompanhamento de rotina.,sklearn_gb_v1,sklearn_v1
JANGADA,toxoplasmose_igg,2025,14,0.3926,1,0.0,0.0,4.0,silencio_moderado,Manter acompanhamento de rotina.,sklearn_gb_v1,sklearn_v1
JANGADA,rubeola_igm,2025,14,0.3926,1,0.0,0.0,4.0,silencio_moderado,Manter acompanhamento de rotina.,sklearn_gb_v1,sklearn_v1
ALTO PARAGUAI,virus_respiratorios,2025,17,0.3926,1,0.0,0.0,4.0,silencio_moderado,Manter acompanhamento de rotina.,sklearn_gb_v1,sklearn_v1
JANGADA,citomegalovirus_igm,2025,14,0.3926,1,0.0,0.0,4.0,silencio_moderado,Manter acompanhamento de rotina.,sklearn_gb_v1,sklearn_v1
JANGADA,hepatite_b_hbv,2025,12,0.3926,1,0.0,0.0,4.0,silencio_moderado,Manter acompanhamento de rotina.,sklearn_gb_v1,sklearn_v1
JANGADA,hepatite_c_hcv,2025,13,0.3926,1,0.0,0.0,4.0,silencio_moderado,Manter acompanhamento de rotina.,sklearn_gb_v1,sklearn_v1
JANGADA,neisseria_gonorrhoeae,2025,12,0.3926,1,0.0,0.0,4.0,silencio_moderado,Manter acompanhamento de rotina.,sklearn_gb_v1,sklearn_v1
JANGADA,virus_respiratorios,2024,45,0.3926,1,0.0,0.0,4.0,silencio_moderado,Manter acompanhamento de rotina.,sklearn_gb_v1,sklearn_v1
NOVA BRASILANDIA,hepatite_c_hcv,2024,35,0.3926,1,0.0,0.0,4.0,silencio_moderado,Manter acompanhamento de rotina.,sklearn_gb_v1,sklearn_v1
NOVA BRASILANDIA,hepatite_b_hbv,2025,22,0.3926,1,0.0,0.0,4.0,silencio_moderado,Manter acompanhamento de rotina.,sklearn_gb_v1,sklearn_v1
ACORIZAL,virus_respiratorios,2024,26,0.3926,1,0.0,0.0,4.0,silencio_moderado,Manter acompanhamento de rotina.,sklearn_gb_v1,sklearn_v1
NOVA BRASILANDIA,variola,2025,27,0.3926,1,0.0,0.0,4.0,silencio_moderado,Manter acompanhamento de rotina.,sklearn_gb_v1,sklearn_v1
JANGADA,toxoplasmose_igm,2025,14,0.3926,1,0.0,0.0,4.0,silencio_moderado,Manter acompanhamento de rotina.,sklearn_gb_v1,sklearn_v1
JANGADA,tuberculose,2025,17,0.3926,1,0.0,0.0,4.0,silencio_moderado,Manter acompanhamento de rotina.,sklearn_gb_v1,sklearn_v1
JANGADA,tuberculose_cultura,2025,26,0.3926,1,0.0,0.0,4.0,silencio_moderado,Manter acompanhamento de rotina.,sklearn_gb_v1,sklearn_v1
NOVA BRASILANDIA,influenza_a,2025,27,0.3926,1,0.0,0.0,4.0,silencio_moderado,Manter acompanhamento de rotina.,sklearn_gb_v1,sklearn_v1
ALTO PARAGUAI,influenza_b,2025,25,0.3926,1,0.0,0.0,4.0,silencio_moderado,Manter acompanhamento de rotina.,sklearn_gb_v1,sklearn_v1
ALTO PARAGUAI,sars_cov_2,2025,25,0.3926,1,0.0,0.0,4.0,silencio_moderado,Manter acompanhamento de rotina.,sklearn_gb_v1,sklearn_v1
ALTO PARAGUAI,tuberculose_cultura,2025,24,0.3926,1,0.0,0.0,4.0,silencio_moderado,Manter acompanhamento de rotina.,sklearn_gb_v1,sklearn_v1
NOVO SAO JOAQUIM,influenza_a,2024,45,0.3926,1,0.0,0.0,4.0,silencio_moderado,Manter acompanhamento de rotina.,sklearn_gb_v1,sklearn_v1
NOVO SAO JOAQUIM,influenza_b,2024,45,0.3926,1,0.0,0.0,4.0,silencio_moderado,Manter acompanhamento de rotina.,sklearn_gb_v1,sklearn_v1
ALTO PARAGUAI,hepatite_b_hbv,2025,31,0.3926,1,0.0,0.0,4.0,silencio_moderado,Manter acompanhamento de rotina.,sklearn_gb_v1,sklearn_v1
ALTO PARAGUAI,fungos,2025,24,0.3926,1,0.0,0.0,4.0,silencio_moderado,Manter acompanhamento de rotina.,sklearn_gb_v1,sklearn_v1
NOVO SAO JOAQUIM,sars_cov_2,2024,45,0.3926,1,0.0,0.0,4.0,silencio_moderado,Manter acompanhamento de rotina.,sklearn_gb_v1,sklearn_v1
NOVO SAO JOAQUIM,virus_respiratorios,2024,24,0.3926,1,0.0,0.0,4.0,silencio_moderado,Manter acompanhamento de rotina.,sklearn_gb_v1,sklearn_v1
ALTO PARAGUAI,influenza_a,2025,25,0.3926,1,0.0,0.0,4.0,silencio_moderado,Manter acompanhamento de rotina.,sklearn_gb_v1,sklearn_v1
ACORIZAL,tuberculose,2025,9,0.3926,1,0.0,0.0,4.0,silencio_moderado,Manter acompanhamento de rotina.,sklearn_gb_v1,sklearn_v1
NOVA BRASILANDIA,virus_respiratorios,2025,27,0.3926,1,0.0,0.0,4.0,silencio_moderado,Manter acompanhamento de rotina.,sklearn_gb_v1,sklearn_v1
ACORIZAL,cultura_para_fungos,2024,29,0.3926,1,0.0,0.0,4.0,silencio_moderado,Manter acompanhamento de rotina.,sklearn_gb_v1,sklearn_v1
ACORIZAL,hepatite_c_hcv,2025,19,0.3926,1,0.0,0.0,4.0,silencio_moderado,Manter acompanhamento de rotina.,sklearn_gb_v1,sklearn_v1
ACORIZAL,fungos,2024,29,0.3926,1,0.0,0.0,4.0,silencio_moderado,Manter acompanhamento de rotina.,sklearn_gb_v1,sklearn_v1
JANGADA,citomegalovirus_igg,2025,14,0.3895,1,0.0,0.0,4.0,silencio_moderado,Manter acompanhamento de rotina.,sklearn_gb_v1,sklearn_v1
JANGADA,rubeola_igg,2025,14,0.3895,1,0.0,0.0,4.0,silencio_moderado,Manter acompanhamento de rotina.,sklearn_gb_v1,sklearn_v1
ALTO PARAGUAI,hepatite_c_hcv,2025,31,0.3895,1,0.0,0.0,4.0,silencio_moderado,Manter acompanhamento de rotina.,sklearn_gb_v1,sklearn_v1
NOVO SAO JOAQUIM,hepatite_b_hbv,2024,25,0.3895,1,0.0,0.0,4.0,silencio_moderado,Manter acompanhamento de rotina.,sklearn_gb_v1,sklearn_v1
JANGADA,chagas_igg,2025,24,0.3895,1,0.0,0.0,4.0,silencio_moderado,Manter acompanhamento de rotina.,sklearn_gb_v1,sklearn_v1
JANGADA,chagas,2025,24,0.3895,1,0.0,0.0,4.0,silencio_moderado,Manter acompanhamento de rotina.,sklearn_gb_v1,sklearn_v1
PORTO ALEGRE DO NORTE,bacterias_teste_de_sensibilidade,2024,24,0.389,1,0.0,0.0,4.0,silencio_moderado,Manter acompanhamento de rotina.,sklearn_gb_v1,sklearn_v1
PORTO ALEGRE DO NORTE,hepatite_c_hcv,2025,16,0.389,1,0.0,0.0,4.0,silencio_moderado,Manter acompanhamento de rotina.,sklearn_gb_v1,sklearn_v1
NOSSA SENHORA DO LIVRAMENTO,tuberculose_lf_lam,2025,30,0.3886,1,0.0,0.0,4.0,silencio_moderado,Manter acompanhamento de rotina.,sklearn_gb_v1,sklearn_v1
NOSSA SENHORA DO LIVRAMENTO,rubeola_igm,2024,36,0.3886,1,0.0,0.0,4.0,silencio_moderado,Manter acompanhamento de rotina.,sklearn_gb_v1,sklearn_v1
NOSSA SENHORA DO LIVRAMENTO,sarampo_igg,2024,36,0.3886,1,0.0,0.0,4.0,silencio_moderado,Manter acompanhamento de rotina.,sklearn_gb_v1,sklearn_v1
NOSSA SENHORA DO LIVRAMENTO,sarampo_igm,2024,36,0.3886,1,0.0,0.0,4.0,silencio_moderado,Manter acompanhamento de rotina.,sklearn_gb_v1,sklearn_v1
NOSSA SENHORA DO LIVRAMENTO,chagas,2025,22,0.3886,1,0.0,0.0,4.0,silencio_moderado,Manter acompanhamento de rotina.,sklearn_gb_v1,sklearn_v1
NOSSA SENHORA DO LIVRAMENTO,chagas_igg,2025,22,0.3886,1,0.0,0.0,4.0,silencio_moderado,Manter acompanhamento de rotina.,sklearn_gb_v1,sklearn_v1
NOSSA SENHORA DO LIVRAMENTO,cultura_para_fungos,2025,23,0.3886,1,0.0,0.0,4.0,silencio_moderado,Manter acompanhamento de rotina.,sklearn_gb_v1,sklearn_v1
NOSSA SENHORA DO LIVRAMENTO,hepatite_c_hcv,2025,26,0.3886,1,0.0,0.0,4.0,silencio_moderado,Manter acompanhamento de rotina.,sklearn_gb_v1,sklearn_v1
NOSSA SENHORA DO LIVRAMENTO,fungos,2025,23,0.3886,1,0.0,0.0,4.0,silencio_moderado,Manter acompanhamento de rotina.,sklearn_gb_v1,sklearn_v1
UNIAO DO SUL,rifampicina,2025,18,0.3877,2,0.0,1.0,4.0,silencio_moderado,Manter acompanhamento de rotina.,sklearn_gb_v1,sklearn_v1
CACERES,tuberculose_lf_lam,2026,16,0.3877,2,1.625,1.0,0.0,silencio_moderado,Manter acompanhamento de rotina.,sklearn_gb_v1,sklearn_v1
JAURU,hepatite_c_hcv,2025,20,0.3874,1,0.0,0.0,4.0,silencio_moderado,Manter acompanhamento de rotina.,sklearn_gb_v1,sklearn_v1
JAURU,cultura_para_fungos,2025,29,0.3874,1,0.0,0.0,4.0,silencio_moderado,Manter acompanhamento de rotina.,sklearn_gb_v1,sklearn_v1
JAURU,fungos,2025,29,0.3874,1,0.0,0.0,4.0,silencio_moderado,Manter acompanhamento de rotina.,sklearn_gb_v1,sklearn_v1
JAURU,hepatite_b_hbv,2025,10,0.3874,1,0.0,0.0,4.0,silencio_moderado,Manter acompanhamento de rotina.,sklearn_gb_v1,sklearn_v1
NOVO SANTO ANTONIO,hepatite_b_hbv,2025,14,0.3871,1,2.2,0.0,0.0,silencio_moderado,Manter acompanhamento de rotina.,sklearn_gb_v1,sklearn_v1
PORTO DOS GAUCHOS,pesquisa_de_multipatogenos_ist,2024,49,0.3861,2,0.0,0.0,4.0,silencio_moderado,Manter acompanhamento de rotina.,sklearn_gb_v1,sklearn_v1
PORTO DOS GAUCHOS,zika,2025,22,0.3861,2,0.0,0.0,4.0,silencio_moderado,Manter acompanhamento de rotina.,sklearn_gb_v1,sklearn_v1
RIO BRANCO,leptospira,2025,28,0.3849,1,0.0,1.0,4.0,silencio_moderado,Manter acompanhamento de rotina.,sklearn_gb_v1,sklearn_v1
PORTO ALEGRE DO NORTE,virus_respiratorios,2024,44,0.3847,1,0.0,0.0,4.0,silencio_moderado,Manter acompanhamento de rotina.,sklearn_gb_v1,sklearn_v1
PORTO ALEGRE DO NORTE,tuberculose_cultura,2025,1,0.3847,1,0.0,0.0,4.0,silencio_moderado,Manter acompanhamento de rotina.,sklearn_gb_v1,sklearn_v1
NOVA MARILANDIA,tuberculose_lf_lam,2024,40,0.383,1,0.0,0.0,4.0,silencio_moderado,Manter acompanhamento de rotina.,sklearn_gb_v1,sklearn_v1
NOVA MARILANDIA,influenza_b,2024,24,0.383,1,0.0,0.0,4.0,silencio_moderado,Manter acompanhamento de rotina.,sklearn_gb_v1,sklearn_v1
NOVA MARILANDIA,influenza_a,2024,24,0.383,1,0.0,0.0,4.0,silencio_moderado,Manter acompanhamento de rotina.,sklearn_gb_v1,sklearn_v1
SANTA RITA DO TRIVELATO,criptococos_teste_rapido,2025,42,0.383,1,0.0,0.0,4.0,silencio_moderado,Manter acompanhamento de rotina.,sklearn_gb_v1,sklearn_v1
SANTA RITA DO TRIVELATO,virus_respiratorios,2025,21,0.383,1,0.0,0.0,4.0,silencio_moderado,Manter acompanhamento de rotina.,sklearn_gb_v1,sklearn_v1
NOVA MARILANDIA,neisseria_gonorrhoeae,2024,35,0.383,1,0.0,0.0,4.0,silencio_moderado,Manter acompanhamento de rotina.,sklearn_gb_v1,sklearn_v1
NOVA MARILANDIA,virus_respiratorios,2024,24,0.383,1,0.0,0.0,4.0,silencio_moderado,Manter acompanhamento de rotina.,sklearn_gb_v1,sklearn_v1
SANTA RITA DO TRIVELATO,influenza_b,2025,21,0.383,1,0.0,0.0,4.0,silencio_moderado,Manter acompanhamento de rotina.,sklearn_gb_v1,sklearn_v1
SANTA RITA DO TRIVELATO,tuberculose_cultura,2025,24,0.383,1,0.0,0.0,4.0,silencio_moderado,Manter acompanhamento de rotina.,sklearn_gb_v1,sklearn_v1
NOVO HORIZONTE DO NORTE,pesquisa_de_multipatogenos_ist,2025,2,0.3822,2,0.0,0.0,4.0,silencio_moderado,Manter acompanhamento de rotina.,sklearn_gb_v1,sklearn_v1
SANTA TEREZINHA,sars_cov_2,2025,15,0.3819,2,0.0,0.0,4.0,silencio_moderado,Manter acompanhamento de rotina.,sklearn_gb_v1,sklearn_v1
COLNIZA,leishmaniose_visceral_humana_teste_rapido,2025,30,0.3817,1,0.0,0.0,4.0,silencio_moderado,Manter acompanhamento de rotina.,sklearn_gb_v1,sklearn_v1
COLNIZA,hepatite_c_hcv,2025,6,0.3817,1,0.0,0.0,4.0,silencio_moderado,Manter acompanhamento de rotina.,sklearn_gb_v1,sklearn_v1
COLNIZA,leptospira,2025,23,0.3817,1,0.0,0.0,4.0,silencio_moderado,Manter acompanhamento de rotina.,sklearn_gb_v1,sklearn_v1
COLNIZA,neisseria_gonorrhoeae,2025,6,0.3817,1,0.0,0.0,4.0,silencio_moderado,Manter acompanhamento de rotina.,sklearn_gb_v1,sklearn_v1
COLNIZA,hanseniase_biologia_molecular,2025,21,0.3817,1,0.0,0.0,4.0,silencio_moderado,Manter acompanhamento de rotina.,sklearn_gb_v1,sklearn_v1
COLNIZA,tuberculose_cultura,2025,17,0.3817,1,0.0,0.0,4.0,silencio_moderado,Manter acompanhamento de rotina.,sklearn_gb_v1,sklearn_v1
COLNIZA,virus_respiratorios,2025,33,0.3817,1,0.0,0.0,4.0,silencio_moderado,Manter acompanhamento de rotina.,sklearn_gb_v1,sklearn_v1
COLNIZA,tuberculose,2025,31,0.3817,1,0.0,0.0,4.0,silencio_moderado,Manter acompanhamento de rotina.,sklearn_gb_v1,sklearn_v1
ACORIZAL,tuberculose_lf_lam,2025,42,0.3806,1,0.0,0.0,4.0,silencio_moderado,Manter acompanhamento de rotina.,sklearn_gb_v1,sklearn_v1
ACORIZAL,bacterias_teste_de_sensibilidade,2024,34,0.3806,1,0.0,0.0,4.0,silencio_moderado,Manter acompanhamento de rotina.,sklearn_gb_v1,sklearn_v1
SAO PEDRO DA CIPA,zika,2025,7,0.3805,2,0.0,0.0,4.0,silencio_moderado,Manter acompanhamento de rotina.,sklearn_gb_v1,sklearn_v1
SAO PEDRO DA CIPA,chikungunya,2025,7,0.3805,2,0.0,0.0,4.0,silencio_moderado,Manter acompanhamento de rotina.,sklearn_gb_v1,sklearn_v1
SAO PEDRO DA CIPA,dengue,2025,7,0.3805,2,0.0,0.0,4.0,silencio_moderado,Manter acompanhamento de rotina.,sklearn_gb_v1,sklearn_v1
CURVELANDIA,rifampicina,2025,33,0.3803,1,0.0,1.0,4.0,silencio_moderado,Manter acompanhamento de rotina.,sklearn_gb_v1,sklearn_v1
SAO PEDRO DA CIPA,hepatite_c_hcv,2025,27,0.3791,1,0.0,0.0,4.0,silencio_moderado,Manter acompanhamento de rotina.,sklearn_gb_v1,sklearn_v1
NOVA MARINGA,meningite_bacteriana_biologia_molecular,2025,25,0.3791,1,0.0,0.0,4.0,silencio_moderado,Manter acompanhamento de rotina.,sklearn_gb_v1,sklearn_v1
NOVA LACERDA,tuberculose_cultura,2025,20,0.3791,1,0.0,0.0,4.0,silencio_moderado,Manter acompanhamento de rotina.,sklearn_gb_v1,sklearn_v1
NOVA MARINGA,varicela_zoster_biologia_molecular,2025,25,0.3791,1,0.0,0.0,4.0,silencio_moderado,Manter acompanhamento de rotina.,sklearn_gb_v1,sklearn_v1
NOVA MARINGA,variola,2025,25,0.3791,1,0.0,0.0,4.0,silencio_moderado,Manter acompanhamento de rotina.,sklearn_gb_v1,sklearn_v1
NOVA MARINGA,virus_respiratorios,2024,34,0.3791,1,0.0,0.0,4.0,silencio_moderado,Manter acompanhamento de rotina.,sklearn_gb_v1,sklearn_v1
NOVA MARINGA,sifilis,2025,25,0.3791,1,0.0,0.0,4.0,silencio_moderado,Manter acompanhamento de rotina.,sklearn_gb_v1,sklearn_v1
NOVA MARINGA,hepatite_c_hcv,2024,24,0.3791,1,0.0,0.0,4.0,silencio_moderado,Manter acompanhamento de rotina.,sklearn_gb_v1,sklearn_v1
NOVA MARINGA,hepatite_b_hbv,2024,50,0.3791,1,0.0,0.0,4.0,silencio_moderado,Manter acompanhamento de rotina.,sklearn_gb_v1,sklearn_v1
SANTA TEREZINHA,hepatite_a,2025,8,0.3776,2,0.0,0.0,4.0,silencio_moderado,Manter acompanhamento de rotina.,sklearn_gb_v1,sklearn_v1
BOM JESUS DO ARAGUAIA,hepatite_a,2024,38,0.3776,2,0.0,0.0,4.0,silencio_moderado,Manter acompanhamento de rotina.,sklearn_gb_v1,sklearn_v1
CAMPINAPOLIS,hidatidose_igg,2025,3,0.3757,1,0.0,0.0,4.0,silencio_moderado,Manter acompanhamento de rotina.,sklearn_gb_v1,sklearn_v1
CAMPINAPOLIS,mayaro_igm,2025,8,0.3757,1,0.0,0.0,4.0,silencio_moderado,Manter acompanhamento de rotina.,sklearn_gb_v1,sklearn_v1
CAMPINAPOLIS,hepatite_b_hbv,2025,8,0.3757,1,0.0,0.0,4.0,silencio_moderado,Manter acompanhamento de rotina.,sklearn_gb_v1,sklearn_v1
CAMPINAPOLIS,oropouche_igm,2025,8,0.3757,1,0.0,0.0,4.0,silencio_moderado,Manter acompanhamento de rotina.,sklearn_gb_v1,sklearn_v1
CAMPINAPOLIS,febre_maculosa_igg,2024,31,0.3757,1,0.0,0.0,4.0,silencio_moderado,Manter acompanhamento de rotina.,sklearn_gb_v1,sklearn_v1
CAMPINAPOLIS,bacterias_teste_de_sensibilidade_ii,2024,30,0.3757,1,0.0,0.0,4.0,silencio_moderado,Manter acompanhamento de rotina.,sklearn_gb_v1,sklearn_v1
CAMPINAPOLIS,febre_do_nilo_ocidental_igm,2025,8,0.3757,1,0.0,0.0,4.0,silencio_moderado,Manter acompanhamento de rotina.,sklearn_gb_v1,sklearn_v1
NOVO HORIZONTE DO NORTE,sars_cov_2,2025,14,0.3755,1,0.0,0.0,4.0,silencio_moderado,Manter acompanhamento de rotina.,sklearn_gb_v1,sklearn_v1
NOVO HORIZONTE DO NORTE,tuberculose_cultura,2024,28,0.3755,1,0.0,0.0,4.0,silencio_moderado,Manter acompanhamento de rotina.,sklearn_gb_v1,sklearn_v1
NOVO HORIZONTE DO NORTE,leishmaniose_visceral_humana_teste_rapido,2025,6,0.3755,1,0.0,0.0,4.0,silencio_moderado,Manter acompanhamento de rotina.,sklearn_gb_v1,sklearn_v1
PORTO DOS GAUCHOS,hepatite_b_hbv,2025,31,0.3742,2,0.0,0.0,4.0,silencio_moderado,Manter acompanhamento de rotina.,sklearn_gb_v1,sklearn_v1
NOSSA SENHORA DO LIVRAMENTO,virus_respiratorios,2025,19,0.3729,2,0.0,0.0,4.0,silencio_moderado,Manter acompanhamento de rotina.,sklearn_gb_v1,sklearn_v1
NOSSA SENHORA DO LIVRAMENTO,sarampo_biologia_molecular,2025,41,0.3729,2,0.0,0.0,4.0,silencio_moderado,Manter acompanhamento de rotina.,sklearn_gb_v1,sklearn_v1
PORTO ALEGRE DO NORTE,influenza_b,2025,21,0.3729,2,0.0,0.0,4.0,silencio_moderado,Manter acompanhamento de rotina.,sklearn_gb_v1,sklearn_v1
NOSSA SENHORA DO LIVRAMENTO,toxoplasmose_igg,2025,10,0.3729,2,0.0,0.0,4.0,silencio_moderado,Manter acompanhamento de rotina.,sklearn_gb_v1,sklearn_v1
PORTO ALEGRE DO NORTE,sars_cov_2,2025,21,0.3729,2,0.0,0.0,4.0,silencio_moderado,Manter acompanhamento de rotina.,sklearn_gb_v1,sklearn_v1
PORTO ALEGRE DO NORTE,zika,2025,23,0.3729,2,0.0,0.0,4.0,silencio_moderado,Manter acompanhamento de rotina.,sklearn_gb_v1,sklearn_v1
PORTO ALEGRE DO NORTE,dengue,2025,23,0.3729,2,0.0,0.0,4.0,silencio_moderado,Manter acompanhamento de rotina.,sklearn_gb_v1,sklearn_v1
NOSSA SENHORA DO LIVRAMENTO,toxoplasmose_igm,2025,10,0.3729,2,0.0,0.0,4.0,silencio_moderado,Manter acompanhamento de rotina.,sklearn_gb_v1,sklearn_v1
PLANALTO DA SERRA,zika,2025,28,0.3718,2,0.0,0.0,4.0,silencio_moderado,Manter acompanhamento de rotina.,sklearn_gb_v1,sklearn_v1
COMODORO,hepatite_b_hbv,2026,9,0.3712,1,1.0,0.0,0.0,silencio_moderado,Manter acompanhamento de rotina.,sklearn_gb_v1,sklearn_v1
SANTA RITA DO TRIVELATO,influenza_a,2025,21,0.3711,1,0.0,0.0,4.0,silencio_moderado,Manter acompanhamento de rotina.,sklearn_gb_v1,sklearn_v1
SANTA RITA DO TRIVELATO,hepatite_b_hbv,2025,33,0.3711,1,0.0,0.0,4.0,silencio_moderado,Manter acompanhamento de rotina.,sklearn_gb_v1,sklearn_v1
NOVA MARILANDIA,bacterias_teste_de_sensibilidade,2024,35,0.3711,1,0.0,0.0,4.0,silencio_moderado,Manter acompanhamento de rotina.,sklearn_gb_v1,sklearn_v1
UNIAO DO SUL,tuberculose_cultura,2025,19,0.371,2,0.0,0.0,4.0,silencio_moderado,Manter acompanhamento de rotina.,sklearn_gb_v1,sklearn_v1
SANTO ANTONIO DO LESTE,influenza_b,2025,24,0.371,2,0.0,0.0,4.0,silencio_moderado,Manter acompanhamento de rotina.,sklearn_gb_v1,sklearn_v1
SANTO ANTONIO DO LESTE,zika,2024,26,0.371,2,0.0,0.0,4.0,silencio_moderado,Manter acompanhamento de rotina.,sklearn_gb_v1,sklearn_v1
SANTO ANTONIO DO LESTE,sars_cov_2,2025,24,0.371,2,0.0,0.0,4.0,silencio_moderado,Manter acompanhamento de rotina.,sklearn_gb_v1,sklearn_v1
SANTO ANTONIO DO LESTE,influenza_a,2025,24,0.371,2,0.0,0.0,4.0,silencio_moderado,Manter acompanhamento de rotina.,sklearn_gb_v1,sklearn_v1
NOVA OLIMPIA,hepatite_c_hcv,2026,3,0.3702,1,1.0,0.0,0.0,silencio_moderado,Manter acompanhamento de rotina.,sklearn_gb_v1,sklearn_v1
PORTO ALEGRE DO NORTE,influenza_a,2025,21,0.3698,2,0.0,0.0,4.0,silencio_moderado,Manter acompanhamento de rotina.,sklearn_gb_v1,sklearn_v1
PORTO ALEGRE DO NORTE,chikungunya,2025,23,0.3698,2,0.0,0.0,4.0,silencio_moderado,Manter acompanhamento de rotina.,sklearn_gb_v1,sklearn_v1
PORTO DOS GAUCHOS,sars_cov_2,2025,44,0.3697,1,0.0,0.0,4.0,silencio_moderado,Manter acompanhamento de rotina.,sklearn_gb_v1,sklearn_v1
CASTANHEIRA,sars_cov_2,2024,24,0.3697,1,0.0,0.0,4.0,silencio_moderado,Manter acompanhamento de rotina.,sklearn_gb_v1,sklearn_v1
SANTO ANTONIO DO LESTE,leptospira,2024,26,0.3697,1,0.0,0.0,4.0,silencio_moderado,Manter acompanhamento de rotina.,sklearn_gb_v1,sklearn_v1
SANTO ANTONIO DO LESTE,tuberculose_cultura,2025,17,0.3697,1,0.0,0.0,4.0,silencio_moderado,Manter acompanhamento de rotina.,sklearn_gb_v1,sklearn_v1
PORTO DOS GAUCHOS,influenza_b,2025,44,0.3697,1,0.0,0.0,4.0,silencio_moderado,Manter acompanhamento de rotina.,sklearn_gb_v1,sklearn_v1
CASTANHEIRA,influenza_a,2024,24,0.3697,1,0.0,0.0,4.0,silencio_moderado,Manter acompanhamento de rotina.,sklearn_gb_v1,sklearn_v1
CASTANHEIRA,influenza_b,2024,24,0.3697,1,0.0,0.0,4.0,silencio_moderado,Manter acompanhamento de rotina.,sklearn_gb_v1,sklearn_v1
CASTANHEIRA,hepatite_c_hcv,2024,31,0.3697,1,0.0,0.0,4.0,silencio_moderado,Manter acompanhamento de rotina.,sklearn_gb_v1,sklearn_v1
PORTO DOS GAUCHOS,influenza_a,2025,44,0.3697,1,0.0,0.0,4.0,silencio_moderado,Manter acompanhamento de rotina.,sklearn_gb_v1,sklearn_v1
SANTO ANTONIO DO LESTE,dengue,2024,26,0.3697,1,0.0,0.0,4.0,silencio_moderado,Manter acompanhamento de rotina.,sklearn_gb_v1,sklearn_v1
RIO BRANCO,pesquisa_de_multipatogenos_ist,2025,48,0.3695,2,0.0,0.0,4.0,silencio_moderado,Manter acompanhamento de rotina.,sklearn_gb_v1,sklearn_v1
RIO BRANCO,influenza_b,2025,8,0.3695,2,0.0,0.0,4.0,silencio_moderado,Manter acompanhamento de rotina.,sklearn_gb_v1,sklearn_v1
RIO BRANCO,influenza_a,2025,8,0.3695,2,0.0,0.0,4.0,silencio_moderado,Manter acompanhamento de rotina.,sklearn_gb_v1,sklearn_v1
SANTA RITA DO TRIVELATO,toxoplasmose_igm,2024,32,0.3695,1,0.0,0.0,4.0,silencio_moderado,Manter acompanhamento de rotina.,sklearn_gb_v1,sklearn_v1
SANTA RITA DO TRIVELATO,toxoplasmose_igg,2024,32,0.3695,1,0.0,0.0,4.0,silencio_moderado,Manter acompanhamento de rotina.,sklearn_gb_v1,sklearn_v1
RIO BRANCO,sars_cov_2,2025,8,0.3695,2,0.0,0.0,4.0,silencio_moderado,Manter acompanhamento de rotina.,sklearn_gb_v1,sklearn_v1
CAXIAS,zika,2025,30,0.3694,1,1.1428571428571428,0.0,0.0,silencio_moderado,Manter acompanhamento de rotina.,sklearn_gb_v1,sklearn_v1
VILHENA,zika,2025,28,0.3694,1,1.125,0.0,0.0,silencio_moderado,Manter acompanhamento de rotina.,sklearn_gb_v1,sklearn_v1
PACARAIMA,dengue,2025,34,0.3694,1,1.125,0.0,0.0,silencio_moderado,Manter acompanhamento de rotina.,sklearn_gb_v1,sklearn_v1
ITAUBA,leptospira,2024,48,0.3692,1,0.0,1.0,4.0,silencio_moderado,Manter acompanhamento de rotina.,sklearn_gb_v1,sklearn_v1
NOVA SANTA HELENA,meningite_bacteriana_biologia_molecular,2024,26,0.3691,3,0.0,1.0,4.0,silencio_moderado,Manter acompanhamento de rotina.,sklearn_gb_v1,sklearn_v1
NOVA SANTA HELENA,leptospira,2025,5,0.3691,3,0.0,1.0,4.0,silencio_moderado,Manter acompanhamento de rotina.,sklearn_gb_v1,sklearn_v1
NOVO MUNDO,influenza_b,2024,22,0.3682,1,0.0,0.0,4.0,silencio_moderado,Manter acompanhamento de rotina.,sklearn_gb_v1,sklearn_v1
NOVO MUNDO,influenza_a,2024,22,0.3682,1,0.0,0.0,4.0,silencio_moderado,Manter acompanhamento de rotina.,sklearn_gb_v1,sklearn_v1
NOVO MUNDO,tuberculose_cultura,2025,4,0.3682,1,0.0,0.0,4.0,silencio_moderado,Manter acompanhamento de rotina.,sklearn_gb_v1,sklearn_v1
NOVA MARINGA,dengue,2025,25,0.3673,1,0.0,0.0,4.0,silencio_moderado,Manter acompanhamento de rotina.,sklearn_gb_v1,sklearn_v1
PORTO ALEGRE DO NORTE,pesquisa_de_genes_de_resistencia,2024,24,0.3655,2,0.0,0.0,4.0,silencio_moderado,Manter acompanhamento de rotina.,sklearn_gb_v1,sklearn_v1
ACORIZAL,pesquisa_de_genes_de_resistencia,2024,30,0.3643,2,0.0,0.0,4.0,silencio_moderado,Manter acompanhamento de rotina.,sklearn_gb_v1,sklearn_v1
PONTAL DO ARAGUAIA,influenza_a,2024,47,0.3637,1,0.0,0.0,4.0,silencio_moderado,Manter acompanhamento de rotina.,sklearn_gb_v1,sklearn_v1
CURVELANDIA,chagas,2025,33,0.3637,1,0.0,0.0,4.0,silencio_moderado,Manter acompanhamento de rotina.,sklearn_gb_v1,sklearn_v1
DENISE,tuberculose_cultura,2024,23,0.3637,1,0.0,0.0,4.0,silencio_moderado,Manter acompanhamento de rotina.,sklearn_gb_v1,sklearn_v1
CURVELANDIA,chagas_igg,2025,33,0.3637,1,0.0,0.0,4.0,silencio_moderado,Manter acompanhamento de rotina.,sklearn_gb_v1,sklearn_v1
CURVELANDIA,sars_cov_2,2024,27,0.3637,1,0.0,0.0,4.0,silencio_moderado,Manter acompanhamento de rotina.,sklearn_gb_v1,sklearn_v1
CURVELANDIA,virus_respiratorios,2024,23,0.3637,1,0.0,0.0,4.0,silencio_moderado,Manter acompanhamento de rotina.,sklearn_gb_v1,sklearn_v1
NOVA MARILANDIA,tuberculose_cultura,2025,27,0.3637,1,0.0,0.0,4.0,silencio_moderado,Manter acompanhamento de rotina.,sklearn_gb_v1,sklearn_v1
NOVA SANTA HELENA,virus_respiratorios,2025,21,0.3637,1,0.0,0.0,4.0,silencio_moderado,Manter acompanhamento de rotina.,sklearn_gb_v1,sklearn_v1
DENISE,influenza_b,2025,7,0.3637,1,0.0,0.0,4.0,silencio_moderado,Manter acompanhamento de rotina.,sklearn_gb_v1,sklearn_v1
DENISE,influenza_a,2025,7,0.3637,1,0.0,0.0,4.0,silencio_moderado,Manter acompanhamento de rotina.,sklearn_gb_v1,sklearn_v1
DENISE,rubeola_igm,2025,43,0.3637,1,0.0,0.0,4.0,silencio_moderado,Manter acompanhamento de rotina.,sklearn_gb_v1,sklearn_v1
DENISE,sarampo_igg,2025,43,0.3637,1,0.0,0.0,4.0,silencio_moderado,Manter acompanhamento de rotina.,sklearn_gb_v1,sklearn_v1
DENISE,sarampo_igm,2025,43,0.3637,1,0.0,0.0,4.0,silencio_moderado,Manter acompanhamento de rotina.,sklearn_gb_v1,sklearn_v1
DENISE,sars_cov_2,2025,6,0.3637,1,0.0,0.0,4.0,silencio_moderado,Manter acompanhamento de rotina.,sklearn_gb_v1,sklearn_v1
PONTAL DO ARAGUAIA,influenza_b,2024,47,0.3637,1,0.0,0.0,4.0,silencio_moderado,Manter acompanhamento de rotina.,sklearn_gb_v1,sklearn_v1
PONTAL DO ARAGUAIA,sars_cov_2,2024,47,0.3637,1,0.0,0.0,4.0,silencio_moderado,Manter acompanhamento de rotina.,sklearn_gb_v1,sklearn_v1
NOVA SANTA HELENA,hidatidose_igg,2025,5,0.3637,1,0.0,0.0,4.0,silencio_moderado,Manter acompanhamento de rotina.,sklearn_gb_v1,sklearn_v1
DENISE,chagas,2025,17,0.3637,1,0.0,0.0,4.0,silencio_moderado,Manter acompanhamento de rotina.,sklearn_gb_v1,sklearn_v1
NOVA SANTA HELENA,neisseria_gonorrhoeae,2024,26,0.3637,1,0.0,0.0,4.0,silencio_moderado,Manter acompanhamento de rotina.,sklearn_gb_v1,sklearn_v1
DENISE,rubeola_igg,2025,43,0.3637,1,0.0,0.0,4.0,silencio_moderado,Manter acompanhamento de rotina.,sklearn_gb_v1,sklearn_v1
CAMPO NOVO DO PARECIS,hepatite_b_hbv,2026,19,0.3626,1,1.0,0.0,0.0,silencio_moderado,Manter acompanhamento de rotina.,sklearn_gb_v1,sklearn_v1
SAPEZAL,hepatite_c_hcv,2026,10,0.3626,1,1.0,0.0,0.0,silencio_moderado,Manter acompanhamento de rotina.,sklearn_gb_v1,sklearn_v1
CUIABA,leishmaniose_visceral_humana_teste_rapido,2026,5,0.3626,1,1.0,0.0,0.0,silencio_moderado,Manter acompanhamento de rotina.,sklearn_gb_v1,sklearn_v1
PORTO ESPERIDIAO,hepatite_b_hbv,2025,52,0.3618,1,0.0,0.0,4.0,silencio_moderado,Manter acompanhamento de rotina.,sklearn_gb_v1,sklearn_v1
JURUENA,parvovirus_b19_igg,2025,29,0.3618,1,0.0,0.0,4.0,silencio_moderado,Manter acompanhamento de rotina.,sklearn_gb_v1,sklearn_v1
ARAPUTANGA,hepatite_c_hcv,2026,10,0.3615,1,1.0,0.0,0.0,silencio_moderado,Manter acompanhamento de rotina.,sklearn_gb_v1,sklearn_v1
SINOP,rifampicina,2026,20,0.3615,1,1.0,0.0,0.0,silencio_moderado,Manter acompanhamento de rotina.,sklearn_gb_v1,sklearn_v1
CAMPO NOVO DO PARECIS,criptococos_teste_rapido,2026,17,0.3615,1,1.0,0.0,0.0,silencio_moderado,Manter acompanhamento de rotina.,sklearn_gb_v1,sklearn_v1
PONTAL DO ARAGUAIA,bacterias_teste_de_sensibilidade,2024,30,0.3607,1,0.0,0.0,4.0,silencio_moderado,Manter acompanhamento de rotina.,sklearn_gb_v1,sklearn_v1
DENISE,chagas_igg,2025,17,0.3607,1,0.0,0.0,4.0,silencio_moderado,Manter acompanhamento de rotina.,sklearn_gb_v1,sklearn_v1
NOSSA SENHORA DO LIVRAMENTO,baciloscopia,2025,16,0.3607,4,0.0,0.0,4.0,silencio_moderado,Manter acompanhamento de rotina.,sklearn_gb_v1,sklearn_v1
UNIAO DO SUL,baciloscopia,2025,7,0.3592,2,0.0,0.0,4.0,silencio_moderado,Manter acompanhamento de rotina.,sklearn_gb_v1,sklearn_v1
GAUCHA DO NORTE,brucelose_igm,2024,25,0.359,1,0.0,0.0,4.0,silencio_moderado,Manter acompanhamento de rotina.,sklearn_gb_v1,sklearn_v1
SANTA TEREZINHA,hepatite_b_hbv,2025,13,0.358,1,1.0,0.0,0.0,silencio_moderado,Manter acompanhamento de rotina.,sklearn_gb_v1,sklearn_v1
JURUENA,rubeola_igg,2025,29,0.3576,1,0.0,0.0,4.0,silencio_moderado,Manter acompanhamento de rotina.,sklearn_gb_v1,sklearn_v1
JURUENA,sarampo_igg,2025,29,0.3576,1,0.0,0.0,4.0,silencio_moderado,Manter acompanhamento de rotina.,sklearn_gb_v1,sklearn_v1
JURUENA,rubeola_igm,2025,29,0.3576,1,0.0,0.0,4.0,silencio_moderado,Manter acompanhamento de rotina.,sklearn_gb_v1,sklearn_v1
JURUENA,parvovirus_b19_igm,2025,29,0.3576,1,0.0,0.0,4.0,silencio_moderado,Manter acompanhamento de rotina.,sklearn_gb_v1,sklearn_v1
JURUENA,neisseria_gonorrhoeae,2025,25,0.3576,1,0.0,0.0,4.0,silencio_moderado,Manter acompanhamento de rotina.,sklearn_gb_v1,sklearn_v1
JURUENA,leptospira,2025,30,0.3576,1,0.0,0.0,4.0,silencio_moderado,Manter acompanhamento de rotina.,sklearn_gb_v1,sklearn_v1
JURUENA,leishmaniose_visceral_humana_teste_rapido,2025,19,0.3576,1,0.0,0.0,4.0,silencio_moderado,Manter acompanhamento de rotina.,sklearn_gb_v1,sklearn_v1
JURUENA,influenza_b,2024,43,0.3576,1,0.0,0.0,4.0,silencio_moderado,Manter acompanhamento de rotina.,sklearn_gb_v1,sklearn_v1
PORTO ESPERIDIAO,fungos,2025,33,0.3576,1,0.0,0.0,4.0,silencio_moderado,Manter acompanhamento de rotina.,sklearn_gb_v1,sklearn_v1
JURUENA,sarampo_igm,2025,29,0.3576,1,0.0,0.0,4.0,silencio_moderado,Manter acompanhamento de rotina.,sklearn_gb_v1,sklearn_v1
JURUENA,tuberculose_cultura,2025,28,0.3576,1,0.0,1.0,4.0,silencio_moderado,Manter acompanhamento de rotina.,sklearn_gb_v1,sklearn_v1
JURUENA,fungos,2025,30,0.3576,1,0.0,0.0,4.0,silencio_moderado,Manter acompanhamento de rotina.,sklearn_gb_v1,sklearn_v1
JURUENA,cultura_para_fungos,2025,25,0.3576,1,0.0,0.0,4.0,silencio_moderado,Manter acompanhamento de rotina.,sklearn_gb_v1,sklearn_v1
JURUENA,influenza_a,2024,43,0.3576,1,0.0,0.0,4.0,silencio_moderado,Manter acompanhamento de rotina.,sklearn_gb_v1,sklearn_v1
JURUENA,hanseniase_biologia_molecular,2025,29,0.3576,1,0.0,0.0,4.0,silencio_moderado,Manter acompanhamento de rotina.,sklearn_gb_v1,sklearn_v1
JURUENA,fungos_teste_de_sensibilidade,2025,24,0.3576,1,0.0,0.0,4.0,silencio_moderado,Manter acompanhamento de rotina.,sklearn_gb_v1,sklearn_v1
PORTO ESPERIDIAO,sars_cov_2,2025,15,0.3576,1,0.0,0.0,4.0,silencio_moderado,Manter acompanhamento de rotina.,sklearn_gb_v1,sklearn_v1
PORTO ESPERIDIAO,virus_respiratorios,2025,29,0.3576,1,0.0,0.0,4.0,silencio_moderado,Manter acompanhamento de rotina.,sklearn_gb_v1,sklearn_v1
JURUENA,sars_cov_2,2024,43,0.3576,1,0.0,0.0,4.0,silencio_moderado,Manter acompanhamento de rotina.,sklearn_gb_v1,sklearn_v1
PORTO ESPERIDIAO,tuberculose_cultura,2025,28,0.3576,1,0.0,0.0,4.0,silencio_moderado,Manter acompanhamento de rotina.,sklearn_gb_v1,sklearn_v1
PORTO ESPERIDIAO,hepatite_c_hcv,2025,27,0.3576,1,0.0,0.0,4.0,silencio_moderado,Manter acompanhamento de rotina.,sklearn_gb_v1,sklearn_v1
CACERES,hepatite_c_hcv,2026,20,0.3574,1,1.125,0.0,0.0,silencio_moderado,Manter acompanhamento de rotina.,sklearn_gb_v1,sklearn_v1
COTRIGUACU,pesquisa_de_genes_de_resistencia,2024,30,0.3569,2,0.0,0.0,4.0,silencio_moderado,Manter acompanhamento de rotina.,sklearn_gb_v1,sklearn_v1
RIO BRANCO,rifampicina,2024,27,0.3565,1,0.0,0.0,4.0,silencio_moderado,Manter acompanhamento de rotina.,sklearn_gb_v1,sklearn_v1
RIO BRANCO,tuberculose_cultura,2024,30,0.3565,1,0.0,0.0,4.0,silencio_moderado,Manter acompanhamento de rotina.,sklearn_gb_v1,sklearn_v1
RIO BRANCO,hepatite_b_hbv,2025,48,0.3565,1,0.0,0.0,4.0,silencio_moderado,Manter acompanhamento de rotina.,sklearn_gb_v1,sklearn_v1
SANTO ANTONIO DO LESTE,chikungunya,2024,26,0.355,2,0.0,0.0,4.0,silencio_moderado,Manter acompanhamento de rotina.,sklearn_gb_v1,sklearn_v1
BARRA DO BUGRES,sars_cov_2,2026,15,0.3547,1,1.125,0.0,0.0,silencio_moderado,Manter acompanhamento de rotina.,sklearn_gb_v1,sklearn_v1
ARAGUAIANA,hepatite_b_hbv,2025,29,0.3528,1,0.0,0.0,4.0,silencio_moderado,Manter acompanhamento de rotina.,sklearn_gb_v1,sklearn_v1
ITAUBA,varicela_zoster_biologia_molecular,2025,11,0.3528,1,0.0,0.0,4.0,silencio_moderado,Manter acompanhamento de rotina.,sklearn_gb_v1,sklearn_v1
ARAGUAIANA,influenza_b,2025,12,0.3528,1,0.0,0.0,4.0,silencio_moderado,Manter acompanhamento de rotina.,sklearn_gb_v1,sklearn_v1
ARAGUAIANA,sars_cov_2,2025,12,0.3528,1,0.0,0.0,4.0,silencio_moderado,Manter acompanhamento de rotina.,sklearn_gb_v1,sklearn_v1
NORTELANDIA,tuberculose,2025,34,0.3528,1,0.0,0.0,4.0,silencio_moderado,Manter acompanhamento de rotina.,sklearn_gb_v1,sklearn_v1
ARAGUAIANA,influenza_a,2025,12,0.3528,1,0.0,0.0,4.0,silencio_moderado,Manter acompanhamento de rotina.,sklearn_gb_v1,sklearn_v1
NORTELANDIA,lyme_igm,2024,30,0.3528,1,0.0,0.0,4.0,silencio_moderado,Manter acompanhamento de rotina.,sklearn_gb_v1,sklearn_v1
NOVA GUARITA,fungos,2025,30,0.3528,1,0.0,0.0,4.0,silencio_moderado,Manter acompanhamento de rotina.,sklearn_gb_v1,sklearn_v1
NORTELANDIA,lyme_igg,2024,30,0.3528,1,0.0,0.0,4.0,silencio_moderado,Manter acompanhamento de rotina.,sklearn_gb_v1,sklearn_v1
NOVA GUARITA,hepatite_c_hcv,2024,27,0.3528,1,0.0,0.0,4.0,silencio_moderado,Manter acompanhamento de rotina.,sklearn_gb_v1,sklearn_v1
NORTELANDIA,virus_respiratorios,2024,45,0.3528,1,0.0,0.0,4.0,silencio_moderado,Manter acompanhamento de rotina.,sklearn_gb_v1,sklearn_v1
ITAUBA,tuberculose_cultura,2025,16,0.3528,1,0.0,0.0,4.0,silencio_moderado,Manter acompanhamento de rotina.,sklearn_gb_v1,sklearn_v1
ITAUBA,variola,2025,11,0.3528,1,0.0,0.0,4.0,silencio_moderado,Manter acompanhamento de rotina.,sklearn_gb_v1,sklearn_v1
NOVA MARILANDIA,leptospira,2025,30,0.3521,1,0.0,0.0,4.0,silencio_moderado,Manter acompanhamento de rotina.,sklearn_gb_v1,sklearn_v1
NOVA MARILANDIA,meningite_bacteriana_biologia_molecular,2024,35,0.3511,3,0.0,1.0,4.0,silencio_moderado,Manter acompanhamento de rotina.,sklearn_gb_v1,sklearn_v1
POCONE,rifampicina,2026,14,0.3505,1,1.1428571428571428,0.0,0.0,silencio_moderado,Manter acompanhamento de rotina.,sklearn_gb_v1,sklearn_v1
NORTELANDIA,hepatite_c_hcv,2025,23,0.3497,1,0.0,0.0,4.0,sem_silencio_aparente,Manter acompanhamento de rotina.,sklearn_gb_v1,sklearn_v1
NORTELANDIA,tuberculose_cultura,2025,16,0.3497,1,0.0,0.0,4.0,sem_silencio_aparente,Manter acompanhamento de rotina.,sklearn_gb_v1,sklearn_v1
ITAUBA,rifampicina,2025,16,0.348,2,0.0,0.0,4.0,sem_silencio_aparente,Manter acompanhamento de rotina.,sklearn_gb_v1,sklearn_v1
GAUCHA DO NORTE,virus_respiratorios,2025,22,0.3478,1,0.0,0.0,4.0,sem_silencio_aparente,Manter acompanhamento de rotina.,sklearn_gb_v1,sklearn_v1
GAUCHA DO NORTE,influenza_b,2025,22,0.3478,1,0.0,0.0,4.0,sem_silencio_aparente,Manter acompanhamento de rotina.,sklearn_gb_v1,sklearn_v1
GAUCHA DO NORTE,influenza_a,2025,22,0.3478,1,0.0,0.0,4.0,sem_silencio_aparente,Manter acompanhamento de rotina.,sklearn_gb_v1,sklearn_v1
GAUCHA DO NORTE,hepatite_c_hcv,2025,23,0.3478,1,0.0,0.0,4.0,sem_silencio_aparente,Manter acompanhamento de rotina.,sklearn_gb_v1,sklearn_v1
GAUCHA DO NORTE,tuberculose_cultura,2025,6,0.3478,1,0.0,0.0,4.0,sem_silencio_aparente,Manter acompanhamento de rotina.,sklearn_gb_v1,sklearn_v1
GAUCHA DO NORTE,brucelose,2024,25,0.3478,1,0.0,0.0,4.0,sem_silencio_aparente,Manter acompanhamento de rotina.,sklearn_gb_v1,sklearn_v1
SAO JOSE DE RIBAMAR,chikungunya,2025,26,0.3463,1,1.5,0.0,0.0,sem_silencio_aparente,Manter acompanhamento de rotina.,sklearn_gb_v1,sklearn_v1
ANANINDEUA,chikungunya,2025,26,0.3463,1,1.5,0.0,0.0,sem_silencio_aparente,Manter acompanhamento de rotina.,sklearn_gb_v1,sklearn_v1
FOZ DO IGUACU,zika,2025,11,0.3453,1,1.5,0.0,0.0,sem_silencio_aparente,Manter acompanhamento de rotina.,sklearn_gb_v1,sklearn_v1
PORTO VELHO,zika,2025,22,0.3453,1,1.5,0.0,0.0,sem_silencio_aparente,Manter acompanhamento de rotina.,sklearn_gb_v1,sklearn_v1
CAXIAS,chikungunya,2025,30,0.3453,1,1.5,0.0,0.0,sem_silencio_aparente,Manter acompanhamento de rotina.,sklearn_gb_v1,sklearn_v1
BRASILIA,zika,2025,34,0.3453,1,1.5,0.0,0.0,sem_silencio_aparente,Manter acompanhamento de rotina.,sklearn_gb_v1,sklearn_v1
NOVO PROGRESSO,influenza_b,2025,18,0.3453,1,1.5,0.0,0.0,sem_silencio_aparente,Manter acompanhamento de rotina.,sklearn_gb_v1,sklearn_v1
NOVO PROGRESSO,influenza_a,2025,18,0.3453,1,1.5,0.0,0.0,sem_silencio_aparente,Manter acompanhamento de rotina.,sklearn_gb_v1,sklearn_v1
BRASILIA,chikungunya,2025,34,0.3453,1,1.5,0.0,0.0,sem_silencio_aparente,Manter acompanhamento de rotina.,sklearn_gb_v1,sklearn_v1
SAO JOSE DE RIBAMAR,dengue,2025,26,0.3453,1,1.5,0.0,0.0,sem_silencio_aparente,Manter acompanhamento de rotina.,sklearn_gb_v1,sklearn_v1
SANTAREM,dengue,2025,25,0.3453,1,1.5,0.0,0.0,sem_silencio_aparente,Manter acompanhamento de rotina.,sklearn_gb_v1,sklearn_v1
CAMPO GRANDE,dengue,2025,23,0.3453,1,1.5,0.0,0.0,sem_silencio_aparente,Manter acompanhamento de rotina.,sklearn_gb_v1,sklearn_v1
BELEM,zika,2025,18,0.3453,1,1.5,0.0,0.0,sem_silencio_aparente,Manter acompanhamento de rotina.,sklearn_gb_v1,sklearn_v1
MIGUEL ALVES,zika,2025,23,0.3453,1,1.5,0.0,0.0,sem_silencio_aparente,Manter acompanhamento de rotina.,sklearn_gb_v1,sklearn_v1
FIGUEIROPOLIS D''OESTE,chikungunya,2025,13,0.3453,1,1.5,0.0,0.0,sem_silencio_aparente,Manter acompanhamento de rotina.,sklearn_gb_v1,sklearn_v1
PACARAIMA,chikungunya,2025,34,0.3453,1,1.5,0.0,0.0,sem_silencio_aparente,Manter acompanhamento de rotina.,sklearn_gb_v1,sklearn_v1
NOVO REPARTIMENTO,dengue,2025,15,0.3453,1,1.5,0.0,0.0,sem_silencio_aparente,Manter acompanhamento de rotina.,sklearn_gb_v1,sklearn_v1
ACORIZAL,hepatite_b_hbv,2025,3,0.3452,3,0.0,0.0,4.0,sem_silencio_aparente,Manter acompanhamento de rotina.,sklearn_gb_v1,sklearn_v1
CHAPADA DOS GUIMARAES,meningite_bacteriana_biologia_molecular,2025,32,0.3451,1,0.0,2.0,4.0,sem_silencio_aparente,Manter acompanhamento de rotina.,sklearn_gb_v1,sklearn_v1
NOBRES,pesquisa_de_multipatogenos_ist,2025,15,0.3429,2,0.0,0.0,4.0,sem_silencio_aparente,Manter acompanhamento de rotina.,sklearn_gb_v1,sklearn_v1
BARAO DE MELGACO,tuberculose_cultura,2024,23,0.3418,1,0.0,0.0,4.0,sem_silencio_aparente,Manter acompanhamento de rotina.,sklearn_gb_v1,sklearn_v1
NOVA GUARITA,influenza,2025,19,0.3413,1,0.0,0.0,4.0,sem_silencio_aparente,Manter acompanhamento de rotina.,sklearn_gb_v1,sklearn_v1
VILA BELA DA SANTISSIMA TRINDADE,rifampicina,2025,22,0.3411,2,0.0,0.0,4.0,sem_silencio_aparente,Manter acompanhamento de rotina.,sklearn_gb_v1,sklearn_v1
CHAPADA DOS GUIMARAES,toxoplasmose_igg,2025,27,0.3406,1,0.0,0.0,4.0,sem_silencio_aparente,Manter acompanhamento de rotina.,sklearn_gb_v1,sklearn_v1
CHAPADA DOS GUIMARAES,sarampo_igm,2025,43,0.3406,1,0.0,0.0,4.0,sem_silencio_aparente,Manter acompanhamento de rotina.,sklearn_gb_v1,sklearn_v1
VILA RICA,citomegalovirus_igg,2024,32,0.3406,1,0.0,0.0,4.0,sem_silencio_aparente,Manter acompanhamento de rotina.,sklearn_gb_v1,sklearn_v1
VILA RICA,brucelose_igm,2024,32,0.3406,1,0.0,0.0,4.0,sem_silencio_aparente,Manter acompanhamento de rotina.,sklearn_gb_v1,sklearn_v1
CHAPADA DOS GUIMARAES,rubeola_igg,2025,43,0.3406,1,0.0,0.0,4.0,sem_silencio_aparente,Manter acompanhamento de rotina.,sklearn_gb_v1,sklearn_v1
CHAPADA DOS GUIMARAES,sarampo_igg,2025,43,0.3406,1,0.0,0.0,4.0,sem_silencio_aparente,Manter acompanhamento de rotina.,sklearn_gb_v1,sklearn_v1
CHAPADA DOS GUIMARAES,toxoplasmose_igm,2025,27,0.3406,1,0.0,0.0,4.0,sem_silencio_aparente,Manter acompanhamento de rotina.,sklearn_gb_v1,sklearn_v1
VILA RICA,brucelose,2024,32,0.3406,1,0.0,0.0,4.0,sem_silencio_aparente,Manter acompanhamento de rotina.,sklearn_gb_v1,sklearn_v1
CHAPADA DOS GUIMARAES,citomegalovirus_igm,2025,27,0.3406,1,0.0,0.0,4.0,sem_silencio_aparente,Manter acompanhamento de rotina.,sklearn_gb_v1,sklearn_v1
CHAPADA DOS GUIMARAES,baciloscopia,2025,26,0.3406,1,0.0,0.0,4.0,sem_silencio_aparente,Manter acompanhamento de rotina.,sklearn_gb_v1,sklearn_v1
CHAPADA DOS GUIMARAES,citomegalovirus_igg,2025,27,0.3406,1,0.0,0.0,4.0,sem_silencio_aparente,Manter acompanhamento de rotina.,sklearn_gb_v1,sklearn_v1
PORTO ESPERIDIAO,tuberculose_lf_lam,2024,40,0.3399,1,0.0,1.0,4.0,sem_silencio_aparente,Manter acompanhamento de rotina.,sklearn_gb_v1,sklearn_v1
NOVA MONTE VERDE,chagas_igg,2025,28,0.3396,1,0.0,0.0,4.0,sem_silencio_aparente,Manter acompanhamento de rotina.,sklearn_gb_v1,sklearn_v1
APIACAS,leptospira,2025,21,0.3396,1,0.0,0.0,4.0,sem_silencio_aparente,Manter acompanhamento de rotina.,sklearn_gb_v1,sklearn_v1
NOVA MONTE VERDE,sarampo_igm,2025,35,0.3396,1,0.0,0.0,4.0,sem_silencio_aparente,Manter acompanhamento de rotina.,sklearn_gb_v1,sklearn_v1
NOVA BANDEIRANTES,hepatite_c_hcv,2025,19,0.3392,1,0.0,0.0,4.0,sem_silencio_aparente,Manter acompanhamento de rotina.,sklearn_gb_v1,sklearn_v1
GUIRATINGA,hepatite_b_hbv,2025,8,0.3382,1,0.0,0.0,4.0,sem_silencio_aparente,Manter acompanhamento de rotina.,sklearn_gb_v1,sklearn_v1
CARLINDA,zika,2025,15,0.3382,1,0.0,0.0,4.0,sem_silencio_aparente,Manter acompanhamento de rotina.,sklearn_gb_v1,sklearn_v1
CARLINDA,hepatite_b_hbv,2025,32,0.3382,1,0.0,0.0,4.0,sem_silencio_aparente,Manter acompanhamento de rotina.,sklearn_gb_v1,sklearn_v1
BOM JARDIM,dengue,2025,28,0.338,1,1.2,0.0,0.0,sem_silencio_aparente,Manter acompanhamento de rotina.,sklearn_gb_v1,sklearn_v1
CACERES,rifampicina,2026,2,0.3376,1,1.25,4.0,0.0,sem_silencio_aparente,Manter acompanhamento de rotina.,sklearn_gb_v1,sklearn_v1
NOVA LACERDA,sars_cov_2,2025,22,0.3373,2,0.0,0.0,4.0,sem_silencio_aparente,Manter acompanhamento de rotina.,sklearn_gb_v1,sklearn_v1
NOVA LACERDA,influenza_a,2025,22,0.3373,2,0.0,0.0,4.0,sem_silencio_aparente,Manter acompanhamento de rotina.,sklearn_gb_v1,sklearn_v1
NOVA LACERDA,influenza_b,2025,22,0.3373,2,0.0,0.0,4.0,sem_silencio_aparente,Manter acompanhamento de rotina.,sklearn_gb_v1,sklearn_v1
RIO VERDE,dengue,2025,24,0.337,1,1.2,0.0,0.0,sem_silencio_aparente,Manter acompanhamento de rotina.,sklearn_gb_v1,sklearn_v1
SANTA LUZIA,dengue,2025,20,0.337,1,1.2,0.0,0.0,sem_silencio_aparente,Manter acompanhamento de rotina.,sklearn_gb_v1,sklearn_v1
APARECIDA DE GOIANIA,dengue,2025,22,0.337,1,1.2,0.0,0.0,sem_silencio_aparente,Manter acompanhamento de rotina.,sklearn_gb_v1,sklearn_v1
COLNIZA,hepatite_a,2025,6,0.3369,2,0.0,0.0,4.0,sem_silencio_aparente,Manter acompanhamento de rotina.,sklearn_gb_v1,sklearn_v1
VILA RICA,leishmaniose_visceral_humana_teste_rapido,2025,8,0.3366,1,0.0,0.0,4.0,sem_silencio_aparente,Manter acompanhamento de rotina.,sklearn_gb_v1,sklearn_v1
VILA RICA,tuberculose_cultura,2025,22,0.3366,1,0.0,0.0,4.0,sem_silencio_aparente,Manter acompanhamento de rotina.,sklearn_gb_v1,sklearn_v1
VILA RICA,leishmaniose_tegumentar_americana_igg,2024,24,0.3366,1,0.0,0.0,4.0,sem_silencio_aparente,Manter acompanhamento de rotina.,sklearn_gb_v1,sklearn_v1
CHAPADA DOS GUIMARAES,esquistossomose_sorologia,2024,26,0.3366,1,0.0,0.0,4.0,sem_silencio_aparente,Manter acompanhamento de rotina.,sklearn_gb_v1,sklearn_v1
CHAPADA DOS GUIMARAES,brucelose_igm,2024,30,0.3366,1,0.0,0.0,4.0,sem_silencio_aparente,Manter acompanhamento de rotina.,sklearn_gb_v1,sklearn_v1
CHAPADA DOS GUIMARAES,brucelose,2024,30,0.3366,1,0.0,0.0,4.0,sem_silencio_aparente,Manter acompanhamento de rotina.,sklearn_gb_v1,sklearn_v1
CHAPADA DOS GUIMARAES,bacterias_teste_de_sensibilidade_ii,2024,27,0.3366,1,0.0,0.0,4.0,sem_silencio_aparente,Manter acompanhamento de rotina.,sklearn_gb_v1,sklearn_v1
CHAPADA DOS GUIMARAES,tuberculose,2025,9,0.3366,1,0.0,0.0,4.0,sem_silencio_aparente,Manter acompanhamento de rotina.,sklearn_gb_v1,sklearn_v1
CHAPADA DOS GUIMARAES,neisseria_gonorrhoeae,2025,21,0.3366,1,0.0,0.0,4.0,sem_silencio_aparente,Manter acompanhamento de rotina.,sklearn_gb_v1,sklearn_v1
CHAPADA DOS GUIMARAES,mayaro_biologia_molecular,2024,31,0.3366,1,0.0,0.0,4.0,sem_silencio_aparente,Manter acompanhamento de rotina.,sklearn_gb_v1,sklearn_v1
CHAPADA DOS GUIMARAES,leishmaniose_visceral_humana_teste_rapido,2025,34,0.3366,1,0.0,0.0,4.0,sem_silencio_aparente,Manter acompanhamento de rotina.,sklearn_gb_v1,sklearn_v1
CHAPADA DOS GUIMARAES,oropouche_biologia_molecular,2024,31,0.3366,1,0.0,1.0,4.0,sem_silencio_aparente,Manter acompanhamento de rotina.,sklearn_gb_v1,sklearn_v1
CHAPADA DOS GUIMARAES,rubeola_igm,2025,43,0.3366,1,0.0,0.0,4.0,sem_silencio_aparente,Manter acompanhamento de rotina.,sklearn_gb_v1,sklearn_v1
CHAPADA DOS GUIMARAES,sarampo_biologia_molecular,2025,43,0.3366,1,0.0,0.0,4.0,sem_silencio_aparente,Manter acompanhamento de rotina.,sklearn_gb_v1,sklearn_v1
VILA RICA,citomegalovirus_igm,2024,32,0.3366,1,0.0,0.0,4.0,sem_silencio_aparente,Manter acompanhamento de rotina.,sklearn_gb_v1,sklearn_v1
VILA RICA,chagas,2025,26,0.3366,1,0.0,0.0,4.0,sem_silencio_aparente,Manter acompanhamento de rotina.,sklearn_gb_v1,sklearn_v1
VILA RICA,chagas_igg,2025,26,0.3366,1,0.0,0.0,4.0,sem_silencio_aparente,Manter acompanhamento de rotina.,sklearn_gb_v1,sklearn_v1
VILA RICA,brucelose_igg,2024,32,0.3366,1,0.0,0.0,4.0,sem_silencio_aparente,Manter acompanhamento de rotina.,sklearn_gb_v1,sklearn_v1
VILA RICA,virus_respiratorios,2024,46,0.3366,1,0.0,0.0,4.0,sem_silencio_aparente,Manter acompanhamento de rotina.,sklearn_gb_v1,sklearn_v1
ROSARIO OESTE,cultura_para_fungos,2025,21,0.3365,1,0.0,0.0,4.0,sem_silencio_aparente,Manter acompanhamento de rotina.,sklearn_gb_v1,sklearn_v1
ROSARIO OESTE,fungos,2025,21,0.3365,1,0.0,0.0,4.0,sem_silencio_aparente,Manter acompanhamento de rotina.,sklearn_gb_v1,sklearn_v1
NOVA BANDEIRANTES,tuberculose_cultura,2025,18,0.3351,1,0.0,0.0,4.0,sem_silencio_aparente,Manter acompanhamento de rotina.,sklearn_gb_v1,sklearn_v1
NOVA BANDEIRANTES,rifampicina,2024,39,0.3351,1,0.0,1.0,4.0,sem_silencio_aparente,Manter acompanhamento de rotina.,sklearn_gb_v1,sklearn_v1
NOVA BANDEIRANTES,virus_respiratorios,2024,29,0.3351,1,0.0,0.0,4.0,sem_silencio_aparente,Manter acompanhamento de rotina.,sklearn_gb_v1,sklearn_v1
FOZ DO IGUACU,dengue,2025,22,0.3344,1,1.4,0.0,0.0,sem_silencio_aparente,Manter acompanhamento de rotina.,sklearn_gb_v1,sklearn_v1
GUIRATINGA,influenza_b,2025,21,0.3341,1,0.0,0.0,4.0,sem_silencio_aparente,Manter acompanhamento de rotina.,sklearn_gb_v1,sklearn_v1
CARLINDA,sars_cov_2,2025,11,0.3341,1,0.0,0.0,4.0,sem_silencio_aparente,Manter acompanhamento de rotina.,sklearn_gb_v1,sklearn_v1
CARLINDA,tuberculose,2025,21,0.3341,1,0.0,0.0,4.0,sem_silencio_aparente,Manter acompanhamento de rotina.,sklearn_gb_v1,sklearn_v1
GUIRATINGA,tuberculose,2024,50,0.3341,1,0.0,0.0,4.0,sem_silencio_aparente,Manter acompanhamento de rotina.,sklearn_gb_v1,sklearn_v1
GUIRATINGA,leishmaniose_visceral_humana_teste_rapido,2024,22,0.3341,1,0.0,0.0,4.0,sem_silencio_aparente,Manter acompanhamento de rotina.,sklearn_gb_v1,sklearn_v1
CARLINDA,influenza_a,2025,11,0.3341,1,0.0,0.0,4.0,sem_silencio_aparente,Manter acompanhamento de rotina.,sklearn_gb_v1,sklearn_v1
CARLINDA,influenza_b,2025,11,0.3341,1,0.0,0.0,4.0,sem_silencio_aparente,Manter acompanhamento de rotina.,sklearn_gb_v1,sklearn_v1
GUIRATINGA,influenza_a,2025,21,0.3341,1,0.0,0.0,4.0,sem_silencio_aparente,Manter acompanhamento de rotina.,sklearn_gb_v1,sklearn_v1
NOVA UBIRATA,hepatite_c_hcv,2025,33,0.3341,1,0.0,0.0,4.0,sem_silencio_aparente,Manter acompanhamento de rotina.,sklearn_gb_v1,sklearn_v1
NOVA UBIRATA,virus_respiratorios,2025,17,0.3341,1,0.0,0.0,4.0,sem_silencio_aparente,Manter acompanhamento de rotina.,sklearn_gb_v1,sklearn_v1
NOVA UBIRATA,influenza_a,2025,17,0.3341,1,0.0,0.0,4.0,sem_silencio_aparente,Manter acompanhamento de rotina.,sklearn_gb_v1,sklearn_v1
NOVA UBIRATA,tuberculose_lf_lam,2025,51,0.3341,1,0.0,0.0,4.0,sem_silencio_aparente,Manter acompanhamento de rotina.,sklearn_gb_v1,sklearn_v1
NOVA UBIRATA,influenza_b,2025,17,0.3341,1,0.0,0.0,4.0,sem_silencio_aparente,Manter acompanhamento de rotina.,sklearn_gb_v1,sklearn_v1
GUIRATINGA,virus_respiratorios,2025,21,0.3341,1,0.0,0.0,4.0,sem_silencio_aparente,Manter acompanhamento de rotina.,sklearn_gb_v1,sklearn_v1
SANTO ANTONIO DO LEVERGER,bacterias_teste_de_sensibilidade_ii,2024,29,0.3339,1,0.0,0.0,4.0,sem_silencio_aparente,Manter acompanhamento de rotina.,sklearn_gb_v1,sklearn_v1
CAMPOS DE JULIO,hepatite_b_hbv,2025,26,0.3339,1,0.0,0.0,4.0,sem_silencio_aparente,Manter acompanhamento de rotina.,sklearn_gb_v1,sklearn_v1
ARENAPOLIS,rubeola_igg,2024,30,0.3339,1,0.0,0.0,4.0,sem_silencio_aparente,Manter acompanhamento de rotina.,sklearn_gb_v1,sklearn_v1
ARENAPOLIS,varicela_zoster_biologia_molecular,2025,33,0.3339,1,0.0,0.0,4.0,sem_silencio_aparente,Manter acompanhamento de rotina.,sklearn_gb_v1,sklearn_v1
SANTO ANTONIO DO LEVERGER,neisseria_gonorrhoeae,2025,34,0.3339,1,0.0,0.0,4.0,sem_silencio_aparente,Manter acompanhamento de rotina.,sklearn_gb_v1,sklearn_v1
ARENAPOLIS,hepatite_b_hbv,2025,43,0.3339,1,0.0,0.0,4.0,sem_silencio_aparente,Manter acompanhamento de rotina.,sklearn_gb_v1,sklearn_v1
NOVA GUARITA,sars_cov_2,2025,23,0.3335,2,0.0,0.0,4.0,sem_silencio_aparente,Manter acompanhamento de rotina.,sklearn_gb_v1,sklearn_v1
NOVA GUARITA,tuberculose_cultura,2025,22,0.3335,2,0.0,0.0,4.0,sem_silencio_aparente,Manter acompanhamento de rotina.,sklearn_gb_v1,sklearn_v1
NOVA GUARITA,virus_respiratorios,2025,22,0.3335,2,0.0,0.0,4.0,sem_silencio_aparente,Manter acompanhamento de rotina.,sklearn_gb_v1,sklearn_v1
SAO JOSE DOS QUATRO MARCOS,leishmaniose_tegumentar_americana_igg,2024,34,0.3333,1,0.0,0.0,4.0,sem_silencio_aparente,Manter acompanhamento de rotina.,sklearn_gb_v1,sklearn_v1
SAO JOSE DOS QUATRO MARCOS,cultura_para_fungos,2025,26,0.3333,1,0.0,0.0,4.0,sem_silencio_aparente,Manter acompanhamento de rotina.,sklearn_gb_v1,sklearn_v1
SAO PAULO,zika,2025,34,0.3333,1,1.4285714285714286,0.0,0.0,sem_silencio_aparente,Manter acompanhamento de rotina.,sklearn_gb_v1,sklearn_v1
SAO JOSE DOS QUATRO MARCOS,hepatite_b_hbv,2025,22,0.3333,1,0.0,0.0,4.0,sem_silencio_aparente,Manter acompanhamento de rotina.,sklearn_gb_v1,sklearn_v1
MACEIO,dengue,2025,20,0.3333,1,1.4,0.0,0.0,sem_silencio_aparente,Manter acompanhamento de rotina.,sklearn_gb_v1,sklearn_v1
PALMAS,zika,2025,19,0.3333,1,1.4,0.0,0.0,sem_silencio_aparente,Manter acompanhamento de rotina.,sklearn_gb_v1,sklearn_v1
MATUPA,rubeola_igm,2025,10,0.3333,1,0.0,0.0,4.0,sem_silencio_aparente,Manter acompanhamento de rotina.,sklearn_gb_v1,sklearn_v1
MATUPA,varicela_zoster_biologia_molecular,2025,31,0.3333,1,0.0,0.0,4.0,sem_silencio_aparente,Manter acompanhamento de rotina.,sklearn_gb_v1,sklearn_v1
ALTAMIRA,zika,2025,22,0.3333,1,1.4,0.0,0.0,sem_silencio_aparente,Manter acompanhamento de rotina.,sklearn_gb_v1,sklearn_v1
TUCURUI,chikungunya,2025,28,0.3333,1,1.4,0.0,0.0,sem_silencio_aparente,Manter acompanhamento de rotina.,sklearn_gb_v1,sklearn_v1
SAO JOSE DOS QUATRO MARCOS,toxoplasmose_igg,2025,21,0.3333,1,0.0,0.0,4.0,sem_silencio_aparente,Manter acompanhamento de rotina.,sklearn_gb_v1,sklearn_v1
SAO JOSE DOS QUATRO MARCOS,fungos,2025,26,0.3333,1,0.0,0.0,4.0,sem_silencio_aparente,Manter acompanhamento de rotina.,sklearn_gb_v1,sklearn_v1
MATUPA,rubeola_igg,2025,10,0.3333,1,0.0,0.0,4.0,sem_silencio_aparente,Manter acompanhamento de rotina.,sklearn_gb_v1,sklearn_v1
PARAUAPEBAS,zika,2025,15,0.3333,1,1.4,0.0,0.0,sem_silencio_aparente,Manter acompanhamento de rotina.,sklearn_gb_v1,sklearn_v1
CAMPOS DE JULIO,virus_respiratorios,2025,22,0.3329,1,0.0,0.0,4.0,sem_silencio_aparente,Manter acompanhamento de rotina.,sklearn_gb_v1,sklearn_v1
CAMPOS DE JULIO,fungos,2025,23,0.3329,1,0.0,0.0,4.0,sem_silencio_aparente,Manter acompanhamento de rotina.,sklearn_gb_v1,sklearn_v1
ARENAPOLIS,tuberculose_lf_lam,2024,46,0.3329,1,0.0,0.0,4.0,sem_silencio_aparente,Manter acompanhamento de rotina.,sklearn_gb_v1,sklearn_v1
ARENAPOLIS,influenza_b,2025,8,0.3329,1,0.0,0.0,4.0,sem_silencio_aparente,Manter acompanhamento de rotina.,sklearn_gb_v1,sklearn_v1
ARENAPOLIS,rubeola_igm,2024,30,0.3329,1,0.0,0.0,4.0,sem_silencio_aparente,Manter acompanhamento de rotina.,sklearn_gb_v1,sklearn_v1
ARENAPOLIS,variola,2025,33,0.3329,1,0.0,0.0,4.0,sem_silencio_aparente,Manter acompanhamento de rotina.,sklearn_gb_v1,sklearn_v1
ARENAPOLIS,virus_respiratorios,2025,8,0.3329,1,0.0,0.0,4.0,sem_silencio_aparente,Manter acompanhamento de rotina.,sklearn_gb_v1,sklearn_v1
CAMPOS DE JULIO,influenza_a,2025,22,0.3329,1,0.0,0.0,4.0,sem_silencio_aparente,Manter acompanhamento de rotina.,sklearn_gb_v1,sklearn_v1
ARENAPOLIS,influenza_a,2025,8,0.3329,1,0.0,0.0,4.0,sem_silencio_aparente,Manter acompanhamento de rotina.,sklearn_gb_v1,sklearn_v1
CAMPOS DE JULIO,cultura_para_fungos,2025,23,0.3329,1,0.0,0.0,4.0,sem_silencio_aparente,Manter acompanhamento de rotina.,sklearn_gb_v1,sklearn_v1
CAMPOS DE JULIO,influenza_b,2025,22,0.3329,1,0.0,0.0,4.0,sem_silencio_aparente,Manter acompanhamento de rotina.,sklearn_gb_v1,sklearn_v1
ROSARIO OESTE,tuberculose,2025,13,0.3325,1,0.0,0.0,4.0,sem_silencio_aparente,Manter acompanhamento de rotina.,sklearn_gb_v1,sklearn_v1
ROSARIO OESTE,rifampicina,2025,44,0.3325,1,0.0,0.0,4.0,sem_silencio_aparente,Manter acompanhamento de rotina.,sklearn_gb_v1,sklearn_v1
ROSARIO OESTE,chagas_igg,2025,20,0.3325,1,0.0,0.0,4.0,sem_silencio_aparente,Manter acompanhamento de rotina.,sklearn_gb_v1,sklearn_v1
ROSARIO OESTE,chagas,2025,20,0.3325,1,0.0,0.0,4.0,sem_silencio_aparente,Manter acompanhamento de rotina.,sklearn_gb_v1,sklearn_v1
ROSARIO OESTE,criptococos_teste_rapido,2025,33,0.3325,1,0.0,0.0,4.0,sem_silencio_aparente,Manter acompanhamento de rotina.,sklearn_gb_v1,sklearn_v1
ITAUBA,virus_respiratorios,2025,15,0.3324,2,0.0,0.0,4.0,sem_silencio_aparente,Manter acompanhamento de rotina.,sklearn_gb_v1,sklearn_v1
MATUPA,cultura_para_fungos,2025,20,0.3322,1,0.0,0.0,4.0,sem_silencio_aparente,Manter acompanhamento de rotina.,sklearn_gb_v1,sklearn_v1
MATUPA,hiv,2025,24,0.3322,1,0.0,0.0,4.0,sem_silencio_aparente,Manter acompanhamento de rotina.,sklearn_gb_v1,sklearn_v1
MATUPA,chagas_igg,2025,31,0.3322,1,0.0,0.0,4.0,sem_silencio_aparente,Manter acompanhamento de rotina.,sklearn_gb_v1,sklearn_v1
MATUPA,chagas,2025,31,0.3322,1,0.0,0.0,4.0,sem_silencio_aparente,Manter acompanhamento de rotina.,sklearn_gb_v1,sklearn_v1
MATUPA,fungos,2025,20,0.3322,1,0.0,0.0,4.0,sem_silencio_aparente,Manter acompanhamento de rotina.,sklearn_gb_v1,sklearn_v1
DIAMANTINO,sarampo_igg,2025,8,0.3322,1,0.0,0.0,4.0,sem_silencio_aparente,Manter acompanhamento de rotina.,sklearn_gb_v1,sklearn_v1
DIAMANTINO,sarampo_igm,2025,8,0.3322,1,0.0,0.0,4.0,sem_silencio_aparente,Manter acompanhamento de rotina.,sklearn_gb_v1,sklearn_v1
SAO JOSE DOS QUATRO MARCOS,meningite_bacteriana_biologia_molecular,2025,7,0.3322,1,0.0,0.0,4.0,sem_silencio_aparente,Manter acompanhamento de rotina.,sklearn_gb_v1,sklearn_v1
DIAMANTINO,chagas_igg,2025,24,0.3322,1,0.0,0.0,4.0,sem_silencio_aparente,Manter acompanhamento de rotina.,sklearn_gb_v1,sklearn_v1
DIAMANTINO,chagas,2025,24,0.3322,1,0.0,0.0,4.0,sem_silencio_aparente,Manter acompanhamento de rotina.,sklearn_gb_v1,sklearn_v1
DIAMANTINO,tuberculose,2025,30,0.3322,1,0.0,0.0,4.0,sem_silencio_aparente,Manter acompanhamento de rotina.,sklearn_gb_v1,sklearn_v1
DIAMANTINO,rifampicina,2025,31,0.3322,1,0.0,0.0,4.0,sem_silencio_aparente,Manter acompanhamento de rotina.,sklearn_gb_v1,sklearn_v1
DIAMANTINO,leptospira,2025,7,0.3322,1,0.0,0.0,4.0,sem_silencio_aparente,Manter acompanhamento de rotina.,sklearn_gb_v1,sklearn_v1
SAO JOSE DOS QUATRO MARCOS,leptospira,2024,25,0.3322,1,0.0,0.0,4.0,sem_silencio_aparente,Manter acompanhamento de rotina.,sklearn_gb_v1,sklearn_v1
SAO JOSE DOS QUATRO MARCOS,toxoplasmose_igm,2025,21,0.3322,1,0.0,0.0,4.0,sem_silencio_aparente,Manter acompanhamento de rotina.,sklearn_gb_v1,sklearn_v1
SAO JOSE DOS QUATRO MARCOS,tuberculose,2025,28,0.3322,1,0.0,1.0,4.0,sem_silencio_aparente,Manter acompanhamento de rotina.,sklearn_gb_v1,sklearn_v1
CAMPINAPOLIS,rubeola_igg,2024,27,0.3322,4,0.0,0.0,4.0,sem_silencio_aparente,Manter acompanhamento de rotina.,sklearn_gb_v1,sklearn_v1
SAO JOSE DOS QUATRO MARCOS,tuberculose_lf_lam,2024,44,0.3322,1,0.0,0.0,4.0,sem_silencio_aparente,Manter acompanhamento de rotina.,sklearn_gb_v1,sklearn_v1
SAO JOSE DOS QUATRO MARCOS,virus_respiratorios,2025,26,0.3322,1,0.0,0.0,4.0,sem_silencio_aparente,Manter acompanhamento de rotina.,sklearn_gb_v1,sklearn_v1
SAO JOSE DOS QUATRO MARCOS,fungos_teste_de_sensibilidade,2025,26,0.3322,1,0.0,0.0,4.0,sem_silencio_aparente,Manter acompanhamento de rotina.,sklearn_gb_v1,sklearn_v1
MATUPA,virus_respiratorios,2024,32,0.3322,1,0.0,0.0,4.0,sem_silencio_aparente,Manter acompanhamento de rotina.,sklearn_gb_v1,sklearn_v1
DIAMANTINO,bacterias_teste_de_sensibilidade,2025,11,0.3322,1,0.0,0.0,4.0,sem_silencio_aparente,Manter acompanhamento de rotina.,sklearn_gb_v1,sklearn_v1
DIAMANTINO,brucelose,2025,8,0.3322,1,0.0,0.0,4.0,sem_silencio_aparente,Manter acompanhamento de rotina.,sklearn_gb_v1,sklearn_v1
SAO JOSE DOS QUATRO MARCOS,leishmaniose_visceral_humana_teste_rapido,2025,16,0.3322,1,0.0,0.0,4.0,sem_silencio_aparente,Manter acompanhamento de rotina.,sklearn_gb_v1,sklearn_v1
SAO JOSE DOS QUATRO MARCOS,hepatite_c_hcv,2024,31,0.3322,1,0.0,0.0,4.0,sem_silencio_aparente,Manter acompanhamento de rotina.,sklearn_gb_v1,sklearn_v1
DIAMANTINO,brucelose_igg,2025,8,0.3322,1,0.0,0.0,4.0,sem_silencio_aparente,Manter acompanhamento de rotina.,sklearn_gb_v1,sklearn_v1
MATUPA,sars_cov_2,2025,30,0.3322,1,0.0,0.0,4.0,sem_silencio_aparente,Manter acompanhamento de rotina.,sklearn_gb_v1,sklearn_v1
MATUPA,oropouche_biologia_molecular,2025,15,0.3322,1,0.0,0.0,4.0,sem_silencio_aparente,Manter acompanhamento de rotina.,sklearn_gb_v1,sklearn_v1
MATUPA,mayaro_biologia_molecular,2025,15,0.3322,1,0.0,0.0,4.0,sem_silencio_aparente,Manter acompanhamento de rotina.,sklearn_gb_v1,sklearn_v1
MATUPA,leptospira,2024,24,0.3322,1,0.0,0.0,4.0,sem_silencio_aparente,Manter acompanhamento de rotina.,sklearn_gb_v1,sklearn_v1
DIAMANTINO,brucelose_igm,2025,8,0.3322,1,0.0,0.0,4.0,sem_silencio_aparente,Manter acompanhamento de rotina.,sklearn_gb_v1,sklearn_v1
CAMPINAPOLIS,bacterias_teste_de_sensibilidade,2024,30,0.332,2,0.0,0.0,4.0,sem_silencio_aparente,Manter acompanhamento de rotina.,sklearn_gb_v1,sklearn_v1
CAMPINAPOLIS,pesquisa_de_genes_de_resistencia,2024,30,0.332,2,0.0,0.0,4.0,sem_silencio_aparente,Manter acompanhamento de rotina.,sklearn_gb_v1,sklearn_v1
ALTO GARCAS,hepatite_c_hcv,2025,22,0.3318,1,0.0,0.0,4.0,sem_silencio_aparente,Manter acompanhamento de rotina.,sklearn_gb_v1,sklearn_v1
ALTO TAQUARI,hepatite_b_hbv,2025,29,0.3318,1,0.0,0.0,4.0,sem_silencio_aparente,Manter acompanhamento de rotina.,sklearn_gb_v1,sklearn_v1
ALTO GARCAS,sarampo_igg,2025,40,0.3318,1,0.0,0.0,4.0,sem_silencio_aparente,Manter acompanhamento de rotina.,sklearn_gb_v1,sklearn_v1
BARRA DO BUGRES,hepatite_c_hcv,2026,8,0.331,1,1.5,0.0,0.0,sem_silencio_aparente,Manter acompanhamento de rotina.,sklearn_gb_v1,sklearn_v1
ALTO GARCAS,influenza_b,2025,32,0.3308,1,0.0,0.0,4.0,sem_silencio_aparente,Manter acompanhamento de rotina.,sklearn_gb_v1,sklearn_v1
ALTO GARCAS,sarampo_igm,2025,40,0.3308,1,0.0,0.0,4.0,sem_silencio_aparente,Manter acompanhamento de rotina.,sklearn_gb_v1,sklearn_v1
ALTO GARCAS,influenza_a,2025,32,0.3308,1,0.0,0.0,4.0,sem_silencio_aparente,Manter acompanhamento de rotina.,sklearn_gb_v1,sklearn_v1
ALTO TAQUARI,fungos,2025,20,0.3308,1,0.0,0.0,4.0,sem_silencio_aparente,Manter acompanhamento de rotina.,sklearn_gb_v1,sklearn_v1
ALTO TAQUARI,cultura_para_fungos,2025,20,0.3308,1,0.0,0.0,4.0,sem_silencio_aparente,Manter acompanhamento de rotina.,sklearn_gb_v1,sklearn_v1
ALTO GARCAS,sarampo_biologia_molecular,2025,40,0.3308,1,0.0,0.0,4.0,sem_silencio_aparente,Manter acompanhamento de rotina.,sklearn_gb_v1,sklearn_v1
ALTO GARCAS,hepatite_b_hbv,2025,27,0.3308,1,0.0,0.0,4.0,sem_silencio_aparente,Manter acompanhamento de rotina.,sklearn_gb_v1,sklearn_v1
ALTO TAQUARI,virus_respiratorios,2025,23,0.3308,1,0.0,0.0,4.0,sem_silencio_aparente,Manter acompanhamento de rotina.,sklearn_gb_v1,sklearn_v1
ALTO TAQUARI,zika,2025,17,0.3308,1,0.0,1.0,4.0,sem_silencio_aparente,Manter acompanhamento de rotina.,sklearn_gb_v1,sklearn_v1
ALTO GARCAS,sars_cov_2,2025,32,0.3308,1,0.0,0.0,4.0,sem_silencio_aparente,Manter acompanhamento de rotina.,sklearn_gb_v1,sklearn_v1
ALTO TAQUARI,influenza_b,2025,23,0.3308,1,0.0,0.0,4.0,sem_silencio_aparente,Manter acompanhamento de rotina.,sklearn_gb_v1,sklearn_v1
ALTO TAQUARI,leptospira,2025,23,0.3308,1,0.0,1.0,4.0,sem_silencio_aparente,Manter acompanhamento de rotina.,sklearn_gb_v1,sklearn_v1
ALTO TAQUARI,rotavirus,2024,32,0.3308,1,0.0,0.0,4.0,sem_silencio_aparente,Manter acompanhamento de rotina.,sklearn_gb_v1,sklearn_v1
ALTO TAQUARI,hepatite_c_hcv,2025,31,0.3308,1,0.0,0.0,4.0,sem_silencio_aparente,Manter acompanhamento de rotina.,sklearn_gb_v1,sklearn_v1
ALTO TAQUARI,influenza_a,2025,23,0.3308,1,0.0,0.0,4.0,sem_silencio_aparente,Manter acompanhamento de rotina.,sklearn_gb_v1,sklearn_v1
ALTO TAQUARI,neisseria_gonorrhoeae,2024,32,0.3308,1,0.0,0.0,4.0,sem_silencio_aparente,Manter acompanhamento de rotina.,sklearn_gb_v1,sklearn_v1
BREJOLANDIA,dengue,2025,1,0.3302,6,0.0,0.0,4.0,sem_silencio_aparente,Manter acompanhamento de rotina.,sklearn_gb_v1,sklearn_v1
COCALZINHO DE GOIAS,dengue,2025,1,0.3302,6,0.0,0.0,4.0,sem_silencio_aparente,Manter acompanhamento de rotina.,sklearn_gb_v1,sklearn_v1
IGARAPE DO MEIO,dengue,2025,18,0.3302,6,0.0,0.0,4.0,sem_silencio_aparente,Manter acompanhamento de rotina.,sklearn_gb_v1,sklearn_v1
CORUMBIARA,dengue,2025,3,0.3302,6,0.0,0.0,4.0,sem_silencio_aparente,Manter acompanhamento de rotina.,sklearn_gb_v1,sklearn_v1
VILA BELA DA SANTISSIMA TRINDADE,tuberculose_cultura,2025,27,0.3302,2,0.0,0.0,4.0,sem_silencio_aparente,Manter acompanhamento de rotina.,sklearn_gb_v1,sklearn_v1
REDENCAO,dengue,2025,19,0.3302,6,0.0,0.0,4.0,sem_silencio_aparente,Manter acompanhamento de rotina.,sklearn_gb_v1,sklearn_v1
NOVO MUNDO,leptospira,2024,22,0.3299,2,0.0,1.0,4.0,sem_silencio_aparente,Manter acompanhamento de rotina.,sklearn_gb_v1,sklearn_v1
SANTO ANTONIO DO LEVERGER,paracoccidioidomicose,2025,3,0.3298,1,0.0,0.0,4.0,sem_silencio_aparente,Manter acompanhamento de rotina.,sklearn_gb_v1,sklearn_v1
SANTO ANTONIO DO LEVERGER,aspergilose,2025,4,0.3298,1,0.0,0.0,4.0,sem_silencio_aparente,Manter acompanhamento de rotina.,sklearn_gb_v1,sklearn_v1
SANTO ANTONIO DO LEVERGER,bacterias_teste_de_sensibilidade,2025,24,0.3298,1,0.0,0.0,4.0,sem_silencio_aparente,Manter acompanhamento de rotina.,sklearn_gb_v1,sklearn_v1
SANTO ANTONIO DO LEVERGER,tuberculose_cultura,2025,11,0.3298,1,0.0,0.0,4.0,sem_silencio_aparente,Manter acompanhamento de rotina.,sklearn_gb_v1,sklearn_v1
SANTO ANTONIO DO LEVERGER,histoplasmose,2025,4,0.3298,1,0.0,0.0,4.0,sem_silencio_aparente,Manter acompanhamento de rotina.,sklearn_gb_v1,sklearn_v1
SANTO ANTONIO DO LEVERGER,tuberculose,2025,34,0.3298,1,0.0,0.0,4.0,sem_silencio_aparente,Manter acompanhamento de rotina.,sklearn_gb_v1,sklearn_v1
SALTO DO CEU,zika,2026,13,0.3296,1,1.5,0.0,0.0,sem_silencio_aparente,Manter acompanhamento de rotina.,sklearn_gb_v1,sklearn_v1
MARCELANDIA,fungos,2025,19,0.3295,1,0.0,0.0,4.0,sem_silencio_aparente,Manter acompanhamento de rotina.,sklearn_gb_v1,sklearn_v1
MARCELANDIA,sars_cov_2,2025,33,0.3295,1,0.0,0.0,4.0,sem_silencio_aparente,Manter acompanhamento de rotina.,sklearn_gb_v1,sklearn_v1
MARCELANDIA,cultura_para_fungos,2025,19,0.3295,1,0.0,0.0,4.0,sem_silencio_aparente,Manter acompanhamento de rotina.,sklearn_gb_v1,sklearn_v1
TAPURAH,brucelose_igm,2025,2,0.3292,1,0.0,0.0,4.0,sem_silencio_aparente,Manter acompanhamento de rotina.,sklearn_gb_v1,sklearn_v1
ARAPUTANGA,varicela_zoster_biologia_molecular,2025,21,0.3292,1,0.0,0.0,4.0,sem_silencio_aparente,Manter acompanhamento de rotina.,sklearn_gb_v1,sklearn_v1
ARAPUTANGA,rubeola_igg,2025,34,0.3292,1,0.0,0.0,4.0,sem_silencio_aparente,Manter acompanhamento de rotina.,sklearn_gb_v1,sklearn_v1
ARAPUTANGA,citomegalovirus_igg,2024,36,0.3292,1,0.0,0.0,4.0,sem_silencio_aparente,Manter acompanhamento de rotina.,sklearn_gb_v1,sklearn_v1
ARAPUTANGA,rubeola_igm,2025,34,0.3292,1,0.0,0.0,4.0,sem_silencio_aparente,Manter acompanhamento de rotina.,sklearn_gb_v1,sklearn_v1
TAPURAH,brucelose_igg,2025,2,0.3292,1,0.0,0.0,4.0,sem_silencio_aparente,Manter acompanhamento de rotina.,sklearn_gb_v1,sklearn_v1
ARAPUTANGA,cultura_para_fungos,2025,31,0.3292,1,0.0,0.0,4.0,sem_silencio_aparente,Manter acompanhamento de rotina.,sklearn_gb_v1,sklearn_v1
TAPURAH,brucelose,2025,2,0.3292,1,0.0,0.0,4.0,sem_silencio_aparente,Manter acompanhamento de rotina.,sklearn_gb_v1,sklearn_v1
NOVA MONTE VERDE,chagas,2025,28,0.3287,1,0.0,0.0,4.0,sem_silencio_aparente,Manter acompanhamento de rotina.,sklearn_gb_v1,sklearn_v1
NOVA MONTE VERDE,sars_cov_2,2025,34,0.3287,1,0.0,0.0,4.0,sem_silencio_aparente,Manter acompanhamento de rotina.,sklearn_gb_v1,sklearn_v1
NOVA MONTE VERDE,sarampo_igg,2025,35,0.3287,1,0.0,0.0,4.0,sem_silencio_aparente,Manter acompanhamento de rotina.,sklearn_gb_v1,sklearn_v1
NOVA MONTE VERDE,rubeola_igm,2025,35,0.3287,1,0.0,0.0,4.0,sem_silencio_aparente,Manter acompanhamento de rotina.,sklearn_gb_v1,sklearn_v1
NOVA MONTE VERDE,rubeola_igg,2025,35,0.3287,1,0.0,0.0,4.0,sem_silencio_aparente,Manter acompanhamento de rotina.,sklearn_gb_v1,sklearn_v1
NOVA MONTE VERDE,influenza_b,2025,35,0.3287,1,0.0,0.0,4.0,sem_silencio_aparente,Manter acompanhamento de rotina.,sklearn_gb_v1,sklearn_v1
NOVA MONTE VERDE,influenza_a,2025,35,0.3287,1,0.0,0.0,4.0,sem_silencio_aparente,Manter acompanhamento de rotina.,sklearn_gb_v1,sklearn_v1
NOVA MONTE VERDE,virus_respiratorios,2025,35,0.3287,1,0.0,0.0,4.0,sem_silencio_aparente,Manter acompanhamento de rotina.,sklearn_gb_v1,sklearn_v1
NOVA MONTE VERDE,tuberculose_cultura,2025,11,0.3287,1,0.0,0.0,4.0,sem_silencio_aparente,Manter acompanhamento de rotina.,sklearn_gb_v1,sklearn_v1
TAPURAH,chagas_igg,2025,30,0.3282,1,0.0,0.0,4.0,sem_silencio_aparente,Manter acompanhamento de rotina.,sklearn_gb_v1,sklearn_v1
TAPURAH,virus_respiratorios,2025,17,0.3282,1,0.0,0.0,4.0,sem_silencio_aparente,Manter acompanhamento de rotina.,sklearn_gb_v1,sklearn_v1
ARAPUTANGA,bacterias_teste_de_sensibilidade,2025,6,0.3282,1,0.0,0.0,4.0,sem_silencio_aparente,Manter acompanhamento de rotina.,sklearn_gb_v1,sklearn_v1
ARAPUTANGA,variola,2025,21,0.3282,1,0.0,0.0,4.0,sem_silencio_aparente,Manter acompanhamento de rotina.,sklearn_gb_v1,sklearn_v1
ARAPUTANGA,fungos_teste_de_sensibilidade,2025,31,0.3282,1,0.0,0.0,4.0,sem_silencio_aparente,Manter acompanhamento de rotina.,sklearn_gb_v1,sklearn_v1
ARAPUTANGA,tuberculose,2025,12,0.3282,1,0.0,0.0,4.0,sem_silencio_aparente,Manter acompanhamento de rotina.,sklearn_gb_v1,sklearn_v1
ARAPUTANGA,sarampo_igm,2025,34,0.3282,1,0.0,0.0,4.0,sem_silencio_aparente,Manter acompanhamento de rotina.,sklearn_gb_v1,sklearn_v1
ARAPUTANGA,citomegalovirus_igm,2024,36,0.3282,1,0.0,0.0,4.0,sem_silencio_aparente,Manter acompanhamento de rotina.,sklearn_gb_v1,sklearn_v1
TAPURAH,rifampicina,2024,38,0.3282,1,0.0,1.0,4.0,sem_silencio_aparente,Manter acompanhamento de rotina.,sklearn_gb_v1,sklearn_v1
ARAPUTANGA,sarampo_igg,2025,34,0.3282,1,0.0,0.0,4.0,sem_silencio_aparente,Manter acompanhamento de rotina.,sklearn_gb_v1,sklearn_v1
TAPURAH,chagas,2025,30,0.3282,1,0.0,0.0,4.0,sem_silencio_aparente,Manter acompanhamento de rotina.,sklearn_gb_v1,sklearn_v1
TAPURAH,hepatite_b_hbv,2025,27,0.3282,1,0.0,0.0,4.0,sem_silencio_aparente,Manter acompanhamento de rotina.,sklearn_gb_v1,sklearn_v1
ARAPUTANGA,histoplasmose,2024,32,0.3282,1,0.0,0.0,4.0,sem_silencio_aparente,Manter acompanhamento de rotina.,sklearn_gb_v1,sklearn_v1
ARAPUTANGA,paracoccidioidomicose,2024,32,0.3282,1,0.0,0.0,4.0,sem_silencio_aparente,Manter acompanhamento de rotina.,sklearn_gb_v1,sklearn_v1
IGARAPE DO MEIO,hepatite_b_hbv,2025,27,0.3271,6,0.0,0.0,4.0,sem_silencio_aparente,Manter acompanhamento de rotina.,sklearn_gb_v1,sklearn_v1
ANAPOLIS,hepatite_b_hbv,2024,26,0.3271,6,0.0,0.0,4.0,sem_silencio_aparente,Manter acompanhamento de rotina.,sklearn_gb_v1,sklearn_v1
VILHENA,hepatite_b_hbv,2024,50,0.3271,6,0.0,0.0,4.0,sem_silencio_aparente,Manter acompanhamento de rotina.,sklearn_gb_v1,sklearn_v1
ITIQUIRA,virus_respiratorios,2025,22,0.3262,1,0.0,0.0,4.0,sem_silencio_aparente,Manter acompanhamento de rotina.,sklearn_gb_v1,sklearn_v1
MARCELANDIA,encefalite_saint_louis_biologia_molecular,2024,21,0.3262,1,0.0,0.0,4.0,sem_silencio_aparente,Manter acompanhamento de rotina.,sklearn_gb_v1,sklearn_v1
MARCELANDIA,mayaro_biologia_molecular,2024,21,0.3262,1,0.0,0.0,4.0,sem_silencio_aparente,Manter acompanhamento de rotina.,sklearn_gb_v1,sklearn_v1
MARCELANDIA,oropouche_biologia_molecular,2024,21,0.3262,1,0.0,0.0,4.0,sem_silencio_aparente,Manter acompanhamento de rotina.,sklearn_gb_v1,sklearn_v1
MARCELANDIA,febre_do_nilo_ocidental_biologia_molecular,2024,21,0.3262,1,0.0,0.0,4.0,sem_silencio_aparente,Manter acompanhamento de rotina.,sklearn_gb_v1,sklearn_v1
MARCELANDIA,leishmaniose_visceral_humana_teste_rapido,2024,29,0.3262,1,0.0,0.0,4.0,sem_silencio_aparente,Manter acompanhamento de rotina.,sklearn_gb_v1,sklearn_v1
NOBRES,baciloscopia,2024,44,0.3261,1,0.0,0.0,4.0,sem_silencio_aparente,Manter acompanhamento de rotina.,sklearn_gb_v1,sklearn_v1
CAMPOS DE JULIO,rifampicina,2024,31,0.3261,1,0.0,0.0,4.0,sem_silencio_aparente,Manter acompanhamento de rotina.,sklearn_gb_v1,sklearn_v1
CLAUDIA,hepatite_c_hcv,2025,51,0.3261,1,0.0,0.0,4.0,sem_silencio_aparente,Manter acompanhamento de rotina.,sklearn_gb_v1,sklearn_v1
NOBRES,leishmaniose_visceral_humana_teste_rapido,2025,17,0.3261,1,0.0,0.0,4.0,sem_silencio_aparente,Manter acompanhamento de rotina.,sklearn_gb_v1,sklearn_v1
CLAUDIA,influenza_a,2024,30,0.3261,1,0.0,0.0,4.0,sem_silencio_aparente,Manter acompanhamento de rotina.,sklearn_gb_v1,sklearn_v1
CLAUDIA,influenza_b,2024,30,0.3261,1,0.0,0.0,4.0,sem_silencio_aparente,Manter acompanhamento de rotina.,sklearn_gb_v1,sklearn_v1
CLAUDIA,virus_respiratorios,2024,30,0.3261,1,0.0,0.0,4.0,sem_silencio_aparente,Manter acompanhamento de rotina.,sklearn_gb_v1,sklearn_v1
GOIANESIA DO PARA,chikungunya,2025,11,0.3258,1,1.25,0.0,0.0,sem_silencio_aparente,Manter acompanhamento de rotina.,sklearn_gb_v1,sklearn_v1
MIRASSOL D''OESTE,hepatite_b_hbv,2026,16,0.3258,1,1.375,0.0,0.0,sem_silencio_aparente,Manter acompanhamento de rotina.,sklearn_gb_v1,sklearn_v1
ROSARIO OESTE,tuberculose_lf_lam,2026,17,0.3255,1,1.2,0.0,0.0,sem_silencio_aparente,Manter acompanhamento de rotina.,sklearn_gb_v1,sklearn_v1
JAURU,sars_cov_2,2024,52,0.325,1,0.0,0.0,4.0,sem_silencio_aparente,Manter acompanhamento de rotina.,sklearn_gb_v1,sklearn_v1
FIGUEIROPOLIS D''OESTE,dengue,2025,13,0.3248,1,1.25,0.0,0.0,sem_silencio_aparente,Manter acompanhamento de rotina.,sklearn_gb_v1,sklearn_v1
CURITIBA,zika,2025,15,0.3248,1,1.25,0.0,0.0,sem_silencio_aparente,Manter acompanhamento de rotina.,sklearn_gb_v1,sklearn_v1
NOVO PROGRESSO,dengue,2025,24,0.3248,1,1.375,0.0,0.0,sem_silencio_aparente,Manter acompanhamento de rotina.,sklearn_gb_v1,sklearn_v1
ARIQUEMES,dengue,2025,19,0.3248,1,1.2857142857142858,0.0,0.0,sem_silencio_aparente,Manter acompanhamento de rotina.,sklearn_gb_v1,sklearn_v1
ALTAMIRA,dengue,2025,22,0.3248,1,1.3333333333333333,0.0,0.0,sem_silencio_aparente,Manter acompanhamento de rotina.,sklearn_gb_v1,sklearn_v1
PACARAIMA,zika,2025,34,0.3248,1,1.25,0.0,0.0,sem_silencio_aparente,Manter acompanhamento de rotina.,sklearn_gb_v1,sklearn_v1
SERRA,chikungunya,2025,29,0.3248,1,1.25,0.0,0.0,sem_silencio_aparente,Manter acompanhamento de rotina.,sklearn_gb_v1,sklearn_v1
ROLIM DE MOURA,zika,2025,19,0.3248,1,1.3333333333333333,0.0,0.0,sem_silencio_aparente,Manter acompanhamento de rotina.,sklearn_gb_v1,sklearn_v1
MACEIO,zika,2025,20,0.3248,1,1.25,0.0,0.0,sem_silencio_aparente,Manter acompanhamento de rotina.,sklearn_gb_v1,sklearn_v1
SANTAREM,zika,2025,25,0.3248,1,1.375,0.0,0.0,sem_silencio_aparente,Manter acompanhamento de rotina.,sklearn_gb_v1,sklearn_v1
FLORIANOPOLIS,dengue,2025,15,0.3248,1,1.25,0.0,0.0,sem_silencio_aparente,Manter acompanhamento de rotina.,sklearn_gb_v1,sklearn_v1
BOM JESUS DAS SELVAS,chikungunya,2025,25,0.3248,1,1.25,0.0,0.0,sem_silencio_aparente,Manter acompanhamento de rotina.,sklearn_gb_v1,sklearn_v1
FORTALEZA,zika,2025,22,0.3248,1,1.25,0.0,0.0,sem_silencio_aparente,Manter acompanhamento de rotina.,sklearn_gb_v1,sklearn_v1
ARIQUEMES,zika,2025,19,0.3248,1,1.2857142857142858,0.0,0.0,sem_silencio_aparente,Manter acompanhamento de rotina.,sklearn_gb_v1,sklearn_v1
GLORIA D''OESTE,dengue,2025,20,0.3248,1,1.3333333333333333,0.0,0.0,sem_silencio_aparente,Manter acompanhamento de rotina.,sklearn_gb_v1,sklearn_v1
SAO LUIS,dengue,2025,25,0.3248,1,1.375,0.0,0.0,sem_silencio_aparente,Manter acompanhamento de rotina.,sklearn_gb_v1,sklearn_v1
MINEIROS,dengue,2025,26,0.3248,1,1.25,0.0,0.0,sem_silencio_aparente,Manter acompanhamento de rotina.,sklearn_gb_v1,sklearn_v1
MONTE ALEGRE,dengue,2025,20,0.3248,1,1.25,0.0,0.0,sem_silencio_aparente,Manter acompanhamento de rotina.,sklearn_gb_v1,sklearn_v1
SERRA,zika,2025,29,0.3248,1,1.25,0.0,0.0,sem_silencio_aparente,Manter acompanhamento de rotina.,sklearn_gb_v1,sklearn_v1
TABAPORA,hepatite_c_hcv,2025,14,0.3234,1,0.0,0.0,4.0,sem_silencio_aparente,Manter acompanhamento de rotina.,sklearn_gb_v1,sklearn_v1
COMODORO,tuberculose,2025,26,0.3228,1,0.0,0.0,4.0,sem_silencio_aparente,Manter acompanhamento de rotina.,sklearn_gb_v1,sklearn_v1
PEDRA PRETA,cultura_para_fungos,2024,33,0.3228,1,0.0,0.0,4.0,sem_silencio_aparente,Manter acompanhamento de rotina.,sklearn_gb_v1,sklearn_v1
PEDRA PRETA,fungos,2024,33,0.3228,1,0.0,0.0,4.0,sem_silencio_aparente,Manter acompanhamento de rotina.,sklearn_gb_v1,sklearn_v1
RESERVA DO CABACAL,chikungunya,2025,28,0.3225,1,1.75,0.0,0.0,sem_silencio_aparente,Manter acompanhamento de rotina.,sklearn_gb_v1,sklearn_v1
VERA,influenza_a,2025,24,0.3224,1,0.0,0.0,4.0,sem_silencio_aparente,Manter acompanhamento de rotina.,sklearn_gb_v1,sklearn_v1
VERA,influenza_b,2025,24,0.3224,1,0.0,0.0,4.0,sem_silencio_aparente,Manter acompanhamento de rotina.,sklearn_gb_v1,sklearn_v1
TERRA NOVA DO NORTE,sarampo_igm,2025,27,0.3224,1,0.0,0.0,4.0,sem_silencio_aparente,Manter acompanhamento de rotina.,sklearn_gb_v1,sklearn_v1
TERRA NOVA DO NORTE,tuberculose_cultura,2025,28,0.3224,1,0.0,0.0,4.0,sem_silencio_aparente,Manter acompanhamento de rotina.,sklearn_gb_v1,sklearn_v1
TERRA NOVA DO NORTE,rubeola_igm,2025,27,0.3224,1,0.0,0.0,4.0,sem_silencio_aparente,Manter acompanhamento de rotina.,sklearn_gb_v1,sklearn_v1
TERRA NOVA DO NORTE,rubeola_igg,2025,27,0.3224,1,0.0,0.0,4.0,sem_silencio_aparente,Manter acompanhamento de rotina.,sklearn_gb_v1,sklearn_v1
TABAPORA,neisseria_gonorrhoeae,2025,27,0.3224,1,0.0,0.0,4.0,sem_silencio_aparente,Manter acompanhamento de rotina.,sklearn_gb_v1,sklearn_v1
TERRA NOVA DO NORTE,leptospira,2024,31,0.3224,1,0.0,0.0,4.0,sem_silencio_aparente,Manter acompanhamento de rotina.,sklearn_gb_v1,sklearn_v1
TERRA NOVA DO NORTE,influenza_a,2025,27,0.3224,1,0.0,0.0,4.0,sem_silencio_aparente,Manter acompanhamento de rotina.,sklearn_gb_v1,sklearn_v1
TERRA NOVA DO NORTE,hepatite_c_hcv,2025,30,0.3224,1,0.0,0.0,4.0,sem_silencio_aparente,Manter acompanhamento de rotina.,sklearn_gb_v1,sklearn_v1
TERRA NOVA DO NORTE,hepatite_d_hdv,2024,27,0.3224,1,0.0,0.0,4.0,sem_silencio_aparente,Manter acompanhamento de rotina.,sklearn_gb_v1,sklearn_v1
FELIZ NATAL,aspergilose,2024,23,0.3224,1,0.0,0.0,4.0,sem_silencio_aparente,Manter acompanhamento de rotina.,sklearn_gb_v1,sklearn_v1
TERRA NOVA DO NORTE,influenza_b,2025,27,0.3224,1,0.0,0.0,4.0,sem_silencio_aparente,Manter acompanhamento de rotina.,sklearn_gb_v1,sklearn_v1
TERRA NOVA DO NORTE,sarampo_igg,2025,27,0.3224,1,0.0,0.0,4.0,sem_silencio_aparente,Manter acompanhamento de rotina.,sklearn_gb_v1,sklearn_v1
TERRA NOVA DO NORTE,virus_respiratorios,2025,27,0.3224,1,0.0,0.0,4.0,sem_silencio_aparente,Manter acompanhamento de rotina.,sklearn_gb_v1,sklearn_v1
FELIZ NATAL,histoplasmose,2024,23,0.3224,1,0.0,0.0,4.0,sem_silencio_aparente,Manter acompanhamento de rotina.,sklearn_gb_v1,sklearn_v1
FELIZ NATAL,cultura_para_fungos,2025,29,0.3224,1,0.0,0.0,4.0,sem_silencio_aparente,Manter acompanhamento de rotina.,sklearn_gb_v1,sklearn_v1
FELIZ NATAL,fungos,2025,29,0.3224,1,0.0,0.0,4.0,sem_silencio_aparente,Manter acompanhamento de rotina.,sklearn_gb_v1,sklearn_v1
FELIZ NATAL,leishmaniose_visceral_humana_teste_rapido,2025,7,0.3224,1,0.0,0.0,4.0,sem_silencio_aparente,Manter acompanhamento de rotina.,sklearn_gb_v1,sklearn_v1
VERA,hepatite_c_hcv,2024,41,0.3224,1,0.0,0.0,4.0,sem_silencio_aparente,Manter acompanhamento de rotina.,sklearn_gb_v1,sklearn_v1
VERA,tuberculose_lf_lam,2024,41,0.3224,1,0.0,0.0,4.0,sem_silencio_aparente,Manter acompanhamento de rotina.,sklearn_gb_v1,sklearn_v1
VERA,tuberculose,2025,21,0.3224,1,0.0,0.0,4.0,sem_silencio_aparente,Manter acompanhamento de rotina.,sklearn_gb_v1,sklearn_v1
NOBRES,rifampicina,2024,31,0.3222,1,0.0,0.0,4.0,sem_silencio_aparente,Manter acompanhamento de rotina.,sklearn_gb_v1,sklearn_v1
ROSARIO OESTE,oropouche_biologia_molecular,2024,34,0.3222,2,0.0,3.0,4.0,sem_silencio_aparente,Manter acompanhamento de rotina.,sklearn_gb_v1,sklearn_v1
NOBRES,hepatite_c_hcv,2025,4,0.3222,1,0.0,0.0,4.0,sem_silencio_aparente,Manter acompanhamento de rotina.,sklearn_gb_v1,sklearn_v1
NOBRES,tuberculose_cultura,2025,25,0.3222,1,0.0,0.0,4.0,sem_silencio_aparente,Manter acompanhamento de rotina.,sklearn_gb_v1,sklearn_v1
NOBRES,tuberculose_lf_lam,2025,35,0.3222,1,0.0,0.0,4.0,sem_silencio_aparente,Manter acompanhamento de rotina.,sklearn_gb_v1,sklearn_v1
NOBRES,virus_respiratorios,2025,8,0.3222,1,0.0,0.0,4.0,sem_silencio_aparente,Manter acompanhamento de rotina.,sklearn_gb_v1,sklearn_v1
NOBRES,tuberculose,2025,2,0.3222,1,0.0,0.0,4.0,sem_silencio_aparente,Manter acompanhamento de rotina.,sklearn_gb_v1,sklearn_v1
COMODORO,virus_respiratorios,2025,28,0.3218,1,0.0,0.0,4.0,sem_silencio_aparente,Manter acompanhamento de rotina.,sklearn_gb_v1,sklearn_v1
COMODORO,tuberculose_cultura,2025,6,0.3218,1,0.0,0.0,4.0,sem_silencio_aparente,Manter acompanhamento de rotina.,sklearn_gb_v1,sklearn_v1
ALTO ARAGUAIA,fungos,2025,20,0.3218,1,0.0,0.0,4.0,sem_silencio_aparente,Manter acompanhamento de rotina.,sklearn_gb_v1,sklearn_v1
PEDRA PRETA,hepatite_c_hcv,2025,11,0.3218,1,0.0,0.0,4.0,sem_silencio_aparente,Manter acompanhamento de rotina.,sklearn_gb_v1,sklearn_v1
PEDRA PRETA,influenza_a,2024,22,0.3218,1,0.0,0.0,4.0,sem_silencio_aparente,Manter acompanhamento de rotina.,sklearn_gb_v1,sklearn_v1
PEDRA PRETA,influenza_b,2024,22,0.3218,1,0.0,0.0,4.0,sem_silencio_aparente,Manter acompanhamento de rotina.,sklearn_gb_v1,sklearn_v1
ALTO ARAGUAIA,virus_respiratorios,2025,22,0.3218,1,0.0,0.0,4.0,sem_silencio_aparente,Manter acompanhamento de rotina.,sklearn_gb_v1,sklearn_v1
ALTO ARAGUAIA,hepatite_b_hbv,2025,13,0.3218,1,0.0,0.0,4.0,sem_silencio_aparente,Manter acompanhamento de rotina.,sklearn_gb_v1,sklearn_v1
PEDRA PRETA,virus_respiratorios,2024,22,0.3218,1,0.0,0.0,4.0,sem_silencio_aparente,Manter acompanhamento de rotina.,sklearn_gb_v1,sklearn_v1
ALTO ARAGUAIA,dengue,2025,8,0.3218,1,0.0,0.0,4.0,sem_silencio_aparente,Manter acompanhamento de rotina.,sklearn_gb_v1,sklearn_v1
COMODORO,brucelose,2024,30,0.3218,1,0.0,0.0,4.0,sem_silencio_aparente,Manter acompanhamento de rotina.,sklearn_gb_v1,sklearn_v1
ALTO ARAGUAIA,cultura_para_fungos,2025,20,0.3218,1,0.0,0.0,4.0,sem_silencio_aparente,Manter acompanhamento de rotina.,sklearn_gb_v1,sklearn_v1
ALTO ARAGUAIA,tuberculose_cultura,2025,20,0.3218,1,0.0,0.0,4.0,sem_silencio_aparente,Manter acompanhamento de rotina.,sklearn_gb_v1,sklearn_v1
ALTO ARAGUAIA,zika,2025,8,0.3218,1,0.0,0.0,4.0,sem_silencio_aparente,Manter acompanhamento de rotina.,sklearn_gb_v1,sklearn_v1
COMODORO,brucelose_igm,2024,30,0.3218,1,0.0,0.0,4.0,sem_silencio_aparente,Manter acompanhamento de rotina.,sklearn_gb_v1,sklearn_v1
COMODORO,influenza_b,2025,28,0.3218,1,0.0,0.0,4.0,sem_silencio_aparente,Manter acompanhamento de rotina.,sklearn_gb_v1,sklearn_v1
COMODORO,hepatite_c_hcv,2025,16,0.3218,1,0.0,0.0,4.0,sem_silencio_aparente,Manter acompanhamento de rotina.,sklearn_gb_v1,sklearn_v1
COMODORO,influenza_a,2025,28,0.3218,1,0.0,0.0,4.0,sem_silencio_aparente,Manter acompanhamento de rotina.,sklearn_gb_v1,sklearn_v1
ALTO ARAGUAIA,chikungunya,2025,8,0.3218,1,0.0,0.0,4.0,sem_silencio_aparente,Manter acompanhamento de rotina.,sklearn_gb_v1,sklearn_v1
ALTO ARAGUAIA,sars_cov_2,2025,22,0.3218,1,0.0,0.0,4.0,sem_silencio_aparente,Manter acompanhamento de rotina.,sklearn_gb_v1,sklearn_v1
COMODORO,paracoccidioidomicose,2025,6,0.3218,1,0.0,0.0,4.0,sem_silencio_aparente,Manter acompanhamento de rotina.,sklearn_gb_v1,sklearn_v1
COMODORO,sars_cov_2,2025,23,0.3218,1,0.0,0.0,4.0,sem_silencio_aparente,Manter acompanhamento de rotina.,sklearn_gb_v1,sklearn_v1
PEDRA PRETA,tuberculose_cultura,2024,25,0.3218,1,0.0,1.0,4.0,sem_silencio_aparente,Manter acompanhamento de rotina.,sklearn_gb_v1,sklearn_v1
BRASNORTE,hanseniase_biologia_molecular,2025,32,0.3218,1,0.0,0.0,4.0,sem_silencio_aparente,Manter acompanhamento de rotina.,sklearn_gb_v1,sklearn_v1
BRASNORTE,leishmaniose_visceral_humana_teste_rapido,2025,12,0.3218,1,0.0,0.0,4.0,sem_silencio_aparente,Manter acompanhamento de rotina.,sklearn_gb_v1,sklearn_v1
BRASNORTE,hepatite_c_hcv,2025,30,0.3218,1,0.0,0.0,4.0,sem_silencio_aparente,Manter acompanhamento de rotina.,sklearn_gb_v1,sklearn_v1
SAO JOSE DO RIO CLARO,tuberculose_cultura,2025,8,0.3213,1,0.0,0.0,4.0,sem_silencio_aparente,Manter acompanhamento de rotina.,sklearn_gb_v1,sklearn_v1
SAO JOSE DO RIO CLARO,leptospira,2025,34,0.3213,1,0.0,0.0,4.0,sem_silencio_aparente,Manter acompanhamento de rotina.,sklearn_gb_v1,sklearn_v1
NOVA CANAA DO NORTE,influenza,2024,22,0.3213,1,0.0,0.0,4.0,sem_silencio_aparente,Manter acompanhamento de rotina.,sklearn_gb_v1,sklearn_v1
NOVA CANAA DO NORTE,hantavirus,2025,17,0.3203,1,0.0,0.0,4.0,sem_silencio_aparente,Manter acompanhamento de rotina.,sklearn_gb_v1,sklearn_v1
SAO JOSE DO RIO CLARO,tuberculose,2025,4,0.3203,1,0.0,0.0,4.0,sem_silencio_aparente,Manter acompanhamento de rotina.,sklearn_gb_v1,sklearn_v1
NOVA CANAA DO NORTE,sars_cov_2,2025,25,0.3203,1,0.0,0.0,4.0,sem_silencio_aparente,Manter acompanhamento de rotina.,sklearn_gb_v1,sklearn_v1
PARANAITA,hepatite_c_hcv,2025,28,0.3203,1,0.0,0.0,4.0,sem_silencio_aparente,Manter acompanhamento de rotina.,sklearn_gb_v1,sklearn_v1
PARANAITA,paracoccidioidomicose,2025,7,0.3203,1,0.0,0.0,4.0,sem_silencio_aparente,Manter acompanhamento de rotina.,sklearn_gb_v1,sklearn_v1
PARANAITA,leptospira,2024,24,0.3203,1,0.0,0.0,4.0,sem_silencio_aparente,Manter acompanhamento de rotina.,sklearn_gb_v1,sklearn_v1
JUSCIMEIRA,tuberculose_cultura,2025,14,0.3203,1,0.0,0.0,4.0,sem_silencio_aparente,Manter acompanhamento de rotina.,sklearn_gb_v1,sklearn_v1
PARANAITA,tuberculose_lf_lam,2024,47,0.3203,1,0.0,0.0,4.0,sem_silencio_aparente,Manter acompanhamento de rotina.,sklearn_gb_v1,sklearn_v1
PARANAITA,tuberculose,2025,7,0.3203,1,0.0,0.0,4.0,sem_silencio_aparente,Manter acompanhamento de rotina.,sklearn_gb_v1,sklearn_v1
JUSCIMEIRA,fungos,2025,31,0.3203,1,0.0,0.0,4.0,sem_silencio_aparente,Manter acompanhamento de rotina.,sklearn_gb_v1,sklearn_v1
JUSCIMEIRA,leishmaniose_visceral_humana_teste_rapido,2024,49,0.3203,1,0.0,0.0,4.0,sem_silencio_aparente,Manter acompanhamento de rotina.,sklearn_gb_v1,sklearn_v1
SAO JOSE DO RIO CLARO,chagas,2025,27,0.3203,1,0.0,0.0,4.0,sem_silencio_aparente,Manter acompanhamento de rotina.,sklearn_gb_v1,sklearn_v1
SAO JOSE DO RIO CLARO,chagas_igg,2025,27,0.3203,1,0.0,0.0,4.0,sem_silencio_aparente,Manter acompanhamento de rotina.,sklearn_gb_v1,sklearn_v1
COLNIZA,meningite_bacteriana_biologia_molecular,2025,6,0.3195,3,0.0,0.0,4.0,sem_silencio_aparente,Manter acompanhamento de rotina.,sklearn_gb_v1,sklearn_v1
NOVA BANDEIRANTES,influenza_a,2025,20,0.3191,2,0.0,0.0,4.0,sem_silencio_aparente,Manter acompanhamento de rotina.,sklearn_gb_v1,sklearn_v1
NOVA BANDEIRANTES,sars_cov_2,2025,20,0.3191,2,0.0,0.0,4.0,sem_silencio_aparente,Manter acompanhamento de rotina.,sklearn_gb_v1,sklearn_v1
NOVA BANDEIRANTES,pesquisa_de_multipatogenos_ist,2025,2,0.3191,2,0.0,0.0,4.0,sem_silencio_aparente,Manter acompanhamento de rotina.,sklearn_gb_v1,sklearn_v1
NOVA BANDEIRANTES,influenza_b,2025,20,0.3191,2,0.0,0.0,4.0,sem_silencio_aparente,Manter acompanhamento de rotina.,sklearn_gb_v1,sklearn_v1
JANGADA,variola,2024,51,0.3191,2,0.0,0.0,4.0,sem_silencio_aparente,Manter acompanhamento de rotina.,sklearn_gb_v1,sklearn_v1
JANGADA,varicela_zoster_biologia_molecular,2024,51,0.3191,2,0.0,0.0,4.0,sem_silencio_aparente,Manter acompanhamento de rotina.,sklearn_gb_v1,sklearn_v1
PORTO ESPERIDIAO,pesquisa_de_multipatogenos_ist,2025,35,0.3191,2,0.0,0.0,4.0,sem_silencio_aparente,Manter acompanhamento de rotina.,sklearn_gb_v1,sklearn_v1
ARIPUANA,bacterias_teste_de_sensibilidade,2024,26,0.3188,1,0.0,0.0,4.0,sem_silencio_aparente,Manter acompanhamento de rotina.,sklearn_gb_v1,sklearn_v1
BRASNORTE,rubeola_igm,2024,44,0.3187,1,0.0,0.0,4.0,sem_silencio_aparente,Manter acompanhamento de rotina.,sklearn_gb_v1,sklearn_v1
BRASNORTE,rubeola_igg,2024,44,0.3187,1,0.0,0.0,4.0,sem_silencio_aparente,Manter acompanhamento de rotina.,sklearn_gb_v1,sklearn_v1
SAO JOSE DO RIO CLARO,sars_cov_2,2024,51,0.3187,1,0.0,0.0,4.0,sem_silencio_aparente,Manter acompanhamento de rotina.,sklearn_gb_v1,sklearn_v1
BRASNORTE,sarampo_igg,2024,44,0.3187,1,0.0,0.0,4.0,sem_silencio_aparente,Manter acompanhamento de rotina.,sklearn_gb_v1,sklearn_v1
NOVA OLIMPIA,chagas,2024,32,0.3187,1,0.0,0.0,4.0,sem_silencio_aparente,Manter acompanhamento de rotina.,sklearn_gb_v1,sklearn_v1
NOVA OLIMPIA,chagas_igg,2024,32,0.3187,1,0.0,0.0,4.0,sem_silencio_aparente,Manter acompanhamento de rotina.,sklearn_gb_v1,sklearn_v1
NOVA GUARITA,hepatite_a,2024,27,0.3183,2,0.0,0.0,4.0,sem_silencio_aparente,Manter acompanhamento de rotina.,sklearn_gb_v1,sklearn_v1
NOVA SANTA HELENA,tuberculose_cultura,2024,29,0.3182,2,0.0,0.0,4.0,sem_silencio_aparente,Manter acompanhamento de rotina.,sklearn_gb_v1,sklearn_v1
CURVELANDIA,pesquisa_de_multipatogenos_ist,2025,48,0.3182,2,0.0,0.0,4.0,sem_silencio_aparente,Manter acompanhamento de rotina.,sklearn_gb_v1,sklearn_v1
SAO JOSE DO RIO CLARO,rinovirus_enterovirus,2024,21,0.3178,1,0.0,0.0,4.0,sem_silencio_aparente,Manter acompanhamento de rotina.,sklearn_gb_v1,sklearn_v1
NOVA OLIMPIA,tuberculose_lf_lam,2025,51,0.3178,1,0.0,0.0,4.0,sem_silencio_aparente,Manter acompanhamento de rotina.,sklearn_gb_v1,sklearn_v1
BRASNORTE,rifampicina,2024,34,0.3178,1,0.0,0.0,4.0,sem_silencio_aparente,Manter acompanhamento de rotina.,sklearn_gb_v1,sklearn_v1
BRASNORTE,cultura_para_fungos,2024,27,0.3178,1,0.0,0.0,4.0,sem_silencio_aparente,Manter acompanhamento de rotina.,sklearn_gb_v1,sklearn_v1
NOVA OLIMPIA,leptospira,2025,9,0.3178,1,0.0,1.0,4.0,sem_silencio_aparente,Manter acompanhamento de rotina.,sklearn_gb_v1,sklearn_v1
NOVA OLIMPIA,sars_cov_2,2024,49,0.3178,1,0.0,0.0,4.0,sem_silencio_aparente,Manter acompanhamento de rotina.,sklearn_gb_v1,sklearn_v1
BRASNORTE,sarampo_igm,2024,44,0.3178,1,0.0,0.0,4.0,sem_silencio_aparente,Manter acompanhamento de rotina.,sklearn_gb_v1,sklearn_v1
NOVA OLIMPIA,virus_respiratorios,2025,22,0.3178,1,0.0,0.0,4.0,sem_silencio_aparente,Manter acompanhamento de rotina.,sklearn_gb_v1,sklearn_v1
BRASNORTE,leptospira,2024,38,0.3178,1,0.0,0.0,4.0,sem_silencio_aparente,Manter acompanhamento de rotina.,sklearn_gb_v1,sklearn_v1
NOVA OLIMPIA,neisseria_gonorrhoeae,2024,39,0.3178,1,0.0,0.0,4.0,sem_silencio_aparente,Manter acompanhamento de rotina.,sklearn_gb_v1,sklearn_v1
NOVA OLIMPIA,tuberculose_cultura,2025,26,0.3178,1,0.0,0.0,4.0,sem_silencio_aparente,Manter acompanhamento de rotina.,sklearn_gb_v1,sklearn_v1
NOVA OLIMPIA,hepatite_d_hdv,2024,27,0.3178,1,0.0,0.0,4.0,sem_silencio_aparente,Manter acompanhamento de rotina.,sklearn_gb_v1,sklearn_v1
GUIRATINGA,zika,2025,21,0.3177,2,0.0,2.0,4.0,sem_silencio_aparente,Manter acompanhamento de rotina.,sklearn_gb_v1,sklearn_v1
DOM AQUINO,fungos,2024,32,0.3172,1,0.0,0.0,4.0,sem_silencio_aparente,Manter acompanhamento de rotina.,sklearn_gb_v1,sklearn_v1
CAMPINAPOLIS,sarampo_igg,2024,27,0.317,4,0.0,0.0,4.0,sem_silencio_aparente,Manter acompanhamento de rotina.,sklearn_gb_v1,sklearn_v1
GAUCHA DO NORTE,rifampicina,2025,6,0.3166,2,0.0,0.0,4.0,sem_silencio_aparente,Manter acompanhamento de rotina.,sklearn_gb_v1,sklearn_v1
GAUCHA DO NORTE,sars_cov_2,2025,19,0.3166,2,0.0,0.0,4.0,sem_silencio_aparente,Manter acompanhamento de rotina.,sklearn_gb_v1,sklearn_v1
BARAO DE MELGACO,zika,2025,17,0.3165,1,2.125,0.0,0.0,sem_silencio_aparente,Manter acompanhamento de rotina.,sklearn_gb_v1,sklearn_v1
BARAO DE MELGACO,dengue,2025,17,0.3165,1,2.0,0.0,0.0,sem_silencio_aparente,Manter acompanhamento de rotina.,sklearn_gb_v1,sklearn_v1
POCONE,virus_respiratorios,2025,6,0.3162,1,0.0,0.0,4.0,sem_silencio_aparente,Manter acompanhamento de rotina.,sklearn_gb_v1,sklearn_v1
JACIARA,citomegalovirus_igg,2025,5,0.3153,1,0.0,0.0,4.0,sem_silencio_aparente,Manter acompanhamento de rotina.,sklearn_gb_v1,sklearn_v1
JACIARA,toxoplasmose_igg,2025,5,0.3153,1,0.0,0.0,4.0,sem_silencio_aparente,Manter acompanhamento de rotina.,sklearn_gb_v1,sklearn_v1
JACIARA,varicela_biologia_molecular,2025,30,0.3153,1,0.0,0.0,4.0,sem_silencio_aparente,Manter acompanhamento de rotina.,sklearn_gb_v1,sklearn_v1
GUARANTA DO NORTE,bacterias_teste_de_sensibilidade,2025,14,0.3153,1,0.0,0.0,4.0,sem_silencio_aparente,Manter acompanhamento de rotina.,sklearn_gb_v1,sklearn_v1
NOVO HORIZONTE DO NORTE,leptospira,2025,2,0.315,5,0.0,0.0,4.0,sem_silencio_aparente,Manter acompanhamento de rotina.,sklearn_gb_v1,sklearn_v1
PARANATINGA,chagas_igg,2025,2,0.3149,1,0.0,0.0,4.0,sem_silencio_aparente,Manter acompanhamento de rotina.,sklearn_gb_v1,sklearn_v1
PARANATINGA,varicela_zoster_biologia_molecular,2025,19,0.3149,1,0.0,0.0,4.0,sem_silencio_aparente,Manter acompanhamento de rotina.,sklearn_gb_v1,sklearn_v1
PARANATINGA,tuberculose_cultura,2025,20,0.3149,1,0.0,0.0,4.0,sem_silencio_aparente,Manter acompanhamento de rotina.,sklearn_gb_v1,sklearn_v1
PARANATINGA,chagas,2025,2,0.3149,1,0.0,0.0,4.0,sem_silencio_aparente,Manter acompanhamento de rotina.,sklearn_gb_v1,sklearn_v1
ARIPUANA,chagas_igg,2025,26,0.3149,1,0.0,0.0,4.0,sem_silencio_aparente,Manter acompanhamento de rotina.,sklearn_gb_v1,sklearn_v1
ARIPUANA,hepatite_c_hcv,2025,15,0.3149,1,0.0,0.0,4.0,sem_silencio_aparente,Manter acompanhamento de rotina.,sklearn_gb_v1,sklearn_v1
ARIPUANA,virus_respiratorios,2024,43,0.3149,1,0.0,0.0,4.0,sem_silencio_aparente,Manter acompanhamento de rotina.,sklearn_gb_v1,sklearn_v1
RONDONOPOLIS,neisseria_gonorrhoeae,2025,35,0.3149,1,0.0,0.0,4.0,sem_silencio_aparente,Manter acompanhamento de rotina.,sklearn_gb_v1,sklearn_v1
RONDONOPOLIS,variola,2025,30,0.3149,1,0.0,0.0,4.0,sem_silencio_aparente,Manter acompanhamento de rotina.,sklearn_gb_v1,sklearn_v1
PARANATINGA,influenza_b,2025,25,0.3149,1,0.0,0.0,4.0,sem_silencio_aparente,Manter acompanhamento de rotina.,sklearn_gb_v1,sklearn_v1
PARANATINGA,influenza_a,2025,25,0.3149,1,0.0,0.0,4.0,sem_silencio_aparente,Manter acompanhamento de rotina.,sklearn_gb_v1,sklearn_v1
PARANATINGA,hepatite_c_hcv,2025,18,0.3149,1,0.0,0.0,4.0,sem_silencio_aparente,Manter acompanhamento de rotina.,sklearn_gb_v1,sklearn_v1
PARANATINGA,virus_respiratorios,2025,25,0.3149,1,0.0,0.0,4.0,sem_silencio_aparente,Manter acompanhamento de rotina.,sklearn_gb_v1,sklearn_v1
ARIPUANA,esquistossomose_sorologia,2025,7,0.3149,1,0.0,0.0,4.0,sem_silencio_aparente,Manter acompanhamento de rotina.,sklearn_gb_v1,sklearn_v1
ARIPUANA,tuberculose,2025,12,0.3149,1,0.0,0.0,4.0,sem_silencio_aparente,Manter acompanhamento de rotina.,sklearn_gb_v1,sklearn_v1
ARIPUANA,tuberculose_cultura,2025,6,0.3149,1,0.0,0.0,4.0,sem_silencio_aparente,Manter acompanhamento de rotina.,sklearn_gb_v1,sklearn_v1
ARIPUANA,chagas,2025,26,0.3149,1,0.0,0.0,4.0,sem_silencio_aparente,Manter acompanhamento de rotina.,sklearn_gb_v1,sklearn_v1
RONDONOPOLIS,citomegalovirus_igg,2025,9,0.3149,1,0.0,0.0,4.0,sem_silencio_aparente,Manter acompanhamento de rotina.,sklearn_gb_v1,sklearn_v1
RONDONOPOLIS,baciloscopia,2025,32,0.3149,1,0.0,0.0,4.0,sem_silencio_aparente,Manter acompanhamento de rotina.,sklearn_gb_v1,sklearn_v1
JACIARA,citomegalovirus_igm,2025,5,0.3143,1,0.0,0.0,4.0,sem_silencio_aparente,Manter acompanhamento de rotina.,sklearn_gb_v1,sklearn_v1
JACIARA,toxoplasmose_igm,2025,5,0.3143,1,0.0,0.0,4.0,sem_silencio_aparente,Manter acompanhamento de rotina.,sklearn_gb_v1,sklearn_v1
GUARANTA DO NORTE,tuberculose_lf_lam,2025,39,0.3143,1,0.0,0.0,4.0,sem_silencio_aparente,Manter acompanhamento de rotina.,sklearn_gb_v1,sklearn_v1
GUARANTA DO NORTE,sarampo_igg,2025,3,0.3143,1,0.0,0.0,4.0,sem_silencio_aparente,Manter acompanhamento de rotina.,sklearn_gb_v1,sklearn_v1
GUARANTA DO NORTE,sarampo_igm,2025,3,0.3143,1,0.0,0.0,4.0,sem_silencio_aparente,Manter acompanhamento de rotina.,sklearn_gb_v1,sklearn_v1
GUARANTA DO NORTE,brucelose_igm,2025,6,0.3143,1,0.0,0.0,4.0,sem_silencio_aparente,Manter acompanhamento de rotina.,sklearn_gb_v1,sklearn_v1
JACIARA,tuberculose_cultura,2025,21,0.3143,1,0.0,0.0,4.0,sem_silencio_aparente,Manter acompanhamento de rotina.,sklearn_gb_v1,sklearn_v1
JACIARA,fungos,2025,21,0.3143,1,0.0,0.0,4.0,sem_silencio_aparente,Manter acompanhamento de rotina.,sklearn_gb_v1,sklearn_v1
JACIARA,hepatite_c_hcv,2025,16,0.3143,1,0.0,0.0,4.0,sem_silencio_aparente,Manter acompanhamento de rotina.,sklearn_gb_v1,sklearn_v1
JACIARA,cultura_para_fungos,2025,21,0.3143,1,0.0,0.0,4.0,sem_silencio_aparente,Manter acompanhamento de rotina.,sklearn_gb_v1,sklearn_v1
GUARANTA DO NORTE,brucelose_igg,2025,6,0.3143,1,0.0,0.0,4.0,sem_silencio_aparente,Manter acompanhamento de rotina.,sklearn_gb_v1,sklearn_v1
GUARANTA DO NORTE,leptospira,2025,14,0.3143,1,0.0,1.0,4.0,sem_silencio_aparente,Manter acompanhamento de rotina.,sklearn_gb_v1,sklearn_v1
GUARANTA DO NORTE,brucelose,2025,6,0.3143,1,0.0,0.0,4.0,sem_silencio_aparente,Manter acompanhamento de rotina.,sklearn_gb_v1,sklearn_v1
RONDONOPOLIS,chagas_igg,2025,21,0.3139,1,0.0,0.0,4.0,sem_silencio_aparente,Manter acompanhamento de rotina.,sklearn_gb_v1,sklearn_v1
RONDONOPOLIS,poliomielite_paralisia_flacida_aguda,2025,5,0.3139,1,0.0,0.0,4.0,sem_silencio_aparente,Manter acompanhamento de rotina.,sklearn_gb_v1,sklearn_v1
RONDONOPOLIS,citomegalovirus_igm,2025,9,0.3139,1,0.0,0.0,4.0,sem_silencio_aparente,Manter acompanhamento de rotina.,sklearn_gb_v1,sklearn_v1
RONDONOPOLIS,sarampo_igg,2025,32,0.3139,1,0.0,0.0,4.0,sem_silencio_aparente,Manter acompanhamento de rotina.,sklearn_gb_v1,sklearn_v1
RONDONOPOLIS,varicela_zoster_biologia_molecular,2025,30,0.3139,1,0.0,0.0,4.0,sem_silencio_aparente,Manter acompanhamento de rotina.,sklearn_gb_v1,sklearn_v1
RONDONOPOLIS,parvovirus_b19_igg,2025,32,0.3139,1,0.0,0.0,4.0,sem_silencio_aparente,Manter acompanhamento de rotina.,sklearn_gb_v1,sklearn_v1
RONDONOPOLIS,fungos_teste_de_sensibilidade,2025,20,0.3139,1,0.0,0.0,4.0,sem_silencio_aparente,Manter acompanhamento de rotina.,sklearn_gb_v1,sklearn_v1
RONDONOPOLIS,chagas,2025,21,0.3139,1,0.0,0.0,4.0,sem_silencio_aparente,Manter acompanhamento de rotina.,sklearn_gb_v1,sklearn_v1
RONDONOPOLIS,parvovirus_b19_igm,2025,32,0.3139,1,0.0,0.0,4.0,sem_silencio_aparente,Manter acompanhamento de rotina.,sklearn_gb_v1,sklearn_v1
CACERES,hepatite_b_hbv,2026,21,0.3135,1,1.375,0.0,0.0,sem_silencio_aparente,Manter acompanhamento de rotina.,sklearn_gb_v1,sklearn_v1
SANTO ANTONIO DO LEVERGER,tuberculose_lf_lam,2025,45,0.3128,1,0.0,1.0,4.0,sem_silencio_aparente,Manter acompanhamento de rotina.,sklearn_gb_v1,sklearn_v1
POCONE,meningite_bacteriana_biologia_molecular,2025,28,0.3123,1,0.0,1.0,4.0,sem_silencio_aparente,Manter acompanhamento de rotina.,sklearn_gb_v1,sklearn_v1
POCONE,chagas,2025,30,0.3123,1,0.0,0.0,4.0,sem_silencio_aparente,Manter acompanhamento de rotina.,sklearn_gb_v1,sklearn_v1
POCONE,hepatite_c_hcv,2025,4,0.3123,1,0.0,0.0,4.0,sem_silencio_aparente,Manter acompanhamento de rotina.,sklearn_gb_v1,sklearn_v1
POCONE,chagas_igg,2025,30,0.3123,1,0.0,0.0,4.0,sem_silencio_aparente,Manter acompanhamento de rotina.,sklearn_gb_v1,sklearn_v1
POCONE,oropouche_biologia_molecular,2025,16,0.3123,1,0.0,0.0,4.0,sem_silencio_aparente,Manter acompanhamento de rotina.,sklearn_gb_v1,sklearn_v1
POCONE,mayaro_biologia_molecular,2025,16,0.3123,1,0.0,0.0,4.0,sem_silencio_aparente,Manter acompanhamento de rotina.,sklearn_gb_v1,sklearn_v1
POCONE,tuberculose,2025,21,0.3123,1,0.0,1.0,4.0,sem_silencio_aparente,Manter acompanhamento de rotina.,sklearn_gb_v1,sklearn_v1
BARRA DO BUGRES,influenza_b,2026,15,0.311,1,1.25,0.0,0.0,sem_silencio_aparente,Manter acompanhamento de rotina.,sklearn_gb_v1,sklearn_v1
BARRA DO BUGRES,hepatite_b_hbv,2026,7,0.311,1,1.25,0.0,0.0,sem_silencio_aparente,Manter acompanhamento de rotina.,sklearn_gb_v1,sklearn_v1
BARRA DO BUGRES,influenza_a,2026,15,0.311,1,1.25,0.0,0.0,sem_silencio_aparente,Manter acompanhamento de rotina.,sklearn_gb_v1,sklearn_v1
ALTO TAQUARI,tuberculose_cultura,2025,20,0.3108,1,0.0,1.0,4.0,sem_silencio_aparente,Manter acompanhamento de rotina.,sklearn_gb_v1,sklearn_v1
PONTA PORA,dengue,2025,24,0.3107,1,1.6,0.0,0.0,sem_silencio_aparente,Manter acompanhamento de rotina.,sklearn_gb_v1,sklearn_v1
PALMAS,dengue,2025,19,0.3107,1,1.6,0.0,0.0,sem_silencio_aparente,Manter acompanhamento de rotina.,sklearn_gb_v1,sklearn_v1
DOURADOS,zika,2025,23,0.3107,1,1.5714285714285714,0.0,0.0,sem_silencio_aparente,Manter acompanhamento de rotina.,sklearn_gb_v1,sklearn_v1
ITIQUIRA,sars_cov_2,2025,23,0.3104,2,0.0,0.0,4.0,sem_silencio_aparente,Manter acompanhamento de rotina.,sklearn_gb_v1,sklearn_v1
APIACAS,tuberculose_lf_lam,2025,11,0.3104,2,0.0,0.0,4.0,sem_silencio_aparente,Manter acompanhamento de rotina.,sklearn_gb_v1,sklearn_v1
ITIQUIRA,influenza_b,2025,23,0.3104,2,0.0,0.0,4.0,sem_silencio_aparente,Manter acompanhamento de rotina.,sklearn_gb_v1,sklearn_v1
ITIQUIRA,influenza_a,2025,23,0.3104,2,0.0,0.0,4.0,sem_silencio_aparente,Manter acompanhamento de rotina.,sklearn_gb_v1,sklearn_v1
APIACAS,virus_respiratorios,2025,21,0.3104,2,0.0,0.0,4.0,sem_silencio_aparente,Manter acompanhamento de rotina.,sklearn_gb_v1,sklearn_v1
MARCELANDIA,chagas_igg,2025,32,0.3104,2,0.0,0.0,4.0,sem_silencio_aparente,Manter acompanhamento de rotina.,sklearn_gb_v1,sklearn_v1
MARCELANDIA,chagas,2025,32,0.3104,2,0.0,0.0,4.0,sem_silencio_aparente,Manter acompanhamento de rotina.,sklearn_gb_v1,sklearn_v1
MARCELANDIA,sifilis,2025,32,0.3104,2,0.0,0.0,4.0,sem_silencio_aparente,Manter acompanhamento de rotina.,sklearn_gb_v1,sklearn_v1
APIACAS,influenza_b,2025,21,0.3104,2,0.0,0.0,4.0,sem_silencio_aparente,Manter acompanhamento de rotina.,sklearn_gb_v1,sklearn_v1
APIACAS,influenza_a,2025,21,0.3104,2,0.0,0.0,4.0,sem_silencio_aparente,Manter acompanhamento de rotina.,sklearn_gb_v1,sklearn_v1
BARRA DO BUGRES,brucelose,2024,29,0.3101,1,0.0,0.0,4.0,sem_silencio_aparente,Manter acompanhamento de rotina.,sklearn_gb_v1,sklearn_v1
BARRA DO BUGRES,toxoplasmose_igg,2025,8,0.3101,1,0.0,0.0,4.0,sem_silencio_aparente,Manter acompanhamento de rotina.,sklearn_gb_v1,sklearn_v1
BARRA DO BUGRES,citomegalovirus_igg,2025,30,0.3101,1,0.0,0.0,4.0,sem_silencio_aparente,Manter acompanhamento de rotina.,sklearn_gb_v1,sklearn_v1
BARRA DO BUGRES,brucelose_igm,2024,29,0.3101,1,0.0,0.0,4.0,sem_silencio_aparente,Manter acompanhamento de rotina.,sklearn_gb_v1,sklearn_v1
BARRA DO BUGRES,bacterias_teste_de_sensibilidade,2025,30,0.3101,1,0.0,0.0,4.0,sem_silencio_aparente,Manter acompanhamento de rotina.,sklearn_gb_v1,sklearn_v1
NOVA OLIMPIA,hepatite_b_hbv,2026,19,0.3099,1,1.125,0.0,0.0,sem_silencio_aparente,Manter acompanhamento de rotina.,sklearn_gb_v1,sklearn_v1
CACERES,mayaro_biologia_molecular,2026,14,0.3096,1,1.3333333333333333,0.0,0.0,sem_silencio_aparente,Manter acompanhamento de rotina.,sklearn_gb_v1,sklearn_v1
CACERES,criptococos_teste_rapido,2026,19,0.3096,1,1.2857142857142858,0.0,0.0,sem_silencio_aparente,Manter acompanhamento de rotina.,sklearn_gb_v1,sklearn_v1
CACERES,oropouche_biologia_molecular,2026,14,0.3096,1,1.3333333333333333,0.0,0.0,sem_silencio_aparente,Manter acompanhamento de rotina.,sklearn_gb_v1,sklearn_v1
CHAPADA DOS GUIMARAES,tuberculose_lf_lam,2026,13,0.3096,1,1.25,0.0,0.0,sem_silencio_aparente,Manter acompanhamento de rotina.,sklearn_gb_v1,sklearn_v1
VARZEA GRANDE,tuberculose_lf_lam,2026,14,0.3093,1,1.25,5.0,0.0,sem_silencio_aparente,Manter acompanhamento de rotina.,sklearn_gb_v1,sklearn_v1
GUIRATINGA,hepatite_c_hcv,2025,5,0.309,2,0.0,0.0,4.0,sem_silencio_aparente,Manter acompanhamento de rotina.,sklearn_gb_v1,sklearn_v1
NOVA UBIRATA,oropouche_biologia_molecular,2025,21,0.309,2,0.0,0.0,4.0,sem_silencio_aparente,Manter acompanhamento de rotina.,sklearn_gb_v1,sklearn_v1
CARLINDA,tuberculose_cultura,2025,4,0.309,2,0.0,0.0,4.0,sem_silencio_aparente,Manter acompanhamento de rotina.,sklearn_gb_v1,sklearn_v1
NOVA UBIRATA,mayaro_biologia_molecular,2025,21,0.309,2,0.0,0.0,4.0,sem_silencio_aparente,Manter acompanhamento de rotina.,sklearn_gb_v1,sklearn_v1
SANTAREM,chikungunya,2025,25,0.3087,1,1.625,0.0,0.0,sem_silencio_aparente,Manter acompanhamento de rotina.,sklearn_gb_v1,sklearn_v1
CURITIBA,chikungunya,2025,15,0.3087,1,1.75,0.0,0.0,sem_silencio_aparente,Manter acompanhamento de rotina.,sklearn_gb_v1,sklearn_v1
FORTALEZA,chikungunya,2025,22,0.3087,1,1.75,0.0,0.0,sem_silencio_aparente,Manter acompanhamento de rotina.,sklearn_gb_v1,sklearn_v1
ALTO PARAGUAI,baciloscopia,2025,27,0.3083,2,0.0,0.0,4.0,sem_silencio_aparente,Manter acompanhamento de rotina.,sklearn_gb_v1,sklearn_v1
PORTO ESPERIDIAO,influenza,2025,17,0.3083,2,0.0,0.0,4.0,sem_silencio_aparente,Manter acompanhamento de rotina.,sklearn_gb_v1,sklearn_v1
ROLIM DE MOURA,dengue,2025,26,0.3077,1,1.7142857142857142,0.0,0.0,sem_silencio_aparente,Manter acompanhamento de rotina.,sklearn_gb_v1,sklearn_v1
SAO PAULO,dengue,2025,34,0.3077,1,1.75,0.0,0.0,sem_silencio_aparente,Manter acompanhamento de rotina.,sklearn_gb_v1,sklearn_v1
PIMENTA BUENO,chikungunya,2025,33,0.3077,1,1.75,0.0,0.0,sem_silencio_aparente,Manter acompanhamento de rotina.,sklearn_gb_v1,sklearn_v1
GLORIA D''OESTE,chikungunya,2025,13,0.3077,1,1.6666666666666667,0.0,0.0,sem_silencio_aparente,Manter acompanhamento de rotina.,sklearn_gb_v1,sklearn_v1
MIGUEL ALVES,chikungunya,2025,23,0.3077,1,1.75,0.0,0.0,sem_silencio_aparente,Manter acompanhamento de rotina.,sklearn_gb_v1,sklearn_v1
DOURADOS,dengue,2025,24,0.3077,1,1.75,0.0,0.0,sem_silencio_aparente,Manter acompanhamento de rotina.,sklearn_gb_v1,sklearn_v1
PORTO VELHO,dengue,2025,23,0.3077,1,1.75,0.0,0.0,sem_silencio_aparente,Manter acompanhamento de rotina.,sklearn_gb_v1,sklearn_v1
BELEM,chikungunya,2025,18,0.3077,1,1.75,0.0,0.0,sem_silencio_aparente,Manter acompanhamento de rotina.,sklearn_gb_v1,sklearn_v1
ITAITUBA,zika,2025,32,0.3077,1,1.625,0.0,0.0,sem_silencio_aparente,Manter acompanhamento de rotina.,sklearn_gb_v1,sklearn_v1
FORTALEZA,dengue,2025,22,0.3077,1,1.75,0.0,0.0,sem_silencio_aparente,Manter acompanhamento de rotina.,sklearn_gb_v1,sklearn_v1
CASCAVEL,dengue,2025,30,0.3077,1,1.75,0.0,0.0,sem_silencio_aparente,Manter acompanhamento de rotina.,sklearn_gb_v1,sklearn_v1
CAMPO GRANDE,chikungunya,2025,30,0.3077,1,1.75,0.0,0.0,sem_silencio_aparente,Manter acompanhamento de rotina.,sklearn_gb_v1,sklearn_v1
PONTA PORA,zika,2025,24,0.3077,1,1.75,0.0,0.0,sem_silencio_aparente,Manter acompanhamento de rotina.,sklearn_gb_v1,sklearn_v1
MARINGA,dengue,2025,28,0.3077,1,1.625,0.0,0.0,sem_silencio_aparente,Manter acompanhamento de rotina.,sklearn_gb_v1,sklearn_v1
POCONE,sars_cov_2,2026,20,0.3071,1,1.25,0.0,0.0,sem_silencio_aparente,Manter acompanhamento de rotina.,sklearn_gb_v1,sklearn_v1
POCONE,influenza_a,2026,20,0.3071,1,1.25,0.0,0.0,sem_silencio_aparente,Manter acompanhamento de rotina.,sklearn_gb_v1,sklearn_v1
POCONE,influenza_b,2026,20,0.3071,1,1.25,0.0,0.0,sem_silencio_aparente,Manter acompanhamento de rotina.,sklearn_gb_v1,sklearn_v1
LUCAS DO RIO VERDE,brucelose_igm,2025,4,0.3066,1,0.0,0.0,4.0,sem_silencio_aparente,Manter acompanhamento de rotina.,sklearn_gb_v1,sklearn_v1
LUCAS DO RIO VERDE,citomegalovirus_igg,2025,19,0.3066,1,0.0,0.0,4.0,sem_silencio_aparente,Manter acompanhamento de rotina.,sklearn_gb_v1,sklearn_v1
LUCAS DO RIO VERDE,rubeola_igg,2025,19,0.3066,1,0.0,0.0,4.0,sem_silencio_aparente,Manter acompanhamento de rotina.,sklearn_gb_v1,sklearn_v1
LUCAS DO RIO VERDE,bacterias_teste_de_sensibilidade,2025,14,0.3066,1,0.0,0.0,4.0,sem_silencio_aparente,Manter acompanhamento de rotina.,sklearn_gb_v1,sklearn_v1
LUCAS DO RIO VERDE,tuberculose_lf_lam,2025,26,0.3066,1,0.0,0.0,4.0,sem_silencio_aparente,Manter acompanhamento de rotina.,sklearn_gb_v1,sklearn_v1
LUCAS DO RIO VERDE,brucelose,2025,4,0.3066,1,0.0,0.0,4.0,sem_silencio_aparente,Manter acompanhamento de rotina.,sklearn_gb_v1,sklearn_v1
LUCAS DO RIO VERDE,sarampo_igg,2025,13,0.3066,1,0.0,0.0,4.0,sem_silencio_aparente,Manter acompanhamento de rotina.,sklearn_gb_v1,sklearn_v1
LUCAS DO RIO VERDE,influenza,2025,14,0.3066,1,0.0,0.0,4.0,sem_silencio_aparente,Manter acompanhamento de rotina.,sklearn_gb_v1,sklearn_v1
BARRA DO BUGRES,citomegalovirus_igm,2025,30,0.3062,1,0.0,0.0,4.0,sem_silencio_aparente,Manter acompanhamento de rotina.,sklearn_gb_v1,sklearn_v1
BARRA DO BUGRES,fungos,2025,30,0.3062,1,0.0,0.0,4.0,sem_silencio_aparente,Manter acompanhamento de rotina.,sklearn_gb_v1,sklearn_v1
BARRA DO BUGRES,rifampicina,2024,49,0.3062,1,0.0,0.0,4.0,sem_silencio_aparente,Manter acompanhamento de rotina.,sklearn_gb_v1,sklearn_v1
BARRA DO BUGRES,toxoplasmose_igm,2025,8,0.3062,1,0.0,0.0,4.0,sem_silencio_aparente,Manter acompanhamento de rotina.,sklearn_gb_v1,sklearn_v1
BARRA DO BUGRES,cultura_para_fungos,2025,6,0.3062,1,0.0,0.0,4.0,sem_silencio_aparente,Manter acompanhamento de rotina.,sklearn_gb_v1,sklearn_v1
LUCAS DO RIO VERDE,chagas_igg,2025,27,0.3056,1,0.0,0.0,4.0,sem_silencio_aparente,Manter acompanhamento de rotina.,sklearn_gb_v1,sklearn_v1
LUCAS DO RIO VERDE,toxoplasmose_igm,2025,19,0.3056,1,0.0,0.0,4.0,sem_silencio_aparente,Manter acompanhamento de rotina.,sklearn_gb_v1,sklearn_v1
LUCAS DO RIO VERDE,citomegalovirus_igm,2025,19,0.3056,1,0.0,0.0,4.0,sem_silencio_aparente,Manter acompanhamento de rotina.,sklearn_gb_v1,sklearn_v1
LUCAS DO RIO VERDE,toxoplasmose_igg,2025,19,0.3056,1,0.0,0.0,4.0,sem_silencio_aparente,Manter acompanhamento de rotina.,sklearn_gb_v1,sklearn_v1
LUCAS DO RIO VERDE,rubeola_igm,2025,19,0.3056,1,0.0,0.0,4.0,sem_silencio_aparente,Manter acompanhamento de rotina.,sklearn_gb_v1,sklearn_v1
LUCAS DO RIO VERDE,chagas,2025,27,0.3056,1,0.0,0.0,4.0,sem_silencio_aparente,Manter acompanhamento de rotina.,sklearn_gb_v1,sklearn_v1
LUCAS DO RIO VERDE,brucelose_igg,2025,4,0.3056,1,0.0,0.0,4.0,sem_silencio_aparente,Manter acompanhamento de rotina.,sklearn_gb_v1,sklearn_v1
LUCAS DO RIO VERDE,sarampo_igm,2025,13,0.3056,1,0.0,0.0,4.0,sem_silencio_aparente,Manter acompanhamento de rotina.,sklearn_gb_v1,sklearn_v1
LUCAS DO RIO VERDE,neisseria_gonorrhoeae,2025,11,0.3056,1,0.0,0.0,4.0,sem_silencio_aparente,Manter acompanhamento de rotina.,sklearn_gb_v1,sklearn_v1
LUCAS DO RIO VERDE,leptospira,2025,33,0.3056,1,0.0,0.0,4.0,sem_silencio_aparente,Manter acompanhamento de rotina.,sklearn_gb_v1,sklearn_v1
LUCAS DO RIO VERDE,fungos,2025,34,0.3056,1,0.0,0.0,4.0,sem_silencio_aparente,Manter acompanhamento de rotina.,sklearn_gb_v1,sklearn_v1
CANARANA,parvovirus_b19_igg,2025,34,0.3051,1,0.0,0.0,4.0,sem_silencio_aparente,Manter acompanhamento de rotina.,sklearn_gb_v1,sklearn_v1
CANARANA,sarampo_igm,2025,34,0.3051,1,0.0,0.0,4.0,sem_silencio_aparente,Manter acompanhamento de rotina.,sklearn_gb_v1,sklearn_v1
QUERENCIA,rifampicina,2025,24,0.3051,1,0.0,0.0,4.0,sem_silencio_aparente,Manter acompanhamento de rotina.,sklearn_gb_v1,sklearn_v1
NOVA XAVANTINA,baciloscopia,2025,24,0.3051,1,0.0,0.0,4.0,sem_silencio_aparente,Manter acompanhamento de rotina.,sklearn_gb_v1,sklearn_v1
CANARANA,leishmaniose_visceral_humana_teste_rapido,2025,25,0.3051,1,0.0,0.0,4.0,sem_silencio_aparente,Manter acompanhamento de rotina.,sklearn_gb_v1,sklearn_v1
QUERENCIA,parvovirus_b19_igm,2025,29,0.3051,1,0.0,0.0,4.0,sem_silencio_aparente,Manter acompanhamento de rotina.,sklearn_gb_v1,sklearn_v1
QUERENCIA,htlv_i_ii_virus_linfotropico_humano_tipo_i_e_ii,2025,32,0.3051,1,0.0,0.0,4.0,sem_silencio_aparente,Manter acompanhamento de rotina.,sklearn_gb_v1,sklearn_v1
CANARANA,parvovirus_b19_igm,2025,34,0.3051,1,0.0,0.0,4.0,sem_silencio_aparente,Manter acompanhamento de rotina.,sklearn_gb_v1,sklearn_v1
CANARANA,rotavirus,2024,35,0.3051,1,0.0,0.0,4.0,sem_silencio_aparente,Manter acompanhamento de rotina.,sklearn_gb_v1,sklearn_v1
CANARANA,toxoplasmose_igg,2025,16,0.3051,1,0.0,0.0,4.0,sem_silencio_aparente,Manter acompanhamento de rotina.,sklearn_gb_v1,sklearn_v1
CANARANA,sarampo_igg,2025,34,0.3041,1,0.0,0.0,4.0,sem_silencio_aparente,Manter acompanhamento de rotina.,sklearn_gb_v1,sklearn_v1
CANARANA,toxoplasmose_igm,2025,16,0.3041,1,0.0,0.0,4.0,sem_silencio_aparente,Manter acompanhamento de rotina.,sklearn_gb_v1,sklearn_v1
CANARANA,paracoccidioidomicose,2025,6,0.3041,1,0.0,0.0,4.0,sem_silencio_aparente,Manter acompanhamento de rotina.,sklearn_gb_v1,sklearn_v1
CANARANA,rubeola_igm,2025,34,0.3041,1,0.0,0.0,4.0,sem_silencio_aparente,Manter acompanhamento de rotina.,sklearn_gb_v1,sklearn_v1
CANARANA,sifilis,2025,34,0.3041,1,0.0,0.0,4.0,sem_silencio_aparente,Manter acompanhamento de rotina.,sklearn_gb_v1,sklearn_v1
QUERENCIA,hepatite_c_hcv,2025,23,0.3041,1,0.0,0.0,4.0,sem_silencio_aparente,Manter acompanhamento de rotina.,sklearn_gb_v1,sklearn_v1
QUERENCIA,parvovirus_b19_igg,2025,29,0.3041,1,0.0,0.0,4.0,sem_silencio_aparente,Manter acompanhamento de rotina.,sklearn_gb_v1,sklearn_v1
QUERENCIA,sifilis,2025,29,0.3041,1,0.0,0.0,4.0,sem_silencio_aparente,Manter acompanhamento de rotina.,sklearn_gb_v1,sklearn_v1
CANARANA,leptospira,2025,18,0.3041,1,0.0,0.0,4.0,sem_silencio_aparente,Manter acompanhamento de rotina.,sklearn_gb_v1,sklearn_v1
CANARANA,rubeola_igg,2025,34,0.3041,1,0.0,0.0,4.0,sem_silencio_aparente,Manter acompanhamento de rotina.,sklearn_gb_v1,sklearn_v1
QUERENCIA,sarampo_igm,2025,34,0.3041,1,0.0,0.0,4.0,sem_silencio_aparente,Manter acompanhamento de rotina.,sklearn_gb_v1,sklearn_v1
QUERENCIA,rubeola_igg,2025,29,0.3041,1,0.0,0.0,4.0,sem_silencio_aparente,Manter acompanhamento de rotina.,sklearn_gb_v1,sklearn_v1
QUERENCIA,rubeola_igm,2025,29,0.3041,1,0.0,0.0,4.0,sem_silencio_aparente,Manter acompanhamento de rotina.,sklearn_gb_v1,sklearn_v1
NOVA XAVANTINA,brucelose,2024,31,0.3041,1,0.0,0.0,4.0,sem_silencio_aparente,Manter acompanhamento de rotina.,sklearn_gb_v1,sklearn_v1
NOVA XAVANTINA,brucelose_igm,2024,31,0.3041,1,0.0,0.0,4.0,sem_silencio_aparente,Manter acompanhamento de rotina.,sklearn_gb_v1,sklearn_v1
NOVA XAVANTINA,filariose_parasitologico,2025,9,0.3041,1,0.0,0.0,4.0,sem_silencio_aparente,Manter acompanhamento de rotina.,sklearn_gb_v1,sklearn_v1
QUERENCIA,sars_cov_2,2025,24,0.3041,1,0.0,0.0,4.0,sem_silencio_aparente,Manter acompanhamento de rotina.,sklearn_gb_v1,sklearn_v1
QUERENCIA,sarampo_igg,2025,34,0.3041,1,0.0,0.0,4.0,sem_silencio_aparente,Manter acompanhamento de rotina.,sklearn_gb_v1,sklearn_v1
NOVA XAVANTINA,sars_cov_2,2025,34,0.3041,1,0.0,0.0,4.0,sem_silencio_aparente,Manter acompanhamento de rotina.,sklearn_gb_v1,sklearn_v1
NOVA XAVANTINA,hiv,2025,25,0.3041,1,0.0,0.0,4.0,sem_silencio_aparente,Manter acompanhamento de rotina.,sklearn_gb_v1,sklearn_v1
NOVA XAVANTINA,virus_respiratorios,2025,29,0.3041,1,0.0,0.0,4.0,sem_silencio_aparente,Manter acompanhamento de rotina.,sklearn_gb_v1,sklearn_v1
ARAPUTANGA,hepatite_b_hbv,2026,16,0.3029,1,1.125,0.0,0.0,sem_silencio_aparente,Manter acompanhamento de rotina.,sklearn_gb_v1,sklearn_v1
TANGARA DA SERRA,criptococos_teste_rapido,2026,17,0.302,1,1.125,0.0,0.0,sem_silencio_aparente,Manter acompanhamento de rotina.,sklearn_gb_v1,sklearn_v1
TANGARA DA SERRA,hepatite_b_hbv,2026,20,0.302,1,1.125,0.0,0.0,sem_silencio_aparente,Manter acompanhamento de rotina.,sklearn_gb_v1,sklearn_v1
SAPEZAL,hepatite_b_hbv,2026,11,0.302,1,1.125,0.0,0.0,sem_silencio_aparente,Manter acompanhamento de rotina.,sklearn_gb_v1,sklearn_v1
CUIABA,neisseria_gonorrhoeae,2026,2,0.302,1,1.125,0.0,0.0,sem_silencio_aparente,Manter acompanhamento de rotina.,sklearn_gb_v1,sklearn_v1
CUIABA,influenza_a,2026,20,0.3017,1,1.5,0.0,0.0,sem_silencio_aparente,Manter acompanhamento de rotina.,sklearn_gb_v1,sklearn_v1
CUIABA,influenza_b,2026,20,0.3017,1,1.5,0.0,0.0,sem_silencio_aparente,Manter acompanhamento de rotina.,sklearn_gb_v1,sklearn_v1
TANGARA DA SERRA,hepatite_c_hcv,2026,10,0.3017,1,1.5,0.0,0.0,sem_silencio_aparente,Manter acompanhamento de rotina.,sklearn_gb_v1,sklearn_v1
CUIABA,tuberculose_lf_lam,2026,20,0.3017,1,1.5,0.0,0.0,sem_silencio_aparente,Manter acompanhamento de rotina.,sklearn_gb_v1,sklearn_v1
ITANHANGA,tuberculose_cultura,2025,2,0.3016,1,0.0,0.0,4.0,sem_silencio_aparente,Manter acompanhamento de rotina.,sklearn_gb_v1,sklearn_v1
DOM AQUINO,bacterias_teste_de_sensibilidade,2025,35,0.2997,2,0.0,0.0,4.0,sem_silencio_aparente,Manter acompanhamento de rotina.,sklearn_gb_v1,sklearn_v1
CURVELANDIA,influenza_b,2025,13,0.2994,4,0.0,0.0,4.0,sem_silencio_aparente,Manter acompanhamento de rotina.,sklearn_gb_v1,sklearn_v1
CURVELANDIA,influenza_a,2025,13,0.2994,4,0.0,0.0,4.0,sem_silencio_aparente,Manter acompanhamento de rotina.,sklearn_gb_v1,sklearn_v1
CUIABA,leptospira,2026,5,0.2986,1,1.875,1.0,0.0,sem_silencio_aparente,Manter acompanhamento de rotina.,sklearn_gb_v1,sklearn_v1
ACORIZAL,tuberculose_cultura,2025,22,0.2973,1,1.0,0.0,0.0,sem_silencio_aparente,Manter acompanhamento de rotina.,sklearn_gb_v1,sklearn_v1
ROSARIO OESTE,leishmaniose_visceral_humana_teste_rapido,2025,51,0.2968,2,0.0,0.0,4.0,sem_silencio_aparente,Manter acompanhamento de rotina.,sklearn_gb_v1,sklearn_v1
ROSARIO OESTE,mayaro_biologia_molecular,2024,34,0.2968,2,0.0,0.0,4.0,sem_silencio_aparente,Manter acompanhamento de rotina.,sklearn_gb_v1,sklearn_v1
CASTANHEIRA,zika,2025,19,0.295,2,0.0,0.0,4.0,sem_silencio_aparente,Manter acompanhamento de rotina.,sklearn_gb_v1,sklearn_v1
CASTANHEIRA,dengue,2025,19,0.295,2,0.0,0.0,4.0,sem_silencio_aparente,Manter acompanhamento de rotina.,sklearn_gb_v1,sklearn_v1
NOVA MUTUM,rifampicina,2026,17,0.295,1,1.1666666666666667,0.0,0.0,sem_silencio_aparente,Manter acompanhamento de rotina.,sklearn_gb_v1,sklearn_v1
PRIMAVERA DO LESTE,fungos,2025,33,0.2949,1,0.0,0.0,4.0,sem_silencio_aparente,Manter acompanhamento de rotina.,sklearn_gb_v1,sklearn_v1
PRIMAVERA DO LESTE,mayaro_biologia_molecular,2025,35,0.2949,1,0.0,0.0,4.0,sem_silencio_aparente,Manter acompanhamento de rotina.,sklearn_gb_v1,sklearn_v1
PRIMAVERA DO LESTE,tuberculose,2025,34,0.2949,1,0.0,0.0,4.0,sem_silencio_aparente,Manter acompanhamento de rotina.,sklearn_gb_v1,sklearn_v1
PRIMAVERA DO LESTE,rifampicina,2025,32,0.2949,1,0.0,1.0,4.0,sem_silencio_aparente,Manter acompanhamento de rotina.,sklearn_gb_v1,sklearn_v1
PRIMAVERA DO LESTE,oropouche_biologia_molecular,2025,35,0.2949,1,0.0,0.0,4.0,sem_silencio_aparente,Manter acompanhamento de rotina.,sklearn_gb_v1,sklearn_v1
SAPEZAL,tuberculose_lf_lam,2026,20,0.294,1,1.1666666666666667,0.0,0.0,sem_silencio_aparente,Manter acompanhamento de rotina.,sklearn_gb_v1,sklearn_v1
NOVA MARILANDIA,hepatite_b_hbv,2026,19,0.294,1,1.1666666666666667,0.0,0.0,sem_silencio_aparente,Manter acompanhamento de rotina.,sklearn_gb_v1,sklearn_v1
JAURU,leptospira,2025,13,0.2934,3,0.0,0.0,4.0,sem_silencio_aparente,Manter acompanhamento de rotina.,sklearn_gb_v1,sklearn_v1
GENERAL CARNEIRO,influenza_a,2025,22,0.2924,5,2.25,0.0,0.0,sem_silencio_aparente,Manter acompanhamento de rotina.,sklearn_gb_v1,sklearn_v1
GENERAL CARNEIRO,influenza_b,2025,22,0.2924,5,2.25,0.0,0.0,sem_silencio_aparente,Manter acompanhamento de rotina.,sklearn_gb_v1,sklearn_v1
SAO FELIX DO ARAGUAIA,hepatite_b_hbv,2025,11,0.2919,1,1.0,0.0,0.0,sem_silencio_aparente,Manter acompanhamento de rotina.,sklearn_gb_v1,sklearn_v1
CAMPOS DE JULIO,tuberculose_lf_lam,2026,15,0.2916,1,1.4,0.0,0.0,sem_silencio_aparente,Manter acompanhamento de rotina.,sklearn_gb_v1,sklearn_v1
NOVA LACERDA,zika,2025,21,0.2915,1,1.125,2.0,0.0,sem_silencio_aparente,Manter acompanhamento de rotina.,sklearn_gb_v1,sklearn_v1
VERA,rifampicina,2025,11,0.2908,2,0.0,1.0,4.0,sem_silencio_aparente,Manter acompanhamento de rotina.,sklearn_gb_v1,sklearn_v1
CAMPO NOVO DO PARECIS,neisseria_gonorrhoeae,2026,2,0.2907,1,1.4,0.0,0.0,sem_silencio_aparente,Manter acompanhamento de rotina.,sklearn_gb_v1,sklearn_v1
CUIABA,tuberculose_teste_de_sensibilidade,2025,28,0.2885,2,3.0,24.0,0.0,sem_silencio_aparente,Manter acompanhamento de rotina.,sklearn_gb_v1,sklearn_v1
ALTO PARAGUAI,dengue,2025,21,0.2878,1,1.0,0.0,0.0,sem_silencio_aparente,Manter acompanhamento de rotina.,sklearn_gb_v1,sklearn_v1
COTRIGUACU,tuberculose_cultura,2025,25,0.2874,1,1.0,1.0,0.0,sem_silencio_aparente,Manter acompanhamento de rotina.,sklearn_gb_v1,sklearn_v1
COTRIGUACU,influenza_b,2025,12,0.2874,1,1.0,0.0,0.0,sem_silencio_aparente,Manter acompanhamento de rotina.,sklearn_gb_v1,sklearn_v1
COTRIGUACU,influenza_a,2025,12,0.2874,1,1.0,0.0,0.0,sem_silencio_aparente,Manter acompanhamento de rotina.,sklearn_gb_v1,sklearn_v1
LUCAS DO RIO VERDE,baciloscopia,2025,44,0.2865,1,0.0,1.0,4.0,sem_silencio_aparente,Manter acompanhamento de rotina.,sklearn_gb_v1,sklearn_v1
SAO PEDRO DA CIPA,hepatite_b_hbv,2025,13,0.2856,1,1.0,0.0,0.0,sem_silencio_aparente,Manter acompanhamento de rotina.,sklearn_gb_v1,sklearn_v1
NOVA XAVANTINA,tuberculose,2025,15,0.2851,1,0.0,1.0,4.0,sem_silencio_aparente,Manter acompanhamento de rotina.,sklearn_gb_v1,sklearn_v1
CONFRESA,tuberculose_cultura,2024,34,0.2849,1,0.0,0.0,4.0,sem_silencio_aparente,Manter acompanhamento de rotina.,sklearn_gb_v1,sklearn_v1
CONFRESA,tuberculose,2025,23,0.2849,1,0.0,1.0,4.0,sem_silencio_aparente,Manter acompanhamento de rotina.,sklearn_gb_v1,sklearn_v1
CONFRESA,dengue,2025,23,0.2849,1,0.0,0.0,4.0,sem_silencio_aparente,Manter acompanhamento de rotina.,sklearn_gb_v1,sklearn_v1
CONFRESA,rifampicina,2024,33,0.2849,1,0.0,0.0,4.0,sem_silencio_aparente,Manter acompanhamento de rotina.,sklearn_gb_v1,sklearn_v1
TANGARA DA SERRA,tuberculose_lf_lam,2026,20,0.2837,1,1.25,0.0,0.0,sem_silencio_aparente,Manter acompanhamento de rotina.,sklearn_gb_v1,sklearn_v1
CAMPO NOVO DO PARECIS,hepatite_c_hcv,2026,9,0.2837,1,1.25,0.0,0.0,sem_silencio_aparente,Manter acompanhamento de rotina.,sklearn_gb_v1,sklearn_v1
PEIXOTO DE AZEVEDO,tuberculose,2025,21,0.283,1,0.0,3.0,4.0,sem_silencio_aparente,Manter acompanhamento de rotina.,sklearn_gb_v1,sklearn_v1
CAMPO NOVO DO PARECIS,tuberculose_lf_lam,2026,17,0.2828,1,1.375,0.0,0.0,sem_silencio_aparente,Manter acompanhamento de rotina.,sklearn_gb_v1,sklearn_v1
BRASNORTE,influenza_a,2026,19,0.2828,1,1.25,0.0,0.0,sem_silencio_aparente,Manter acompanhamento de rotina.,sklearn_gb_v1,sklearn_v1
CUIABA,parvovirus_b19_igg,2026,5,0.2828,1,1.25,0.0,0.0,sem_silencio_aparente,Manter acompanhamento de rotina.,sklearn_gb_v1,sklearn_v1
VARZEA GRANDE,neisseria_gonorrhoeae,2026,20,0.2828,1,1.375,0.0,0.0,sem_silencio_aparente,Manter acompanhamento de rotina.,sklearn_gb_v1,sklearn_v1
PONTES E LACERDA,hepatite_c_hcv,2026,16,0.2828,1,1.25,0.0,0.0,sem_silencio_aparente,Manter acompanhamento de rotina.,sklearn_gb_v1,sklearn_v1
CUIABA,parvovirus_b19_igm,2026,5,0.2828,1,1.25,0.0,0.0,sem_silencio_aparente,Manter acompanhamento de rotina.,sklearn_gb_v1,sklearn_v1
BRASNORTE,influenza_b,2026,19,0.2828,1,1.25,0.0,0.0,sem_silencio_aparente,Manter acompanhamento de rotina.,sklearn_gb_v1,sklearn_v1
VARZEA GRANDE,rifampicina,2026,20,0.2828,1,1.25,0.0,0.0,sem_silencio_aparente,Manter acompanhamento de rotina.,sklearn_gb_v1,sklearn_v1
SINOP,criptococos_teste_rapido,2026,13,0.2828,1,1.25,0.0,0.0,sem_silencio_aparente,Manter acompanhamento de rotina.,sklearn_gb_v1,sklearn_v1
JURUENA,meningite_bacteriana_biologia_molecular,2025,25,0.2819,3,0.0,0.0,4.0,sem_silencio_aparente,Manter acompanhamento de rotina.,sklearn_gb_v1,sklearn_v1
DOM AQUINO,zika,2025,26,0.2796,1,1.4,0.0,0.0,sem_silencio_aparente,Manter acompanhamento de rotina.,sklearn_gb_v1,sklearn_v1
JAURU,zika,2025,17,0.2796,1,1.4,0.0,0.0,sem_silencio_aparente,Manter acompanhamento de rotina.,sklearn_gb_v1,sklearn_v1
PEIXOTO DE AZEVEDO,rubeola_igg,2024,35,0.2791,1,0.0,0.0,4.0,sem_silencio_aparente,Manter acompanhamento de rotina.,sklearn_gb_v1,sklearn_v1
PEIXOTO DE AZEVEDO,baciloscopia,2025,34,0.2791,1,0.0,0.0,4.0,sem_silencio_aparente,Manter acompanhamento de rotina.,sklearn_gb_v1,sklearn_v1
PEIXOTO DE AZEVEDO,citomegalovirus_igg,2024,35,0.2791,1,0.0,0.0,4.0,sem_silencio_aparente,Manter acompanhamento de rotina.,sklearn_gb_v1,sklearn_v1
PEIXOTO DE AZEVEDO,fungos_teste_de_sensibilidade,2025,20,0.2791,1,0.0,0.0,4.0,sem_silencio_aparente,Manter acompanhamento de rotina.,sklearn_gb_v1,sklearn_v1
PEIXOTO DE AZEVEDO,toxoplasmose_igg,2024,35,0.2791,1,0.0,0.0,4.0,sem_silencio_aparente,Manter acompanhamento de rotina.,sklearn_gb_v1,sklearn_v1
ITAUBA,sars_cov_2,2025,34,0.2774,1,1.0,0.0,0.0,sem_silencio_aparente,Manter acompanhamento de rotina.,sklearn_gb_v1,sklearn_v1
ITAUBA,hepatite_c_hcv,2025,22,0.2774,1,1.0,0.0,0.0,sem_silencio_aparente,Manter acompanhamento de rotina.,sklearn_gb_v1,sklearn_v1
NORTELANDIA,hepatite_b_hbv,2025,30,0.2774,1,1.0,0.0,0.0,sem_silencio_aparente,Manter acompanhamento de rotina.,sklearn_gb_v1,sklearn_v1
CHAPADA DOS GUIMARAES,cultura_para_fungos,2025,22,0.2769,2,0.0,0.0,4.0,sem_silencio_aparente,Manter acompanhamento de rotina.,sklearn_gb_v1,sklearn_v1
CAMPOS DE JULIO,leptospira,2025,10,0.2767,2,0.0,1.0,4.0,sem_silencio_aparente,Manter acompanhamento de rotina.,sklearn_gb_v1,sklearn_v1
ALTO TAQUARI,tuberculose_teste_de_sensibilidade,2025,20,0.2767,2,0.0,1.0,4.0,sem_silencio_aparente,Manter acompanhamento de rotina.,sklearn_gb_v1,sklearn_v1
SAO JOSE DO RIO CLARO,virus_respiratorios,2025,20,0.2764,2,0.0,0.0,4.0,sem_silencio_aparente,Manter acompanhamento de rotina.,sklearn_gb_v1,sklearn_v1
NOVA CANAA DO NORTE,fungos,2024,32,0.2764,2,0.0,0.0,4.0,sem_silencio_aparente,Manter acompanhamento de rotina.,sklearn_gb_v1,sklearn_v1
NOVA CANAA DO NORTE,tuberculose_teste_de_sensibilidade,2025,11,0.2764,2,0.0,0.0,4.0,sem_silencio_aparente,Manter acompanhamento de rotina.,sklearn_gb_v1,sklearn_v1
ITANHANGA,influenza_b,2025,10,0.2764,2,0.0,0.0,4.0,sem_silencio_aparente,Manter acompanhamento de rotina.,sklearn_gb_v1,sklearn_v1
NOVA CANAA DO NORTE,tuberculose_cultura,2025,15,0.2764,2,0.0,0.0,4.0,sem_silencio_aparente,Manter acompanhamento de rotina.,sklearn_gb_v1,sklearn_v1
FELIZ NATAL,varicela_zoster_biologia_molecular,2025,17,0.2764,2,0.0,0.0,4.0,sem_silencio_aparente,Manter acompanhamento de rotina.,sklearn_gb_v1,sklearn_v1
FELIZ NATAL,tuberculose_lf_lam,2025,15,0.2764,2,0.0,0.0,4.0,sem_silencio_aparente,Manter acompanhamento de rotina.,sklearn_gb_v1,sklearn_v1
FELIZ NATAL,variola,2025,17,0.2764,2,0.0,0.0,4.0,sem_silencio_aparente,Manter acompanhamento de rotina.,sklearn_gb_v1,sklearn_v1
CANABRAVA DO NORTE,hepatite_b_hbv,2025,19,0.2758,1,1.375,0.0,0.0,sem_silencio_aparente,Manter acompanhamento de rotina.,sklearn_gb_v1,sklearn_v1
JUINA,bacterias_teste_de_sensibilidade,2024,30,0.2757,1,0.0,0.0,4.0,sem_silencio_aparente,Manter acompanhamento de rotina.,sklearn_gb_v1,sklearn_v1
CAMPO VERDE,toxoplasmose_igg,2025,26,0.2757,1,0.0,0.0,4.0,sem_silencio_aparente,Manter acompanhamento de rotina.,sklearn_gb_v1,sklearn_v1
JUINA,chagas,2025,28,0.2757,1,0.0,0.0,4.0,sem_silencio_aparente,Manter acompanhamento de rotina.,sklearn_gb_v1,sklearn_v1
SAPEZAL,toxoplasmose_igg,2025,32,0.2757,1,0.0,0.0,4.0,sem_silencio_aparente,Manter acompanhamento de rotina.,sklearn_gb_v1,sklearn_v1
ALTA FLORESTA,baciloscopia,2025,29,0.2757,1,0.0,0.0,4.0,sem_silencio_aparente,Manter acompanhamento de rotina.,sklearn_gb_v1,sklearn_v1
SAPEZAL,baciloscopia,2025,25,0.2757,1,0.0,0.0,4.0,sem_silencio_aparente,Manter acompanhamento de rotina.,sklearn_gb_v1,sklearn_v1
CAMPO NOVO DO PARECIS,citomegalovirus_igg,2024,32,0.2757,1,0.0,0.0,4.0,sem_silencio_aparente,Manter acompanhamento de rotina.,sklearn_gb_v1,sklearn_v1
CAMPO NOVO DO PARECIS,brucelose_igm,2024,30,0.2757,1,0.0,0.0,4.0,sem_silencio_aparente,Manter acompanhamento de rotina.,sklearn_gb_v1,sklearn_v1
CAMPO NOVO DO PARECIS,brucelose,2024,30,0.2757,1,0.0,0.0,4.0,sem_silencio_aparente,Manter acompanhamento de rotina.,sklearn_gb_v1,sklearn_v1
PONTES E LACERDA,baciloscopia,2025,32,0.2757,1,0.0,0.0,4.0,sem_silencio_aparente,Manter acompanhamento de rotina.,sklearn_gb_v1,sklearn_v1
PONTES E LACERDA,cultura_para_fungos,2025,31,0.2757,1,0.0,0.0,4.0,sem_silencio_aparente,Manter acompanhamento de rotina.,sklearn_gb_v1,sklearn_v1
COLIDER,influenza,2025,16,0.2757,1,0.0,0.0,4.0,sem_silencio_aparente,Manter acompanhamento de rotina.,sklearn_gb_v1,sklearn_v1
CAMPO VERDE,sarampo_biologia_molecular,2025,43,0.2757,1,0.0,0.0,4.0,sem_silencio_aparente,Manter acompanhamento de rotina.,sklearn_gb_v1,sklearn_v1
BARRA DO GARCAS,citomegalovirus_igg,2025,14,0.2757,1,0.0,0.0,4.0,sem_silencio_aparente,Manter acompanhamento de rotina.,sklearn_gb_v1,sklearn_v1
CAMPO VERDE,cultura_para_fungos,2025,11,0.2757,1,0.0,0.0,4.0,sem_silencio_aparente,Manter acompanhamento de rotina.,sklearn_gb_v1,sklearn_v1
ALTA FLORESTA,rubeola_igg,2024,46,0.2757,1,0.0,0.0,4.0,sem_silencio_aparente,Manter acompanhamento de rotina.,sklearn_gb_v1,sklearn_v1
JUINA,chagas_igg,2025,28,0.2757,1,0.0,0.0,4.0,sem_silencio_aparente,Manter acompanhamento de rotina.,sklearn_gb_v1,sklearn_v1
BARRA DO GARCAS,varicela_zoster_biologia_molecular,2024,37,0.2757,1,0.0,0.0,4.0,sem_silencio_aparente,Manter acompanhamento de rotina.,sklearn_gb_v1,sklearn_v1
PONTES E LACERDA,influenza,2024,23,0.2757,1,0.0,0.0,4.0,sem_silencio_aparente,Manter acompanhamento de rotina.,sklearn_gb_v1,sklearn_v1
CAMPO VERDE,citomegalovirus_igg,2025,26,0.2757,1,0.0,0.0,4.0,sem_silencio_aparente,Manter acompanhamento de rotina.,sklearn_gb_v1,sklearn_v1
CAMPO NOVO DO PARECIS,tuberculose,2025,26,0.2757,1,0.0,0.0,4.0,sem_silencio_aparente,Manter acompanhamento de rotina.,sklearn_gb_v1,sklearn_v1
PONTES E LACERDA,bacterias_teste_de_sensibilidade_ii,2025,3,0.2757,1,0.0,0.0,4.0,sem_silencio_aparente,Manter acompanhamento de rotina.,sklearn_gb_v1,sklearn_v1
AGUA BOA,toxoplasmose_igg,2025,20,0.2757,1,0.0,0.0,4.0,sem_silencio_aparente,Manter acompanhamento de rotina.,sklearn_gb_v1,sklearn_v1
PEIXOTO DE AZEVEDO,toxoplasmose_igm,2024,35,0.2754,1,0.0,0.0,4.0,sem_silencio_aparente,Manter acompanhamento de rotina.,sklearn_gb_v1,sklearn_v1
VERA,zika,2025,31,0.2754,1,42.125,1.0,0.0,sem_silencio_aparente,Manter acompanhamento de rotina.,sklearn_gb_v1,sklearn_v1
PEIXOTO DE AZEVEDO,sifilis,2025,12,0.2754,1,0.0,0.0,4.0,sem_silencio_aparente,Manter acompanhamento de rotina.,sklearn_gb_v1,sklearn_v1
PEIXOTO DE AZEVEDO,leishmaniose_visceral_humana_teste_rapido,2025,28,0.2754,1,0.0,0.0,4.0,sem_silencio_aparente,Manter acompanhamento de rotina.,sklearn_gb_v1,sklearn_v1
PEIXOTO DE AZEVEDO,htlv_i_ii_virus_linfotropico_humano_tipo_i_e_ii,2024,35,0.2754,1,0.0,0.0,4.0,sem_silencio_aparente,Manter acompanhamento de rotina.,sklearn_gb_v1,sklearn_v1
PEIXOTO DE AZEVEDO,neisseria_gonorrhoeae,2025,12,0.2754,1,0.0,0.0,4.0,sem_silencio_aparente,Manter acompanhamento de rotina.,sklearn_gb_v1,sklearn_v1
PEIXOTO DE AZEVEDO,rubeola_igm,2024,35,0.2754,1,0.0,0.0,4.0,sem_silencio_aparente,Manter acompanhamento de rotina.,sklearn_gb_v1,sklearn_v1
PEIXOTO DE AZEVEDO,citomegalovirus_igm,2024,35,0.2754,1,0.0,0.0,4.0,sem_silencio_aparente,Manter acompanhamento de rotina.,sklearn_gb_v1,sklearn_v1
PONTES E LACERDA,fungos_teste_de_sensibilidade,2025,31,0.2748,1,0.0,0.0,4.0,sem_silencio_aparente,Manter acompanhamento de rotina.,sklearn_gb_v1,sklearn_v1
PONTES E LACERDA,parvovirus_b19_igg,2025,32,0.2748,1,0.0,0.0,4.0,sem_silencio_aparente,Manter acompanhamento de rotina.,sklearn_gb_v1,sklearn_v1
CAMPO VERDE,citomegalovirus_igm,2025,26,0.2748,1,0.0,0.0,4.0,sem_silencio_aparente,Manter acompanhamento de rotina.,sklearn_gb_v1,sklearn_v1
PONTES E LACERDA,brucelose_igm,2024,26,0.2748,1,0.0,0.0,4.0,sem_silencio_aparente,Manter acompanhamento de rotina.,sklearn_gb_v1,sklearn_v1
PONTES E LACERDA,chagas,2025,33,0.2748,1,0.0,0.0,4.0,sem_silencio_aparente,Manter acompanhamento de rotina.,sklearn_gb_v1,sklearn_v1
PONTES E LACERDA,criptococos_teste_rapido,2025,41,0.2748,1,0.0,0.0,4.0,sem_silencio_aparente,Manter acompanhamento de rotina.,sklearn_gb_v1,sklearn_v1
PONTES E LACERDA,fungos,2025,21,0.2748,1,0.0,0.0,4.0,sem_silencio_aparente,Manter acompanhamento de rotina.,sklearn_gb_v1,sklearn_v1
BARRA DO GARCAS,rubeola_igg,2024,42,0.2748,1,0.0,0.0,4.0,sem_silencio_aparente,Manter acompanhamento de rotina.,sklearn_gb_v1,sklearn_v1
CAMPO NOVO DO PARECIS,mayaro_biologia_molecular,2025,35,0.2748,1,0.0,0.0,4.0,sem_silencio_aparente,Manter acompanhamento de rotina.,sklearn_gb_v1,sklearn_v1
NOVA MUTUM,sarampo_igm,2024,51,0.2748,1,0.0,0.0,4.0,sem_silencio_aparente,Manter acompanhamento de rotina.,sklearn_gb_v1,sklearn_v1
ALTA FLORESTA,oropouche_biologia_molecular,2025,15,0.2748,1,0.0,0.0,4.0,sem_silencio_aparente,Manter acompanhamento de rotina.,sklearn_gb_v1,sklearn_v1
AGUA BOA,virus_respiratorios,2025,22,0.2748,1,0.0,0.0,4.0,sem_silencio_aparente,Manter acompanhamento de rotina.,sklearn_gb_v1,sklearn_v1
CAMPO NOVO DO PARECIS,oropouche_biologia_molecular,2025,35,0.2748,1,0.0,0.0,4.0,sem_silencio_aparente,Manter acompanhamento de rotina.,sklearn_gb_v1,sklearn_v1
NOVA MUTUM,sarampo_igg,2024,51,0.2748,1,0.0,0.0,4.0,sem_silencio_aparente,Manter acompanhamento de rotina.,sklearn_gb_v1,sklearn_v1
SAPEZAL,tuberculose,2025,7,0.2748,1,0.0,0.0,4.0,sem_silencio_aparente,Manter acompanhamento de rotina.,sklearn_gb_v1,sklearn_v1
SAPEZAL,rifampicina,2025,8,0.2748,1,0.0,0.0,4.0,sem_silencio_aparente,Manter acompanhamento de rotina.,sklearn_gb_v1,sklearn_v1
NOVA MUTUM,tuberculose,2025,28,0.2748,1,0.0,0.0,4.0,sem_silencio_aparente,Manter acompanhamento de rotina.,sklearn_gb_v1,sklearn_v1
ALTA FLORESTA,febre_amarela_igm,2024,27,0.2748,1,0.0,1.0,4.0,sem_silencio_aparente,Manter acompanhamento de rotina.,sklearn_gb_v1,sklearn_v1
SAPEZAL,toxoplasmose_igm,2025,32,0.2748,1,0.0,0.0,4.0,sem_silencio_aparente,Manter acompanhamento de rotina.,sklearn_gb_v1,sklearn_v1
ALTA FLORESTA,mayaro_biologia_molecular,2025,15,0.2748,1,0.0,0.0,4.0,sem_silencio_aparente,Manter acompanhamento de rotina.,sklearn_gb_v1,sklearn_v1
ALTA FLORESTA,neisseria_gonorrhoeae,2025,26,0.2748,1,0.0,0.0,4.0,sem_silencio_aparente,Manter acompanhamento de rotina.,sklearn_gb_v1,sklearn_v1
NOVA MUTUM,neisseria_gonorrhoeae,2025,27,0.2748,1,0.0,0.0,4.0,sem_silencio_aparente,Manter acompanhamento de rotina.,sklearn_gb_v1,sklearn_v1
ALTA FLORESTA,sarampo_igm,2024,46,0.2748,1,0.0,0.0,4.0,sem_silencio_aparente,Manter acompanhamento de rotina.,sklearn_gb_v1,sklearn_v1
PONTES E LACERDA,esquistossomose_sorologia,2024,28,0.2748,1,0.0,0.0,4.0,sem_silencio_aparente,Manter acompanhamento de rotina.,sklearn_gb_v1,sklearn_v1
BARRA DO GARCAS,variola,2024,37,0.2748,1,0.0,0.0,4.0,sem_silencio_aparente,Manter acompanhamento de rotina.,sklearn_gb_v1,sklearn_v1
PONTES E LACERDA,chagas_igg,2025,33,0.2748,1,0.0,0.0,4.0,sem_silencio_aparente,Manter acompanhamento de rotina.,sklearn_gb_v1,sklearn_v1
PONTES E LACERDA,brucelose,2024,26,0.2748,1,0.0,0.0,4.0,sem_silencio_aparente,Manter acompanhamento de rotina.,sklearn_gb_v1,sklearn_v1
CAMPO NOVO DO PARECIS,brucelose_igg,2024,30,0.2748,1,0.0,0.0,4.0,sem_silencio_aparente,Manter acompanhamento de rotina.,sklearn_gb_v1,sklearn_v1
COLIDER,chagas_igg,2025,15,0.2748,1,0.0,0.0,4.0,sem_silencio_aparente,Manter acompanhamento de rotina.,sklearn_gb_v1,sklearn_v1
NOVA MUTUM,bacterias_teste_de_sensibilidade,2025,12,0.2748,1,0.0,0.0,4.0,sem_silencio_aparente,Manter acompanhamento de rotina.,sklearn_gb_v1,sklearn_v1
JUINA,neisseria_gonorrhoeae,2024,52,0.2748,1,0.0,0.0,4.0,sem_silencio_aparente,Manter acompanhamento de rotina.,sklearn_gb_v1,sklearn_v1
PONTES E LACERDA,parvovirus_b19_igm,2025,32,0.2748,1,0.0,0.0,4.0,sem_silencio_aparente,Manter acompanhamento de rotina.,sklearn_gb_v1,sklearn_v1
PONTES E LACERDA,lyme_igm,2024,26,0.2748,1,0.0,0.0,4.0,sem_silencio_aparente,Manter acompanhamento de rotina.,sklearn_gb_v1,sklearn_v1
PONTES E LACERDA,lyme_igg,2024,26,0.2748,1,0.0,0.0,4.0,sem_silencio_aparente,Manter acompanhamento de rotina.,sklearn_gb_v1,sklearn_v1
PONTES E LACERDA,mayaro_biologia_molecular,2025,32,0.2748,1,0.0,0.0,4.0,sem_silencio_aparente,Manter acompanhamento de rotina.,sklearn_gb_v1,sklearn_v1
PONTES E LACERDA,oropouche_biologia_molecular,2025,32,0.2748,1,0.0,0.0,4.0,sem_silencio_aparente,Manter acompanhamento de rotina.,sklearn_gb_v1,sklearn_v1
JUINA,leishmaniose_visceral_humana_teste_rapido,2025,25,0.2748,1,0.0,0.0,4.0,sem_silencio_aparente,Manter acompanhamento de rotina.,sklearn_gb_v1,sklearn_v1
PONTES E LACERDA,leishmaniose_visceral_humana_teste_rapido,2025,29,0.2748,1,0.0,0.0,4.0,sem_silencio_aparente,Manter acompanhamento de rotina.,sklearn_gb_v1,sklearn_v1
JUINA,leptospira,2025,25,0.2748,1,0.0,0.0,4.0,sem_silencio_aparente,Manter acompanhamento de rotina.,sklearn_gb_v1,sklearn_v1
BARRA DO GARCAS,chagas_igg,2025,18,0.2748,1,0.0,0.0,4.0,sem_silencio_aparente,Manter acompanhamento de rotina.,sklearn_gb_v1,sklearn_v1
BARRA DO GARCAS,chagas,2025,18,0.2748,1,0.0,0.0,4.0,sem_silencio_aparente,Manter acompanhamento de rotina.,sklearn_gb_v1,sklearn_v1
COLIDER,febre_amarela_biologia_molecular,2025,13,0.2748,1,0.0,0.0,4.0,sem_silencio_aparente,Manter acompanhamento de rotina.,sklearn_gb_v1,sklearn_v1
CAMPO NOVO DO PARECIS,fungos,2025,30,0.2748,1,0.0,0.0,4.0,sem_silencio_aparente,Manter acompanhamento de rotina.,sklearn_gb_v1,sklearn_v1
CAMPO VERDE,mayaro_biologia_molecular,2025,18,0.2748,1,0.0,0.0,4.0,sem_silencio_aparente,Manter acompanhamento de rotina.,sklearn_gb_v1,sklearn_v1
CAMPO VERDE,oropouche_biologia_molecular,2025,18,0.2748,1,0.0,0.0,4.0,sem_silencio_aparente,Manter acompanhamento de rotina.,sklearn_gb_v1,sklearn_v1
CAMPO VERDE,rifampicina,2024,50,0.2748,1,0.0,0.0,4.0,sem_silencio_aparente,Manter acompanhamento de rotina.,sklearn_gb_v1,sklearn_v1
AGUA BOA,toxoplasmose_igm,2025,20,0.2748,1,0.0,0.0,4.0,sem_silencio_aparente,Manter acompanhamento de rotina.,sklearn_gb_v1,sklearn_v1
CAMPO NOVO DO PARECIS,sarampo_igg,2024,43,0.2748,1,0.0,0.0,4.0,sem_silencio_aparente,Manter acompanhamento de rotina.,sklearn_gb_v1,sklearn_v1
CAMPO NOVO DO PARECIS,leishmaniose_visceral_humana_teste_rapido,2024,30,0.2748,1,0.0,0.0,4.0,sem_silencio_aparente,Manter acompanhamento de rotina.,sklearn_gb_v1,sklearn_v1
AGUA BOA,neisseria_gonorrhoeae,2025,24,0.2748,1,0.0,0.0,4.0,sem_silencio_aparente,Manter acompanhamento de rotina.,sklearn_gb_v1,sklearn_v1
AGUA BOA,leishmaniose_visceral_humana_teste_rapido,2025,31,0.2748,1,0.0,0.0,4.0,sem_silencio_aparente,Manter acompanhamento de rotina.,sklearn_gb_v1,sklearn_v1
COLIDER,leptospira,2025,13,0.2748,1,0.0,1.0,4.0,sem_silencio_aparente,Manter acompanhamento de rotina.,sklearn_gb_v1,sklearn_v1
CAMPO NOVO DO PARECIS,sarampo_igm,2024,43,0.2748,1,0.0,0.0,4.0,sem_silencio_aparente,Manter acompanhamento de rotina.,sklearn_gb_v1,sklearn_v1
CAMPO NOVO DO PARECIS,parvovirus_b19_igm,2025,15,0.2748,1,0.0,0.0,4.0,sem_silencio_aparente,Manter acompanhamento de rotina.,sklearn_gb_v1,sklearn_v1
CAMPO VERDE,leptospira,2025,33,0.2748,1,0.0,0.0,4.0,sem_silencio_aparente,Manter acompanhamento de rotina.,sklearn_gb_v1,sklearn_v1
CAMPO VERDE,leishmaniose_visceral_humana_teste_rapido,2024,45,0.2748,1,0.0,0.0,4.0,sem_silencio_aparente,Manter acompanhamento de rotina.,sklearn_gb_v1,sklearn_v1
BARRA DO GARCAS,cultura_para_fungos,2025,29,0.2748,1,0.0,0.0,4.0,sem_silencio_aparente,Manter acompanhamento de rotina.,sklearn_gb_v1,sklearn_v1
BARRA DO GARCAS,citomegalovirus_igm,2025,14,0.2748,1,0.0,0.0,4.0,sem_silencio_aparente,Manter acompanhamento de rotina.,sklearn_gb_v1,sklearn_v1
BARRA DO GARCAS,fungos,2025,33,0.2748,1,0.0,0.0,4.0,sem_silencio_aparente,Manter acompanhamento de rotina.,sklearn_gb_v1,sklearn_v1
COLIDER,chagas,2025,15,0.2748,1,0.0,0.0,4.0,sem_silencio_aparente,Manter acompanhamento de rotina.,sklearn_gb_v1,sklearn_v1
CAMPO NOVO DO PARECIS,citomegalovirus_igm,2024,32,0.2748,1,0.0,0.0,4.0,sem_silencio_aparente,Manter acompanhamento de rotina.,sklearn_gb_v1,sklearn_v1
PONTES E LACERDA,bacterias_teste_de_sensibilidade,2025,33,0.2748,1,0.0,0.0,4.0,sem_silencio_aparente,Manter acompanhamento de rotina.,sklearn_gb_v1,sklearn_v1
CAMPO NOVO DO PARECIS,tuberculose_cultura,2025,27,0.2748,1,0.0,1.0,4.0,sem_silencio_aparente,Manter acompanhamento de rotina.,sklearn_gb_v1,sklearn_v1
COLIDER,mayaro_biologia_molecular,2025,20,0.2748,1,0.0,0.0,4.0,sem_silencio_aparente,Manter acompanhamento de rotina.,sklearn_gb_v1,sklearn_v1
JUARA,leishmaniose_visceral_humana_teste_rapido,2025,18,0.2748,1,0.0,0.0,4.0,sem_silencio_aparente,Manter acompanhamento de rotina.,sklearn_gb_v1,sklearn_v1
PONTES E LACERDA,varicela_zoster_biologia_molecular,2024,51,0.2748,1,0.0,0.0,4.0,sem_silencio_aparente,Manter acompanhamento de rotina.,sklearn_gb_v1,sklearn_v1
CAMPO VERDE,sifilis,2025,26,0.2748,1,0.0,0.0,4.0,sem_silencio_aparente,Manter acompanhamento de rotina.,sklearn_gb_v1,sklearn_v1
BARRA DO GARCAS,rubeola_igm,2024,42,0.2748,1,0.0,0.0,4.0,sem_silencio_aparente,Manter acompanhamento de rotina.,sklearn_gb_v1,sklearn_v1
PONTES E LACERDA,variola,2024,51,0.2748,1,0.0,0.0,4.0,sem_silencio_aparente,Manter acompanhamento de rotina.,sklearn_gb_v1,sklearn_v1
BARRA DO GARCAS,meningite_bacteriana_biologia_molecular,2025,29,0.2748,1,0.0,0.0,4.0,sem_silencio_aparente,Manter acompanhamento de rotina.,sklearn_gb_v1,sklearn_v1
CAMPO VERDE,toxoplasmose_igm,2025,26,0.2748,1,0.0,0.0,4.0,sem_silencio_aparente,Manter acompanhamento de rotina.,sklearn_gb_v1,sklearn_v1
JUARA,sarampo_igg,2025,40,0.2748,1,0.0,0.0,4.0,sem_silencio_aparente,Manter acompanhamento de rotina.,sklearn_gb_v1,sklearn_v1
JUARA,virus_respiratorios,2025,26,0.2748,1,0.0,0.0,4.0,sem_silencio_aparente,Manter acompanhamento de rotina.,sklearn_gb_v1,sklearn_v1
ALTA FLORESTA,variola,2024,46,0.2748,1,0.0,0.0,4.0,sem_silencio_aparente,Manter acompanhamento de rotina.,sklearn_gb_v1,sklearn_v1
ALTA FLORESTA,varicela_zoster_biologia_molecular,2024,46,0.2748,1,0.0,0.0,4.0,sem_silencio_aparente,Manter acompanhamento de rotina.,sklearn_gb_v1,sklearn_v1
NOVA MUTUM,fungos_teste_de_sensibilidade,2025,18,0.2748,1,0.0,0.0,4.0,sem_silencio_aparente,Manter acompanhamento de rotina.,sklearn_gb_v1,sklearn_v1
NOVA MUTUM,hepatite_d_hdv,2024,52,0.2748,1,0.0,0.0,4.0,sem_silencio_aparente,Manter acompanhamento de rotina.,sklearn_gb_v1,sklearn_v1
JUARA,sarampo_igm,2025,40,0.2748,1,0.0,0.0,4.0,sem_silencio_aparente,Manter acompanhamento de rotina.,sklearn_gb_v1,sklearn_v1
COLIDER,oropouche_biologia_molecular,2025,20,0.2748,1,0.0,0.0,4.0,sem_silencio_aparente,Manter acompanhamento de rotina.,sklearn_gb_v1,sklearn_v1
ALTA FLORESTA,sarampo_igg,2024,46,0.2748,1,0.0,0.0,4.0,sem_silencio_aparente,Manter acompanhamento de rotina.,sklearn_gb_v1,sklearn_v1
ALTA FLORESTA,rubeola_igm,2024,46,0.2748,1,0.0,0.0,4.0,sem_silencio_aparente,Manter acompanhamento de rotina.,sklearn_gb_v1,sklearn_v1
ALTA FLORESTA,sars_cov_2,2025,26,0.2748,1,0.0,0.0,4.0,sem_silencio_aparente,Manter acompanhamento de rotina.,sklearn_gb_v1,sklearn_v1
LUCAS DO RIO VERDE,variola,2024,43,0.2747,1,0.0,0.0,4.0,sem_silencio_aparente,Manter acompanhamento de rotina.,sklearn_gb_v1,sklearn_v1
CONFRESA,chikungunya,2025,23,0.2745,2,0.0,0.0,4.0,sem_silencio_aparente,Manter acompanhamento de rotina.,sklearn_gb_v1,sklearn_v1
CONFRESA,zika,2025,23,0.2745,2,0.0,0.0,4.0,sem_silencio_aparente,Manter acompanhamento de rotina.,sklearn_gb_v1,sklearn_v1
LUCAS DO RIO VERDE,varicela_zoster_biologia_molecular,2024,43,0.2738,1,0.0,0.0,4.0,sem_silencio_aparente,Manter acompanhamento de rotina.,sklearn_gb_v1,sklearn_v1
SAO JOSE DO RIO CLARO,influenza,2025,20,0.2737,2,0.0,0.0,4.0,sem_silencio_aparente,Manter acompanhamento de rotina.,sklearn_gb_v1,sklearn_v1
PARANATINGA,variola,2025,19,0.2733,2,0.0,0.0,4.0,sem_silencio_aparente,Manter acompanhamento de rotina.,sklearn_gb_v1,sklearn_v1
PARANATINGA,sars_cov_2,2025,23,0.2733,2,0.0,0.0,4.0,sem_silencio_aparente,Manter acompanhamento de rotina.,sklearn_gb_v1,sklearn_v1
VILA RICA,rifampicina,2025,21,0.2733,2,0.0,1.0,4.0,sem_silencio_aparente,Manter acompanhamento de rotina.,sklearn_gb_v1,sklearn_v1
CHAPADA DOS GUIMARAES,pesquisa_de_genes_de_resistencia,2024,27,0.2732,2,0.0,0.0,4.0,sem_silencio_aparente,Manter acompanhamento de rotina.,sklearn_gb_v1,sklearn_v1
ARIPUANA,pesquisa_de_genes_de_resistencia,2024,26,0.2732,2,0.0,0.0,4.0,sem_silencio_aparente,Manter acompanhamento de rotina.,sklearn_gb_v1,sklearn_v1
CHAPADA DOS GUIMARAES,bacterias_teste_de_sensibilidade,2024,27,0.2732,2,0.0,0.0,4.0,sem_silencio_aparente,Manter acompanhamento de rotina.,sklearn_gb_v1,sklearn_v1
PARANATINGA,hepatite_a,2025,11,0.2732,2,0.0,0.0,4.0,sem_silencio_aparente,Manter acompanhamento de rotina.,sklearn_gb_v1,sklearn_v1
CHAPADA DOS GUIMARAES,leptospira,2025,18,0.2725,2,0.0,2.0,4.0,sem_silencio_aparente,Manter acompanhamento de rotina.,sklearn_gb_v1,sklearn_v1
PALMAS,chikungunya,2025,19,0.2722,1,1.8333333333333333,0.0,0.0,sem_silencio_aparente,Manter acompanhamento de rotina.,sklearn_gb_v1,sklearn_v1
NOSSA SENHORA DO LIVRAMENTO,hepatite_b_hbv,2025,30,0.271,1,1.0,0.0,0.0,sem_silencio_aparente,Manter acompanhamento de rotina.,sklearn_gb_v1,sklearn_v1
PEIXOTO DE AZEVEDO,tuberculose_teste_de_sensibilidade,2025,20,0.271,2,0.0,2.0,4.0,sem_silencio_aparente,Manter acompanhamento de rotina.,sklearn_gb_v1,sklearn_v1
CASTANHEIRA,fungos,2025,29,0.2708,1,1.1428571428571428,0.0,0.0,sem_silencio_aparente,Manter acompanhamento de rotina.,sklearn_gb_v1,sklearn_v1
VILA RICA,leptospira,2025,21,0.2704,3,0.0,0.0,4.0,sem_silencio_aparente,Manter acompanhamento de rotina.,sklearn_gb_v1,sklearn_v1
RONDONOPOLIS,tuberculose,2025,26,0.2696,1,0.0,3.0,4.0,sem_silencio_aparente,Manter acompanhamento de rotina.,sklearn_gb_v1,sklearn_v1
POCONE,pesquisa_de_genes_de_resistencia,2024,31,0.2686,2,0.0,0.0,4.0,sem_silencio_aparente,Manter acompanhamento de rotina.,sklearn_gb_v1,sklearn_v1
PLANALTO DA SERRA,dengue,2025,28,0.2685,1,1.25,0.0,0.0,sem_silencio_aparente,Manter acompanhamento de rotina.,sklearn_gb_v1,sklearn_v1
CACERES,citomegalovirus_igg,2024,48,0.2679,1,0.0,0.0,4.0,sem_silencio_aparente,Manter acompanhamento de rotina.,sklearn_gb_v1,sklearn_v1
CACERES,toxoplasmose_igg,2024,48,0.2679,1,0.0,0.0,4.0,sem_silencio_aparente,Manter acompanhamento de rotina.,sklearn_gb_v1,sklearn_v1
DENISE,sarampo_biologia_molecular,2025,43,0.2675,2,0.0,0.0,4.0,sem_silencio_aparente,Manter acompanhamento de rotina.,sklearn_gb_v1,sklearn_v1
DENISE,hantavirus,2025,7,0.2675,2,0.0,0.0,4.0,sem_silencio_aparente,Manter acompanhamento de rotina.,sklearn_gb_v1,sklearn_v1
DENISE,pesquisa_de_multipatogenos_ist,2025,16,0.2675,2,0.0,0.0,4.0,sem_silencio_aparente,Manter acompanhamento de rotina.,sklearn_gb_v1,sklearn_v1
CHAPADA DOS GUIMARAES,tuberculose_teste_de_sensibilidade,2025,14,0.2672,2,0.0,0.0,4.0,sem_silencio_aparente,Manter acompanhamento de rotina.,sklearn_gb_v1,sklearn_v1
PARAGOMINAS,chikungunya,2025,14,0.2668,2,1.5,0.0,0.0,sem_silencio_aparente,Manter acompanhamento de rotina.,sklearn_gb_v1,sklearn_v1
SALVADOR,dengue,2025,9,0.2668,2,1.5,0.0,0.0,sem_silencio_aparente,Manter acompanhamento de rotina.,sklearn_gb_v1,sklearn_v1
MARABA,chikungunya,2025,16,0.2668,2,1.5,0.0,0.0,sem_silencio_aparente,Manter acompanhamento de rotina.,sklearn_gb_v1,sklearn_v1
NOVA MARILANDIA,pesquisa_de_genes_de_resistencia,2024,27,0.2668,4,0.0,0.0,4.0,sem_silencio_aparente,Manter acompanhamento de rotina.,sklearn_gb_v1,sklearn_v1
ITACOATIARA,chikungunya,2025,25,0.2668,2,1.5,0.0,0.0,sem_silencio_aparente,Manter acompanhamento de rotina.,sklearn_gb_v1,sklearn_v1
MIRASSOL D''OESTE,bacterias_teste_de_sensibilidade,2025,33,0.2668,2,1.5,0.0,0.0,sem_silencio_aparente,Manter acompanhamento de rotina.,sklearn_gb_v1,sklearn_v1
SANTO ANTONIO DO LEVERGER,meningite_bacteriana_biologia_molecular,2025,34,0.2667,3,0.0,1.0,4.0,sem_silencio_aparente,Manter acompanhamento de rotina.,sklearn_gb_v1,sklearn_v1
ITANHANGA,influenza_a,2025,10,0.2664,2,0.0,0.0,4.0,sem_silencio_aparente,Manter acompanhamento de rotina.,sklearn_gb_v1,sklearn_v1
NOVO HORIZONTE DO NORTE,zika,2025,22,0.2662,1,1.4,1.0,0.0,sem_silencio_aparente,Manter acompanhamento de rotina.,sklearn_gb_v1,sklearn_v1
MIRASSOL D''OESTE,influenza_a,2025,34,0.2659,2,1.5,0.0,0.0,sem_silencio_aparente,Manter acompanhamento de rotina.,sklearn_gb_v1,sklearn_v1
CASCAVEL,chikungunya,2025,30,0.2659,2,1.5,0.0,0.0,sem_silencio_aparente,Manter acompanhamento de rotina.,sklearn_gb_v1,sklearn_v1
MIRASSOL D''OESTE,influenza_b,2025,34,0.2659,2,1.5,0.0,0.0,sem_silencio_aparente,Manter acompanhamento de rotina.,sklearn_gb_v1,sklearn_v1
MARINGA,zika,2025,18,0.2659,2,1.5,0.0,0.0,sem_silencio_aparente,Manter acompanhamento de rotina.,sklearn_gb_v1,sklearn_v1
PONTAL DO ARAGUAIA,pesquisa_de_genes_de_resistencia,2024,30,0.2652,2,0.0,0.0,4.0,sem_silencio_aparente,Manter acompanhamento de rotina.,sklearn_gb_v1,sklearn_v1
SORRISO,rubeola_igg,2025,32,0.2651,1,0.0,0.0,4.0,sem_silencio_aparente,Manter acompanhamento de rotina.,sklearn_gb_v1,sklearn_v1
SORRISO,htlv_i_ii_virus_linfotropico_humano_tipo_i_e_ii,2025,14,0.2651,1,0.0,0.0,4.0,sem_silencio_aparente,Manter acompanhamento de rotina.,sklearn_gb_v1,sklearn_v1
SORRISO,bacterias_teste_de_sensibilidade,2024,22,0.2651,1,0.0,0.0,4.0,sem_silencio_aparente,Manter acompanhamento de rotina.,sklearn_gb_v1,sklearn_v1
SORRISO,citomegalovirus_igg,2025,22,0.2651,1,0.0,0.0,4.0,sem_silencio_aparente,Manter acompanhamento de rotina.,sklearn_gb_v1,sklearn_v1
SINOP,neisseria_gonorrhoeae,2025,26,0.2651,1,0.0,0.0,4.0,sem_silencio_aparente,Manter acompanhamento de rotina.,sklearn_gb_v1,sklearn_v1
RONDONOPOLIS,leishmaniose_visceral_humana_total,2024,44,0.2651,1,0.0,0.0,4.0,sem_silencio_aparente,Manter acompanhamento de rotina.,sklearn_gb_v1,sklearn_v1
SORRISO,parvovirus_b19_igm,2025,45,0.2651,1,0.0,0.0,4.0,sem_silencio_aparente,Manter acompanhamento de rotina.,sklearn_gb_v1,sklearn_v1
SORRISO,parvovirus_b19_igg,2025,45,0.2651,1,0.0,0.0,4.0,sem_silencio_aparente,Manter acompanhamento de rotina.,sklearn_gb_v1,sklearn_v1
SINOP,htlv_i_ii_virus_linfotropico_humano_tipo_i_e_ii,2025,25,0.2651,1,0.0,0.0,4.0,sem_silencio_aparente,Manter acompanhamento de rotina.,sklearn_gb_v1,sklearn_v1
SINOP,bacterias_teste_de_sensibilidade,2024,25,0.2651,1,0.0,0.0,4.0,sem_silencio_aparente,Manter acompanhamento de rotina.,sklearn_gb_v1,sklearn_v1
CUIABA,oropouche_igm,2025,9,0.2648,1,0.0,0.0,4.0,sem_silencio_aparente,Manter acompanhamento de rotina.,sklearn_gb_v1,sklearn_v1
CUIABA,fungos_teste_de_sensibilidade,2025,18,0.2648,1,0.0,0.0,4.0,sem_silencio_aparente,Manter acompanhamento de rotina.,sklearn_gb_v1,sklearn_v1
PRIMAVERA DO LESTE,bacterias_teste_de_sensibilidade,2024,27,0.2646,1,0.0,0.0,4.0,sem_silencio_aparente,Manter acompanhamento de rotina.,sklearn_gb_v1,sklearn_v1
CACERES,htlv_i_ii_virus_linfotropico_humano_tipo_i_e_ii,2024,46,0.2644,1,0.0,0.0,4.0,sem_silencio_aparente,Manter acompanhamento de rotina.,sklearn_gb_v1,sklearn_v1
CACERES,neisseria_gonorrhoeae,2025,31,0.2644,1,0.0,0.0,4.0,sem_silencio_aparente,Manter acompanhamento de rotina.,sklearn_gb_v1,sklearn_v1
CACERES,fungos_teste_de_sensibilidade,2025,23,0.2644,1,0.0,0.0,4.0,sem_silencio_aparente,Manter acompanhamento de rotina.,sklearn_gb_v1,sklearn_v1
CACERES,leishmaniose_visceral_humana_teste_rapido,2025,31,0.2644,1,0.0,0.0,4.0,sem_silencio_aparente,Manter acompanhamento de rotina.,sklearn_gb_v1,sklearn_v1
CACERES,citomegalovirus_igm,2024,48,0.2644,1,0.0,0.0,4.0,sem_silencio_aparente,Manter acompanhamento de rotina.,sklearn_gb_v1,sklearn_v1
SINOP,leishmaniose_tegumentar_americana_igg,2024,33,0.2642,1,0.0,0.0,4.0,sem_silencio_aparente,Manter acompanhamento de rotina.,sklearn_gb_v1,sklearn_v1
SINOP,brucelose_igm,2025,5,0.2642,1,0.0,0.0,4.0,sem_silencio_aparente,Manter acompanhamento de rotina.,sklearn_gb_v1,sklearn_v1
SINOP,fungos,2025,3,0.2642,1,0.0,0.0,4.0,sem_silencio_aparente,Manter acompanhamento de rotina.,sklearn_gb_v1,sklearn_v1
SINOP,chagas_igg,2024,34,0.2642,1,0.0,0.0,4.0,sem_silencio_aparente,Manter acompanhamento de rotina.,sklearn_gb_v1,sklearn_v1
SINOP,cultura_para_fungos,2025,3,0.2642,1,0.0,0.0,4.0,sem_silencio_aparente,Manter acompanhamento de rotina.,sklearn_gb_v1,sklearn_v1
SORRISO,leishmaniose_visceral_humana_teste_rapido,2025,17,0.2642,1,0.0,0.0,4.0,sem_silencio_aparente,Manter acompanhamento de rotina.,sklearn_gb_v1,sklearn_v1
SORRISO,leptospira,2025,19,0.2642,1,0.0,1.0,4.0,sem_silencio_aparente,Manter acompanhamento de rotina.,sklearn_gb_v1,sklearn_v1
SINOP,meningite_bacteriana_biologia_molecular,2025,34,0.2642,1,0.0,1.0,4.0,sem_silencio_aparente,Manter acompanhamento de rotina.,sklearn_gb_v1,sklearn_v1
SINOP,parvovirus_b19_igg,2025,27,0.2642,1,0.0,0.0,4.0,sem_silencio_aparente,Manter acompanhamento de rotina.,sklearn_gb_v1,sklearn_v1
SINOP,paracoccidioidomicose,2025,4,0.2642,1,0.0,0.0,4.0,sem_silencio_aparente,Manter acompanhamento de rotina.,sklearn_gb_v1,sklearn_v1
SORRISO,oropouche_biologia_molecular,2025,26,0.2642,1,0.0,0.0,4.0,sem_silencio_aparente,Manter acompanhamento de rotina.,sklearn_gb_v1,sklearn_v1
SORRISO,rubeola_igm,2025,32,0.2642,1,0.0,0.0,4.0,sem_silencio_aparente,Manter acompanhamento de rotina.,sklearn_gb_v1,sklearn_v1
SORRISO,sarampo_igg,2025,32,0.2642,1,0.0,0.0,4.0,sem_silencio_aparente,Manter acompanhamento de rotina.,sklearn_gb_v1,sklearn_v1
SORRISO,febre_amarela_biologia_molecular,2025,29,0.2642,1,0.0,1.0,4.0,sem_silencio_aparente,Manter acompanhamento de rotina.,sklearn_gb_v1,sklearn_v1
SORRISO,neisseria_gonorrhoeae,2025,21,0.2642,1,0.0,0.0,4.0,sem_silencio_aparente,Manter acompanhamento de rotina.,sklearn_gb_v1,sklearn_v1
SORRISO,mayaro_biologia_molecular,2025,26,0.2642,1,0.0,0.0,4.0,sem_silencio_aparente,Manter acompanhamento de rotina.,sklearn_gb_v1,sklearn_v1
SORRISO,paracoccidioidomicose,2024,25,0.2642,1,0.0,0.0,4.0,sem_silencio_aparente,Manter acompanhamento de rotina.,sklearn_gb_v1,sklearn_v1
SORRISO,sarampo_igm,2025,32,0.2642,1,0.0,0.0,4.0,sem_silencio_aparente,Manter acompanhamento de rotina.,sklearn_gb_v1,sklearn_v1
SORRISO,cultura_para_fungos,2025,28,0.2642,1,0.0,0.0,4.0,sem_silencio_aparente,Manter acompanhamento de rotina.,sklearn_gb_v1,sklearn_v1
SORRISO,criptococos_teste_rapido,2025,41,0.2642,1,0.0,0.0,4.0,sem_silencio_aparente,Manter acompanhamento de rotina.,sklearn_gb_v1,sklearn_v1
SORRISO,citomegalovirus_igm,2025,22,0.2642,1,0.0,0.0,4.0,sem_silencio_aparente,Manter acompanhamento de rotina.,sklearn_gb_v1,sklearn_v1
SINOP,parvovirus_b19_igm,2025,27,0.2642,1,0.0,0.0,4.0,sem_silencio_aparente,Manter acompanhamento de rotina.,sklearn_gb_v1,sklearn_v1
SINOP,sarampo_igg,2025,26,0.2642,1,0.0,0.0,4.0,sem_silencio_aparente,Manter acompanhamento de rotina.,sklearn_gb_v1,sklearn_v1
SINOP,leptospira,2025,25,0.2642,1,0.0,1.0,4.0,sem_silencio_aparente,Manter acompanhamento de rotina.,sklearn_gb_v1,sklearn_v1
SINOP,fungos_teste_de_sensibilidade,2025,11,0.2642,1,0.0,0.0,4.0,sem_silencio_aparente,Manter acompanhamento de rotina.,sklearn_gb_v1,sklearn_v1
SINOP,mayaro_biologia_molecular,2025,8,0.2642,1,0.0,0.0,4.0,sem_silencio_aparente,Manter acompanhamento de rotina.,sklearn_gb_v1,sklearn_v1
SINOP,brucelose_igg,2025,5,0.2642,1,0.0,0.0,4.0,sem_silencio_aparente,Manter acompanhamento de rotina.,sklearn_gb_v1,sklearn_v1
SINOP,brucelose,2025,5,0.2642,1,0.0,0.0,4.0,sem_silencio_aparente,Manter acompanhamento de rotina.,sklearn_gb_v1,sklearn_v1
CHAPADA DOS GUIMARAES,pesquisa_de_carbapenemases,2024,27,0.2641,3,0.0,0.0,4.0,sem_silencio_aparente,Manter acompanhamento de rotina.,sklearn_gb_v1,sklearn_v1
CUIABA,malaria_biologia_molecular,2025,2,0.2639,1,0.0,0.0,4.0,sem_silencio_aparente,Manter acompanhamento de rotina.,sklearn_gb_v1,sklearn_v1
CUIABA,febre_do_nilo_ocidental_biologia_molecular,2025,9,0.2639,1,0.0,0.0,4.0,sem_silencio_aparente,Manter acompanhamento de rotina.,sklearn_gb_v1,sklearn_v1
CUIABA,febre_do_nilo_ocidental_igm,2025,9,0.2639,1,0.0,0.0,4.0,sem_silencio_aparente,Manter acompanhamento de rotina.,sklearn_gb_v1,sklearn_v1
CUIABA,hanseniase_biologia_molecular,2025,25,0.2639,1,0.0,0.0,4.0,sem_silencio_aparente,Manter acompanhamento de rotina.,sklearn_gb_v1,sklearn_v1
CUIABA,toxoplasmose_biologia_molecular,2025,3,0.2639,1,0.0,0.0,4.0,sem_silencio_aparente,Manter acompanhamento de rotina.,sklearn_gb_v1,sklearn_v1
CUIABA,htlv_i_ii_virus_linfotropico_humano_tipo_i_e_ii,2025,21,0.2639,1,0.0,0.0,4.0,sem_silencio_aparente,Manter acompanhamento de rotina.,sklearn_gb_v1,sklearn_v1
CUIABA,hidatidose_igg,2025,2,0.2639,1,0.0,0.0,4.0,sem_silencio_aparente,Manter acompanhamento de rotina.,sklearn_gb_v1,sklearn_v1
CUIABA,encefalite_saint_louis_biologia_molecular,2025,9,0.2639,1,0.0,0.0,4.0,sem_silencio_aparente,Manter acompanhamento de rotina.,sklearn_gb_v1,sklearn_v1
PRIMAVERA DO LESTE,virus_respiratorios,2024,42,0.2638,1,0.0,0.0,4.0,sem_silencio_aparente,Manter acompanhamento de rotina.,sklearn_gb_v1,sklearn_v1
NOVO REPARTIMENTO,chikungunya,2025,15,0.2632,2,1.5,0.0,0.0,sem_silencio_aparente,Manter acompanhamento de rotina.,sklearn_gb_v1,sklearn_v1
ANAPOLIS,chikungunya,2025,28,0.2632,2,1.5,0.0,0.0,sem_silencio_aparente,Manter acompanhamento de rotina.,sklearn_gb_v1,sklearn_v1
BARRA DO BUGRES,virus_respiratorios,2025,20,0.263,2,0.0,0.0,4.0,sem_silencio_aparente,Manter acompanhamento de rotina.,sklearn_gb_v1,sklearn_v1
BARRA DO BUGRES,pesquisa_de_genes_de_resistencia,2025,30,0.2629,2,0.0,0.0,4.0,sem_silencio_aparente,Manter acompanhamento de rotina.,sklearn_gb_v1,sklearn_v1
BARRA DO BUGRES,hiv,2025,31,0.2629,2,0.0,0.0,4.0,sem_silencio_aparente,Manter acompanhamento de rotina.,sklearn_gb_v1,sklearn_v1
ARENAPOLIS,hantavirus,2025,6,0.2627,2,0.0,0.0,4.0,sem_silencio_aparente,Manter acompanhamento de rotina.,sklearn_gb_v1,sklearn_v1
ARAPUTANGA,rifampicina,2025,3,0.2627,2,0.0,0.0,4.0,sem_silencio_aparente,Manter acompanhamento de rotina.,sklearn_gb_v1,sklearn_v1
CAMPOS DE JULIO,pesquisa_de_multipatogenos_ist,2025,17,0.2627,2,0.0,0.0,4.0,sem_silencio_aparente,Manter acompanhamento de rotina.,sklearn_gb_v1,sklearn_v1
ARAPUTANGA,fungos,2025,33,0.2627,2,0.0,0.0,4.0,sem_silencio_aparente,Manter acompanhamento de rotina.,sklearn_gb_v1,sklearn_v1
JARU,chikungunya,2025,24,0.2622,1,1.8,0.0,0.0,sem_silencio_aparente,Manter acompanhamento de rotina.,sklearn_gb_v1,sklearn_v1
LUCAS DO RIO VERDE,rifampicina,2025,30,0.262,1,0.0,3.0,4.0,sem_silencio_aparente,Manter acompanhamento de rotina.,sklearn_gb_v1,sklearn_v1
ITAUBA,influenza_a,2025,34,0.2616,1,1.125,0.0,0.0,sem_silencio_aparente,Manter acompanhamento de rotina.,sklearn_gb_v1,sklearn_v1
ITAUBA,influenza_b,2025,34,0.2616,1,1.125,0.0,0.0,sem_silencio_aparente,Manter acompanhamento de rotina.,sklearn_gb_v1,sklearn_v1
SANTO ANTONIO DO LEVERGER,pesquisa_de_genes_de_resistencia,2025,24,0.2615,2,0.0,0.0,4.0,sem_silencio_aparente,Manter acompanhamento de rotina.,sklearn_gb_v1,sklearn_v1
DENISE,leptospira,2025,7,0.2604,3,0.0,0.0,4.0,sem_silencio_aparente,Manter acompanhamento de rotina.,sklearn_gb_v1,sklearn_v1
ARAPUTANGA,baciloscopia,2024,50,0.2601,2,0.0,0.0,4.0,sem_silencio_aparente,Manter acompanhamento de rotina.,sklearn_gb_v1,sklearn_v1
NOVA SANTA HELENA,sars_cov_2,2025,34,0.2601,1,1.0,0.0,0.0,sem_silencio_aparente,Manter acompanhamento de rotina.,sklearn_gb_v1,sklearn_v1
NOVA SANTA HELENA,influenza_a,2025,34,0.2601,1,1.0,0.0,0.0,sem_silencio_aparente,Manter acompanhamento de rotina.,sklearn_gb_v1,sklearn_v1
NOVA SANTA HELENA,influenza_b,2025,34,0.2601,1,1.0,0.0,0.0,sem_silencio_aparente,Manter acompanhamento de rotina.,sklearn_gb_v1,sklearn_v1
TANGARA DA SERRA,rubeola_igg,2025,24,0.2588,1,0.0,0.0,4.0,sem_silencio_aparente,Manter acompanhamento de rotina.,sklearn_gb_v1,sklearn_v1
TANGARA DA SERRA,hiv,2025,40,0.2588,1,0.0,0.0,4.0,sem_silencio_aparente,Manter acompanhamento de rotina.,sklearn_gb_v1,sklearn_v1
MARCELANDIA,variola,2025,32,0.2587,4,0.0,0.0,4.0,sem_silencio_aparente,Manter acompanhamento de rotina.,sklearn_gb_v1,sklearn_v1
MARCELANDIA,varicela_zoster_biologia_molecular,2025,32,0.2587,4,0.0,0.0,4.0,sem_silencio_aparente,Manter acompanhamento de rotina.,sklearn_gb_v1,sklearn_v1
SANTO ANTONIO DO LEVERGER,pesquisa_de_carbapenemases,2024,29,0.2582,3,0.0,0.0,4.0,sem_silencio_aparente,Manter acompanhamento de rotina.,sklearn_gb_v1,sklearn_v1
TANGARA DA SERRA,febre_amarela_biologia_molecular,2024,27,0.258,1,0.0,0.0,4.0,sem_silencio_aparente,Manter acompanhamento de rotina.,sklearn_gb_v1,sklearn_v1
TANGARA DA SERRA,rubeola_igm,2025,24,0.258,1,0.0,0.0,4.0,sem_silencio_aparente,Manter acompanhamento de rotina.,sklearn_gb_v1,sklearn_v1
TANGARA DA SERRA,fungos,2025,20,0.258,1,0.0,0.0,4.0,sem_silencio_aparente,Manter acompanhamento de rotina.,sklearn_gb_v1,sklearn_v1
TANGARA DA SERRA,tuberculose,2025,12,0.258,1,0.0,0.0,4.0,sem_silencio_aparente,Manter acompanhamento de rotina.,sklearn_gb_v1,sklearn_v1
TANGARA DA SERRA,bacterias_teste_de_sensibilidade,2025,21,0.258,1,0.0,0.0,4.0,sem_silencio_aparente,Manter acompanhamento de rotina.,sklearn_gb_v1,sklearn_v1
TANGARA DA SERRA,cultura_para_fungos,2025,20,0.258,1,0.0,0.0,4.0,sem_silencio_aparente,Manter acompanhamento de rotina.,sklearn_gb_v1,sklearn_v1
TANGARA DA SERRA,sifilis,2024,27,0.258,1,0.0,0.0,4.0,sem_silencio_aparente,Manter acompanhamento de rotina.,sklearn_gb_v1,sklearn_v1
TANGARA DA SERRA,neisseria_gonorrhoeae,2024,35,0.258,1,0.0,0.0,4.0,sem_silencio_aparente,Manter acompanhamento de rotina.,sklearn_gb_v1,sklearn_v1
TANGARA DA SERRA,mayaro_biologia_molecular,2025,34,0.258,1,0.0,0.0,4.0,sem_silencio_aparente,Manter acompanhamento de rotina.,sklearn_gb_v1,sklearn_v1
TANGARA DA SERRA,oropouche_biologia_molecular,2025,34,0.258,1,0.0,0.0,4.0,sem_silencio_aparente,Manter acompanhamento de rotina.,sklearn_gb_v1,sklearn_v1
DENISE,tuberculose_lf_lam,2025,16,0.2577,2,0.0,0.0,4.0,sem_silencio_aparente,Manter acompanhamento de rotina.,sklearn_gb_v1,sklearn_v1
NOVA UBIRATA,hantavirus,2025,5,0.2574,4,0.0,1.0,4.0,sem_silencio_aparente,Manter acompanhamento de rotina.,sklearn_gb_v1,sklearn_v1
ACORIZAL,influenza_b,2025,34,0.2574,1,1.4,0.0,0.0,sem_silencio_aparente,Manter acompanhamento de rotina.,sklearn_gb_v1,sklearn_v1
ACORIZAL,influenza_a,2025,34,0.2574,1,1.4,0.0,0.0,sem_silencio_aparente,Manter acompanhamento de rotina.,sklearn_gb_v1,sklearn_v1
POCONE,bacterias_teste_de_sensibilidade,2024,31,0.2564,1,0.0,0.0,4.0,sem_silencio_aparente,Manter acompanhamento de rotina.,sklearn_gb_v1,sklearn_v1
ACORIZAL,sars_cov_2,2025,34,0.2562,1,1.2,0.0,0.0,sem_silencio_aparente,Manter acompanhamento de rotina.,sklearn_gb_v1,sklearn_v1
CAMPINAS,dengue,2025,15,0.2542,3,1.5,0.0,0.0,sem_silencio_aparente,Manter acompanhamento de rotina.,sklearn_gb_v1,sklearn_v1
POCONE,tuberculose_teste_de_sensibilidade,2025,21,0.2535,2,0.0,1.0,4.0,sem_silencio_aparente,Manter acompanhamento de rotina.,sklearn_gb_v1,sklearn_v1
SANTO ANTONIO DO LEVERGER,pesquisa_de_multipatogenos_ist,2025,9,0.2522,2,0.0,0.0,4.0,sem_silencio_aparente,Manter acompanhamento de rotina.,sklearn_gb_v1,sklearn_v1
APIACAS,hepatite_b_hbv,2025,21,0.252,1,1.0,0.0,0.0,sem_silencio_aparente,Manter acompanhamento de rotina.,sklearn_gb_v1,sklearn_v1
NOVA MONTE VERDE,hepatite_b_hbv,2025,31,0.252,1,1.0,0.0,0.0,sem_silencio_aparente,Manter acompanhamento de rotina.,sklearn_gb_v1,sklearn_v1
NOVO HORIZONTE DO NORTE,hepatite_b_hbv,2025,31,0.2514,1,1.1666666666666667,0.0,0.0,sem_silencio_aparente,Manter acompanhamento de rotina.,sklearn_gb_v1,sklearn_v1
ALTO ALEGRE DO PINDARE,chikungunya,2025,20,0.2508,2,1.2,0.0,0.0,sem_silencio_aparente,Manter acompanhamento de rotina.,sklearn_gb_v1,sklearn_v1
CACERES,leptospira,2025,33,0.2495,1,0.0,1.0,4.0,sem_silencio_aparente,Manter acompanhamento de rotina.,sklearn_gb_v1,sklearn_v1
NOVO PROGRESSO,zika,2025,24,0.2484,2,1.375,0.0,0.0,sem_silencio_aparente,Manter acompanhamento de rotina.,sklearn_gb_v1,sklearn_v1
CASCAVEL,zika,2025,30,0.2484,2,1.375,0.0,0.0,sem_silencio_aparente,Manter acompanhamento de rotina.,sklearn_gb_v1,sklearn_v1
JANGADA,influenza_b,2025,26,0.2481,1,1.5,0.0,0.0,sem_silencio_aparente,Manter acompanhamento de rotina.,sklearn_gb_v1,sklearn_v1
JANGADA,influenza_a,2025,26,0.2481,1,1.5,0.0,0.0,sem_silencio_aparente,Manter acompanhamento de rotina.,sklearn_gb_v1,sklearn_v1
NOVO HORIZONTE DO NORTE,dengue,2025,29,0.2481,1,1.375,0.0,0.0,sem_silencio_aparente,Manter acompanhamento de rotina.,sklearn_gb_v1,sklearn_v1
JANGADA,sars_cov_2,2025,26,0.2481,1,1.25,0.0,0.0,sem_silencio_aparente,Manter acompanhamento de rotina.,sklearn_gb_v1,sklearn_v1
JANGADA,dengue,2025,34,0.2481,1,1.5,0.0,0.0,sem_silencio_aparente,Manter acompanhamento de rotina.,sklearn_gb_v1,sklearn_v1
UNIAO DO SUL,zika,2025,17,0.2478,1,1.5,0.0,0.0,sem_silencio_aparente,Manter acompanhamento de rotina.,sklearn_gb_v1,sklearn_v1
NOVA GUARITA,hepatite_b_hbv,2025,28,0.2478,1,1.25,0.0,0.0,sem_silencio_aparente,Manter acompanhamento de rotina.,sklearn_gb_v1,sklearn_v1
IPIRANGA DO NORTE,hiv,2025,21,0.2473,3,0.0,0.0,4.0,sem_silencio_aparente,Manter acompanhamento de rotina.,sklearn_gb_v1,sklearn_v1
AGUA BOA,baciloscopia,2024,42,0.2466,1,0.0,0.0,4.0,sem_silencio_aparente,Manter acompanhamento de rotina.,sklearn_gb_v1,sklearn_v1
SAPEZAL,bacterias_teste_de_sensibilidade,2024,29,0.2466,1,0.0,0.0,4.0,sem_silencio_aparente,Manter acompanhamento de rotina.,sklearn_gb_v1,sklearn_v1
SAPEZAL,influenza,2024,22,0.2466,1,0.0,0.0,4.0,sem_silencio_aparente,Manter acompanhamento de rotina.,sklearn_gb_v1,sklearn_v1
RIO BRANCO,zika,2025,29,0.2466,1,1.5,0.0,0.0,sem_silencio_aparente,Manter acompanhamento de rotina.,sklearn_gb_v1,sklearn_v1
NOVO HORIZONTE DO NORTE,chikungunya,2025,22,0.2466,1,1.6666666666666667,0.0,0.0,sem_silencio_aparente,Manter acompanhamento de rotina.,sklearn_gb_v1,sklearn_v1
GUARANTA DO NORTE,febre_amarela_biologia_molecular,2024,31,0.2458,1,0.0,0.0,4.0,sem_silencio_aparente,Manter acompanhamento de rotina.,sklearn_gb_v1,sklearn_v1
GUARANTA DO NORTE,febre_amarela_igm,2024,31,0.2458,1,0.0,0.0,4.0,sem_silencio_aparente,Manter acompanhamento de rotina.,sklearn_gb_v1,sklearn_v1
GUARANTA DO NORTE,neisseria_gonorrhoeae,2024,33,0.2458,1,0.0,0.0,4.0,sem_silencio_aparente,Manter acompanhamento de rotina.,sklearn_gb_v1,sklearn_v1
SAPEZAL,leptospira,2024,48,0.2458,1,0.0,0.0,4.0,sem_silencio_aparente,Manter acompanhamento de rotina.,sklearn_gb_v1,sklearn_v1
COLIDER,leishmaniose_visceral_humana_teste_rapido,2024,27,0.2458,1,0.0,0.0,4.0,sem_silencio_aparente,Manter acompanhamento de rotina.,sklearn_gb_v1,sklearn_v1
COLIDER,rifampicina,2024,28,0.2458,1,0.0,1.0,4.0,sem_silencio_aparente,Manter acompanhamento de rotina.,sklearn_gb_v1,sklearn_v1
SAPEZAL,htlv_i_ii_virus_linfotropico_humano_tipo_i_e_ii,2024,24,0.2458,1,0.0,0.0,4.0,sem_silencio_aparente,Manter acompanhamento de rotina.,sklearn_gb_v1,sklearn_v1
CACOAL,dengue,2025,28,0.2443,3,1.4,0.0,0.0,sem_silencio_aparente,Manter acompanhamento de rotina.,sklearn_gb_v1,sklearn_v1
TUCURUI,dengue,2025,28,0.2443,3,1.4,0.0,0.0,sem_silencio_aparente,Manter acompanhamento de rotina.,sklearn_gb_v1,sklearn_v1
NORTELANDIA,chikungunya,2025,16,0.2442,2,2.125,0.0,0.0,sem_silencio_aparente,Manter acompanhamento de rotina.,sklearn_gb_v1,sklearn_v1
JATAI,dengue,2025,15,0.2432,2,1.25,0.0,0.0,sem_silencio_aparente,Manter acompanhamento de rotina.,sklearn_gb_v1,sklearn_v1
TAPURAH,hepatite_c_hcv,2025,7,0.2429,2,0.0,0.0,4.0,sem_silencio_aparente,Manter acompanhamento de rotina.,sklearn_gb_v1,sklearn_v1
UNIAO DO SUL,hepatite_b_hbv,2025,34,0.2424,1,1.1666666666666667,0.0,0.0,sem_silencio_aparente,Manter acompanhamento de rotina.,sklearn_gb_v1,sklearn_v1
SERRA NOVA DOURADA,hepatite_b_hbv,2025,12,0.2419,2,2.5,0.0,0.0,sem_silencio_aparente,Manter acompanhamento de rotina.,sklearn_gb_v1,sklearn_v1
HORTOLANDIA,chikungunya,2025,25,0.2416,2,1.6,0.0,0.0,sem_silencio_aparente,Manter acompanhamento de rotina.,sklearn_gb_v1,sklearn_v1
GENERAL CARNEIRO,dengue,2025,8,0.2416,5,3.75,0.0,0.0,sem_silencio_aparente,Manter acompanhamento de rotina.,sklearn_gb_v1,sklearn_v1
LAMBARI D''OESTE,influenza_b,2025,23,0.2408,2,1.6,0.0,0.0,sem_silencio_aparente,Manter acompanhamento de rotina.,sklearn_gb_v1,sklearn_v1
LAMBARI D''OESTE,influenza_a,2025,23,0.2408,2,1.6,0.0,0.0,sem_silencio_aparente,Manter acompanhamento de rotina.,sklearn_gb_v1,sklearn_v1
MIRASSOL D''OESTE,virus_respiratorios,2025,34,0.2408,2,1.5714285714285714,0.0,0.0,sem_silencio_aparente,Manter acompanhamento de rotina.,sklearn_gb_v1,sklearn_v1
SAO LUIS,zika,2025,25,0.2408,2,1.5714285714285714,0.0,0.0,sem_silencio_aparente,Manter acompanhamento de rotina.,sklearn_gb_v1,sklearn_v1
SANTA RITA DO TRIVELATO,zika,2025,20,0.2401,1,1.4,0.0,0.0,sem_silencio_aparente,Manter acompanhamento de rotina.,sklearn_gb_v1,sklearn_v1
ACORIZAL,dengue,2025,33,0.2398,1,1.625,0.0,0.0,sem_silencio_aparente,Manter acompanhamento de rotina.,sklearn_gb_v1,sklearn_v1
ACORIZAL,zika,2025,33,0.2398,1,1.625,0.0,0.0,sem_silencio_aparente,Manter acompanhamento de rotina.,sklearn_gb_v1,sklearn_v1
SAO LUIS DO QUITUNDE,chikungunya,2025,24,0.2391,2,1.75,0.0,0.0,sem_silencio_aparente,Manter acompanhamento de rotina.,sklearn_gb_v1,sklearn_v1
JATAI,chikungunya,2025,15,0.2391,2,1.75,0.0,0.0,sem_silencio_aparente,Manter acompanhamento de rotina.,sklearn_gb_v1,sklearn_v1
CASTANHEIRA,tuberculose_cultura,2025,18,0.2388,1,1.25,0.0,0.0,sem_silencio_aparente,Manter acompanhamento de rotina.,sklearn_gb_v1,sklearn_v1
NORTELANDIA,zika,2025,6,0.2388,1,1.5,0.0,0.0,sem_silencio_aparente,Manter acompanhamento de rotina.,sklearn_gb_v1,sklearn_v1
NORTELANDIA,dengue,2025,16,0.2388,1,1.4285714285714286,0.0,0.0,sem_silencio_aparente,Manter acompanhamento de rotina.,sklearn_gb_v1,sklearn_v1
CASTANHEIRA,cultura_para_fungos,2025,22,0.2388,1,1.25,0.0,0.0,sem_silencio_aparente,Manter acompanhamento de rotina.,sklearn_gb_v1,sklearn_v1
ALTO PARAGUAI,zika,2025,21,0.2385,1,1.2,0.0,0.0,sem_silencio_aparente,Manter acompanhamento de rotina.,sklearn_gb_v1,sklearn_v1
CANDEIAS DO JAMARI,chikungunya,2025,17,0.2383,2,1.75,0.0,0.0,sem_silencio_aparente,Manter acompanhamento de rotina.,sklearn_gb_v1,sklearn_v1
CAMPO GRANDE,zika,2025,30,0.2383,2,1.625,0.0,0.0,sem_silencio_aparente,Manter acompanhamento de rotina.,sklearn_gb_v1,sklearn_v1
SAO LUIS,chikungunya,2025,25,0.2383,2,1.625,0.0,0.0,sem_silencio_aparente,Manter acompanhamento de rotina.,sklearn_gb_v1,sklearn_v1
BOM JARDIM,chikungunya,2025,28,0.2382,2,1.6,0.0,0.0,sem_silencio_aparente,Manter acompanhamento de rotina.,sklearn_gb_v1,sklearn_v1
NOVO MUNDO,hepatite_b_hbv,2025,32,0.2376,1,1.5,0.0,0.0,sem_silencio_aparente,Manter acompanhamento de rotina.,sklearn_gb_v1,sklearn_v1
RIBEIRAO CASCALHEIRA,hepatite_b_hbv,2025,32,0.2373,1,1.2,0.0,0.0,sem_silencio_aparente,Manter acompanhamento de rotina.,sklearn_gb_v1,sklearn_v1
CANARANA,neisseria_gonorrhoeae,2025,16,0.237,2,0.0,0.0,4.0,sem_silencio_aparente,Manter acompanhamento de rotina.,sklearn_gb_v1,sklearn_v1
CANARANA,cultura_para_fungos,2025,4,0.237,2,0.0,0.0,4.0,sem_silencio_aparente,Manter acompanhamento de rotina.,sklearn_gb_v1,sklearn_v1
CANARANA,hiv,2025,20,0.237,2,0.0,0.0,4.0,sem_silencio_aparente,Manter acompanhamento de rotina.,sklearn_gb_v1,sklearn_v1
CANARANA,htlv_i_ii_virus_linfotropico_humano_tipo_i_e_ii,2025,31,0.237,2,0.0,0.0,4.0,sem_silencio_aparente,Manter acompanhamento de rotina.,sklearn_gb_v1,sklearn_v1
CANARANA,fungos,2025,15,0.237,2,0.0,0.0,4.0,sem_silencio_aparente,Manter acompanhamento de rotina.,sklearn_gb_v1,sklearn_v1
TABAPORA,meningite_bacteriana_biologia_molecular,2025,27,0.2364,3,0.0,0.0,4.0,sem_silencio_aparente,Manter acompanhamento de rotina.,sklearn_gb_v1,sklearn_v1
ARAPIRACA,chikungunya,2025,25,0.2357,2,1.75,0.0,0.0,sem_silencio_aparente,Manter acompanhamento de rotina.,sklearn_gb_v1,sklearn_v1
RIO VERDE,chikungunya,2025,24,0.2357,2,1.75,0.0,0.0,sem_silencio_aparente,Manter acompanhamento de rotina.,sklearn_gb_v1,sklearn_v1
FOZ DO IGUACU,chikungunya,2025,22,0.2357,2,1.6666666666666667,0.0,0.0,sem_silencio_aparente,Manter acompanhamento de rotina.,sklearn_gb_v1,sklearn_v1
DOM AQUINO,chikungunya,2025,26,0.2352,1,2.3333333333333335,0.0,0.0,sem_silencio_aparente,Manter acompanhamento de rotina.,sklearn_gb_v1,sklearn_v1
JAURU,dengue,2025,21,0.2352,1,1.875,0.0,0.0,sem_silencio_aparente,Manter acompanhamento de rotina.,sklearn_gb_v1,sklearn_v1
PONTA PORA,chikungunya,2025,24,0.2347,1,2.2,0.0,0.0,sem_silencio_aparente,Manter acompanhamento de rotina.,sklearn_gb_v1,sklearn_v1
POXOREO,sars_cov_2,2025,32,0.2347,1,2.25,0.0,0.0,sem_silencio_aparente,Manter acompanhamento de rotina.,sklearn_gb_v1,sklearn_v1
ARENAPOLIS,hiv,2024,26,0.2342,3,0.0,0.0,4.0,sem_silencio_aparente,Manter acompanhamento de rotina.,sklearn_gb_v1,sklearn_v1
JUARA,tuberculose,2025,20,0.2341,1,0.0,2.0,4.0,sem_silencio_aparente,Manter acompanhamento de rotina.,sklearn_gb_v1,sklearn_v1
MANAUS,zika,2025,34,0.2339,1,1.875,0.0,0.0,sem_silencio_aparente,Manter acompanhamento de rotina.,sklearn_gb_v1,sklearn_v1
JI-PARANA,zika,2025,25,0.2339,1,2.125,0.0,0.0,sem_silencio_aparente,Manter acompanhamento de rotina.,sklearn_gb_v1,sklearn_v1
CORUMBA,dengue,2025,34,0.2339,1,2.25,0.0,0.0,sem_silencio_aparente,Manter acompanhamento de rotina.,sklearn_gb_v1,sklearn_v1
BRASILIA,dengue,2025,34,0.2339,1,1.875,0.0,0.0,sem_silencio_aparente,Manter acompanhamento de rotina.,sklearn_gb_v1,sklearn_v1
PARAUAPEBAS,dengue,2025,15,0.2339,1,2.0,0.0,0.0,sem_silencio_aparente,Manter acompanhamento de rotina.,sklearn_gb_v1,sklearn_v1
BOA VISTA,zika,2025,21,0.2339,1,2.25,0.0,0.0,sem_silencio_aparente,Manter acompanhamento de rotina.,sklearn_gb_v1,sklearn_v1
ARIQUEMES,chikungunya,2025,19,0.2339,1,1.875,0.0,0.0,sem_silencio_aparente,Manter acompanhamento de rotina.,sklearn_gb_v1,sklearn_v1
SAO BERNARDO DO CAMPO,chikungunya,2025,29,0.2339,1,2.25,0.0,0.0,sem_silencio_aparente,Manter acompanhamento de rotina.,sklearn_gb_v1,sklearn_v1
ITAITUBA,chikungunya,2025,32,0.2339,1,2.125,0.0,0.0,sem_silencio_aparente,Manter acompanhamento de rotina.,sklearn_gb_v1,sklearn_v1
CACOAL,chikungunya,2025,28,0.2339,1,2.0,0.0,0.0,sem_silencio_aparente,Manter acompanhamento de rotina.,sklearn_gb_v1,sklearn_v1
VILHENA,chikungunya,2025,28,0.2339,1,2.0,0.0,0.0,sem_silencio_aparente,Manter acompanhamento de rotina.,sklearn_gb_v1,sklearn_v1
SAO PAULO,chikungunya,2025,34,0.2339,1,2.25,0.0,0.0,sem_silencio_aparente,Manter acompanhamento de rotina.,sklearn_gb_v1,sklearn_v1
PORTO DOS GAUCHOS,dengue,2025,22,0.2335,1,1.2,0.0,0.0,sem_silencio_aparente,Manter acompanhamento de rotina.,sklearn_gb_v1,sklearn_v1
JUSCIMEIRA,chagas_igg,2025,31,0.2331,1,1.0,0.0,0.0,sem_silencio_aparente,Manter acompanhamento de rotina.,sklearn_gb_v1,sklearn_v1
JUSCIMEIRA,chagas,2025,31,0.2331,1,1.0,0.0,0.0,sem_silencio_aparente,Manter acompanhamento de rotina.,sklearn_gb_v1,sklearn_v1
NOVA OLIMPIA,meningite_bacteriana_biologia_molecular,2024,39,0.2319,3,0.0,0.0,4.0,sem_silencio_aparente,Manter acompanhamento de rotina.,sklearn_gb_v1,sklearn_v1
NOVA OLIMPIA,variola,2025,19,0.2319,3,0.0,0.0,4.0,sem_silencio_aparente,Manter acompanhamento de rotina.,sklearn_gb_v1,sklearn_v1
PEDRA PRETA,rifampicina,2024,50,0.2315,2,0.0,0.0,4.0,sem_silencio_aparente,Manter acompanhamento de rotina.,sklearn_gb_v1,sklearn_v1
PEDRA PRETA,tuberculose_teste_de_sensibilidade,2024,21,0.2315,2,0.0,0.0,4.0,sem_silencio_aparente,Manter acompanhamento de rotina.,sklearn_gb_v1,sklearn_v1
PIMENTA BUENO,dengue,2025,33,0.2298,3,1.6,0.0,0.0,sem_silencio_aparente,Manter acompanhamento de rotina.,sklearn_gb_v1,sklearn_v1
CANDEIAS DO JAMARI,dengue,2025,17,0.2298,3,1.6,0.0,0.0,sem_silencio_aparente,Manter acompanhamento de rotina.,sklearn_gb_v1,sklearn_v1
CHAPADA DOS GUIMARAES,hepatite_b_hbv,2025,22,0.2289,1,1.0,0.0,0.0,sem_silencio_aparente,Manter acompanhamento de rotina.,sklearn_gb_v1,sklearn_v1
RONDONOPOLIS,rifampicina,2026,20,0.2283,1,1.75,0.0,0.0,sem_silencio_aparente,Manter acompanhamento de rotina.,sklearn_gb_v1,sklearn_v1
VARZEA GRANDE,influenza_b,2026,19,0.2283,1,1.75,0.0,0.0,sem_silencio_aparente,Manter acompanhamento de rotina.,sklearn_gb_v1,sklearn_v1
MARCELANDIA,tuberculose_cultura,2025,19,0.2283,1,1.0,0.0,0.0,sem_silencio_aparente,Manter acompanhamento de rotina.,sklearn_gb_v1,sklearn_v1
VARZEA GRANDE,influenza_a,2026,19,0.2283,1,1.75,0.0,0.0,sem_silencio_aparente,Manter acompanhamento de rotina.,sklearn_gb_v1,sklearn_v1
SANTA TEREZINHA,dengue,2025,17,0.2277,6,3.25,0.0,0.0,sem_silencio_aparente,Manter acompanhamento de rotina.,sklearn_gb_v1,sklearn_v1
BELEM,dengue,2025,18,0.2274,3,1.625,0.0,0.0,sem_silencio_aparente,Manter acompanhamento de rotina.,sklearn_gb_v1,sklearn_v1
FORTUNA,dengue,2025,21,0.2274,3,1.75,0.0,0.0,sem_silencio_aparente,Manter acompanhamento de rotina.,sklearn_gb_v1,sklearn_v1
VILHENA,dengue,2025,28,0.2274,3,1.625,0.0,0.0,sem_silencio_aparente,Manter acompanhamento de rotina.,sklearn_gb_v1,sklearn_v1
CASTANHEIRA,chikungunya,2025,19,0.2268,4,0.0,0.0,4.0,sem_silencio_aparente,Manter acompanhamento de rotina.,sklearn_gb_v1,sklearn_v1
NOVA CANAA DO NORTE,hepatite_b_hbv,2025,26,0.2265,1,1.0,0.0,0.0,sem_silencio_aparente,Manter acompanhamento de rotina.,sklearn_gb_v1,sklearn_v1
JUARA,sarampo_biologia_molecular,2025,40,0.2258,2,0.0,0.0,4.0,sem_silencio_aparente,Manter acompanhamento de rotina.,sklearn_gb_v1,sklearn_v1
VILA RICA,sars_cov_2,2025,27,0.2257,1,1.0,0.0,0.0,sem_silencio_aparente,Manter acompanhamento de rotina.,sklearn_gb_v1,sklearn_v1
VILA RICA,hepatite_c_hcv,2025,22,0.2257,1,1.0,0.0,0.0,sem_silencio_aparente,Manter acompanhamento de rotina.,sklearn_gb_v1,sklearn_v1
VILA RICA,influenza_a,2025,27,0.2257,1,1.0,0.0,0.0,sem_silencio_aparente,Manter acompanhamento de rotina.,sklearn_gb_v1,sklearn_v1
VILA RICA,influenza_b,2025,27,0.2257,1,1.0,0.0,0.0,sem_silencio_aparente,Manter acompanhamento de rotina.,sklearn_gb_v1,sklearn_v1
SAO JOSE DOS QUATRO MARCOS,sars_cov_2,2025,5,0.2255,2,0.0,0.0,4.0,sem_silencio_aparente,Manter acompanhamento de rotina.,sklearn_gb_v1,sklearn_v1
NOVA XAVANTINA,pesquisa_de_multipatogenos_ist,2025,20,0.2255,2,0.0,0.0,4.0,sem_silencio_aparente,Manter acompanhamento de rotina.,sklearn_gb_v1,sklearn_v1
SAO JOSE DOS QUATRO MARCOS,bacterias_teste_de_sensibilidade,2025,30,0.2255,2,0.0,0.0,4.0,sem_silencio_aparente,Manter acompanhamento de rotina.,sklearn_gb_v1,sklearn_v1
NOVA SANTA HELENA,hepatite_b_hbv,2025,45,0.2254,1,1.25,0.0,0.0,sem_silencio_aparente,Manter acompanhamento de rotina.,sklearn_gb_v1,sklearn_v1
DIAMANTINO,hepatite_a,2025,28,0.2247,2,0.0,0.0,4.0,sem_silencio_aparente,Manter acompanhamento de rotina.,sklearn_gb_v1,sklearn_v1
DIAMANTINO,neisseria_gonorrhoeae,2025,4,0.2247,2,0.0,0.0,4.0,sem_silencio_aparente,Manter acompanhamento de rotina.,sklearn_gb_v1,sklearn_v1
SINOP,oropouche_biologia_molecular,2025,8,0.2247,1,0.0,2.0,4.0,sem_silencio_aparente,Manter acompanhamento de rotina.,sklearn_gb_v1,sklearn_v1
SINOP,tuberculose,2025,5,0.2247,1,0.0,3.0,4.0,sem_silencio_aparente,Manter acompanhamento de rotina.,sklearn_gb_v1,sklearn_v1
CONQUISTA D''OESTE,dengue,2025,23,0.2246,1,2.375,0.0,0.0,sem_silencio_aparente,Manter acompanhamento de rotina.,sklearn_gb_v1,sklearn_v1
SANTA RITA DO TRIVELATO,chikungunya,2025,20,0.2243,1,1.5714285714285714,0.0,0.0,sem_silencio_aparente,Manter acompanhamento de rotina.,sklearn_gb_v1,sklearn_v1
QUERENCIA,tuberculose_teste_de_sensibilidade,2025,11,0.2234,2,0.0,1.0,4.0,sem_silencio_aparente,Manter acompanhamento de rotina.,sklearn_gb_v1,sklearn_v1
SAPEZAL,varicela_zoster_biologia_molecular,2024,39,0.2234,2,0.0,0.0,4.0,sem_silencio_aparente,Manter acompanhamento de rotina.,sklearn_gb_v1,sklearn_v1
CACERES,parvovirus_b19_igm,2025,30,0.2234,2,0.0,0.0,4.0,sem_silencio_aparente,Manter acompanhamento de rotina.,sklearn_gb_v1,sklearn_v1
CACERES,pesquisa_de_genes_de_resistencia,2025,22,0.2233,2,0.0,0.0,4.0,sem_silencio_aparente,Manter acompanhamento de rotina.,sklearn_gb_v1,sklearn_v1
CACERES,parvovirus_b19_igg,2025,30,0.2233,2,0.0,0.0,4.0,sem_silencio_aparente,Manter acompanhamento de rotina.,sklearn_gb_v1,sklearn_v1
SAPEZAL,sars_cov_2,2025,11,0.2226,2,0.0,0.0,4.0,sem_silencio_aparente,Manter acompanhamento de rotina.,sklearn_gb_v1,sklearn_v1
SAPEZAL,fungos,2025,5,0.2226,2,0.0,0.0,4.0,sem_silencio_aparente,Manter acompanhamento de rotina.,sklearn_gb_v1,sklearn_v1
COLIDER,tuberculose_teste_de_sensibilidade,2024,28,0.2226,2,0.0,1.0,4.0,sem_silencio_aparente,Manter acompanhamento de rotina.,sklearn_gb_v1,sklearn_v1
AGUA BOA,tuberculose_teste_de_sensibilidade,2025,16,0.2226,2,0.0,0.0,4.0,sem_silencio_aparente,Manter acompanhamento de rotina.,sklearn_gb_v1,sklearn_v1
AGUA BOA,cultura_para_fungos,2025,15,0.2226,2,0.0,0.0,4.0,sem_silencio_aparente,Manter acompanhamento de rotina.,sklearn_gb_v1,sklearn_v1
COLIDER,neisseria_gonorrhoeae,2024,26,0.2226,2,0.0,0.0,4.0,sem_silencio_aparente,Manter acompanhamento de rotina.,sklearn_gb_v1,sklearn_v1
ROSARIO OESTE,virus_respiratorios,2025,27,0.2225,1,1.0,0.0,0.0,sem_silencio_aparente,Manter acompanhamento de rotina.,sklearn_gb_v1,sklearn_v1
PEIXOTO DE AZEVEDO,meningite_bacteriana_biologia_molecular,2025,12,0.2223,3,0.0,1.0,4.0,sem_silencio_aparente,Manter acompanhamento de rotina.,sklearn_gb_v1,sklearn_v1
JANGADA,zika,2025,34,0.2223,1,1.625,0.0,0.0,sem_silencio_aparente,Manter acompanhamento de rotina.,sklearn_gb_v1,sklearn_v1
CUIABA,bacterias_teste_de_sensibilidade_ii,2024,40,0.2222,1,0.0,0.0,4.0,sem_silencio_aparente,Manter acompanhamento de rotina.,sklearn_gb_v1,sklearn_v1
VARZEA GRANDE,febre_amarela_biologia_molecular,2025,30,0.2222,1,0.0,0.0,4.0,sem_silencio_aparente,Manter acompanhamento de rotina.,sklearn_gb_v1,sklearn_v1
VARZEA GRANDE,herpes_virus_biologia_molecular,2025,4,0.2222,1,0.0,0.0,4.0,sem_silencio_aparente,Manter acompanhamento de rotina.,sklearn_gb_v1,sklearn_v1
VARZEA GRANDE,parvovirus_b19_igm,2025,30,0.2222,1,0.0,0.0,4.0,sem_silencio_aparente,Manter acompanhamento de rotina.,sklearn_gb_v1,sklearn_v1
VARZEA GRANDE,paracoccidioidomicose,2025,3,0.2222,1,0.0,0.0,4.0,sem_silencio_aparente,Manter acompanhamento de rotina.,sklearn_gb_v1,sklearn_v1
VARZEA GRANDE,histoplasmose,2025,6,0.2222,1,0.0,0.0,4.0,sem_silencio_aparente,Manter acompanhamento de rotina.,sklearn_gb_v1,sklearn_v1
VARZEA GRANDE,parvovirus_b19_igg,2025,30,0.2222,1,0.0,0.0,4.0,sem_silencio_aparente,Manter acompanhamento de rotina.,sklearn_gb_v1,sklearn_v1
VARZEA GRANDE,poliomielite_paralisia_flacida_aguda,2025,2,0.2222,1,0.0,0.0,4.0,sem_silencio_aparente,Manter acompanhamento de rotina.,sklearn_gb_v1,sklearn_v1
VARZEA GRANDE,filariose_parasitologico,2025,11,0.2222,1,0.0,0.0,4.0,sem_silencio_aparente,Manter acompanhamento de rotina.,sklearn_gb_v1,sklearn_v1
CUIABA,hepatite_d_hdv,2024,30,0.2222,1,0.0,0.0,4.0,sem_silencio_aparente,Manter acompanhamento de rotina.,sklearn_gb_v1,sklearn_v1
CUIABA,rotavirus,2024,33,0.2222,1,0.0,0.0,4.0,sem_silencio_aparente,Manter acompanhamento de rotina.,sklearn_gb_v1,sklearn_v1
SALTO DO CEU,chikungunya,2026,13,0.2216,1,2.0,0.0,0.0,sem_silencio_aparente,Manter acompanhamento de rotina.,sklearn_gb_v1,sklearn_v1
SALTO DO CEU,dengue,2026,13,0.2216,1,2.125,0.0,0.0,sem_silencio_aparente,Manter acompanhamento de rotina.,sklearn_gb_v1,sklearn_v1
SAPEZAL,pesquisa_de_genes_de_resistencia,2024,29,0.2202,2,0.0,0.0,4.0,sem_silencio_aparente,Manter acompanhamento de rotina.,sklearn_gb_v1,sklearn_v1
COLIDER,hepatite_a,2024,32,0.2202,2,0.0,0.0,4.0,sem_silencio_aparente,Manter acompanhamento de rotina.,sklearn_gb_v1,sklearn_v1
GUARANTA DO NORTE,pesquisa_de_genes_de_resistencia,2025,14,0.2202,2,0.0,0.0,4.0,sem_silencio_aparente,Manter acompanhamento de rotina.,sklearn_gb_v1,sklearn_v1
CAMPO VERDE,varicela_zoster_biologia_molecular,2024,41,0.2199,2,0.0,0.0,4.0,sem_silencio_aparente,Manter acompanhamento de rotina.,sklearn_gb_v1,sklearn_v1
CAMPO VERDE,influenza,2024,25,0.2199,2,0.0,0.0,4.0,sem_silencio_aparente,Manter acompanhamento de rotina.,sklearn_gb_v1,sklearn_v1
JUINA,sarampo_igg,2025,46,0.2199,2,0.0,0.0,4.0,sem_silencio_aparente,Manter acompanhamento de rotina.,sklearn_gb_v1,sklearn_v1
NOVA OLIMPIA,varicela_zoster_biologia_molecular,2025,19,0.2199,2,0.0,0.0,4.0,sem_silencio_aparente,Manter acompanhamento de rotina.,sklearn_gb_v1,sklearn_v1
ALTO TAQUARI,dengue,2025,17,0.2198,3,0.0,0.0,4.0,sem_silencio_aparente,Manter acompanhamento de rotina.,sklearn_gb_v1,sklearn_v1
ALTO TAQUARI,meningite_bacteriana_biologia_molecular,2024,32,0.2198,3,0.0,0.0,4.0,sem_silencio_aparente,Manter acompanhamento de rotina.,sklearn_gb_v1,sklearn_v1
SAO JOSE DOS QUATRO MARCOS,hantavirus,2024,25,0.2193,2,0.0,1.0,4.0,sem_silencio_aparente,Manter acompanhamento de rotina.,sklearn_gb_v1,sklearn_v1
ALTO ARAGUAIA,influenza_b,2025,22,0.2193,2,0.0,0.0,4.0,sem_silencio_aparente,Manter acompanhamento de rotina.,sklearn_gb_v1,sklearn_v1
ALTO ARAGUAIA,influenza_a,2025,22,0.2193,2,0.0,0.0,4.0,sem_silencio_aparente,Manter acompanhamento de rotina.,sklearn_gb_v1,sklearn_v1
BRASNORTE,hantavirus,2024,21,0.2193,2,0.0,0.0,4.0,sem_silencio_aparente,Manter acompanhamento de rotina.,sklearn_gb_v1,sklearn_v1
JUINA,tuberculose_teste_de_sensibilidade,2025,17,0.2191,2,0.0,0.0,4.0,sem_silencio_aparente,Manter acompanhamento de rotina.,sklearn_gb_v1,sklearn_v1
JUINA,sarampo_igm,2025,46,0.2191,2,0.0,0.0,4.0,sem_silencio_aparente,Manter acompanhamento de rotina.,sklearn_gb_v1,sklearn_v1
CAMPO VERDE,meningite_bacteriana_biologia_molecular,2025,30,0.2191,2,0.0,0.0,4.0,sem_silencio_aparente,Manter acompanhamento de rotina.,sklearn_gb_v1,sklearn_v1
CAMPO VERDE,variola,2024,41,0.2191,2,0.0,0.0,4.0,sem_silencio_aparente,Manter acompanhamento de rotina.,sklearn_gb_v1,sklearn_v1
NOSSA SENHORA DO LIVRAMENTO,tuberculose_cultura,2025,23,0.2186,1,1.125,0.0,0.0,sem_silencio_aparente,Manter acompanhamento de rotina.,sklearn_gb_v1,sklearn_v1
PONTAL DO ARAGUAIA,tuberculose_cultura,2025,11,0.2169,1,1.25,0.0,0.0,sem_silencio_aparente,Manter acompanhamento de rotina.,sklearn_gb_v1,sklearn_v1
JUINA,pesquisa_de_genes_de_resistencia,2024,30,0.2167,2,0.0,0.0,4.0,sem_silencio_aparente,Manter acompanhamento de rotina.,sklearn_gb_v1,sklearn_v1
CAMPO VERDE,hepatite_a,2025,10,0.2167,2,0.0,0.0,4.0,sem_silencio_aparente,Manter acompanhamento de rotina.,sklearn_gb_v1,sklearn_v1
ITANHANGA,sars_cov_2,2025,10,0.2165,4,0.0,0.0,4.0,sem_silencio_aparente,Manter acompanhamento de rotina.,sklearn_gb_v1,sklearn_v1
CAMPOS DE JULIO,hiv,2025,9,0.2164,4,0.0,0.0,4.0,sem_silencio_aparente,Manter acompanhamento de rotina.,sklearn_gb_v1,sklearn_v1
NOVA BRASILANDIA,dengue,2025,23,0.216,1,2.0,0.0,0.0,sem_silencio_aparente,Manter acompanhamento de rotina.,sklearn_gb_v1,sklearn_v1
DIAMANTINO,hiv,2024,39,0.2144,3,0.0,0.0,4.0,sem_silencio_aparente,Manter acompanhamento de rotina.,sklearn_gb_v1,sklearn_v1
CANARANA,hepatite_c_hcv,2025,33,0.2128,1,1.0,0.0,0.0,sem_silencio_aparente,Manter acompanhamento de rotina.,sklearn_gb_v1,sklearn_v1
CANARANA,sars_cov_2,2025,28,0.2128,1,1.0,0.0,0.0,sem_silencio_aparente,Manter acompanhamento de rotina.,sklearn_gb_v1,sklearn_v1
CANARANA,influenza_a,2025,28,0.2128,1,1.0,0.0,0.0,sem_silencio_aparente,Manter acompanhamento de rotina.,sklearn_gb_v1,sklearn_v1
CANARANA,influenza_b,2025,28,0.2128,1,1.0,0.0,0.0,sem_silencio_aparente,Manter acompanhamento de rotina.,sklearn_gb_v1,sklearn_v1
CANARANA,tuberculose_cultura,2025,18,0.2128,1,1.0,0.0,0.0,sem_silencio_aparente,Manter acompanhamento de rotina.,sklearn_gb_v1,sklearn_v1
NOVO MUNDO,zika,2025,29,0.2126,1,1.625,0.0,0.0,sem_silencio_aparente,Manter acompanhamento de rotina.,sklearn_gb_v1,sklearn_v1
CAMPO NOVO DO PARECIS,varicela_zoster_biologia_molecular,2025,35,0.2126,2,0.0,0.0,4.0,sem_silencio_aparente,Manter acompanhamento de rotina.,sklearn_gb_v1,sklearn_v1
NOVA MUTUM,varicela_zoster_biologia_molecular,2024,26,0.2126,2,0.0,0.0,4.0,sem_silencio_aparente,Manter acompanhamento de rotina.,sklearn_gb_v1,sklearn_v1
CAMPOS DE JULIO,tuberculose_cultura,2025,24,0.2122,1,1.0,0.0,0.0,sem_silencio_aparente,Manter acompanhamento de rotina.,sklearn_gb_v1,sklearn_v1
NOVA MUTUM,variola,2024,26,0.2118,2,0.0,0.0,4.0,sem_silencio_aparente,Manter acompanhamento de rotina.,sklearn_gb_v1,sklearn_v1
NOVA MUTUM,hepatite_a,2024,37,0.2118,2,0.0,0.0,4.0,sem_silencio_aparente,Manter acompanhamento de rotina.,sklearn_gb_v1,sklearn_v1
CAMPO NOVO DO PARECIS,hantavirus,2025,6,0.2118,2,0.0,0.0,4.0,sem_silencio_aparente,Manter acompanhamento de rotina.,sklearn_gb_v1,sklearn_v1
NOVA MUTUM,hantavirus,2024,23,0.2118,2,0.0,1.0,4.0,sem_silencio_aparente,Manter acompanhamento de rotina.,sklearn_gb_v1,sklearn_v1
CAMPO NOVO DO PARECIS,variola,2025,35,0.2118,2,0.0,0.0,4.0,sem_silencio_aparente,Manter acompanhamento de rotina.,sklearn_gb_v1,sklearn_v1
SAO JOSE DOS QUATRO MARCOS,tuberculose_cultura,2025,28,0.2117,1,1.0,1.0,0.0,sem_silencio_aparente,Manter acompanhamento de rotina.,sklearn_gb_v1,sklearn_v1
DIAMANTINO,hepatite_c_hcv,2025,28,0.2117,1,1.0,0.0,0.0,sem_silencio_aparente,Manter acompanhamento de rotina.,sklearn_gb_v1,sklearn_v1
CACERES,baciloscopia,2025,15,0.2115,1,0.0,2.0,4.0,sem_silencio_aparente,Manter acompanhamento de rotina.,sklearn_gb_v1,sklearn_v1
RESERVA DO CABACAL,dengue,2025,21,0.2109,3,1.2857142857142858,0.0,0.0,sem_silencio_aparente,Manter acompanhamento de rotina.,sklearn_gb_v1,sklearn_v1
MINEIROS,chikungunya,2025,26,0.2107,2,1.8333333333333333,0.0,0.0,sem_silencio_aparente,Manter acompanhamento de rotina.,sklearn_gb_v1,sklearn_v1
GAUCHA DO NORTE,zika,2025,33,0.2095,1,1.125,0.0,0.0,sem_silencio_aparente,Manter acompanhamento de rotina.,sklearn_gb_v1,sklearn_v1
PONTES E LACERDA,pesquisa_de_genes_de_resistencia,2025,27,0.2094,2,0.0,0.0,4.0,sem_silencio_aparente,Manter acompanhamento de rotina.,sklearn_gb_v1,sklearn_v1
ALTA FLORESTA,hepatite_a,2024,32,0.2094,2,0.0,0.0,4.0,sem_silencio_aparente,Manter acompanhamento de rotina.,sklearn_gb_v1,sklearn_v1
MACEIO,chikungunya,2025,20,0.2091,1,2.5,0.0,0.0,sem_silencio_aparente,Manter acompanhamento de rotina.,sklearn_gb_v1,sklearn_v1
SANTA CARMEM,zika,2025,31,0.2089,1,1.25,0.0,0.0,sem_silencio_aparente,Manter acompanhamento de rotina.,sklearn_gb_v1,sklearn_v1
SANTA CARMEM,hepatite_b_hbv,2025,39,0.2089,1,1.25,0.0,0.0,sem_silencio_aparente,Manter acompanhamento de rotina.,sklearn_gb_v1,sklearn_v1
SANTA CARMEM,dengue,2025,26,0.2089,1,1.375,0.0,0.0,sem_silencio_aparente,Manter acompanhamento de rotina.,sklearn_gb_v1,sklearn_v1
ARAPUTANGA,virus_respiratorios,2025,28,0.2087,1,1.0,0.0,0.0,sem_silencio_aparente,Manter acompanhamento de rotina.,sklearn_gb_v1,sklearn_v1
TAPURAH,tuberculose_lf_lam,2025,46,0.2087,1,1.0,0.0,0.0,sem_silencio_aparente,Manter acompanhamento de rotina.,sklearn_gb_v1,sklearn_v1
CORUMBA,zika,2025,34,0.2084,1,2.5,0.0,0.0,sem_silencio_aparente,Manter acompanhamento de rotina.,sklearn_gb_v1,sklearn_v1
CORUMBA,chikungunya,2025,34,0.2084,1,2.6,0.0,0.0,sem_silencio_aparente,Manter acompanhamento de rotina.,sklearn_gb_v1,sklearn_v1
JI-PARANA,chikungunya,2025,25,0.2084,1,2.5,0.0,0.0,sem_silencio_aparente,Manter acompanhamento de rotina.,sklearn_gb_v1,sklearn_v1
CURITIBA,dengue,2025,15,0.2084,1,2.5,0.0,0.0,sem_silencio_aparente,Manter acompanhamento de rotina.,sklearn_gb_v1,sklearn_v1
COTRIGUACU,zika,2025,21,0.206,1,1.1666666666666667,0.0,0.0,sem_silencio_aparente,Manter acompanhamento de rotina.,sklearn_gb_v1,sklearn_v1
CACERES,meningite_bacteriana_biologia_molecular,2025,31,0.2056,3,0.0,1.0,4.0,sem_silencio_aparente,Manter acompanhamento de rotina.,sklearn_gb_v1,sklearn_v1
CONFRESA,baciloscopia,2025,12,0.2055,4,0.0,0.0,4.0,sem_silencio_aparente,Manter acompanhamento de rotina.,sklearn_gb_v1,sklearn_v1
PARANAITA,tuberculose_cultura,2025,23,0.2045,1,1.0,0.0,0.0,sem_silencio_aparente,Manter acompanhamento de rotina.,sklearn_gb_v1,sklearn_v1
BRASNORTE,fungos,2025,29,0.2039,1,1.0,0.0,0.0,sem_silencio_aparente,Manter acompanhamento de rotina.,sklearn_gb_v1,sklearn_v1
JUSCIMEIRA,hepatite_b_hbv,2025,31,0.203,1,1.1428571428571428,0.0,0.0,sem_silencio_aparente,Manter acompanhamento de rotina.,sklearn_gb_v1,sklearn_v1
CACERES,toxoplasmose_igm,2025,13,0.2028,4,0.0,0.0,4.0,sem_silencio_aparente,Manter acompanhamento de rotina.,sklearn_gb_v1,sklearn_v1
PEIXOTO DE AZEVEDO,varicela_zoster_biologia_molecular,2025,18,0.2028,4,0.0,0.0,4.0,sem_silencio_aparente,Manter acompanhamento de rotina.,sklearn_gb_v1,sklearn_v1
RIO BRANCO,dengue,2025,29,0.2023,1,2.625,0.0,0.0,sem_silencio_aparente,Manter acompanhamento de rotina.,sklearn_gb_v1,sklearn_v1
SAO FELIX DO ARAGUAIA,chikungunya,2025,13,0.2013,1,1.25,0.0,0.0,sem_silencio_aparente,Manter acompanhamento de rotina.,sklearn_gb_v1,sklearn_v1
SAO FELIX DO ARAGUAIA,dengue,2025,13,0.2013,1,1.5,0.0,0.0,sem_silencio_aparente,Manter acompanhamento de rotina.,sklearn_gb_v1,sklearn_v1
SAO JOSE DO XINGU,tuberculose_cultura,2025,22,0.201,1,2.6,0.0,0.0,sem_silencio_aparente,Manter acompanhamento de rotina.,sklearn_gb_v1,sklearn_v1
CACERES,coqueluche_deteccao_de_bordetella_pertussis,2025,30,0.2009,5,0.0,0.0,4.0,sem_silencio_aparente,Manter acompanhamento de rotina.,sklearn_gb_v1,sklearn_v1
CACERES,bordetella,2025,11,0.2009,5,0.0,0.0,4.0,sem_silencio_aparente,Manter acompanhamento de rotina.,sklearn_gb_v1,sklearn_v1
COTRIGUACU,chikungunya,2025,21,0.2007,1,1.5,0.0,0.0,sem_silencio_aparente,Manter acompanhamento de rotina.,sklearn_gb_v1,sklearn_v1
ALTAMIRA,chikungunya,2025,22,0.2,3,1.8571428571428572,0.0,0.0,sem_silencio_aparente,Manter acompanhamento de rotina.,sklearn_gb_v1,sklearn_v1
SANTO ANTONIO DO LEVERGER,hepatite_b_hbv,2025,19,0.1994,1,1.1428571428571428,0.0,0.0,sem_silencio_aparente,Manter acompanhamento de rotina.,sklearn_gb_v1,sklearn_v1
LUCAS DO RIO VERDE,pesquisa_de_multipatogenos_ist,2024,31,0.1991,2,0.0,0.0,4.0,sem_silencio_aparente,Manter acompanhamento de rotina.,sklearn_gb_v1,sklearn_v1
GUARANTA DO NORTE,sars_cov_2,2025,33,0.1984,1,1.0,0.0,0.0,sem_silencio_aparente,Manter acompanhamento de rotina.,sklearn_gb_v1,sklearn_v1
GUARANTA DO NORTE,hepatite_c_hcv,2025,28,0.1984,1,1.0,0.0,0.0,sem_silencio_aparente,Manter acompanhamento de rotina.,sklearn_gb_v1,sklearn_v1
GUARANTA DO NORTE,chagas,2025,30,0.1984,1,1.0,0.0,0.0,sem_silencio_aparente,Manter acompanhamento de rotina.,sklearn_gb_v1,sklearn_v1
GUARANTA DO NORTE,chagas_igg,2025,30,0.1984,1,1.0,0.0,0.0,sem_silencio_aparente,Manter acompanhamento de rotina.,sklearn_gb_v1,sklearn_v1
ACORIZAL,chikungunya,2025,33,0.1972,1,3.25,0.0,0.0,sem_silencio_aparente,Manter acompanhamento de rotina.,sklearn_gb_v1,sklearn_v1
NOVA OLIMPIA,chikungunya,2026,13,0.1966,1,1.875,0.0,0.0,sem_silencio_aparente,Manter acompanhamento de rotina.,sklearn_gb_v1,sklearn_v1
NOVA OLIMPIA,dengue,2026,13,0.1966,1,1.875,0.0,0.0,sem_silencio_aparente,Manter acompanhamento de rotina.,sklearn_gb_v1,sklearn_v1
CANARANA,coqueluche_deteccao_de_bordetella_pertussis,2025,33,0.1964,5,0.0,0.0,4.0,sem_silencio_aparente,Manter acompanhamento de rotina.,sklearn_gb_v1,sklearn_v1
QUERENCIA,bordetella,2025,7,0.1964,5,0.0,0.0,4.0,sem_silencio_aparente,Manter acompanhamento de rotina.,sklearn_gb_v1,sklearn_v1
CANARANA,bordetella,2025,27,0.1964,5,0.0,0.0,4.0,sem_silencio_aparente,Manter acompanhamento de rotina.,sklearn_gb_v1,sklearn_v1
NOVA MUTUM,tuberculose_teste_de_sensibilidade,2025,18,0.1958,2,0.0,1.0,4.0,sem_silencio_aparente,Manter acompanhamento de rotina.,sklearn_gb_v1,sklearn_v1
BARRA DO GARCAS,leptospira,2025,22,0.1958,2,0.0,1.0,4.0,sem_silencio_aparente,Manter acompanhamento de rotina.,sklearn_gb_v1,sklearn_v1
BARRA DO GARCAS,leishmaniose_visceral_humana_teste_rapido,2025,21,0.1958,2,0.0,0.0,4.0,sem_silencio_aparente,Manter acompanhamento de rotina.,sklearn_gb_v1,sklearn_v1
PEIXOTO DE AZEVEDO,variola,2025,18,0.195,4,0.0,0.0,4.0,sem_silencio_aparente,Manter acompanhamento de rotina.,sklearn_gb_v1,sklearn_v1
BARRA DO GARCAS,htlv_i_ii_virus_linfotropico_humano_tipo_i_e_ii,2024,34,0.1935,2,0.0,0.0,4.0,sem_silencio_aparente,Manter acompanhamento de rotina.,sklearn_gb_v1,sklearn_v1
NOVA MUTUM,pesquisa_de_genes_de_resistencia,2025,12,0.1935,2,0.0,0.0,4.0,sem_silencio_aparente,Manter acompanhamento de rotina.,sklearn_gb_v1,sklearn_v1
RONDONOPOLIS,bacterias_teste_de_sensibilidade,2025,20,0.1929,1,1.0,0.0,0.0,sem_silencio_aparente,Manter acompanhamento de rotina.,sklearn_gb_v1,sklearn_v1
COLNIZA,influenza_a,2025,33,0.1928,1,1.5,0.0,0.0,sem_silencio_aparente,Manter acompanhamento de rotina.,sklearn_gb_v1,sklearn_v1
BARRA DO BUGRES,zika,2025,25,0.1928,1,1.125,0.0,0.0,sem_silencio_aparente,Manter acompanhamento de rotina.,sklearn_gb_v1,sklearn_v1
POCONE,hepatite_b_hbv,2025,22,0.1928,1,1.125,0.0,0.0,sem_silencio_aparente,Manter acompanhamento de rotina.,sklearn_gb_v1,sklearn_v1
COLNIZA,influenza_b,2025,33,0.1928,1,1.5,0.0,0.0,sem_silencio_aparente,Manter acompanhamento de rotina.,sklearn_gb_v1,sklearn_v1
RONDONOPOLIS,cultura_para_fungos,2025,26,0.1922,1,1.0,0.0,0.0,sem_silencio_aparente,Manter acompanhamento de rotina.,sklearn_gb_v1,sklearn_v1
PRIMAVERA DO LESTE,meningite_bacteriana_tsa,2024,27,0.1918,2,0.0,0.0,4.0,sem_silencio_aparente,Manter acompanhamento de rotina.,sklearn_gb_v1,sklearn_v1
TANGARA DA SERRA,baciloscopia,2025,7,0.1918,2,0.0,0.0,4.0,sem_silencio_aparente,Manter acompanhamento de rotina.,sklearn_gb_v1,sklearn_v1
TANGARA DA SERRA,sarampo_igg,2025,24,0.1918,2,0.0,0.0,4.0,sem_silencio_aparente,Manter acompanhamento de rotina.,sklearn_gb_v1,sklearn_v1
TANGARA DA SERRA,varicela_zoster_biologia_molecular,2024,38,0.1918,2,0.0,0.0,4.0,sem_silencio_aparente,Manter acompanhamento de rotina.,sklearn_gb_v1,sklearn_v1
SORRISO,influenza,2025,16,0.1918,2,0.0,0.0,4.0,sem_silencio_aparente,Manter acompanhamento de rotina.,sklearn_gb_v1,sklearn_v1
NOVO HORIZONTE DO NORTE,virus_respiratorios,2025,34,0.1916,1,3.875,0.0,0.0,sem_silencio_aparente,Manter acompanhamento de rotina.,sklearn_gb_v1,sklearn_v1
NOVO HORIZONTE DO NORTE,influenza_b,2025,34,0.1916,1,3.875,0.0,0.0,sem_silencio_aparente,Manter acompanhamento de rotina.,sklearn_gb_v1,sklearn_v1
NOVO HORIZONTE DO NORTE,influenza_a,2025,34,0.1916,1,3.875,0.0,0.0,sem_silencio_aparente,Manter acompanhamento de rotina.,sklearn_gb_v1,sklearn_v1
NOVA MONTE VERDE,dengue,2025,35,0.1915,1,1.5,0.0,0.0,sem_silencio_aparente,Manter acompanhamento de rotina.,sklearn_gb_v1,sklearn_v1
TANGARA DA SERRA,tuberculose_teste_de_sensibilidade,2025,31,0.1911,2,0.0,1.0,4.0,sem_silencio_aparente,Manter acompanhamento de rotina.,sklearn_gb_v1,sklearn_v1
PRIMAVERA DO LESTE,hiv,2025,26,0.1911,2,0.0,0.0,4.0,sem_silencio_aparente,Manter acompanhamento de rotina.,sklearn_gb_v1,sklearn_v1
SORRISO,pesquisa_de_multipatogenos_ist,2025,9,0.1911,2,0.0,0.0,4.0,sem_silencio_aparente,Manter acompanhamento de rotina.,sklearn_gb_v1,sklearn_v1
TANGARA DA SERRA,sarampo_igm,2025,24,0.1911,2,0.0,0.0,4.0,sem_silencio_aparente,Manter acompanhamento de rotina.,sklearn_gb_v1,sklearn_v1
PRIMAVERA DO LESTE,leptospira,2025,5,0.1911,2,0.0,0.0,4.0,sem_silencio_aparente,Manter acompanhamento de rotina.,sklearn_gb_v1,sklearn_v1
PRIMAVERA DO LESTE,leishmaniose_visceral_humana_teste_rapido,2025,24,0.1911,2,0.0,0.0,4.0,sem_silencio_aparente,Manter acompanhamento de rotina.,sklearn_gb_v1,sklearn_v1
PRIMAVERA DO LESTE,hantavirus,2025,5,0.1911,2,0.0,0.0,4.0,sem_silencio_aparente,Manter acompanhamento de rotina.,sklearn_gb_v1,sklearn_v1
NOVO MUNDO,chikungunya,2025,29,0.1908,1,1.875,0.0,0.0,sem_silencio_aparente,Manter acompanhamento de rotina.,sklearn_gb_v1,sklearn_v1
VARZEA GRANDE,bacterias_teste_de_sensibilidade_ii,2024,38,0.1906,1,0.0,0.0,4.0,sem_silencio_aparente,Manter acompanhamento de rotina.,sklearn_gb_v1,sklearn_v1
VARZEA GRANDE,febre_amarela_igm,2024,25,0.1906,1,0.0,0.0,4.0,sem_silencio_aparente,Manter acompanhamento de rotina.,sklearn_gb_v1,sklearn_v1
VARZEA GRANDE,rotavirus,2024,30,0.1906,1,0.0,0.0,4.0,sem_silencio_aparente,Manter acompanhamento de rotina.,sklearn_gb_v1,sklearn_v1
UNIAO DO SUL,dengue,2025,17,0.1899,3,1.8571428571428572,0.0,0.0,sem_silencio_aparente,Manter acompanhamento de rotina.,sklearn_gb_v1,sklearn_v1
CACERES,tuberculose_teste_de_sensibilidade,2025,8,0.1898,2,0.0,2.0,4.0,sem_silencio_aparente,Manter acompanhamento de rotina.,sklearn_gb_v1,sklearn_v1
UNIAO DO SUL,chikungunya,2025,17,0.1894,1,3.0,0.0,0.0,sem_silencio_aparente,Manter acompanhamento de rotina.,sklearn_gb_v1,sklearn_v1
TANGARA DA SERRA,pesquisa_de_genes_de_resistencia,2025,21,0.1889,2,0.0,0.0,4.0,sem_silencio_aparente,Manter acompanhamento de rotina.,sklearn_gb_v1,sklearn_v1
SORRISO,pesquisa_de_genes_de_resistencia,2024,22,0.1889,2,0.0,0.0,4.0,sem_silencio_aparente,Manter acompanhamento de rotina.,sklearn_gb_v1,sklearn_v1
SORRISO,hepatite_a,2025,32,0.1889,2,0.0,0.0,4.0,sem_silencio_aparente,Manter acompanhamento de rotina.,sklearn_gb_v1,sklearn_v1
SAPEZAL,variola,2024,39,0.1875,3,0.0,0.0,4.0,sem_silencio_aparente,Manter acompanhamento de rotina.,sklearn_gb_v1,sklearn_v1
GUARANTA DO NORTE,virus_respiratorios,2025,26,0.1875,3,0.0,0.0,4.0,sem_silencio_aparente,Manter acompanhamento de rotina.,sklearn_gb_v1,sklearn_v1
GUARANTA DO NORTE,meningite_bacteriana_biologia_molecular,2024,33,0.1875,3,0.0,1.0,4.0,sem_silencio_aparente,Manter acompanhamento de rotina.,sklearn_gb_v1,sklearn_v1
SINOP,hepatite_b_hbv,2026,20,0.1869,2,1.625,0.0,0.0,sem_silencio_aparente,Manter acompanhamento de rotina.,sklearn_gb_v1,sklearn_v1
PEIXOTO DE AZEVEDO,virus_respiratorios,2025,18,0.1862,1,1.0,0.0,0.0,sem_silencio_aparente,Manter acompanhamento de rotina.,sklearn_gb_v1,sklearn_v1
PEIXOTO DE AZEVEDO,sars_cov_2,2025,12,0.1862,1,1.0,0.0,0.0,sem_silencio_aparente,Manter acompanhamento de rotina.,sklearn_gb_v1,sklearn_v1
PEIXOTO DE AZEVEDO,influenza_a,2025,18,0.1862,1,1.0,0.0,0.0,sem_silencio_aparente,Manter acompanhamento de rotina.,sklearn_gb_v1,sklearn_v1
PEIXOTO DE AZEVEDO,influenza_b,2025,18,0.1862,1,1.0,0.0,0.0,sem_silencio_aparente,Manter acompanhamento de rotina.,sklearn_gb_v1,sklearn_v1
CONFRESA,hepatite_c_hcv,2025,33,0.1862,1,1.0,0.0,0.0,sem_silencio_aparente,Manter acompanhamento de rotina.,sklearn_gb_v1,sklearn_v1
NOVA MARILANDIA,dengue,2025,29,0.1858,1,1.75,0.0,0.0,sem_silencio_aparente,Manter acompanhamento de rotina.,sklearn_gb_v1,sklearn_v1
JUARA,hiv,2025,29,0.1854,3,0.0,0.0,4.0,sem_silencio_aparente,Manter acompanhamento de rotina.,sklearn_gb_v1,sklearn_v1
ALTA FLORESTA,hiv,2024,51,0.1853,3,0.0,0.0,4.0,sem_silencio_aparente,Manter acompanhamento de rotina.,sklearn_gb_v1,sklearn_v1
ALTA FLORESTA,meningite_bacteriana_biologia_molecular,2025,26,0.1853,3,0.0,0.0,4.0,sem_silencio_aparente,Manter acompanhamento de rotina.,sklearn_gb_v1,sklearn_v1
NOSSA SENHORA DO LIVRAMENTO,influenza_b,2025,35,0.1852,1,1.5,0.0,0.0,sem_silencio_aparente,Manter acompanhamento de rotina.,sklearn_gb_v1,sklearn_v1
NOSSA SENHORA DO LIVRAMENTO,influenza_a,2025,35,0.1852,1,1.5,0.0,0.0,sem_silencio_aparente,Manter acompanhamento de rotina.,sklearn_gb_v1,sklearn_v1
SINOP,chagas,2024,41,0.185,2,0.0,0.0,4.0,sem_silencio_aparente,Manter acompanhamento de rotina.,sklearn_gb_v1,sklearn_v1
SINOP,variola,2025,19,0.1843,2,0.0,0.0,4.0,sem_silencio_aparente,Manter acompanhamento de rotina.,sklearn_gb_v1,sklearn_v1
SINOP,febre_amarela_biologia_molecular,2025,2,0.1843,2,0.0,0.0,4.0,sem_silencio_aparente,Manter acompanhamento de rotina.,sklearn_gb_v1,sklearn_v1
RONDONOPOLIS,leishmaniose_visceral_humana_teste_rapido,2024,49,0.1843,2,0.0,0.0,4.0,sem_silencio_aparente,Manter acompanhamento de rotina.,sklearn_gb_v1,sklearn_v1
SINOP,varicela_zoster_biologia_molecular,2025,19,0.1843,2,0.0,0.0,4.0,sem_silencio_aparente,Manter acompanhamento de rotina.,sklearn_gb_v1,sklearn_v1
RONDONOPOLIS,leptospira,2025,11,0.1843,2,0.0,0.0,4.0,sem_silencio_aparente,Manter acompanhamento de rotina.,sklearn_gb_v1,sklearn_v1
LUCAS DO RIO VERDE,tuberculose_cultura,2025,26,0.1842,1,1.0,0.0,0.0,sem_silencio_aparente,Manter acompanhamento de rotina.,sklearn_gb_v1,sklearn_v1
PRIMAVERA DO LESTE,tuberculose_cultura,2025,26,0.1842,1,1.0,0.0,0.0,sem_silencio_aparente,Manter acompanhamento de rotina.,sklearn_gb_v1,sklearn_v1
PRIMAVERA DO LESTE,neisseria_gonorrhoeae,2025,33,0.1842,1,1.0,0.0,0.0,sem_silencio_aparente,Manter acompanhamento de rotina.,sklearn_gb_v1,sklearn_v1
PORTO ESPERIDIAO,influenza_b,2025,29,0.1835,1,1.25,0.0,0.0,sem_silencio_aparente,Manter acompanhamento de rotina.,sklearn_gb_v1,sklearn_v1
PORTO ESPERIDIAO,influenza_a,2025,29,0.1835,1,1.25,0.0,0.0,sem_silencio_aparente,Manter acompanhamento de rotina.,sklearn_gb_v1,sklearn_v1
DIAMANTINO,influenza_a,2025,45,0.183,1,1.125,0.0,0.0,sem_silencio_aparente,Manter acompanhamento de rotina.,sklearn_gb_v1,sklearn_v1
DIAMANTINO,influenza_b,2025,45,0.183,1,1.125,0.0,0.0,sem_silencio_aparente,Manter acompanhamento de rotina.,sklearn_gb_v1,sklearn_v1
DIAMANTINO,tuberculose_cultura,2025,32,0.183,1,1.1428571428571428,0.0,0.0,sem_silencio_aparente,Manter acompanhamento de rotina.,sklearn_gb_v1,sklearn_v1
BOM JESUS DO ARAGUAIA,hepatite_b_hbv,2025,27,0.1826,1,2.4285714285714284,0.0,0.0,sem_silencio_aparente,Manter acompanhamento de rotina.,sklearn_gb_v1,sklearn_v1
RONDONOPOLIS,pesquisa_de_genes_de_resistencia,2025,20,0.1822,2,0.0,0.0,4.0,sem_silencio_aparente,Manter acompanhamento de rotina.,sklearn_gb_v1,sklearn_v1
RONDONOPOLIS,pesquisa_de_multipatogenos_ist,2025,17,0.1822,2,0.0,0.0,4.0,sem_silencio_aparente,Manter acompanhamento de rotina.,sklearn_gb_v1,sklearn_v1
SINOP,pesquisa_de_genes_de_resistencia,2024,25,0.1822,2,0.0,0.0,4.0,sem_silencio_aparente,Manter acompanhamento de rotina.,sklearn_gb_v1,sklearn_v1
SINOP,hepatite_a,2025,16,0.1822,2,0.0,0.0,4.0,sem_silencio_aparente,Manter acompanhamento de rotina.,sklearn_gb_v1,sklearn_v1
CUIABA,varicela_biologia_molecular,2025,20,0.1805,2,0.0,0.0,4.0,sem_silencio_aparente,Manter acompanhamento de rotina.,sklearn_gb_v1,sklearn_v1
ARAPUTANGA,sars_cov_2,2025,35,0.1803,1,1.125,0.0,0.0,sem_silencio_aparente,Manter acompanhamento de rotina.,sklearn_gb_v1,sklearn_v1
ARAPUTANGA,influenza_a,2025,35,0.1803,1,1.125,0.0,0.0,sem_silencio_aparente,Manter acompanhamento de rotina.,sklearn_gb_v1,sklearn_v1
ARAPUTANGA,influenza_b,2025,35,0.1803,1,1.125,0.0,0.0,sem_silencio_aparente,Manter acompanhamento de rotina.,sklearn_gb_v1,sklearn_v1
TAPURAH,influenza_a,2025,23,0.1803,1,1.1428571428571428,0.0,0.0,sem_silencio_aparente,Manter acompanhamento de rotina.,sklearn_gb_v1,sklearn_v1
TAPURAH,influenza_b,2025,23,0.1803,1,1.1428571428571428,0.0,0.0,sem_silencio_aparente,Manter acompanhamento de rotina.,sklearn_gb_v1,sklearn_v1
CUIABA,hantavirus,2025,6,0.1799,2,0.0,0.0,4.0,sem_silencio_aparente,Manter acompanhamento de rotina.,sklearn_gb_v1,sklearn_v1
CUIABA,sarampo_biologia_molecular,2025,40,0.1799,2,0.0,0.0,4.0,sem_silencio_aparente,Manter acompanhamento de rotina.,sklearn_gb_v1,sklearn_v1
VARZEA GRANDE,hantavirus,2024,28,0.1795,2,0.0,0.0,4.0,sem_silencio_aparente,Manter acompanhamento de rotina.,sklearn_gb_v1,sklearn_v1
VARZEA GRANDE,htlv_i_ii_virus_linfotropico_humano_tipo_i_e_ii,2025,24,0.1795,2,0.0,0.0,4.0,sem_silencio_aparente,Manter acompanhamento de rotina.,sklearn_gb_v1,sklearn_v1
NOVO PROGRESSO,chikungunya,2025,24,0.1789,2,1.875,0.0,0.0,sem_silencio_aparente,Manter acompanhamento de rotina.,sklearn_gb_v1,sklearn_v1
SOROCABA,chikungunya,2025,16,0.1789,2,2.0,0.0,0.0,sem_silencio_aparente,Manter acompanhamento de rotina.,sklearn_gb_v1,sklearn_v1
APARECIDA DE GOIANIA,chikungunya,2025,24,0.1789,2,2.142857142857143,0.0,0.0,sem_silencio_aparente,Manter acompanhamento de rotina.,sklearn_gb_v1,sklearn_v1
BELO HORIZONTE,chikungunya,2025,8,0.1782,2,2.0,0.0,0.0,sem_silencio_aparente,Manter acompanhamento de rotina.,sklearn_gb_v1,sklearn_v1
ROLIM DE MOURA,chikungunya,2025,26,0.1782,2,2.25,0.0,0.0,sem_silencio_aparente,Manter acompanhamento de rotina.,sklearn_gb_v1,sklearn_v1
CHAPECO,chikungunya,2025,19,0.1782,2,2.0,0.0,0.0,sem_silencio_aparente,Manter acompanhamento de rotina.,sklearn_gb_v1,sklearn_v1
PORTO VELHO,chikungunya,2025,23,0.1782,2,2.125,0.0,0.0,sem_silencio_aparente,Manter acompanhamento de rotina.,sklearn_gb_v1,sklearn_v1
RIO DE JANEIRO,zika,2025,11,0.1782,2,2.1666666666666665,0.0,0.0,sem_silencio_aparente,Manter acompanhamento de rotina.,sklearn_gb_v1,sklearn_v1
TAPURAH,hiv,2025,4,0.1782,4,0.0,0.0,4.0,sem_silencio_aparente,Manter acompanhamento de rotina.,sklearn_gb_v1,sklearn_v1
FLORIANOPOLIS,chikungunya,2025,15,0.1782,2,2.2,0.0,0.0,sem_silencio_aparente,Manter acompanhamento de rotina.,sklearn_gb_v1,sklearn_v1
RIO DE JANEIRO,dengue,2025,11,0.1782,2,2.25,0.0,0.0,sem_silencio_aparente,Manter acompanhamento de rotina.,sklearn_gb_v1,sklearn_v1
FELIZ NATAL,hepatite_b_hbv,2025,51,0.1781,1,1.375,0.0,0.0,sem_silencio_aparente,Manter acompanhamento de rotina.,sklearn_gb_v1,sklearn_v1
CACERES,chagas,2025,32,0.1779,1,1.0,0.0,0.0,sem_silencio_aparente,Manter acompanhamento de rotina.,sklearn_gb_v1,sklearn_v1
CACERES,chagas_igg,2025,32,0.1779,1,1.0,0.0,0.0,sem_silencio_aparente,Manter acompanhamento de rotina.,sklearn_gb_v1,sklearn_v1
CACERES,cultura_para_fungos,2025,28,0.1779,1,1.0,0.0,0.0,sem_silencio_aparente,Manter acompanhamento de rotina.,sklearn_gb_v1,sklearn_v1
JUSCIMEIRA,hepatite_c_hcv,2025,33,0.1775,1,1.25,0.0,0.0,sem_silencio_aparente,Manter acompanhamento de rotina.,sklearn_gb_v1,sklearn_v1
VARZEA GRANDE,hepatite_a,2025,17,0.1774,2,0.0,0.0,4.0,sem_silencio_aparente,Manter acompanhamento de rotina.,sklearn_gb_v1,sklearn_v1
VARZEA GRANDE,pesquisa_de_carbapenemases,2025,43,0.1774,2,0.0,0.0,4.0,sem_silencio_aparente,Manter acompanhamento de rotina.,sklearn_gb_v1,sklearn_v1
GAUCHA DO NORTE,hepatite_b_hbv,2025,32,0.1772,1,1.375,0.0,0.0,sem_silencio_aparente,Manter acompanhamento de rotina.,sklearn_gb_v1,sklearn_v1
GAUCHA DO NORTE,dengue,2025,33,0.1772,1,1.375,0.0,0.0,sem_silencio_aparente,Manter acompanhamento de rotina.,sklearn_gb_v1,sklearn_v1
NOVA CANAA DO NORTE,dengue,2025,29,0.1767,1,1.5,0.0,0.0,sem_silencio_aparente,Manter acompanhamento de rotina.,sklearn_gb_v1,sklearn_v1
NOVA CANAA DO NORTE,virus_respiratorios,2025,22,0.1767,1,1.5,0.0,0.0,sem_silencio_aparente,Manter acompanhamento de rotina.,sklearn_gb_v1,sklearn_v1
NOVA CANAA DO NORTE,zika,2025,29,0.1767,1,1.25,0.0,0.0,sem_silencio_aparente,Manter acompanhamento de rotina.,sklearn_gb_v1,sklearn_v1
GUARANTA DO NORTE,citomegalovirus_igm,2025,22,0.1767,1,1.125,0.0,0.0,sem_silencio_aparente,Manter acompanhamento de rotina.,sklearn_gb_v1,sklearn_v1
GUARANTA DO NORTE,citomegalovirus_igg,2025,22,0.1767,1,1.125,0.0,0.0,sem_silencio_aparente,Manter acompanhamento de rotina.,sklearn_gb_v1,sklearn_v1
NOVA CANAA DO NORTE,influenza_a,2025,25,0.1767,1,1.5,0.0,0.0,sem_silencio_aparente,Manter acompanhamento de rotina.,sklearn_gb_v1,sklearn_v1
GUARANTA DO NORTE,htlv_i_ii_virus_linfotropico_humano_tipo_i_e_ii,2025,19,0.1767,1,1.125,0.0,0.0,sem_silencio_aparente,Manter acompanhamento de rotina.,sklearn_gb_v1,sklearn_v1
NOVA CANAA DO NORTE,influenza_b,2025,25,0.1767,1,1.5,0.0,0.0,sem_silencio_aparente,Manter acompanhamento de rotina.,sklearn_gb_v1,sklearn_v1
RONDONOPOLIS,fungos,2025,34,0.1765,1,1.1428571428571428,0.0,0.0,sem_silencio_aparente,Manter acompanhamento de rotina.,sklearn_gb_v1,sklearn_v1
ITANHANGA,zika,2025,23,0.1762,1,1.25,0.0,0.0,sem_silencio_aparente,Manter acompanhamento de rotina.,sklearn_gb_v1,sklearn_v1
MARINGA,chikungunya,2025,28,0.1762,2,2.25,0.0,0.0,sem_silencio_aparente,Manter acompanhamento de rotina.,sklearn_gb_v1,sklearn_v1
CANARANA,chagas_igg,2025,33,0.1761,1,1.2,0.0,0.0,sem_silencio_aparente,Manter acompanhamento de rotina.,sklearn_gb_v1,sklearn_v1
JUINA,meningite_bacteriana_biologia_molecular,2024,52,0.1761,3,0.0,1.0,4.0,sem_silencio_aparente,Manter acompanhamento de rotina.,sklearn_gb_v1,sklearn_v1
LUCAS DO RIO VERDE,bordetella,2025,4,0.1761,5,0.0,0.0,4.0,sem_silencio_aparente,Manter acompanhamento de rotina.,sklearn_gb_v1,sklearn_v1
PEIXOTO DE AZEVEDO,fungos,2025,31,0.176,1,1.125,0.0,0.0,sem_silencio_aparente,Manter acompanhamento de rotina.,sklearn_gb_v1,sklearn_v1
BRASNORTE,hiv,2025,17,0.1754,4,0.0,0.0,4.0,sem_silencio_aparente,Manter acompanhamento de rotina.,sklearn_gb_v1,sklearn_v1
GUIRATINGA,dengue,2025,22,0.1751,1,1.25,0.0,0.0,sem_silencio_aparente,Manter acompanhamento de rotina.,sklearn_gb_v1,sklearn_v1
ITIQUIRA,dengue,2025,22,0.1747,1,1.2,0.0,0.0,sem_silencio_aparente,Manter acompanhamento de rotina.,sklearn_gb_v1,sklearn_v1
RIO BRANCO,chikungunya,2025,29,0.1741,1,3.375,0.0,0.0,sem_silencio_aparente,Manter acompanhamento de rotina.,sklearn_gb_v1,sklearn_v1
BARRA DO BUGRES,pesquisa_de_multipatogenos_ist,2026,20,0.1738,2,2.0,0.0,0.0,sem_silencio_aparente,Manter acompanhamento de rotina.,sklearn_gb_v1,sklearn_v1
CHAPADA DOS GUIMARAES,tuberculose_cultura,2025,28,0.1726,1,1.25,0.0,0.0,sem_silencio_aparente,Manter acompanhamento de rotina.,sklearn_gb_v1,sklearn_v1
NOVA BANDEIRANTES,hepatite_b_hbv,2025,20,0.1717,1,1.25,0.0,0.0,sem_silencio_aparente,Manter acompanhamento de rotina.,sklearn_gb_v1,sklearn_v1
CANARANA,chagas,2025,33,0.1714,1,1.25,0.0,0.0,sem_silencio_aparente,Manter acompanhamento de rotina.,sklearn_gb_v1,sklearn_v1
DENISE,zika,2025,28,0.1714,1,1.75,0.0,0.0,sem_silencio_aparente,Manter acompanhamento de rotina.,sklearn_gb_v1,sklearn_v1
NOVA XAVANTINA,zika,2025,27,0.1713,1,1.125,0.0,0.0,sem_silencio_aparente,Manter acompanhamento de rotina.,sklearn_gb_v1,sklearn_v1
NOVA MUTUM,citomegalovirus_igg,2025,32,0.1704,1,1.0,0.0,0.0,sem_silencio_aparente,Manter acompanhamento de rotina.,sklearn_gb_v1,sklearn_v1
BARRA DO GARCAS,hepatite_c_hcv,2025,31,0.1704,1,1.0,0.0,0.0,sem_silencio_aparente,Manter acompanhamento de rotina.,sklearn_gb_v1,sklearn_v1
NOVA MUTUM,toxoplasmose_igg,2025,32,0.1704,1,1.0,0.0,0.0,sem_silencio_aparente,Manter acompanhamento de rotina.,sklearn_gb_v1,sklearn_v1
CAMPO VERDE,rubeola_igm,2025,43,0.1704,1,1.0,0.0,0.0,sem_silencio_aparente,Manter acompanhamento de rotina.,sklearn_gb_v1,sklearn_v1
ALTA FLORESTA,hepatite_c_hcv,2025,20,0.1704,1,1.0,0.0,0.0,sem_silencio_aparente,Manter acompanhamento de rotina.,sklearn_gb_v1,sklearn_v1
SANTO ANTONIO DO LEVERGER,hepatite_c_hcv,2025,29,0.1704,1,1.2,0.0,0.0,sem_silencio_aparente,Manter acompanhamento de rotina.,sklearn_gb_v1,sklearn_v1
NOBRES,dengue,2025,26,0.17,1,1.375,0.0,0.0,sem_silencio_aparente,Manter acompanhamento de rotina.,sklearn_gb_v1,sklearn_v1
NOBRES,hepatite_b_hbv,2025,29,0.17,1,1.375,0.0,0.0,sem_silencio_aparente,Manter acompanhamento de rotina.,sklearn_gb_v1,sklearn_v1
CHAPADA DOS GUIMARAES,hepatite_c_hcv,2025,19,0.17,1,1.2857142857142858,0.0,0.0,sem_silencio_aparente,Manter acompanhamento de rotina.,sklearn_gb_v1,sklearn_v1
DOURADOS,chikungunya,2025,24,0.17,2,2.375,0.0,0.0,sem_silencio_aparente,Manter acompanhamento de rotina.,sklearn_gb_v1,sklearn_v1
PARAUAPEBAS,chikungunya,2025,15,0.17,2,2.3333333333333335,0.0,0.0,sem_silencio_aparente,Manter acompanhamento de rotina.,sklearn_gb_v1,sklearn_v1
SAPEZAL,tuberculose_cultura,2025,26,0.1698,1,1.0,0.0,0.0,sem_silencio_aparente,Manter acompanhamento de rotina.,sklearn_gb_v1,sklearn_v1
CAMPO VERDE,tuberculose_cultura,2025,21,0.1698,1,1.0,0.0,0.0,sem_silencio_aparente,Manter acompanhamento de rotina.,sklearn_gb_v1,sklearn_v1
JUINA,hepatite_c_hcv,2025,31,0.1698,1,1.0,0.0,0.0,sem_silencio_aparente,Manter acompanhamento de rotina.,sklearn_gb_v1,sklearn_v1
CAMPO VERDE,rubeola_igg,2025,43,0.1698,1,1.0,0.0,0.0,sem_silencio_aparente,Manter acompanhamento de rotina.,sklearn_gb_v1,sklearn_v1
NOVA MUTUM,citomegalovirus_igm,2025,32,0.1698,1,1.0,0.0,0.0,sem_silencio_aparente,Manter acompanhamento de rotina.,sklearn_gb_v1,sklearn_v1
COLIDER,hepatite_c_hcv,2025,22,0.1698,1,1.0,0.0,0.0,sem_silencio_aparente,Manter acompanhamento de rotina.,sklearn_gb_v1,sklearn_v1
NOVA MUTUM,toxoplasmose_igm,2025,32,0.1698,1,1.0,0.0,0.0,sem_silencio_aparente,Manter acompanhamento de rotina.,sklearn_gb_v1,sklearn_v1
AGUA BOA,htlv_i_ii_virus_linfotropico_humano_tipo_i_e_ii,2025,12,0.1698,1,1.0,0.0,0.0,sem_silencio_aparente,Manter acompanhamento de rotina.,sklearn_gb_v1,sklearn_v1
PRIMAVERA DO LESTE,hepatite_b_hbv,2025,35,0.1696,1,1.125,0.0,0.0,sem_silencio_aparente,Manter acompanhamento de rotina.,sklearn_gb_v1,sklearn_v1
SERRA,dengue,2025,29,0.1695,3,2.0,0.0,0.0,sem_silencio_aparente,Manter acompanhamento de rotina.,sklearn_gb_v1,sklearn_v1
MIGUEL ALVES,dengue,2025,23,0.1695,3,2.0,0.0,0.0,sem_silencio_aparente,Manter acompanhamento de rotina.,sklearn_gb_v1,sklearn_v1
SANTA LUZIA,chikungunya,2025,20,0.1695,3,2.0,0.0,0.0,sem_silencio_aparente,Manter acompanhamento de rotina.,sklearn_gb_v1,sklearn_v1
JI-PARANA,dengue,2025,25,0.1695,3,1.875,0.0,0.0,sem_silencio_aparente,Manter acompanhamento de rotina.,sklearn_gb_v1,sklearn_v1
CAXIAS,dengue,2025,30,0.1695,3,2.0,0.0,0.0,sem_silencio_aparente,Manter acompanhamento de rotina.,sklearn_gb_v1,sklearn_v1
NOVA BANDEIRANTES,zika,2025,24,0.1691,1,1.375,0.0,0.0,sem_silencio_aparente,Manter acompanhamento de rotina.,sklearn_gb_v1,sklearn_v1
PONTES E LACERDA,hepatite_b_hbv,2026,20,0.1689,1,2.0,0.0,0.0,sem_silencio_aparente,Manter acompanhamento de rotina.,sklearn_gb_v1,sklearn_v1
CUIABA,sars_cov_2,2026,20,0.1689,1,1.875,0.0,0.0,sem_silencio_aparente,Manter acompanhamento de rotina.,sklearn_gb_v1,sklearn_v1
VARZEA GRANDE,variola,2026,5,0.1689,1,2.125,0.0,0.0,sem_silencio_aparente,Manter acompanhamento de rotina.,sklearn_gb_v1,sklearn_v1
CUIABA,meningite_bacteriana_biologia_molecular,2026,21,0.1689,1,2.25,0.0,0.0,sem_silencio_aparente,Manter acompanhamento de rotina.,sklearn_gb_v1,sklearn_v1
PRIMAVERA DO LESTE,bordetella,2025,15,0.1688,5,0.0,0.0,4.0,sem_silencio_aparente,Manter acompanhamento de rotina.,sklearn_gb_v1,sklearn_v1
AGUA BOA,rubeola_igg,2025,15,0.1685,4,0.0,0.0,4.0,sem_silencio_aparente,Manter acompanhamento de rotina.,sklearn_gb_v1,sklearn_v1
LUCAS DO RIO VERDE,tuberculose_teste_de_sensibilidade,2025,4,0.1684,2,0.0,2.0,4.0,sem_silencio_aparente,Manter acompanhamento de rotina.,sklearn_gb_v1,sklearn_v1
NOVA MUTUM,bordetella,2025,17,0.1679,5,0.0,0.0,4.0,sem_silencio_aparente,Manter acompanhamento de rotina.,sklearn_gb_v1,sklearn_v1
POXOREO,dengue,2025,22,0.1675,3,2.25,0.0,0.0,sem_silencio_aparente,Manter acompanhamento de rotina.,sklearn_gb_v1,sklearn_v1
GOIANIA,chikungunya,2025,24,0.1675,3,1.875,0.0,0.0,sem_silencio_aparente,Manter acompanhamento de rotina.,sklearn_gb_v1,sklearn_v1
ROSARIO OESTE,influenza_a,2025,28,0.1674,1,1.25,0.0,0.0,sem_silencio_aparente,Manter acompanhamento de rotina.,sklearn_gb_v1,sklearn_v1
ROSARIO OESTE,sars_cov_2,2025,28,0.1674,1,1.2857142857142858,0.0,0.0,sem_silencio_aparente,Manter acompanhamento de rotina.,sklearn_gb_v1,sklearn_v1
ROSARIO OESTE,tuberculose_cultura,2025,22,0.1674,1,1.25,0.0,0.0,sem_silencio_aparente,Manter acompanhamento de rotina.,sklearn_gb_v1,sklearn_v1
ROSARIO OESTE,influenza_b,2025,28,0.1674,1,1.25,0.0,0.0,sem_silencio_aparente,Manter acompanhamento de rotina.,sklearn_gb_v1,sklearn_v1
LUCAS DO RIO VERDE,meningite_bacteriana_biologia_molecular,2025,11,0.1665,3,0.0,0.0,4.0,sem_silencio_aparente,Manter acompanhamento de rotina.,sklearn_gb_v1,sklearn_v1
ALTA FLORESTA,tuberculose_teste_de_sensibilidade,2025,3,0.1662,4,0.0,0.0,4.0,sem_silencio_aparente,Manter acompanhamento de rotina.,sklearn_gb_v1,sklearn_v1
ARIPUANA,influenza_a,2025,35,0.1662,1,1.2,0.0,0.0,sem_silencio_aparente,Manter acompanhamento de rotina.,sklearn_gb_v1,sklearn_v1
ARIPUANA,influenza_b,2025,35,0.1662,1,1.2,0.0,0.0,sem_silencio_aparente,Manter acompanhamento de rotina.,sklearn_gb_v1,sklearn_v1
NOVA GUARITA,influenza_b,2025,23,0.1659,2,1.5,0.0,0.0,sem_silencio_aparente,Manter acompanhamento de rotina.,sklearn_gb_v1,sklearn_v1
NOVA GUARITA,influenza_a,2025,23,0.1659,2,1.5,0.0,0.0,sem_silencio_aparente,Manter acompanhamento de rotina.,sklearn_gb_v1,sklearn_v1
SANTO ANTONIO DO LEVERGER,virus_respiratorios,2025,30,0.1658,1,1.25,0.0,0.0,sem_silencio_aparente,Manter acompanhamento de rotina.,sklearn_gb_v1,sklearn_v1
SANTO ANTONIO DO LEVERGER,influenza_b,2025,30,0.1658,1,1.5,0.0,0.0,sem_silencio_aparente,Manter acompanhamento de rotina.,sklearn_gb_v1,sklearn_v1
SANTO ANTONIO DO LEVERGER,sars_cov_2,2025,25,0.1658,1,1.375,0.0,0.0,sem_silencio_aparente,Manter acompanhamento de rotina.,sklearn_gb_v1,sklearn_v1
SANTO ANTONIO DO LEVERGER,influenza_a,2025,30,0.1658,1,1.5,0.0,0.0,sem_silencio_aparente,Manter acompanhamento de rotina.,sklearn_gb_v1,sklearn_v1
ARENAPOLIS,hepatite_c_hcv,2025,30,0.1657,1,1.1666666666666667,0.0,0.0,sem_silencio_aparente,Manter acompanhamento de rotina.,sklearn_gb_v1,sklearn_v1
MATUPA,hepatite_c_hcv,2025,24,0.1647,1,1.1666666666666667,0.0,0.0,sem_silencio_aparente,Manter acompanhamento de rotina.,sklearn_gb_v1,sklearn_v1
DIAMANTINO,virus_respiratorios,2025,30,0.1647,1,1.2,0.0,0.0,sem_silencio_aparente,Manter acompanhamento de rotina.,sklearn_gb_v1,sklearn_v1
CAMPINAPOLIS,rifampicina,2025,17,0.1644,3,2.25,0.0,0.0,sem_silencio_aparente,Manter acompanhamento de rotina.,sklearn_gb_v1,sklearn_v1
PEDRA PRETA,dengue,2025,27,0.1639,1,1.75,0.0,0.0,sem_silencio_aparente,Manter acompanhamento de rotina.,sklearn_gb_v1,sklearn_v1
JUINA,bordetella,2025,19,0.1636,5,0.0,0.0,4.0,sem_silencio_aparente,Manter acompanhamento de rotina.,sklearn_gb_v1,sklearn_v1
AGUA BOA,rubeola_igm,2025,15,0.1636,4,0.0,0.0,4.0,sem_silencio_aparente,Manter acompanhamento de rotina.,sklearn_gb_v1,sklearn_v1
AGUA BOA,fungos,2025,15,0.1636,4,0.0,0.0,4.0,sem_silencio_aparente,Manter acompanhamento de rotina.,sklearn_gb_v1,sklearn_v1
AGUA BOA,sarampo_igm,2025,15,0.1636,4,0.0,0.0,4.0,sem_silencio_aparente,Manter acompanhamento de rotina.,sklearn_gb_v1,sklearn_v1
BARRA DO BUGRES,dengue,2025,25,0.1626,1,1.375,0.0,0.0,sem_silencio_aparente,Manter acompanhamento de rotina.,sklearn_gb_v1,sklearn_v1
BARRA DO BUGRES,tuberculose,2025,35,0.1626,1,1.25,1.0,0.0,sem_silencio_aparente,Manter acompanhamento de rotina.,sklearn_gb_v1,sklearn_v1
POCONE,tuberculose_lf_lam,2025,51,0.1625,1,1.5,0.0,0.0,sem_silencio_aparente,Manter acompanhamento de rotina.,sklearn_gb_v1,sklearn_v1
SORRISO,coqueluche_deteccao_de_bordetella_pertussis,2025,29,0.1625,5,0.0,0.0,4.0,sem_silencio_aparente,Manter acompanhamento de rotina.,sklearn_gb_v1,sklearn_v1
ITANHANGA,dengue,2025,25,0.1625,1,1.625,0.0,0.0,sem_silencio_aparente,Manter acompanhamento de rotina.,sklearn_gb_v1,sklearn_v1
SORRISO,bordetella,2025,8,0.1625,5,0.0,0.0,4.0,sem_silencio_aparente,Manter acompanhamento de rotina.,sklearn_gb_v1,sklearn_v1
ARIPUANA,sars_cov_2,2025,35,0.1617,1,1.25,0.0,0.0,sem_silencio_aparente,Manter acompanhamento de rotina.,sklearn_gb_v1,sklearn_v1
PARANATINGA,zika,2025,25,0.1617,1,1.4285714285714286,0.0,0.0,sem_silencio_aparente,Manter acompanhamento de rotina.,sklearn_gb_v1,sklearn_v1
ITAITUBA,dengue,2025,32,0.1616,3,2.375,0.0,0.0,sem_silencio_aparente,Manter acompanhamento de rotina.,sklearn_gb_v1,sklearn_v1
TANGARA DA SERRA,variola,2024,38,0.1615,3,0.0,0.0,4.0,sem_silencio_aparente,Manter acompanhamento de rotina.,sklearn_gb_v1,sklearn_v1
SORRISO,meningite_bacteriana_biologia_molecular,2025,21,0.1615,3,0.0,1.0,4.0,sem_silencio_aparente,Manter acompanhamento de rotina.,sklearn_gb_v1,sklearn_v1
SORRISO,tuberculose_teste_de_sensibilidade,2025,21,0.1613,2,0.0,2.0,4.0,sem_silencio_aparente,Manter acompanhamento de rotina.,sklearn_gb_v1,sklearn_v1
CLAUDIA,hepatite_b_hbv,2025,27,0.1612,1,1.25,0.0,0.0,sem_silencio_aparente,Manter acompanhamento de rotina.,sklearn_gb_v1,sklearn_v1
VARZEA GRANDE,virus_respiratorios,2026,9,0.161,1,2.375,0.0,0.0,sem_silencio_aparente,Manter acompanhamento de rotina.,sklearn_gb_v1,sklearn_v1
ARENAPOLIS,leptospira,2025,33,0.1606,1,1.5,0.0,0.0,sem_silencio_aparente,Manter acompanhamento de rotina.,sklearn_gb_v1,sklearn_v1
CAMPINAPOLIS,virus_respiratorios,2025,34,0.1604,1,1.7142857142857142,0.0,0.0,sem_silencio_aparente,Manter acompanhamento de rotina.,sklearn_gb_v1,sklearn_v1
CURVELANDIA,zika,2025,17,0.1603,1,4.625,1.0,0.0,sem_silencio_aparente,Manter acompanhamento de rotina.,sklearn_gb_v1,sklearn_v1
MATUPA,influenza_a,2025,30,0.1602,1,1.25,0.0,0.0,sem_silencio_aparente,Manter acompanhamento de rotina.,sklearn_gb_v1,sklearn_v1
SAO JOSE DOS QUATRO MARCOS,influenza_a,2025,26,0.1602,1,1.3333333333333333,0.0,0.0,sem_silencio_aparente,Manter acompanhamento de rotina.,sklearn_gb_v1,sklearn_v1
MATUPA,tuberculose_cultura,2025,20,0.1602,1,1.25,0.0,0.0,sem_silencio_aparente,Manter acompanhamento de rotina.,sklearn_gb_v1,sklearn_v1
MATUPA,influenza_b,2025,30,0.1602,1,1.25,0.0,0.0,sem_silencio_aparente,Manter acompanhamento de rotina.,sklearn_gb_v1,sklearn_v1
DIAMANTINO,sars_cov_2,2025,45,0.1602,1,1.5,0.0,0.0,sem_silencio_aparente,Manter acompanhamento de rotina.,sklearn_gb_v1,sklearn_v1
SAO JOSE DOS QUATRO MARCOS,influenza_b,2025,26,0.1602,1,1.3333333333333333,0.0,0.0,sem_silencio_aparente,Manter acompanhamento de rotina.,sklearn_gb_v1,sklearn_v1
POCONE,tuberculose_cultura,2025,29,0.1601,1,1.25,1.0,0.0,sem_silencio_aparente,Manter acompanhamento de rotina.,sklearn_gb_v1,sklearn_v1
ALTO TAQUARI,chikungunya,2025,17,0.1593,1,1.5,0.0,0.0,sem_silencio_aparente,Manter acompanhamento de rotina.,sklearn_gb_v1,sklearn_v1
VILA BELA DA SANTISSIMA TRINDADE,dengue,2025,33,0.159,3,2.25,0.0,0.0,sem_silencio_aparente,Manter acompanhamento de rotina.,sklearn_gb_v1,sklearn_v1
GUARANTA DO NORTE,rubeola_igm,2025,19,0.1588,1,1.1666666666666667,0.0,0.0,sem_silencio_aparente,Manter acompanhamento de rotina.,sklearn_gb_v1,sklearn_v1
RONDONOPOLIS,sarampo_igm,2025,32,0.1588,1,1.5,0.0,0.0,sem_silencio_aparente,Manter acompanhamento de rotina.,sklearn_gb_v1,sklearn_v1
MARCELANDIA,influenza_b,2025,33,0.1587,1,1.7142857142857142,0.0,0.0,sem_silencio_aparente,Manter acompanhamento de rotina.,sklearn_gb_v1,sklearn_v1
MARCELANDIA,influenza_a,2025,33,0.1587,1,1.7142857142857142,0.0,0.0,sem_silencio_aparente,Manter acompanhamento de rotina.,sklearn_gb_v1,sklearn_v1
PORTO DOS GAUCHOS,chikungunya,2025,22,0.1586,2,1.8333333333333333,0.0,0.0,sem_silencio_aparente,Manter acompanhamento de rotina.,sklearn_gb_v1,sklearn_v1
SORRISO,toxoplasmose_igm,2025,35,0.158,1,1.0,0.0,0.0,sem_silencio_aparente,Manter acompanhamento de rotina.,sklearn_gb_v1,sklearn_v1
SORRISO,toxoplasmose_igg,2025,35,0.158,1,1.0,0.0,0.0,sem_silencio_aparente,Manter acompanhamento de rotina.,sklearn_gb_v1,sklearn_v1
TAPURAH,sars_cov_2,2025,23,0.1577,1,1.4,0.0,0.0,sem_silencio_aparente,Manter acompanhamento de rotina.,sklearn_gb_v1,sklearn_v1
NOVA OLIMPIA,influenza_a,2025,22,0.1577,1,1.2,0.0,0.0,sem_silencio_aparente,Manter acompanhamento de rotina.,sklearn_gb_v1,sklearn_v1
SORRISO,tuberculose,2025,35,0.1574,1,1.0,1.0,0.0,sem_silencio_aparente,Manter acompanhamento de rotina.,sklearn_gb_v1,sklearn_v1
SINOP,leishmaniose_visceral_humana_teste_rapido,2025,24,0.1574,1,1.0,0.0,0.0,sem_silencio_aparente,Manter acompanhamento de rotina.,sklearn_gb_v1,sklearn_v1
NOVA OLIMPIA,influenza_b,2025,22,0.1571,1,1.2,0.0,0.0,sem_silencio_aparente,Manter acompanhamento de rotina.,sklearn_gb_v1,sklearn_v1
ALTO PARAGUAI,chikungunya,2025,21,0.157,3,1.75,0.0,0.0,sem_silencio_aparente,Manter acompanhamento de rotina.,sklearn_gb_v1,sklearn_v1
PRIMAVERA DO LESTE,rubeola_igg,2025,44,0.1568,1,1.2,0.0,0.0,sem_silencio_aparente,Manter acompanhamento de rotina.,sklearn_gb_v1,sklearn_v1
CHAPADA DOS GUIMARAES,sars_cov_2,2025,34,0.1567,1,1.75,0.0,0.0,sem_silencio_aparente,Manter acompanhamento de rotina.,sklearn_gb_v1,sklearn_v1
CHAPADA DOS GUIMARAES,virus_respiratorios,2025,25,0.1567,1,1.75,0.0,0.0,sem_silencio_aparente,Manter acompanhamento de rotina.,sklearn_gb_v1,sklearn_v1
PEIXOTO DE AZEVEDO,rifampicina,2025,34,0.1566,1,1.2,0.0,0.0,sem_silencio_aparente,Manter acompanhamento de rotina.,sklearn_gb_v1,sklearn_v1
PEIXOTO DE AZEVEDO,cultura_para_fungos,2025,26,0.1566,1,1.1666666666666667,0.0,0.0,sem_silencio_aparente,Manter acompanhamento de rotina.,sklearn_gb_v1,sklearn_v1
PRIMAVERA DO LESTE,rubeola_igm,2025,44,0.1562,1,1.2,0.0,0.0,sem_silencio_aparente,Manter acompanhamento de rotina.,sklearn_gb_v1,sklearn_v1
VERA,hepatite_b_hbv,2025,43,0.1562,1,1.25,0.0,0.0,sem_silencio_aparente,Manter acompanhamento de rotina.,sklearn_gb_v1,sklearn_v1
PARANATINGA,hepatite_b_hbv,2025,28,0.156,1,1.6,0.0,0.0,sem_silencio_aparente,Manter acompanhamento de rotina.,sklearn_gb_v1,sklearn_v1
NOVA BANDEIRANTES,chikungunya,2025,24,0.1559,1,1.75,0.0,0.0,sem_silencio_aparente,Manter acompanhamento de rotina.,sklearn_gb_v1,sklearn_v1
AGUA BOA,tuberculose_cultura,2025,29,0.1555,1,1.125,0.0,0.0,sem_silencio_aparente,Manter acompanhamento de rotina.,sklearn_gb_v1,sklearn_v1
JUINA,fungos,2025,33,0.1555,1,1.125,0.0,0.0,sem_silencio_aparente,Manter acompanhamento de rotina.,sklearn_gb_v1,sklearn_v1
CAMPO NOVO DO PARECIS,virus_respiratorios,2025,35,0.1555,1,1.125,0.0,0.0,sem_silencio_aparente,Manter acompanhamento de rotina.,sklearn_gb_v1,sklearn_v1
CAMPO VERDE,hepatite_c_hcv,2025,20,0.1555,1,1.1428571428571428,0.0,0.0,sem_silencio_aparente,Manter acompanhamento de rotina.,sklearn_gb_v1,sklearn_v1
DOM AQUINO,dengue,2025,26,0.1552,3,1.5714285714285714,0.0,0.0,sem_silencio_aparente,Manter acompanhamento de rotina.,sklearn_gb_v1,sklearn_v1
BARRA DO BUGRES,chikungunya,2025,25,0.1551,1,1.625,0.0,0.0,sem_silencio_aparente,Manter acompanhamento de rotina.,sklearn_gb_v1,sklearn_v1
GUARANTA DO NORTE,rubeola_igg,2025,19,0.155,1,1.25,0.0,0.0,sem_silencio_aparente,Manter acompanhamento de rotina.,sklearn_gb_v1,sklearn_v1
GUARANTA DO NORTE,influenza_a,2025,33,0.1545,1,1.3333333333333333,0.0,0.0,sem_silencio_aparente,Manter acompanhamento de rotina.,sklearn_gb_v1,sklearn_v1
GUARANTA DO NORTE,influenza_b,2025,33,0.1545,1,1.3333333333333333,0.0,0.0,sem_silencio_aparente,Manter acompanhamento de rotina.,sklearn_gb_v1,sklearn_v1
GUARANTA DO NORTE,tuberculose_cultura,2025,24,0.1545,1,1.375,0.0,0.0,sem_silencio_aparente,Manter acompanhamento de rotina.,sklearn_gb_v1,sklearn_v1
PARANAITA,hepatite_b_hbv,2025,31,0.1544,1,1.5,0.0,0.0,sem_silencio_aparente,Manter acompanhamento de rotina.,sklearn_gb_v1,sklearn_v1
PEDRA PRETA,hepatite_b_hbv,2025,33,0.1543,1,1.8,0.0,0.0,sem_silencio_aparente,Manter acompanhamento de rotina.,sklearn_gb_v1,sklearn_v1
BRASNORTE,sars_cov_2,2025,30,0.1539,1,1.4,0.0,0.0,sem_silencio_aparente,Manter acompanhamento de rotina.,sklearn_gb_v1,sklearn_v1
NOVA XAVANTINA,influenza_a,2025,34,0.1539,1,1.2,0.0,0.0,sem_silencio_aparente,Manter acompanhamento de rotina.,sklearn_gb_v1,sklearn_v1
NOVA XAVANTINA,influenza_b,2025,34,0.1539,1,1.2,0.0,0.0,sem_silencio_aparente,Manter acompanhamento de rotina.,sklearn_gb_v1,sklearn_v1
PEDRA PRETA,zika,2025,22,0.1537,1,1.8333333333333333,0.0,0.0,sem_silencio_aparente,Manter acompanhamento de rotina.,sklearn_gb_v1,sklearn_v1
SANTO ANTONIO DO LEVERGER,zika,2025,29,0.1528,1,1.625,0.0,0.0,sem_silencio_aparente,Manter acompanhamento de rotina.,sklearn_gb_v1,sklearn_v1
CONFRESA,sars_cov_2,2025,40,0.1523,1,1.3333333333333333,0.0,0.0,sem_silencio_aparente,Manter acompanhamento de rotina.,sklearn_gb_v1,sklearn_v1
CONFRESA,influenza_a,2025,40,0.1523,1,1.3333333333333333,0.0,0.0,sem_silencio_aparente,Manter acompanhamento de rotina.,sklearn_gb_v1,sklearn_v1
PEIXOTO DE AZEVEDO,hepatite_c_hcv,2025,30,0.1523,1,1.5,0.0,0.0,sem_silencio_aparente,Manter acompanhamento de rotina.,sklearn_gb_v1,sklearn_v1
CONFRESA,influenza_b,2025,40,0.1523,1,1.3333333333333333,0.0,0.0,sem_silencio_aparente,Manter acompanhamento de rotina.,sklearn_gb_v1,sklearn_v1
SANTA RITA DO TRIVELATO,dengue,2025,24,0.1522,3,1.75,0.0,0.0,sem_silencio_aparente,Manter acompanhamento de rotina.,sklearn_gb_v1,sklearn_v1
GAUCHA DO NORTE,chikungunya,2025,33,0.152,1,2.375,0.0,0.0,sem_silencio_aparente,Manter acompanhamento de rotina.,sklearn_gb_v1,sklearn_v1
CAMPINAPOLIS,tuberculose_cultura,2025,28,0.152,1,2.375,1.0,0.0,sem_silencio_aparente,Manter acompanhamento de rotina.,sklearn_gb_v1,sklearn_v1
PARANATINGA,chikungunya,2025,25,0.1519,1,1.75,0.0,0.0,sem_silencio_aparente,Manter acompanhamento de rotina.,sklearn_gb_v1,sklearn_v1
LUCAS DO RIO VERDE,hepatite_c_hcv,2025,34,0.1519,1,1.375,0.0,0.0,sem_silencio_aparente,Manter acompanhamento de rotina.,sklearn_gb_v1,sklearn_v1
INDIAVAI,chikungunya,2025,8,0.1517,2,2.6666666666666665,0.0,0.0,sem_silencio_aparente,Manter acompanhamento de rotina.,sklearn_gb_v1,sklearn_v1
NOVA UBIRATA,hepatite_b_hbv,2025,24,0.1515,1,1.8,0.0,0.0,sem_silencio_aparente,Manter acompanhamento de rotina.,sklearn_gb_v1,sklearn_v1
JURUENA,chikungunya,2025,31,0.1512,1,2.25,0.0,0.0,sem_silencio_aparente,Manter acompanhamento de rotina.,sklearn_gb_v1,sklearn_v1
JURUENA,zika,2025,31,0.1512,1,2.25,0.0,0.0,sem_silencio_aparente,Manter acompanhamento de rotina.,sklearn_gb_v1,sklearn_v1
CURVELANDIA,dengue,2025,17,0.151,1,6.5,0.0,0.0,sem_silencio_aparente,Manter acompanhamento de rotina.,sklearn_gb_v1,sklearn_v1
SAPEZAL,virus_respiratorios,2024,37,0.1496,1,1.0,0.0,0.0,sem_silencio_aparente,Manter acompanhamento de rotina.,sklearn_gb_v1,sklearn_v1
NOVA XAVANTINA,chikungunya,2025,27,0.1496,1,1.375,0.0,0.0,sem_silencio_aparente,Manter acompanhamento de rotina.,sklearn_gb_v1,sklearn_v1
RONDONOPOLIS,meningite_bacteriana_biologia_molecular,2025,35,0.1495,3,0.0,0.0,4.0,sem_silencio_aparente,Manter acompanhamento de rotina.,sklearn_gb_v1,sklearn_v1
CACERES,tuberculose,2025,35,0.1494,1,1.2,1.0,0.0,sem_silencio_aparente,Manter acompanhamento de rotina.,sklearn_gb_v1,sklearn_v1
CACERES,fungos,2025,31,0.1494,1,1.2,0.0,0.0,sem_silencio_aparente,Manter acompanhamento de rotina.,sklearn_gb_v1,sklearn_v1
CONFRESA,hepatite_b_hbv,2025,25,0.1486,1,1.625,0.0,0.0,sem_silencio_aparente,Manter acompanhamento de rotina.,sklearn_gb_v1,sklearn_v1
CURVELANDIA,chikungunya,2025,17,0.148,1,4.75,0.0,0.0,sem_silencio_aparente,Manter acompanhamento de rotina.,sklearn_gb_v1,sklearn_v1
VARZEA GRANDE,sarampo_biologia_molecular,2025,41,0.1475,3,0.0,0.0,4.0,sem_silencio_aparente,Manter acompanhamento de rotina.,sklearn_gb_v1,sklearn_v1
PEIXOTO DE AZEVEDO,hepatite_b_hbv,2025,30,0.1463,1,1.75,0.0,0.0,sem_silencio_aparente,Manter acompanhamento de rotina.,sklearn_gb_v1,sklearn_v1
CUIABA,pesquisa_de_carbapenemases,2024,40,0.1458,3,0.0,0.0,4.0,sem_silencio_aparente,Manter acompanhamento de rotina.,sklearn_gb_v1,sklearn_v1
NOVA CANAA DO NORTE,chikungunya,2025,29,0.1453,1,2.0,0.0,0.0,sem_silencio_aparente,Manter acompanhamento de rotina.,sklearn_gb_v1,sklearn_v1
CACERES,rubeola_igg,2025,42,0.1452,1,1.375,0.0,0.0,sem_silencio_aparente,Manter acompanhamento de rotina.,sklearn_gb_v1,sklearn_v1
CACERES,sarampo_igm,2025,42,0.1452,1,1.375,0.0,0.0,sem_silencio_aparente,Manter acompanhamento de rotina.,sklearn_gb_v1,sklearn_v1
CACERES,rubeola_igm,2025,42,0.1452,1,1.375,0.0,0.0,sem_silencio_aparente,Manter acompanhamento de rotina.,sklearn_gb_v1,sklearn_v1
CACERES,sarampo_igg,2025,42,0.1452,1,1.5,0.0,0.0,sem_silencio_aparente,Manter acompanhamento de rotina.,sklearn_gb_v1,sklearn_v1
NOVO SAO JOAQUIM,zika,2025,10,0.1451,2,1.8333333333333333,3.0,0.0,sem_silencio_aparente,Manter acompanhamento de rotina.,sklearn_gb_v1,sklearn_v1
COTRIGUACU,dengue,2025,21,0.145,3,1.625,0.0,0.0,sem_silencio_aparente,Manter acompanhamento de rotina.,sklearn_gb_v1,sklearn_v1
JUARA,influenza_a,2025,26,0.1442,1,1.1666666666666667,0.0,0.0,sem_silencio_aparente,Manter acompanhamento de rotina.,sklearn_gb_v1,sklearn_v1
JUINA,tuberculose,2025,30,0.1442,1,1.1666666666666667,0.0,0.0,sem_silencio_aparente,Manter acompanhamento de rotina.,sklearn_gb_v1,sklearn_v1
CAMPO NOVO DO PARECIS,toxoplasmose_igg,2025,33,0.1442,1,1.2,0.0,0.0,sem_silencio_aparente,Manter acompanhamento de rotina.,sklearn_gb_v1,sklearn_v1
SINOP,bordetella,2025,12,0.1441,5,0.0,0.0,4.0,sem_silencio_aparente,Manter acompanhamento de rotina.,sklearn_gb_v1,sklearn_v1
SORRISO,tuberculose_cultura,2025,29,0.144,1,1.125,1.0,0.0,sem_silencio_aparente,Manter acompanhamento de rotina.,sklearn_gb_v1,sklearn_v1
MANAUS,dengue,2025,34,0.1439,1,2.625,0.0,0.0,sem_silencio_aparente,Manter acompanhamento de rotina.,sklearn_gb_v1,sklearn_v1
PONTES E LACERDA,rubeola_igm,2025,35,0.1436,1,1.2,0.0,0.0,sem_silencio_aparente,Manter acompanhamento de rotina.,sklearn_gb_v1,sklearn_v1
CAMPO NOVO DO PARECIS,chagas,2025,28,0.1436,1,1.2,0.0,0.0,sem_silencio_aparente,Manter acompanhamento de rotina.,sklearn_gb_v1,sklearn_v1
CAMPO NOVO DO PARECIS,chagas_igg,2025,28,0.1436,1,1.2,0.0,0.0,sem_silencio_aparente,Manter acompanhamento de rotina.,sklearn_gb_v1,sklearn_v1
NOVA MUTUM,chagas,2025,28,0.1436,1,1.2,0.0,0.0,sem_silencio_aparente,Manter acompanhamento de rotina.,sklearn_gb_v1,sklearn_v1
NOVA MUTUM,chagas_igg,2025,28,0.1436,1,1.2,0.0,0.0,sem_silencio_aparente,Manter acompanhamento de rotina.,sklearn_gb_v1,sklearn_v1
PONTES E LACERDA,rubeola_igg,2025,35,0.1436,1,1.2,0.0,0.0,sem_silencio_aparente,Manter acompanhamento de rotina.,sklearn_gb_v1,sklearn_v1
JUARA,influenza_b,2025,26,0.1436,1,1.1666666666666667,0.0,0.0,sem_silencio_aparente,Manter acompanhamento de rotina.,sklearn_gb_v1,sklearn_v1
CAMPO VERDE,fungos,2025,14,0.1436,1,1.2,0.0,0.0,sem_silencio_aparente,Manter acompanhamento de rotina.,sklearn_gb_v1,sklearn_v1
LADARIO,dengue,2025,13,0.1435,11,0.0,0.0,4.0,sem_silencio_aparente,Manter acompanhamento de rotina.,sklearn_gb_v1,sklearn_v1
JUSCIMEIRA,zika,2025,9,0.1432,2,1.4,0.0,0.0,sem_silencio_aparente,Manter acompanhamento de rotina.,sklearn_gb_v1,sklearn_v1
CARLINDA,dengue,2025,15,0.143,1,2.5,0.0,0.0,sem_silencio_aparente,Manter acompanhamento de rotina.,sklearn_gb_v1,sklearn_v1
NOSSA SENHORA DO LIVRAMENTO,sars_cov_2,2025,35,0.1429,1,1.875,0.0,0.0,sem_silencio_aparente,Manter acompanhamento de rotina.,sklearn_gb_v1,sklearn_v1
UBERABA,chikungunya,2025,9,0.1418,7,0.0,0.0,4.0,sem_silencio_aparente,Manter acompanhamento de rotina.,sklearn_gb_v1,sklearn_v1
BARRA DO GARCAS,tuberculose,2025,29,0.1416,1,1.0,3.0,0.0,sem_silencio_aparente,Manter acompanhamento de rotina.,sklearn_gb_v1,sklearn_v1
BARRA DO GARCAS,tuberculose_cultura,2025,29,0.1416,1,1.0,3.0,0.0,sem_silencio_aparente,Manter acompanhamento de rotina.,sklearn_gb_v1,sklearn_v1
JANGADA,chikungunya,2025,34,0.141,3,2.25,0.0,0.0,sem_silencio_aparente,Manter acompanhamento de rotina.,sklearn_gb_v1,sklearn_v1
VARZEA GRANDE,bordetella,2025,19,0.1404,5,0.0,0.0,4.0,sem_silencio_aparente,Manter acompanhamento de rotina.,sklearn_gb_v1,sklearn_v1
JUSCIMEIRA,chikungunya,2025,9,0.1404,2,1.5,0.0,0.0,sem_silencio_aparente,Manter acompanhamento de rotina.,sklearn_gb_v1,sklearn_v1
RONDONOPOLIS,bordetella,2025,15,0.1404,5,0.0,0.0,4.0,sem_silencio_aparente,Manter acompanhamento de rotina.,sklearn_gb_v1,sklearn_v1
CAMPO VERDE,influenza_b,2025,30,0.1402,1,1.375,0.0,0.0,sem_silencio_aparente,Manter acompanhamento de rotina.,sklearn_gb_v1,sklearn_v1
PONTES E LACERDA,tuberculose_lf_lam,2025,42,0.1402,1,1.5,0.0,0.0,sem_silencio_aparente,Manter acompanhamento de rotina.,sklearn_gb_v1,sklearn_v1
COLIDER,hepatite_b_hbv,2025,34,0.1402,1,1.5,0.0,0.0,sem_silencio_aparente,Manter acompanhamento de rotina.,sklearn_gb_v1,sklearn_v1
CAMPINAPOLIS,sars_cov_2,2025,35,0.14,1,3.0,0.0,0.0,sem_silencio_aparente,Manter acompanhamento de rotina.,sklearn_gb_v1,sklearn_v1
PLANALTO DA SERRA,chikungunya,2025,28,0.1399,2,2.5,0.0,0.0,sem_silencio_aparente,Manter acompanhamento de rotina.,sklearn_gb_v1,sklearn_v1
CAMPO VERDE,virus_respiratorios,2025,30,0.1396,1,1.5,0.0,0.0,sem_silencio_aparente,Manter acompanhamento de rotina.,sklearn_gb_v1,sklearn_v1
NOVA MUTUM,tuberculose_cultura,2025,25,0.1396,1,1.5,0.0,0.0,sem_silencio_aparente,Manter acompanhamento de rotina.,sklearn_gb_v1,sklearn_v1
ROSARIO OESTE,hepatite_b_hbv,2025,24,0.1396,1,2.0,0.0,0.0,sem_silencio_aparente,Manter acompanhamento de rotina.,sklearn_gb_v1,sklearn_v1
CAMPO NOVO DO PARECIS,toxoplasmose_igm,2025,33,0.1396,1,1.4285714285714286,0.0,0.0,sem_silencio_aparente,Manter acompanhamento de rotina.,sklearn_gb_v1,sklearn_v1
AGUA BOA,influenza_a,2025,22,0.1396,1,1.375,0.0,0.0,sem_silencio_aparente,Manter acompanhamento de rotina.,sklearn_gb_v1,sklearn_v1
CAMPO VERDE,influenza_a,2025,30,0.1396,1,1.375,0.0,0.0,sem_silencio_aparente,Manter acompanhamento de rotina.,sklearn_gb_v1,sklearn_v1
CHAPADA DOS GUIMARAES,dengue,2025,30,0.1396,1,1.875,0.0,0.0,sem_silencio_aparente,Manter acompanhamento de rotina.,sklearn_gb_v1,sklearn_v1
ALTA FLORESTA,influenza_b,2025,28,0.1396,1,1.25,0.0,0.0,sem_silencio_aparente,Manter acompanhamento de rotina.,sklearn_gb_v1,sklearn_v1
ALTA FLORESTA,influenza_a,2025,28,0.1396,1,1.25,0.0,0.0,sem_silencio_aparente,Manter acompanhamento de rotina.,sklearn_gb_v1,sklearn_v1
ALTA FLORESTA,virus_respiratorios,2025,28,0.1396,1,1.25,0.0,0.0,sem_silencio_aparente,Manter acompanhamento de rotina.,sklearn_gb_v1,sklearn_v1
CAMPO VERDE,chagas,2025,31,0.1396,1,1.375,0.0,0.0,sem_silencio_aparente,Manter acompanhamento de rotina.,sklearn_gb_v1,sklearn_v1
JUARA,sars_cov_2,2025,22,0.1396,1,1.25,0.0,0.0,sem_silencio_aparente,Manter acompanhamento de rotina.,sklearn_gb_v1,sklearn_v1
PONTES E LACERDA,sarampo_igg,2025,35,0.1396,1,1.3333333333333333,0.0,0.0,sem_silencio_aparente,Manter acompanhamento de rotina.,sklearn_gb_v1,sklearn_v1
PONTES E LACERDA,sars_cov_2,2025,27,0.1396,1,1.25,0.0,0.0,sem_silencio_aparente,Manter acompanhamento de rotina.,sklearn_gb_v1,sklearn_v1
PONTES E LACERDA,sarampo_igm,2025,35,0.1396,1,1.3333333333333333,0.0,0.0,sem_silencio_aparente,Manter acompanhamento de rotina.,sklearn_gb_v1,sklearn_v1
PONTES E LACERDA,tuberculose,2025,20,0.1396,1,1.5,0.0,0.0,sem_silencio_aparente,Manter acompanhamento de rotina.,sklearn_gb_v1,sklearn_v1
BARRA DO GARCAS,hepatite_b_hbv,2025,33,0.1396,1,1.375,0.0,0.0,sem_silencio_aparente,Manter acompanhamento de rotina.,sklearn_gb_v1,sklearn_v1
CAMPO VERDE,chagas_igg,2025,32,0.1396,1,1.375,0.0,0.0,sem_silencio_aparente,Manter acompanhamento de rotina.,sklearn_gb_v1,sklearn_v1
JUINA,tuberculose_cultura,2025,28,0.1396,1,1.5,0.0,0.0,sem_silencio_aparente,Manter acompanhamento de rotina.,sklearn_gb_v1,sklearn_v1
CHAPADA DOS GUIMARAES,influenza_a,2025,34,0.1396,1,2.0,0.0,0.0,sem_silencio_aparente,Manter acompanhamento de rotina.,sklearn_gb_v1,sklearn_v1
CHAPADA DOS GUIMARAES,influenza_b,2025,34,0.1396,1,2.0,0.0,0.0,sem_silencio_aparente,Manter acompanhamento de rotina.,sklearn_gb_v1,sklearn_v1
NOVA MUTUM,cultura_para_fungos,2025,24,0.1396,1,1.5,0.0,0.0,sem_silencio_aparente,Manter acompanhamento de rotina.,sklearn_gb_v1,sklearn_v1
JUINA,sars_cov_2,2025,21,0.1396,1,1.4285714285714286,0.0,0.0,sem_silencio_aparente,Manter acompanhamento de rotina.,sklearn_gb_v1,sklearn_v1
JUARA,hepatite_c_hcv,2025,23,0.1396,1,1.4285714285714286,0.0,0.0,sem_silencio_aparente,Manter acompanhamento de rotina.,sklearn_gb_v1,sklearn_v1
AGUA BOA,sars_cov_2,2025,17,0.1396,1,1.5,0.0,0.0,sem_silencio_aparente,Manter acompanhamento de rotina.,sklearn_gb_v1,sklearn_v1
AGUA BOA,influenza_b,2025,22,0.1396,1,1.375,0.0,0.0,sem_silencio_aparente,Manter acompanhamento de rotina.,sklearn_gb_v1,sklearn_v1
VILA RICA,hepatite_b_hbv,2025,18,0.1396,1,1.875,0.0,0.0,sem_silencio_aparente,Manter acompanhamento de rotina.,sklearn_gb_v1,sklearn_v1
PONTAL DO ARAGUAIA,chikungunya,2025,13,0.1388,1,5.25,0.0,0.0,sem_silencio_aparente,Manter acompanhamento de rotina.,sklearn_gb_v1,sklearn_v1
SAPEZAL,pesquisa_de_multipatogenos_ist,2026,20,0.1375,2,2.0,0.0,0.0,sem_silencio_aparente,Manter acompanhamento de rotina.,sklearn_gb_v1,sklearn_v1
CAMPO NOVO DO PARECIS,pesquisa_de_multipatogenos_ist,2026,17,0.1375,2,2.0,0.0,0.0,sem_silencio_aparente,Manter acompanhamento de rotina.,sklearn_gb_v1,sklearn_v1
RONDONOPOLIS,sars_cov_2,2026,9,0.1375,2,2.125,0.0,0.0,sem_silencio_aparente,Manter acompanhamento de rotina.,sklearn_gb_v1,sklearn_v1
SINOP,tuberculose_lf_lam,2026,19,0.1375,2,2.0,0.0,0.0,sem_silencio_aparente,Manter acompanhamento de rotina.,sklearn_gb_v1,sklearn_v1
ROSARIO OESTE,dengue,2025,30,0.1374,1,2.375,0.0,0.0,sem_silencio_aparente,Manter acompanhamento de rotina.,sklearn_gb_v1,sklearn_v1
ROSARIO OESTE,zika,2025,30,0.1374,1,2.25,0.0,0.0,sem_silencio_aparente,Manter acompanhamento de rotina.,sklearn_gb_v1,sklearn_v1
CAMPINAPOLIS,zika,2025,33,0.1366,3,4.75,0.0,0.0,sem_silencio_aparente,Manter acompanhamento de rotina.,sklearn_gb_v1,sklearn_v1
JURUENA,dengue,2025,31,0.1366,3,1.75,0.0,0.0,sem_silencio_aparente,Manter acompanhamento de rotina.,sklearn_gb_v1,sklearn_v1
PORTO ALEGRE DO NORTE,hepatite_b_hbv,2025,16,0.1349,3,1.6,0.0,0.0,sem_silencio_aparente,Manter acompanhamento de rotina.,sklearn_gb_v1,sklearn_v1
COTRIGUACU,hepatite_b_hbv,2025,32,0.1346,1,4.125,0.0,0.0,sem_silencio_aparente,Manter acompanhamento de rotina.,sklearn_gb_v1,sklearn_v1
RONDONOPOLIS,tuberculose_lf_lam,2025,19,0.134,2,0.0,7.0,4.0,sem_silencio_aparente,Manter acompanhamento de rotina.,sklearn_gb_v1,sklearn_v1
NOBRES,influenza_b,2025,23,0.1339,2,1.625,0.0,0.0,sem_silencio_aparente,Manter acompanhamento de rotina.,sklearn_gb_v1,sklearn_v1
NOBRES,zika,2025,26,0.1339,2,1.625,0.0,0.0,sem_silencio_aparente,Manter acompanhamento de rotina.,sklearn_gb_v1,sklearn_v1
NOBRES,sars_cov_2,2025,23,0.1339,2,1.75,0.0,0.0,sem_silencio_aparente,Manter acompanhamento de rotina.,sklearn_gb_v1,sklearn_v1
NOBRES,influenza_a,2025,23,0.1339,2,1.625,0.0,0.0,sem_silencio_aparente,Manter acompanhamento de rotina.,sklearn_gb_v1,sklearn_v1
PEIXOTO DE AZEVEDO,zika,2025,34,0.1331,1,7.625,0.0,0.0,sem_silencio_aparente,Manter acompanhamento de rotina.,sklearn_gb_v1,sklearn_v1
PEIXOTO DE AZEVEDO,tuberculose_cultura,2025,31,0.1331,1,3.375,2.0,0.0,sem_silencio_aparente,Manter acompanhamento de rotina.,sklearn_gb_v1,sklearn_v1
PEIXOTO DE AZEVEDO,chikungunya,2025,34,0.1331,1,7.875,0.0,0.0,sem_silencio_aparente,Manter acompanhamento de rotina.,sklearn_gb_v1,sklearn_v1
PEIXOTO DE AZEVEDO,dengue,2025,34,0.1331,1,7.25,0.0,0.0,sem_silencio_aparente,Manter acompanhamento de rotina.,sklearn_gb_v1,sklearn_v1
SANTO ANTONIO DO LEVERGER,chikungunya,2025,29,0.133,1,2.75,0.0,0.0,sem_silencio_aparente,Manter acompanhamento de rotina.,sklearn_gb_v1,sklearn_v1
TABAPORA,hepatite_b_hbv,2025,20,0.1328,1,3.0,0.0,0.0,sem_silencio_aparente,Manter acompanhamento de rotina.,sklearn_gb_v1,sklearn_v1
NOVA MONTE VERDE,zika,2025,35,0.1324,2,1.5,0.0,0.0,sem_silencio_aparente,Manter acompanhamento de rotina.,sklearn_gb_v1,sklearn_v1
NOVA MONTE VERDE,chikungunya,2025,35,0.1324,2,1.5,0.0,0.0,sem_silencio_aparente,Manter acompanhamento de rotina.,sklearn_gb_v1,sklearn_v1
SAO JOSE DO RIO CLARO,influenza_b,2025,20,0.1315,2,1.4,0.0,0.0,sem_silencio_aparente,Manter acompanhamento de rotina.,sklearn_gb_v1,sklearn_v1
CUIABA,coqueluche_deteccao_de_bordetella_pertussis,2025,33,0.1314,5,0.0,0.0,4.0,sem_silencio_aparente,Manter acompanhamento de rotina.,sklearn_gb_v1,sklearn_v1
ITANHANGA,chikungunya,2025,25,0.1313,2,1.25,0.0,0.0,sem_silencio_aparente,Manter acompanhamento de rotina.,sklearn_gb_v1,sklearn_v1
SANTA TEREZINHA,chikungunya,2025,17,0.1301,2,2.0,0.0,0.0,sem_silencio_aparente,Manter acompanhamento de rotina.,sklearn_gb_v1,sklearn_v1
QUERENCIA,influenza_b,2025,34,0.1301,1,3.125,0.0,0.0,sem_silencio_aparente,Manter acompanhamento de rotina.,sklearn_gb_v1,sklearn_v1
QUERENCIA,influenza_a,2025,34,0.1301,1,3.125,0.0,0.0,sem_silencio_aparente,Manter acompanhamento de rotina.,sklearn_gb_v1,sklearn_v1
QUERENCIA,virus_respiratorios,2025,34,0.1301,1,3.0,0.0,0.0,sem_silencio_aparente,Manter acompanhamento de rotina.,sklearn_gb_v1,sklearn_v1
SAO JOSE DO RIO CLARO,influenza_a,2025,20,0.13,2,1.4,0.0,0.0,sem_silencio_aparente,Manter acompanhamento de rotina.,sklearn_gb_v1,sklearn_v1
DIAMANTINO,dengue,2025,32,0.1298,1,1.625,0.0,0.0,sem_silencio_aparente,Manter acompanhamento de rotina.,sklearn_gb_v1,sklearn_v1
DIAMANTINO,zika,2025,32,0.1298,1,1.625,0.0,0.0,sem_silencio_aparente,Manter acompanhamento de rotina.,sklearn_gb_v1,sklearn_v1
TANGARA DA SERRA,toxoplasmose_igg,2025,31,0.1297,1,1.2,0.0,0.0,sem_silencio_aparente,Manter acompanhamento de rotina.,sklearn_gb_v1,sklearn_v1
TANGARA DA SERRA,toxoplasmose_igm,2025,31,0.1297,1,1.2,0.0,0.0,sem_silencio_aparente,Manter acompanhamento de rotina.,sklearn_gb_v1,sklearn_v1
NOVA BANDEIRANTES,dengue,2025,24,0.1297,3,1.5714285714285714,0.0,0.0,sem_silencio_aparente,Manter acompanhamento de rotina.,sklearn_gb_v1,sklearn_v1
CAMPINAPOLIS,influenza_a,2025,35,0.1294,1,3.5,0.0,0.0,sem_silencio_aparente,Manter acompanhamento de rotina.,sklearn_gb_v1,sklearn_v1
CAMPINAPOLIS,influenza_b,2025,35,0.1294,1,3.5,0.0,0.0,sem_silencio_aparente,Manter acompanhamento de rotina.,sklearn_gb_v1,sklearn_v1
VARZEA GRANDE,leptospira,2025,32,0.1294,1,1.0,0.0,0.0,sem_silencio_aparente,Manter acompanhamento de rotina.,sklearn_gb_v1,sklearn_v1
GENERAL CARNEIRO,chikungunya,2025,11,0.1293,2,9.6,0.0,0.0,sem_silencio_aparente,Manter acompanhamento de rotina.,sklearn_gb_v1,sklearn_v1
SORRISO,fungos,2025,28,0.1291,1,1.25,0.0,0.0,sem_silencio_aparente,Manter acompanhamento de rotina.,sklearn_gb_v1,sklearn_v1
SINOP,virus_respiratorios,2025,29,0.1291,1,1.25,0.0,0.0,sem_silencio_aparente,Manter acompanhamento de rotina.,sklearn_gb_v1,sklearn_v1
SINOP,hepatite_c_hcv,2025,34,0.1291,1,1.25,0.0,0.0,sem_silencio_aparente,Manter acompanhamento de rotina.,sklearn_gb_v1,sklearn_v1
SINOP,sarampo_igm,2025,26,0.1291,1,1.25,0.0,0.0,sem_silencio_aparente,Manter acompanhamento de rotina.,sklearn_gb_v1,sklearn_v1
APIACAS,zika,2025,16,0.129,1,10.0,0.0,0.0,sem_silencio_aparente,Manter acompanhamento de rotina.,sklearn_gb_v1,sklearn_v1
APIACAS,chikungunya,2025,16,0.129,1,8.0,0.0,0.0,sem_silencio_aparente,Manter acompanhamento de rotina.,sklearn_gb_v1,sklearn_v1
NOVO MUNDO,dengue,2025,29,0.1287,3,2.625,0.0,0.0,sem_silencio_aparente,Manter acompanhamento de rotina.,sklearn_gb_v1,sklearn_v1
PRIMAVERA DO LESTE,hepatite_c_hcv,2025,21,0.1283,1,1.75,0.0,0.0,sem_silencio_aparente,Manter acompanhamento de rotina.,sklearn_gb_v1,sklearn_v1
SAO JOSE DO RIO CLARO,hepatite_c_hcv,2025,15,0.1283,2,1.25,0.0,0.0,sem_silencio_aparente,Manter acompanhamento de rotina.,sklearn_gb_v1,sklearn_v1
GUARANTA DO NORTE,toxoplasmose_igg,2025,32,0.128,1,1.75,0.0,0.0,sem_silencio_aparente,Manter acompanhamento de rotina.,sklearn_gb_v1,sklearn_v1
CONQUISTA D''OESTE,zika,2025,23,0.128,2,2.75,0.0,0.0,sem_silencio_aparente,Manter acompanhamento de rotina.,sklearn_gb_v1,sklearn_v1
GUARANTA DO NORTE,toxoplasmose_igm,2025,32,0.1275,1,1.625,0.0,0.0,sem_silencio_aparente,Manter acompanhamento de rotina.,sklearn_gb_v1,sklearn_v1
COLIDER,influenza_b,2025,32,0.126,1,2.125,0.0,0.0,sem_silencio_aparente,Manter acompanhamento de rotina.,sklearn_gb_v1,sklearn_v1
AGUA BOA,rifampicina,2025,28,0.126,1,2.0,0.0,0.0,sem_silencio_aparente,Manter acompanhamento de rotina.,sklearn_gb_v1,sklearn_v1
COLIDER,sars_cov_2,2025,32,0.126,1,1.875,0.0,0.0,sem_silencio_aparente,Manter acompanhamento de rotina.,sklearn_gb_v1,sklearn_v1
SAPEZAL,zika,2025,35,0.126,1,2.25,1.0,0.0,sem_silencio_aparente,Manter acompanhamento de rotina.,sklearn_gb_v1,sklearn_v1
COLIDER,influenza_a,2025,32,0.126,1,2.125,0.0,0.0,sem_silencio_aparente,Manter acompanhamento de rotina.,sklearn_gb_v1,sklearn_v1
TANGARA DA SERRA,leptospira,2025,34,0.1255,1,1.375,0.0,0.0,sem_silencio_aparente,Manter acompanhamento de rotina.,sklearn_gb_v1,sklearn_v1
TANGARA DA SERRA,rifampicina,2025,29,0.1255,1,1.4285714285714286,0.0,0.0,sem_silencio_aparente,Manter acompanhamento de rotina.,sklearn_gb_v1,sklearn_v1
NOVO MUNDO,hantavirus,2024,26,0.1249,6,0.0,0.0,4.0,sem_silencio_aparente,Manter acompanhamento de rotina.,sklearn_gb_v1,sklearn_v1
NOVA SANTA HELENA,dengue,2025,24,0.1249,3,9.0,0.0,0.0,sem_silencio_aparente,Manter acompanhamento de rotina.,sklearn_gb_v1,sklearn_v1
NOVA LACERDA,dengue,2025,23,0.1241,3,2.75,0.0,0.0,sem_silencio_aparente,Manter acompanhamento de rotina.,sklearn_gb_v1,sklearn_v1
JUARA,hepatite_b_hbv,2025,31,0.1236,1,2.625,0.0,0.0,sem_silencio_aparente,Manter acompanhamento de rotina.,sklearn_gb_v1,sklearn_v1
COLIDER,tuberculose_cultura,2025,25,0.1231,1,2.625,2.0,0.0,sem_silencio_aparente,Manter acompanhamento de rotina.,sklearn_gb_v1,sklearn_v1
JUARA,tuberculose_cultura,2025,26,0.1231,1,2.8,0.0,0.0,sem_silencio_aparente,Manter acompanhamento de rotina.,sklearn_gb_v1,sklearn_v1
QUERENCIA,dengue,2025,34,0.1226,1,6.125,0.0,0.0,sem_silencio_aparente,Manter acompanhamento de rotina.,sklearn_gb_v1,sklearn_v1
CANARANA,citomegalovirus_igg,2025,33,0.1226,1,6.5,0.0,0.0,sem_silencio_aparente,Manter acompanhamento de rotina.,sklearn_gb_v1,sklearn_v1
ALTA FLORESTA,rifampicina,2025,31,0.1225,1,1.6,1.0,0.0,sem_silencio_aparente,Manter acompanhamento de rotina.,sklearn_gb_v1,sklearn_v1
QUERENCIA,zika,2025,34,0.1221,1,3.625,0.0,0.0,sem_silencio_aparente,Manter acompanhamento de rotina.,sklearn_gb_v1,sklearn_v1
QUERENCIA,chikungunya,2025,34,0.1221,1,4.25,0.0,0.0,sem_silencio_aparente,Manter acompanhamento de rotina.,sklearn_gb_v1,sklearn_v1
CANARANA,citomegalovirus_igm,2025,33,0.1221,1,6.5,0.0,0.0,sem_silencio_aparente,Manter acompanhamento de rotina.,sklearn_gb_v1,sklearn_v1
COLNIZA,sars_cov_2,2025,23,0.1214,2,1.4285714285714286,0.0,0.0,sem_silencio_aparente,Manter acompanhamento de rotina.,sklearn_gb_v1,sklearn_v1
NOVA XAVANTINA,hepatite_b_hbv,2025,32,0.1213,1,1.875,0.0,0.0,sem_silencio_aparente,Manter acompanhamento de rotina.,sklearn_gb_v1,sklearn_v1
CAMPOS DE JULIO,hepatite_c_hcv,2025,32,0.1213,2,1.5,0.0,0.0,sem_silencio_aparente,Manter acompanhamento de rotina.,sklearn_gb_v1,sklearn_v1
SAO JOSE DO RIO CLARO,zika,2025,21,0.1212,2,1.625,1.0,0.0,sem_silencio_aparente,Manter acompanhamento de rotina.,sklearn_gb_v1,sklearn_v1
CHAPADA DOS GUIMARAES,chikungunya,2025,30,0.1205,1,3.875,0.0,0.0,sem_silencio_aparente,Manter acompanhamento de rotina.,sklearn_gb_v1,sklearn_v1
ITAUBA,chikungunya,2025,29,0.1204,2,17.0,0.0,0.0,sem_silencio_aparente,Manter acompanhamento de rotina.,sklearn_gb_v1,sklearn_v1
NOBRES,chikungunya,2025,26,0.1199,2,2.0,0.0,0.0,sem_silencio_aparente,Manter acompanhamento de rotina.,sklearn_gb_v1,sklearn_v1
IPIRANGA DO NORTE,hepatite_b_hbv,2025,33,0.1188,2,1.375,0.0,0.0,sem_silencio_aparente,Manter acompanhamento de rotina.,sklearn_gb_v1,sklearn_v1
VILA RICA,zika,2025,26,0.1186,1,5.625,0.0,0.0,sem_silencio_aparente,Manter acompanhamento de rotina.,sklearn_gb_v1,sklearn_v1
VILA RICA,chikungunya,2025,29,0.1186,1,3.5,0.0,0.0,sem_silencio_aparente,Manter acompanhamento de rotina.,sklearn_gb_v1,sklearn_v1
VARZEA GRANDE,cultura_para_fungos,2025,22,0.1185,1,1.125,0.0,0.0,sem_silencio_aparente,Manter acompanhamento de rotina.,sklearn_gb_v1,sklearn_v1
CAMPO VERDE,hepatite_b_hbv,2025,33,0.1182,1,1.75,0.0,0.0,sem_silencio_aparente,Manter acompanhamento de rotina.,sklearn_gb_v1,sklearn_v1
VARZEA GRANDE,leishmaniose_visceral_humana_teste_rapido,2025,52,0.118,1,1.1428571428571428,0.0,0.0,sem_silencio_aparente,Manter acompanhamento de rotina.,sklearn_gb_v1,sklearn_v1
NOVA GUARITA,zika,2025,34,0.118,2,11.75,0.0,0.0,sem_silencio_aparente,Manter acompanhamento de rotina.,sklearn_gb_v1,sklearn_v1
VARZEA GRANDE,fungos,2025,28,0.118,1,1.125,0.0,0.0,sem_silencio_aparente,Manter acompanhamento de rotina.,sklearn_gb_v1,sklearn_v1
PORTO ESPERIDIAO,dengue,2025,19,0.118,3,1.875,0.0,0.0,sem_silencio_aparente,Manter acompanhamento de rotina.,sklearn_gb_v1,sklearn_v1
NOVA GUARITA,dengue,2025,34,0.118,2,16.25,0.0,0.0,sem_silencio_aparente,Manter acompanhamento de rotina.,sklearn_gb_v1,sklearn_v1
VARZEA GRANDE,chagas,2025,34,0.118,1,1.125,0.0,0.0,sem_silencio_aparente,Manter acompanhamento de rotina.,sklearn_gb_v1,sklearn_v1
AGUA BOA,hepatite_c_hcv,2025,30,0.1177,1,1.625,0.0,0.0,sem_silencio_aparente,Manter acompanhamento de rotina.,sklearn_gb_v1,sklearn_v1
NOVA MUTUM,fungos,2025,24,0.1177,1,1.6666666666666667,0.0,0.0,sem_silencio_aparente,Manter acompanhamento de rotina.,sklearn_gb_v1,sklearn_v1
NOVA MUTUM,hepatite_c_hcv,2025,26,0.1177,1,1.625,0.0,0.0,sem_silencio_aparente,Manter acompanhamento de rotina.,sklearn_gb_v1,sklearn_v1
NOVA MUTUM,leptospira,2025,26,0.1177,1,1.75,1.0,0.0,sem_silencio_aparente,Manter acompanhamento de rotina.,sklearn_gb_v1,sklearn_v1
NOVO SAO JOAQUIM,dengue,2025,10,0.1172,2,2.875,0.0,0.0,sem_silencio_aparente,Manter acompanhamento de rotina.,sklearn_gb_v1,sklearn_v1
ARAPUTANGA,tuberculose_cultura,2025,26,0.1171,3,1.375,0.0,0.0,sem_silencio_aparente,Manter acompanhamento de rotina.,sklearn_gb_v1,sklearn_v1
PONTES E LACERDA,rifampicina,2025,34,0.1158,1,1.5,2.0,0.0,sem_silencio_aparente,Manter acompanhamento de rotina.,sklearn_gb_v1,sklearn_v1
SAO JOSE DO RIO CLARO,hepatite_b_hbv,2025,21,0.1155,3,1.625,0.0,0.0,sem_silencio_aparente,Manter acompanhamento de rotina.,sklearn_gb_v1,sklearn_v1
SAO JOSE DOS QUATRO MARCOS,zika,2025,20,0.1152,1,2.375,0.0,0.0,sem_silencio_aparente,Manter acompanhamento de rotina.,sklearn_gb_v1,sklearn_v1
CACERES,sars_cov_2,2025,28,0.1148,1,2.375,0.0,0.0,sem_silencio_aparente,Manter acompanhamento de rotina.,sklearn_gb_v1,sklearn_v1
CACERES,tuberculose_cultura,2025,28,0.1148,1,2.0,2.0,0.0,sem_silencio_aparente,Manter acompanhamento de rotina.,sklearn_gb_v1,sklearn_v1
BOA VISTA,dengue,2025,26,0.1148,1,3.25,0.0,0.0,sem_silencio_aparente,Manter acompanhamento de rotina.,sklearn_gb_v1,sklearn_v1
MANAUS,chikungunya,2025,34,0.1148,1,3.0,0.0,0.0,sem_silencio_aparente,Manter acompanhamento de rotina.,sklearn_gb_v1,sklearn_v1
BARAO DE MELGACO,chikungunya,2025,17,0.1146,2,3.0,0.0,0.0,sem_silencio_aparente,Manter acompanhamento de rotina.,sklearn_gb_v1,sklearn_v1
VARZEA GRANDE,meningite_bacteriana_biologia_molecular,2026,20,0.1145,3,2.5,0.0,0.0,sem_silencio_aparente,Manter acompanhamento de rotina.,sklearn_gb_v1,sklearn_v1
SANTA CARMEM,chikungunya,2025,26,0.1145,2,2.75,0.0,0.0,sem_silencio_aparente,Manter acompanhamento de rotina.,sklearn_gb_v1,sklearn_v1
SAPEZAL,chikungunya,2025,35,0.1144,1,5.125,0.0,0.0,sem_silencio_aparente,Manter acompanhamento de rotina.,sklearn_gb_v1,sklearn_v1
AGUA BOA,zika,2025,43,0.1139,1,3.75,0.0,0.0,sem_silencio_aparente,Manter acompanhamento de rotina.,sklearn_gb_v1,sklearn_v1
COLIDER,virus_respiratorios,2025,29,0.1139,1,4.5,0.0,0.0,sem_silencio_aparente,Manter acompanhamento de rotina.,sklearn_gb_v1,sklearn_v1
AGUA BOA,chikungunya,2025,43,0.1139,1,4.375,0.0,0.0,sem_silencio_aparente,Manter acompanhamento de rotina.,sklearn_gb_v1,sklearn_v1
SAPEZAL,dengue,2025,35,0.1139,1,3.25,0.0,0.0,sem_silencio_aparente,Manter acompanhamento de rotina.,sklearn_gb_v1,sklearn_v1
COLIDER,chikungunya,2025,34,0.1139,1,6.75,0.0,0.0,sem_silencio_aparente,Manter acompanhamento de rotina.,sklearn_gb_v1,sklearn_v1
AGUA BOA,dengue,2025,43,0.1139,1,5.125,0.0,0.0,sem_silencio_aparente,Manter acompanhamento de rotina.,sklearn_gb_v1,sklearn_v1
COLIDER,zika,2025,34,0.1139,1,7.625,1.0,0.0,sem_silencio_aparente,Manter acompanhamento de rotina.,sklearn_gb_v1,sklearn_v1
JUARA,zika,2025,27,0.1139,1,4.625,0.0,0.0,sem_silencio_aparente,Manter acompanhamento de rotina.,sklearn_gb_v1,sklearn_v1
AGUA BOA,hepatite_b_hbv,2025,32,0.1139,1,3.625,0.0,0.0,sem_silencio_aparente,Manter acompanhamento de rotina.,sklearn_gb_v1,sklearn_v1
ARENAPOLIS,zika,2025,34,0.1129,1,2.75,0.0,0.0,sem_silencio_aparente,Manter acompanhamento de rotina.,sklearn_gb_v1,sklearn_v1
ARENAPOLIS,dengue,2025,34,0.1129,1,2.75,0.0,0.0,sem_silencio_aparente,Manter acompanhamento de rotina.,sklearn_gb_v1,sklearn_v1
JAURU,chikungunya,2025,21,0.1122,2,2.625,0.0,0.0,sem_silencio_aparente,Manter acompanhamento de rotina.,sklearn_gb_v1,sklearn_v1
CUIABA,citomegalovirus_igg,2025,27,0.1115,1,1.5,0.0,0.0,sem_silencio_aparente,Manter acompanhamento de rotina.,sklearn_gb_v1,sklearn_v1
CUIABA,cultura_para_fungos,2025,46,0.1115,1,1.25,0.0,0.0,sem_silencio_aparente,Manter acompanhamento de rotina.,sklearn_gb_v1,sklearn_v1
CUIABA,rubeola_igm,2025,35,0.1115,1,1.25,0.0,0.0,sem_silencio_aparente,Manter acompanhamento de rotina.,sklearn_gb_v1,sklearn_v1
PRIMAVERA DO LESTE,sarampo_igg,2025,44,0.1112,1,1.8571428571428572,0.0,0.0,sem_silencio_aparente,Manter acompanhamento de rotina.,sklearn_gb_v1,sklearn_v1
PRIMAVERA DO LESTE,sarampo_igm,2025,44,0.1112,1,1.8571428571428572,0.0,0.0,sem_silencio_aparente,Manter acompanhamento de rotina.,sklearn_gb_v1,sklearn_v1
JACIARA,dengue,2025,27,0.1111,1,2.5,0.0,0.0,sem_silencio_aparente,Manter acompanhamento de rotina.,sklearn_gb_v1,sklearn_v1
VARZEA GRANDE,hepatite_c_hcv,2025,34,0.111,1,1.375,0.0,0.0,sem_silencio_aparente,Manter acompanhamento de rotina.,sklearn_gb_v1,sklearn_v1
CUIABA,fungos,2025,45,0.111,1,1.5,0.0,0.0,sem_silencio_aparente,Manter acompanhamento de rotina.,sklearn_gb_v1,sklearn_v1
CUIABA,citomegalovirus_igm,2025,27,0.111,1,1.5,0.0,0.0,sem_silencio_aparente,Manter acompanhamento de rotina.,sklearn_gb_v1,sklearn_v1
CUIABA,toxoplasmose_igg,2025,34,0.111,1,1.25,0.0,0.0,sem_silencio_aparente,Manter acompanhamento de rotina.,sklearn_gb_v1,sklearn_v1
CUIABA,toxoplasmose_igm,2025,34,0.111,1,1.25,0.0,0.0,sem_silencio_aparente,Manter acompanhamento de rotina.,sklearn_gb_v1,sklearn_v1
VARZEA GRANDE,sarampo_igg,2025,41,0.111,1,1.375,0.0,0.0,sem_silencio_aparente,Manter acompanhamento de rotina.,sklearn_gb_v1,sklearn_v1
VARZEA GRANDE,sarampo_igm,2025,41,0.111,1,1.375,0.0,0.0,sem_silencio_aparente,Manter acompanhamento de rotina.,sklearn_gb_v1,sklearn_v1
CUIABA,rubeola_igg,2025,35,0.111,1,1.25,0.0,0.0,sem_silencio_aparente,Manter acompanhamento de rotina.,sklearn_gb_v1,sklearn_v1
CUIABA,bacterias_teste_de_sensibilidade,2025,31,0.111,1,1.5,0.0,0.0,sem_silencio_aparente,Manter acompanhamento de rotina.,sklearn_gb_v1,sklearn_v1
VARZEA GRANDE,chagas_igg,2025,34,0.111,1,1.25,0.0,0.0,sem_silencio_aparente,Manter acompanhamento de rotina.,sklearn_gb_v1,sklearn_v1
VARZEA GRANDE,bacterias_teste_de_sensibilidade,2025,27,0.111,1,1.5,0.0,0.0,sem_silencio_aparente,Manter acompanhamento de rotina.,sklearn_gb_v1,sklearn_v1
JACIARA,hepatite_b_hbv,2025,20,0.1106,1,2.75,0.0,0.0,sem_silencio_aparente,Manter acompanhamento de rotina.,sklearn_gb_v1,sklearn_v1
TERRA NOVA DO NORTE,zika,2025,30,0.1101,3,2.875,0.0,0.0,sem_silencio_aparente,Manter acompanhamento de rotina.,sklearn_gb_v1,sklearn_v1
TERRA NOVA DO NORTE,hepatite_b_hbv,2025,32,0.1101,3,3.125,0.0,0.0,sem_silencio_aparente,Manter acompanhamento de rotina.,sklearn_gb_v1,sklearn_v1
ITIQUIRA,chikungunya,2025,13,0.1096,2,1.8571428571428572,0.0,0.0,sem_silencio_aparente,Manter acompanhamento de rotina.,sklearn_gb_v1,sklearn_v1
APIACAS,dengue,2025,16,0.1093,3,25.0,0.0,0.0,sem_silencio_aparente,Manter acompanhamento de rotina.,sklearn_gb_v1,sklearn_v1
CACERES,influenza_a,2026,14,0.1079,1,3.25,0.0,0.0,sem_silencio_aparente,Manter acompanhamento de rotina.,sklearn_gb_v1,sklearn_v1
CACERES,virus_respiratorios,2026,14,0.1079,1,3.125,0.0,0.0,sem_silencio_aparente,Manter acompanhamento de rotina.,sklearn_gb_v1,sklearn_v1
CACERES,influenza_b,2026,14,0.1079,1,3.25,0.0,0.0,sem_silencio_aparente,Manter acompanhamento de rotina.,sklearn_gb_v1,sklearn_v1
JUSCIMEIRA,dengue,2025,9,0.1068,2,2.0,0.0,0.0,sem_silencio_aparente,Manter acompanhamento de rotina.,sklearn_gb_v1,sklearn_v1
PARANAITA,chikungunya,2025,28,0.1068,1,6.625,0.0,0.0,sem_silencio_aparente,Manter acompanhamento de rotina.,sklearn_gb_v1,sklearn_v1
PARANAITA,zika,2025,28,0.1068,1,6.5,0.0,0.0,sem_silencio_aparente,Manter acompanhamento de rotina.,sklearn_gb_v1,sklearn_v1
TANGARA DA SERRA,chagas_igg,2025,12,0.1055,1,1.7142857142857142,0.0,0.0,sem_silencio_aparente,Manter acompanhamento de rotina.,sklearn_gb_v1,sklearn_v1
TANGARA DA SERRA,chagas,2025,12,0.1055,1,1.7142857142857142,0.0,0.0,sem_silencio_aparente,Manter acompanhamento de rotina.,sklearn_gb_v1,sklearn_v1
COLNIZA,hepatite_b_hbv,2025,28,0.1054,4,8.625,0.0,0.0,sem_silencio_aparente,Manter acompanhamento de rotina.,sklearn_gb_v1,sklearn_v1
COLNIZA,dengue,2025,31,0.1054,4,5.875,0.0,0.0,sem_silencio_aparente,Manter acompanhamento de rotina.,sklearn_gb_v1,sklearn_v1
PRIMAVERA DO LESTE,sars_cov_2,2025,51,0.1054,1,2.25,0.0,0.0,sem_silencio_aparente,Manter acompanhamento de rotina.,sklearn_gb_v1,sklearn_v1
PRIMAVERA DO LESTE,influenza_a,2025,51,0.1054,1,2.0,0.0,0.0,sem_silencio_aparente,Manter acompanhamento de rotina.,sklearn_gb_v1,sklearn_v1
PRIMAVERA DO LESTE,influenza_b,2025,51,0.1054,1,2.0,0.0,0.0,sem_silencio_aparente,Manter acompanhamento de rotina.,sklearn_gb_v1,sklearn_v1
MARCELANDIA,virus_respiratorios,2025,20,0.1052,2,2.25,0.0,0.0,sem_silencio_aparente,Manter acompanhamento de rotina.,sklearn_gb_v1,sklearn_v1
RONDONOPOLIS,virus_respiratorios,2025,34,0.1048,1,2.0,0.0,0.0,sem_silencio_aparente,Manter acompanhamento de rotina.,sklearn_gb_v1,sklearn_v1
NOVO SAO JOAQUIM,chikungunya,2025,10,0.1047,2,7.75,0.0,0.0,sem_silencio_aparente,Manter acompanhamento de rotina.,sklearn_gb_v1,sklearn_v1
ARENAPOLIS,chikungunya,2025,34,0.1044,1,3.875,0.0,0.0,sem_silencio_aparente,Manter acompanhamento de rotina.,sklearn_gb_v1,sklearn_v1
MARCELANDIA,dengue,2025,21,0.1042,3,2.75,0.0,0.0,sem_silencio_aparente,Manter acompanhamento de rotina.,sklearn_gb_v1,sklearn_v1
SAO JOSE DOS QUATRO MARCOS,dengue,2025,22,0.1041,1,3.5,0.0,0.0,sem_silencio_aparente,Manter acompanhamento de rotina.,sklearn_gb_v1,sklearn_v1
MATUPA,chikungunya,2025,31,0.1041,1,10.875,0.0,0.0,sem_silencio_aparente,Manter acompanhamento de rotina.,sklearn_gb_v1,sklearn_v1
ALTO GARCAS,chikungunya,2025,31,0.1039,1,21.0,0.0,0.0,sem_silencio_aparente,Manter acompanhamento de rotina.,sklearn_gb_v1,sklearn_v1
ALTO GARCAS,zika,2025,31,0.1035,1,4.5,0.0,0.0,sem_silencio_aparente,Manter acompanhamento de rotina.,sklearn_gb_v1,sklearn_v1
ALTO GARCAS,dengue,2025,31,0.1035,1,10.375,0.0,0.0,sem_silencio_aparente,Manter acompanhamento de rotina.,sklearn_gb_v1,sklearn_v1
TERRA NOVA DO NORTE,chikungunya,2025,30,0.1035,3,3.5,0.0,0.0,sem_silencio_aparente,Manter acompanhamento de rotina.,sklearn_gb_v1,sklearn_v1
SINOP,hiv,2025,32,0.1034,1,1.75,0.0,0.0,sem_silencio_aparente,Manter acompanhamento de rotina.,sklearn_gb_v1,sklearn_v1
SORRISO,sars_cov_2,2025,34,0.103,1,1.75,0.0,0.0,sem_silencio_aparente,Manter acompanhamento de rotina.,sklearn_gb_v1,sklearn_v1
LUCAS DO RIO VERDE,sars_cov_2,2025,21,0.103,1,2.5,0.0,0.0,sem_silencio_aparente,Manter acompanhamento de rotina.,sklearn_gb_v1,sklearn_v1
TAPURAH,dengue,2025,34,0.1024,1,6.0,0.0,0.0,sem_silencio_aparente,Manter acompanhamento de rotina.,sklearn_gb_v1,sklearn_v1
TAPURAH,zika,2025,34,0.1024,1,4.25,0.0,0.0,sem_silencio_aparente,Manter acompanhamento de rotina.,sklearn_gb_v1,sklearn_v1
ARAPUTANGA,dengue,2025,34,0.1024,1,12.625,0.0,0.0,sem_silencio_aparente,Manter acompanhamento de rotina.,sklearn_gb_v1,sklearn_v1
TAPURAH,chikungunya,2025,34,0.1024,1,17.25,0.0,0.0,sem_silencio_aparente,Manter acompanhamento de rotina.,sklearn_gb_v1,sklearn_v1
GUARANTA DO NORTE,dengue,2025,35,0.1022,1,15.25,0.0,0.0,sem_silencio_aparente,Manter acompanhamento de rotina.,sklearn_gb_v1,sklearn_v1
SAO JOSE DO RIO CLARO,dengue,2025,21,0.1017,2,2.0,0.0,0.0,sem_silencio_aparente,Manter acompanhamento de rotina.,sklearn_gb_v1,sklearn_v1
BOA VISTA,chikungunya,2025,26,0.1017,2,3.25,0.0,0.0,sem_silencio_aparente,Manter acompanhamento de rotina.,sklearn_gb_v1,sklearn_v1
NOVA OLIMPIA,pesquisa_de_multipatogenos_ist,2026,20,0.1017,2,2.8,0.0,0.0,sem_silencio_aparente,Manter acompanhamento de rotina.,sklearn_gb_v1,sklearn_v1
MIRASSOL D''OESTE,dengue,2025,34,0.1017,2,3.0,0.0,0.0,sem_silencio_aparente,Manter acompanhamento de rotina.,sklearn_gb_v1,sklearn_v1
COLNIZA,zika,2025,31,0.1015,5,6.5,0.0,0.0,sem_silencio_aparente,Manter acompanhamento de rotina.,sklearn_gb_v1,sklearn_v1
SALVADOR,chikungunya,2025,9,0.101,4,2.25,0.0,0.0,sem_silencio_aparente,Manter acompanhamento de rotina.,sklearn_gb_v1,sklearn_v1
NOVA BRASILANDIA,chikungunya,2025,23,0.1006,2,3.75,0.0,0.0,sem_silencio_aparente,Manter acompanhamento de rotina.,sklearn_gb_v1,sklearn_v1
QUERENCIA,tuberculose_cultura,2025,24,0.1006,2,1.3333333333333333,0.0,0.0,sem_silencio_aparente,Manter acompanhamento de rotina.,sklearn_gb_v1,sklearn_v1
CLAUDIA,zika,2025,21,0.0991,2,1.625,0.0,0.0,sem_silencio_aparente,Manter acompanhamento de rotina.,sklearn_gb_v1,sklearn_v1
GUIRATINGA,chikungunya,2025,22,0.0991,2,2.857142857142857,0.0,0.0,sem_silencio_aparente,Manter acompanhamento de rotina.,sklearn_gb_v1,sklearn_v1
MIRASSOL D''OESTE,zika,2025,34,0.099,4,2.375,0.0,0.0,sem_silencio_aparente,Manter acompanhamento de rotina.,sklearn_gb_v1,sklearn_v1
TABAPORA,dengue,2025,23,0.0985,3,16.375,0.0,0.0,sem_silencio_aparente,Manter acompanhamento de rotina.,sklearn_gb_v1,sklearn_v1
SINOP,baciloscopia,2025,30,0.0984,1,1.25,2.0,0.0,sem_silencio_aparente,Manter acompanhamento de rotina.,sklearn_gb_v1,sklearn_v1
PORTO ESPERIDIAO,zika,2026,14,0.098,4,2.0,0.0,0.0,sem_silencio_aparente,Manter acompanhamento de rotina.,sklearn_gb_v1,sklearn_v1
TERRA NOVA DO NORTE,hepatite_a,2025,30,0.0979,2,2.0,0.0,0.0,sem_silencio_aparente,Manter acompanhamento de rotina.,sklearn_gb_v1,sklearn_v1
NOSSA SENHORA DO LIVRAMENTO,zika,2025,28,0.0978,2,3.125,0.0,0.0,sem_silencio_aparente,Manter acompanhamento de rotina.,sklearn_gb_v1,sklearn_v1
BARRA DO BUGRES,tuberculose_cultura,2025,13,0.0975,3,1.4285714285714286,1.0,0.0,sem_silencio_aparente,Manter acompanhamento de rotina.,sklearn_gb_v1,sklearn_v1
TANGARA DA SERRA,tuberculose_cultura,2025,31,0.0972,1,1.75,1.0,0.0,sem_silencio_aparente,Manter acompanhamento de rotina.,sklearn_gb_v1,sklearn_v1
VILA BELA DA SANTISSIMA TRINDADE,zika,2026,14,0.0969,6,2.125,0.0,0.0,sem_silencio_aparente,Manter acompanhamento de rotina.,sklearn_gb_v1,sklearn_v1
JUINA,zika,2025,34,0.0965,1,2.25,0.0,0.0,sem_silencio_aparente,Manter acompanhamento de rotina.,sklearn_gb_v1,sklearn_v1
BARRA DO GARCAS,zika,2025,33,0.0965,1,2.375,0.0,0.0,sem_silencio_aparente,Manter acompanhamento de rotina.,sklearn_gb_v1,sklearn_v1
CAMPO NOVO DO PARECIS,leptospira,2025,33,0.0965,1,2.125,0.0,0.0,sem_silencio_aparente,Manter acompanhamento de rotina.,sklearn_gb_v1,sklearn_v1
NOVA MARINGA,chikungunya,2025,25,0.0965,4,2.5,0.0,0.0,sem_silencio_aparente,Manter acompanhamento de rotina.,sklearn_gb_v1,sklearn_v1
DENISE,dengue,2025,28,0.0956,2,2.375,0.0,0.0,sem_silencio_aparente,Manter acompanhamento de rotina.,sklearn_gb_v1,sklearn_v1
BRASNORTE,tuberculose_cultura,2025,19,0.0949,3,1.6,0.0,0.0,sem_silencio_aparente,Manter acompanhamento de rotina.,sklearn_gb_v1,sklearn_v1
PORTO ESPERIDIAO,chikungunya,2026,14,0.0944,4,2.375,0.0,0.0,sem_silencio_aparente,Manter acompanhamento de rotina.,sklearn_gb_v1,sklearn_v1
TABAPORA,zika,2025,23,0.0944,2,10.5,0.0,0.0,sem_silencio_aparente,Manter acompanhamento de rotina.,sklearn_gb_v1,sklearn_v1
TABAPORA,chikungunya,2025,27,0.0944,2,12.75,0.0,0.0,sem_silencio_aparente,Manter acompanhamento de rotina.,sklearn_gb_v1,sklearn_v1
NOVA XAVANTINA,hepatite_c_hcv,2025,29,0.0943,2,1.375,0.0,0.0,sem_silencio_aparente,Manter acompanhamento de rotina.,sklearn_gb_v1,sklearn_v1
ALTA FLORESTA,leptospira,2025,24,0.0942,1,2.6,0.0,0.0,sem_silencio_aparente,Manter acompanhamento de rotina.,sklearn_gb_v1,sklearn_v1
RIO DE JANEIRO,chikungunya,2025,11,0.0942,2,3.375,0.0,0.0,sem_silencio_aparente,Manter acompanhamento de rotina.,sklearn_gb_v1,sklearn_v1
COLIDER,meningite_bacteriana_biologia_molecular,2024,26,0.094,6,0.0,1.0,4.0,sem_silencio_aparente,Manter acompanhamento de rotina.,sklearn_gb_v1,sklearn_v1
DIAMANTINO,meningite_bacteriana_biologia_molecular,2025,4,0.094,6,0.0,1.0,4.0,sem_silencio_aparente,Manter acompanhamento de rotina.,sklearn_gb_v1,sklearn_v1
DENISE,chikungunya,2025,28,0.0923,3,2.875,0.0,0.0,sem_silencio_aparente,Manter acompanhamento de rotina.,sklearn_gb_v1,sklearn_v1
POXOREO,zika,2025,22,0.0923,5,2.5,0.0,0.0,sem_silencio_aparente,Manter acompanhamento de rotina.,sklearn_gb_v1,sklearn_v1
NOVA LACERDA,chikungunya,2025,23,0.0922,6,2.375,0.0,0.0,sem_silencio_aparente,Manter acompanhamento de rotina.,sklearn_gb_v1,sklearn_v1
NOSSA SENHORA DO LIVRAMENTO,chikungunya,2025,28,0.0915,3,3.5,0.0,0.0,sem_silencio_aparente,Manter acompanhamento de rotina.,sklearn_gb_v1,sklearn_v1
PARANAITA,dengue,2025,28,0.0908,3,15.5,0.0,0.0,sem_silencio_aparente,Manter acompanhamento de rotina.,sklearn_gb_v1,sklearn_v1
NOVA MARILANDIA,chikungunya,2025,29,0.0906,2,2.5,0.0,0.0,sem_silencio_aparente,Manter acompanhamento de rotina.,sklearn_gb_v1,sklearn_v1
ROSARIO OESTE,chikungunya,2025,30,0.0905,3,7.5,0.0,0.0,sem_silencio_aparente,Manter acompanhamento de rotina.,sklearn_gb_v1,sklearn_v1
CAMPO VERDE,sarampo_igg,2025,46,0.0903,2,1.5,0.0,0.0,sem_silencio_aparente,Manter acompanhamento de rotina.,sklearn_gb_v1,sklearn_v1
CAMPO VERDE,sarampo_igm,2025,46,0.0903,2,1.5,0.0,0.0,sem_silencio_aparente,Manter acompanhamento de rotina.,sklearn_gb_v1,sklearn_v1
SANTO ANTONIO DO LEVERGER,dengue,2025,29,0.09,3,2.875,0.0,0.0,sem_silencio_aparente,Manter acompanhamento de rotina.,sklearn_gb_v1,sklearn_v1
CAMPO VERDE,sars_cov_2,2025,5,0.0899,2,1.5,0.0,0.0,sem_silencio_aparente,Manter acompanhamento de rotina.,sklearn_gb_v1,sklearn_v1
JUINA,rifampicina,2025,20,0.0899,2,1.4,0.0,0.0,sem_silencio_aparente,Manter acompanhamento de rotina.,sklearn_gb_v1,sklearn_v1
JUINA,cultura_para_fungos,2024,29,0.0899,2,1.4,0.0,0.0,sem_silencio_aparente,Manter acompanhamento de rotina.,sklearn_gb_v1,sklearn_v1
PONTAL DO ARAGUAIA,dengue,2025,13,0.0898,3,4.0,0.0,0.0,sem_silencio_aparente,Manter acompanhamento de rotina.,sklearn_gb_v1,sklearn_v1
BARRA DO GARCAS,virus_respiratorios,2025,10,0.0895,2,1.1428571428571428,0.0,0.0,sem_silencio_aparente,Manter acompanhamento de rotina.,sklearn_gb_v1,sklearn_v1
BRASNORTE,dengue,2025,32,0.0894,6,2.125,0.0,0.0,sem_silencio_aparente,Manter acompanhamento de rotina.,sklearn_gb_v1,sklearn_v1
LUCAS DO RIO VERDE,virus_respiratorios,2025,35,0.0893,1,5.25,0.0,0.0,sem_silencio_aparente,Manter acompanhamento de rotina.,sklearn_gb_v1,sklearn_v1
LUCAS DO RIO VERDE,influenza_a,2025,35,0.089,1,4.75,0.0,0.0,sem_silencio_aparente,Manter acompanhamento de rotina.,sklearn_gb_v1,sklearn_v1
LUCAS DO RIO VERDE,dengue,2025,34,0.089,1,9.5,0.0,0.0,sem_silencio_aparente,Manter acompanhamento de rotina.,sklearn_gb_v1,sklearn_v1
NOVA MARILANDIA,zika,2025,31,0.089,2,2.5,0.0,0.0,sem_silencio_aparente,Manter acompanhamento de rotina.,sklearn_gb_v1,sklearn_v1
LUCAS DO RIO VERDE,influenza_b,2025,35,0.089,1,4.75,0.0,0.0,sem_silencio_aparente,Manter acompanhamento de rotina.,sklearn_gb_v1,sklearn_v1
CUIABA,sifilis,2025,34,0.0886,1,1.625,0.0,0.0,sem_silencio_aparente,Manter acompanhamento de rotina.,sklearn_gb_v1,sklearn_v1
CLAUDIA,dengue,2025,21,0.0884,2,2.0,0.0,0.0,sem_silencio_aparente,Manter acompanhamento de rotina.,sklearn_gb_v1,sklearn_v1
SAPEZAL,influenza_b,2025,11,0.0884,2,1.4285714285714286,0.0,0.0,sem_silencio_aparente,Manter acompanhamento de rotina.,sklearn_gb_v1,sklearn_v1
SAPEZAL,influenza_a,2025,11,0.0884,2,1.4285714285714286,0.0,0.0,sem_silencio_aparente,Manter acompanhamento de rotina.,sklearn_gb_v1,sklearn_v1
JACIARA,leishmaniose_visceral_humana_teste_rapido,2025,13,0.0884,2,1.4,0.0,0.0,sem_silencio_aparente,Manter acompanhamento de rotina.,sklearn_gb_v1,sklearn_v1
RONDONOPOLIS,chikungunya,2025,33,0.0884,1,13.125,0.0,0.0,sem_silencio_aparente,Manter acompanhamento de rotina.,sklearn_gb_v1,sklearn_v1
JACIARA,hiv,2025,2,0.0882,6,0.0,0.0,4.0,sem_silencio_aparente,Manter acompanhamento de rotina.,sklearn_gb_v1,sklearn_v1
VARZEA GRANDE,rubeola_igm,2025,34,0.0882,1,1.625,0.0,0.0,sem_silencio_aparente,Manter acompanhamento de rotina.,sklearn_gb_v1,sklearn_v1
VARZEA GRANDE,rubeola_igg,2025,34,0.0882,1,1.625,0.0,0.0,sem_silencio_aparente,Manter acompanhamento de rotina.,sklearn_gb_v1,sklearn_v1
RONDONOPOLIS,tuberculose_cultura,2025,31,0.088,1,2.75,6.0,0.0,sem_silencio_aparente,Manter acompanhamento de rotina.,sklearn_gb_v1,sklearn_v1
GUARANTA DO NORTE,zika,2025,35,0.0879,1,6.25,6.0,0.0,sem_silencio_aparente,Manter acompanhamento de rotina.,sklearn_gb_v1,sklearn_v1
CACERES,bacterias_teste_de_sensibilidade,2025,33,0.0878,2,1.75,0.0,0.0,sem_silencio_aparente,Manter acompanhamento de rotina.,sklearn_gb_v1,sklearn_v1
BARRA DO GARCAS,chikungunya,2025,32,0.0873,1,3.375,0.0,0.0,sem_silencio_aparente,Manter acompanhamento de rotina.,sklearn_gb_v1,sklearn_v1
JUINA,dengue,2025,34,0.0873,1,3.25,0.0,0.0,sem_silencio_aparente,Manter acompanhamento de rotina.,sklearn_gb_v1,sklearn_v1
BARRA DO GARCAS,dengue,2025,32,0.087,1,3.375,0.0,0.0,sem_silencio_aparente,Manter acompanhamento de rotina.,sklearn_gb_v1,sklearn_v1
NOVA MUTUM,zika,2025,32,0.087,1,3.0,0.0,0.0,sem_silencio_aparente,Manter acompanhamento de rotina.,sklearn_gb_v1,sklearn_v1
TANGARA DA SERRA,virus_respiratorios,2025,33,0.0866,1,2.25,0.0,0.0,sem_silencio_aparente,Manter acompanhamento de rotina.,sklearn_gb_v1,sklearn_v1
LAMBARI D''OESTE,zika,2025,20,0.0865,1,5.0,0.0,0.0,sem_silencio_aparente,Manter acompanhamento de rotina.,sklearn_gb_v1,sklearn_v1
CUIABA,mayaro_biologia_molecular,2025,24,0.0858,2,1.1428571428571428,0.0,0.0,sem_silencio_aparente,Manter acompanhamento de rotina.,sklearn_gb_v1,sklearn_v1
CUIABA,oropouche_biologia_molecular,2025,24,0.0858,2,1.125,0.0,0.0,sem_silencio_aparente,Manter acompanhamento de rotina.,sklearn_gb_v1,sklearn_v1
ALTA FLORESTA,hepatite_b_hbv,2025,30,0.0853,2,1.375,0.0,0.0,sem_silencio_aparente,Manter acompanhamento de rotina.,sklearn_gb_v1,sklearn_v1
CUIABA,chagas_igg,2025,34,0.0851,2,1.375,0.0,0.0,sem_silencio_aparente,Manter acompanhamento de rotina.,sklearn_gb_v1,sklearn_v1
CUIABA,chagas,2025,34,0.0851,2,1.375,0.0,0.0,sem_silencio_aparente,Manter acompanhamento de rotina.,sklearn_gb_v1,sklearn_v1
FELIZ NATAL,chikungunya,2025,28,0.0845,2,4.0,0.0,0.0,sem_silencio_aparente,Manter acompanhamento de rotina.,sklearn_gb_v1,sklearn_v1
TANGARA DA SERRA,influenza_b,2025,33,0.0842,1,2.75,0.0,0.0,sem_silencio_aparente,Manter acompanhamento de rotina.,sklearn_gb_v1,sklearn_v1
CANARANA,hepatite_a,2025,33,0.0842,2,2.3333333333333335,0.0,0.0,sem_silencio_aparente,Manter acompanhamento de rotina.,sklearn_gb_v1,sklearn_v1
TANGARA DA SERRA,influenza_a,2025,33,0.0842,1,2.75,0.0,0.0,sem_silencio_aparente,Manter acompanhamento de rotina.,sklearn_gb_v1,sklearn_v1
SORRISO,influenza_b,2025,34,0.0842,1,2.0,0.0,0.0,sem_silencio_aparente,Manter acompanhamento de rotina.,sklearn_gb_v1,sklearn_v1
SORRISO,influenza_a,2025,34,0.0842,1,2.0,0.0,0.0,sem_silencio_aparente,Manter acompanhamento de rotina.,sklearn_gb_v1,sklearn_v1
PONTES E LACERDA,dengue,2025,35,0.084,1,10.75,0.0,0.0,sem_silencio_aparente,Manter acompanhamento de rotina.,sklearn_gb_v1,sklearn_v1
NOVA MUTUM,chikungunya,2025,32,0.0837,1,6.375,0.0,0.0,sem_silencio_aparente,Manter acompanhamento de rotina.,sklearn_gb_v1,sklearn_v1
ALTA FLORESTA,chikungunya,2025,30,0.0837,1,9.875,0.0,0.0,sem_silencio_aparente,Manter acompanhamento de rotina.,sklearn_gb_v1,sklearn_v1
JUINA,chikungunya,2025,34,0.0837,1,3.5,0.0,0.0,sem_silencio_aparente,Manter acompanhamento de rotina.,sklearn_gb_v1,sklearn_v1
PONTES E LACERDA,tuberculose_cultura,2025,33,0.0837,1,5.0,2.0,0.0,sem_silencio_aparente,Manter acompanhamento de rotina.,sklearn_gb_v1,sklearn_v1
PONTES E LACERDA,hiv,2025,20,0.083,6,0.0,0.0,4.0,sem_silencio_aparente,Manter acompanhamento de rotina.,sklearn_gb_v1,sklearn_v1
CACERES,pesquisa_de_multipatogenos_ist,2026,21,0.0821,2,3.0,0.0,0.0,sem_silencio_aparente,Manter acompanhamento de rotina.,sklearn_gb_v1,sklearn_v1
CAMPINAPOLIS,chikungunya,2025,33,0.0818,5,9.5,0.0,0.0,sem_silencio_aparente,Manter acompanhamento de rotina.,sklearn_gb_v1,sklearn_v1
ITAUBA,zika,2025,30,0.0815,4,12.875,0.0,0.0,sem_silencio_aparente,Manter acompanhamento de rotina.,sklearn_gb_v1,sklearn_v1
RONDONOPOLIS,influenza_a,2026,9,0.0812,2,2.75,0.0,0.0,sem_silencio_aparente,Manter acompanhamento de rotina.,sklearn_gb_v1,sklearn_v1
RONDONOPOLIS,influenza_b,2026,9,0.0812,2,2.75,0.0,0.0,sem_silencio_aparente,Manter acompanhamento de rotina.,sklearn_gb_v1,sklearn_v1
SINOP,hanseniase_biologia_molecular,2025,27,0.0808,2,1.125,0.0,0.0,sem_silencio_aparente,Manter acompanhamento de rotina.,sklearn_gb_v1,sklearn_v1
ARIPUANA,zika,2025,22,0.0807,2,2.5,0.0,0.0,sem_silencio_aparente,Manter acompanhamento de rotina.,sklearn_gb_v1,sklearn_v1
QUERENCIA,hepatite_b_hbv,2025,33,0.0806,3,2.375,0.0,0.0,sem_silencio_aparente,Manter acompanhamento de rotina.,sklearn_gb_v1,sklearn_v1
CHAPADA DOS GUIMARAES,zika,2025,31,0.0803,2,2.375,0.0,0.0,sem_silencio_aparente,Manter acompanhamento de rotina.,sklearn_gb_v1,sklearn_v1
SORRISO,hepatite_c_hcv,2025,28,0.0799,2,1.25,0.0,0.0,sem_silencio_aparente,Manter acompanhamento de rotina.,sklearn_gb_v1,sklearn_v1
NOSSA SENHORA DO LIVRAMENTO,dengue,2025,28,0.0799,4,4.375,0.0,0.0,sem_silencio_aparente,Manter acompanhamento de rotina.,sklearn_gb_v1,sklearn_v1
NOVA MUTUM,influenza_a,2026,19,0.0795,1,3.0,0.0,0.0,sem_silencio_aparente,Manter acompanhamento de rotina.,sklearn_gb_v1,sklearn_v1
NOVA MUTUM,influenza_b,2026,19,0.0795,1,3.0,0.0,0.0,sem_silencio_aparente,Manter acompanhamento de rotina.,sklearn_gb_v1,sklearn_v1
NOVA MUTUM,sars_cov_2,2026,19,0.0795,1,3.0,0.0,0.0,sem_silencio_aparente,Manter acompanhamento de rotina.,sklearn_gb_v1,sklearn_v1
CAMPO NOVO DO PARECIS,meningite_bacteriana_biologia_molecular,2026,18,0.0795,1,3.25,0.0,0.0,sem_silencio_aparente,Manter acompanhamento de rotina.,sklearn_gb_v1,sklearn_v1
POCONE,zika,2025,28,0.0793,3,2.125,0.0,0.0,sem_silencio_aparente,Manter acompanhamento de rotina.,sklearn_gb_v1,sklearn_v1
CAMPINAPOLIS,dengue,2025,33,0.0787,5,5.875,0.0,0.0,sem_silencio_aparente,Manter acompanhamento de rotina.,sklearn_gb_v1,sklearn_v1
CANARANA,zika,2025,34,0.0787,3,2.625,0.0,0.0,sem_silencio_aparente,Manter acompanhamento de rotina.,sklearn_gb_v1,sklearn_v1
SORRISO,rifampicina,2025,33,0.0787,1,1.375,4.0,0.0,sem_silencio_aparente,Manter acompanhamento de rotina.,sklearn_gb_v1,sklearn_v1
NOVA UBIRATA,zika,2025,35,0.0785,6,11.0,0.0,0.0,sem_silencio_aparente,Manter acompanhamento de rotina.,sklearn_gb_v1,sklearn_v1
ARIPUANA,dengue,2025,22,0.0782,3,2.75,0.0,0.0,sem_silencio_aparente,Manter acompanhamento de rotina.,sklearn_gb_v1,sklearn_v1
PARANATINGA,dengue,2025,25,0.0779,3,2.125,0.0,0.0,sem_silencio_aparente,Manter acompanhamento de rotina.,sklearn_gb_v1,sklearn_v1
CUIABA,hepatite_b_hbv,2026,17,0.0778,1,5.625,0.0,0.0,sem_silencio_aparente,Manter acompanhamento de rotina.,sklearn_gb_v1,sklearn_v1
COMODORO,chikungunya,2025,30,0.0775,3,13.125,0.0,0.0,sem_silencio_aparente,Manter acompanhamento de rotina.,sklearn_gb_v1,sklearn_v1
COMODORO,zika,2025,30,0.0775,3,5.125,0.0,0.0,sem_silencio_aparente,Manter acompanhamento de rotina.,sklearn_gb_v1,sklearn_v1
BARRA DO GARCAS,influenza_b,2025,19,0.0774,2,1.875,0.0,0.0,sem_silencio_aparente,Manter acompanhamento de rotina.,sklearn_gb_v1,sklearn_v1
BARRA DO GARCAS,influenza_a,2025,19,0.0774,2,1.875,0.0,0.0,sem_silencio_aparente,Manter acompanhamento de rotina.,sklearn_gb_v1,sklearn_v1
BARRA DO GARCAS,rifampicina,2025,35,0.0774,2,2.0,2.0,0.0,sem_silencio_aparente,Manter acompanhamento de rotina.,sklearn_gb_v1,sklearn_v1
BARRA DO GARCAS,sars_cov_2,2025,19,0.0774,2,2.3333333333333335,0.0,0.0,sem_silencio_aparente,Manter acompanhamento de rotina.,sklearn_gb_v1,sklearn_v1
CAMPOS DE JULIO,zika,2025,29,0.0773,2,5.125,0.0,0.0,sem_silencio_aparente,Manter acompanhamento de rotina.,sklearn_gb_v1,sklearn_v1
PONTAL DO ARAGUAIA,zika,2025,13,0.0773,2,5.5,0.0,0.0,sem_silencio_aparente,Manter acompanhamento de rotina.,sklearn_gb_v1,sklearn_v1
IPIRANGA DO NORTE,zika,2025,34,0.0773,2,3.375,0.0,0.0,sem_silencio_aparente,Manter acompanhamento de rotina.,sklearn_gb_v1,sklearn_v1
CUIABA,rifampicina,2026,20,0.0769,2,3.125,0.0,0.0,sem_silencio_aparente,Manter acompanhamento de rotina.,sklearn_gb_v1,sklearn_v1
CAMPINAPOLIS,tuberculose_teste_de_sensibilidade,2025,22,0.0762,2,3.2,0.0,0.0,sem_silencio_aparente,Manter acompanhamento de rotina.,sklearn_gb_v1,sklearn_v1
CASTANHEIRA,hepatite_b_hbv,2025,33,0.076,6,5.5,0.0,0.0,sem_silencio_aparente,Manter acompanhamento de rotina.,sklearn_gb_v1,sklearn_v1
ARIPUANA,chikungunya,2025,22,0.0756,2,3.25,0.0,0.0,sem_silencio_aparente,Manter acompanhamento de rotina.,sklearn_gb_v1,sklearn_v1
NOVA UBIRATA,chikungunya,2025,35,0.0755,6,16.375,0.0,0.0,sem_silencio_aparente,Manter acompanhamento de rotina.,sklearn_gb_v1,sklearn_v1
CONQUISTA D''OESTE,chikungunya,2025,23,0.0755,2,4.5,0.0,0.0,sem_silencio_aparente,Manter acompanhamento de rotina.,sklearn_gb_v1,sklearn_v1
TANGARA DA SERRA,meningite_bacteriana_biologia_molecular,2025,33,0.0754,1,3.0,0.0,0.0,sem_silencio_aparente,Manter acompanhamento de rotina.,sklearn_gb_v1,sklearn_v1
CANARANA,dengue,2025,34,0.0748,2,3.125,0.0,0.0,sem_silencio_aparente,Manter acompanhamento de rotina.,sklearn_gb_v1,sklearn_v1
LUCAS DO RIO VERDE,chikungunya,2026,13,0.0747,2,3.375,0.0,0.0,sem_silencio_aparente,Manter acompanhamento de rotina.,sklearn_gb_v1,sklearn_v1
SORRISO,virus_respiratorios,2025,24,0.0746,3,2.25,0.0,0.0,sem_silencio_aparente,Manter acompanhamento de rotina.,sklearn_gb_v1,sklearn_v1
CAMPOS DE JULIO,chikungunya,2025,29,0.0744,2,7.25,0.0,0.0,sem_silencio_aparente,Manter acompanhamento de rotina.,sklearn_gb_v1,sklearn_v1
IPIRANGA DO NORTE,chikungunya,2025,34,0.0744,2,4.875,0.0,0.0,sem_silencio_aparente,Manter acompanhamento de rotina.,sklearn_gb_v1,sklearn_v1
VARZEA GRANDE,mayaro_biologia_molecular,2025,30,0.0739,2,1.3333333333333333,0.0,0.0,sem_silencio_aparente,Manter acompanhamento de rotina.,sklearn_gb_v1,sklearn_v1
VARZEA GRANDE,oropouche_biologia_molecular,2025,30,0.0739,2,1.3333333333333333,0.0,0.0,sem_silencio_aparente,Manter acompanhamento de rotina.,sklearn_gb_v1,sklearn_v1
POCONE,dengue,2025,28,0.0728,2,2.875,0.0,0.0,sem_silencio_aparente,Manter acompanhamento de rotina.,sklearn_gb_v1,sklearn_v1
ARAPUTANGA,zika,2025,34,0.0726,2,3.25,0.0,0.0,sem_silencio_aparente,Manter acompanhamento de rotina.,sklearn_gb_v1,sklearn_v1
NOVA GUARITA,chikungunya,2025,34,0.0725,6,15.875,0.0,0.0,sem_silencio_aparente,Manter acompanhamento de rotina.,sklearn_gb_v1,sklearn_v1
ITAUBA,dengue,2025,27,0.0725,6,20.875,0.0,0.0,sem_silencio_aparente,Manter acompanhamento de rotina.,sklearn_gb_v1,sklearn_v1
VARZEA GRANDE,citomegalovirus_igg,2025,33,0.0722,1,2.125,0.0,0.0,sem_silencio_aparente,Manter acompanhamento de rotina.,sklearn_gb_v1,sklearn_v1
SINOP,tuberculose_cultura,2025,29,0.0722,1,2.125,7.0,0.0,sem_silencio_aparente,Manter acompanhamento de rotina.,sklearn_gb_v1,sklearn_v1
VARZEA GRANDE,citomegalovirus_igm,2025,33,0.0719,1,2.125,0.0,0.0,sem_silencio_aparente,Manter acompanhamento de rotina.,sklearn_gb_v1,sklearn_v1
CLAUDIA,chikungunya,2025,21,0.0707,6,2.75,0.0,0.0,sem_silencio_aparente,Manter acompanhamento de rotina.,sklearn_gb_v1,sklearn_v1
VARZEA GRANDE,toxoplasmose_igg,2025,35,0.0702,1,2.625,0.0,0.0,sem_silencio_aparente,Manter acompanhamento de rotina.,sklearn_gb_v1,sklearn_v1
VARZEA GRANDE,toxoplasmose_igm,2025,35,0.0702,1,2.625,0.0,0.0,sem_silencio_aparente,Manter acompanhamento de rotina.,sklearn_gb_v1,sklearn_v1
NOVA BRASILANDIA,zika,2025,19,0.0701,6,3.6,0.0,0.0,sem_silencio_aparente,Manter acompanhamento de rotina.,sklearn_gb_v1,sklearn_v1
JUINA,virus_respiratorios,2025,23,0.0694,3,1.6666666666666667,0.0,0.0,sem_silencio_aparente,Manter acompanhamento de rotina.,sklearn_gb_v1,sklearn_v1
TANGARA DA SERRA,sars_cov_2,2025,21,0.0694,2,1.7142857142857142,0.0,0.0,sem_silencio_aparente,Manter acompanhamento de rotina.,sklearn_gb_v1,sklearn_v1
PEDRA PRETA,chikungunya,2025,28,0.0691,2,7.625,0.0,0.0,sem_silencio_aparente,Manter acompanhamento de rotina.,sklearn_gb_v1,sklearn_v1
POXOREO,chikungunya,2025,22,0.0691,9,2.857142857142857,0.0,0.0,sem_silencio_aparente,Manter acompanhamento de rotina.,sklearn_gb_v1,sklearn_v1
CARLINDA,chikungunya,2025,15,0.0687,4,2.75,0.0,0.0,sem_silencio_aparente,Manter acompanhamento de rotina.,sklearn_gb_v1,sklearn_v1
CUIABA,sarampo_igg,2025,46,0.0685,2,1.625,0.0,0.0,sem_silencio_aparente,Manter acompanhamento de rotina.,sklearn_gb_v1,sklearn_v1
ARAPUTANGA,chikungunya,2025,34,0.0685,2,15.875,0.0,0.0,sem_silencio_aparente,Manter acompanhamento de rotina.,sklearn_gb_v1,sklearn_v1
CUIABA,sarampo_igm,2025,46,0.0682,2,1.625,0.0,0.0,sem_silencio_aparente,Manter acompanhamento de rotina.,sklearn_gb_v1,sklearn_v1
ITIQUIRA,zika,2025,13,0.0681,4,2.25,0.0,0.0,sem_silencio_aparente,Manter acompanhamento de rotina.,sklearn_gb_v1,sklearn_v1
MATUPA,dengue,2025,31,0.068,3,15.75,0.0,0.0,sem_silencio_aparente,Manter acompanhamento de rotina.,sklearn_gb_v1,sklearn_v1
JACIARA,influenza_b,2025,22,0.0672,2,1.8,0.0,0.0,sem_silencio_aparente,Manter acompanhamento de rotina.,sklearn_gb_v1,sklearn_v1
JACIARA,sars_cov_2,2025,22,0.0672,2,1.8,0.0,0.0,sem_silencio_aparente,Manter acompanhamento de rotina.,sklearn_gb_v1,sklearn_v1
JACIARA,influenza_a,2025,22,0.0672,2,1.8,0.0,0.0,sem_silencio_aparente,Manter acompanhamento de rotina.,sklearn_gb_v1,sklearn_v1
SAO JOSE DO RIO CLARO,chikungunya,2025,21,0.0668,4,2.375,0.0,0.0,sem_silencio_aparente,Manter acompanhamento de rotina.,sklearn_gb_v1,sklearn_v1
MATUPA,hepatite_b_hbv,2025,24,0.066,3,4.75,0.0,0.0,sem_silencio_aparente,Manter acompanhamento de rotina.,sklearn_gb_v1,sklearn_v1
MATUPA,zika,2025,31,0.066,3,11.125,0.0,0.0,sem_silencio_aparente,Manter acompanhamento de rotina.,sklearn_gb_v1,sklearn_v1
CANARANA,chikungunya,2025,34,0.0659,3,4.25,0.0,0.0,sem_silencio_aparente,Manter acompanhamento de rotina.,sklearn_gb_v1,sklearn_v1
VARZEA GRANDE,tuberculose,2025,34,0.0657,1,1.625,8.0,0.0,sem_silencio_aparente,Manter acompanhamento de rotina.,sklearn_gb_v1,sklearn_v1
SORRISO,chagas_igg,2025,34,0.0652,3,6.5,0.0,0.0,sem_silencio_aparente,Manter acompanhamento de rotina.,sklearn_gb_v1,sklearn_v1
SORRISO,chagas,2025,34,0.0652,3,6.5,0.0,0.0,sem_silencio_aparente,Manter acompanhamento de rotina.,sklearn_gb_v1,sklearn_v1
NOVA XAVANTINA,dengue,2025,27,0.0647,3,3.25,0.0,0.0,sem_silencio_aparente,Manter acompanhamento de rotina.,sklearn_gb_v1,sklearn_v1
SINOP,influenza_a,2025,51,0.0644,2,1.75,0.0,0.0,sem_silencio_aparente,Manter acompanhamento de rotina.,sklearn_gb_v1,sklearn_v1
SINOP,influenza_b,2025,51,0.0644,2,1.75,0.0,0.0,sem_silencio_aparente,Manter acompanhamento de rotina.,sklearn_gb_v1,sklearn_v1
SORRISO,hepatite_b_hbv,2025,32,0.0643,3,5.375,0.0,0.0,sem_silencio_aparente,Manter acompanhamento de rotina.,sklearn_gb_v1,sklearn_v1
PARANAITA,virus_respiratorios,2025,28,0.064,5,3.25,0.0,0.0,sem_silencio_aparente,Manter acompanhamento de rotina.,sklearn_gb_v1,sklearn_v1
PARANAITA,influenza_b,2025,28,0.064,5,3.25,0.0,0.0,sem_silencio_aparente,Manter acompanhamento de rotina.,sklearn_gb_v1,sklearn_v1
FELIZ NATAL,dengue,2025,24,0.0637,5,2.875,0.0,0.0,sem_silencio_aparente,Manter acompanhamento de rotina.,sklearn_gb_v1,sklearn_v1
PARANATINGA,rifampicina,2025,24,0.0636,4,2.0,2.0,0.0,sem_silencio_aparente,Manter acompanhamento de rotina.,sklearn_gb_v1,sklearn_v1
PONTES E LACERDA,virus_respiratorios,2025,34,0.0635,2,2.125,0.0,0.0,sem_silencio_aparente,Manter acompanhamento de rotina.,sklearn_gb_v1,sklearn_v1
CAMPO NOVO DO PARECIS,hepatite_a,2025,32,0.0635,2,2.0,0.0,0.0,sem_silencio_aparente,Manter acompanhamento de rotina.,sklearn_gb_v1,sklearn_v1
DIAMANTINO,chikungunya,2025,32,0.0635,3,2.875,0.0,0.0,sem_silencio_aparente,Manter acompanhamento de rotina.,sklearn_gb_v1,sklearn_v1
CAMPO NOVO DO PARECIS,sars_cov_2,2026,16,0.0635,1,5.125,0.0,0.0,sem_silencio_aparente,Manter acompanhamento de rotina.,sklearn_gb_v1,sklearn_v1
PONTES E LACERDA,influenza_a,2025,34,0.0635,2,2.25,0.0,0.0,sem_silencio_aparente,Manter acompanhamento de rotina.,sklearn_gb_v1,sklearn_v1
CAMPO NOVO DO PARECIS,influenza_a,2026,16,0.0635,1,4.875,0.0,0.0,sem_silencio_aparente,Manter acompanhamento de rotina.,sklearn_gb_v1,sklearn_v1
VARZEA GRANDE,sars_cov_2,2026,19,0.0635,1,4.75,0.0,0.0,sem_silencio_aparente,Manter acompanhamento de rotina.,sklearn_gb_v1,sklearn_v1
VARZEA GRANDE,zika,2026,18,0.0635,1,23.0,0.0,0.0,sem_silencio_aparente,Manter acompanhamento de rotina.,sklearn_gb_v1,sklearn_v1
CUIABA,virus_respiratorios,2026,10,0.0635,1,5.875,0.0,0.0,sem_silencio_aparente,Manter acompanhamento de rotina.,sklearn_gb_v1,sklearn_v1
CAMPO NOVO DO PARECIS,influenza_b,2026,16,0.0635,1,4.875,0.0,0.0,sem_silencio_aparente,Manter acompanhamento de rotina.,sklearn_gb_v1,sklearn_v1
VARZEA GRANDE,chikungunya,2026,18,0.0635,1,24.875,0.0,0.0,sem_silencio_aparente,Manter acompanhamento de rotina.,sklearn_gb_v1,sklearn_v1
PONTES E LACERDA,influenza_b,2025,34,0.0635,2,2.25,0.0,0.0,sem_silencio_aparente,Manter acompanhamento de rotina.,sklearn_gb_v1,sklearn_v1
NOVA MUTUM,virus_respiratorios,2025,29,0.0635,2,2.25,0.0,0.0,sem_silencio_aparente,Manter acompanhamento de rotina.,sklearn_gb_v1,sklearn_v1
DIAMANTINO,hepatite_b_hbv,2025,32,0.0634,2,2.0,0.0,0.0,sem_silencio_aparente,Manter acompanhamento de rotina.,sklearn_gb_v1,sklearn_v1
MATUPA,hepatite_a,2025,28,0.0634,2,2.2857142857142856,0.0,0.0,sem_silencio_aparente,Manter acompanhamento de rotina.,sklearn_gb_v1,sklearn_v1
BRASNORTE,zika,2025,34,0.0634,2,2.125,0.0,0.0,sem_silencio_aparente,Manter acompanhamento de rotina.,sklearn_gb_v1,sklearn_v1
PARANAITA,influenza_a,2025,28,0.0626,5,3.25,0.0,0.0,sem_silencio_aparente,Manter acompanhamento de rotina.,sklearn_gb_v1,sklearn_v1
JACIARA,chikungunya,2025,27,0.0623,2,2.5,0.0,0.0,sem_silencio_aparente,Manter acompanhamento de rotina.,sklearn_gb_v1,sklearn_v1
JACIARA,zika,2025,27,0.0623,2,2.7142857142857144,0.0,0.0,sem_silencio_aparente,Manter acompanhamento de rotina.,sklearn_gb_v1,sklearn_v1
JUINA,influenza_b,2025,23,0.0616,3,1.875,0.0,0.0,sem_silencio_aparente,Manter acompanhamento de rotina.,sklearn_gb_v1,sklearn_v1
JUINA,influenza_a,2025,23,0.0616,3,1.875,0.0,0.0,sem_silencio_aparente,Manter acompanhamento de rotina.,sklearn_gb_v1,sklearn_v1
CUIABA,tuberculose,2025,35,0.0615,1,2.0,20.0,0.0,sem_silencio_aparente,Manter acompanhamento de rotina.,sklearn_gb_v1,sklearn_v1
PRIMAVERA DO LESTE,meningite_bacteriana_biologia_molecular,2025,33,0.0612,3,2.3333333333333335,0.0,0.0,sem_silencio_aparente,Manter acompanhamento de rotina.,sklearn_gb_v1,sklearn_v1
GUARANTA DO NORTE,hepatite_a,2025,28,0.0612,2,2.4,0.0,0.0,sem_silencio_aparente,Manter acompanhamento de rotina.,sklearn_gb_v1,sklearn_v1
AGUA BOA,meningite_bacteriana_biologia_molecular,2025,24,0.0608,3,2.5,0.0,0.0,sem_silencio_aparente,Manter acompanhamento de rotina.,sklearn_gb_v1,sklearn_v1
CUIABA,dengue,2025,52,0.0603,1,9.0,0.0,0.0,sem_silencio_aparente,Manter acompanhamento de rotina.,sklearn_gb_v1,sklearn_v1
CUIABA,hepatite_c_hcv,2025,34,0.0603,1,4.25,0.0,0.0,sem_silencio_aparente,Manter acompanhamento de rotina.,sklearn_gb_v1,sklearn_v1
TERRA NOVA DO NORTE,dengue,2025,30,0.06,4,4.75,0.0,0.0,sem_silencio_aparente,Manter acompanhamento de rotina.,sklearn_gb_v1,sklearn_v1
LUCAS DO RIO VERDE,zika,2026,13,0.0596,2,4.875,0.0,0.0,sem_silencio_aparente,Manter acompanhamento de rotina.,sklearn_gb_v1,sklearn_v1
VARZEA GRANDE,sifilis,2025,10,0.0593,2,1.6666666666666667,0.0,0.0,sem_silencio_aparente,Manter acompanhamento de rotina.,sklearn_gb_v1,sklearn_v1
LAMBARI D''OESTE,dengue,2025,27,0.0582,3,4.25,0.0,0.0,sem_silencio_aparente,Manter acompanhamento de rotina.,sklearn_gb_v1,sklearn_v1
MARCELANDIA,chikungunya,2025,21,0.0578,5,4.0,0.0,0.0,sem_silencio_aparente,Manter acompanhamento de rotina.,sklearn_gb_v1,sklearn_v1
MARCELANDIA,zika,2025,30,0.0578,4,4.375,0.0,0.0,sem_silencio_aparente,Manter acompanhamento de rotina.,sklearn_gb_v1,sklearn_v1
MARCELANDIA,hepatite_b_hbv,2025,33,0.0578,5,4.8,0.0,0.0,sem_silencio_aparente,Manter acompanhamento de rotina.,sklearn_gb_v1,sklearn_v1
ARAPUTANGA,bordetella,2025,29,0.0576,10,0.0,0.0,4.0,sem_silencio_aparente,Manter acompanhamento de rotina.,sklearn_gb_v1,sklearn_v1
VERA,sars_cov_2,2025,24,0.0576,11,0.0,0.0,4.0,sem_silencio_aparente,Manter acompanhamento de rotina.,sklearn_gb_v1,sklearn_v1
CAMPO VERDE,zika,2025,51,0.0564,2,5.875,0.0,0.0,sem_silencio_aparente,Manter acompanhamento de rotina.,sklearn_gb_v1,sklearn_v1
CAMPO VERDE,dengue,2025,51,0.0564,2,11.125,0.0,0.0,sem_silencio_aparente,Manter acompanhamento de rotina.,sklearn_gb_v1,sklearn_v1
CAMPO VERDE,chikungunya,2025,51,0.0564,2,4.875,0.0,0.0,sem_silencio_aparente,Manter acompanhamento de rotina.,sklearn_gb_v1,sklearn_v1
SAO JOSE DOS QUATRO MARCOS,chikungunya,2025,22,0.0563,2,3.5,0.0,0.0,sem_silencio_aparente,Manter acompanhamento de rotina.,sklearn_gb_v1,sklearn_v1
CUIABA,varicela_zoster_biologia_molecular,2025,35,0.0559,2,1.875,0.0,0.0,sem_silencio_aparente,Manter acompanhamento de rotina.,sklearn_gb_v1,sklearn_v1
CUIABA,hepatite_a,2025,32,0.0559,2,2.0,0.0,0.0,sem_silencio_aparente,Manter acompanhamento de rotina.,sklearn_gb_v1,sklearn_v1
JUARA,dengue,2025,27,0.0557,2,7.75,0.0,0.0,sem_silencio_aparente,Manter acompanhamento de rotina.,sklearn_gb_v1,sklearn_v1
PONTES E LACERDA,chikungunya,2025,35,0.0556,2,6.625,0.0,0.0,sem_silencio_aparente,Manter acompanhamento de rotina.,sklearn_gb_v1,sklearn_v1
NOVA MUTUM,hepatite_b_hbv,2025,34,0.0556,2,5.125,0.0,0.0,sem_silencio_aparente,Manter acompanhamento de rotina.,sklearn_gb_v1,sklearn_v1
JUINA,hanseniase_biologia_molecular,2025,28,0.0554,3,3.25,0.0,0.0,sem_silencio_aparente,Manter acompanhamento de rotina.,sklearn_gb_v1,sklearn_v1
CUIABA,pesquisa_de_genes_de_resistencia,2025,24,0.0551,2,2.25,0.0,0.0,sem_silencio_aparente,Manter acompanhamento de rotina.,sklearn_gb_v1,sklearn_v1
JUINA,rotavirus,2024,35,0.0549,8,0.0,0.0,4.0,sem_silencio_aparente,Manter acompanhamento de rotina.,sklearn_gb_v1,sklearn_v1
BARRA DO GARCAS,bordetella,2025,6,0.0549,10,0.0,0.0,4.0,sem_silencio_aparente,Manter acompanhamento de rotina.,sklearn_gb_v1,sklearn_v1
AGUA BOA,hepatite_a,2025,20,0.0547,2,4.0,0.0,0.0,sem_silencio_aparente,Manter acompanhamento de rotina.,sklearn_gb_v1,sklearn_v1
CUIABA,variola,2025,35,0.0545,2,2.75,0.0,0.0,sem_silencio_aparente,Manter acompanhamento de rotina.,sklearn_gb_v1,sklearn_v1
NOVA MUTUM,dengue,2025,32,0.0544,3,4.875,0.0,0.0,sem_silencio_aparente,Manter acompanhamento de rotina.,sklearn_gb_v1,sklearn_v1
GUARANTA DO NORTE,chikungunya,2025,35,0.0544,3,13.75,0.0,0.0,sem_silencio_aparente,Manter acompanhamento de rotina.,sklearn_gb_v1,sklearn_v1
COLIDER,dengue,2025,34,0.0544,3,9.25,0.0,0.0,sem_silencio_aparente,Manter acompanhamento de rotina.,sklearn_gb_v1,sklearn_v1
ALTA FLORESTA,dengue,2025,30,0.0544,3,13.25,0.0,0.0,sem_silencio_aparente,Manter acompanhamento de rotina.,sklearn_gb_v1,sklearn_v1
GENERAL CARNEIRO,zika,2025,8,0.0543,10,6.5,0.0,0.0,sem_silencio_aparente,Manter acompanhamento de rotina.,sklearn_gb_v1,sklearn_v1
CANARANA,meningite_bacteriana_biologia_molecular,2025,16,0.0537,6,3.25,1.0,0.0,sem_silencio_aparente,Manter acompanhamento de rotina.,sklearn_gb_v1,sklearn_v1
JUARA,chikungunya,2025,27,0.0536,3,7.375,0.0,0.0,sem_silencio_aparente,Manter acompanhamento de rotina.,sklearn_gb_v1,sklearn_v1
NOVA MUTUM,hiv,2025,8,0.0536,3,3.75,0.0,0.0,sem_silencio_aparente,Manter acompanhamento de rotina.,sklearn_gb_v1,sklearn_v1
SINOP,sars_cov_2,2025,51,0.0527,2,2.0,0.0,0.0,sem_silencio_aparente,Manter acompanhamento de rotina.,sklearn_gb_v1,sklearn_v1
PONTES E LACERDA,zika,2025,35,0.0521,2,10.625,2.0,0.0,sem_silencio_aparente,Manter acompanhamento de rotina.,sklearn_gb_v1,sklearn_v1
RONDONOPOLIS,dengue,2025,33,0.0511,3,2.5,0.0,0.0,sem_silencio_aparente,Manter acompanhamento de rotina.,sklearn_gb_v1,sklearn_v1
TANGARA DA SERRA,hantavirus,2025,34,0.051,2,3.142857142857143,2.0,0.0,sem_silencio_aparente,Manter acompanhamento de rotina.,sklearn_gb_v1,sklearn_v1
FELIZ NATAL,zika,2025,24,0.0499,10,2.75,0.0,0.0,sem_silencio_aparente,Manter acompanhamento de rotina.,sklearn_gb_v1,sklearn_v1
RONDONOPOLIS,hepatite_c_hcv,2025,33,0.0498,2,2.125,0.0,0.0,sem_silencio_aparente,Manter acompanhamento de rotina.,sklearn_gb_v1,sklearn_v1
PRIMAVERA DO LESTE,sarampo_biologia_molecular,2025,44,0.0496,2,3.4,0.0,0.0,sem_silencio_aparente,Manter acompanhamento de rotina.,sklearn_gb_v1,sklearn_v1
CHAPADA DOS GUIMARAES,bordetella,2025,22,0.0494,5,7.5,0.0,0.0,sem_silencio_aparente,Manter acompanhamento de rotina.,sklearn_gb_v1,sklearn_v1
CUIABA,chikungunya,2026,14,0.0494,2,4.875,0.0,0.0,sem_silencio_aparente,Manter acompanhamento de rotina.,sklearn_gb_v1,sklearn_v1
CUIABA,zika,2026,14,0.0494,2,5.875,0.0,0.0,sem_silencio_aparente,Manter acompanhamento de rotina.,sklearn_gb_v1,sklearn_v1
VARZEA GRANDE,dengue,2026,18,0.0494,2,13.75,0.0,0.0,sem_silencio_aparente,Manter acompanhamento de rotina.,sklearn_gb_v1,sklearn_v1
CUIABA,hiv,2025,46,0.0486,2,3.0,0.0,0.0,sem_silencio_aparente,Manter acompanhamento de rotina.,sklearn_gb_v1,sklearn_v1
CAMPOS DE JULIO,dengue,2025,29,0.048,4,4.125,0.0,0.0,sem_silencio_aparente,Manter acompanhamento de rotina.,sklearn_gb_v1,sklearn_v1
IPIRANGA DO NORTE,dengue,2025,34,0.048,4,5.875,0.0,0.0,sem_silencio_aparente,Manter acompanhamento de rotina.,sklearn_gb_v1,sklearn_v1
VILA BELA DA SANTISSIMA TRINDADE,chikungunya,2026,14,0.0474,6,2.875,0.0,0.0,sem_silencio_aparente,Manter acompanhamento de rotina.,sklearn_gb_v1,sklearn_v1
VILA RICA,dengue,2025,26,0.0474,4,17.125,0.0,0.0,sem_silencio_aparente,Manter acompanhamento de rotina.,sklearn_gb_v1,sklearn_v1
POCONE,chikungunya,2025,28,0.0473,4,3.0,0.0,0.0,sem_silencio_aparente,Manter acompanhamento de rotina.,sklearn_gb_v1,sklearn_v1
JURUENA,hepatite_b_hbv,2025,34,0.0472,6,6.875,0.0,0.0,sem_silencio_aparente,Manter acompanhamento de rotina.,sklearn_gb_v1,sklearn_v1
SINOP,dengue,2025,33,0.0459,3,8.5,0.0,0.0,sem_silencio_aparente,Manter acompanhamento de rotina.,sklearn_gb_v1,sklearn_v1
VARZEA GRANDE,baciloscopia,2025,35,0.0454,2,1.5,10.0,0.0,sem_silencio_aparente,Manter acompanhamento de rotina.,sklearn_gb_v1,sklearn_v1
MIRASSOL D''OESTE,chikungunya,2025,34,0.0437,4,6.625,0.0,0.0,sem_silencio_aparente,Manter acompanhamento de rotina.,sklearn_gb_v1,sklearn_v1
SINOP,chikungunya,2025,33,0.0436,5,11.375,0.0,0.0,sem_silencio_aparente,Manter acompanhamento de rotina.,sklearn_gb_v1,sklearn_v1
SINOP,zika,2025,33,0.0436,5,7.125,3.0,0.0,sem_silencio_aparente,Manter acompanhamento de rotina.,sklearn_gb_v1,sklearn_v1
VARZEA GRANDE,pesquisa_de_multipatogenos_ist,2026,13,0.0434,2,3.5,0.0,0.0,sem_silencio_aparente,Manter acompanhamento de rotina.,sklearn_gb_v1,sklearn_v1
LUCAS DO RIO VERDE,hepatite_b_hbv,2025,34,0.041,4,2.125,0.0,0.0,sem_silencio_aparente,Manter acompanhamento de rotina.,sklearn_gb_v1,sklearn_v1
VARZEA GRANDE,tuberculose_teste_de_sensibilidade,2025,24,0.0401,2,2.5,7.0,0.0,sem_silencio_aparente,Manter acompanhamento de rotina.,sklearn_gb_v1,sklearn_v1
GUARANTA DO NORTE,hiv,2025,23,0.04,4,2.75,0.0,0.0,sem_silencio_aparente,Manter acompanhamento de rotina.,sklearn_gb_v1,sklearn_v1
ALTA FLORESTA,tuberculose_cultura,2025,27,0.0394,4,2.0,1.0,0.0,sem_silencio_aparente,Manter acompanhamento de rotina.,sklearn_gb_v1,sklearn_v1
BRASNORTE,chikungunya,2025,32,0.0391,4,3.625,0.0,0.0,sem_silencio_aparente,Manter acompanhamento de rotina.,sklearn_gb_v1,sklearn_v1
CUIABA,tuberculose_cultura,2025,31,0.0387,2,10.875,11.0,0.0,sem_silencio_aparente,Manter acompanhamento de rotina.,sklearn_gb_v1,sklearn_v1
VARZEA GRANDE,hiv,2025,22,0.0386,2,3.5,0.0,0.0,sem_silencio_aparente,Manter acompanhamento de rotina.,sklearn_gb_v1,sklearn_v1
ALTA FLORESTA,zika,2025,32,0.0358,4,6.5,0.0,0.0,sem_silencio_aparente,Manter acompanhamento de rotina.,sklearn_gb_v1,sklearn_v1
VARZEA GRANDE,influenza,2025,20,0.0357,4,2.8,0.0,0.0,sem_silencio_aparente,Manter acompanhamento de rotina.,sklearn_gb_v1,sklearn_v1
VARZEA GRANDE,varicela_zoster_biologia_molecular,2025,33,0.0356,4,2.75,0.0,0.0,sem_silencio_aparente,Manter acompanhamento de rotina.,sklearn_gb_v1,sklearn_v1
TANGARA DA SERRA,chikungunya,2025,34,0.0355,4,10.375,0.0,0.0,sem_silencio_aparente,Manter acompanhamento de rotina.,sklearn_gb_v1,sklearn_v1
TANGARA DA SERRA,dengue,2025,34,0.0347,6,10.5,0.0,0.0,sem_silencio_aparente,Manter acompanhamento de rotina.,sklearn_gb_v1,sklearn_v1
TANGARA DA SERRA,zika,2025,34,0.0342,6,5.5,0.0,0.0,sem_silencio_aparente,Manter acompanhamento de rotina.,sklearn_gb_v1,sklearn_v1
JUINA,hepatite_b_hbv,2025,34,0.034,6,26.125,0.0,0.0,sem_silencio_aparente,Manter acompanhamento de rotina.,sklearn_gb_v1,sklearn_v1
RONDONOPOLIS,zika,2025,34,0.0334,4,2.75,2.0,0.0,sem_silencio_aparente,Manter acompanhamento de rotina.,sklearn_gb_v1,sklearn_v1
CAMPO NOVO DO PARECIS,zika,2025,35,0.0334,6,21.25,0.0,0.0,sem_silencio_aparente,Manter acompanhamento de rotina.,sklearn_gb_v1,sklearn_v1
CAMPO NOVO DO PARECIS,dengue,2025,35,0.0334,6,21.5,0.0,0.0,sem_silencio_aparente,Manter acompanhamento de rotina.,sklearn_gb_v1,sklearn_v1
SINOP,tuberculose_teste_de_sensibilidade,2025,21,0.0327,4,3.3333333333333335,2.0,0.0,sem_silencio_aparente,Manter acompanhamento de rotina.,sklearn_gb_v1,sklearn_v1
VARZEA GRANDE,pesquisa_de_genes_de_resistencia,2024,33,0.0322,4,3.0,0.0,0.0,sem_silencio_aparente,Manter acompanhamento de rotina.,sklearn_gb_v1,sklearn_v1
VARZEA GRANDE,hepatite_b_hbv,2025,34,0.0307,6,3.25,0.0,0.0,sem_silencio_aparente,Manter acompanhamento de rotina.,sklearn_gb_v1,sklearn_v1
RONDONOPOLIS,hepatite_b_hbv,2025,33,0.03,4,5.25,0.0,0.0,sem_silencio_aparente,Manter acompanhamento de rotina.,sklearn_gb_v1,sklearn_v1
TANGARA DA SERRA,pesquisa_de_multipatogenos_ist,2026,20,0.0263,6,6.75,0.0,0.0,sem_silencio_aparente,Manter acompanhamento de rotina.,sklearn_gb_v1,sklearn_v1
COLNIZA,chikungunya,2025,31,0.0262,11,17.875,0.0,0.0,sem_silencio_aparente,Manter acompanhamento de rotina.,sklearn_gb_v1,sklearn_v1
VARZEA GRANDE,tuberculose_cultura,2025,28,0.0259,4,7.5,8.0,0.0,sem_silencio_aparente,Manter acompanhamento de rotina.,sklearn_gb_v1,sklearn_v1
CUIABA,influenza,2025,20,0.025,4,4.5,0.0,0.0,sem_silencio_aparente,Manter acompanhamento de rotina.,sklearn_gb_v1,sklearn_v1
LAMBARI D''OESTE,chikungunya,2025,27,0.0181,8,6.75,0.0,0.0,sem_silencio_aparente,Manter acompanhamento de rotina.,sklearn_gb_v1,sklearn_v1
ARIPUANA,hepatite_b_hbv,2025,31,0.0167,7,4.625,0.0,0.0,sem_silencio_aparente,Manter acompanhamento de rotina.,sklearn_gb_v1,sklearn_v1
COMODORO,dengue,2025,30,0.0164,9,16.875,0.0,0.0,sem_silencio_aparente,Manter acompanhamento de rotina.,sklearn_gb_v1,sklearn_v1
CANARANA,hepatite_b_hbv,2025,33,0.0164,12,7.5,0.0,0.0,sem_silencio_aparente,Manter acompanhamento de rotina.,sklearn_gb_v1,sklearn_v1
NOVA UBIRATA,dengue,2025,35,0.0163,12,26.125,0.0,0.0,sem_silencio_aparente,Manter acompanhamento de rotina.,sklearn_gb_v1,sklearn_v1
VERA,dengue,2025,29,0.0163,15,48.875,0.0,0.0,sem_silencio_aparente,Manter acompanhamento de rotina.,sklearn_gb_v1,sklearn_v1
JUARA,pesquisa_de_multipatogenos_ist,2025,9,0.0152,8,5.75,0.0,0.0,sem_silencio_aparente,Manter acompanhamento de rotina.,sklearn_gb_v1,sklearn_v1
NOVA SANTA HELENA,zika,2025,22,0.0148,7,8.5,0.0,0.0,sem_silencio_aparente,Manter acompanhamento de rotina.,sklearn_gb_v1,sklearn_v1
NOVA SANTA HELENA,chikungunya,2025,24,0.0148,10,21.5,0.0,0.0,sem_silencio_aparente,Manter acompanhamento de rotina.,sklearn_gb_v1,sklearn_v1
CAMPO NOVO DO PARECIS,chikungunya,2025,35,0.0143,16,48.5,0.0,0.0,sem_silencio_aparente,Manter acompanhamento de rotina.,sklearn_gb_v1,sklearn_v1
CACERES,dengue,2026,14,0.0143,7,5.125,0.0,0.0,sem_silencio_aparente,Manter acompanhamento de rotina.,sklearn_gb_v1,sklearn_v1
SORRISO,zika,2025,35,0.0143,17,35.75,1.0,0.0,sem_silencio_aparente,Manter acompanhamento de rotina.,sklearn_gb_v1,sklearn_v1
SORRISO,chikungunya,2025,35,0.0139,17,57.0,0.0,0.0,sem_silencio_aparente,Manter acompanhamento de rotina.,sklearn_gb_v1,sklearn_v1
PRIMAVERA DO LESTE,dengue,2025,35,0.0139,15,8.5,0.0,0.0,sem_silencio_aparente,Manter acompanhamento de rotina.,sklearn_gb_v1,sklearn_v1
BRASNORTE,hepatite_b_hbv,2025,28,0.0138,13,3.8333333333333335,0.0,0.0,sem_silencio_aparente,Manter acompanhamento de rotina.,sklearn_gb_v1,sklearn_v1
PRIMAVERA DO LESTE,zika,2025,35,0.0132,7,9.375,0.0,0.0,sem_silencio_aparente,Manter acompanhamento de rotina.,sklearn_gb_v1,sklearn_v1
PRIMAVERA DO LESTE,chikungunya,2025,35,0.0132,7,5.625,0.0,0.0,sem_silencio_aparente,Manter acompanhamento de rotina.,sklearn_gb_v1,sklearn_v1
CUIABA,bordetella,2025,21,0.012,10,8.75,0.0,0.0,sem_silencio_aparente,Manter acompanhamento de rotina.,sklearn_gb_v1,sklearn_v1
GUARANTA DO NORTE,hepatite_b_hbv,2025,33,0.0118,18,18.75,0.0,0.0,sem_silencio_aparente,Manter acompanhamento de rotina.,sklearn_gb_v1,sklearn_v1
CUIABA,pesquisa_de_multipatogenos_ist,2026,11,0.0115,14,7.25,0.0,0.0,sem_silencio_aparente,Manter acompanhamento de rotina.,sklearn_gb_v1,sklearn_v1
VERA,chikungunya,2025,29,0.0105,27,77.75,0.0,0.0,sem_silencio_aparente,Manter acompanhamento de rotina.,sklearn_gb_v1,sklearn_v1
SORRISO,dengue,2025,35,0.0092,37,77.125,0.0,0.0,sem_silencio_aparente,Manter acompanhamento de rotina.,sklearn_gb_v1,sklearn_v1
CACERES,zika,2026,14,0.0088,88,27.875,0.0,0.0,sem_silencio_aparente,Manter acompanhamento de rotina.,sklearn_gb_v1,sklearn_v1
CACERES,chikungunya,2026,14,0.0088,88,26.125,0.0,0.0,sem_silencio_aparente,Manter acompanhamento de rotina.,sklearn_gb_v1,sklearn_v1
